t_s,T_K,Sw,Si,e_Pa,Cl_Pa_per_s,Ci_Pa_per_s,qi_proxy
0.0,273.15,-0.05000000000000004,0.0,580.393,0.0,0.0,0.0
1.0,273.14,-0.04930997778404011,0.0007263391746947016,580.393,0.0,0.0,0.0
2.0,273.13,-0.04861940379583501,0.0014532591622789324,580.393,0.0,0.0,0.0
3.0,273.12,-0.047928277555565606,0.0021807604678257993,580.393,0.0,0.0,0.0
4.0,273.11,-0.04723659858295888,0.0029088435968854403,580.393,0.0,0.0,0.0
5.0,273.1,-0.04654436639729513,0.0036375090554787667,580.393,0.0,0.0,0.0
6.0,273.09000000000003,-0.04585158051740013,0.00436675735010517,580.393,0.0,0.0,0.0
7.0,273.08000000000004,-0.0451582404616545,0.005096588987732093,580.393,0.0,0.0,0.0
8.0,273.07000000000005,-0.04446434574798352,0.005827004475806894,580.393,0.0,0.0,0.0
9.0,273.06000000000006,-0.04376989589385884,0.0065580043222539346,580.393,0.0,0.0,0.0
10.0,273.05000000000007,-0.04307489041630581,0.007289589035467652,580.393,0.0,0.0,0.0
11.0,273.0400000000001,-0.04237932883189284,0.008021759124323295,580.393,0.0,0.0,0.0
12.0,273.0300000000001,-0.041683210656733895,0.008754515098174978,580.393,0.0,0.0,0.0
13.0,273.0200000000001,-0.04098653540649217,0.009487857466850337,580.393,0.0,0.0,0.0
14.0,273.0100000000001,-0.04028930259637543,0.010221786740657515,580.393,0.0,0.0,0.0
15.0,273.0000000000001,-0.03959151174113989,0.010956303430379203,580.393,0.0,0.0,0.0
16.0,272.9900000000001,-0.038893162355078656,0.011691408047285667,580.393,0.0,0.0,0.0
17.0,272.98000000000013,-0.03819425395204134,0.012427101103114348,580.393,0.0,0.0,0.0
18.0,272.97000000000014,-0.03749478604540855,0.01316338311009635,580.393,0.0,0.0,0.0
19.0,272.96000000000015,-0.036794758148117335,0.013900254580929163,580.393,0.0,0.0,0.0
20.0,272.95000000000016,-0.036094169772634535,0.014637716028805842,580.393,0.0,0.0,0.0
21.0,272.94000000000017,-0.03539302043098195,0.015375767967387452,580.393,0.0,0.0,0.0
22.0,272.9300000000002,-0.034691309634717574,0.016114410910823638,580.393,0.0,0.0,0.0
23.0,272.9200000000002,-0.03398903689493791,0.016853645373749653,580.393,0.0,0.0,0.0
24.0,272.9100000000002,-0.03328620172228979,0.017593471871274025,580.393,0.0,0.0,0.0
25.0,272.9000000000002,-0.03258280362695118,0.01833389091899883,580.393,0.0,0.0,0.0
26.0,272.8900000000002,-0.03187884211864753,0.019074903033002716,580.393,0.0,0.0,0.0
27.0,272.8800000000002,-0.031174316706641,0.01981650872985163,580.393,0.0,0.0,0.0
28.0,272.87000000000023,-0.03046922689973331,0.020558708526596466,580.393,0.0,0.0,0.0
29.0,272.86000000000024,-0.029763572206266818,0.02130150294077181,580.393,0.0,0.0,0.0
30.0,272.85000000000025,-0.029057352134120418,0.022044892490399686,580.393,0.0,0.0,0.0
31.0,272.84000000000026,-0.02835056619071171,0.022788877693987696,580.393,0.0,0.0,0.0
32.0,272.83000000000027,-0.027643213882997526,0.023533459070528867,580.393,0.0,0.0,0.0
33.0,272.8200000000003,-0.026935294717469443,0.02427863713950597,580.393,0.0,0.0,0.0
34.0,272.8100000000003,-0.02622680820015744,0.02502441242088703,580.393,0.0,0.0,0.0
35.0,272.8000000000003,-0.025517753836625592,0.02577078543513109,580.393,0.0,0.0,0.0
36.0,272.7900000000003,-0.02480813113197482,0.026517756703184348,580.393,0.0,0.0,0.0
37.0,272.7800000000003,-0.024097939590842096,0.027265326746482025,580.393,0.0,0.0,0.0
38.0,272.7700000000003,-0.023387178717400044,0.028013496086947344,580.393,0.0,0.0,0.0
39.0,272.76000000000033,-0.022675848015351857,0.028762265246998167,580.393,0.0,0.0,0.0
40.0,272.75000000000034,-0.02196394698794004,0.029511634749536893,580.393,0.0,0.0,0.0
41.0,272.74000000000035,-0.02125147513793457,0.030261605117963726,580.393,0.0,0.0,0.0
42.0,272.73000000000036,-0.020538431967641102,0.031012176876167374,580.393,0.0,0.0,0.0
43.0,272.72000000000037,-0.019824816978899252,0.03176335054852714,580.393,0.0,0.0,0.0
44.0,272.7100000000004,-0.01911062967308086,0.03251512665991503,580.393,0.0,0.0,0.0
45.0,272.7000000000004,-0.01839586955108336,0.0332675057357018,580.393,0.0,0.0,0.0
46.0,272.6900000000004,-0.01768053611334331,0.034020488301743854,580.393,0.0,0.0,0.0
47.0,272.6800000000004,-0.016964628859821446,0.03477407488439851,580.393,0.0,0.0,0.0
48.0,272.6700000000004,-0.01624814729001416,0.035528266010511476,580.393,0.0,0.0,0.0
49.0,272.6600000000004,-0.015531090902941554,0.03628306220743005,580.393,0.0,0.0,0.0
50.0,272.65000000000043,-0.014813459197155716,0.03703846400299394,580.393,0.0,0.0,0.0
51.0,272.64000000000044,-0.014095251670741086,0.03779447192553568,580.393,0.0,0.0,0.0
52.0,272.63000000000045,-0.01337646782130357,0.038551086503890955,580.393,0.0,0.0,0.0
53.0,272.62000000000046,-0.01265710714598077,0.03930830826738877,580.393,0.0,0.0,0.0
54.0,272.61000000000047,-0.011937169141437578,0.04006613774585519,580.393,0.0,0.0,0.0
55.0,272.6000000000005,-0.011216653303866895,0.04082457546961385,580.393,0.0,0.0,0.0
56.0,272.5900000000005,-0.010495559128980024,0.041583621969494826,580.393,0.0,0.0,0.0
57.0,272.5800000000005,-0.009773886112025586,0.042343277776815194,580.393,0.0,0.0,0.0
58.0,272.5700000000005,-0.009051633747772247,0.043103543423397665,580.393,0.0,0.0,0.0
59.0,272.5600000000005,-0.008328801530509229,0.04386441944156919,580.393,0.0,0.0,0.0
60.0,272.5500000000005,-0.007605388954056079,0.04462590636415157,580.393,0.0,0.0,0.0
61.0,272.54000000000053,-0.006881395511754556,0.04538800472446895,580.393,0.0,0.0,0.0
62.0,272.53000000000054,-0.006156820696470712,0.04615071505634677,580.393,0.0,0.0,0.0
63.0,272.52000000000055,-0.005431664000592344,0.04691403789411347,580.393,0.0,0.0,0.0
64.0,272.51000000000056,-0.0047059249160301105,0.04767797377259991,580.393,0.0,0.0,0.0
65.0,272.50000000000057,-0.003979602934215942,0.04844252322714109,580.393,0.0,0.0,0.0
66.0,272.4900000000006,-0.003252697546103393,0.049207686793575504,580.393,0.0,0.0,0.0
67.0,272.4800000000006,-0.002525208242170719,0.049973465008241305,580.393,0.0,0.0,0.0
68.0,272.4700000000006,-0.0017971345124081824,0.05073985840799141,580.393,0.0,0.0,0.0
69.0,272.4600000000006,-0.001068475846338479,0.05150686753016998,580.393,0.0,0.0,0.0
70.0,272.4500000000006,-0.0003392317329909511,0.05227449291264119,580.393,0.0,0.0,0.0
71.0,272.4400000000006,0.00039059833907815453,0.053042735093766544,580.3476775944938,0.04532240550620372,0.0,0.0
72.0,272.43000000000063,0.0010428381763585711,0.05372930334353547,580.2267619471957,0.12091564729819312,0.0,0.0
73.0,272.42000000000064,0.0015650646904499192,0.05427901546363146,580.0454272641897,0.18133468300600272,0.0,0.0
74.0,272.41000000000065,0.0019832046552660148,0.0547191627950169,579.8158128781857,0.22961438600398199,0.0,0.0
75.0,272.40000000000066,0.0023180146205109787,0.05507159433737999,579.5476302232099,0.2681826549758171,0.0,0.0
76.0,272.39000000000067,0.002586111940126757,0.055353802042238734,579.2486484143571,0.29898180885272724,0.0,0.0
77.0,272.3800000000007,0.0028008001963896662,0.055579789680410205,578.9250827115935,0.3235657027636307,0.0,0.0
78.0,272.3700000000007,0.0029727300206510766,0.055760768442790674,578.5819052907977,0.3431774207957233,0.0,0.0
79.0,272.3600000000007,0.0031104281354068014,0.05590571382674408,578.2230938605948,0.35881143020294537,0.0,0.0
80.0,272.3500000000007,0.0032207208965786688,0.05602181147008296,577.8518305558223,0.371263304772424,0.0,0.0
81.0,272.3400000000007,0.003309073374446179,0.056114814078364474,577.4706610523041,0.38116950351820833,0.0,0.0
82.0,272.3300000000007,0.0033798608162201797,0.056189327174968565,577.0816218586691,0.3890391936349488,0.0,0.0
83.0,272.32000000000073,0.003436585974523994,0.05624903786791998,576.6863421498056,0.395279708863518,0.0,0.0
84.0,272.31000000000074,0.00348205309696849,0.05629689799680896,576.2861252336256,0.4002169161799884,0.0,0.0
85.0,272.30000000000075,0.003518507219374968,0.05633527075723688,575.882013724476,0.4041115091496522,0.0,0.0
86.0,272.29000000000076,0.003547745681635439,0.05636604808593211,575.4748416818674,0.4071720426086586,0.0,0.0
87.0,272.28000000000077,0.0035712074054958243,0.056390744637363995,575.0652763214573,0.4095653604100335,0.0,0.0
88.0,272.2700000000008,0.003590044368899961,0.05641057301989477,574.6538513838362,0.4114249376210183,0.0,0.0
89.0,272.2600000000008,0.003605178827166249,0.056426504028595996,574.2409938295579,0.41285755427838927,0.0,0.0
90.0,272.2500000000008,0.003617349123369918,0.056439314866705254,573.8270451951611,0.41394863439672913,0.0,0.0
91.0,272.2400000000008,0.003627146363366016,0.05644962775091168,573.4122786779893,0.4147665171717336,0.0,0.0
92.0,272.2300000000008,0.003635043777227732,0.05645794081813444,572.9969128040458,0.41536587394352864,0.0,0.0
93.0,272.2200000000008,0.003641420225554911,0.056464652869005205,572.581122362277,0.415790441768786,0.0,0.0
94.0,272.21000000000083,0.003646579018237867,0.05647008317709247,572.1650471519997,0.4160752102772676,0.0,0.0
95.0,272.20000000000084,0.003650762980453801,0.05647448734784617,571.7487989808433,0.41624817115648516,0.0,0.0
96.0,272.19000000000085,0.0036541665142767184,0.05647807001502818,571.3324672631023,0.4163317177409454,0.0,0.0
97.0,272.18000000000086,0.003656945255001819,0.05648099500526513,570.9161234984198,0.41634376468255146,0.0,0.0
98.0,272.17000000000087,0.0036592238018438874,0.05648339347562521,570.4998248547331,0.41629864368671865,0.0,0.0
99.0,272.1600000000009,0.0036611019070216357,0.056485370428443926,570.0836170346307,0.41620782010234053,0.0,0.0
100.0,272.1500000000009,0.0036626594306272044,0.05648700992697598,569.6675365684385,0.416080466192193,0.0,0.0
101.0,272.1400000000009,0.0036639603074361724,0.056488379270985586,569.2516126486871,0.415923919751458,0.0,0.0
102.0,272.1300000000009,0.0036650557226516117,0.05648953233963331,568.8358685976871,0.4157440510000697,0.0,0.0
103.0,272.1200000000009,0.0036659866543689826,0.05649051226775684,568.4203230415889,0.4155455560981636,0.0,0.0
104.0,272.1100000000009,0.0036667859090343353,0.05649135358845725,568.0049908496304,0.41533219195848686,0.0,0.0
105.0,272.10000000000093,0.003667479750988562,0.05649208394840897,567.5898838855354,0.41510696409497994,0.0,0.0
106.0,272.09000000000094,0.003668089207072491,0.05649272548112904,567.1750116086318,0.4148722769035885,0.0,0.0
107.0,272.08000000000095,0.0036686311110549967,0.056493295906373704,566.760381554747,0.4146300538848209,0.0,0.0
108.0,272.07000000000096,0.003669118939803545,0.056493809410319534,566.3459997209233,0.4143818338237679,0.0,0.0
109.0,272.06000000000097,0.003669563482694005,0.056494277350204236,565.9318708731909,0.41412884773237696,0.0,0.0
110.0,272.050000000001,0.003669973377547533,0.05649470881847113,565.5179987927856,0.41387208040525825,0.0,0.0
111.0,272.040000000001,0.003670355539665465,0.05649511109438471,565.1043864731245,0.4136123196611834,0.0,0.0
112.0,272.030000000001,0.0036707155053473015,0.056495490005628875,564.6910362773838,0.4133501957406907,0.0,0.0
113.0,272.020000000001,0.003671057706867948,0.0564958502177557,564.2779500645639,0.4130862128198942,0.0,0.0
114.0,272.010000000001,0.003671385692639615,0.05649619546593658,563.8651292903402,0.41282077422370095,0.0,0.0
115.0,272.000000000001,0.003671702303477186,0.05649652874050236,563.452575087743,0.4125542025971754,0.0,0.0
116.0,271.99000000000103,0.0036720098136921457,0.05649685243546548,563.0402883317028,0.4122867560402256,0.0,0.0
117.0,271.98000000000104,0.00367231004406409,0.05649716846743601,562.6282696906859,0.41201864101690266,0.0,0.0
118.0,271.97000000000105,0.0036726044522853245,0.05649747837082661,562.2165196680029,0.41175002268298616,0.0,0.0
119.0,271.96000000000106,0.003672894205365286,0.05649778337406867,561.8050386348554,0.4114810331475837,0.0,0.0
120.0,271.95000000000107,0.003673180237597819,0.0564980844606293,561.3938268567728,0.41121177808256565,0.0,0.0
121.0,271.9400000000011,0.0036734632969571356,0.05649838241784964,560.982884514764,0.41094234200879787,0.0,0.0
122.0,271.9300000000011,0.003673743982270912,0.0564986778760746,560.5722117222356,0.41067279252838496,0.0,0.0
123.0,271.9200000000011,0.0036740227729512285,0.0564989713399488,560.1618085385284,0.4104031837071943,0.0,0.0
124.0,271.9100000000011,0.0036743000528019847,0.05649926321347591,559.7516749797469,0.4101335587814674,0.0,0.0
125.0,271.9000000000011,0.0036745761291007563,0.056499553820106005,559.3418110274214,0.4098639523255542,0.0,0.0
126.0,271.8900000000011,0.003674851247846572,0.05649984341878602,558.9322166354385,0.40959439198288694,0.0,0.0
127.0,271.88000000000113,0.0036751256059854034,0.056500132216826794,558.5228917355857,0.40932489985279974,0.0,0.0
128.0,271.87000000000114,0.0036753993611874044,0.0565004203801973,558.1138362419869,0.4090554935988394,0.0,0.0
129.0,271.86000000000115,0.003675672639685242,0.056500708041774095,557.7050500546502,0.4087861873366137,0.0,0.0
130.0,271.85000000000116,0.0036759455425371787,0.05650099530793392,557.2965330623075,0.4085169923427202,0.0,0.0
131.0,271.84000000000117,0.003676218150651004,0.05650128226384315,556.8882851446846,0.4082479176229754,0.0,0.0
132.0,271.8300000000012,0.003676490528803505,0.05650156897768804,556.4803061743179,0.40797897036670755,0.0,0.0
133.0,271.8200000000012,0.0036767627288503764,0.05650185550405313,556.0725960180085,0.4077101563093038,0.0,0.0
134.0,271.8100000000012,0.0036770347923100024,0.056502141886642154,555.6651545379848,0.4074414800237946,0.0,0.0
135.0,271.8000000000012,0.003677306752423535,0.05650242816044595,555.2579815928316,0.4071729451531837,0.0,0.0
136.0,271.7900000000012,0.0036775786358032533,0.05650271435347708,554.8510770382354,0.4069045545962126,0.0,0.0
137.0,271.7800000000012,0.003677850463754885,0.056503000488163084,554.4444407275791,0.40663631065626765,0.0,0.0
138.0,271.77000000000123,0.0036781222533374446,0.05650328658246061,554.0380725124185,0.4063682151606372,0.0,0.0
139.0,271.76000000000124,0.003678394018203457,0.056503572650740644,553.6319722428634,0.4061002695550087,0.0,0.0
140.0,271.75000000000125,0.003678665769295434,0.05650385870452145,553.2261397678817,0.40583247498168473,0.0,0.0
141.0,271.74000000000126,0.003678937515363793,0.056504144753014574,552.820574935544,0.40556483233779095,0.0,0.0
142.0,271.73000000000127,0.003679209263420962,0.05650443080360103,552.4152775932178,0.4052973423261847,0.0,0.0
143.0,271.7200000000013,0.0036794810190790526,0.056504716862188546,552.0102475877244,0.40503000549333595,0.0,0.0
144.0,271.7100000000013,0.0036797527868307764,0.05650500293350624,551.6054847654636,0.4047628222607955,0.0,0.0
145.0,271.7000000000013,0.003680024570280328,0.05650528902134782,551.2009889725126,0.40449579295102467,0.0,0.0
146.0,271.6900000000013,0.003680296372307947,0.056505575128745274,550.7967600547067,0.4042289178058354,0.0,0.0
147.0,271.6800000000013,0.003680568195219941,0.056505861258126205,550.3927978577036,0.4039621970031476,0.0,0.0
148.0,271.6700000000013,0.0036808400408674434,0.05650614741143949,549.9891022270334,0.403695630670245,0.0,0.0
149.0,271.66000000000133,0.003681111910729981,0.056506433590242225,549.5856730081402,0.4034292188931204,0.0,0.0
150.0,271.65000000000134,0.003681383805998837,0.0565067197957884,549.1825100464144,0.4031629617257522,0.0,0.0
151.0,271.64000000000135,0.003681655727618941,0.05650700602907262,548.7796131872196,0.40289685919481144,0.0,0.0
152.0,271.63000000000136,0.003681927676358103,0.056507292290903385,548.3769822759123,0.4026309113073239,0.0,0.0
153.0,271.62000000000137,0.0036821996528218883,0.05650757858191789,547.9746171578599,0.40236511805237574,0.0,0.0
154.0,271.6100000000014,0.003682471657506818,0.05650786490263892,547.572517678453,0.40209947940697927,0.0,0.0
155.0,271.6000000000014,0.0036827436908005154,0.056508151253474276,547.1706836831169,0.40183399533614195,0.0,0.0
156.0,271.5900000000014,0.0036830157530211927,0.0565084376347591,546.7691150173197,0.4015686657972083,0.0,0.0
157.0,271.5800000000014,0.0036832878444230037,0.05650872404676107,546.3678115265792,0.4013034907404745,0.0,0.0
158.0,271.5700000000014,0.003683559965207495,0.05650901048969209,545.9667730564687,0.4010384701104613,0.0,0.0
159.0,271.5600000000014,0.0036838321155424603,0.056509296963728896,545.5659994526208,0.4007736038479834,0.0,0.0
160.0,271.55000000000143,0.0036841042955586428,0.056509583469009216,545.165490560731,0.4005088918898082,0.0,0.0
161.0,271.54000000000144,0.003684376505361965,0.05650987000564427,544.765246226561,0.40024433416999733,0.0,0.0
162.0,271.53000000000145,0.003684648745040145,0.05651015657372648,544.3652662959404,0.3999799306206342,0.0,0.0
163.0,271.52000000000146,0.0036849210146607226,0.05651044317332711,543.9655506147687,0.39971568117161954,0.0,0.0
164.0,271.51000000000147,0.0036851933142854976,0.05651072980451112,543.5660990290165,0.3994515857522402,0.0,0.0
165.0,271.5000000000015,0.0036854656439559634,0.05651101646732209,543.166911384727,0.3991876442896001,0.0,0.0
166.0,271.4900000000015,0.0036857380037157816,0.05651130316180625,542.767987528016,0.3989238567110533,0.0,0.0
167.0,271.4800000000015,0.0036860103935896895,0.056511589887989114,542.3693273050741,0.39866022294193043,0.0,0.0
168.0,271.4700000000015,0.003686282813607277,0.05651187664590255,541.970930562166,0.39839674290810767,0.0,0.0
169.0,271.4600000000015,0.00368655526379223,0.05651216343557083,541.5727971456312,0.3981334165348472,0.0,0.0
170.0,271.4500000000015,0.003686827744160827,0.05651245025701145,541.1749269018845,0.39787024374663815,0.0,0.0
171.0,271.44000000000153,0.00368710025472677,0.05651273711023881,540.7773196774168,0.39760722446771984,0.0,0.0
172.0,271.43000000000154,0.0036873727955052003,0.05651302399526869,540.3799753187943,0.39734435862251305,0.0,0.0
173.0,271.42000000000155,0.0036876453665086752,0.05651331091211445,539.9828936726591,0.3970816461351888,0.0,0.0
174.0,271.41000000000156,0.003687917967746523,0.05651359786078582,539.5860745857295,0.39681908692959955,0.0,0.0
175.0,271.40000000000157,0.0036881905992294955,0.056513884841294215,539.1895179047998,0.39655668092977975,0.0,0.0
176.0,271.3900000000016,0.003688463260960856,0.05651417185364304,538.7932234767408,0.3962944280589909,0.0,0.0
177.0,271.3800000000016,0.003688735952953138,0.05651445889784547,538.3971911484992,0.39603232824151746,0.0,0.0
178.0,271.3700000000016,0.003689008675208613,0.0565147459739038,538.0014207670987,0.3957703814005754,0.0,0.0
179.0,271.3600000000016,0.003689281427739473,0.05651503308183108,537.6059121796383,0.395508587460472,0.0,0.0
180.0,271.3500000000016,0.00368955421054529,0.056515320221626655,537.2106652332941,0.39524694634419577,0.0,0.0
181.0,271.3400000000016,0.0036898270236351335,0.056515607393300214,536.8156797753184,0.3949854579757812,0.0,0.0
182.0,271.33000000000163,0.0036900998670173703,0.05651589459686045,536.4209556530392,0.3947241222792172,0.0,0.0
183.0,271.32000000000164,0.0036903727406898427,0.056516181832305154,536.0264927138618,0.39446293917740155,0.0,0.0
184.0,271.31000000000165,0.0036906456446641773,0.05651646909964661,535.6322908052671,0.3942019085947322,0.0,0.0
185.0,271.30000000000166,0.0036909185789444645,0.05651675639888891,535.2383497748123,0.39394103045483464,0.0,0.0
186.0,271.29000000000167,0.0036911915435310773,0.05651704373003276,534.8446694701313,0.3936803046809701,0.0,0.0
187.0,271.2800000000017,0.0036914645384324325,0.056517331093086785,534.451249738934,0.3934197311972866,0.0,0.0
188.0,271.2700000000017,0.0036917375636521684,0.056517618488054935,534.0580904290066,0.39315930992745507,0.0,0.0
189.0,271.2600000000017,0.0036920106191981315,0.05651790591494551,533.6651913882109,0.3928990407956235,0.0,0.0
190.0,271.2500000000017,0.003692283705071663,0.056518193373759726,533.2725524644857,0.39263892372528064,0.0,0.0
191.0,271.2400000000017,0.0036925568212768066,0.05651848086450191,532.8801735058454,0.39237895864023364,0.0,0.0
192.0,271.2300000000017,0.0036928299678186008,0.05651876838717752,532.4880543603809,0.39211914546442583,0.0,0.0
193.0,271.22000000000173,0.0036931031447037287,0.05651905594179348,532.0961948762589,0.39185948412200566,0.0,0.0
194.0,271.21000000000174,0.0036933763519372957,0.05651934352835516,531.7045949017219,0.3915999745369846,0.0,0.0
195.0,271.20000000000175,0.003693649589518947,0.05651963114686212,531.313254285089,0.3913406166328287,0.0,0.0
196.0,271.19000000000176,0.003693922857457932,0.05651991879732422,530.9221728747549,0.3910814103340499,0.0,0.0
197.0,271.18000000000177,0.003694196155758909,0.0565202064797463,530.5313505191901,0.39082235556470557,0.0,0.0
198.0,271.1700000000018,0.003694469484421062,0.056520494194127545,530.1407870669418,0.3905634522483069,0.0,0.0
199.0,271.1600000000018,0.0036947428434555758,0.056520781940479554,529.7504823666321,0.3903047003096617,0.0,0.0
200.0,271.1500000000018,0.003695016232862339,0.056521069718802525,529.3604362669597,0.3900460996724178,0.0,0.0
201.0,271.1400000000018,0.003695289652647636,0.056521357529102874,528.9706486166988,0.3897876502609279,0.0,0.0
202.0,271.1300000000018,0.0036955631028170307,0.05652164537138642,528.5811192646993,0.3895293519994994,0.0,0.0
203.0,271.1200000000018,0.0036958365833723293,0.05652193324565513,528.1918480598872,0.3892712048120757,0.0,0.0
204.0,271.11000000000183,0.00369611009432002,0.056522221151915825,527.802834851264,0.38901320862312333,0.0,0.0
205.0,271.10000000000184,0.0036963836356647857,0.05652250909017352,527.4140794879071,0.38875536335694966,0.0,0.0
206.0,271.09000000000185,0.003696657207411013,0.05652279706043273,527.0255818189693,0.38849766893786186,0.0,0.0
207.0,271.08000000000186,0.0036969308095619255,0.05652308506269687,526.6373416936792,0.38824012529007634,0.0,0.0
208.0,271.07000000000187,0.0036972044421224037,0.05652337309697102,526.2493589613412,0.3879827323380141,0.0,0.0
209.0,271.0600000000019,0.003697478105098775,0.05652366116326194,525.8616334713349,0.38772549000627804,0.0,0.0
210.0,271.0500000000019,0.0036977517984914145,0.056523949261569985,525.4741650731161,0.3874683982188799,0.0,0.0
211.0,271.0400000000019,0.0036980255223101953,0.05652423739190549,525.0869536162152,0.3872114569008545,0.0,0.0
212.0,271.0300000000019,0.0036982992765555544,0.0565245255542691,524.6999989502389,0.38695466597628186,0.0,0.0
213.0,271.0200000000019,0.0036985730612352557,0.05652481374866874,524.3133009248688,0.3866980253700376,0.0,0.0
214.0,271.0100000000019,0.003698846876351101,0.05652510197510647,523.9268593898624,0.38644153500640643,0.0,0.0
215.0,271.00000000000193,0.00369912072190852,0.05652539023358796,523.5406741950524,0.3861851948100821,0.0,0.0
216.0,270.99000000000194,0.0036993945979100253,0.056525678524115885,523.1547451903468,0.3859290047054856,0.0,0.0
217.0,270.98000000000195,0.0036996685043646114,0.056525966846699686,522.7690722257291,0.3856729646177428,0.0,0.0
218.0,270.97000000000196,0.003699942441274858,0.056526255201341954,522.3836551512578,0.3854170744713429,0.0,0.0
219.0,270.96000000000197,0.0037002164086426047,0.056526543588044945,521.9984938170671,0.3851613341907296,0.0,0.0
220.0,270.950000000002,0.0037004904064764027,0.05652683200681732,521.613588073366,0.3849057437010743,0.0,0.0
221.0,270.940000000002,0.0037007644347783757,0.056527120457661506,521.2289377704391,0.38465030292691155,0.0,0.0
222.0,270.930000000002,0.0037010384935531964,0.056527408940582384,492.95721956410694,0.3843950117930718,27.88732319453908,2.788732319453908e-11
223.0,270.920000000002,-0.05003937316294101,-4.144543467469621e-05,492.97765123714737,0.0,-0.02043167304043436,2.788732319453908e-11
224.0,270.910000000002,-0.04929856717323824,0.0007383503439598451,492.6139295728079,0.0,0.3637216643394936,2.8251044858878572e-11
225.0,270.900000000002,-0.049298515368752176,0.0007384048749977069,492.25044944122067,0.0,0.3634801315872096,2.861452499046578e-11
226.0,270.89000000000203,-0.04929846355852997,0.0007384594120738133,491.8872107007999,0.0,0.36323874042074067,2.897776373088652e-11
227.0,270.88000000000204,-0.049298411742565273,0.000738513955194475,491.52421321002834,0.0,0.3629974907715905,2.9340761221658114e-11
228.0,270.87000000000205,-0.049298359920857134,0.0007385685043609834,491.1614568274595,0.0,0.3627563825688185,2.970351760422693e-11
229.0,270.86000000000206,-0.049298308093408696,0.0007386230595698194,490.79894141172036,0.0,0.36251541573915347,3.006603301996608e-11
230.0,270.85000000000207,-0.04929825626021721,0.0007386776208240004,490.4366668215078,0.0,0.36227459021256436,3.042830761017865e-11
231.0,270.8400000000021,-0.04929820442128074,0.0007387321881255631,490.07463291558923,0.0,0.3620339059185653,3.079034151609722e-11
232.0,270.8300000000021,-0.04929815257660144,0.0007387867614721911,489.71283955280467,0.0,0.3617933627845673,3.1152134878881787e-11
233.0,270.8200000000021,-0.049298100726170205,0.0007388413408734705,489.35128659206083,0.0,0.36155296074383614,3.151368783962562e-11
234.0,270.8100000000021,-0.04929804886999811,0.000738895926317787,488.98997389234154,0.0,0.36131269971929214,3.1875000539344914e-11
235.0,270.8000000000021,-0.0492979970080771,0.0007389505178136776,488.6289013126978,0.0,0.3610725796437464,3.223607311898866e-11
236.0,270.7900000000021,-0.04929794514040581,0.0007390051153623084,488.26806871225136,0.0,0.36083260044642884,3.259690571943509e-11
237.0,270.78000000000213,-0.04929789326698733,0.0007390597189607061,487.9074759501968,0.0,0.3605927620545799,3.295749848148967e-11
238.0,270.77000000000214,-0.049297841387817294,0.0007391143286134076,487.54712288579765,0.0,0.36035306439913484,3.3317851545888806e-11
239.0,270.76000000000215,-0.04929778950289529,0.0007391689443208168,487.1870093783886,0.0,0.36011350740903936,3.3677965053297846e-11
240.0,270.75000000000216,-0.04929773761222583,0.0007392235660781349,486.82713528737787,0.0,0.3598740910107381,3.4037839144308585e-11
241.0,270.74000000000217,-0.04929768571579808,0.0007392781938968534,486.46750047223924,0.0,0.3596348151386337,3.439747395944722e-11
242.0,270.7300000000022,-0.04929763381362038,0.0007393328277680815,486.108104792522,0.0,0.3593956797172382,3.4756869639164456e-11
243.0,270.7200000000022,-0.04929758190568679,0.0007393874676981736,485.7489481078435,0.0,0.3591566846785099,3.5116026323842965e-11
244.0,270.7100000000022,-0.04929752999199882,0.0007394421136854753,485.39003027789295,0.0,0.358917829950542,3.547494415379351e-11
245.0,270.7000000000022,-0.04929747807255459,0.0007394967657320161,485.0313511624297,0.0,0.3586791154632465,3.5833623269256755e-11
246.0,270.6900000000022,-0.04929742614735197,0.0007395514238401219,484.672910621283,0.0,0.358440541146706,3.619206381040346e-11
247.0,270.6800000000022,-0.04929737421639325,0.0007396060880071312,484.3147085143544,0.0,0.35820210692861565,3.655026591733208e-11
248.0,270.67000000000223,-0.049297322279675496,0.0007396607582364213,483.95674470161475,0.0,0.3579638127396265,3.6908229730071706e-11
249.0,270.66000000000224,-0.049297270337199516,0.0007397154345268492,483.5990190431065,0.0,0.35772565850822957,3.7265955388579934e-11
250.0,270.65000000000225,-0.04929721838896053,0.0007397701168836789,483.2415313989405,0.0,0.3574876441660422,3.762344303274598e-11
251.0,270.64000000000226,-0.04929716643496067,0.000739824805304591,482.88428162929944,0.0,0.3572497696410437,3.7980692802387024e-11
252.0,270.63000000000227,-0.049297114475200146,0.0007398794997893163,482.5272695944372,0.0,0.35701203486223676,3.833770483724926e-11
253.0,270.6200000000023,-0.04929706250967651,0.000739934200340589,482.1704951546771,0.0,0.3567744397601018,3.869447927700936e-11
254.0,270.6100000000023,-0.04929701053838784,0.0007399889069602633,481.8139581704124,0.0,0.35653698426472147,3.9051016261274084e-11
255.0,270.6000000000023,-0.04929695856133592,0.0007400436196464744,481.45765850210796,0.0,0.3562996683044162,3.94073159295785e-11
256.0,270.5900000000023,-0.04929690657851904,0.0007400983384010711,481.10159601029864,0.0,0.35606249180932537,3.9763378421387826e-11
257.0,270.5800000000023,-0.049296854589934415,0.0007401530632270283,480.7457705555885,0.0,0.3558254547101569,4.0119203876097985e-11
258.0,270.5700000000023,-0.049296802595582376,0.000740207794123835,480.3901819986525,0.0,0.35558855693597025,4.047479243303395e-11
259.0,270.56000000000233,-0.04929675059546294,0.0007402625310916259,480.03483020023634,0.0,0.3553517984161658,4.083014423145012e-11
260.0,270.55000000000234,-0.04929669858957592,0.0007403172741307094,479.6797150211561,0.0,0.3551151790802578,4.1185259410530377e-11
261.0,270.54000000000235,-0.049296646577914945,0.0007403720232475034,479.32483632229537,0.0,0.3548786988607162,4.154013810939109e-11
262.0,270.53000000000236,-0.04929659456048853,0.0007404267784331833,478.97019396461263,0.0,0.3546423576827351,4.1894780467073824e-11
263.0,270.52000000000237,-0.04929654253728797,0.0007404815396968949,478.6157878091325,0.0,0.35440615548014875,4.224918662255397e-11
264.0,270.5100000000024,-0.04929649050831758,0.000740536307034194,478.2616177169522,0.0,0.35417009218031126,4.260335671473428e-11
265.0,270.5000000000024,-0.04929643847356879,0.0007405910804538885,477.90768354923523,0.0,0.3539341677169432,4.2957290882451224e-11
266.0,270.4900000000024,-0.049296386433050156,0.0007406458599472444,477.5539851672198,0.0,0.35369838201540915,4.331098926446663e-11
267.0,270.4800000000024,-0.04929633438675748,0.0007407006455185446,477.2005224322125,0.0,0.3534627350073265,4.366445199947396e-11
268.0,270.4700000000024,-0.049296282334685936,0.0007407554371727397,476.84729520558784,0.0,0.35322722662465367,4.401767922609861e-11
269.0,270.4600000000024,-0.04929623027683797,0.0007408102349074528,476.49430334879196,0.0,0.35299185679588163,4.4370671082894494e-11
270.0,270.45000000000243,-0.04929617821321596,0.0007408650387201148,476.1415467233425,0.0,0.3527566254494445,4.472342770834394e-11
271.0,270.44000000000244,-0.04929612614381304,0.0007409198486178875,475.7890251908241,0.0,0.35252153251843765,4.5075949240862375e-11
272.0,270.43000000000245,-0.0492960740686292,0.0007409746646008359,475.4367386128915,0.0,0.35228657793260254,4.542823581879498e-11
273.0,270.42000000000246,-0.049296021987671065,0.0007410294866621363,475.08468685127303,0.0,0.35205176161844065,4.578028758041342e-11
274.0,270.41000000000247,-0.04929596990092556,0.0007410843148152466,474.7328697677609,0.0,0.3518170835121168,4.613210466392553e-11
275.0,270.4000000000025,-0.04929591780840352,0.000741139149049028,474.3812872242228,0.0,0.351582543538143,4.6483687207463676e-11
276.0,270.3900000000025,-0.049295865710096184,0.000741193989372517,474.02993908259214,0.0,0.35134814163063766,4.6835035349094316e-11
277.0,270.3800000000025,-0.049295813606005545,0.0007412488357836712,473.67882520487365,0.0,0.3511138777184897,4.718614922681281e-11
278.0,270.3700000000025,-0.04929576149612968,0.0007413036882845831,473.32794545314107,0.0,0.35087975173257746,4.7537028978545386e-11
279.0,270.3600000000025,-0.049295709380472896,0.0007413585468706741,472.9772996895404,0.0,0.350645763600653,4.788767474214604e-11
280.0,270.3500000000025,-0.049295657259026224,0.0007414134115513666,472.6268877762833,0.0,0.35041191325711907,4.823808665540316e-11
281.0,270.34000000000253,-0.04929560513179435,0.0007414682823217204,472.2767095756537,0.0,0.3501782006296139,4.858826485603278e-11
282.0,270.33000000000254,-0.04929555299877247,0.0007415231591869588,471.9267649500031,0.0,0.3499446256506076,4.893820948168339e-11
283.0,270.32000000000255,-0.04929550085996532,0.0007415780421417656,471.57705376175545,0.0,0.3497111882476247,4.928792066993101e-11
284.0,270.31000000000256,-0.049295448715368256,0.0007416329311913639,471.22757587340226,0.0,0.34947788835319216,4.96373985582842e-11
285.0,270.30000000000257,-0.049295396564977036,0.0007416878263399658,470.8783311475029,0.0,0.34924472589938205,4.998664328418359e-11
286.0,270.2900000000026,-0.04929534440880026,0.0007417427275786778,470.52931944669075,0.0,0.3490117008121274,5.0335654984995716e-11
287.0,270.2800000000026,-0.04929529224682711,0.0007417976349188348,470.18054063366384,0.0,0.34877881302691094,5.0684433798022625e-11
288.0,270.2700000000026,-0.04929524007906398,0.0007418525483537093,469.8319945711931,0.0,0.3485460624707457,5.103297986049337e-11
289.0,270.2600000000026,-0.04929518790550449,0.0007419074678900551,469.4836811221161,0.0,0.34831344907701123,5.1381293309570384e-11
290.0,270.2500000000026,-0.04929513572615283,0.0007419623935234314,469.1356001493422,0.0,0.3480809727738574,5.172937428234424e-11
291.0,270.2400000000026,-0.049295083541004564,0.0007420173252584172,468.7877515158485,0.0,0.34784863349369743,5.2077222915837936e-11
292.0,270.23000000000263,-0.04929503135005995,0.0007420722630948084,468.4401350846818,0.0,0.3476164311667276,5.2424839347004665e-11
293.0,270.22000000000264,-0.04929497915331847,0.0007421272070331864,468.09275071895826,0.0,0.34738436572354203,5.2772223712728206e-11
294.0,270.21000000000265,-0.04929492695078074,0.0007421821570729757,467.74559828186403,0.0,0.3471524370942234,5.311937614982243e-11
295.0,270.20000000000266,-0.04929487474244197,0.0007422371132190111,467.3986776366526,0.0,0.3469206452114122,5.3466296795033845e-11
296.0,270.19000000000267,-0.04929482252830198,0.0007422920754716962,467.0519886466469,0.0,0.34668899000570264,5.381298578503955e-11
297.0,270.1800000000027,-0.04929477030836559,0.0007423470438257648,466.70553117524184,0.0,0.3464574714050741,5.4159443256444626e-11
298.0,270.1700000000027,-0.04929471808262375,0.0007424020182908699,466.35930508589735,0.0,0.3462260893444977,5.4505669345789124e-11
299.0,270.1600000000027,-0.04929466585108315,0.0007424569988599123,466.0133102421462,0.0,0.3459948437511571,5.485166418954028e-11
300.0,270.1500000000027,-0.049294613613736875,0.0007425119855401168,465.66754650758725,0.0,0.34576373455894327,5.519742792409923e-11
301.0,270.1400000000027,-0.0492945613705875,0.0007425669783290126,465.32201374589,0.0,0.3455327616972568,5.5542960685796484e-11
302.0,270.1300000000027,-0.04929450912163264,0.0007426219772288263,464.9767118207923,0.0,0.34530192509771496,5.58882626108942e-11
303.0,270.12000000000273,-0.0492944568668745,0.0007426769822374433,464.63164059610233,0.0,0.34507122468994567,5.623333383558415e-11
304.0,270.11000000000274,-0.04929440460630636,0.000742731993361743,464.28679993569455,0.0,0.34484066040778316,5.657817449599193e-11
305.0,270.10000000000275,-0.049294352339930556,0.0007427870105994918,463.9421897035137,0.0,0.3446102321808553,5.6922784728172787e-11
306.0,270.09000000000276,-0.04929430006775152,0.0007428420339458071,463.5978097635761,0.0,0.3443799399375962,5.7267164668110386e-11
307.0,270.08000000000277,-0.049294247789758064,0.0007428970634126683,463.2536599799618,0.0,0.3441497836142844,5.761131445172467e-11
308.0,270.0700000000028,-0.04929419550595679,0.000742952098992865,462.9097402168235,0.0,0.34391976313833084,5.7955234214862996e-11
309.0,270.0600000000028,-0.049294143216343254,0.0007430071406913923,462.56605033838065,0.0,0.34368987844283083,5.829892409330583e-11
310.0,270.0500000000028,-0.04929409092092017,0.0007430621885050768,462.2225902089235,0.0,0.343460129457128,5.864238422276295e-11
311.0,270.0400000000028,-0.04929403861968217,0.0007431172424399056,461.8793596928087,0.0,0.34323051611482924,5.898561473887779e-11
312.0,270.0300000000028,-0.04929398631263222,0.0007431723024924554,461.53635865446347,0.0,0.34300103834522133,5.932861577722301e-11
313.0,270.0200000000028,-0.04929393399976771,0.0007432273686656398,461.1935869583829,0.0,0.3427716960805469,5.967138747330356e-11
314.0,270.01000000000283,-0.04929388168108906,0.0007432824409589853,460.8510444691314,0.0,0.34254248925151387,6.001392996255507e-11
315.0,270.00000000000284,-0.049293829356591115,0.0007433375193778806,460.50873105133985,0.0,0.34231341779155855,6.035624338034664e-11
316.0,269.99000000000285,-0.049293777026278976,0.000743392603916915,460.1666465697107,0.0,0.34208448162917193,6.069832786197581e-11
317.0,269.98000000000286,-0.049293724690147984,0.0007434476945811077,459.824790889013,0.0,0.3418556806976767,6.10401835426735e-11
318.0,269.97000000000287,-0.049293672348200125,0.0007435027913683752,459.48316387408585,0.0,0.3416270149271554,6.138181055760065e-11
319.0,269.9600000000029,-0.049293620000428896,0.0007435578942854811,459.14176538983406,0.0,0.34139848425178343,6.172320904185244e-11
320.0,269.9500000000029,-0.049293567646841355,0.0007436130033248909,458.80059530123486,0.0,0.34117008859919906,6.206437913045163e-11
321.0,269.9400000000029,-0.04929351528743,0.0007436681184947345,458.4596534733306,0.0,0.34094182790425975,6.240532095835589e-11
322.0,269.9300000000029,-0.04929346292219762,0.0007437232397920562,458.11893977123384,0.0,0.3407137020967639,6.274603466045265e-11
323.0,269.9200000000029,-0.04929341055114204,0.0007437783672189184,457.778454060125,0.0,0.3404857111088404,6.30865203715615e-11
324.0,269.9100000000029,-0.049293358174263065,0.0007438335007757096,457.4381962052531,0.0,0.3402578548718793,6.342677822643337e-11
325.0,269.90000000000293,-0.049293305791558134,0.0007438886404651188,457.09816607193477,0.0,0.34003013331835064,6.376680835975173e-11
326.0,269.89000000000294,-0.04929325340302795,0.0007439437862864172,456.7583635255556,0.0,0.3398025463791896,6.410661090613091e-11
327.0,269.88000000000295,-0.04929320100867228,0.0007439989382398052,456.4187884315698,0.0,0.3395750939857862,6.44461860001167e-11
328.0,269.87000000000296,-0.04929314860849064,0.0007440540963256678,456.07944065550015,0.0,0.33934777606964417,6.478553377618634e-11
329.0,269.86000000000297,-0.049293096202476835,0.0007441092605506918,455.740320062935,0.0,0.33912059256516613,6.512465436875151e-11
330.0,269.850000000003,-0.04929304379063748,0.0007441644309079082,455.4014265195344,0.0,0.3388935434005589,6.546354791215207e-11
331.0,269.840000000003,-0.04929299137296556,0.0007442196074047572,455.0627598910238,0.0,0.338666628510623,6.580221454066269e-11
332.0,269.830000000003,-0.04929293894946615,0.000744274790035631,454.72432004319955,0.0,0.3384398478242474,6.614065438848693e-11
333.0,269.820000000003,-0.049292886520134235,0.0007443299788061026,454.3861068419241,0.0,0.33821320127543686,6.647886758976237e-11
334.0,269.810000000003,-0.04929283408496542,0.0007443851737206982,454.0481201531264,0.0,0.3379866887977414,6.68168542785601e-11
335.0,269.800000000003,-0.04929278164396908,0.0007444403747694764,453.7103598428082,0.0,0.3377603103181741,6.715461458887828e-11
336.0,269.79000000000303,-0.049292729197137876,0.0007444955819602103,453.3728257770364,0.0,0.33753406577181977,6.74921486546501e-11
337.0,269.78000000000304,-0.04929267674446789,0.0007445507952969954,453.03551782194427,0.0,0.33730795509211475,6.782945660974221e-11
338.0,269.77000000000305,-0.049292624285962996,0.0007446060147758341,452.6984358437354,0.0,0.33708197820885744,6.816653858795107e-11
339.0,269.76000000000306,-0.04929257182162387,0.000744661240395918,452.3615797086821,0.0,0.3368561350533241,6.85033947230044e-11
340.0,269.75000000000307,-0.04929251935144549,0.0007447164721626622,452.02494928312245,0.0,0.3366304255596333,6.884002514856404e-11
341.0,269.7400000000031,-0.0492924668754306,0.0007447717100731246,451.6885444334643,0.0,0.33640484965815176,6.917642999822219e-11
342.0,269.7300000000031,-0.04929241439357198,0.0007448269541347469,451.35236502618034,0.0,0.33617940728396434,6.951260940550616e-11
343.0,269.7200000000031,-0.049292361905874355,0.0007448822043428242,451.01641092781364,0.0,0.3359540983666989,6.984856350387286e-11
344.0,269.7100000000031,-0.049292309412340134,0.0007449374606945885,450.68068200497675,0.0,0.3357289228368927,7.018429242670975e-11
345.0,269.7000000000031,-0.04929225691295786,0.000744992723202353,450.34517812434484,0.0,0.3355038806319044,7.051979630734165e-11
346.0,269.6900000000031,-0.04929220440773639,0.0007450479918564158,450.00989915266564,0.0,0.33527897167920173,7.085507527902085e-11
347.0,269.68000000000313,-0.04929215189666926,0.0007451032666639246,449.67484495675177,0.0,0.33505419591386953,7.119012947493472e-11
348.0,269.67000000000314,-0.049292099379758696,0.0007451585476224926,449.34001540348504,0.0,0.33482955326672936,7.152495902820146e-11
349.0,269.66000000000315,-0.04929204685700244,0.0007452138347343462,449.00541035981433,0.0,0.334605043670706,7.185956407187216e-11
350.0,269.65000000000316,-0.049291994328400424,0.0007452691279996253,448.6710296927565,0.0,0.33438066705781466,7.219394473892998e-11
351.0,269.64000000000317,-0.04929194179395049,0.0007453244274205614,448.3368732693955,0.0,0.334156423361037,7.252810116229102e-11
352.0,269.6300000000032,-0.04929188925365225,0.0007453797329976776,448.00294095688287,0.0,0.3339323125126157,7.286203347480363e-11
353.0,269.6200000000032,-0.04929183670750643,0.0007454350447301621,447.66923262243864,0.0,0.3337083344442249,7.319574180924786e-11
354.0,269.6100000000032,-0.04929178415550804,0.0007454903626231107,447.33574813334843,0.0,0.33348448909021045,7.352922629833808e-11
355.0,269.6000000000032,-0.04929173159766151,0.0007455456866721551,447.0024873569677,0.0,0.33326077638071183,7.386248707471878e-11
356.0,269.5900000000032,-0.049291679033962935,0.0007456010168811224,446.66945016071816,0.0,0.3330371962495633,7.419552427096834e-11
357.0,269.5800000000032,-0.04929162646441146,0.0007456563532511116,446.33663641208875,0.0,0.3328137486294054,7.452833801959775e-11
358.0,269.57000000000323,-0.049291573889005534,0.0007457116957836693,446.00404597863565,0.0,0.332590433453106,7.486092845305086e-11
359.0,269.56000000000324,-0.04929152130774746,0.0007457670444764531,445.6716787279838,0.0,0.3323672506518278,7.519329570370269e-11
360.0,269.55000000000325,-0.049291468720634106,0.0007458223993325377,445.33953452782464,0.0,0.33214420015917767,7.552543990386186e-11
361.0,269.54000000000326,-0.0492914161276643,0.0007458777603534092,445.00761324591656,0.0,0.33192128190808035,7.585736118576995e-11
362.0,269.53000000000327,-0.04929136352883737,0.0007459331275397254,444.67591475008544,0.0,0.33169849583111954,7.618905968160107e-11
363.0,269.5200000000033,-0.04929131092415369,0.0007459885008909281,444.3444389082251,0.0,0.3314758418603674,7.652053552346144e-11
364.0,269.5100000000033,-0.049291258313612814,0.0007460438804076715,444.0131855882966,0.0,0.3312533199284644,7.68517888433899e-11
365.0,269.5000000000033,-0.04929120569720862,0.0007460992660961876,443.68215465832606,0.0,0.3310309299705523,7.718281977336045e-11
366.0,269.4900000000033,-0.0492911530749473,0.0007461546579502191,443.3513459864098,0.0,0.33080867191625885,7.75136284452767e-11
367.0,269.4800000000033,-0.049291100446822264,0.0007462100559766445,443.02075944070873,0.0,0.3305865457010668,7.784421499097777e-11
368.0,269.4700000000033,-0.04929104781283844,0.0007462654601700941,442.69039488945367,0.0,0.3303645512550588,7.817457954223283e-11
369.0,269.46000000000333,-0.049290995172990806,0.0007463208705360422,442.3602522009405,0.0,0.3301426885131491,7.850472223074597e-11
370.0,269.45000000000334,-0.04929094252727725,0.000746376287076571,442.03033124353175,0.0,0.32992095740877403,7.883464318815474e-11
371.0,269.44000000000335,-0.049290889875702355,0.000746431709787007,441.70063188565933,0.0,0.3296993578724141,7.916434254602716e-11
372.0,269.43000000000336,-0.04929083721825938,0.0007464871386743213,441.3711539958196,0.0,0.3294778898397226,7.949382043586688e-11
373.0,269.42000000000337,-0.04929078455495283,0.0007465425737339645,441.0418974425783,0.0,0.32925655324129366,7.982307698910818e-11
374.0,269.4100000000034,-0.04929073188577596,0.0007465980149726632,440.7128620945656,0.0,0.3290353480127237,8.01521123371209e-11
375.0,269.4000000000034,-0.04929067921073084,0.0007466534623885762,440.38404782047974,0.0,0.3288142740858575,8.048092661120676e-11
376.0,269.3900000000034,-0.04929062652981997,0.0007467089159790136,440.05545448908754,0.0,0.3285933313921987,8.080951994259896e-11
377.0,269.3800000000034,-0.049290573843038615,0.0007467643757488411,439.72708196922093,0.0,0.32837251986660476,8.113789246246557e-11
378.0,269.3700000000034,-0.04929052115038276,0.0007468198417023581,439.3989301297772,0.0,0.32815183944370574,8.146604430190927e-11
379.0,269.3600000000034,-0.049290468451860886,0.0007468753138307276,439.07099883972484,0.0,0.3279312900523905,8.179397559196167e-11
380.0,269.35000000000343,-0.049290415747462055,0.0007469307921452392,438.7432879680944,0.0,0.32771087163041557,8.212168646359208e-11
381.0,269.34000000000344,-0.04929036303719282,0.0007469862766391221,438.4157973839868,0.0,0.3274905841076361,8.244917704769971e-11
382.0,269.33000000000345,-0.04929031032104884,0.0007470417673170703,438.0885269565678,0.0,0.3272704274189664,8.277644747511868e-11
383.0,269.32000000000346,-0.049290257599027644,0.0007470972641815186,437.76147655506946,0.0,0.3270504014983544,8.310349787661703e-11
384.0,269.31000000000347,-0.04929020487113186,0.0007471527672296429,437.434646048792,0.0,0.32683050627747434,8.343032838289451e-11
385.0,269.3000000000035,-0.049290152137360974,0.0007472082764621854,437.1080353071024,0.0,0.32661074168959203,8.37569391245841e-11
386.0,269.2900000000035,-0.04929009939770904,0.0007472637918852935,436.78164419943204,0.0,0.3263911076703607,8.408333023225446e-11
387.0,269.2800000000035,-0.04929004665218198,0.0007473193134926896,436.455472595282,0.0,0.32617160415003355,8.440950183640449e-11
388.0,269.2700000000035,-0.04928999390077347,0.0007473748412911785,436.1295203642174,0.0,0.3259522310646048,8.47354540674691e-11
389.0,269.2600000000035,-0.04928994114348568,0.0007474303752782563,435.80378737587137,0.0,0.3257329883460329,8.506118705581513e-11
390.0,269.2500000000035,-0.04928988838031413,0.0007474859154589184,435.4782734999418,0.0,0.32551387592957326,8.53867009317447e-11
391.0,269.24000000000353,-0.049289835611263384,0.0007475414618280466,435.1529786061957,0.0,0.3252948937461042,8.571199582549081e-11
392.0,269.23000000000354,-0.04928978283633122,0.0007475970143882852,434.8279025644658,0.0,0.3250760417299148,8.603707186722073e-11
393.0,269.22000000000355,-0.04928973005551051,0.0007476525731469346,434.50304524464843,0.0,0.32485731981734034,8.636192918703807e-11
394.0,269.21000000000356,-0.049289677268808514,0.0007477081380963191,434.1784065167102,0.0,0.3246387279382361,8.66865679149763e-11
395.0,269.20000000000357,-0.04928962447621825,0.0007477637092440077,433.8539862506811,0.0,0.324420266029108,8.70109881810054e-11
396.0,269.1900000000036,-0.04928957167774428,0.000747819286585065,433.52978431666,0.0,0.3242019340210618,8.733519011502646e-11
397.0,269.1800000000036,-0.04928951887338216,0.0007478748701240556,433.2058005848107,0.0,0.3239837318493528,8.765917384687581e-11
398.0,269.1700000000036,-0.04928946606313166,0.0007479304598614202,432.8820349253632,0.0,0.32376565944747426,8.798293950632329e-11
399.0,269.1600000000036,-0.04928941324699298,0.0007479860557968762,432.55848720861457,0.0,0.32354771674863514,8.830648722307192e-11
400.0,269.1500000000036,-0.04928936042496383,0.0007480416579328363,432.2351573049273,0.0,0.32332990368723813,8.862981712675916e-11
401.0,269.1400000000036,-0.04928930759704199,0.0007480972662716548,431.91204508472964,0.0,0.32311222019768593,8.895292934695684e-11
402.0,269.13000000000363,-0.04928925476322997,0.0007481528808106185,431.5891504185174,0.0,0.3228946662122212,8.927582401316906e-11
403.0,269.12000000000364,-0.04928920192352716,0.0007482085015503667,431.26647317685286,0.0,0.32267724166456446,8.959850125483363e-11
404.0,269.11000000000365,-0.04928914907792727,0.0007482641284976769,430.94401323036175,0.0,0.322459946491108,8.992096120132474e-11
405.0,269.10000000000366,-0.049289096226437054,0.0007483197616452823,430.62177044973953,0.0,0.32224278062221856,9.024320398194696e-11
406.0,269.09000000000367,-0.049289043369049546,0.0007483754010004953,430.29974470574496,0.0,0.3220257439945726,9.056522972594153e-11
407.0,269.0800000000037,-0.04928899050576484,0.0007484310465634438,429.9779358692032,0.0,0.32180883654177705,9.088703856248331e-11
408.0,269.0700000000037,-0.04928893763658537,0.000748486698331276,429.656343811007,0.0,0.3215920581961882,9.12086306206795e-11
409.0,269.0600000000037,-0.04928888476150646,0.0007485423563090115,429.3349684021134,0.0,0.32137540889357297,9.153000602957307e-11
410.0,269.0500000000037,-0.04928883188053018,0.0007485980204945934,429.01380951354673,0.0,0.3211588885666856,9.185116491813976e-11
411.0,269.0400000000037,-0.04928877899365246,0.0007486536908922586,428.6928670163957,0.0,0.32094249715100887,9.217210741529077e-11
412.0,269.0300000000037,-0.04928872610087755,0.0007487093674974281,428.37214078181745,0.0,0.32072623457827376,9.249283364986904e-11
413.0,269.02000000000373,-0.04928867320219657,0.0007487650503193914,428.05163068103127,0.0,0.3205101007861799,9.281334375065522e-11
414.0,269.01000000000374,-0.04928862029761837,0.000748820739349185,427.73133658532663,0.0,0.3202940957046394,9.313363784635986e-11
415.0,269.00000000000375,-0.04928856738713412,0.0007488764345957117,427.4112583660554,0.0,0.32007821927123814,9.345371606563109e-11
416.0,268.99000000000376,-0.049288514470745864,0.0007489321360570512,427.09139589463643,0.0,0.31986247141895774,9.377357853705005e-11
417.0,268.98000000000377,-0.04928846154845607,0.0007489878437305411,426.77174904255594,0.0,0.3196468520804956,9.409322538913055e-11
418.0,268.9700000000038,-0.049288408620255804,0.0007490435576255806,426.4523176813622,0.0,0.31943136119372184,9.441265675032427e-11
419.0,268.9600000000038,-0.04928835568615142,0.000749099277735383,426.1331016826726,0.0,0.3192159986896286,9.47318727490139e-11
420.0,268.9500000000038,-0.049288302746138976,0.0007491550040642903,425.8141009181686,0.0,0.31900076450398274,9.505087351351789e-11
421.0,268.9400000000038,-0.049288249800220216,0.000749210736610309,425.4953152595987,0.0,0.3187856585698796,9.536965917208777e-11
422.0,268.9300000000038,-0.049288196848388616,0.000749266475380468,425.17674457877445,0.0,0.31857068082427986,9.568822985291206e-11
423.0,268.9200000000038,-0.04928814389064889,0.0007493222203695704,424.8583887475755,0.0,0.3183558311989714,9.600658568411103e-11
424.0,268.91000000000383,-0.049288090926998325,0.000749377971580773,424.54024763794615,0.0,0.3181411096293232,9.632472679374035e-11
425.0,268.90000000000384,-0.049288037957435235,0.0007494337290155676,424.22232112189613,0.0,0.3179265160500222,9.664265330979037e-11
426.0,268.89000000000385,-0.049287984981961346,0.0007494894926722964,423.9046090715017,0.0,0.31771205039444794,9.696036536018482e-11
427.0,268.88000000000386,-0.049287932000570106,0.0007495452625578226,423.58711135890206,0.0,0.3174977125996179,9.727786307278444e-11
428.0,268.87000000000387,-0.04928787901326869,0.0007496010386645863,423.2698278563056,0.0,0.3172835025964673,9.759514657538091e-11
429.0,268.8600000000039,-0.049287826020049566,0.0007496568210005327,422.95275843598307,0.0,0.3170694203225253,9.791221599570343e-11
430.0,268.8500000000039,-0.04928777302091349,0.0007497126095648194,422.63590297027145,0.0,0.31685546571162604,9.822907146141505e-11
431.0,268.8400000000039,-0.04928772001585971,0.0007497684043582843,422.3192613315731,0.0,0.31664163869834283,9.85457131001134e-11
432.0,268.8300000000039,-0.049287667004891324,0.0007498242053776553,422.00283339235756,0.0,0.3164279392155436,9.886214103932895e-11
433.0,268.8200000000039,-0.0492876139880008,0.000749880012630777,421.68661902515674,0.0,0.3162143672008142,9.917835540652976e-11
434.0,268.8100000000039,-0.049287560965191136,0.0007499358261146546,421.37061810256955,0.0,0.31600092258719314,9.949435632911696e-11
435.0,268.80000000000393,-0.049287507936461625,0.0007499916458298616,421.0548304972603,0.0,0.31578760530925365,9.981014393442621e-11
436.0,268.79000000000394,-0.049287454901810336,0.0007500474717786627,420.739256081958,0.0,0.3155744153023079,1.0012571834972852e-10
437.0,268.78000000000395,-0.04928740186123772,0.0007501033039602859,420.4238947294576,0.0,0.3153613525004175,1.0044107970222893e-10
438.0,268.77000000000396,-0.04928734881473832,0.0007501591423807936,420.10874631261703,0.0,0.3151484168405432,1.0075622811906947e-10
439.0,268.76000000000397,-0.04928729576231753,0.0007502149870342778,419.7938107043624,0.0,0.3149356082546433,1.0107116372732412e-10
440.0,268.750000000004,-0.04928724270397255,0.0007502708379236898,419.47908777768396,0.0,0.31472292667842794,1.0138588665400255e-10
441.0,268.740000000004,-0.049287189639697096,0.0007503266950557233,419.16457740563476,0.0,0.31451037204919885,1.0170039702605174e-10
442.0,268.730000000004,-0.04928713656949966,0.0007503825584214102,418.85027946133704,0.0,0.31429794429772073,1.0201469497034946e-10
443.0,268.720000000004,-0.049287083493373844,0.0007504384280275819,418.53619381797563,0.0,0.314085643361409,1.0232878061371087e-10
444.0,268.710000000004,-0.04928703041131513,0.0007504943038788507,418.22232034879886,0.0,0.3138734691767695,1.0264265408288763e-10
445.0,268.700000000004,-0.04928697732333236,0.0007505501859660293,417.9086589271243,0.0,0.313661421674567,1.029563155045622e-10
446.0,268.69000000000403,-0.04928692422941452,0.0007506060743005326,417.5952094263301,0.0,0.3134495007942064,1.0326976500535642e-10
447.0,268.68000000000404,-0.0492868711295702,0.0007506619688735743,417.2819717198634,0.0,0.3132377064666798,1.035830027118231e-10
448.0,268.67000000000405,-0.049286818023788856,0.0007507178696960475,416.9689456812322,0.0,0.3130260386312216,1.0389602875045432e-10
449.0,268.66000000000406,-0.04928676491207871,0.0007507737767592941,416.65613118401325,0.0,0.3128144972189375,1.0420884324767325e-10
450.0,268.65000000000407,-0.0492867117944313,0.0007508296900723164,416.3435281018449,0.0,0.312603082168323,1.0452144632984158e-10
451.0,268.6400000000041,-0.04928665867085081,0.0007508856096308189,416.03113630843256,0.0,0.3123917934123597,1.0483383812325394e-10
452.0,268.6300000000041,-0.04928660554133531,0.000750941535436578,415.718955677546,0.0,0.3121806308865871,1.0514601875414052e-10
453.0,268.6200000000041,-0.04928655240588014,0.0007509974674945951,415.40698608301807,0.0,0.31196959452790907,1.0545798834866843e-10
454.0,268.6100000000041,-0.049286499264491884,0.0007510534057980352,415.0952273987497,0.0,0.31175868426834086,1.0576974703293677e-10
455.0,268.6000000000041,-0.049286446117162,0.0007511093503558777,414.78367949870324,0.0,0.3115479000464916,1.0608129493298326e-10
456.0,268.5900000000041,-0.04928639296389463,0.0007511653011636164,414.47234225690784,0.0,0.3113372417953997,1.0639263217477866e-10
457.0,268.58000000000413,-0.0492863398046852,0.0007512212582261363,414.1612155474558,0.0,0.3111267094520258,1.0670375888423069e-10
458.0,268.57000000000414,-0.049286286639536325,0.0007512772215407116,413.8502992445056,0.0,0.3109163029502042,1.070146751871809e-10
459.0,268.56000000000415,-0.04928623346844534,0.000751333191110177,413.5395932222795,0.0,0.3107060222260998,1.07325381209407e-10
460.0,268.55000000000416,-0.04928618029141035,0.0007513891669364827,413.22909735506397,0.0,0.31049586721553624,1.0763587707662254e-10
461.0,268.54000000000417,-0.04928612710843372,0.0007514451490172465,412.9188115172114,0.0,0.31028583785257524,1.0794616291447511e-10
462.0,268.5300000000042,-0.049286073919512625,0.000751501137355109,412.608735583138,0.0,0.31007593407338163,1.0825623884854849e-10
463.0,268.5200000000042,-0.049286020724643186,0.000751557131954583,412.2988694273231,0.0,0.30986615581491606,1.085661050043634e-10
464.0,268.5100000000042,-0.049285967523831485,0.0007516131328089451,411.98921292431356,0.0,0.30965650300953484,1.0887576150737293e-10
465.0,268.5000000000042,-0.049285914317067275,0.0007516691399292023,411.67976594871664,0.0,0.30944697559692713,1.0918520848296986e-10
466.0,268.4900000000042,-0.04928586110436072,0.0007517251533044848,411.37052837520883,0.0,0.3092375735078008,1.0949444605647767e-10
467.0,268.4800000000042,-0.04928580788570144,0.0007517811729459548,411.0615000785269,0.0,0.30902829668195864,1.0980347435315962e-10
468.0,268.47000000000423,-0.04928575466109561,0.000751837198846743,410.75268093347506,0.0,0.30881914505181385,1.1011229349821143e-10
469.0,268.46000000000424,-0.04928570143053443,0.0007518932310163776,410.4440708149185,0.0,0.30861011855654397,1.1042090361676798e-10
470.0,268.45000000000425,-0.04928564819402473,0.0007519492694477094,410.13566959779,0.0,0.3084012171285053,1.1072930483389649e-10
471.0,268.44000000000426,-0.04928559495156208,0.0007520053141452912,409.8274771570851,0.0,0.30819244070488594,1.1103749727460138e-10
472.0,268.43000000000427,-0.04928554170314622,0.000752061365109317,409.519493367864,0.0,0.3079837892211117,1.113454810638225e-10
473.0,268.4200000000043,-0.04928548844877521,0.0007521174223419974,409.21171810525055,0.0,0.3077752626134611,1.1165325632643596e-10
474.0,268.4100000000043,-0.049285435188448946,0.0007521734858432558,408.90415124443325,0.0,0.3075668608173032,1.1196082318725327e-10
475.0,268.4000000000043,-0.049285381922169164,0.0007522295556114141,408.59679266066587,0.0,0.3073585837673818,1.1226818177102065e-10
476.0,268.3900000000043,-0.0492853286499278,0.0007522856316550287,408.2896422292632,0.0,0.307150431402647,1.125753322024233e-10
477.0,268.3800000000043,-0.04928527537173112,0.0007523417139672809,407.9826998256074,0.0,0.30694240365579617,1.128822746060791e-10
478.0,268.3700000000043,-0.04928522208757662,0.0007523978025510241,407.6759653251439,0.0,0.3067345004635058,1.131890091065426e-10
479.0,268.36000000000433,-0.049285168797462774,0.0007524538974076566,407.36943860338204,0.0,0.3065267217618839,1.1349553582830448e-10
480.0,268.35000000000434,-0.04928511550138659,0.0007525099985404682,407.0631195358942,0.0,0.3063190674878342,1.138018548957923e-10
481.0,268.34000000000435,-0.04928506219934849,0.0007525661059490557,406.7570079983174,0.0,0.30611153757678267,1.1410796643336908e-10
482.0,268.33000000000436,-0.049285008891348465,0.000752622219633224,406.45110386635315,0.0,0.3059041319642688,1.1441387056533335e-10
483.0,268.32000000000437,-0.04928495557738841,0.0007526783395911669,406.14540701576794,0.0,0.3056968505852069,1.1471956741591856e-10
484.0,268.3100000000044,-0.04928490225745988,0.0007527344658317946,405.83991732238906,0.0,0.3054896933788882,1.1502505710929744e-10
485.0,268.3000000000044,-0.049284848931569473,0.0007527905983479895,405.53463466211093,0.0,0.3052826602781238,1.1533033976957556e-10
486.0,268.2900000000044,-0.049284795599712244,0.000752846737145031,405.22955891089015,0.0,0.3050757512207838,1.1563541552079635e-10
487.0,268.2800000000044,-0.04928474226188865,0.0007529028822225295,404.9246899447477,0.0,0.3048689661424646,1.1594028448693881e-10
488.0,268.2700000000044,-0.0492846889180966,0.0007529590335825538,404.6200276397679,0.0,0.30466230497978586,1.162449467919186e-10
489.0,268.2600000000044,-0.04928463556833538,0.0007530151912259857,404.315571872099,0.0,0.30445576766891236,1.165494025595875e-10
490.0,268.25000000000443,-0.04928458221260585,0.000753071355151809,404.0113225179537,0.0,0.30424935414527,1.1685365191373277e-10
491.0,268.24000000000444,-0.049284528850905146,0.0007531275253630207,403.7072794536078,0.0,0.3040430643459331,1.171576949780787e-10
492.0,268.23000000000445,-0.049284475483235904,0.0007531837018570588,403.403442555402,0.0,0.3038368982057591,1.1746153187628447e-10
493.0,268.22000000000446,-0.049284422109591115,0.0007532398846410193,403.0998116997385,0.0,0.30363085566352765,1.17765162731948e-10
494.0,268.21000000000447,-0.04928436872997532,0.0007532960737102327,402.7963867630852,0.0,0.3034249366533004,1.1806858766860128e-10
495.0,268.2000000000045,-0.04928431534438638,0.000753352269067008,402.4931676219732,0.0,0.3032191411119811,1.1837180680971327e-10
496.0,268.1900000000045,-0.04928426195281987,0.0007534084707159979,402.1901541529958,0.0,0.30301346897743997,1.186748202786907e-10
497.0,268.1800000000045,-0.04928420855528001,0.0007534646786526012,401.8873462328119,0.0,0.3028079201838523,1.1897762819887455e-10
498.0,268.1700000000045,-0.04928415515176271,0.0007535208928813367,401.58474373814283,0.0,0.3026024946690882,1.1928023069354363e-10
499.0,268.1600000000045,-0.049284101742267404,0.0007535771134028426,401.28234654577335,0.0,0.30239719236948304,1.195826278859131e-10
500.0,268.1500000000045,-0.04928404832679709,0.0007536333402135747,400.9801545325536,0.0,0.3021920132197238,1.1988481989913284e-10
501.0,268.14000000000453,-0.0492839949053422,0.0007536895733241028,400.67816757539345,0.0,0.30198695716018165,1.2018680685629303e-10
502.0,268.13000000000454,-0.049283941477911916,0.0007537458127243638,400.37638555127046,0.0,0.3017820241229856,1.2048858888041602e-10
503.0,268.12000000000455,-0.04928388804449729,0.000753802058423951,400.0748083372223,0.0,0.30157721404816584,1.207901660944642e-10
504.0,268.11000000000456,-0.0492838346051026,0.0007538583104183357,399.77343581035217,0.0,0.30137252687012506,1.2109153862133433e-10
505.0,268.10000000000457,-0.04928378115972592,0.0007539145687095947,399.47226784782623,0.0,0.3011679625259376,1.2139270658386027e-10
506.0,268.0900000000046,-0.04928372770836291,0.0007539708333023072,399.17130432687253,0.0,0.30096352095370094,1.2169367010481398e-10
507.0,268.0800000000046,-0.04928367425101723,0.0007540271041924421,398.8705451247844,0.0,0.30075920208810203,1.2199442930690208e-10
508.0,268.0700000000046,-0.0492836207876852,0.000754083381384018,398.56999011891736,0.0,0.30055500586706785,1.2229498431276915e-10
509.0,268.0600000000046,-0.04928356731836664,0.000754139664877284,398.2696391866903,0.0,0.30035093222704745,1.2259533524499619e-10
510.0,268.0500000000046,-0.04928351384306375,0.0007541959546698468,397.96949220558685,0.0,0.3001469811034667,1.2289548222609966e-10
511.0,268.0400000000046,-0.04928346036176737,0.0007542522507712493,397.6695490531503,0.0,0.29994315243652636,1.231954253785362e-10
512.0,268.03000000000463,-0.04928340687448677,0.0007543085531718168,397.3698096069915,0.0,0.2997394461588101,1.23495164824695e-10
513.0,268.02000000000464,-0.04928335338121267,0.0007543648618813947,397.0702737447808,0.0,0.2995358622106892,1.237947006869057e-10
514.0,268.01000000000465,-0.0492832998819521,0.0007544211768925898,396.7709413442551,0.0,0.29933240052571364,1.240940330874314e-10
515.0,268.00000000000466,-0.04928324637669371,0.0007544774982171366,396.47181228321006,0.0,0.29912906104505055,1.2439316214847644e-10
516.0,267.99000000000467,-0.04928319286544868,0.000754533825843482,396.1728864395094,0.0,0.29892584370065833,1.246920879921771e-10
517.0,267.9800000000047,-0.04928313934820611,0.0007545901597830931,395.87416369107575,0.0,0.2987227484336472,1.2499081074061075e-10
518.0,267.9700000000047,-0.04928308582497209,0.0007546465000294342,395.57564391589773,0.0,0.298519775178022,1.2528933051578876e-10
519.0,267.9600000000047,-0.04928303229574078,0.0007547028465886821,395.2773269920249,0.0,0.2983169238728465,1.255876474396616e-10
520.0,267.9500000000047,-0.0492829787605134,0.0007547591994596207,394.9792127975706,0.0,0.29811419445428555,1.258857616341159e-10
521.0,267.9400000000047,-0.04928292521928848,0.000754815558643697,394.681301210711,0.0,0.2979115868595841,1.2618367322097548e-10
522.0,267.9300000000047,-0.04928287167206564,0.0007548719241414269,394.38359210968537,0.0,0.29770910102564585,1.2648138232200112e-10
523.0,267.92000000000473,-0.04928281811884529,0.000754928295952391,394.08608537279633,0.0,0.2975067368890336,1.2677888905889014e-10
524.0,267.91000000000474,-0.04928276455962467,0.0007549846740792755,393.7887808784088,0.0,0.2973044943875607,1.270761935532777e-10
525.0,267.90000000000475,-0.04928271099440418,0.0007550410585219587,393.4916785049508,0.0,0.2971023734579603,1.2737329592673567e-10
526.0,267.89000000000476,-0.0492826574231792,0.0007550974492851663,393.1947781309119,0.0,0.29690037403889846,1.2767019630077457e-10
527.0,267.88000000000477,-0.04928260384595411,0.0007551538463641596,392.89807963484657,0.0,0.29669849606534626,1.2796689479683991e-10
528.0,267.8700000000048,-0.049282550262724545,0.0007552102497636739,392.60158289537054,0.0,0.2964967394760265,1.2826339153631594e-10
529.0,267.8600000000048,-0.04928249667349281,0.0007552666594812859,392.30528779116366,0.0,0.29629510420687666,1.2855968664052282e-10
530.0,267.8500000000048,-0.04928244307825403,0.0007553230755221828,392.0091942009668,0.0,0.2960935901968469,1.2885578023071967e-10
531.0,267.8400000000048,-0.049282389477006965,0.0007553794978874341,391.7133020035835,0.0,0.29589219738329575,1.2915167242810298e-10
532.0,267.8300000000048,-0.04928233586975701,0.000755435926571647,391.41761107788244,0.0,0.2956909257010807,1.2944736335380406e-10
533.0,267.8200000000048,-0.049282282256498056,0.0007554923615809726,391.12212130279283,0.0,0.2954897750896066,1.2974285312889366e-10
534.0,267.81000000000483,-0.049282228637230585,0.0007555488029152551,390.826832557307,0.0,0.29528874548583417,1.300381418743795e-10
535.0,267.80000000000484,-0.04928217501195169,0.0007556052505771799,390.53174472047914,0.0,0.2950878368278609,1.3033322971120736e-10
536.0,267.79000000000485,-0.04928212138066386,0.0007556617045644145,390.2368576714273,0.0,0.2948870490518516,1.306281167602592e-10
537.0,267.78000000000486,-0.049282067743362565,0.0007557181648815491,389.9421712893306,0.0,0.2946863820966996,1.3092280314235592e-10
538.0,267.77000000000487,-0.0492820141000502,0.0007557746315261115,389.647685453432,0.0,0.2944858358985698,1.3121728897825447e-10
539.0,267.7600000000049,-0.04928196045072622,0.0007558311044987632,389.35340004303714,0.0,0.29428541039487754,1.3151157438864935e-10
540.0,267.7500000000049,-0.04928190679538722,0.0007558875838030206,389.05931493751297,0.0,0.2940851055241751,1.3180565949417353e-10
541.0,267.7400000000049,-0.04928185313402976,0.0007559440694423421,388.76543001628795,0.0,0.29388492122501475,1.3209954441539856e-10
542.0,267.7300000000049,-0.049281799466661426,0.0007560005614091446,388.47174515885627,0.0,0.2936848574316855,1.3239322927283024e-10
543.0,267.7200000000049,-0.04928174579327272,0.0007560570597130373,388.1782602447711,0.0,0.29348491408518385,1.3268671418691543e-10
544.0,267.7100000000049,-0.049281692113868666,0.0007561135643487817,387.8849751536503,0.0,0.2932850911207652,1.329799992780362e-10
545.0,267.70000000000493,-0.04928163842844391,0.0007561700753222018,387.5918897651723,0.0,0.2930853884780049,1.332730846665142e-10
546.0,267.69000000000494,-0.04928158473699951,0.0007562265926321691,387.2990039590785,0.0,0.2928858060938069,1.33565970472608e-10
547.0,267.68000000000495,-0.04928153103953723,0.0007562831162765963,387.00631761517377,0.0,0.2926863439047338,1.3385865681651274e-10
548.0,267.67000000000496,-0.04928147733605214,0.0007563396462609663,386.71383061332347,0.0,0.2924870018503043,1.3415114381836304e-10
549.0,267.66000000000497,-0.049281423626542836,0.0007563961825865886,386.421542833455,0.0,0.29228777986844534,1.344434315982315e-10
550.0,267.650000000005,-0.04928136991101309,0.0007564527252494024,386.12945415556,0.0,0.29208867789503756,1.3473552027612653e-10
551.0,267.640000000005,-0.04928131618945898,0.0007565092742538106,385.8375644596907,0.0,0.2918896958692585,1.350274099719958e-10
552.0,267.630000000005,-0.04928126246187783,0.0007565658296023902,385.5458736259611,0.0,0.2916908337296036,1.3531910080572538e-10
553.0,267.620000000005,-0.04928120872827444,0.0007566223912901256,385.25438153454945,0.0,0.2914920914116692,1.3561059289713705e-10
554.0,267.610000000005,-0.049281154988639664,0.000756678959326687,384.9630880656927,0.0,0.2912934688567361,1.359018863659938e-10
555.0,267.600000000005,-0.04928110124298031,0.0007567355337049986,384.67199309969305,0.0,0.2910949659996618,1.3619298133199347e-10
556.0,267.59000000000503,-0.04928104749129405,0.0007567921144273574,384.3810965169141,0.0,0.2908965827789416,1.364838779147724e-10
557.0,267.58000000000504,-0.0492809937335742,0.0007568487015008845,384.09039819777917,0.0,0.2906983191349468,1.3677457623390736e-10
558.0,267.57000000000505,-0.04928093996982533,0.0007569052949207981,383.79989802277566,0.0,0.2905001750035012,1.3706507640891087e-10
559.0,267.56000000000506,-0.04928088620004508,0.0007569618946894945,383.50959587245245,0.0,0.29030215032321394,1.3735537855923408e-10
560.0,267.55000000000507,-0.049280832424235727,0.0007570185008045567,383.2194916274216,0.0,0.29010424503087506,1.3764548280426494e-10
561.0,267.5400000000051,-0.04928077864238856,0.0007570751132752223,382.9295851683538,0.0,0.28990645906776535,1.379353892633327e-10
562.0,267.5300000000051,-0.04928072485451189,0.0007571317320928513,382.63987637598547,0.0,0.28970879236834435,1.3822509805570105e-10
563.0,267.5200000000051,-0.049280671060595374,0.00075718835726804,382.350365131111,0.0,0.2895112448744612,1.385146093005755e-10
564.0,267.5100000000051,-0.04928061726064727,0.0007572449887924434,382.06105131459026,0.0,0.28931381652074606,1.3880392311709625e-10
565.0,267.5000000000051,-0.04928056345466147,0.000757301626672215,381.77193480734286,0.0,0.28911650724739957,1.3909303962434366e-10
566.0,267.4900000000051,-0.0492805096426371,0.000757358270908389,381.48301549035017,0.0,0.2889193169926898,1.3938195894133634e-10
567.0,267.48000000000513,-0.04928045582457511,0.0007574149214999914,381.194293244656,0.0,0.28872224569414584,1.396706811870305e-10
568.0,267.47000000000514,-0.04928040200047503,0.0007574715784473158,380.9057679513662,0.0,0.28852529328980836,1.399592064803203e-10
569.0,267.46000000000515,-0.04928034817032995,0.0007575282417580576,380.61743949164565,0.0,0.2883284597205602,1.4024753494004087e-10
570.0,267.45000000000516,-0.04928029433414938,0.0007575849114217706,380.32930774672525,0.0,0.28813174492040616,1.4053566668496128e-10
571.0,267.44000000000517,-0.04928024049192168,0.0007576415874509479,380.04137259789314,0.0,0.2879351488321049,1.408236018337934e-10
572.0,267.4300000000052,-0.04928018664365608,0.0007576982698357374,379.7536339265032,0.0,0.28773867138994547,1.4111134050518333e-10
573.0,267.4200000000052,-0.04928013278934098,0.0007577549585885141,379.4660916139665,0.0,0.2875423125366865,1.4139888281772003e-10
574.0,267.4100000000052,-0.04928007892898601,0.0007578116536989733,379.17874554176,0.0,0.2873460722065033,1.4168622888992652e-10
575.0,267.4000000000052,-0.049280025062583895,0.0007578683551748651,378.89159559141956,0.0,0.2871499503404493,1.4197337884026697e-10
576.0,267.3900000000052,-0.0492799711901323,0.0007579250630186381,378.60464164454197,0.0,0.28695394687758835,1.4226033278714457e-10
577.0,267.3800000000052,-0.04927991731163638,0.0007579817772248576,378.31788358278794,0.0,0.2867580617540284,1.425470908488986e-10
578.0,267.37000000000523,-0.049279863427090766,0.0007580384977992823,378.0313212878778,0.0,0.28656229491014074,1.4283365314380876e-10
579.0,267.36000000000524,-0.04927980953649661,0.0007580952247403908,377.74495464159423,0.0,0.2863666462835681,1.4312001979009233e-10
580.0,267.35000000000525,-0.049279755639852756,0.0007581519580497484,377.4587835257811,0.0,0.286171115813147,1.4340619090590547e-10
581.0,267.34000000000526,-0.04927970173715309,0.0007582086977336794,377.17280782234155,0.0,0.28597570343953294,1.43692166609345e-10
582.0,267.33000000000527,-0.049279647828408615,0.0007582654437804982,376.88702741324494,0.0,0.28578040909661695,1.4397794701844162e-10
583.0,267.3200000000053,-0.049279593913606264,0.0007583221962039292,376.60144218051704,0.0,0.2855852327278967,1.4426353225116951e-10
584.0,267.3100000000053,-0.04927953999274973,0.0007583789550002918,376.3160520062467,0.0,0.28539017427033286,1.4454892242543984e-10
585.0,267.3000000000053,-0.04927948606584207,0.0007584357201662729,376.03085677258565,0.0,0.2851952336610566,1.448341176591009e-10
586.0,267.2900000000053,-0.049279432132874085,0.000758492491711493,375.74585636174356,0.0,0.2850004108420876,1.45119118069943e-10
587.0,267.2800000000053,-0.049279378193854424,0.0007585492696269007,375.4610506559951,0.0,0.2848057057484539,1.4540392377569144e-10
588.0,267.2700000000053,-0.04927932424877472,0.0007586060539213808,375.17643953767316,0.0,0.28461111832194774,1.4568853489401338e-10
589.0,267.26000000000533,-0.04927927029763434,0.0007586628445954324,374.8920228891719,0.0,0.28441664850123516,1.4597295154251462e-10
590.0,267.25000000000534,-0.049279216340440114,0.000758719641642043,374.60780059294973,0.0,0.28422229622219675,1.462571738387368e-10
591.0,267.24000000000535,-0.04927916237717934,0.0007587764450744641,374.3237725315214,0.0,0.28402806142833015,1.4654120190016514e-10
592.0,267.23000000000536,-0.04927910840786452,0.0007588332548794613,374.03993858746816,0.0,0.28383394405324225,1.468250358442184e-10
593.0,267.22000000000537,-0.0492790544324802,0.0007588900710735081,373.7562986434265,0.0,0.28363994404168125,1.4710867578826007e-10
594.0,267.2100000000054,-0.04927900045103801,0.0007589468936442798,373.4728525820988,0.0,0.28344606132765193,1.4739212184958772e-10
595.0,267.2000000000054,-0.04927894646353093,0.0007590037225989949,373.18960028624633,0.0,0.2832522958524919,1.476753741454402e-10
596.0,267.1900000000054,-0.04927889246995887,0.0007590605579381142,372.9065416386913,0.0,0.2830586475550376,1.4795843279299523e-10
597.0,267.1800000000054,-0.04927883847031962,0.0007591173996635534,372.6236765223166,0.0,0.282865116374694,1.4824129790936991e-10
598.0,267.1700000000054,-0.049278784464615866,0.0007591742477728841,372.3410048200673,0.0,0.2826717022492744,1.4852396961161918e-10
599.0,267.1600000000054,-0.04927873045284462,0.0007592311022687939,372.0585264149488,0.0,0.28247840511852473,1.488064480167377e-10
600.0,267.15000000000543,-0.04927867643500203,0.0007592879631557432,371.7762411900259,0.0,0.2822852249228731,1.4908873324166057e-10
601.0,267.14000000000544,-0.049278622411094486,0.0007593448304269576,371.49414902842733,0.0,0.28209216159859807,1.4937082540325916e-10
602.0,267.13000000000545,-0.049278568381113136,0.0007594017040915007,371.21224981333944,0.0,0.28189921508788984,1.4965272461834704e-10
603.0,267.12000000000546,-0.0492785143450625,0.0007594585841447479,370.93054342801156,0.0,0.2817063853278796,1.4993443100367493e-10
604.0,267.11000000000547,-0.04927846030294026,0.0007595154705891972,370.6490297557532,0.0,0.2815136722583702,1.502159446759333e-10
605.0,267.1000000000055,-0.049278406254741954,0.0007595723634295856,370.3677086799332,0.0,0.2813210758200171,1.5049726575175334e-10
606.0,267.0900000000055,-0.04927835220047441,0.0007596292626586059,370.08658008398413,0.0,0.28112859594904194,1.5077839434770238e-10
607.0,267.0800000000055,-0.04927829814012847,0.0007596861682859236,369.80564385139616,0.0,0.28093623258797606,1.5105933058029037e-10
608.0,267.0700000000055,-0.04927824407370884,0.000759743080306543,369.5248998657222,0.0,0.28074398567395065,1.513400745659643e-10
609.0,267.0600000000055,-0.049278190001210725,0.0007597999987255435,369.24434801057436,0.0,0.28055185514784853,1.5162062642111217e-10
610.0,267.0500000000055,-0.049278135922636634,0.0007598569235403951,368.9639881696266,0.0,0.2803598409477672,1.5190098626205994e-10
611.0,267.04000000000553,-0.04927808183798437,0.000759913854753268,368.683820226613,0.0,0.2801679430135664,1.521811542050735e-10
612.0,267.03000000000554,-0.04927802774725159,0.0007599707923667296,368.40384406532775,0.0,0.27997616128527625,1.5246113036635879e-10
613.0,267.02000000000555,-0.04927797365043815,0.0007600277363809656,368.1240595696257,0.0,0.2797844957020743,1.5274091486206086e-10
614.0,267.01000000000556,-0.04927791954754658,0.0007600846867931495,367.8444666234236,0.0,0.2795929462020581,1.530205078082629e-10
615.0,267.00000000000557,-0.04927786543856997,0.0007601416436105857,367.56506511069654,0.0,0.2794015127270768,1.5329990932099e-10
616.0,266.9900000000056,-0.04927781132351291,0.0007601986068286054,367.28585491548193,0.0,0.27921019521460266,1.5357911951620458e-10
617.0,266.9800000000056,-0.04927775720236836,0.0007602555764543837,367.00683592187545,0.0,0.27901899360648486,1.5385813850981108e-10
618.0,266.9700000000056,-0.049277703075141385,0.0007603125524827945,366.72800801403537,0.0,0.27882790784008193,1.5413696641765116e-10
619.0,266.9600000000056,-0.04927764894182914,0.00076036953491669,366.44937107617966,0.0,0.2786369378557083,1.5441560335550687e-10
620.0,266.9500000000056,-0.04927759480242981,0.0007604265237580832,366.17092499258627,0.0,0.2784460835933942,1.5469404943910026e-10
621.0,266.9400000000056,-0.04927754065694099,0.0007604835190095416,365.89266964759287,0.0,0.2782553449933971,1.5497230478409365e-10
622.0,266.93000000000563,-0.0492774865053673,0.0007605405206661005,365.6146049255996,0.0,0.27806472199324617,1.552503695060869e-10
623.0,266.92000000000564,-0.049277432347701836,0.0007605975287350031,365.33673071106466,0.0,0.2778742145349611,1.5552824372062184e-10
624.0,266.91000000000565,-0.049277378183946764,0.0007606545432139402,365.05904688850757,0.0,0.2776838225570941,1.5580592754317894e-10
625.0,266.90000000000566,-0.04927732401410027,0.0007607115641050424,364.7815533425077,0.0,0.277493545999846,1.5608342108917878e-10
626.0,266.89000000000567,-0.049277269838161816,0.0007607685914086568,364.5042499577049,0.0,0.27730338480279215,1.5636072447398157e-10
627.0,266.8800000000057,-0.049277215656129525,0.0007608256251269324,364.22713661879874,0.0,0.27711333890619017,1.5663783781288776e-10
628.0,266.8700000000057,-0.0492771614680055,0.0007608826652574186,363.9502132105501,0.0,0.27692340824864914,1.569147612211364e-10
629.0,266.8600000000057,-0.04927710727378334,0.0007609397118071234,363.67347961777784,0.0,0.27673359277224563,1.5719149481390865e-10
630.0,266.8500000000057,-0.04927705307346914,0.0007609967647693874,363.39693572536373,0.0,0.2765438924141108,1.5746803870632277e-10
631.0,266.8400000000057,-0.04927699886705666,0.0007610538241509246,363.12058141824747,0.0,0.2763543071162644,1.5774439301343903e-10
632.0,266.8300000000057,-0.0492769446545458,0.0007611108899518152,362.84441658142913,0.0,0.2761648368183387,1.5802055785025737e-10
633.0,266.82000000000573,-0.0492768904359363,0.000761167962172379,362.56844109996905,0.0,0.27597548146007966,1.5829653333171744e-10
634.0,266.81000000000574,-0.04927683621122867,0.0007612250408119203,362.29265485898816,0.0,0.2757862409808922,1.5857231957269832e-10
635.0,266.80000000000575,-0.049276781980420375,0.0007612821258732804,362.01705774366667,0.0,0.2755971153214887,1.5884791668801982e-10
636.0,266.79000000000576,-0.04927672774351138,0.0007613392173565634,361.74164963924505,0.0,0.275408104421615,1.5912332479244143e-10
637.0,266.78000000000577,-0.049276673500499454,0.0007613963152638451,361.4664304310233,0.0,0.27521920822175616,1.593985440006632e-10
638.0,266.7700000000058,-0.049276619251382575,0.0007614534195972921,361.19140000436084,0.0,0.2750304266624539,1.5967357442732565e-10
639.0,266.7600000000058,-0.04927656499616488,0.000761510530352857,360.9165582446788,0.0,0.27484175968203317,1.599484161870077e-10
640.0,266.7500000000058,-0.0492765107348422,0.0007615676475346052,360.64190503745704,0.0,0.27465320722177466,1.6022306939422947e-10
641.0,266.7400000000058,-0.049276456467412195,0.000761624771145122,360.3674402682346,0.0,0.27446476922244756,1.6049753416345192e-10
642.0,266.7300000000058,-0.049276402193874476,0.0007616819011848734,360.0931638226105,0.0,0.27427644562408204,1.6077181060907602e-10
643.0,266.7200000000058,-0.049276347914232216,0.0007617390376503006,359.8190755862452,0.0,0.27408823636528723,1.610458988454413e-10
644.0,266.71000000000583,-0.049276293628477554,0.0007617961805499391,359.54517544485617,0.0,0.27390014138904917,1.6131979898683034e-10
645.0,266.70000000000584,-0.04927623933661813,0.0007618533298756559,359.2714632842238,0.0,0.27371216063238535,1.6159351114746273e-10
646.0,266.69000000000585,-0.049276185038642194,0.0007619104856398124,358.9979389901841,0.0,0.2735242940397029,1.6186703544150244e-10
647.0,266.68000000000586,-0.04927613073456143,0.0007619676478301619,358.7246024486375,0.0,0.27333654154659826,1.6214037198304903e-10
648.0,266.67000000000587,-0.04927607642436434,0.0007620248164586174,358.4514535455401,0.0,0.27314890309736484,1.624135208861464e-10
649.0,266.6600000000059,-0.049276022108055414,0.0007620819915207035,358.1784921669097,0.0,0.27296137863044123,1.6268648226477682e-10
650.0,266.6500000000059,-0.049275967785632084,0.0007621391730188462,357.9057181988229,0.0,0.2727739680867671,1.629592562328636e-10
651.0,266.6400000000059,-0.04927591345709286,0.0007621963609549286,357.6331315274158,0.0,0.2725866714071117,1.6323184290427072e-10
652.0,266.6300000000059,-0.04927585912243925,0.0007622535553271044,357.36073203888486,0.0,0.27239948853093665,1.6350424239280166e-10
653.0,266.6200000000059,-0.04927580478166964,0.0007623107561372685,357.0885196194858,0.0,0.27221241939906804,1.6377645481220074e-10
654.0,266.6100000000059,-0.04927575043477921,0.000762367963390277,356.8164941555324,0.0,0.2720254639534119,1.6404848027615416e-10
655.0,266.60000000000593,-0.049275696081772166,0.0007624251770819944,356.5446555333997,0.0,0.27183862213269094,1.6432031889828686e-10
656.0,266.59000000000594,-0.049275641722647194,0.0007624823972134635,356.2730036395222,0.0,0.2716518938775039,1.6459197079216436e-10
657.0,266.58000000000595,-0.049275587357396435,0.0007625396237933258,356.001538360391,0.0,0.2714652791311778,1.6486343607129553e-10
658.0,266.57000000000596,-0.04927553298602959,0.0007625968568109905,355.7302595825608,0.0,0.2712787778302186,1.6513471484912574e-10
659.0,266.56000000000597,-0.049275478608539765,0.0007626540962739954,355.4591671926432,0.0,0.2710923899176123,1.6540580723904335e-10
660.0,266.550000000006,-0.04927542422492245,0.0007627113421869487,355.18826107730786,0.0,0.27090611533532183,1.6567671335437868e-10
661.0,266.540000000006,-0.04927536983518652,0.0007627685945406166,354.91754112328744,0.0,0.2707199540204215,1.659474333083991e-10
662.0,266.530000000006,-0.04927531543932095,0.0007628258533463469,354.6470072173701,0.0,0.2705339059173184,1.6621796721431644e-10
663.0,266.520000000006,-0.04927526103733004,0.0007628831186000443,354.37665924640515,0.0,0.27034797096496277,1.664883151852814e-10
664.0,266.510000000006,-0.04927520662921636,0.000762940390298647,354.10649709730245,0.0,0.27016214910270264,1.667584773343841e-10
665.0,266.500000000006,-0.049275152214970634,0.0007629976684520287,353.83652065702796,0.0,0.2699764402744904,1.670284537746586e-10
666.0,266.49000000000603,-0.04927509779459743,0.0007630549530553835,353.56672981260886,0.0,0.2697908444191057,1.672982446190777e-10
667.0,266.48000000000604,-0.049275043368092165,0.0007631122441136339,353.29712445113006,0.0,0.26960536147879566,1.6756784998055648e-10
668.0,266.47000000000605,-0.04927498893546156,0.0007631695416193986,353.0277044597386,0.0,0.2694199913914872,1.6783726997194798e-10
669.0,266.46000000000606,-0.049274934496694935,0.0007632268455843829,352.7584697256367,0.0,0.2692347341018717,1.6810650470604986e-10
670.0,266.45000000000607,-0.04927488005179833,0.0007632841560018628,352.48942013608854,0.0,0.2690495895481604,1.6837555429559803e-10
671.0,266.4400000000061,-0.04927482560076533,0.0007633414728785802,352.2205555784152,0.0,0.2688645576733393,1.6864441885327137e-10
672.0,266.4300000000061,-0.04927477114360256,0.0007633987962078109,351.9518759399995,0.0,0.26867963841567644,1.6891309849168704e-10
673.0,266.4200000000061,-0.04927471668030114,0.000763456125998905,351.6833811082804,0.0,0.26849483171912425,1.6918159332340618e-10
674.0,266.4100000000061,-0.049274662210863594,0.0007635134622488697,351.4150709707571,0.0,0.268310137523315,1.6944990346092949e-10
675.0,266.4000000000061,-0.049274607735291555,0.0007635708049562448,351.14694541498864,0.0,0.26812555576844943,1.6971802901669794e-10
676.0,266.3900000000061,-0.0492745532535786,0.0007636281541277571,350.879004328591,0.0,0.26794108639762726,1.6998597010309556e-10
677.0,266.38000000000613,-0.04927449876572722,0.000763685509760835,350.6112475992403,0.0,0.26775672935070816,1.7025372683244626e-10
678.0,266.37000000000614,-0.049274444271737064,0.0007637428718557435,350.3436751146717,0.0,0.26757248456857496,1.7052129931701483e-10
679.0,266.36000000000615,-0.04927438977160823,0.0007638002404125105,350.0762867626797,0.0,0.2673883519920537,1.707886876690069e-10
680.0,266.35000000000616,-0.04927433526533179,0.0007638576154401944,349.8090824311145,0.0,0.26720433156515355,1.7105589200057203e-10
681.0,266.34000000000617,-0.04927428075291884,0.000763914996927632,349.5420620078897,0.0,0.2670204232248352,1.7132291242379687e-10
682.0,266.3300000000062,-0.049274226234358676,0.0007639723848856915,349.2752253809739,0.0,0.26683662691579,1.7158974905071266e-10
683.0,266.3200000000062,-0.04927417170965734,0.0007640297793080919,349.00857243839715,0.0,0.26665294257674077,1.718564019932894e-10
684.0,266.3100000000062,-0.049274117178805976,0.0007640871802042748,348.7421030682452,0.0,0.26646937015192407,1.7212287136344132e-10
685.0,266.3000000000062,-0.049274062641811917,0.000764144587566501,348.4758171586656,0.0,0.26628590957960796,1.7238915727302092e-10
686.0,266.2900000000062,-0.04927400809866765,0.0007642020014024455,348.20971459786216,0.0,0.2661025608034606,1.7265525983382438e-10
687.0,266.2800000000062,-0.04927395354938046,0.0007642594217048584,347.9437952741002,0.0,0.26591932376197747,1.7292117915758636e-10
688.0,266.27000000000623,-0.049273898993938824,0.0007643168484855293,347.6780590756999,0.0,0.2657361984003046,1.7318691535598667e-10
689.0,266.26000000000624,-0.049273844432349605,0.0007643742817372219,347.4125058910429,0.0,0.2655531846569943,1.7345246854064365e-10
690.0,266.25000000000625,-0.049273789864608404,0.0007644317214648865,347.147135608568,0.0,0.26537028247486205,1.737178388231185e-10
691.0,266.24000000000626,-0.049273735290717234,0.0007644891676660358,346.88194811677386,0.0,0.26518749179416545,1.7398302631491268e-10
692.0,266.23000000000627,-0.049273680710672084,0.0007645466203451538,346.61694330421625,0.0,0.26500481255760633,1.742480311274703e-10
693.0,266.2200000000063,-0.04927362612447223,0.0007646040795028877,346.35212105950967,0.0,0.2648222447065791,1.7451285337217687e-10
694.0,266.2100000000063,-0.04927357153212058,0.0007646615451363586,346.0874812713284,0.0,0.26463978818128453,1.7477749316035815e-10
695.0,266.2000000000063,-0.04927351693361023,0.00076471901725247,345.82302382840305,0.0,0.2644574429253339,1.7504195060328347e-10
696.0,266.1900000000063,-0.04927346232894515,0.0007647764958472102,345.55874861952447,0.0,0.2642752088785869,1.7530622581216206e-10
697.0,266.1800000000063,-0.049273407718121436,0.0007648339809248776,345.29465553354066,0.0,0.2640930859838022,1.7557031889814587e-10
698.0,266.1700000000063,-0.04927335310114132,0.0007648914724827856,345.0307444593593,0.0,0.26391107418135107,1.7583422997232722e-10
699.0,266.16000000000633,-0.04927329847800233,0.000764948970523936,344.7670152859457,0.0,0.26372917341359425,1.760979591457408e-10
700.0,266.15000000000634,-0.049273243848700354,0.0007650064750522556,344.5034679023225,0.0,0.2635473836232336,1.7636150652936403e-10
701.0,266.14000000000635,-0.049273189213239095,0.0007650639860641736,344.24010219757207,0.0,0.263365704750413,1.7662487223411445e-10
702.0,266.13000000000636,-0.04927313457161496,0.0007651215035633053,343.9769180608343,0.0,0.2631841367377774,1.7688805637085222e-10
703.0,266.12000000000637,-0.049273079923827685,0.0007651790275498928,343.71391538130746,0.0,0.263002679526835,1.7715105905037905e-10
704.0,266.1100000000064,-0.049273025269879006,0.0007652365580221147,343.45109404824905,0.0,0.2628213330584117,1.7741388038343746e-10
705.0,266.1000000000064,-0.04927297060976268,0.0007652940949866854,343.18845395097276,0.0,0.26264009727628945,1.7767652048071375e-10
706.0,266.0900000000064,-0.049272915943481044,0.0007653516384409783,342.9259949788517,0.0,0.26245897212106684,1.7793897945283482e-10
707.0,266.0800000000064,-0.04927286127103368,0.0007654091883856001,342.6637170213172,0.0,0.26227795753447936,1.782012574103693e-10
708.0,266.0700000000064,-0.049272806592418734,0.0007654667448224121,342.4016199678585,0.0,0.26209705345871726,1.7846335446382802e-10
709.0,266.0600000000064,-0.049272751907636296,0.0007655243077513765,342.13970370802315,0.0,0.2619162598353455,1.7872527072366336e-10
710.0,266.05000000000643,-0.04927269721668141,0.000765581877177537,341.87796813141546,0.0,0.2617355766076912,1.7898700630027104e-10
711.0,266.04000000000644,-0.04927264251955647,0.000765639453098552,341.6164131276989,0.0,0.26155500371658036,1.7924856130398763e-10
712.0,266.03000000000645,-0.04927258781626398,0.0007656970355116609,341.35503858659615,0.0,0.2613745411027253,1.7950993584509034e-10
713.0,266.02000000000646,-0.0492725331067972,0.0007657546244240219,341.0938443978859,0.0,0.2611941887102489,1.797711300338006e-10
714.0,266.01000000000647,-0.04927247839115538,0.0007658122198365682,340.83283045140473,0.0,0.26101394648117093,1.8003214398028177e-10
715.0,266.0000000000065,-0.04927242366934208,0.0007658698217451479,340.5719966370489,0.0,0.26083381435580577,1.8029297779463758e-10
716.0,265.9900000000065,-0.04927236894135156,0.0007659274301562146,340.3113428447708,0.0,0.2606537922781058,1.8055363158691569e-10
717.0,265.9800000000065,-0.04927231420718678,0.0007659850450666339,340.05086896458204,0.0,0.26047388018878337,1.8081410546710448e-10
718.0,265.9700000000065,-0.0492722594668435,0.000766042666480548,339.790574886551,0.0,0.26029407803105187,1.8107439954513553e-10
719.0,265.9600000000065,-0.04927220472032536,0.0007661002943943312,339.5304605008055,0.0,0.26011438574550994,1.8133451393088104e-10
720.0,265.9500000000065,-0.04927214996762592,0.0007661579288148296,339.27052569752914,0.0,0.25993480327633733,1.8159444873415738e-10
721.0,265.94000000000653,-0.04927209520874793,0.0007662155697391054,339.0107703669647,0.0,0.2597553305644169,1.8185420406472179e-10
722.0,265.93000000000654,-0.049272040443686535,0.0007662732171721932,338.75119439941136,0.0,0.25957596755336,1.8211378003227516e-10
723.0,265.92000000000655,-0.04927198567244828,0.000766330871107137,338.4917976852286,0.0,0.259396714182742,1.823731767464579e-10
724.0,265.91000000000656,-0.049271930895024796,0.0007663885315528544,338.2325801148311,0.0,0.25921757039753857,1.8263239431685543e-10
725.0,265.90000000000657,-0.04927187611141944,0.0007664461985059327,337.9735415786925,0.0,0.25903853613857564,1.82891432852994e-10
726.0,265.8900000000066,-0.04927182132162705,0.0007665038719716276,337.71468196734287,0.0,0.2588596113496351,1.8315029246434362e-10
727.0,265.8800000000066,-0.04927176652565298,0.0007665615519443484,337.456001171372,0.0,0.2586807959708608,1.8340897326031447e-10
728.0,265.8700000000066,-0.04927171172348924,0.0007666192384324083,337.1974990814249,0.0,0.25850208994711465,1.8366747535026159e-10
729.0,265.8600000000066,-0.049271656915141564,0.0007666769314300609,336.93917558820635,0.0,0.25832349321854053,1.8392579884348013e-10
730.0,265.8500000000066,-0.04927160210060202,0.0007667346309453153,336.6810305824764,0.0,0.2581450057299435,1.8418394384921007e-10
731.0,265.8400000000066,-0.04927154727987687,0.0007667923369717607,336.4230639550551,0.0,0.25796662742129683,1.8444191047663136e-10
732.0,265.83000000000663,-0.04927149245296126,0.0007668500495145602,336.1652755968186,0.0,0.25778835823649615,1.8469969883486785e-10
733.0,265.82000000000664,-0.049271437619853586,0.0007669077685752626,335.9076653987004,0.0,0.25761019811824326,1.849573090329861e-10
734.0,265.81000000000665,-0.04927138278055585,0.0007669654941517856,335.6502332516923,0.0,0.2574321470080463,1.8521474117999413e-10
735.0,265.80000000000666,-0.04927132793506336,0.0007670232262490846,335.3929790468425,0.0,0.25725420484980077,1.8547199538484392e-10
736.0,265.79000000000667,-0.04927127308337867,0.0007670809648645876,335.1359026752576,0.0,0.25707637158490115,1.8572907175642883e-10
737.0,265.7800000000067,-0.04927121822549965,0.0007671387100003914,334.8790040281013,0.0,0.2568986471563335,1.8598597040358518e-10
738.0,265.7700000000067,-0.04927116336142351,0.0007671964616595423,334.62228299659387,0.0,0.25672103150742487,1.862426914350926e-10
739.0,265.7600000000067,-0.049271108491152946,0.0007672542198390664,334.36573947201435,0.0,0.2565435245795129,1.8649923495967213e-10
740.0,265.7500000000067,-0.04927105361468318,0.0007673119845440723,334.1093733456977,0.0,0.25636612631666367,1.867556010859888e-10
741.0,265.7400000000067,-0.04927099873201691,0.0007673697557717723,333.85318450903736,0.0,0.25618883666032843,1.8701178992264915e-10
742.0,265.7300000000067,-0.04927094384314932,0.000767427533527134,333.5971728534828,0.0,0.2560116555545733,1.8726780157820373e-10
743.0,265.72000000000673,-0.0492708889480848,0.0007674853178055092,333.3413382705425,0.0,0.25583458294028105,1.87523636161144e-10
744.0,265.71000000000674,-0.04927083404681429,0.0007675431086166704,333.08568065177934,0.0,0.2556576187631663,1.8777929377990718e-10
745.0,265.70000000000675,-0.049270779139345536,0.0007676009059520615,332.8301998888165,0.0,0.25548076296286126,1.8803477454287005e-10
746.0,265.69000000000676,-0.04927072422567237,0.0007676587098185805,332.5748958733323,0.0,0.25530401548417103,1.882900785583542e-10
747.0,265.68000000000677,-0.04927066930579639,0.0007677165202143434,332.3197684970633,0.0,0.2551273762690016,1.885452059346232e-10
748.0,265.6700000000068,-0.049270614379716346,0.000767774337140807,332.0648176518029,0.0,0.2549508452603959,1.888001567798836e-10
749.0,265.6600000000068,-0.04927055944742678,0.0007678321606034698,331.81004322940015,0.0,0.25477442240276105,1.8905493120228637e-10
750.0,265.6500000000068,-0.04927050450893306,0.0007678899905967925,331.5554451217633,0.0,0.2545981076368662,1.8930952930992322e-10
751.0,265.6400000000068,-0.049270449564231676,0.0007679478271245799,331.3010232208567,0.0,0.2544219009066069,1.8956395121082983e-10
752.0,265.6300000000068,-0.049270394613322124,0.0007680056701873078,331.0467774187019,0.0,0.25424580215479864,1.8981819701298463e-10
753.0,265.6200000000068,-0.0492703396562026,0.0007680635197867512,330.79270760737717,0.0,0.25406981132471174,1.9007226682430934e-10
754.0,265.61000000000683,-0.04927028469287284,0.0007681213759234088,330.53881367901795,0.0,0.25389392835921853,1.9032616075266855e-10
755.0,265.60000000000684,-0.04927022972333049,0.0007681792385995972,330.28509552581613,0.0,0.2537181532018167,1.9057987890587038e-10
756.0,265.59000000000685,-0.04927017474757584,0.0007682371078149777,330.031553040021,0.0,0.25354248579515115,1.9083342139166553e-10
757.0,265.58000000000686,-0.049270119765608654,0.0007682949835698218,329.7781861139389,0.0,0.2533669260820943,1.9108678831774762e-10
758.0,265.57000000000687,-0.04927006477742875,0.0007683528658644959,329.5249946399333,0.0,0.2531914740055754,1.913399797917532e-10
759.0,265.5600000000069,-0.04927000978303231,0.0007684107547029171,329.2719785104236,0.0,0.2530161295097173,1.915929959212629e-10
760.0,265.5500000000069,-0.04926995478241907,0.0007684686500853083,329.01913761788614,0.0,0.25284089253744924,1.9184583681380036e-10
761.0,265.5400000000069,-0.04926989977559072,0.0007685265520097377,328.7664718548551,0.0,0.2526657630310183,1.920985025768314e-10
762.0,265.5300000000069,-0.049269844762541155,0.000768584460483019,328.51398111391956,0.0,0.25249074093557056,1.9235099331776695e-10
763.0,265.5200000000069,-0.04926978974327701,0.000768642375497876,328.2616652877279,0.0,0.25231582619164783,1.926033091439586e-10
764.0,265.5100000000069,-0.04926973471778905,0.0007687002970642687,328.00952426898243,0.0,0.25214101874547623,1.9285545016270407e-10
765.0,265.50000000000693,-0.04926967968608222,0.0007687582251766693,327.7575579504442,0.0,0.2519663185382228,1.9310741648124228e-10
766.0,265.49000000000694,-0.04926962464815599,0.0007688161598358767,327.50576622493105,0.0,0.25179172551315787,1.9335920820675545e-10
767.0,265.48000000000695,-0.04926956960400167,0.0007688741010509579,327.25414898531477,0.0,0.25161723961628013,1.9361082544637173e-10
768.0,265.47000000000696,-0.04926951455363037,0.0007689320488102336,327.00270612452795,0.0,0.251442860786824,1.9386226830715856e-10
769.0,265.46000000000697,-0.049269459497028954,0.0007689900031274933,326.75143753555557,0.0,0.2512685889723798,1.9411353689613094e-10
770.0,265.450000000007,-0.04926940443420387,0.000769047963995941,326.50034311144174,0.0,0.25109442411383043,1.9436463132024476e-10
771.0,265.440000000007,-0.04926934936515274,0.0007691059314182656,326.24942274528655,0.0,0.2509203661551851,1.9461555168639995e-10
772.0,265.430000000007,-0.0492692942898761,0.0007691639053935971,325.99867633024724,0.0,0.25074641503931616,1.9486629810143927e-10
773.0,265.420000000007,-0.0492692392083664,0.0007692218859302387,325.7481037595351,0.0,0.2505725707121087,1.951168706721514e-10
774.0,265.410000000007,-0.049269184120633455,0.0007692798730173965,325.4977049264219,0.0,0.25039883311325184,1.9536726950526465e-10
775.0,265.400000000007,-0.0492691290266653,0.0007693378666681177,325.24747972423165,0.0,0.25022520219022226,1.9561749470745488e-10
776.0,265.39000000000703,-0.04926907392646945,0.0007693958668742407,324.99742804634803,0.0,0.2500516778836186,1.958675463853385e-10
777.0,265.38000000000704,-0.049269018820038556,0.0007694538736436089,324.74754978620876,0.0,0.24987826013926906,1.9611742464547778e-10
778.0,265.37000000000705,-0.0492689637073798,0.0007695118869687651,324.4978448373107,0.0,0.24970494889805653,1.9636712959437583e-10
779.0,265.36000000000706,-0.04926890858848153,0.0007695699068616179,324.24831309320354,0.0,0.24953174410717338,1.96616661338483e-10
780.0,265.35000000000707,-0.04926885346335084,0.0007696279333149047,323.9989544474959,0.0,0.24935864570761623,1.968660199841906e-10
781.0,265.3400000000071,-0.04926879833198325,0.0007696859663335549,323.74976879385156,0.0,0.24918565364436063,1.9711520563783497e-10
782.0,265.3300000000071,-0.04926874319438037,0.0007697440059154038,323.50075602599145,0.0,0.24901276786010837,1.9736421840569507e-10
783.0,265.3200000000071,-0.04926868805054071,0.0007698020520624225,323.2519160376925,0.0,0.24883998829892562,1.97613058393994e-10
784.0,265.3100000000071,-0.049268632900459707,0.0007698601047793277,323.00324872278674,0.0,0.24866731490578786,1.978617257088998e-10
785.0,265.3000000000071,-0.04926857774414145,0.0007699181640616098,322.754753975164,0.0,0.2484947476227148,1.981102204565225e-10
786.0,265.2900000000071,-0.04926852258158143,0.0007699762299143634,322.50643168876917,0.0,0.24832228639485265,1.9835854274291735e-10
787.0,265.28000000000713,-0.04926846741278046,0.0007700343023364447,322.2582817576038,0.0,0.24814993116535786,1.9860669267408272e-10
788.0,265.27000000000714,-0.04926841223773776,0.000770092381328746,322.01030407572574,0.0,0.24797768187806926,1.988546703559608e-10
789.0,265.26000000000715,-0.049268357056448935,0.0007701504668959724,321.76249853724767,0.0,0.24780553847807593,1.9910247589443888e-10
790.0,265.25000000000716,-0.049268301868920866,0.0007702085590307365,321.51486503634106,0.0,0.24763350090660197,1.993501093953455e-10
791.0,265.24000000000717,-0.04926824667514225,0.0007702666577450196,321.26740346722994,0.0,0.24746156911112394,1.995975709644566e-10
792.0,265.2300000000072,-0.04926819147512025,0.0007703247630312772,321.0201137241971,0.0,0.24728974303286577,1.9984486070748948e-10
793.0,265.2200000000072,-0.04926813626885169,0.0007703828748930282,320.77299570158044,0.0,0.24711802261663252,2.000919787301061e-10
794.0,265.2100000000072,-0.049268081056333256,0.0007704409933335477,320.52604929377327,0.0,0.24694640780717236,2.0033892513791329e-10
795.0,265.2000000000072,-0.04926802583756633,0.000770499118351248,320.27927439522557,0.0,0.24677489854769874,2.0058570003646099e-10
796.0,265.1900000000072,-0.049267970612550845,0.0007705572499465881,320.03267090044346,0.0,0.2466034947821072,2.0083230353124308e-10
797.0,265.1800000000072,-0.04926791538128552,0.0007706153881204827,319.786238703989,0.0,0.2464321964544638,2.0107873572769756e-10
798.0,265.17000000000724,-0.049267860143765003,0.0007706735328789324,319.5399777004785,0.0,0.24626100351048305,2.0132499673120804e-10
799.0,265.16000000000724,-0.04926780489999137,0.0007707316842196859,319.29388778458525,0.0,0.2460899158932648,2.015710866471013e-10
800.0,265.15000000000725,-0.04926774964996811,0.0007707898421387977,319.04796885103985,0.0,0.24591893354539707,2.018170055806467e-10
801.0,265.14000000000726,-0.04926769439368684,0.000770848006645432,318.8022207946262,0.0,0.24574805641367448,2.0206275363706036e-10
802.0,265.13000000000727,-0.04926763913115355,0.0007709061777331715,318.55664351018623,0.0,0.2455772844399462,2.023083309215003e-10
803.0,265.1200000000073,-0.04926758386235836,0.0007709643554122936,318.31123689261483,0.0,0.2454066175714047,2.025537375390717e-10
804.0,265.1100000000073,-0.049267528587310365,0.000771022539673361,318.06600083686584,0.0,0.24523605574898968,2.027989735948207e-10
805.0,265.1000000000073,-0.049267473306002965,0.0007710807305232868,317.82093523794697,0.0,0.24506559891887036,2.0304403919373957e-10
806.0,265.0900000000073,-0.04926741801843627,0.0007711389279619446,317.57603999092197,0.0,0.2448952470249992,2.0328893444076458e-10
807.0,265.0800000000073,-0.04926736272460578,0.0007711971319939673,317.3313149909091,0.0,0.24472500001286335,2.0353365944077745e-10
808.0,265.0700000000073,-0.04926730742452029,0.0007712553426102905,317.0867601330855,0.0,0.24455485782362985,2.0377821429860107e-10
809.0,265.06000000000734,-0.04926725211816608,0.0007713135598252547,316.84237531267956,0.0,0.24438482040591225,2.0402259911900698e-10
810.0,265.05000000000734,-0.049267196805553186,0.0007713717836281991,316.59816042497914,0.0,0.24421488770042288,2.0426681400670742e-10
811.0,265.04000000000735,-0.049267141486675575,0.0007714300140257844,316.35411536532575,0.0,0.24404505965338785,2.045108590663608e-10
812.0,265.03000000000736,-0.04926708616153037,0.0007714882510206569,316.11024002911597,0.0,0.24387533620978274,2.047547344025706e-10
813.0,265.02000000000737,-0.0492670308301229,0.0007715464946074687,315.8665343118039,0.0,0.24370571731208204,2.0499844011988269e-10
814.0,265.0100000000074,-0.04926697549244537,0.0007716047447944681,315.6229981088968,0.0,0.24353620290708022,2.0524197632278977e-10
815.0,265.0000000000074,-0.049266920148503666,0.0007716630015750643,315.3796313159599,0.0,0.24336679293691077,2.054853431157267e-10
816.0,264.9900000000074,-0.04926686479828901,0.000771721264958987,315.136433828611,0.0,0.2431974873488798,2.0572854060307557e-10
817.0,264.9800000000074,-0.04926680944180658,0.0007717795349405672,314.89340554252556,0.0,0.24302828608546181,2.0597156888916104e-10
818.0,264.9700000000074,-0.0492667540790531,0.0007718378115230727,314.6505463534336,0.0,0.24285918909197332,2.0621442807825302e-10
819.0,264.9600000000074,-0.04926669871002901,0.000771896094706266,314.40785615712093,0.0,0.2426901963126511,2.0645711827456568e-10
820.0,264.95000000000744,-0.04926664333472985,0.0007719543844948974,314.1653348494276,0.0,0.24252130769332325,2.06699639582259e-10
821.0,264.94000000000744,-0.04926658795316015,0.0007720126808840506,313.9229823262508,0.0,0.24235252317680533,2.069419921054358e-10
822.0,264.93000000000745,-0.04926653256531345,0.0007720709838806788,313.68079848354114,0.0,0.24218384270966453,2.0718417594814545e-10
823.0,264.92000000000746,-0.04926647717119159,0.0007721292934826061,313.4387832173055,0.0,0.24201526623562586,2.0742619121438108e-10
824.0,264.91000000000747,-0.0492664217707965,0.0007721876096879311,313.196936423607,0.0,0.24184679369852802,2.076680380080796e-10
825.0,264.9000000000075,-0.049266366364120164,0.0007722459325052066,312.9552579985615,0.0,0.24167842504550663,2.079097164331251e-10
826.0,264.8900000000075,-0.04926631095116843,0.0007723042619280204,312.71374783834244,0.0,0.24151016021903615,2.0815122659334415e-10
827.0,264.8800000000075,-0.04926625553193504,0.0007723625979631447,312.4724058391767,0.0,0.24134199916574062,2.0839256859250989e-10
828.0,264.8700000000075,-0.04926620010642193,0.0007724209406085511,312.2312318973472,0.0,0.24117394182951557,2.086337425343394e-10
829.0,264.8600000000075,-0.04926614467462982,0.000772479289863399,311.99022590919253,0.0,0.24100598815465446,2.0887474852249406e-10
830.0,264.8500000000075,-0.049266089236553005,0.000772537645733697,311.7493877711049,0.0,0.2408381380876108,2.0911558666058168e-10
831.0,264.84000000000754,-0.04926603379219495,0.0007725960082159,311.50871737953304,0.0,0.2406703915718822,2.0935625705215355e-10
832.0,264.83000000000754,-0.049265978341550255,0.0007726543773155059,311.26821463097923,0.0,0.2405027485538085,2.0959675980070735e-10
833.0,264.82000000000755,-0.0492659228846242,0.0007727127530271611,311.02787942200285,0.0,0.24033520897637572,2.0983709500968373e-10
834.0,264.81000000000756,-0.04926586742141145,0.0007727711353563929,310.7877116492169,0.0,0.24016777278598056,2.1007726278246971e-10
835.0,264.80000000000757,-0.04926581195190863,0.0007728295243068365,310.5477112092884,0.0,0.24000043992845121,2.1031726322239816e-10
836.0,264.7900000000076,-0.049265756476123614,0.0007728879198699607,310.30787799894256,0.0,0.23983321034586425,2.1055709643274403e-10
837.0,264.7800000000076,-0.049265700994045605,0.0007729463220573008,310.068211914956,0.0,0.23966608398654898,2.107967625167306e-10
838.0,264.7700000000076,-0.04926564550567694,0.0007730047308664013,309.8287128541615,0.0,0.23949906079451466,2.110362615775251e-10
839.0,264.7600000000076,-0.04926559001102224,0.0007730631462925108,309.5893807134484,0.0,0.2393321407130884,2.112755937182382e-10
840.0,264.7500000000076,-0.04926553451007217,0.0007731215683451213,309.3502153897584,0.0,0.23916532369003107,2.1151475904192822e-10
841.0,264.7400000000076,-0.049265479002831195,0.0007731799970198775,309.11121678008953,0.0,0.23899860966884034,2.1175375765159706e-10
842.0,264.73000000000764,-0.049265423489295496,0.0007732384323206138,308.87238478149396,0.0,0.23883199859557178,2.1199258965019263e-10
843.0,264.72000000000764,-0.04926536796946865,0.0007732968742435404,308.63371929108,0.0,0.23866549041395047,2.1223125514060657e-10
844.0,264.71000000000765,-0.049265312443339974,0.0007733553228000819,308.3952202060076,0.0,0.23849908507241935,2.1246975422567898e-10
845.0,264.70000000000766,-0.049265256910923386,0.0007734137779754112,308.15688742349624,0.0,0.2383327825113497,2.1270808700819032e-10
846.0,264.6900000000077,-0.04926520137220186,0.0007734722397876321,307.91872084081496,0.0,0.2381665826812878,2.129462535908716e-10
847.0,264.6800000000077,-0.049265145827185476,0.0007735307082258088,307.6807203552911,0.0,0.23800048552385533,2.1318425407639545e-10
848.0,264.6700000000077,-0.049265090275871865,0.0007735891832927589,307.44288586430616,0.0,0.2378344909849375,2.1342208856738039e-10
849.0,264.6600000000077,-0.04926503471825388,0.0007736476649960436,307.20521726529427,0.0,0.23766859901189716,2.136597571663923e-10
850.0,264.6500000000077,-0.04926497915433886,0.000773706153327605,306.96771445574694,0.0,0.23750280954732264,2.1389725997593962e-10
851.0,264.6400000000077,-0.04926492358411698,0.0007737646482980034,306.7303773332074,0.0,0.23733712253954312,2.1413459709847916e-10
852.0,264.6300000000077,-0.049264868007597884,0.0007738231498969703,306.4932057952769,0.0,0.23717153793052148,2.1437176863640967e-10
853.0,264.62000000000774,-0.049264812424770134,0.0007738816581367769,306.2561997396077,0.0,0.23700605566915556,2.1460877469207883e-10
854.0,264.61000000000774,-0.049264756835638336,0.000773940173012372,306.01935906390867,0.0,0.23684067569905665,2.1484561536777789e-10
855.0,264.60000000000775,-0.049264701240204656,0.000773998694521393,305.782683665944,0.0,0.23667539796468873,2.1508229076574259e-10
856.0,264.59000000000776,-0.04926464563845767,0.0007740572226760949,305.54617344352897,0.0,0.2365102224150064,2.153188009881576e-10
857.0,264.5800000000078,-0.04926459003040696,0.0007741157574663384,305.3098282945368,0.0,0.2363451489921431,2.1555514613714976e-10
858.0,264.5700000000078,-0.04926453441604714,0.0007741742988977131,305.07364811689376,0.0,0.23618017764306387,2.1579132631479282e-10
859.0,264.5600000000078,-0.04926447879537707,0.0007742328469716425,304.8376328085803,0.0,0.23601530831348327,2.160273416231063e-10
860.0,264.5500000000078,-0.049264423168398026,0.0007742914016862982,304.60178226763213,0.0,0.2358505409481495,2.1626319216405444e-10
861.0,264.5400000000078,-0.04926436753510372,0.0007743499630487342,304.3660963921376,0.0,0.23568587549453923,2.1649887803954897e-10
862.0,264.5300000000078,-0.04926431189550066,0.0007744085310519207,304.1305750802417,0.0,0.2355213118958659,2.1673439935144484e-10
863.0,264.5200000000078,-0.04926425624958267,0.0007744671057025708,303.8952182301422,0.0,0.23535685009954932,2.1696975620154438e-10
864.0,264.51000000000784,-0.04926420059734726,0.0007745256870028447,303.66002574009053,0.0,0.2351924900516451,2.1720494869159601e-10
865.0,264.50000000000784,-0.049264144938802316,0.0007745842749448923,303.42499750839534,0.0,0.23502823169519615,2.174399769232912e-10
866.0,264.49000000000785,-0.04926408927393624,0.000774642869540827,303.190133433416,0.0,0.2348640749793276,2.1767484099827053e-10
867.0,264.48000000000786,-0.04926403360275457,0.0007747014707847,302.9554334135683,0.0,0.2347000198477076,2.1790954101811824e-10
868.0,264.4700000000079,-0.04926397792525545,0.0007747600786785377,302.72089734732185,0.0,0.23453606624644863,2.181440770843647e-10
869.0,264.4600000000079,-0.04926392224143406,0.0007748186932273009,302.4865251331993,0.0,0.2343722141225726,2.1837844929848727e-10
870.0,264.4500000000079,-0.04926386655129532,0.0007748773144260999,302.25231666977913,0.0,0.23420846342014556,2.1861265776190741e-10
871.0,264.4400000000079,-0.04926381085483696,0.0007749359422769127,302.0182718556938,0.0,0.23404481408533684,2.1884670257599274e-10
872.0,264.4300000000079,-0.04926375515205188,0.0007749945767874858,301.7843905896277,0.0,0.23388126606607784,2.1908058384205881e-10
873.0,264.4200000000079,-0.049263699442946784,0.0007750532179507986,301.55067277032185,0.0,0.23371781930586621,2.1931430166136467e-10
874.0,264.4100000000079,-0.049263643727515655,0.0007751118657731249,301.3171182965696,0.0,0.23355447375223548,2.1954785613511691e-10
875.0,264.40000000000794,-0.04926358800576232,0.0007751705202502883,301.08372706722,0.0,0.23339122934959275,2.197812473644665e-10
876.0,264.39000000000794,-0.049263532277680364,0.0007752291813891696,300.8504989811743,0.0,0.23322808604569897,2.200144754505122e-10
877.0,264.38000000000795,-0.049263476543273794,0.0007752878491854286,300.61743393738936,0.0,0.2330650437849613,2.2024754049429715e-10
878.0,264.37000000000796,-0.04926342080253656,0.0007753465236457989,300.3845318348742,0.0,0.23290210251514054,2.204804425968123e-10
879.0,264.360000000008,-0.04926336505547302,0.0007754052047652064,300.15179257269375,0.0,0.23273926218047333,2.2071318185899276e-10
880.0,264.350000000008,-0.04926330930208015,0.0007754638925471997,299.91921604996594,0.0,0.23257652272781115,2.2094575838172058e-10
881.0,264.340000000008,-0.04926325354235447,0.0007755225869952579,299.68680216586193,0.0,0.23241388410400532,2.2117817226582458e-10
882.0,264.330000000008,-0.049263197776295765,0.0007755812881097515,299.45455081960694,0.0,0.23225134625499777,2.214104236120796e-10
883.0,264.320000000008,-0.04926314200390818,0.0007756399958862158,299.2224619104816,0.0,0.23208890912530933,2.216425125212049e-10
884.0,264.310000000008,-0.0492630862251851,0.0007756987103315022,298.99053533781876,0.0,0.23192657266287145,2.2187443909386777e-10
885.0,264.300000000008,-0.049263030440128655,0.0007757574314436461,298.75877100100575,0.0,0.23176433681300068,2.2210620343068077e-10
886.0,264.29000000000804,-0.04926297464873495,0.0007758161592264999,298.527168799483,0.0,0.23160220152277589,2.2233780563220354e-10
887.0,264.28000000000804,-0.0492629188510055,0.0007758748936785076,298.2957286327453,0.0,0.2314401667376842,2.2256924579894122e-10
888.0,264.27000000000805,-0.04926286304693836,0.0007759336348018411,298.06445040034095,0.0,0.23127823240434964,2.2280052403134556e-10
889.0,264.26000000000806,-0.049262807236534006,0.0007759923825957326,297.8333340018724,0.0,0.2311163984685436,2.230316404298141e-10
890.0,264.2500000000081,-0.049262751419788996,0.0007760511370642978,297.6023793369949,0.0,0.23095466487751537,2.2326259509469162e-10
891.0,264.2400000000081,-0.04926269559670222,0.0007761098982081416,297.3715863054174,0.0,0.2307930315774911,2.234933881262691e-10
892.0,264.2300000000081,-0.04926263976727803,0.0007761686660231931,297.14095480690406,0.0,0.23063149851333264,2.2372401962478245e-10
893.0,264.2200000000081,-0.04926258393150912,0.0007762274405167782,296.91048474127075,0.0,0.23047006563331252,2.2395448969041575e-10
894.0,264.2100000000081,-0.049262528089395845,0.0007762862216886894,296.68017600838726,0.0,0.2303087328834863,2.2418479842329922e-10
895.0,264.2000000000081,-0.049262472240940755,0.0007763450095361404,296.4500285081781,0.0,0.23014750020917063,2.244149459235084e-10
896.0,264.1900000000081,-0.04926241638614065,0.0007764038040625882,296.22004214062054,0.0,0.22998636755755794,2.2464493229106595e-10
897.0,264.18000000000814,-0.04926236052499241,0.0007764626052712271,295.99021680574475,0.0,0.22982533487578394,2.2487475762594173e-10
898.0,264.17000000000814,-0.04926230465749941,0.0007765214131586409,295.7605524036357,0.0,0.22966440210905148,2.251044220280508e-10
899.0,264.16000000000815,-0.049262248783655274,0.0007765802277313259,295.5310488344302,0.0,0.2295035692055194,2.253339255972563e-10
900.0,264.15000000000816,-0.04926219290346463,0.0007766390489845468,295.30170599832013,0.0,0.22934283611004957,2.2556326843336635e-10
901.0,264.1400000000082,-0.04926213701692506,0.0007766978769209848,295.0725237955504,0.0,0.2291822027697208,2.2579245063613607e-10
902.0,264.1300000000082,-0.049262081124030035,0.0007767567115473001,294.8435021264176,0.0,0.22902166913280553,2.2602147230526887e-10
903.0,264.1200000000082,-0.04926202522478826,0.0007768155528544541,294.61464089127463,0.0,0.22886123514297196,2.2625033354041183e-10
904.0,264.1100000000082,-0.049261969319190906,0.0007768744008516473,294.38593999052534,0.0,0.2287009007492884,2.2647903444116112e-10
905.0,264.1000000000082,-0.049261913407240523,0.0007769332555364289,294.15739932462793,0.0,0.2285406658974125,2.2670757510705854e-10
906.0,264.0900000000082,-0.0492618574889367,0.0007769921169087703,293.9290187940942,0.0,0.228380530533741,2.2693595563759228e-10
907.0,264.0800000000082,-0.049261801564274836,0.0007770509849739824,293.70079829948793,0.0,0.22822049460626204,2.2716417613219853e-10
908.0,264.07000000000824,-0.049261745633255576,0.00077710985973111,293.4727377414268,0.0,0.228060558061145,2.2739223669025968e-10
909.0,264.06000000000824,-0.04926168969588267,0.0007771687411762,293.2448370205831,0.0,0.2279007208437065,2.276201374111034e-10
910.0,264.05000000000825,-0.04926163375214547,0.0007772276293205375,293.0170960376793,0.0,0.22774098290375377,2.2784787839400714e-10
911.0,264.04000000000826,-0.04926157780205453,0.0007772865241532177,292.7895146934947,0.0,0.22758134418461395,2.2807545973819175e-10
912.0,264.0300000000083,-0.049261521845599524,0.0007773454256847926,292.5620928888588,0.0,0.22742180463592376,2.2830288154282767e-10
913.0,264.0200000000083,-0.049261465882784475,0.0007774043339111766,292.33483052465573,0.0,0.22726236420305668,2.2853014390703073e-10
914.0,264.0100000000083,-0.0492614099136069,0.0007774632488348052,292.1077275018224,0.0,0.22710302283331885,2.2875724692986404e-10
915.0,264.0000000000083,-0.04926135393806476,0.0007775221704582344,291.88078372134834,0.0,0.22694378047407326,2.2898419071033812e-10
916.0,263.9900000000083,-0.04926129795615861,0.0007775810987804346,291.6539990842767,0.0,0.22678463707165974,2.2921097534740979e-10
917.0,263.9800000000083,-0.049261241967887566,0.0007776400338026306,291.4273734917036,0.0,0.22662559257310022,2.294376009399829e-10
918.0,263.9700000000083,-0.04926118597324955,0.0007776989755267487,291.20090684477793,0.0,0.226466646925644,2.2966406758690854e-10
919.0,263.96000000000834,-0.04926112997224543,0.0007777579239522927,290.9745990447021,0.0,0.22630780007585827,2.298903753869844e-10
920.0,263.95000000000834,-0.04926107396487413,0.0007778168790798537,290.7484499927314,0.0,0.22614905197065127,2.3011652443895504e-10
921.0,263.94000000000835,-0.049261017951129485,0.0007778758409164025,290.5224595901726,0.0,0.2259904025588071,2.3034251484151384e-10
922.0,263.93000000000836,-0.04926096193101805,0.0007779348094547432,290.2966277383876,0.0,0.22583185178501708,2.3056834669329885e-10
923.0,263.9200000000084,-0.049260905904533185,0.0007779937847018838,290.0709543387895,0.0,0.22567339959812216,2.3079402009289696e-10
924.0,263.9100000000084,-0.04926084987167708,0.0007780527666557468,289.8454392928451,0.0,0.22551504594434846,2.310195351388413e-10
925.0,263.9000000000084,-0.04926079383244993,0.0007781117553159297,289.6200825020747,0.0,0.2253567907704337,2.3124489192961174e-10
926.0,263.8900000000084,-0.04926073778684682,0.0007781707506876442,289.39488386804993,0.0,0.22519863402476403,2.314700905636365e-10
927.0,263.8800000000084,-0.049260681734868604,0.0007782297527699397,289.16984329239597,0.0,0.22504057565396351,2.3169513113929047e-10
928.0,263.8700000000084,-0.04926062567651383,0.0007782887615643361,288.9449606767906,0.0,0.22488261560539513,2.3192001375489587e-10
929.0,263.8600000000084,-0.04926056961178404,0.0007783477770695162,288.72023592296495,0.0,0.22472475382562607,2.321447385087215e-10
930.0,263.85000000000844,-0.049260513540675926,0.0007784067992886084,288.4956689327024,0.0,0.2245669902625309,2.3236930549898404e-10
931.0,263.84000000000844,-0.04926045746318803,0.0007784658282230893,288.2712596078389,0.0,0.2244093248635295,2.3259371482384757e-10
932.0,263.83000000000845,-0.04926040137931971,0.0007785248638739618,288.04700785026296,0.0,0.22425175757592797,2.328179665814235e-10
933.0,263.82000000000846,-0.04926034528907116,0.0007785839062409616,287.82291356191627,0.0,0.22409428834669143,2.330420608697702e-10
934.0,263.8100000000085,-0.049260289192440326,0.0007786429553261126,287.5989766447928,0.0,0.22393691712346708,2.3326599778689366e-10
935.0,263.8000000000085,-0.04926023308942977,0.0007787020111266099,287.37519700094026,0.0,0.22377964385253787,2.334897774307462e-10
936.0,263.7900000000085,-0.04926017698003147,0.0007787610736510438,287.1515745324568,0.0,0.22362246848348377,2.3371339989922966e-10
937.0,263.7800000000085,-0.04926012086425148,0.0007788201428932811,286.9281091414951,0.0,0.22346539096167817,2.3393686529019136e-10
938.0,263.7700000000085,-0.04926006474208222,0.0007788792188607706,286.7048007302587,0.0,0.22330841123641676,2.3416017370142777e-10
939.0,263.7600000000085,-0.04926000861353018,0.0007789383015472033,286.4816492010056,0.0,0.22315152925307302,2.343833252306808e-10
940.0,263.7500000000085,-0.04925995247858962,0.0007789973909582832,286.2586544560451,0.0,0.22299474496048788,2.346063199756413e-10
941.0,263.74000000000854,-0.049259896337259496,0.0007790564870952757,286.03581639773887,0.0,0.2228380583062517,2.3482915803394754e-10
942.0,263.73000000000854,-0.04925984018953818,0.000779115589959764,285.8131349285008,0.0,0.22268146923806853,2.350518395031856e-10
943.0,263.72000000000855,-0.04925978403543018,0.0007791746995472764,285.59060995079886,0.0,0.22252497770193713,2.3527436448088757e-10
944.0,263.71000000000856,-0.04925972787492856,0.000779233815864801,285.3682413671517,0.0,0.22236858364715317,2.3549673306453473e-10
945.0,263.7000000000086,-0.04925967170803547,0.00077929293891009,285.1460290801313,0.0,0.22221228702039753,2.357189453515551e-10
946.0,263.6900000000086,-0.04925961553474659,0.0007793520686877901,284.923972992361,0.0,0.22205608777034058,2.3594100143932546e-10
947.0,263.6800000000086,-0.04925955935506622,0.000779411205193489,284.7020730065179,0.0,0.22189998584309478,2.3616290142516854e-10
948.0,263.6700000000086,-0.049259503168987966,0.0007794703484336697,284.48032902533,0.0,0.22174398118789895,2.3638464540635643e-10
949.0,263.6600000000086,-0.049259446976516304,0.0007795294984039486,284.25874095157906,0.0,0.22158807375092238,2.366062334801074e-10
950.0,263.6500000000086,-0.049259390777646274,0.0007795886551092525,284.03730868809805,0.0,0.22143226348100598,2.3682766574358836e-10
951.0,263.6400000000086,-0.049259334572374,0.0007796478185536405,283.8160321377713,0.0,0.22127655032676333,2.370489422939151e-10
952.0,263.63000000000864,-0.04925927836070784,0.0007797069887286645,283.594911203538,0.0,0.2211209342332836,2.372700632281484e-10
953.0,263.62000000000864,-0.04925922214264186,0.0007797661656402123,283.37394578838826,0.0,0.22096541514974888,2.3749102864329813e-10
954.0,263.61000000000865,-0.04925916591816833,0.0007798253492965197,283.15313579536223,0.0,0.22080999302602322,2.3771183863632413e-10
955.0,263.60000000000866,-0.049259109687299435,0.0007798845396848583,282.9324811275562,0.0,0.22065466780605902,2.379324933041302e-10
956.0,263.5900000000087,-0.04925905345002339,0.0007799437368175172,282.71198168811526,0.0,0.2204994394409141,2.3815299274357113e-10
957.0,263.5800000000087,-0.049258997206344544,0.0007800029406900327,282.49163738023833,0.0,0.22034430787692827,2.383733370514481e-10
958.0,263.5700000000087,-0.04925894095625923,0.0007800621513061013,282.27144810717556,0.0,0.22018927306277192,2.3859352632451084e-10
959.0,263.5600000000087,-0.04925888469977103,0.000780121368662087,282.0514137722305,0.0,0.22003433494506908,2.388135606594559e-10
960.0,263.5500000000087,-0.04925882843687369,0.0007801805927645481,281.83153427875715,0.0,0.2198794934733428,2.390334401529292e-10
961.0,263.5400000000087,-0.049258772167567286,0.000780239823613518,281.61180953016185,0.0,0.21972474859529711,2.392531649015245e-10
962.0,263.5300000000087,-0.049258715891853704,0.000780299061206721,281.39223942990384,0.0,0.21957010025801083,2.3947273500178256e-10
963.0,263.52000000000874,-0.04925865960973073,0.0007803583055466419,281.1728238814939,0.0,0.21941554840992697,2.396921505501925e-10
964.0,263.51000000000874,-0.049258603321194444,0.0007804175566375114,280.9535627884939,0.0,0.21926109300000007,2.399114116431925e-10
965.0,263.50000000000875,-0.049258547026248795,0.0007804768144749802,280.7344560545191,0.0,0.2191067339747974,2.401305183771673e-10
966.0,263.49000000000876,-0.04925849072488697,0.0007805360790663578,280.51550358323493,0.0,0.21895247128418305,2.403494708484515e-10
967.0,263.4800000000088,-0.049258434417116026,0.0007805953504042834,280.296705278361,0.0,0.21879830487392837,2.405682691533254e-10
968.0,263.4700000000088,-0.049258378102927165,0.0007806546284977335,280.0780610436666,0.0,0.21864423469440908,2.407869133880198e-10
969.0,263.4600000000088,-0.04925832178232208,0.0007807139133452665,279.8595707829735,0.0,0.21849026069310185,2.410054036487129e-10
970.0,263.4500000000088,-0.04925826545530118,0.0007807732049461626,279.6412344001558,0.0,0.21833638281771073,2.4122374003153066e-10
971.0,263.4400000000088,-0.04925820912186193,0.0007808325033032776,279.4230517991388,0.0,0.21818260101696296,2.414419226325476e-10
972.0,263.4300000000088,-0.04925815278200488,0.0007808918084159282,279.2050228839002,0.0,0.21802891523861945,2.4165995154778625e-10
973.0,263.4200000000088,-0.049258096435727136,0.0007809511202872166,278.9871475584687,0.0,0.21787532543152113,2.418778268732178e-10
974.0,263.41000000000884,-0.049258040083031134,0.0007810104389146604,278.7694257269257,0.0,0.2177218315429741,2.4209554870476074e-10
975.0,263.40000000000884,-0.04925798372391058,0.0007810697643046677,278.5518572934029,0.0,0.21756843352278565,2.4231311713828353e-10
976.0,263.39000000000885,-0.04925792735836915,0.0007811290964535696,278.33444216208494,0.0,0.21741513131797774,2.425305322696015e-10
977.0,263.38000000000886,-0.049257870986401144,0.0007811884353672103,278.1171802372067,0.0,0.21726192487824392,2.4274779419447975e-10
978.0,263.3700000000089,-0.0492578146080147,0.0007812477810372454,277.90007142305734,0.0,0.21710881414935557,2.429649030086291e-10
979.0,263.3600000000089,-0.04925775822319657,0.000781307133477337,277.6831156239741,0.0,0.21695579908322316,2.431818588077123e-10
980.0,263.3500000000089,-0.049257701831953625,0.0007813664926804062,277.4663127443481,0.0,0.21680287962601597,2.433986616873383e-10
981.0,263.3400000000089,-0.049257645434286006,0.0007814258586464411,277.2496626886222,0.0,0.2166500557258928,2.436153117430642e-10
982.0,263.3300000000089,-0.04925758903018654,0.000781485231382736,277.03316536128915,0.0,0.21649732733305882,2.438318090703973e-10
983.0,263.3200000000089,-0.04925753261966012,0.000781544610884196,276.81682066689484,0.0,0.2163446943943086,2.440481537647916e-10
984.0,263.3100000000089,-0.04925747620269966,0.0007816039971583711,276.6006285100349,0.0,0.21619215685996096,2.442643459216516e-10
985.0,263.30000000000894,-0.04925741977931221,0.0007816633901977286,276.3845887953587,0.0,0.2160397146761852,2.4448038563632774e-10
986.0,263.29000000000894,-0.049257363349488624,0.0007817227900119223,276.16870142756477,0.0,0.21588736779392548,2.4469627300412164e-10
987.0,263.28000000000895,-0.049257306913235724,0.0007817821965940651,275.9529663114052,0.0,0.2157351161595784,2.449120081202812e-10
988.0,263.27000000000896,-0.04925725047054245,0.0007818416099553114,275.73738335168065,0.0,0.2155829597245429,2.4512759108000576e-10
989.0,263.260000000009,-0.04925719402141956,0.0007819010300846795,275.5219524532465,0.0,0.21543089843413554,2.453430219784399e-10
990.0,263.250000000009,-0.04925713756585844,0.0007819604569911013,275.3066735210073,0.0,0.21527893223918682,2.4555830091067907e-10
991.0,263.240000000009,-0.04925708110385922,0.0007820198906745644,275.09154645991924,0.0,0.21512706108808288,2.4577342797176715e-10
992.0,263.230000000009,-0.04925702463542381,0.0007820793311328995,274.8765711749906,0.0,0.21497528492864149,2.459884032566958e-10
993.0,263.220000000009,-0.049256968160547594,0.0007821387783710911,274.66174757127993,0.0,0.21482360371066989,2.4620322686040647e-10
994.0,263.210000000009,-0.04925691167922914,0.0007821982323903249,274.447075553897,0.0,0.21467201738295216,2.464178988777894e-10
995.0,263.200000000009,-0.04925685519147413,0.0007822576931852731,274.23255502800447,0.0,0.21452052589251025,2.466324194036819e-10
996.0,263.19000000000904,-0.04925679869727239,0.0007823171607658629,274.0181858988139,0.0,0.2143691291905725,2.468467885328725e-10
997.0,263.18000000000904,-0.049256742196631786,0.0007823766351245202,273.8039680715903,0.0,0.2142178272235924,2.470610063600961e-10
998.0,263.17000000000905,-0.04925668568954197,0.0007824361162716443,273.58990145164734,0.0,0.21406661994296883,2.472750729800391e-10
999.0,263.16000000000906,-0.04925662917601161,0.0007824956041984427,273.37598594435246,0.0,0.21391550729487108,2.47488988487334e-10
1000.0,263.1500000000091,-0.049256572656034295,0.0007825550989114127,273.1622214551228,0.0,0.21376448922967484,2.4770275297656366e-10
1001.0,263.1400000000091,-0.04925651612960934,0.0007826146004113617,272.94860788942657,0.0,0.21361356569622103,2.479163665422599e-10
1002.0,263.1300000000091,-0.04925645959673491,0.000782674108700056,272.73514515278293,0.0,0.2134627366436348,2.481298292789035e-10
1003.0,263.1200000000091,-0.04925640305741076,0.0007827336237781376,272.5218331507622,0.0,0.21331200202075706,2.4834314128092425e-10
1004.0,263.1100000000091,-0.04925634651164004,0.0007827931456421938,272.3086717889868,0.0,0.21316136177534872,2.485563026426996e-10
1005.0,263.1000000000091,-0.04925628995941726,0.0007828526742977016,272.0956609731292,0.0,0.21301081585761494,2.487693134585572e-10
1006.0,263.0900000000091,-0.04925623340074281,0.0007829122097444219,271.882800608913,0.0,0.21286036421622612,2.4898217382277343e-10
1007.0,263.08000000000914,-0.04925617683561196,0.0007829717519874718,271.67009060211166,0.0,0.21271000680133056,2.491948838295748e-10
1008.0,263.07000000000914,-0.04925612026403176,0.0007830313010193268,271.457530858552,0.0,0.212559743559666,2.4940744357313445e-10
1009.0,263.06000000000915,-0.04925606368599339,0.0007830908568491232,271.2451212841095,0.0,0.21240957444251762,2.49619853147577e-10
1010.0,263.05000000000916,-0.04925600710150078,0.0007831504194729322,271.0328617847118,0.0,0.21225949939764632,2.4983211264697465e-10
1011.0,263.0400000000092,-0.049255950510552156,0.0007832099888926033,270.8207522663374,0.0,0.21210951837440462,2.5004422216534903e-10
1012.0,263.0300000000092,-0.04925589391314266,0.0007832695651130588,270.6087926350144,0.0,0.21195963132299767,2.5025618179667203e-10
1013.0,263.0200000000092,-0.04925583730927715,0.0007833291481292641,270.39698279682347,0.0,0.211809838190959,2.50467991634863e-10
1014.0,263.0100000000092,-0.04925578069895058,0.000783388737946815,270.18532265789474,0.0,0.21166013892872115,2.506796517737917e-10
1015.0,263.0000000000092,-0.049255724082161605,0.0007834483345668163,269.9738121244092,0.0,0.21151053348552296,2.508911623072772e-10
1016.0,262.9900000000092,-0.04925566745891411,0.0007835079379852279,269.7624511026,0.0,0.211361021809239,2.5110252332908645e-10
1017.0,262.9800000000092,-0.049255610829201366,0.0007835675482090915,269.5512394987492,0.0,0.21121160385075655,2.513137349329372e-10
1018.0,262.97000000000924,-0.04925555419302573,0.0007836271652360946,269.34017721919076,0.0,0.2110622795584618,2.5152479721249564e-10
1019.0,262.96000000000925,-0.049255497550384955,0.000783686789068478,269.1292641703088,0.0,0.21091304888199147,2.517357102613776e-10
1020.0,262.95000000000925,-0.049255440901279215,0.0007837464197060763,268.9185002585384,0.0,0.21076391177035703,2.51946474173148e-10
1021.0,262.94000000000926,-0.04925538424570587,0.0007838060571518105,268.707885390365,0.0,0.21061486817342256,2.521570890413214e-10
1022.0,262.9300000000093,-0.049255327583665326,0.0007838657014049232,268.4974194723249,0.0,0.21046591804008585,2.523675549593615e-10
1023.0,262.9200000000093,-0.04925527091515495,0.0007839253524685946,268.2871024110046,0.0,0.21031706132032468,2.525778720206818e-10
1024.0,262.9100000000093,-0.049255214240177675,0.0007839850103393501,268.0769341130422,0.0,0.2101682979623547,2.5278804031864416e-10
1025.0,262.9000000000093,-0.04925515755872813,0.0007840446750231707,267.8669144851253,0.0,0.2100196279169495,2.5299805994656113e-10
1026.0,262.8900000000093,-0.049255100870804695,0.0007841043465215084,267.6570434339916,0.0,0.20987105113368898,2.5320793099769483e-10
1027.0,262.8800000000093,-0.04925504417641379,0.0007841640248276501,267.4473208664316,0.0,0.20972256755999297,2.534176535652548e-10
1028.0,262.8700000000093,-0.04925498747554432,0.0007842237099535004,267.2377466892833,0.0,0.20957417714828352,2.536272277424031e-10
1029.0,262.86000000000934,-0.049254930768200776,0.0007842834018938791,267.0283208094369,0.0,0.20942587984643524,2.5383665362224954e-10
1030.0,262.85000000000935,-0.04925487405438522,0.0007843431006471212,266.8190431338336,0.0,0.20927767560328903,2.540459312978528e-10
1031.0,262.84000000000935,-0.04925481733408915,0.0007844028062219227,266.6099135694631,0.0,0.20912956437047114,2.542550608622233e-10
1032.0,262.83000000000936,-0.049254760607318974,0.0007844625186115494,266.4009320233676,0.0,0.2089815460955151,2.5446404240831885e-10
1033.0,262.8200000000094,-0.049254703874067995,0.000784522237823257,266.1920984026379,0.0,0.20883362072970613,2.5467287602904856e-10
1034.0,262.8100000000094,-0.04925464713433611,0.0007845819638567554,265.98341261441556,0.0,0.20868578822233985,2.548815618172709e-10
1035.0,262.8000000000094,-0.04925459038812815,0.0007846416967071695,265.77487456589404,0.0,0.20853804852151825,2.550900998657924e-10
1036.0,262.7900000000094,-0.049254533635434715,0.0007847014363845113,265.5664841643147,0.0,0.20839040157932232,2.5529849026737174e-10
1037.0,262.7800000000094,-0.04925447687626052,0.0007847611828837363,265.35824131697086,0.0,0.208242847343854,2.555067331147156e-10
1038.0,262.7700000000094,-0.0492544201106034,0.0007848209362069865,265.1501459312057,0.0,0.20809538576514797,2.5571482850048073e-10
1039.0,262.7600000000094,-0.0492543633384587,0.0007848806963593291,264.9421979144117,0.0,0.20794801679403463,2.5592277651727474e-10
1040.0,262.75000000000944,-0.04925430655983315,0.0007849404633335137,264.7343971740336,0.0,0.20780074037810436,2.5613057725765284e-10
1041.0,262.74000000000945,-0.049254249774715854,0.0007850002371413127,264.52674361756357,0.0,0.2076535564700066,2.5633823081412283e-10
1042.0,262.73000000000945,-0.0492541929831154,0.0007850600177733632,264.31923715254675,0.0,0.20750646501682013,2.5654573727913967e-10
1043.0,262.72000000000946,-0.049254136185025124,0.0007851198052367621,264.11187768657675,0.0,0.20735946597000066,2.5675309674510966e-10
1044.0,262.7100000000095,-0.049254079380447416,0.0007851795995290603,263.90466512729824,0.0,0.2072125592785028,2.5696030930438815e-10
1045.0,262.7000000000095,-0.049254022569373376,0.0007852394006595751,263.69759938240384,0.0,0.20706574489440754,2.5716737504928253e-10
1046.0,262.6900000000095,-0.049253965751813976,0.0007852992086168449,263.4906803596395,0.0,0.20691902276433893,2.573742940720469e-10
1047.0,262.6800000000095,-0.04925390892776016,0.0007853590234104484,263.283907966799,0.0,0.20677239284049165,2.575810664648874e-10
1048.0,262.6700000000095,-0.0492538520972126,0.0007854188450393172,263.07728211172673,0.0,0.20662585507227504,2.5778769231995965e-10
1049.0,262.6600000000095,-0.04925379526017269,0.0007854786735025058,262.8708027023176,0.0,0.20647940940915532,2.579941717293688e-10
1050.0,262.6500000000095,-0.049253738416634336,0.000785538508805906,262.66446964651516,0.0,0.20633305580241768,2.582005047851712e-10
1051.0,262.64000000000954,-0.0492536815665993,0.0007855983509481908,262.4582828523137,0.0,0.20618679420147146,2.584066915793727e-10
1052.0,262.63000000000955,-0.04925362471007045,0.0007856581999259862,262.2522422277585,0.0,0.20604062455521444,2.586127322039279e-10
1053.0,262.62000000000955,-0.04925356784704029,0.0007857180557471043,262.046347680943,0.0,0.20589454681550023,2.588186267507434e-10
1054.0,262.61000000000956,-0.04925351097751384,0.0007857779184064799,261.84059912001214,0.0,0.20574856093082872,2.590243753116742e-10
1055.0,262.6000000000096,-0.04925345410148431,0.0007858377879113319,261.6349964531592,0.0,0.20560266685293982,2.5922997797852713e-10
1056.0,262.5900000000096,-0.049253397218953845,0.0007858976642592439,261.42953958862813,0.0,0.20545686453107237,2.594354348430582e-10
1057.0,262.5800000000096,-0.049253340329922346,0.0007859575474503129,261.224228434713,0.0,0.20531115391514732,2.5964074599697334e-10
1058.0,262.5700000000096,-0.04925328343438796,0.0007860174374865089,261.0190628997574,0.0,0.2051655349555972,2.5984591153192895e-10
1059.0,262.5600000000096,-0.04925322653234774,0.0007860773343708102,260.81404289215425,0.0,0.20502000760313877,2.6005093153953207e-10
1060.0,262.5500000000096,-0.04925316962380027,0.0007861372381050256,260.60916832034604,0.0,0.20487457180820456,2.602558061113403e-10
1061.0,262.5400000000096,-0.04925311270875172,0.0007861971486823613,260.40443909282703,0.0,0.20472922751901024,2.604605353388593e-10
1062.0,262.53000000000964,-0.04925305578719318,0.0007862570661125232,260.19985511813894,0.0,0.20458397468809153,2.606651193135474e-10
1063.0,262.52000000000965,-0.04925299885912532,0.000786316990394444,259.99541630487374,0.0,0.20443881326519886,2.608695581268126e-10
1064.0,262.51000000000965,-0.049252941924549334,0.0007863769215269621,259.79112256167366,0.0,0.20429374320008264,2.610738518700127e-10
1065.0,262.50000000000966,-0.049252884983463266,0.0007864368595123282,259.58697379723026,0.0,0.2041487644434028,2.612780006344561e-10
1066.0,262.4900000000097,-0.04925282803586807,0.0007864968043494218,259.3829699202853,0.0,0.20400387694496658,2.6148200451140106e-10
1067.0,262.4800000000097,-0.04925277108175597,0.0007865567560464662,259.17911083962827,0.0,0.20385908065702552,2.616858635920581e-10
1068.0,262.4700000000097,-0.049252714121133884,0.0007866167145960309,258.97539646410047,0.0,0.20371437552779526,2.618895779675859e-10
1069.0,262.4600000000097,-0.049252657153997736,0.000786676680002437,258.7718267025919,0.0,0.203569761508561,2.620931477290945e-10
1070.0,262.4500000000097,-0.04925260018034469,0.0007867366522688329,258.5684014640416,0.0,0.20342523855032368,2.622965729676448e-10
1071.0,262.4400000000097,-0.04925254320017768,0.0007867966313919037,258.36512065743915,0.0,0.20328080660243586,2.624998537742472e-10
1072.0,262.4300000000097,-0.049252486213491396,0.0007868566173774859,258.1619841918225,0.0,0.20313646561663745,2.6270299023986383e-10
1073.0,262.42000000000974,-0.049252429220286637,0.0007869166102247334,257.95899197627955,0.0,0.2029922155429631,2.629059824554068e-10
1074.0,262.41000000000975,-0.04925237222056543,0.000786976609931161,257.7561439199485,0.0,0.20284805633104952,2.6310883051173786e-10
1075.0,262.40000000000975,-0.04925231521432059,0.0007870366165047861,257.55343993201524,0.0,0.20270398793326194,2.6331153449967113e-10
1076.0,262.39000000000976,-0.04925225820155955,0.0007870966299374301,257.3508799217174,0.0,0.202560010297816,2.6351409450996895e-10
1077.0,262.3800000000098,-0.04925220118227068,0.0007871566502413658,257.1484637983392,0.0,0.2024161233782138,2.637165106333472e-10
1078.0,262.3700000000098,-0.04925214415646259,0.0007872166774077911,256.94619147121665,0.0,0.20227232712255727,2.6391878296046974e-10
1079.0,262.3600000000098,-0.04925208712412917,0.0007872767114430673,256.7440628497338,0.0,0.20212862148287059,2.641209115819526e-10
1080.0,262.3500000000098,-0.049252030085270716,0.0007873367523466159,256.54207784332436,0.0,0.20198500640941575,2.6432289658836203e-10
1081.0,262.3400000000098,-0.04925197303988378,0.0007873968001224263,256.3402363614707,0.0,0.20184148185364847,2.6452473807021566e-10
1082.0,262.3300000000098,-0.049251915987974224,0.000787456854763974,256.13853831370636,0.0,0.20169804776435285,2.6472643611798e-10
1083.0,262.3200000000098,-0.04925185892953229,0.0007875169162818444,255.93698360961164,0.0,0.20155470409471832,2.649279908220747e-10
1084.0,262.31000000000984,-0.04925180186456456,0.0007875769846688895,255.73557215881823,0.0,0.20141145079341527,2.651294022728681e-10
1085.0,262.30000000000985,-0.049251744793064746,0.0007876370599318675,255.53430387100553,0.0,0.20126828781269523,2.653306705606808e-10
1086.0,262.29000000000985,-0.04925168771503486,0.0007876971420686721,255.33317865590297,0.0,0.20112521510256443,2.655317957757834e-10
1087.0,262.28000000000986,-0.049251630630473185,0.0007877572310808881,255.13219642328897,0.0,0.2009822326139954,2.657327780083974e-10
1088.0,262.2700000000099,-0.049251573539376536,0.0007878173269721361,254.93135708299047,0.0,0.2008393402985007,2.659336173486959e-10
1089.0,262.2600000000099,-0.049251516441745614,0.0007878774297414933,254.73066054488402,0.0,0.20069653810645605,2.661343138868024e-10
1090.0,262.2500000000099,-0.04925145933758245,0.0007879375393869366,254.53010671889604,0.0,0.20055382598798133,2.6633486771279037e-10
1091.0,262.2400000000099,-0.049251402226882776,0.0007879976559129425,254.32969551500116,0.0,0.20041120389487332,2.6653527891668524e-10
1092.0,262.2300000000099,-0.04925134510964408,0.0007880577793221233,254.1294268432227,0.0,0.20026867177847407,2.6673554758846373e-10
1093.0,262.2200000000099,-0.04925128798586633,0.0007881179096144343,253.92930061363322,0.0,0.2001262295894719,2.669356738180532e-10
1094.0,262.2100000000099,-0.04925123085555422,0.000788178046785031,253.72931673635586,0.0,0.19998387727736144,2.6713565769533054e-10
1095.0,262.20000000000994,-0.049251173718696285,0.0007882381908460121,253.5294751215599,0.0,0.1998416147959574,2.673354993101265e-10
1096.0,262.19000000000995,-0.049251116575301936,0.0007882983417875379,253.32977567946637,0.0,0.1996994420935323,2.6753519875222003e-10
1097.0,262.18000000000995,-0.04925105942536184,0.0007883584996191913,253.13021832034306,0.0,0.19955735912330397,2.677347561113433e-10
1098.0,262.17000000000996,-0.04925100226888069,0.000788418664336219,252.93080295450818,0.0,0.19941536583488073,2.679341714771782e-10
1099.0,262.16000000001,-0.049250945105855704,0.0007884788359414115,252.73152949232838,0.0,0.19927346217980357,2.68133444939358e-10
1100.0,262.15000000001,-0.049250887936285744,0.0007885390144361269,252.5323978442191,0.0,0.19913164810927242,2.6833257658746727e-10
1101.0,262.14000000001,-0.04925083076016962,0.0007885991998215247,252.33340792064465,0.0,0.19898992357445877,2.6853156651104174e-10
1102.0,262.13000000001,-0.04925077357750575,0.000788659392099242,252.13455963211797,0.0,0.19884828852667624,2.687304147995684e-10
1103.0,262.12000000001,-0.04925071638829194,0.0007887195912717335,251.9358528892005,0.0,0.19870674291746582,2.6892912154248585e-10
1104.0,262.11000000001,-0.049250659192532284,0.0007887797973344802,251.73728760250387,0.0,0.19856528669663476,2.691276868291825e-10
1105.0,262.10000000001,-0.04925060199022255,0.000788840010292126,251.53886368268755,0.0,0.1984239198163209,2.693261107489988e-10
1106.0,262.09000000001004,-0.04925054478135847,0.0007889002301490151,251.34058104045894,0.0,0.19828264222860525,2.695243933912274e-10
1107.0,262.08000000001005,-0.04925048756594603,0.000788960456898998,251.142439586576,0.0,0.198141453882954,2.697225348451103e-10
1108.0,262.07000000001005,-0.049250430343977435,0.0007890206905500907,250.94443923184357,0.0,0.1980003547324145,2.6992053519984274e-10
1109.0,262.06000000001006,-0.04925037311545817,0.0007890809310967503,250.74657988711692,0.0,0.1978593447266519,2.701183945445694e-10
1110.0,262.0500000000101,-0.049250315880379876,0.0007891411785475109,250.54886146329804,0.0,0.19771842381888405,2.703161129683883e-10
1111.0,262.0400000000101,-0.049250258638749544,0.0007892014328952833,250.3512838713396,0.0,0.19757759195843505,2.705136905603467e-10
1112.0,262.0300000000101,-0.049250201390557795,0.0007892616941496871,250.15384702224077,0.0,0.1974368490988354,2.7071112740944554e-10
1113.0,262.0200000000101,-0.04925014413581162,0.0007893219623035598,249.95655082705133,0.0,0.19729619518943764,2.70908423604635e-10
1114.0,262.0100000000101,-0.049250086874503746,0.0007893822373645379,249.759395196868,0.0,0.1971556301833175,2.711055792348183e-10
1115.0,262.0000000000101,-0.04925002960663932,0.0007894425193270889,249.56238004283773,0.0,0.19701515403028225,2.713025943888486e-10
1116.0,261.9900000000101,-0.0492499723322091,0.0007895028082009655,249.36550527615375,0.0,0.19687476668397608,2.7149946915553256e-10
1117.0,261.98000000001014,-0.049249915051219846,0.0007895631039792,249.16877080805986,0.0,0.1967344680938936,2.7169620362362647e-10
1118.0,261.97000000001015,-0.04924985776366708,0.0007896234066662439,248.97217654984746,0.0,0.19659425821240006,2.7189279788183886e-10
1119.0,261.96000000001015,-0.049249800469550464,0.0007896837162627013,248.77572241285654,0.0,0.19645413699092273,2.720892520188298e-10
1120.0,261.95000000001016,-0.04924974316886637,0.0007897440327722904,248.57940830847485,0.0,0.19631410438168473,2.722855661232115e-10
1121.0,261.9400000000102,-0.049249685861620776,0.0007898043561886891,248.38323414814042,0.0,0.19617416033443646,2.724817402835459e-10
1122.0,261.9300000000102,-0.04924962854780252,0.0007898646865236805,248.18719984333697,0.0,0.1960343048034474,2.7267777458834933e-10
1123.0,261.9200000000102,-0.04924957122742101,0.000789925023767439,247.99130530559933,0.0,0.19589453773764376,2.7287366912608696e-10
1124.0,261.9100000000102,-0.049249513900466946,0.0007899853679296364,247.7955504465085,0.0,0.1957548590908118,2.7306942398517775e-10
1125.0,261.9000000000102,-0.049249456566947104,0.0007900457190031184,247.59993517769593,0.0,0.19561526881258828,2.732650392539903e-10
1126.0,261.8900000000102,-0.04924939922685019,0.0007901060769998098,247.40445941083857,0.0,0.19547576685735635,2.7346051502084766e-10
1127.0,261.8800000000102,-0.049249341880185364,0.000790166441910189,247.20912305766436,0.0,0.19533635317421272,2.736558513740219e-10
1128.0,261.87000000001024,-0.04924928452694597,0.0007902268137411861,247.013926029948,0.0,0.19519702771634684,2.7385104840173823e-10
1129.0,261.86000000001025,-0.04924922716713149,0.0007902871924932123,246.81886823951265,0.0,0.19505779043535654,2.740461061921736e-10
1130.0,261.85000000001025,-0.049249169800744966,0.0007903475781632435,246.62394959823064,0.0,0.19491864128201541,2.742410248334556e-10
1131.0,261.84000000001026,-0.049249112427778984,0.000790407970759001,246.42917001802087,0.0,0.1947795802097687,2.744358044136654e-10
1132.0,261.8300000000103,-0.04924905504823849,0.0007904683702753215,246.23452941085196,0.0,0.19464060716890685,2.746304450208343e-10
1133.0,261.8200000000103,-0.04924899766211861,0.0007905287767173334,246.04002768873968,0.0,0.19450172211227823,2.748249467429466e-10
1134.0,261.8100000000103,-0.049248940269419735,0.0007905891900845394,245.84566476374832,0.0,0.19436292499136698,2.7501930966793793e-10
1135.0,261.8000000000103,-0.04924888287013911,0.0007906496103799367,245.65144054798978,0.0,0.19422421575853832,2.7521353388369645e-10
1136.0,261.7900000000103,-0.04924882546427989,0.0007907100376001842,245.45735495362516,0.0,0.1940855943646227,2.7540761947806106e-10
1137.0,261.7800000000103,-0.04924876805183646,0.0007907704717511122,245.26340789286243,0.0,0.19394706076272428,2.756015665388238e-10
1138.0,261.7700000000103,-0.049248710632811936,0.0007908309128295447,245.06959927795867,0.0,0.19380861490375878,2.7579537515372753e-10
1139.0,261.76000000001034,-0.049248653207199095,0.0007908913608431188,244.87592902121736,0.0,0.19367025674131355,2.759890454104688e-10
1140.0,261.75000000001035,-0.04924859577500724,0.0007909518157818551,244.68239703499268,0.0,0.19353198622468426,2.761825773966935e-10
1141.0,261.74000000001035,-0.049248538336224806,0.000791012277658096,244.48900323168402,0.0,0.19339380330865197,2.7637597120000215e-10
1142.0,261.73000000001036,-0.0492484808908566,0.0007910727464667907,244.29574752374026,0.0,0.1932557079437629,2.765692269079459e-10
1143.0,261.7200000000104,-0.0492484234388979,0.000791133222212797,244.10262982365725,0.0,0.19311770008300755,2.767623446080289e-10
1144.0,261.7100000000104,-0.04924836598035382,0.0007911937048907526,243.90965004398035,0.0,0.19297977967690372,2.769553243877058e-10
1145.0,261.7000000000104,-0.04924830851521647,0.0007912541945090696,243.716808097301,0.0,0.1928419466793514,2.771481663343852e-10
1146.0,261.6900000000104,-0.04924825104348927,0.0007913146910639529,243.5241038962597,0.0,0.1927042010412947,2.7734087053542646e-10
1147.0,261.6800000000104,-0.04924819356516908,0.0007913751945588632,243.33153735354423,0.0,0.19256654271546836,2.775334370781419e-10
1148.0,261.6700000000104,-0.049248136080256404,0.0007914357049933214,243.13910838189057,0.0,0.19242897165366912,2.7772586604979556e-10
1149.0,261.6600000000104,-0.049248078588751465,0.0007914962223668699,242.94681689408284,0.0,0.1922914878077222,2.779181575376033e-10
1150.0,261.65000000001044,-0.04924802109064664,0.0007915567466877442,242.75466280295126,0.0,0.19215409113158444,2.781103116287349e-10
1151.0,261.64000000001045,-0.04924796358594745,0.000791617277950047,242.56264602137546,0.0,0.19201678157580204,2.783023284103107e-10
1152.0,261.63000000001045,-0.049247906074651106,0.0007916778161568011,242.37076646228235,0.0,0.19187955909310972,2.784942079694038e-10
1153.0,261.62000000001046,-0.04924784855675738,0.0007917383613080109,242.17902403864682,0.0,0.19174242363553162,2.7868595039303936e-10
1154.0,261.6100000000105,-0.04924779103226254,0.0007917989134079372,241.98741866349067,0.0,0.1916053751561435,2.788775557681955e-10
1155.0,261.6000000000105,-0.04924773350117027,0.0007918594724524114,241.79595024988467,0.0,0.1914684136060032,2.790690241818015e-10
1156.0,261.5900000000105,-0.0492476759634745,0.0007919200384479861,241.60461871094589,0.0,0.1913315389387833,2.7926035572074026e-10
1157.0,261.5800000000105,-0.04924761841917492,0.0007919806113949017,241.41342395983924,0.0,0.19119475110665007,2.794515504718469e-10
1158.0,261.5700000000105,-0.04924756086827577,0.0007920411912887067,241.22236590977857,0.0,0.19105805006066134,2.796426085219076e-10
1159.0,261.5600000000105,-0.04924750331076849,0.0007921017781385281,241.0314444740234,0.0,0.19092143575517184,2.7983352995766274e-10
1160.0,261.5500000000105,-0.04924744574665995,0.0007921623719369002,240.84065956588285,0.0,0.19078490814055726,2.800243148658033e-10
1161.0,261.54000000001054,-0.04924738817594029,0.0007922229726944368,240.65001109871127,0.0,0.19064846717157025,2.802149633329749e-10
1162.0,261.53000000001055,-0.04924733059861735,0.0007922835804028911,240.45949898591283,0.0,0.19051211279844438,2.8040547544577334e-10
1163.0,261.52000000001055,-0.049247273014684,0.000792344195069517,240.26912314093767,0.0,0.1903758449751649,2.805958512907485e-10
1164.0,261.51000000001056,-0.04924721542413989,0.0007924048166948682,240.07888347728354,0.0,0.19023966365412548,2.807860909544026e-10
1165.0,261.5000000000106,-0.04924715782698751,0.0007924654452763237,239.88877990849656,0.0,0.19010356878698076,2.809761945231896e-10
1166.0,261.4900000000106,-0.04924710022322482,0.0007925260808160238,239.69881234817,0.0,0.1899675603265507,2.811661620835161e-10
1167.0,261.4800000000106,-0.04924704261284475,0.000792586723321367,239.50898070994307,0.0,0.18983163822693427,2.8135599372174306e-10
1168.0,261.4700000000106,-0.04924698499585661,0.0007926473727825721,239.31928490750494,0.0,0.18969580243813766,2.815456895241812e-10
1169.0,261.4600000000106,-0.049246927372253356,0.0007927080292070919,239.12972485459062,0.0,0.18956005291431666,2.817352495770955e-10
1170.0,261.4500000000106,-0.04924686974203079,0.0007927686925992188,238.94030046498173,0.0,0.18942438960888808,2.819246739667044e-10
1171.0,261.4400000000106,-0.04924681210519316,0.0007928293629545906,238.7510116525085,0.0,0.18928881247322238,2.8211396277917764e-10
1172.0,261.43000000001064,-0.04924675446174052,0.0007928900402731453,238.56185833104877,0.0,0.18915332145974162,2.823031161006374e-10
1173.0,261.42000000001065,-0.04924669681166641,0.0007929507245617658,238.37284041452622,0.0,0.18901791652254474,2.8249213401715994e-10
1174.0,261.41000000001065,-0.04924663915497501,0.0007930114158158045,238.18395781691322,0.0,0.1888825976130022,2.8268101661477295e-10
1175.0,261.40000000001066,-0.04924658149166186,0.000793072114040181,237.99521045222843,0.0,0.1887473646847866,2.8286976397945777e-10
1176.0,261.3900000000107,-0.04924652382172714,0.0007931328192345974,237.8065982345381,0.0,0.18861221769034842,2.830583761971481e-10
1177.0,261.3800000000107,-0.04924646614517077,0.0007931935313992581,237.6181210779558,0.0,0.18847715658228026,2.832468533537304e-10
1178.0,261.3700000000107,-0.04924640846198804,0.0007932542505389465,237.42977889664152,0.0,0.18834218131428315,2.8343519553504467e-10
1179.0,261.3600000000107,-0.04924635077218396,0.0007933149766485388,237.2415716048038,0.0,0.18820729183772755,2.836234028268824e-10
1180.0,261.3500000000107,-0.04924629307575347,0.0007933757097332352,237.05349911669734,0.0,0.1880724881064566,2.8381147531498886e-10
1181.0,261.3400000000107,-0.04924623537269479,0.0007934364497950403,236.86556134662376,0.0,0.18793777007357448,2.8399941308506244e-10
1182.0,261.3300000000107,-0.0492461776630098,0.0007934971968317852,236.67775820893254,0.0,0.18780313769121904,2.8418721622275366e-10
1183.0,261.32000000001074,-0.0492461199466963,0.0007935579508460093,236.49008961801988,0.0,0.18766859091266497,2.843748848136663e-10
1184.0,261.31000000001075,-0.04924606222375265,0.0007936187118393243,236.3025554883289,0.0,0.18753412969098804,2.845624189433573e-10
1185.0,261.30000000001075,-0.04924600449417599,0.0007936794798148198,236.11515573434926,0.0,0.1873997539796335,2.8474981869733694e-10
1186.0,261.29000000001076,-0.049245946757973,0.0007937402547652548,235.92789027061963,0.0,0.1872654637296307,2.849370841610666e-10
1187.0,261.2800000000108,-0.04924588901513254,0.000793801036702691,235.74075901172304,0.0,0.187131258896585,2.8512421541996317e-10
1188.0,261.2700000000108,-0.049245831265659616,0.0007938618256215127,235.5537618722911,0.0,0.18699713943195206,2.8531121255939513e-10
1189.0,261.2600000000108,-0.0492457735095539,0.0007939226215222711,235.36689876700243,0.0,0.18686310528866557,2.854980756646838e-10
1190.0,261.2500000000108,-0.04924571574680827,0.0007939834244124398,235.18016961058112,0.0,0.1867291564213076,2.8568480482110507e-10
1191.0,261.2400000000108,-0.049245657977429844,0.0007940442342844175,234.99357431780018,0.0,0.186595292780936,2.85871400113886e-10
1192.0,261.2300000000108,-0.049245600201412026,0.0007941050511452567,234.8071128034781,0.0,0.18646151432207603,2.8605786162820807e-10
1193.0,261.2200000000108,-0.049245542418754486,0.0007941658749952746,234.62078498248042,0.0,0.18632782099768974,2.8624418944920575e-10
1194.0,261.21000000001084,-0.0492454846294595,0.0007942267058321469,234.43459076972027,0.0,0.18619421276014236,2.864303836619659e-10
1195.0,261.20000000001085,-0.04924542683352097,0.0007942875436621874,234.24853008015643,0.0,0.18606068956384547,2.8661644435152977e-10
1196.0,261.19000000001085,-0.04924536903094029,0.0007943483884839839,234.062602828795,0.0,0.18592725136142008,2.868023716028912e-10
1197.0,261.18000000001086,-0.04924531122172007,0.0007944092402946851,233.87680893068983,0.0,0.18579389810517455,2.8698816550099636e-10
1198.0,261.1700000000109,-0.04924525340585365,0.0007944700991014362,233.69114830094006,0.0,0.18566062974977626,2.8717382613074616e-10
1199.0,261.1600000000109,-0.04924519558334313,0.0007945309649020568,233.50562085469232,0.0,0.18552744624773254,2.873593535769939e-10
1200.0,261.1500000000109,-0.0492451377541842,0.0007945918377008463,233.32022650713924,0.0,0.18539434755308548,2.87544747924547e-10
