t_s,T_K,e_Pa,Sw,Si,Ncloud,Nice,r_cloud_m,r_ice_m,drcloud_dt,drice_dt,qcloud,qice,cond_rate_kgm3s,dep_rate_kgm3s,ice_active
0.0,273.15,580.6187428153029,-0.05000000000000009,-0.049927860781880086,0.0,0.0,1e-06,5e-06,0.0,0.0,0.0,0.0,0.0,0.0,0
1.0,273.14,580.5974856306058,-0.049345142164729176,-0.04917993010389734,0.0,0.0,1e-06,5e-06,0.0,0.0,0.0,0.0,0.0,0.0,0
2.0,273.13,580.5762284459087,-0.048689777487340415,-0.048431353949128196,0.0,0.0,1e-06,5e-06,0.0,0.0,0.0,0.0,0.0,0.0,0
3.0,273.12,580.5549712612116,-0.0480339055351244,-0.047682131714072935,0.0,0.0,1e-06,5e-06,0.0,0.0,0.0,0.0,0.0,0.0,0
4.0,273.11,580.5337140765145,-0.04737752587496924,-0.04693226279461947,0.0,0.0,1e-06,5e-06,0.0,0.0,0.0,0.0,0.0,0.0,0
5.0,273.1,580.5124568918174,-0.04672063807336036,-0.04618174658605309,0.0,0.0,1e-06,5e-06,0.0,0.0,0.0,0.0,0.0,0.0,0
6.0,273.09000000000003,580.4911997071202,-0.04606324169637945,-0.04543058248304671,0.0,0.0,1e-06,5e-06,0.0,0.0,0.0,0.0,0.0,0.0,0
7.0,273.08000000000004,580.4699425224231,-0.0454053363097055,-0.044678769879672044,0.0,0.0,1e-06,5e-06,0.0,0.0,0.0,0.0,0.0,0.0,0
8.0,273.07000000000005,580.448685337726,-0.04474692147861247,-0.04392630816938396,0.0,0.0,1e-06,5e-06,0.0,0.0,0.0,0.0,0.0,0.0,0
9.0,273.06000000000006,580.4274281530289,-0.04408799676797039,-0.043173196745034,0.0,0.0,1e-06,5e-06,0.0,0.0,0.0,0.0,0.0,0.0,0
10.0,273.05000000000007,580.4061709683318,-0.04342856174224442,-0.04241943499886542,0.0,0.0,1e-06,5e-06,0.0,0.0,0.0,0.0,0.0,0.0,0
11.0,273.0400000000001,580.3849137836347,-0.04276861596549415,-0.04166502232250224,0.0,0.0,1e-06,5e-06,0.0,0.0,0.0,0.0,0.0,0.0,0
12.0,273.0300000000001,580.3636565989376,-0.04210815900137394,-0.040909958106968444,0.0,0.0,1e-06,5e-06,0.0,0.0,0.0,0.0,0.0,0.0,0
13.0,273.0200000000001,580.3423994142405,-0.041447190413131836,-0.04015424174267002,0.0,0.0,1e-06,5e-06,0.0,0.0,0.0,0.0,0.0,0.0,0
14.0,273.0100000000001,580.3211422295434,-0.04078570976360901,-0.039397872619394946,0.0,0.0,1e-06,5e-06,0.0,0.0,0.0,0.0,0.0,0.0,0
15.0,273.0000000000001,580.2998850448463,-0.040123716615240515,-0.03864085012632558,0.0,0.0,1e-06,5e-06,0.0,0.0,0.0,0.0,0.0,0.0,0
16.0,272.9900000000001,580.2786278601492,-0.03946121053005343,-0.037883173652034814,0.0,0.0,1e-06,5e-06,0.0,0.0,0.0,0.0,0.0,0.0,0
17.0,272.98000000000013,580.2573706754521,-0.038798191069667594,-0.03712484258447153,0.0,0.0,1e-06,5e-06,0.0,0.0,0.0,0.0,0.0,0.0,0
18.0,272.97000000000014,580.236113490755,-0.038134657795294145,-0.036365856310977634,0.0,0.0,1e-06,5e-06,0.0,0.0,0.0,0.0,0.0,0.0,0
19.0,272.96000000000015,580.2148563060579,-0.03747061026773643,-0.0356062142182661,0.0,0.0,1e-06,5e-06,0.0,0.0,0.0,0.0,0.0,0.0,0
20.0,272.95000000000016,580.1935991213608,-0.03680604804738837,-0.034845915692447486,0.0,0.0,1e-06,5e-06,0.0,0.0,0.0,0.0,0.0,0.0,0
21.0,272.94000000000017,580.1723419366637,-0.03614097069423461,-0.03408496011901254,0.0,0.0,1e-06,5e-06,0.0,0.0,0.0,0.0,0.0,0.0,0
22.0,272.9300000000002,580.1510847519666,-0.03547537776784999,-0.03332334688282555,0.0,0.0,1e-06,5e-06,0.0,0.0,0.0,0.0,0.0,0.0,0
23.0,272.9200000000002,580.1298275672694,-0.03480926882739916,-0.03256107536814083,0.0,0.0,1e-06,5e-06,0.0,0.0,0.0,0.0,0.0,0.0,0
24.0,272.9100000000002,580.1085703825723,-0.03414264343163641,-0.03179814495859027,0.0,0.0,1e-06,5e-06,0.0,0.0,0.0,0.0,0.0,0.0,0
25.0,272.9000000000002,580.0873131978752,-0.03347550113890472,-0.031034555037194187,0.0,0.0,1e-06,5e-06,0.0,0.0,0.0,0.0,0.0,0.0,0
26.0,272.8900000000002,580.0660560131781,-0.03280784150713597,-0.030270304986332822,0.0,0.0,1e-06,5e-06,0.0,0.0,0.0,0.0,0.0,0.0,0
27.0,272.8800000000002,580.044798828481,-0.03213966409384964,-0.029505394187786808,0.0,0.0,1e-06,5e-06,0.0,0.0,0.0,0.0,0.0,0.0,0
28.0,272.87000000000023,580.0235416437839,-0.03147096845615372,-0.028739822022708878,0.0,0.0,1e-06,5e-06,0.0,0.0,0.0,0.0,0.0,0.0,0
29.0,272.86000000000024,580.0022844590868,-0.03080175415074303,-0.027973587871616596,0.0,0.0,1e-06,5e-06,0.0,0.0,0.0,0.0,0.0,0.0,0
30.0,272.85000000000025,579.9810272743897,-0.030132020733899624,-0.027206691114419347,0.0,0.0,1e-06,5e-06,0.0,0.0,0.0,0.0,0.0,0.0,0
31.0,272.84000000000026,579.9597700896926,-0.02946176776149147,-0.026439131130399886,0.0,0.0,1e-06,5e-06,0.0,0.0,0.0,0.0,0.0,0.0,0
32.0,272.83000000000027,579.9385129049955,-0.02879099478897355,-0.025670907298207434,0.0,0.0,1e-06,5e-06,0.0,0.0,0.0,0.0,0.0,0.0,0
33.0,272.8200000000003,579.9172557202984,-0.02811970137138565,-0.024902018995877188,0.0,0.0,1e-06,5e-06,0.0,0.0,0.0,0.0,0.0,0.0,0
34.0,272.8100000000003,579.8959985356013,-0.027447887063353264,-0.02413246560081586,0.0,0.0,1e-06,5e-06,0.0,0.0,0.0,0.0,0.0,0.0,0
35.0,272.8000000000003,579.8747413509042,-0.026775551419087055,-0.023362246489801668,0.0,0.0,1e-06,5e-06,0.0,0.0,0.0,0.0,0.0,0.0,0
36.0,272.7900000000003,579.8534841662071,-0.02610269399238117,-0.02259136103898637,0.0,0.0,1e-06,5e-06,0.0,0.0,0.0,0.0,0.0,0.0,0
37.0,272.7800000000003,579.83222698151,-0.025429314336614522,-0.021819808623891365,0.0,0.0,1e-06,5e-06,0.0,0.0,0.0,0.0,0.0,0.0,0
38.0,272.7700000000003,579.8109697968129,-0.024755412004749507,-0.021047588619414054,0.0,0.0,1e-06,5e-06,0.0,0.0,0.0,0.0,0.0,0.0,0
39.0,272.76000000000033,579.7897126121157,-0.024080986549331423,-0.02027470039982357,0.0,0.0,1e-06,5e-06,0.0,0.0,0.0,0.0,0.0,0.0,0
40.0,272.75000000000034,579.7684554274186,-0.023406037522488668,-0.01950114333874985,0.0,0.0,1e-06,5e-06,0.0,0.0,0.0,0.0,0.0,0.0,0
41.0,272.74000000000035,579.7471982427215,-0.02273056447593141,-0.018726916809200002,0.0,0.0,1e-06,5e-06,0.0,0.0,0.0,0.0,0.0,0.0,0
42.0,272.73000000000036,579.7259410580244,-0.022054566960952725,-0.017952020183558202,0.0,0.0,1e-06,5e-06,0.0,0.0,0.0,0.0,0.0,0.0,0
43.0,272.72000000000037,579.7046838733273,-0.021378044528425944,-0.017176452833556576,0.0,0.0,1e-06,5e-06,0.0,0.0,0.0,0.0,0.0,0.0,0
44.0,272.7100000000004,579.6834266886302,-0.020700996728806376,-0.016400214130309607,0.0,0.0,1e-06,5e-06,0.0,0.0,0.0,0.0,0.0,0.0,0
45.0,272.7000000000004,579.6621695039331,-0.02002342311212957,-0.01562330344429619,0.0,0.0,1e-06,5e-06,0.0,0.0,0.0,0.0,0.0,0.0,0
46.0,272.6900000000004,579.640912319236,-0.019345323228011732,-0.014845720145358501,0.0,0.0,1e-06,5e-06,0.0,0.0,0.0,0.0,0.0,0.0,0
47.0,272.6800000000004,579.6196551345389,-0.018666696625648165,-0.014067463602705598,0.0,0.0,1e-06,5e-06,0.0,0.0,0.0,0.0,0.0,0.0,0
48.0,272.6700000000004,579.5983979498418,-0.017987542853813883,-0.013288533184908108,0.0,0.0,1e-06,5e-06,0.0,0.0,0.0,0.0,0.0,0.0,0
49.0,272.6600000000004,579.5771407651447,-0.017307861460863383,-0.012508928259905475,0.0,0.0,1e-06,5e-06,0.0,0.0,0.0,0.0,0.0,0.0,0
50.0,272.65000000000043,579.5558835804476,-0.016627651994728758,-0.011728648195004295,0.0,0.0,1e-06,5e-06,0.0,0.0,0.0,0.0,0.0,0.0,0
51.0,272.64000000000044,579.5346263957505,-0.015946914002920847,-0.010947692356863964,0.0,0.0,1e-06,5e-06,0.0,0.0,0.0,0.0,0.0,0.0,0
52.0,272.63000000000045,579.5133692110534,-0.015265647032528067,-0.010166060111504496,0.0,0.0,1e-06,5e-06,0.0,0.0,0.0,0.0,0.0,0.0,0
53.0,272.62000000000046,579.4921120263563,-0.014583850630215866,-0.009383750824321732,0.0,0.0,1e-06,5e-06,0.0,0.0,0.0,0.0,0.0,0.0,0
54.0,272.61000000000047,579.4708548416592,-0.013901524342226704,-0.008600763860063372,0.0,0.0,1e-06,5e-06,0.0,0.0,0.0,0.0,0.0,0.0,0
55.0,272.6000000000005,579.449597656962,-0.013218667714379484,-0.007817098582833745,0.0,0.0,1e-06,5e-06,0.0,0.0,0.0,0.0,0.0,0.0,0
56.0,272.5900000000005,579.428340472265,-0.012535280292069172,-0.007032754356097862,0.0,0.0,1e-06,5e-06,0.0,0.0,0.0,0.0,0.0,0.0,0
57.0,272.5800000000005,579.4070832875678,-0.011851361620265835,-0.006247730542687257,0.0,0.0,1e-06,5e-06,0.0,0.0,0.0,0.0,0.0,0.0,0
58.0,272.5700000000005,579.3858261028707,-0.01116691124351502,-0.00546202650478124,0.0,0.0,1e-06,5e-06,0.0,0.0,0.0,0.0,0.0,0.0,0
59.0,272.5600000000005,579.3645689181736,-0.010481928705937183,-0.004675641603921608,0.0,0.0,1e-06,5e-06,0.0,0.0,0.0,0.0,0.0,0.0,0
60.0,272.5500000000005,579.3433117334765,-0.009796413551226534,-0.00388857520100725,0.0,0.0,1e-06,5e-06,0.0,0.0,0.0,0.0,0.0,0.0,0
61.0,272.54000000000053,579.3220545487794,-0.009110365322651413,-0.0031008266562891,0.0,0.0,1e-06,5e-06,0.0,0.0,0.0,0.0,0.0,0.0,0
62.0,272.53000000000054,579.3007973640823,-0.008423783563053535,-0.0023123953293781342,0.0,0.0,1e-06,5e-06,0.0,0.0,0.0,0.0,0.0,0.0,0
63.0,272.52000000000055,579.2795401793852,-0.007736667814847583,-0.0015232805792342735,0.0,0.0,1e-06,5e-06,0.0,0.0,0.0,0.0,0.0,0.0,0
64.0,272.51000000000056,579.2582829946881,-0.007049017620020643,-0.0007334817641761579,0.0,0.0,1e-06,5e-06,0.0,0.0,0.0,0.0,0.0,0.0,0
65.0,272.50000000000057,579.237025809991,-0.00636083252013239,5.700175812782515e-05,0.0,0.0,1e-06,5e-06,0.0,0.0,0.0,0.0,0.0,0.0,0
66.0,272.4900000000006,579.2157686252939,-0.005672112056313736,0.0008481706306554189,0.0,0.0,1e-06,5e-06,0.0,0.0,0.0,0.0,0.0,0.0,0
67.0,272.4800000000006,579.1945114405968,-0.004982855769266824,0.0016400254970355868,0.0,0.0,1e-06,5e-06,0.0,0.0,0.0,0.0,0.0,0.0,0
68.0,272.4700000000006,579.1732542558997,-0.004293063199264838,0.002432567001538062,0.0,0.0,1e-06,5e-06,0.0,0.0,0.0,0.0,0.0,0.0,0
69.0,272.4600000000006,579.1519970712026,-0.003602733886151417,0.0032257957890922256,0.0,0.0,1e-06,5e-06,0.0,0.0,0.0,0.0,0.0,0.0,0
70.0,272.4500000000006,579.1307398865055,-0.0029118673693396815,0.004019712505273318,0.0,0.0,1e-06,5e-06,0.0,0.0,0.0,0.0,0.0,0.0,0
71.0,272.4400000000006,579.1094827018084,-0.002220463187813015,0.004814317796303171,0.0,0.0,1e-06,5e-06,0.0,0.0,0.0,0.0,0.0,0.0,0
72.0,272.43000000000063,579.0882255171113,-0.0015285208801231096,0.005609612309064843,0.0,0.0,1e-06,5e-06,0.0,0.0,0.0,0.0,0.0,0.0,0
73.0,272.42000000000064,579.0669683324141,-0.0008360399843909455,0.006405596691097503,0.0,0.0,1e-06,5e-06,0.0,0.0,0.0,0.0,0.0,0.0,0
74.0,272.41000000000065,579.045711147717,-0.00014302003830541962,0.007202271590569949,0.0,0.0,1e-06,5e-06,0.0,0.0,0.0,0.0,0.0,0.0,0
75.0,272.40000000000066,578.9987545927702,0.0005505394208766528,0.00799963765633326,500003000.0,0.0,1.030630575307381e-06,5e-06,3.063057530738098e-08,0.0,2.2928217163453636e-06,0.0,2.0442955001980969e-07,0.0,0
76.0,272.39000000000067,578.9161236163924,0.0012001997026680842,0.00875292115000643,500003000.0,0.0,1.0953905022219048e-06,5e-06,6.475992691452374e-08,0.0,2.7527586268389457e-06,0.0,4.882325904574106e-07,0.0,0
77.0,272.3800000000007,578.7940144848938,0.001788602497846064,0.009444618131525825,500003000.0,0.0,1.1861495190589009e-06,5e-06,9.07590168369961e-08,0.0,3.4952603523305406e-06,0.0,8.023264893751558e-07,0.0,0
78.0,272.3700000000007,578.6296753555055,0.0023090258886738608,0.01006793653375971,500003000.0,0.0,1.2942987130391502e-06,5e-06,1.0814919398024931e-07,0.0,4.541138811481298e-06,0.0,1.1383473473312668e-06,0.0,0
79.0,272.3600000000007,578.4220638747278,0.002756551398138611,0.010617899210987467,500003000.0,0.0,1.4125632229411197e-06,5e-06,1.1826450990196957e-07,0.0,5.903164751416493e-06,0.0,1.482697995088509e-06,0.0,0
80.0,272.3500000000007,578.1718818229637,0.0031292110512422767,0.01109250099539871,500003000.0,0.0,1.535516100850728e-06,5e-06,1.229528779096084e-07,0.0,7.5827081947113486e-06,0.0,1.8215031305213875e-06,0.0,0
81.0,272.3400000000007,577.8813471912072,0.0034280583050166438,0.01149278165307844,500003000.0,0.0,1.659365635269275e-06,5e-06,1.2384953441854698e-07,0.0,9.569461396115328e-06,0.0,2.142698354156557e-06,0.0,0
82.0,272.3300000000007,577.5538630138715,0.0036567832439793843,0.011822439440105742,500003000.0,0.0,1.7815586648112579e-06,5e-06,1.2219302954198275e-07,0.0,1.1842996548665763e-05,0.0,2.43685204824287e-06,0.0,0
83.0,272.32000000000073,577.1936476156343,0.0038211466229919728,0.012087261786802863,500003000.0,0.0,1.900428475621704e-06,5e-06,1.1886981081044624e-07,0.0,1.4375263262413046e-05,0.0,2.6974729850767795e-06,0.0,0
84.0,272.31000000000074,576.8053687704061,0.0039283442956723124,0.012294485452563642,500003000.0,0.0,2.014933525513007e-06,5e-06,1.1450504989130312e-07,0.0,1.7133393454889627e-05,0.0,2.920979845019903e-06,0.0,0
85.0,272.30000000000075,576.3938154080349,0.003986375649931576,0.012452160345200391,500003000.0,0.0,2.124473513856109e-06,5e-06,1.0953998834310184e-07,0.0,2.0082380090543463e-05,0.0,3.1064030688153816e-06,0.0,0
86.0,272.29000000000076,575.9636293544128,0.004003474666375539,0.01256857612342726,500003000.0,0.0,2.2287603423128094e-06,5e-06,1.0428682845670015e-07,0.0,2.3187361551041537e-05,0.0,3.254907695361665e-06,0.0,0
87.0,272.28000000000077,575.5191073102254,0.003987643122123335,0.012651791489058819,500003000.0,0.0,2.327726122095735e-06,5e-06,9.896577978292549e-08,0.0,2.641537986386837e-05,0.0,3.369234861878313e-06,0.0,0
88.0,272.2700000000008,575.064072719062,0.003946304270738954,0.012709284730293428,500003000.0,0.0,2.4214562491947854e-06,5e-06,9.373012709905058e-08,0.0,2.9736585504140944e-05,0.0,3.453145940243716e-06,0.0,0
89.0,272.2600000000008,574.601809779681,0.0038860770098590315,0.012747725610866397,500003000.0,0.0,2.510139910124378e-06,5e-06,8.868366092959257e-08,0.0,3.312493280414158e-05,0.0,3.510928172492747e-06,0.0,0
90.0,272.2500000000008,574.1350477780101,0.0038126576261109995,0.012772855662806318,500003000.0,0.0,2.594033150897078e-06,5e-06,8.389324077270002e-08,0.0,3.655845091564114e-05,0.0,3.5469942902026996e-06,0.0,0
91.0,272.2400000000008,573.6659826030743,0.003730788998277614,0.012789456656444157,500003000.0,0.0,2.6734313133834663e-06,5e-06,7.939816248638826e-08,0.0,4.0019191558479674e-05,0.0,3.5655865830860487e-06,0.0,0
92.0,272.2300000000008,573.1963229542031,0.0036442947262126063,0.012801384570156397,500003000.0,0.0,2.748648637577161e-06,5e-06,7.521732419369464e-08,0.0,4.349295351752089e-05,0.0,3.5705803282506578e-06,0.0,0
93.0,272.2200000000008,572.7273505406312,0.003556156646024058,0.012811647366608267,500003000.0,0.0,2.82000342930066e-06,5e-06,7.135479172349915e-08,0.0,4.696887182817274e-05,0.0,3.565372331073507e-06,0.0,0
94.0,272.21000000000083,572.2599858634375,0.0034686172079679946,0.012822507909246099,500003000.0,0.0,2.8878075723995764e-06,5e-06,6.780414309891627e-08,0.0,5.043894243015805e-05,0.0,3.55283638319156e-06,0.0,0
95.0,272.20000000000084,571.7948534918086,0.0033832920976582343,0.012835597279293691,500003000.0,0.0,2.9523594207562633e-06,5e-06,6.455184835668666e-08,0.0,5.38975348204629e-05,0.0,3.535327172636604e-06,0.0,0
96.0,272.19000000000085,571.3323428220715,0.003301282469676108,0.012852027768057505,500003000.0,0.0,3.0139392924388243e-06,5e-06,6.157987168256098e-08,0.0,5.734092843943479e-05,0.0,3.514716130133512e-06,0.0,0
97.0,272.18000000000086,570.872662005593,0.003223279746432409,0.012872498429513659,500003000.0,0.0,3.0728069345104314e-06,5e-06,5.886764207160687e-08,0.0,6.0766894485430495e-05,0.0,3.4924457057774965e-06,0.0,0
98.0,272.17000000000087,570.4158840186648,0.0031496588770278033,0.012897389042917932,500003000.0,0.0,3.1292004470209874e-06,5e-06,5.639351251055593e-08,0.0,6.417433399636633e-05,0.0,3.4695918350574177e-06,0.0,0
99.0,272.1600000000009,569.9619847535452,0.0030805581901700847,0.012926840593043916,500003000.0,0.0,3.1833362557329994e-06,5e-06,5.413580871201211e-08,0.0,6.75629752288684e-05,0.0,3.4469273829467647e-06,0.0,0
100.0,272.1500000000009,569.5108735953356,0.003015945558891209,0.012960821973972449,500003000.0,0.0,3.2354098088257356e-06,5e-06,5.207355309273626e-08,0.0,7.0933128180908e-05,0.0,3.4249819045671295e-06,0.0,0
101.0,272.1400000000009,569.0624172844884,0.0029556716244706757,0.012999183661659228,500003000.0,0.0,3.2855967451768333e-06,5e-06,5.018693635109771e-08,0.0,7.428549100427525e-05,0.0,3.404095053035139e-06,0.0,0
102.0,272.1300000000009,568.6164580167149,0.0028995114221274034,0.013041699702574261,500003000.0,0.0,3.3340543422070184e-06,5e-06,4.845759703018533e-08,0.0,7.762100150444549e-05,0.0,3.384462422551853e-06,0.0,0
103.0,272.1200000000009,568.1728267587371,0.0028471960271107483,0.013088099645547708,500003000.0,0.0,3.380923100885501e-06,5e-06,4.686875867848261e-08,0.0,8.094072645694176e-05,0.0,3.3661736120924135e-06,0.0,0
104.0,272.1100000000009,567.7313527058844,0.002798435896536505,0.013138092102476379,500003000.0,0.0,3.426328365519276e-06,5e-06,4.540526463377513e-08,0.0,8.424578169959403e-05,0.0,3.3492429250308504e-06,0.0,0
105.0,272.10000000000093,567.2918697106163,0.0027529374996296723,0.01319138154148465,500003000.0,0.0,3.4703819076039908e-06,5e-06,4.4053542084714556e-08,0.0,8.75372765988256e-05,0.0,3.3336334743257128e-06,0.0,0
106.0,272.09000000000094,566.8542203942148,0.002710414667175534,0.013247679753595146,500003000.0,0.0,3.5131834275118614e-06,5e-06,4.280151990787058e-08,0.0,9.081627732676284e-05,0.0,3.3192756218081182e-06,0.0,0
107.0,272.08000000000095,566.4182585334863,0.0026705958927798435,0.013306713235091076,500003000.0,0.0,3.554821946304486e-06,5e-06,4.163851879262446e-08,0.0,9.408378428346102e-05,0.0,3.3060807088023133e-06,0.0,0
108.0,272.07000000000096,565.9838502004374,0.0026332286127024457,0.013368227520368557,500003000.0,0.0,3.595377073573898e-06,5e-06,4.0555127269412e-08,0.0,9.734071986590963e-05,0.0,3.293950983617469e-06,0.0,0
109.0,272.06000000000097,565.5508740310934,0.0025980812953811596,0.013431989303422456,500003000.0,0.0,3.6349201469117667e-06,5e-06,3.954307333786862e-08,0.0,0.00010058792357203122,0.0,3.282786535565651e-06,0.0,0
110.0,272.050000000001,565.1192209123158,0.002564943996213417,0.013497787009031259,500003000.0,0.0,3.6735152452362343e-06,5e-06,3.859509832446741e-08,0.0,0.00010382615210960767,0.0,3.2724899300618475e-06,0.0,0
111.0,272.040000000001,564.6887933030082,0.0025336278821413228,0.013565430322807406,500003000.0,0.0,3.7112200824906717e-06,5e-06,3.770483725443723e-08,0.0,0.00010705608275056778,0.0,3.262969121329012e-06,0.0,0
112.0,272.030000000001,564.2595043476128,0.002503964104914991,0.013634749062356904,500003000.0,0.0,3.748086790765175e-06,5e-06,3.686670827450345e-08,0.0,0.0001102783186348041,0.0,3.2541391080877817e-06,0.0,0
113.0,272.020000000001,563.8312768937583,0.002475802300229001,0.013705591669502004,500003000.0,0.0,3.784162603161087e-06,5e-06,3.6075812395911846e-08,0.0,0.0001134933950951199,0.0,3.245922698622755e-06,0.0,0
114.0,272.010000000001,563.4040424905145,0.0024490089097046336,0.01377782352242974,500003000.0,0.0,3.819490447100573e-06,5e-06,3.5327843939485584e-08,0.0,0.0001167017863592481,0.0,3.2382506669875785e-06,0.0,0
115.0,272.000000000001,562.9777404171164,0.002423465460857295,0.013851325204365652,500003000.0,0.0,3.8541094585692395e-06,5e-06,3.4619011468667036e-08,0.0,0.00011990391219992906,0.0,3.2310615120373482e-06,0.0,0
116.0,271.99000000000103,562.5523167725172,0.0023990668936295797,0.013925990818316369,500003000.0,0.0,3.8880554271895e-06,5e-06,3.3945968620261066e-08,0.0,0.00012310014426290632,0.0,3.224300974525094e-06,0.0,0
117.0,271.98000000000104,562.1277236422098,0.002375719987845139,0.014001726402918442,500003000.0,0.0,3.921361181216608e-06,5e-06,3.3305754027108464e-08,0.0,0.00012629081191715846,0.0,3.2179214231103155e-06,0.0,0
118.0,271.97000000000105,561.7039183491198,0.002353341921430335,0.014078448479676297,500003000.0,0.0,3.954056920642227e-06,5e-06,3.2695739425618244e-08,0.0,0.0001294762075518119,0.0,3.2118811860025443e-06,0.0,0
119.0,271.96000000000106,561.2808627889625,0.002331858972229581,0.0141560827445617,500003000.0,0.0,3.986170505660281e-06,5e-06,3.211358501805457e-08,0.0,0.00013265659129834583,0.0,3.2061438793063584e-06,0.0,0
120.0,271.95000000000107,560.8585228464119,0.0023112053648707115,0.014234562905700656,500003000.0,0.0,4.017727706847988e-06,5e-06,3.155720118770751e-08,0.0,0.00013583219519168528,0.0,3.2006777642939077e-06,0.0,0
121.0,271.9400000000011,560.4368678860843,0.002291322256903862,0.014313829661275803,500003000.0,0.0,4.0487524225721865e-06,5e-06,3.102471572419829e-08,0.0,0.00013900322680488147,0.0,3.1954551523019076e-06,0.0,0
122.0,271.9300000000011,560.0158703111713,0.0022721568542236324,0.014393829807674308,500003000.0,0.0,4.07926686836476e-06,5e-06,3.051444579257344e-08,0.0,0.00014216987240346486,0.0,3.1904518665617453e-06,0.0,0
123.0,271.9200000000011,559.5955051821926,0.0022536616436183393,0.014474515465658816,500003000.0,0.0,4.109291742327355e-06,5e-06,3.0024873962595063e-08,0.0,0.0001453322996702631,0.0,3.185646763903676e-06,0.0,0
124.0,271.9100000000011,559.1757498884782,0.00223579372957411,0.014555843411668953,500003000.0,0.0,4.13884637002557e-06,5e-06,2.9554627698214856e-08,0.0,0.00014849066005186257,0.0,3.1810213152230666e-06,0.0,0
125.0,271.9000000000011,558.756583865443,0.0022185142626295925,0.01463777450134517,500003000.0,0.0,4.167948831812104e-06,5e-06,2.9102461786533847e-08,0.0,0.0001516450907755626,0.0,3.1765592411261796e-06,0.0,0
126.0,271.8900000000011,558.3379883513319,0.002201787947317153,0.014720273173350451,500003000.0,0.0,4.19661607507094e-06,5e-06,2.8667243258835838e-08,0.0,0.00015479571658182895,0.0,3.172246197862229e-06,0.0,0
127.0,271.88000000000113,557.9199461778006,0.0021855826187563185,0.01480330702235629,500003000.0,0.0,4.224864013492888e-06,5e-06,2.8247938421948545e-08,0.0,0.00015794265121267352,0.0,3.1680695080879027e-06,0.0,0
128.0,271.87000000000114,557.5024415893879,0.0021698688781344256,0.01488684643148759,500003000.0,0.0,4.252707615169052e-06,5e-06,2.784360167616359e-08,0.0,0.00016108599869160616,0.0,3.1640179309607646e-06,0.0,0
129.0,271.86000000000115,557.0854600875972,0.0021546197784959695,0.01497086425544027,500003000.0,0.0,4.280160981015334e-06,5e-06,2.7453365846281786e-08,0.0,0.00016422585442615894,0.0,3.160081466312076e-06,0.0,0
130.0,271.85000000000116,556.6689882959106,0.0021398105533981865,0.015055335546857725,500003000.0,0.0,4.307237414810899e-06,5e-06,2.7076433795565154e-08,0.0,0.00016736230615965354,0.0,3.156251188074281e-06,0.0,0
131.0,271.84000000000117,556.2530138426009,0.002125418382037688,0.015140237319496038,500003000.0,0.0,4.333949485940058e-06,5e-06,2.671207112915919e-08,0.0,0.00017049543479497582,0.0,3.1525191026441787e-06,0.0,0
132.0,271.8300000000012,555.837525258687,0.0021114221853889325,0.015225548342624589,500003000.0,0.0,4.360309085764647e-06,5e-06,2.6359599824588755e-08,0.0,0.0001736253151096653,0.0,3.1488780283838346e-06,0.0,0
133.0,271.8200000000012,555.4225118887854,0.0020978024487346863,0.015311248962129716,500003000.0,0.0,4.386327478417872e-06,5e-06,2.6018392653223988e-08,0.0,0.00017675201637864024,0.0,3.145321492991198e-06,0.0,0
134.0,271.8100000000012,555.0079638129671,0.002084541066668395,0.015397320944200274,500003000.0,0.0,4.412015346696152e-06,5e-06,2.568786827828044e-08,0.0,0.00017987560291829618,0.0,3.141843645921264e-06,0.0,0
135.0,271.8000000000012,554.5938717780285,0.002071621207273242,0.015483747338368853,500003000.0,0.0,4.437382833629474e-06,5e-06,2.5367486933322613e-08,0.0,0.00018299613456353284,0.0,3.1384391834805957e-06,0.0,0
136.0,271.7900000000012,554.1802271368343,0.002059027192699959,0.015570512357157154,500003000.0,0.0,4.462439580229881e-06,5e-06,2.5056746600407406e-08,0.0,0.0001861136670874177,0.0,3.1351032845861704e-06,0.0,0
137.0,271.7800000000012,553.7670217946047,0.002046744393809349,0.015657601269832816,500003000.0,0.0,4.487194759849603e-06,5e-06,2.4755179619721438e-08,0.0,0.00018922825257165285,0.0,3.1318315555090516e-06,0.0,0
138.0,271.77000000000123,553.3542481611962,0.002034759136904091,0.015745000308377617,500003000.0,0.0,4.511657109522581e-06,5e-06,2.4462349672978307e-08,0.0,0.0001923399397347036,0.0,3.1286199821828544e-06,0.0,0
139.0,271.76000000000124,552.9418991085716,0.0020230586208965238,0.0158326965839828,500003000.0,0.0,4.535834958614363e-06,5e-06,2.4177849091782447e-08,0.0,0.00019544877422337988,0.0,3.1254648889101056e-06,0.0,0
140.0,271.75000000000125,552.5299679327794,0.0020116308435090217,0.015920678012701292,500003000.0,0.0,4.559736255063747e-06,5e-06,2.3901296449384604e-08,0.0,0.00019855479887275488,0.0,3.1223629024828124e-06,0.0,0
141.0,271.74000000000126,552.1184483198642,0.002000464535319279,0.016008933248902985,500003000.0,0.0,4.583368589464119e-06,5e-06,2.3632334400372364e-08,0.0,0.00020165805393855806,0.0,3.1193109208972816e-06,0.0,0
142.0,271.73000000000127,551.7073343152185,0.0019895491006436928,0.016097451625741766,500003000.0,0.0,4.60673921720209e-06,5e-06,2.3370627737970598e-08,0.0,0.00020475857730555398,0.0,3.1163060859808943e-06,0.0,0
143.0,271.7200000000013,551.2966202959532,0.0019788745644054,0.01618622310156318,500003000.0,0.0,4.629855078845049e-06,5e-06,2.311586164295844e-08,0.0,0.00020785640467490375,0.0,3.1133457593664743e-06,0.0,0
144.0,271.7100000000013,550.8863009459282,0.0019684315242482525,0.016275238211673954,500003000.0,0.0,4.652722818946744e-06,5e-06,2.2867740101695503e-08,0.0,0.0002109515697330625,0.0,3.1104275013264567e-06,0.0,0
145.0,271.7000000000013,550.4763712331335,0.0019582111072756086,0.016364488024727876,500003000.0,0.0,4.67534880342069e-06,5e-06,2.262598447394645e-08,0.0,0.000214044104304411,0.0,3.1075490520758945e-06,0.0,0
146.0,271.6900000000013,550.0668263891529,0.0019482049308703854,0.016453964103236667,500003000.0,0.0,4.697739135614339e-06,5e-06,2.2390332193648564e-08,0.0,0.00021713403848950727,0.0,3.1047083152007077e-06,0.0,0
147.0,271.6800000000013,549.6576618904784,0.001938405067133055,0.016543658467737206,500003000.0,0.0,4.719899671202368e-06,5e-06,2.2160535588028615e-08,0.0,0.00022022140079059114,0.0,3.101903342929872e-06,0.0,0
148.0,271.6700000000013,549.248873441475,0.001928804010532578,0.016633563564206907,500003000.0,0.0,4.74183603200466e-06,5e-06,2.193636080229251e-08,0.0,0.00022330621822575476,0.0,3.099132323007417e-06,0.0,0
149.0,271.66000000000133,548.84045695882,0.0019193946484221856,0.016723672234316866,500003000.0,0.0,4.7635536188234114e-06,5e-06,2.1717586818751255e-08,0.0,0.0002263885164330098,0.0,3.0963935669626706e-06,0.0,0
150.0,271.65000000000134,548.4324085572628,0.0019101702341133878,0.016813977688346835,500003000.0,0.0,4.785057623383986e-06,5e-06,2.1504004560574544e-08,0.0,0.00022946831976532365,0.0,3.093685499601927e-06,0.0,0
151.0,271.64000000000135,548.0247245365708,0.0019011243622406757,0.016904473480319242,500003000.0,0.0,4.806353039455534e-06,5e-06,2.1295416071548112e-08,0.0,0.00023254565137756478,0.0,3.091006649571085e-06,0.0,0
152.0,271.63000000000136,547.6174013695435,0.0018922509461841333,0.01699515348527565,500003000.0,0.0,4.827444673219783e-06,5e-06,2.1091633764249344e-08,0.0,0.00023562053330618068,0.0,3.0883556408631803e-06,0.0,0
153.0,271.62000000000137,547.2104356909883,0.0018835441973428365,0.017086011878393294,500003000.0,0.0,4.848337152949689e-06,5e-06,2.0892479729905866e-08,0.0,0.0002386929865423368,0.0,3.0857311851584925e-06,0.0,0
154.0,271.6100000000014,546.8038242875677,0.0018749986060772842,0.01717704311576659,500003000.0,0.0,4.869034938053667e-06,5e-06,2.069778510397824e-08,0.0,0.00024176303109915597,0.0,3.0831320749016884e-06,0.0,0
155.0,271.6000000000014,546.3975640884336,0.0018666089241601196,0.017268241916746363,500003000.0,0.0,4.88954232753584e-06,5e-06,2.050738948217305e-08,0.0,0.0002448306860736274,0.0,3.080557177033283e-06,0.0,0
156.0,271.5900000000014,545.9916521565768,0.001858370148590711,0.017359603247629765,500003000.0,0.0,4.909863467917993e-06,5e-06,2.0321140382152667e-08,0.0,0.0002478959697036857,0.0,3.0780054273003675e-06,0.0,0
157.0,271.5800000000014,545.5860856808263,0.0018502775066525123,0.017451122306587036,500003000.0,0.0,4.930002360664792e-06,5e-06,2.0138892746798736e-08,0.0,0.0002509588994209171,0.0,3.0754758250933078e-06,0.0,0
158.0,271.5700000000014,545.1808619684397,0.0018423264420886472,0.017542794509753955,500003000.0,0.0,4.949962869149934e-06,5e-06,1.996050848514279e-08,0.0,0.00025401949189927985,0.0,3.0729674287342544e-06,0.0,0
159.0,271.5600000000014,544.7759784382332,0.001834512602309098,0.017634615478347947,500003000.0,0.0,4.969748725197688e-06,5e-06,1.9785856047753563e-08,0.0,0.0002570777631002089,0.0,3.07047935119309e-06,0.0,0
160.0,271.55000000000143,544.371432614204,0.001826831826526014,0.017726581026696702,500003000.0,0.0,4.989363535231103e-06,5e-06,1.9614810033415473e-08,0.0,0.0002601337283144159,0.0,3.0680107561665404e-06,0.0,0
161.0,271.54000000000144,543.9672221196026,0.0018192801347444363,0.017818687151167904,500003000.0,0.0,5.0088107860555765e-06,5e-06,1.9447250824473316e-08,0.0,0.0002631874022006767,0.0,3.0655608544969953e-06,0.0,0
162.0,271.53000000000145,543.5633446714185,0.0018118537175306779,0.017910930019847112,500003000.0,0.0,5.028093850303921e-06,5e-06,1.9283064248344133e-08,0.0,0.0002662387988218611,0.0,3.063128900889708e-06,0.0,0
163.0,271.52000000000146,543.1597980752431,0.0018045489264962712,0.018003305962964195,500003000.0,0.0,5.0472159915669495e-06,5e-06,1.9122141263028386e-08,0.0,0.0002692879316784409,0.0,3.060714190905008e-06,0.0,0
164.0,271.51000000000147,542.7565802204812,0.0017973622654350043,0.018095811463957005,500003000.0,0.0,5.066180369231542e-06,5e-06,1.8964377664592626e-08,0.0,0.000272334813739683,0.0,3.058316058193898e-06,0.0,0
165.0,271.5000000000015,542.353689075881,0.0017902903820604904,0.01818844315115921,500003000.0,0.0,5.084990043046373e-06,5e-06,1.8809673814831444e-08,0.0,0.00027537945747271766,0.0,3.0559338719553684e-06,0.0,0
166.0,271.4900000000015,541.9511226853589,0.0017833300602989454,0.01828119779002289,500003000.0,0.0,5.103647977433882e-06,5e-06,1.8657934387508335e-08,0.0,0.0002784218748696552,0.0,3.053567034600035e-06,0.0,0
167.0,271.4800000000015,541.5488791640946,0.001776478213086944,0.018374072275875848,500003000.0,0.0,5.122157045565509e-06,5e-06,1.850906813162694e-08,0.0,0.00028146207747290484,0.0,3.0512149795907482e-06,0.0,0
168.0,271.4700000000015,541.1469566948774,0.0017697318756404667,0.01846706362714192,500003000.0,0.0,5.140520033215961e-06,5e-06,1.8362987650452128e-08,0.0,0.0002845000763988379,0.0,3.0488771694541132e-06,0.0,0
169.0,271.4600000000015,540.7453535246831,0.001763088199154791,0.018560168978999682,500003000.0,0.0,5.1587396424109735e-06,5e-06,1.821960919501244e-08,0.0,0.00028753588235992157,0.0,3.0465530939408615e-06,0.0,0
170.0,271.4500000000015,540.344067961464,0.0017565444449055214,0.01865338557740911,500003000.0,0.0,5.176818494881977e-06,5e-06,1.8078852471003144e-08,0.0,0.0002905695056854441,0.0,3.0442422683273257e-06,0.0,0
171.0,271.44000000000153,539.9430983711383,0.0017500979787172545,0.01874671077360543,500003000.0,0.0,5.194759135340015e-06,5e-06,1.7940640458037685e-08,0.0,0.00029360095634093454,0.0,3.0419442318400916e-06,0.0,0
172.0,271.43000000000154,539.5424431747614,0.001743746265774637,0.018840142018805735,500003000.0,0.0,5.212564034580357e-06,5e-06,1.780489924034254e-08,0.0,0.0002966302439463746,0.0,3.0396585461968048e-06,0.0,0
173.0,271.42000000000155,539.1421008458683,0.0017374868657518818,0.018933676859346854,500003000.0,0.0,5.2302355924284156e-06,5e-06,1.767155784805867e-08,0.0,0.000299657377793294,0.0,3.037384794255371e-06,0.0,0
174.0,271.41000000000156,538.7420699079734,0.0017313174282328667,0.01902731293204885,500003000.0,0.0,5.247776140536739e-06,5e-06,1.7540548108323046e-08,0.0,0.0003026823668608268,0.0,3.0351225787541286e-06,0.0,0
175.0,271.40000000000157,538.3423489322176,0.0017252356884064515,0.019121047959911375,500003000.0,0.0,5.265187945042216e-06,5e-06,1.7411804505477533e-08,0.0,0.00030570521983080474,0.0,3.0328715211449084e-06,0.0,0
176.0,271.3900000000016,537.942936535152,0.0017192394630164828,0.019214879747983426,500003000.0,0.0,5.282473209091956e-06,5e-06,1.7285264049739737e-08,0.0,0.0003087259451019603,0.0,3.030631260509595e-06,0.0,0
177.0,271.3800000000016,537.5438313766474,0.0017133266465434928,0.019308806179583568,500003000.0,0.0,5.2996340752456405e-06,5e-06,1.7160866153684193e-08,0.0,0.00031174455080329303,0.0,3.028401452544295e-06,0.0,0
178.0,271.3700000000016,537.1450321579252,0.0017074952076089524,0.019402825212629638,500003000.0,0.0,5.316672627761697e-06,5e-06,1.7038552516056382e-08,0.0,0.00031476104480666325,0.0,3.026181768617722e-06,0.0,0
179.0,271.3600000000016,536.7465376196958,0.0017017431855850347,0.019496934876236324,500003000.0,0.0,5.333590894774089e-06,5e-06,1.6918267012392296e-08,0.0,0.000317775434738668,0.0,3.023971894894767e-06,0.0,0
180.0,271.3500000000016,536.348346540402,0.0016960686873916699,0.019591133267505157,500003000.0,0.0,5.350390850366023e-06,5e-06,1.6799955591933812e-08,0.0,0.0003207877279918405,0.0,3.0217715315124598e-06,0.0,0
181.0,271.3400000000016,535.950457734558,0.0016904698844746836,0.019685418548466407,500003000.0,0.0,5.367074416546499e-06,5e-06,1.668356618047601e-08,0.0,0.0003237979317352251,0.0,3.0195803918153547e-06,0.0,0
182.0,271.33000000000163,535.5528700511792,0.0016849450099479185,0.019779788943207186,500003000.0,0.0,5.383643465135196e-06,5e-06,1.6569048588696987e-08,0.0,0.00032680605292436456,0.0,3.0173982016367213e-06,0.0,0
183.0,271.32000000000164,535.1555823722956,0.0016794923558936302,0.01987424273515025,500003000.0,0.0,5.4000998195608515e-06,5e-06,1.6456354425655727e-08,0.0,0.0003298120983107425,0.0,3.015224698630941e-06,0.0,0
184.0,271.31000000000165,534.7585936115447,0.001674110270804971,0.019968778264497444,500003000.0,0.0,5.416445256577911e-06,5e-06,1.6345437017059477e-08,0.0,0.0003328160744507113,0.0,3.0130596316426534e-06,0.0,0
185.0,271.30000000000166,534.361902712838,0.0016687971571670748,0.02006339392575586,500003000.0,0.0,5.432681507905957e-06,5e-06,1.6236251328045618e-08,0.0,0.0003358179877139428,0.0,3.010902760119891e-06,0.0,0
186.0,271.29000000000167,533.9655086490967,0.001663551469164904,0.020158088165468706,500003000.0,0.0,5.4488102617961145e-06,5e-06,1.61287538901569e-08,0.0,0.0003388178442914294,0.0,3.00875385356249e-06,0.0,0
187.0,271.2800000000017,533.5694104210536,0.0016583717105102223,0.020252859480004066,500003000.0,0.0,5.46483316452836e-06,5e-06,1.6022902732245768e-08,0.0,0.00034181565020306514,0.0,3.006612691003753e-06,0.0,0
188.0,271.2700000000017,533.1736070561143,0.0016532564323817165,0.020347706413491453,500003000.0,0.0,5.480751821843434e-06,5e-06,1.591865731507339e-08,0.0,0.00034481141130483263,0.0,3.00447906052546e-06,0.0,0
189.0,271.2600000000017,532.7780976072775,0.0016482042314696888,0.020442627555856407,500003000.0,0.0,5.49656780031279e-06,5e-06,1.581597846935635e-08,0.0,0.0003478051332956192,0.0,3.002352758800916e-06,0.0,0
190.0,271.2500000000017,532.3828811521083,0.0016432137481188268,0.02053762154093116,500003000.0,0.0,5.512282628649837e-06,5e-06,1.5714828337046414e-08,0.0,0.0003507968217236847,0.0,3.0002335906637547e-06,0.0,0
191.0,271.2400000000017,531.9879567917626,0.0016382836645672308,0.020632687044715173,500003000.0,0.0,5.527897798965521e-06,5e-06,1.5615170315684123e-08,0.0,0.000353786481992805,0.0,2.998121368708117e-06,0.0,0
192.0,271.2300000000017,531.5933236500591,0.001633412703268291,0.020727822783648837,500003000.0,0.0,5.543414767971087e-06,5e-06,1.5516969005565806e-08,0.0,0.0003567741193681057,0.0,2.9960159129040695e-06,0.0,0
193.0,271.22000000000173,531.198980872597,0.0016285996252990824,0.020823027513038345,500003000.0,0.0,5.5588349581307234e-06,5e-06,1.542019015963669e-08,0.0,0.00035975973898160846,0.0,2.993917050242745e-06,0.0,0
194.0,271.21000000000174,530.8049276259146,0.0016238432288439484,0.02091830002551534,500003000.0,0.0,5.574159758766611e-06,5e-06,1.532480063588743e-08,0.0,0.0003627433458375051,0.0,2.9918246143977904e-06,0.0,0
195.0,271.20000000000175,530.4111630966902,0.0016191423477511023,0.02101363914959908,500003000.0,0.0,5.589390527118738e-06,5e-06,1.5230768352127102e-08,0.0,0.0003657249448171738,0.0,2.989738445405915e-06,0.0,0
196.0,271.19000000000176,530.0176864909783,0.0016144958501602812,0.021109043748295583,500003000.0,0.0,5.604528589361752e-06,5e-06,1.5138062243014424e-08,0.0,0.00036870454068395624,0.0,2.987658389369406e-06,0.0,0
197.0,271.18000000000177,529.6244970334836,0.0016099026371925915,0.021204512717787227,500003000.0,0.0,5.619575241580923e-06,5e-06,1.5046652219170504e-08,0.0,0.0003716821380877053,0.0,2.9855842981702386e-06,0.0,0
198.0,271.1700000000018,529.231593966867,0.0016053616417035313,0.02130004498617418,500003000.0,0.0,5.634531750709219e-06,5e-06,1.4956509128295827e-08,0.0,0.00037465774156911734,0.0,2.9835160292032506e-06,0.0,0
199.0,271.1600000000018,528.8389765510841,0.001600871827093071,0.021395639512297893,500003000.0,0.0,5.649399355427372e-06,5e-06,1.4867604718152757e-08,0.0,0.0003776313555638617,0.0,2.9814534451223774e-06,0.0,0
200.0,271.1500000000018,528.4466440627546,0.0015964321861718128,0.021491295284566475,500003000.0,0.0,5.6641792670287e-06,5e-06,1.4779911601328378e-08,0.0,0.00038060298440652,0.0,2.979396413603108e-06,0.0,0
201.0,271.1400000000018,528.0545957945582,0.0015920417400772755,0.021587011319887345,500003000.0,0.0,5.678872670250352e-06,5e-06,1.4693403221651124e-08,0.0,0.0003835726323343431,0.0,2.977344807114778e-06,0.0,0
202.0,271.1300000000018,527.6628310546596,0.0015876995372392866,0.02168278666261778,500003000.0,0.0,5.693480724072537e-06,5e-06,1.4608053822185303e-08,0.0,0.0003865403034908343,0.0,2.9752985027051846e-06,0.0,0
203.0,271.1200000000018,527.2713491661576,0.001583404652393668,0.02177862038357599,500003000.0,0.0,5.708004562487271e-06,5e-06,1.4523838414733421e-08,0.0,0.0003895060019291747,0.0,2.9732573818002063e-06,0.0,0
204.0,271.11000000000183,526.8801494665588,0.001579156185637778,0.021874511579076116,500003000.0,0.0,5.722445295237999e-06,5e-06,1.4440732750728179e-08,0.0,0.00039246973161549236,0.0,2.971221330010263e-06,0.0,0
205.0,271.10000000000184,526.489231307274,0.0015749532615283546,0.02197045937004898,500003000.0,0.0,5.736804008531462e-06,5e-06,1.4358713293463655e-08,0.0,0.00039543149643198706,0.0,2.9691902369481446e-06,0.0,0
206.0,271.09000000000185,526.0985940531372,0.001570795028218427,0.022066462901148647,500003000.0,0.0,5.7510817657230465e-06,5e-06,1.4277757191584227e-08,0.0,0.0003983913001799159,0.0,2.9671639960555768e-06,0.0,0
207.0,271.08000000000186,525.7082370819437,0.0015666806566319916,0.022162521339925582,500003000.0,0.0,5.765279607976818e-06,5e-06,1.4197842253771096e-08,0.0,0.00040134914658244953,0.0,2.9651425044394058e-06,0.0,0
208.0,271.07000000000187,525.3181597840097,0.0015626093396751445,0.022258633876042155,500003000.0,0.0,5.779398554901387e-06,5e-06,1.4118946924568621e-08,0.0,0.0004043050392874055,0.0,2.963125662717984e-06,0.0,0
209.0,271.0600000000019,524.9283615617483,0.0015585802914784396,0.02235479972050899,500003000.0,0.0,5.793439605162647e-06,5e-06,1.404105026126039e-08,0.0,0.00040725898186986235,0.0,2.9611133748708167e-06,0.0,0
210.0,271.0500000000019,524.5388418292652,0.0015545927466723885,0.02245101810494291,500003000.0,0.0,5.8074037370744194e-06,5e-06,1.3964131911772242e-08,0.0,0.0004102109778346619,0.0,2.959105548097814e-06,0.0,0
211.0,271.0400000000019,524.1496000119698,0.0015506459596951881,0.02254728828089334,500003000.0,0.0,5.821291909167975e-06,5e-06,1.3888172093555838e-08,0.0,0.00041316103061880816,0.0,2.957102092689093e-06,0.0,0
212.0,271.0300000000019,523.760635546203,0.0015467392041256835,0.02264360951913378,500003000.0,0.0,5.835105060741329e-06,5e-06,1.3813151573354151e-08,0.0,0.0004161091435937632,0.0,2.955102921894437e-06,0.0,0
213.0,271.0200000000019,523.3719478788798,0.0015428717720464894,0.022739981109061915,500003000.0,0.0,5.8488441123891885e-06,5e-06,1.3739051647859714e-08,0.0,0.00041905532006764805,0.0,2.95310795180415e-06,0.0,0
214.0,271.0100000000019,522.9835364671463,0.0015390429734326429,0.022836402358066575,500003000.0,0.0,5.86250996651438e-06,5e-06,1.3665854125192286e-08,0.0,0.00042199956328735317,0.0,2.9511171012347002e-06,0.0,0
215.0,271.00000000000193,522.5954007780513,0.0015352521355637499,0.022932872590928154,500003000.0,0.0,5.8761035078215284e-06,5e-06,1.359354130714791e-08,0.0,0.00042494187644056175,0.0,2.9491302916173025e-06,0.0,0
216.0,270.99000000000194,522.2075402882294,0.0015314986024623722,0.02302939114927803,500003000.0,0.0,5.8896256037937445e-06,5e-06,1.3522095972215755e-08,0.0,0.00042788226265769175,0.0,2.947147446896742e-06,0.0,0
217.0,270.98000000000195,521.8199544835985,0.00152778173435203,0.02312595739101042,500003000.0,0.0,5.903077105153021e-06,5e-06,1.34515013592771e-08,0.0,0.00043082072501375845,0.0,2.9451684934295433e-06,0.0,0
218.0,270.97000000000196,521.4326428590675,0.0015241009071382072,0.023222570689811664,500003000.0,0.0,5.916458846305013e-06,5e-06,1.3381741151991642e-08,0.0,0.000433757266530163,0.0,2.9431933598898142e-06,0.0,0
219.0,270.96000000000197,521.0456049182565,0.0015204555119100788,0.02331923043461793,500003000.0,0.0,5.92977164576884e-06,5e-06,1.3312799463827027e-08,0.0,0.0004366918901764093,0.0,2.9412219771800355e-06,0.0,0
220.0,270.950000000002,520.6588401732271,0.0015168449544608897,0.023415936029158667,500003000.0,0.0,5.943016306592531e-06,5e-06,1.3244660823691008e-08,0.0,0.0004396245988717548,0.0,2.939254278344431e-06,0.0,0
221.0,270.940000000002,520.2723481442235,0.0015132686548266453,0.02351268689147868,500003000.0,0.0,5.956193616754673e-06,5e-06,1.3177310162142123e-08,0.0,0.00044255539548679335,0.0,2.9372901984857425e-06,0.0,0
222.0,270.930000000002,519.8861283594235,0.0015097260468445344,0.023609482453494954,500003000.0,0.0,5.969304349552844e-06,5e-06,1.3110732798171226e-08,0.0,0.00044548428284498133,0.0,2.9353296746896487e-06,0.0,0
223.0,270.920000000002,519.5001803546984,0.0015062165777246102,0.023706322160576897,500003000.0,0.0,5.9823492639793225e-06,5e-06,1.3044914426478342e-08,0.0,0.0004484112637240986,0.0,2.9333726459455835e-06,0.0,0
224.0,270.910000000002,519.1145036733819,0.0015027397076427067,0.0238032054711147,500003000.0,0.0,5.995329105084619e-06,5e-06,1.2979841105296426e-08,0.0,0.00045133634085766115,0.0,2.9314190530808226e-06,0.0,0
225.0,270.900000000002,518.729097866049,0.001499294909343065,0.02390013185614849,500003000.0,0.0,6.008244604329264e-06,5e-06,1.2915499244644804e-08,0.0,0.00045425951693627264,0.0,2.9294688386865917e-06,0.0,0
226.0,270.89000000000203,518.3439624903003,0.0014958816677610543,0.023997100798957685,500003000.0,0.0,6.0210964799243496e-06,5e-06,1.2851875595086315e-08,0.0,0.00045718079460893064,0.0,2.927521947057643e-06,0.0,0
227.0,270.88000000000204,517.9590971105578,0.0014924994796546617,0.024094111794726383,500003000.0,0.0,6.033885437161225e-06,5e-06,1.2788957236874887e-08,0.0,0.0004601001764842789,0.0,2.9255783241242904e-06,0.0,0
228.0,270.87000000000205,517.5745012978646,0.001489147853255584,0.024191164350152394,500003000.0,0.0,6.046612168730797e-06,5e-06,1.2726731569572498e-08,0.0,0.00046301766513181814,0.0,2.923637917399168e-06,0.0,0
229.0,270.86000000000206,517.1901746296945,0.0014858263079270322,0.024288257983129592,500003000.0,0.0,6.059277355032808e-06,5e-06,1.2665186302010905e-08,0.0,0.0004659332630830675,0.0,2.921700675914492e-06,0.0,0
230.0,270.85000000000207,516.8061166897668,0.0014825343738393123,0.024385392222423447,500003000.0,0.0,6.071881664475488e-06,5e-06,1.2604309442680052e-08,0.0,0.0004688469728326881,0.0,2.919766550172463e-06,0.0,0
231.0,270.8400000000021,516.4223270678688,0.0014792715916509232,0.02448256660732361,500003000.0,0.0,6.084425753765914e-06,5e-06,1.2544089290426033e-08,0.0,0.000471758796839559,0.0,2.917835492085647e-06,0.0,0
232.0,270.8300000000021,516.0388053596836,0.0014760375122091086,0.024579780687373178,500003000.0,0.0,6.096910268191479e-06,5e-06,1.2484514425565656e-08,0.0,0.00047466873752782156,0.0,2.915907454935672e-06,0.0,0
233.0,270.8200000000021,515.6555511666251,0.0014728316962529676,0.024677034022064025,500003000.0,0.0,6.109335841892741e-06,5e-06,1.2425573701262545e-08,0.0,0.00047757679728788075,0.0,2.9139823933177394e-06,0.0,0
234.0,270.8100000000021,515.2725640956776,0.0014696537141332766,0.024774326180532623,500003000.0,0.0,6.121703098128016e-06,5e-06,1.2367256235274657e-08,0.0,0.0004804829784773738,0.0,2.912060263099701e-06,0.0,0
235.0,270.8000000000021,514.8898437592418,0.0014665031455380624,0.024871656741298886,500003000.0,0.0,6.134012649529986e-06,5e-06,1.2309551401970028e-08,0.0,0.00048338728342210333,0.0,2.910141021374795e-06,0.0,0
236.0,270.7900000000021,514.5073897749857,0.0014633795792299313,0.02496902529202334,500003000.0,0.0,6.146265098354638e-06,5e-06,1.2252448824652107e-08,0.0,0.0004862897144169373,0.0,2.9082246264206405e-06,0.0,0
237.0,270.78000000000213,514.1252017657007,0.0014602826127918956,0.0250664314292083,500003000.0,0.0,6.158461036722795e-06,5e-06,1.2195938368157992e-08,0.0,0.0004891902737266782,0.0,2.9063110376587356e-06,0.0,0
238.0,270.77000000000214,513.743279359163,0.0014572118523810827,0.025163874757990458,500003000.0,0.0,6.170601046854511e-06,5e-06,1.2140010131715802e-08,0.0,0.0004920889635869006,0.0,2.904400215613885e-06,0.0,0
239.0,270.76000000000215,513.3616221879987,0.0014541669124939188,0.02526135489187027,500003000.0,0.0,6.182685701296594e-06,5e-06,1.2084654442082947e-08,0.0,0.0004949857862047641,0.0,2.9024921218813724e-06,0.0,0
240.0,270.75000000000216,512.9802298895546,0.001451147415733522,0.025358871452509688,500003000.0,0.0,6.194715563143475e-06,5e-06,1.2029861846880127e-08,0.0,0.0004978807437597904,0.0,2.9005867190839495e-06,0.0,0
241.0,270.74000000000217,512.5991021057722,0.0014481529925919907,0.025456424069488993,500003000.0,0.0,6.206691186251694e-06,5e-06,1.1975623108219323e-08,0.0,0.0005007738384046227,0.0,2.8986839708446036e-06,0.0,0
242.0,270.7300000000022,512.2182384830671,0.0014451832812336519,0.025554012380101132,500003000.0,0.0,6.218613115448197e-06,5e-06,1.1921929196502624e-08,0.0,0.0005036650722657521,0.0,2.8967838417477582e-06,0.0,0
243.0,270.7200000000022,511.8376386722112,0.0014422379272905179,0.025651636029141934,500003000.0,0.0,6.2304818867326755e-06,5e-06,1.1868771284478603e-08,0.0,0.0005065544474442253,0.0,2.8948862973119688e-06,0.0,0
244.0,270.7100000000022,511.4573023282193,0.001439316583660888,0.02574929466871116,500003000.0,0.0,6.2422980274741505e-06,5e-06,1.1816140741474611e-08,0.0,0.0005094419660163246,0.0,2.8929913039564548e-06,0.0,0
245.0,270.7000000000022,511.0772291102399,0.0014364189103162365,0.025846987958014704,500003000.0,0.0,6.254062056601992e-06,5e-06,1.1764029127841397e-08,0.0,0.0005123276300342254,0.0,2.89109882897224e-06,0.0,0
246.0,270.6900000000022,510.697418681448,0.001433544574115543,0.025944715563173987,500003000.0,0.0,6.265774484791589e-06,5e-06,1.1712428189597059e-08,0.0,0.0005152114415266376,0.0,2.8892088404967104e-06,0.0,0
247.0,270.6800000000022,510.3178707089434,0.0014306932486214154,0.026042477157060248,500003000.0,0.0,6.277435814644808e-06,5e-06,1.166132985321846e-08,0.0,0.0005180934024994161,0.0,2.887321307480619e-06,0.0,0
248.0,270.67000000000223,509.9385848636504,0.0014278646139282865,0.026140272419087406,500003000.0,0.0,6.289046540865467e-06,5e-06,1.1610726220658923e-08,0.0,0.0005209735149361605,0.0,2.88543619966869e-06,0.0,0
249.0,270.66000000000224,509.5595608202219,0.0014250583564905741,0.026238101035073385,500003000.0,0.0,6.300607150429955e-06,5e-06,1.1560609564487983e-08,0.0,0.000523851780798791,0.0,2.883553487569829e-06,0.0,0
250.0,270.65000000000225,509.18079825694576,0.001422274168959972,0.026335962697057243,500003000.0,0.0,6.312118122753178e-06,5e-06,1.1510972323223249e-08,0.0,0.000526728202028106,0.0,2.8816731424357854e-06,0.0,0
251.0,270.64000000000226,508.8022968556547,0.001419511750024985,0.02643385710314271,500003000.0,0.0,6.3235799298499716e-06,5e-06,1.1461807096793593e-08,0.0,0.0005296027805443224,0.0,2.879795136234746e-06,0.0,0
252.0,270.63000000000227,508.42405630163853,0.0014167708042588819,0.02653178395735103,500003000.0,0.0,6.334993036492151e-06,5e-06,1.1413106642179348e-08,0.0,0.0005324755182475986,0.0,2.8779194416327223e-06,0.0,0
253.0,270.6200000000023,508.0460762835594,0.0014140510419692715,0.026629742969456638,500003000.0,0.0,6.346357900361321e-06,5e-06,1.136486386917007e-08,0.0,0.0005353464170185412,0.0,2.8760460319692724e-06,0.0,0
254.0,270.6100000000023,507.66835649336963,0.0014113521790538048,0.026727733854851853,500003000.0,0.0,6.357674972197593e-06,5e-06,1.1317071836272468e-08,0.0,0.0005382154787186947,0.0,2.8741748812370424e-06,0.0,0
255.0,270.6000000000023,507.2908966262318,0.0014086739368609064,0.0268257563344122,500003000.0,0.0,6.368944695944349e-06,5e-06,1.1269723746755498e-08,0.0,0.0005410827051910173,0.0,2.8723059640632154e-06,0.0,0
256.0,270.5900000000023,506.91369638044154,0.001406016042053662,0.026923810134339657,500003000.0,0.0,6.3801675088891625e-06,5e-06,1.1222812944813849e-08,0.0,0.0005439480982603411,0.0,2.8704392556893373e-06,0.0,0
257.0,270.5800000000023,506.53675545735257,0.0014033782264777717,0.027021894986051478,500003000.0,0.0,6.391343841801016e-06,5e-06,1.1176332911853772e-08,0.0,0.0005468116597338183,0.0,2.8685747319516816e-06,0.0,0
258.0,270.5700000000023,506.16007356130405,0.0014007602270348352,0.027120010626039127,500003000.0,0.0,6.402474119063924e-06,5e-06,1.1130277262907733e-08,0.0,0.0005496733914013526,0.0,2.866712369264999e-06,0.0,0
259.0,270.56000000000233,505.7836503995499,0.0013981617855585167,0.027218156795753644,500003000.0,0.0,6.413558758807079e-06,5e-06,1.1084639743155135e-08,0.0,0.0005525332950360204,0.0,2.8648521446049314e-06,0.0,0
260.0,270.55000000000234,505.4074856821905,0.0013955826486941726,0.027316333241464357,500003000.0,0.0,6.424598173031629e-06,5e-06,1.1039414224550602e-08,0.0,0.0005553913723944753,0.0,2.8629940354905054e-06,0.0,0
261.0,270.54000000000235,505.0315791221062,0.0013930225677824127,0.027414539714180952,500003000.0,0.0,6.43559276773419e-06,5e-06,1.0994594702560645e-08,0.0,0.0005582476252173426,0.0,2.8611380199679367e-06,0.0,0
262.0,270.53000000000236,504.65593043489304,0.0013904812987469502,0.027512775969489558,500003000.0,0.0,6.446542943027199e-06,5e-06,1.0950175293008545e-08,0.0,0.0005611020552296026,0.0,2.859284076596706e-06,0.0,0
263.0,270.52000000000237,504.2805393387997,0.0013879586019845127,0.027611041767489776,500003000.0,0.0,6.457449093256206e-06,5e-06,1.0906150229007107e-08,0.0,0.0005639546641409606,0.0,2.8574321844335756e-06,0.0,0
264.0,270.5100000000024,503.9054055546674,0.0013854542422577268,0.027709336872658374,500003000.0,0.0,6.46831160711419e-06,5e-06,1.0862513857983898e-08,0.0,0.0005668054536462062,0.0,2.8555823230165876e-06,0.0,0
265.0,270.5000000000024,503.53052880587046,0.0013829679885935925,0.027807661053753138,500003000.0,0.0,6.479130867753007e-06,5e-06,1.0819260638817048e-08,0.0,0.0005696544254255637,0.0,2.8537344723547077e-06,0.0,0
266.0,270.4900000000024,503.15590881825887,0.0013804996141819229,0.02790601408370896,500003000.0,0.0,6.489907252892042e-06,5e-06,1.0776385139034826e-08,0.0,0.0005725015811450311,0.0,2.8518886129116835e-06,0.0,0
267.0,270.4800000000024,502.7815453201032,0.0013780488962772577,0.028004395739557215,500003000.0,0.0,6.500641134924146e-06,5e-06,1.0733882032104487e-08,0.0,0.0005753469224567073,0.0,2.8500447255915443e-06,0.0,0
268.0,270.4700000000024,502.4074380420399,0.0013756156161069929,0.028102805802305075,500003000.0,0.0,6.511332881018976e-06,5e-06,1.0691746094829318e-08,0.0,0.0005781904509991139,0.0,2.84820279173162e-06,0.0,0
269.0,270.4600000000024,502.0335867170192,0.0013731995587765702,0.028201244056864676,500003000.0,0.0,6.521982853223756e-06,5e-06,1.0649972204780333e-08,0.0,0.0005810321683975042,0.0,2.846362793084317e-06,0.0,0
270.0,270.45000000000243,501.65999108025363,0.0013708005131818168,0.028299710291938805,500003000.0,0.0,6.532591408561596e-06,5e-06,1.0608555337839344e-08,0.0,0.000583872076264164,0.0,2.8445247118086924e-06,0.0,0
271.0,270.44000000000244,501.28665086916874,0.0013684182719218823,0.02839820429996999,500003000.0,0.0,6.543158899127396e-06,5e-06,1.056749056580026e-08,0.0,0.0005867101761987059,0.0,2.8426885304584363e-06,0.0,0
272.0,270.43000000000245,500.91356582335453,0.0013660526312147116,0.028496725877011513,500003000.0,0.0,6.553685672181438e-06,5e-06,1.0526773054041894e-08,0.0,0.0005895464697883518,0.0,2.840854231970434e-06,0.0,0
273.0,270.42000000000246,500.5407356845187,0.0013637033908155242,0.028595274822692956,500003000.0,0.0,6.564172070240712e-06,5e-06,1.048639805927405e-08,0.0,0.0005923809586082109,0.0,2.8390217996550396e-06,0.0,0
274.0,270.41000000000247,500.168160196441,0.0013613703539366053,0.028693850940092573,500003000.0,0.0,6.574618431168054e-06,5e-06,1.0446360927342075e-08,0.0,0.0005952136442215471,0.0,2.8371912171846874e-06,0.0,0
275.0,270.4000000000025,499.79583910492875,0.0013590533271703562,0.0287924540357031,500003000.0,0.0,6.585025088259157e-06,5e-06,1.0406657091103203e-08,0.0,0.0005980445281800406,0.0,2.8353624685850336e-06,0.0,0
276.0,270.3900000000025,499.4237721577736,0.0013567521204135681,0.028891083919312485,500003000.0,0.0,6.595392370327515e-06,5e-06,1.0367282068357413e-08,0.0,0.000600873612024041,0.0,2.8335355382245353e-06,0.0,0
277.0,270.3800000000025,499.05195910470985,0.0013544665467940691,0.02898974040397724,500003000.0,0.0,6.605720601787355e-06,5e-06,1.0328231459840111e-08,0.0,0.0006037008972828143,0.0,2.8317104108049818e-06,0.0,0
278.0,270.3700000000025,498.68039969737305,0.0013521964226005543,0.029088423305907576,500003000.0,0.0,6.616010102734636e-06,5e-06,1.028950094728123e-08,0.0,0.0006065263854747842,0.0,2.8298870713548102e-06,0.0,0
279.0,270.3600000000025,498.30909368926064,0.001349941567211393,0.029187132444426254,500003000.0,0.0,6.626261189026134e-06,5e-06,1.0251086291497322e-08,0.0,0.0006093500781077632,0.0,2.8280655052165395e-06,0.0,0
280.0,270.3500000000025,497.938040835693,0.0013477018030285774,0.029285867641886867,500003000.0,0.0,6.6364741723566955e-06,5e-06,1.0212983330562219e-08,0.0,0.0006121719766791807,0.0,2.826245698041312e-06,0.0,0
281.0,270.34000000000253,497.56724089377593,0.0013454769554114678,0.02938462872361801,500003000.0,0.0,6.64664936033471e-06,5e-06,1.01751879780142e-08,0.0,0.0006149920826763036,0.0,2.8244276357795045e-06,0.0,0
282.0,270.33000000000254,497.1966936223637,0.001343266852613307,0.029483415517845245,500003000.0,0.0,6.656787056555831e-06,5e-06,1.0137696221121018e-08,0.0,0.0006178103975764518,0.0,2.822611304673724e-06,0.0,0
283.0,270.32000000000255,496.82639878202355,0.0013410713257181169,0.029582227855646088,500003000.0,0.0,6.666887560675014e-06,5e-06,1.0100504119183486e-08,0.0,0.0006206269228472059,0.0,2.820796691249289e-06,0.0,0
284.0,270.31000000000256,496.4563561350007,0.0013388902085814138,0.029681065570864317,500003000.0,0.0,6.6769511684769165e-06,5e-06,1.0063607801902389e-08,0.0,0.000623441659946612,0.0,2.818983782309531e-06,0.0,0
285.0,270.30000000000257,496.08656544518465,0.0013367233377699528,0.02977992850008263,500003000.0,0.0,6.686978171944688e-06,5e-06,1.0027003467771414e-08,0.0,0.0006262546103233789,0.0,2.8171725649259225e-06,0.0,0
286.0,270.2900000000026,495.71702647807587,0.001334570552505195,0.029878816482536773,500003000.0,0.0,6.696968859327218e-06,5e-06,9.990687382530456e-09,0.0,0.0006290657754170723,0.0,2.8153630264330317e-06,0.0,0
287.0,270.2800000000026,495.34773900075385,0.0013324316946068469,0.029977729360076436,500003000.0,0.0,6.706923515204869e-06,5e-06,9.954655877650665e-09,0.0,0.0006318751566583002,0.0,2.8135551544206838e-06,0.0,0
288.0,270.2700000000026,494.97870278184575,0.0013303066084383113,0.030076666977107647,500003000.0,0.0,6.716842420553733e-06,5e-06,9.91890534886416e-09,0.0,0.0006346827554688974,0.0,2.811748936727313e-06,0.0,0
289.0,270.2600000000026,494.60991759149584,0.0013281951408540599,0.030175629180524743,500003000.0,0.0,6.726725852808471e-06,5e-06,9.883432254737367e-09,0.0,0.0006374885732621031,0.0,2.8099443614346027e-06,0.0,0
290.0,270.2500000000026,494.24138320133557,0.0013260971411477856,0.030274615819679943,500003000.0,0.0,6.7365740859237495e-06,5e-06,9.848233115278583e-09,0.0,0.000640292611442735,0.0,2.8081414168610926e-06,0.0,0
291.0,270.2400000000026,493.8730993844546,0.001324012461001688,0.03037362674632562,500003000.0,0.0,6.746387390434331e-06,5e-06,9.813304510581464e-09,0.0,0.0006430948714073572,0.0,2.8063400915555778e-06,0.0,0
292.0,270.23000000000263,493.50506591537265,0.0013219409544371267,0.030472661814549953,500003000.0,0.0,6.756166033513836e-06,5e-06,9.778643079505373e-09,0.0,0.000645895354544445,0.0,2.804540374290865e-06,0.0,0
293.0,270.22000000000264,493.13728257001185,0.0013198824777678026,0.030571720880751434,500003000.0,0.0,6.765910279032237e-06,5e-06,9.744245518400254e-09,0.0,0.0006486940622345467,0.0,2.8027422540604405e-06,0.0,0
294.0,270.21000000000265,492.76974912566965,0.0013178368895517911,0.03067080380358029,500003000.0,0.0,6.775620387612085e-06,5e-06,9.710108579847985e-09,0.0,0.000651490995850438,0.0,2.8009457200703008e-06,0.0,0
295.0,270.20000000000266,492.4024653609929,0.0013158040505465759,0.030769910443885613,500003000.0,0.0,6.785296616683535e-06,5e-06,9.676229071450263e-09,0.0,0.0006542861567572749,0.0,2.7991507617348517e-06,0.0,0
296.0,270.19000000000267,492.03543105595196,0.0013137838236650214,0.030869040664693856,500003000.0,0.0,6.794939220538181e-06,5e-06,9.642603854646789e-09,0.0,0.0006570795463127434,0.0,2.7973573686725315e-06,0.0,0
297.0,270.1800000000027,491.66864599181605,0.0013117760739312471,0.03096819433113874,500003000.0,0.0,6.804548450381737e-06,5e-06,9.609229843555573e-09,0.0,0.000659871165867202,0.0,2.7955655306990454e-06,0.0,0
298.0,270.1700000000027,491.30210995112856,0.0013097806684394147,0.031067371310428478,500003000.0,0.0,6.8141245543855936e-06,5e-06,9.57610400385674e-09,0.0,0.0006626610167638258,0.0,2.7937752378246735e-06,0.0,0
299.0,270.1600000000027,490.93582271768344,0.0013077974763118499,0.03116657147182438,500003000.0,0.0,6.823667777737286e-06,5e-06,9.543223351692839e-09,0.0,0.000665449100338742,0.0,2.7919864802480885e-06,0.0,0
300.0,270.1500000000027,490.5697840765022,0.0013058263686583518,0.03126579468656653,500003000.0,0.0,6.833178362689885e-06,5e-06,9.510584952598688e-09,0.0,0.0006682354179211638,0.0,2.7901992483506947e-06,0.0,0
301.0,270.1400000000027,490.2039938138109,0.001303867218538791,0.03136504082785008,500003000.0,0.0,6.84265654861036e-06,5e-06,9.478185920475354e-09,0.0,0.0006710199708335235,0.0,2.788413532696033e-06,0.0,0
302.0,270.1300000000027,489.8384517170184,0.0013019199009229627,0.03146430977079335,500003000.0,0.0,6.852102572026924e-06,5e-06,9.44602341656367e-09,0.0,0.0006738027603915988,0.0,2.7866293240214234e-06,0.0,0
303.0,270.12000000000273,489.47315757469465,0.0012999842926543184,0.03156360139240102,500003000.0,0.0,6.861516666675389e-06,5e-06,9.41409464846499e-09,0.0,0.000676583787904637,0.0,2.7848466132360473e-06,0.0,0
304.0,270.11000000000274,489.1081111765496,0.0012980602724129366,0.03166291557150111,500003000.0,0.0,6.870899063544564e-06,5e-06,9.382396869174822e-09,0.0,0.0006793630546754778,0.0,2.783065391415602e-06,0.0,0
305.0,270.10000000000275,488.7433123134126,0.0012961477206808758,0.031762252188750034,500003000.0,0.0,6.8802499909207156e-06,5e-06,9.350927376151593e-09,0.0,0.0006821405620006717,0.0,2.781285649800316e-06,0.0,0
306.0,270.09000000000276,488.3787607772128,0.0012942465197060735,0.031861611126571834,500003000.0,0.0,6.8895696744311075e-06,5e-06,9.319683510392252e-09,0.0,0.0006849163111705943,0.0,2.7795073797881404e-06,0.0,0
307.0,270.08000000000277,488.0144563609588,0.0012923565534698038,0.031960992269114794,500003000.0,0.0,6.898858337086658e-06,5e-06,9.288662655550447e-09,0.0,0.0006876903034695618,0.0,2.777730572933912e-06,0.0,0
308.0,270.0700000000028,487.6503988587201,0.0012904777076525736,0.03206039550224525,500003000.0,0.0,6.908116199323718e-06,5e-06,9.257862237059748e-09,0.0,0.0006904625401759384,0.0,2.775955220943567e-06,0.0,0
309.0,270.0600000000028,487.2865880656082,0.0012886098696027722,0.03215982071349715,500003000.0,0.0,6.917343479045011e-06,5e-06,9.227279721292633e-09,0.0,0.0006932330225622468,0.0,2.7741813156726997e-06,0.0,0
310.0,270.0500000000028,486.9230237777583,0.0012867529283042307,0.032259267792055166,500003000.0,0.0,6.926540391659738e-06,5e-06,9.196912614727006e-09,0.0,0.0006960017518952721,0.0,2.772408849121242e-06,0.0,0
311.0,270.0400000000028,486.5597057923114,0.0012849067743457314,0.03235873662870192,500003000.0,0.0,6.93570715012288e-06,5e-06,9.166758463141726e-09,0.0,0.0006987687294361646,0.0,2.770637813430863e-06,0.0,0
312.0,270.0300000000028,486.19663390739703,0.001283071299890598,0.03245822711579875,500003000.0,0.0,6.944843964973707e-06,5e-06,9.136814850827299e-09,0.0,0.0007015339564405386,0.0,2.768868200881089e-06,0.0,0
313.0,270.0200000000028,485.8338079221162,0.001281246398648131,0.03255773914727472,500003000.0,0.0,6.953951044373531e-06,5e-06,9.107079399823831e-09,0.0,0.0007042974341585733,0.0,2.767100003888002e-06,0.0,0
314.0,270.01000000000283,485.4712276365246,0.0012794319658438467,0.03265727261855694,500003000.0,0.0,6.963028594142696e-06,5e-06,9.077549769164218e-09,0.0,0.0007070591638351063,0.0,2.7653332149989792e-06,0.0,0
315.0,270.00000000000284,485.10889285161636,0.0012776278981922672,0.03275682742658662,500003000.0,0.0,6.972076817796844e-06,5e-06,9.04822365414888e-09,0.0,0.0007098191467097273,0.0,2.763567826891609e-06,0.0,0
316.0,269.99000000000285,484.74680336930834,0.0012758340938682886,0.03285640346975126,500003000.0,0.0,6.981095916582468e-06,5e-06,9.019098785623364e-09,0.0,0.0007125773840168698,0.0,2.761803832368232e-06,0.0,0
317.0,269.98000000000286,484.3849589924241,0.0012740504524821642,0.0329560006478941,500003000.0,0.0,6.990086089511762e-06,5e-06,8.990172929294177e-09,0.0,0.000715333876985901,0.0,2.760041224357031e-06,0.0,0
318.0,269.97000000000287,484.02335952467945,0.0012722768750507239,0.033055618862262034,500003000.0,0.0,6.999047533396792e-06,5e-06,8.961443885030308e-09,0.0,0.0007180886268412063,0.0,2.758279995903745e-06,0.0,0
319.0,269.9600000000029,483.6620047706668,0.0012705132639746844,0.03315525801548443,500003000.0,0.0,7.007980442883012e-06,5e-06,8.932909486219675e-09,0.0,0.0007208416348022779,0.0,2.756520140175366e-06,0.0,0
320.0,269.9500000000029,483.300894535841,0.0012687595230112586,0.03325491801156115,500003000.0,0.0,7.016885010482116e-06,5e-06,8.90456759910401e-09,0.0,0.0007235929020837957,0.0,2.7547616504524857e-06,0.0,0
321.0,269.9400000000029,482.94002862650524,0.0012670155572506354,0.033354598755817096,500003000.0,0.0,7.025761426604268e-06,5e-06,8.876416122152325e-09,0.0,0.0007263424298957095,0.0,2.753004520128885e-06,0.0,0
322.0,269.9300000000029,482.5794068497969,0.0012652812730921073,0.0334543001549071,500003000.0,0.0,7.0346098795897114e-06,5e-06,8.848452985442862e-09,0.0,0.0007290902194433182,0.0,2.75124874270925e-06,0.0,0
323.0,269.9200000000029,482.2190290136739,0.0012635565782204356,0.03355402211676304,500003000.0,0.0,7.043430555739769e-06,5e-06,8.820676150057355e-09,0.0,0.0007318362719273486,0.0,2.7494943118063257e-06,0.0,0
324.0,269.9100000000029,481.85889492690166,0.0012618413815825705,0.033653764550581666,500003000.0,0.0,7.052223639347257e-06,5e-06,8.793083607488213e-09,0.0,0.0007345805885440297,0.0,2.747741221137767e-06,0.0,0
325.0,269.90000000000293,481.49900439903985,0.0012601355933657946,0.03375352736680973,500003000.0,0.0,7.060989312726323e-06,5e-06,8.765673379065753e-09,0.0,0.0007373231704851684,0.0,2.745989464525071e-06,0.0,0
326.0,269.89000000000294,481.13935724042983,0.0012584391249756371,0.03385331047710713,500003000.0,0.0,7.069727756241717e-06,5e-06,8.738443515393665e-09,0.0,0.0007400640189382216,0.0,2.744239035891003e-06,0.0,0
327.0,269.88000000000295,480.77995326218195,0.0012567518890142747,0.03395311379434374,500003000.0,0.0,7.078439148337514e-06,5e-06,8.711392095797426e-09,0.0,0.0007428031350863673,0.0,2.7424899292570933e-06,0.0,0
328.0,269.87000000000296,480.4207922761635,0.0012550737992597708,0.03405293723255985,500003000.0,0.0,7.087123665565301e-06,5e-06,8.684517227787883e-09,0.0,0.0007455405201085751,0.0,2.740742138742013e-06,0.0,0
329.0,269.86000000000297,480.0618740949869,0.0012534047706453317,0.034152780706960366,500003000.0,0.0,7.095781482611835e-06,5e-06,8.65781704653402e-09,0.0,0.0007482761751796728,0.0,2.738995658559054e-06,0.0,0
330.0,269.850000000003,479.70319853199766,0.0012517447192390526,0.03425264413388754,500003000.0,0.0,7.104412772326183e-06,5e-06,8.631289714347972e-09,0.0,0.0007510101014704136,0.0,2.7372504830137673e-06,0.0,0
331.0,269.840000000003,479.3447654012632,0.00125009356222499,0.03435252743079723,500003000.0,0.0,7.113017705746371e-06,5e-06,8.604933420187772e-09,0.0,0.0007537423001475412,0.0,2.735506606503609e-06,0.0,0
332.0,269.830000000003,478.9865745175617,0.00124845121788295,0.034452430516246316,500003000.0,0.0,7.121596452125531e-06,5e-06,8.578746379159638e-09,0.0,0.0007564727723738535,0.0,2.73376402351392e-06,0.0,0
333.0,269.820000000003,478.6286256963708,0.0012468176055706749,0.03455235330988277,500003000.0,0.0,7.130149178957576e-06,5e-06,8.552726832044937e-09,0.0,0.0007592015193082655,0.0,2.7320227286183067e-06,0.0,0
334.0,269.810000000003,478.2709187538573,0.0012451926457040375,0.03465229573238866,500003000.0,0.0,7.138676052002397e-06,5e-06,8.526873044821387e-09,0.0,0.0007619285421058688,0.0,2.730282716473829e-06,0.0,0
335.0,269.800000000003,477.91345350686635,0.001243576259740472,0.034752257705518104,500003000.0,0.0,7.147177235310611e-06,5e-06,8.501183308214236e-09,0.0,0.0007646538419179931,0.0,2.7285439818224787e-06,0.0,0
336.0,269.79000000000303,477.55622977291114,0.0012419683701604132,0.03485223915203923,500003000.0,0.0,7.155652891247852e-06,5e-06,8.4756559372413e-09,0.0,0.0007673774198922635,0.0,2.7268065194875135e-06,0.0,0
337.0,269.78000000000304,477.19924737016305,0.0012403689004501998,0.03495223999572789,500003000.0,0.0,7.164103180518628e-06,5e-06,8.450289270775389e-09,0.0,0.000770099277172658,0.0,2.7250703243722247e-06,0.0,0
338.0,269.77000000000305,476.8425061174415,0.001238777775085244,0.03505226016135039,500003000.0,0.0,7.172528262189744e-06,5e-06,8.425081671115696e-09,0.0,0.0007728194148995637,0.0,2.723335391458549e-06,0.0,0
339.0,269.76000000000306,476.4860058342043,0.001237194919513242,0.03515229957465316,500003000.0,0.0,7.18092829371331e-06,5e-06,8.400031523566448e-09,0.0,0.0007755378342098318,0.0,2.7216017158050416e-06,0.0,0
340.0,269.75000000000307,476.12974634053876,0.001235620260137419,0.03525235816233612,500003000.0,0.0,7.189303430949333e-06,5e-06,8.375137236022609e-09,0.0,0.0007782545362368296,0.0,2.7198692925441983e-06,0.0,0
341.0,269.7400000000031,475.7737274571513,0.001234053724302561,0.03535243585204084,500003000.0,0.0,7.197653828187915e-06,5e-06,8.350397238581118e-09,0.0,0.0007809695221104964,0.0,2.718138116885237e-06,0.0,0
342.0,269.7300000000031,475.4179490053594,0.0012324952402766687,0.03545253257234161,500003000.0,0.0,7.205979638171043e-06,5e-06,8.325809983128856e-09,0.0,0.0007836827929573913,0.0,2.716408184106534e-06,0.0,0
343.0,269.7200000000031,475.06241080708196,0.0012309447372379108,0.03555264825271927,500003000.0,0.0,7.214281012114016e-06,5e-06,8.301373942972902e-09,0.0,0.0007863943499007466,0.0,2.714679489559091e-06,0.0,0
344.0,269.7100000000031,474.707112684831,0.0012294021452585154,0.03565278282355021,500003000.0,0.0,7.222558099726473e-06,5e-06,8.27708761245612e-09,0.0,0.0007891041940605155,0.0,2.712952028662595e-06,0.0,0
345.0,269.7000000000031,474.35205446170295,0.0012278673952901393,0.03575293621609484,500003000.0,0.0,7.230811049233062e-06,5e-06,8.25294950658877e-09,0.0,0.0007918123265534203,0.0,2.7112257969040988e-06,0.0,0
346.0,269.6900000000031,473.99723596137017,0.001226340419150488,0.03585310836248021,500003000.0,0.0,7.239040007393756e-06,5e-06,8.228958160694368e-09,0.0,0.0007945187484930017,0.0,2.7095007898388598e-06,0.0,0
347.0,269.68000000000313,473.642657008073,0.001224821149507463,0.03595329919568461,500003000.0,0.0,7.247245119523801e-06,5e-06,8.205112130044602e-09,0.0,0.000797223460989662,0.0,2.707777003085096e-06,0.0,0
348.0,269.67000000000314,473.2883174266112,0.0012233095198679218,0.0360535086495336,500003000.0,0.0,7.255426529513332e-06,5e-06,8.181409989530774e-09,0.0,0.0007999264651507155,0.0,2.7060544323283596e-06,0.0,0
349.0,269.66000000000315,472.9342170423365,0.0012218054645609653,0.036153736658665316,500003000.0,0.0,7.263584379846635e-06,5e-06,8.157850333303964e-09,0.0,0.0008026277620804274,0.0,2.7043330733132117e-06,0.0,0
350.0,269.65000000000316,472.5803556811448,0.0012203089187275253,0.03625398315853652,500003000.0,0.0,7.271718811621098e-06,5e-06,8.134431774462708e-09,0.0,0.0008053273528800619,0.0,2.7026129218483013e-06,0.0,0
351.0,269.64000000000317,472.22673316946833,0.0012188198183055601,0.03635424808540901,500003000.0,0.0,7.279829964565815e-06,5e-06,8.111152944716383e-09,0.0,0.0008080252386479224,0.0,2.700893973801138e-06,0.0,0
352.0,269.6300000000032,471.87334933426826,0.0012173381000186764,0.03645453137632283,500003000.0,0.0,7.287917977059892e-06,5e-06,8.08801249407655e-09,0.0,0.000810721420479395,0.0,2.6991762250999397e-06,0.0,0
353.0,269.6200000000032,471.5202040030277,0.0012158637013616727,0.03655483296909083,500003000.0,0.0,7.295982986150425e-06,5e-06,8.065009090532702e-09,0.0,0.0008134158994669879,0.0,2.6974596717281205e-06,0.0,0
354.0,269.6100000000032,471.16729700374407,0.0012143965605909675,0.036655152802294144,500003000.0,0.0,7.30402512757019e-06,5e-06,8.042141419765258e-09,0.0,0.0008161086767003735,0.0,2.6957443097290955e-06,0.0,0
355.0,269.6000000000032,470.81462816492234,0.001212936616710624,0.036755490815261915,500003000.0,0.0,7.312044535755024e-06,5e-06,8.019408184833974e-09,0.0,0.0008187997532664281,0.0,2.694030135200817e-06,0.0,0
356.0,269.5900000000032,470.4621973155683,0.0012114838094603635,0.03685584694806382,500003000.0,0.0,7.320041343860908e-06,5e-06,7.996808105884188e-09,0.0,0.0008214891302492678,0.0,2.692317144294229e-06,0.0,0
357.0,269.5800000000032,470.11000428518133,0.0012100380793061815,0.03695622114148444,500003000.0,0.0,7.3280156837807825e-06,5e-06,7.974339919874659e-09,0.0,0.0008241768087302897,0.0,2.690605333217021e-06,0.0,0
358.0,269.57000000000323,469.7580489037481,0.0012085993674267972,0.03705661333703216,500003000.0,0.0,7.335967686161065e-06,5e-06,7.952002380282242e-09,0.0,0.000826862789788208,0.0,2.688894698227663e-06,0.0,0
359.0,269.56000000000324,469.4063310017361,0.0012071676157031888,0.037157023476922006,500003000.0,0.0,7.343897480417896e-06,5e-06,7.92979425683121e-09,0.0,0.0008295470744990898,0.0,2.6871852356358166e-06,0.0,0
360.0,269.55000000000325,469.0548504100869,0.0012057427667086806,0.037257451504053546,500003000.0,0.0,7.351805194753126e-06,5e-06,7.90771433523031e-09,0.0,0.0008322296639363921,0.0,2.685476941803558e-06,0.0,0
361.0,269.54000000000326,468.7036069602103,0.0012043247636966757,0.037357897362007106,500003000.0,0.0,7.359690956170025e-06,5e-06,7.885761416898399e-09,0.0,0.0008349105591709957,0.0,2.6837698131408884e-06,0.0,0
362.0,269.53000000000327,468.3526004839781,0.0012029135505913634,0.03745836099504812,500003000.0,0.0,7.367554890488738e-06,5e-06,7.86393431871358e-09,0.0,0.0008375897612712401,0.0,2.6820638461074614e-06,0.0,0
363.0,269.5200000000033,468.00183081371773,0.0012015090719770434,0.03755884234809164,500003000.0,0.0,7.375397122361495e-06,5e-06,7.84223187275711e-09,0.0,0.0008402672713029583,0.0,2.6803590372107945e-06,0.0,0
364.0,269.5100000000033,467.6512977822066,0.0012001112730882467,0.0376593413667092,500003000.0,0.0,7.3832177752875614e-06,5e-06,7.820652926066287e-09,0.0,0.0008429430903295095,0.0,2.6786553830058508e-06,0.0,0
365.0,269.5000000000033,467.30100122266646,0.0011987200997985903,0.037759857997102006,500003000.0,0.0,7.391016971627944e-06,5e-06,7.799196340382798e-09,0.0,0.0008456172194118089,0.0,2.6769528800913907e-06,0.0,0
366.0,269.4900000000033,466.95094096875727,0.0011973354986137199,0.03786039218611616,500003000.0,0.0,7.398794832619876e-06,5e-06,7.777860991931292e-09,0.0,0.0008482896596083646,0.0,2.6752515251150566e-06,0.0,0
367.0,269.4800000000033,466.60111685457184,0.0011959574166588486,0.037960943881218526,500003000.0,0.0,7.406551478391042e-06,5e-06,7.756645771166248e-09,0.0,0.0008509604119753048,0.0,2.6735513147659976e-06,0.0,0
368.0,269.4700000000033,466.25152871463047,0.0011945858016709956,0.03806151303047949,500003000.0,0.0,7.414287027973595e-06,5e-06,7.73554958255293e-09,0.0,0.0008536294775664099,0.0,2.6718522457776246e-06,0.0,0
369.0,269.46000000000333,465.90217638387526,0.0011932206019898395,0.03816209958257602,500003000.0,0.0,7.422001599317938e-06,5e-06,7.71457134434263e-09,0.0,0.0008562968574331432,0.0,2.670154314926897e-06,0.0,0
370.0,269.45000000000334,465.5530596976648,0.0011918617665484068,0.03826270348678876,500003000.0,0.0,7.429695309306288e-06,5e-06,7.69370998835012e-09,0.0,0.0008589625526246802,0.0,2.6684575190328764e-06,0.0,0
371.0,269.44000000000335,465.2041784917695,0.0011905092448634643,0.03836332469297113,500003000.0,0.0,7.437368273766021e-06,5e-06,7.672964459732456e-09,0.0,0.0008616265641879365,0.0,2.6667618549542647e-06,0.0,0
372.0,269.43000000000336,464.85553260236566,0.0011891629870283158,0.03846396315155679,500003000.0,0.0,7.445020607482807e-06,5e-06,7.65233371678642e-09,0.0,0.0008642888931675974,0.0,2.6650673195919814e-06,0.0,0
373.0,269.42000000000337,464.5071218660311,0.0011878229437032317,0.038564618813548834,500003000.0,0.0,7.45265242421354e-06,5e-06,7.631816730733735e-09,0.0,0.0008669495406061462,0.0,2.6633739098860997e-06,0.0,0
374.0,269.4100000000034,464.15894611974005,0.0011864890661071803,0.03866529163051326,500003000.0,0.0,7.460263836699058e-06,5e-06,7.611412485517669e-09,0.0,0.0008696085075438905,0.0,2.6616816228153564e-06,0.0,0
375.0,269.4000000000034,463.81100520085823,0.0011851613060098853,0.03876598155455509,500003000.0,0.0,7.467854956676663e-06,5e-06,7.591119977604725e-09,0.0,0.0008722657950189893,0.0,2.6599904553970884e-06,0.0,0
376.0,269.3900000000034,463.463298947138,0.0011838396157243343,0.038866688538336386,500003000.0,0.0,7.475425894892455e-06,5e-06,7.57093821579197e-09,0.0,0.0008749214040674814,0.0,2.6583004046878426e-06,0.0,0
377.0,269.3800000000034,463.115827196714,0.0011825239480970366,0.03896741253505323,500003000.0,0.0,7.482976761113458e-06,5e-06,7.550866221002837e-09,0.0,0.0008775753357233083,0.0,2.6566114677786383e-06,0.0,0
378.0,269.3700000000034,462.76858978809827,0.001181214256502169,0.03906815349841783,500003000.0,0.0,7.490507664139568e-06,5e-06,7.530903026110532e-09,0.0,0.0008802275910183425,0.0,2.6549236417986414e-06,0.0,0
379.0,269.3600000000034,462.42158656017597,0.001179910494832489,0.03916891138267247,500003000.0,0.0,7.498018711815311e-06,5e-06,7.511047675743424e-09,0.0,0.0008828781709824101,0.0,2.653236923911285e-06,0.0,0
380.0,269.35000000000343,462.07481735220074,0.0011786126174934087,0.03926968614256599,500003000.0,0.0,7.5055100110414245e-06,5e-06,7.491299226113263e-09,0.0,0.0008855270766433178,0.0,2.651551311317203e-06,0.0,0
381.0,269.34000000000344,461.7282820037906,0.001177320579393459,0.039370477733354475,500003000.0,0.0,7.512981667786248e-06,5e-06,7.471656744822918e-09,0.0,0.0008881743090268743,0.0,2.64986680124875e-06,0.0,0
382.0,269.33000000000345,461.3819803549234,0.0011760343359392739,0.039471286110794486,500003000.0,0.0,7.520433787096953e-06,5e-06,7.452119310705427e-09,0.0,0.0008908198691569162,0.0,2.648183390974421e-06,0.0,0
383.0,269.32000000000346,461.0359122459328,0.0011747538430274607,0.03957211123112818,500003000.0,0.0,7.527866473110599e-06,5e-06,7.43268601364565e-09,0.0,0.000893463758055332,0.0,2.6465010777959827e-06,0.0,0
384.0,269.31000000000347,460.69007751750416,0.0011734790570365535,0.03967295305108727,500003000.0,0.0,7.535279829065004e-06,5e-06,7.4133559544049064e-09,0.0,0.0008961059767420812,0.0,2.6448198590455126e-06,0.0,0
385.0,269.3000000000035,460.3444760106704,0.001172209934822263,0.03977381152786818,500003000.0,0.0,7.542673957309473e-06,5e-06,7.394128244468838e-09,0.0,0.0008987465262352205,0.0,2.6431397320896172e-06,0.0,0
386.0,269.2900000000035,459.9991075668079,0.0011709464337097339,0.0398746866191544,500003000.0,0.0,7.550048959315351e-06,5e-06,7.375002005878568e-09,0.0,0.0009013854075509252,0.0,2.6414606943266375e-06,0.0,0
387.0,269.2800000000035,459.65397202763285,0.001169688511485762,0.0399755782830725,500003000.0,0.0,7.557404935686415e-06,5e-06,7.35597637106393e-09,0.0,0.0009040226217035089,0.0,2.6397827431835036e-06,0.0,0
388.0,269.2700000000035,459.3090692351973,0.0011684361263944428,0.04007648647822007,500003000.0,0.0,7.5647419861691154e-06,5e-06,7.337050482700513e-09,0.0,0.0009066581697054473,0.0,2.638105876120096e-06,0.0,0
389.0,269.2600000000035,458.9643990318852,0.0011671892371291983,0.040177411163640604,500003000.0,0.0,7.572060209662662e-06,5e-06,7.318223493546025e-09,0.0,0.0009092920525673974,0.0,2.6364300906251797e-06,0.0,0
390.0,269.2500000000035,458.619961260409,0.0011659478028268782,0.04027835229882393,500003000.0,0.0,7.579359704228953e-06,5e-06,7.299494566291831e-09,0.0,0.0009119242712982181,0.0,2.6347553842167812e-06,0.0,0
391.0,269.24000000000353,458.2757557638057,0.0011647117830620736,0.04037930984369225,500003000.0,0.0,7.586640567102371e-06,5e-06,7.280862873417878e-09,0.0,0.0009145548269049924,0.0,2.6330817544428245e-06,0.0,0
392.0,269.23000000000354,457.9317823854334,0.001163481137840413,0.04048028375860511,500003000.0,0.0,7.5939028946994145e-06,5e-06,7.262327597043235e-09,0.0,0.0009171837203930448,0.0,2.6314091988792215e-06,0.0,0
393.0,269.22000000000355,457.58804096896773,0.0011622558275924408,0.0405812740043358,500003000.0,0.0,7.6011467826281965e-06,5e-06,7.24388792878231e-09,0.0,0.0009198109527659615,0.0,2.629737715129065e-06,0.0,0
394.0,269.21000000000356,457.2445313583983,0.0011610358131690878,0.04068228054209828,500003000.0,0.0,7.60837232569781e-06,5e-06,7.225543069612879e-09,0.0,0.0009224365250256119,0.0,2.6280673008251997e-06,0.0,0
395.0,269.20000000000357,456.9012533980255,0.0011598210558337505,0.04078330333350039,500003000.0,0.0,7.615579617927535e-06,5e-06,7.207292229724882e-09,0.0,0.0009250604381721634,0.0,2.6263979536249016e-06,0.0,0
396.0,269.1900000000036,456.558206932457,0.0011586115172585725,0.04088434234056139,500003000.0,0.0,7.622768752555932e-06,5e-06,7.189134628397286e-09,0.0,0.000927682693204103,0.0,2.6247296712138608e-06,0.0,0
397.0,269.1800000000036,456.2153918066042,0.001157407159517834,0.04098539752572382,500003000.0,0.0,7.62993982204979e-06,5e-06,7.171069493858691e-09,0.0,0.0009303032911182544,0.0,2.6230624513034023e-06,0.0,0
398.0,269.1700000000036,455.87280786567953,0.001156207945082559,0.04108646885179283,500003000.0,0.0,7.637092918112947e-06,5e-06,7.1530960631573495e-09,0.0,0.0009329222329097966,0.0,2.6213962916302723e-06,0.0,0
399.0,269.1600000000036,455.5304549551927,0.0011550138368158435,0.04118755628199417,500003000.0,0.0,7.644228131694984e-06,5e-06,7.13521358203735e-09,0.0,0.0009355395195722806,0.0,2.6197311899578406e-06,0.0,0
400.0,269.1500000000036,455.18833292094786,0.0011538247979660326,0.04128865977991963,500003000.0,0.0,7.651345552999787e-06,5e-06,7.117421304803221e-09,0.0,0.0009381551520976468,0.0,2.6180671440722542e-06,0.0,0
401.0,269.1400000000036,454.8464416090405,0.001152640792163369,0.04138977930955641,500003000.0,0.0,7.658445271493995e-06,5e-06,7.0997184942076466e-09,0.0,0.0009407691314762436,0.0,2.616404151786249e-06,0.0,0
402.0,269.13000000000363,454.50478086585434,0.0011514617834131164,0.04149091483526639,500003000.0,0.0,7.665527375915314e-06,5e-06,7.082104421319056e-09,0.0,0.0009433814586968411,0.0,2.6147422109347883e-06,0.0,0
403.0,269.12000000000364,454.16335053805824,0.001150287736092407,0.04159206632177374,500003000.0,0.0,7.672591954280729e-06,5e-06,7.064578365413772e-09,0.0,0.000945992134746651,0.0,2.613081319378968e-06,0.0,0
404.0,269.11000000000365,453.8221504726034,0.001149118614943061,0.04169323373417118,500003000.0,0.0,7.679639093894575e-06,5e-06,7.047139613844939e-09,0.0,0.0009486011606113403,0.0,2.611421475000593e-06,0.0,0
405.0,269.10000000000366,453.48118051672054,0.0011479543850683848,0.04179441703792237,500003000.0,0.0,7.686668881356512e-06,5e-06,7.029787461937448e-09,0.0,0.0009512085372750476,0.0,2.609762675705603e-06,0.0,0
406.0,269.09000000000367,453.1404405179167,0.0011467950119280678,0.04189561619882799,500003000.0,0.0,7.693681402569385e-06,5e-06,7.012521212872685e-09,0.0,0.0009538142657204,0.0,2.6081049194230267e-06,0.0,0
407.0,269.0800000000037,452.7999303239728,0.0011456404613329296,0.04199683118306088,500003000.0,0.0,7.700676742746959e-06,5e-06,6.995340177573846e-09,0.0,0.0009564183469285283,0.0,2.6064482041034067e-06,0.0,0
408.0,269.0700000000037,452.45964978294074,0.0011444906994402659,0.042098061957120826,500003000.0,0.0,7.707654986421555e-06,5e-06,6.97824367459636e-09,0.0,0.0009590207818790792,0.0,2.6047925277184116e-06,0.0,0
409.0,269.0600000000037,452.11959874314067,0.0011433456927505586,0.04219930848787568,500003000.0,0.0,7.714616217451583e-06,5e-06,6.961231030028077e-09,0.0,0.0009616215715502357,0.0,2.6031378882634136e-06,0.0,0
410.0,269.0500000000037,451.7797770531583,0.0011422054081012694,0.04230057074249921,500003000.0,0.0,7.721560519028957e-06,5e-06,6.944301577373013e-09,0.0,0.0009642207169187269,0.0,2.6014842837532425e-06,0.0,0
411.0,269.0400000000037,451.4401845618422,0.00114106981266325,0.04240184868852385,500003000.0,0.0,7.72848797368641e-06,5e-06,6.92745465745244e-09,0.0,0.0009668182189598436,0.0,2.5998317122237407e-06,0.0,0
412.0,269.0300000000037,451.10082111830155,0.0011399388739362492,0.04250314229379861,500003000.0,0.0,7.735398663304711e-06,5e-06,6.910689618301824e-09,0.0,0.0009694140786474541,0.0,2.5981801717311276e-06,0.0,0
413.0,269.02000000000373,450.7616865719031,0.0011388125597451568,0.042604451526503564,500003000.0,0.0,7.742292669119784e-06,5e-06,6.894005815073482e-09,0.0,0.0009720082969540167,0.0,2.5965296603528545e-06,0.0,0
414.0,269.01000000000374,450.42278077226894,0.0011376908382350883,0.04270577635512668,500003000.0,0.0,7.749170071729718e-06,5e-06,6.87740260993355e-09,0.0,0.0009746008748505946,0.0,2.5948801761857056e-06,0.0,0
415.0,269.00000000000375,450.08410356927413,0.0011365736778667,0.04280711674848941,500003000.0,0.0,7.756030951101679e-06,5e-06,6.860879371961589e-09,0.0,0.0009771918133068666,0.0,2.5932317173442373e-06,0.0,0
416.0,268.99000000000376,449.7456548130441,0.0011354610474141342,0.04290847267571768,500003000.0,0.0,7.762875386578746e-06,5e-06,6.844435477067344e-09,0.0,0.0009797811132911441,0.0,2.5915842819651148e-06,0.0,0
417.0,268.98000000000377,449.40743435395217,0.001134352915959031,0.04300984410623646,500003000.0,0.0,7.76970345688663e-06,5e-06,6.828070307884886e-09,0.0,0.0009823687757703821,0.0,2.58993786820229e-06,0.0,0
418.0,268.9700000000038,449.06944204261737,0.0011332492528876757,0.043111231009792195,500003000.0,0.0,7.776515240140317e-06,5e-06,6.811783253686944e-09,0.0,0.0009849548017101927,0.0,2.588292474229231e-06,0.0,0
419.0,268.9600000000038,448.7316777299021,0.0011321500278862297,0.04321263335641673,500003000.0,0.0,7.783310813850606e-06,5e-06,6.795573710288789e-09,0.0,0.0009875391920748573,0.0,2.586648098236621e-06,0.0,0
420.0,268.9500000000038,448.3941412669098,0.0011310552109377132,0.04331405111644479,500003000.0,0.0,7.790090254930569e-06,5e-06,6.7794410799638515e-09,0.0,0.0009901219478273386,0.0,2.5850047384339234e-06,0.0,0
421.0,268.9400000000038,448.0568325049826,0.0011299647723179568,0.04341548426050141,500003000.0,0.0,7.796853639701923e-06,5e-06,6.7633847713541904e-09,0.0,0.0009927030699292943,0.0,2.58336239304847e-06,0.0,0
422.0,268.9300000000038,447.7197512956994,0.0011288786825915322,0.043516932759510685,500003000.0,0.0,7.803601043901305e-06,5e-06,6.747404199382005e-09,0.0,0.0009952825593410887,0.0,2.5817210603243653e-06,0.0,0
423.0,268.9200000000038,447.3828974908733,0.0011277969126091878,0.04361839658466268,500003000.0,0.0,7.810332542686475e-06,5e-06,6.731498785171172e-09,0.0,0.000997860417021804,0.0,2.5800807385247e-06,0.0,0
424.0,268.91000000000383,447.04627094254977,0.0011267194335025975,0.04371987570744954,500003000.0,0.0,7.81704821064243e-06,5e-06,6.715667955953805e-09,0.0,0.001000436643929252,0.0,2.578441425927508e-06,0.0,0
425.0,268.90000000000384,446.7098715030043,0.001125646216682523,0.043821370099618714,500003000.0,0.0,7.823748121787428e-06,5e-06,6.6999111449982335e-09,0.0,0.0010030112410199872,0.0,2.576803120829396e-06,0.0,0
426.0,268.89000000000385,446.37369902474063,0.0011245772338333959,0.04392287973321684,500003000.0,0.0,7.830432349578944e-06,5e-06,6.684227791516635e-09,0.0,0.0010055842092493148,0.0,2.575165821540868e-06,0.0,0
427.0,268.88000000000386,446.0377533604883,0.0011235124569123386,0.044024404580545795,500003000.0,0.0,7.837100966919544e-06,5e-06,6.668617340600103e-09,0.0,0.0010081555495713064,0.0,2.573529526391691e-06,0.0,0
428.0,268.87000000000387,445.7020343632009,0.0011224518581437087,0.044125944614181775,500003000.0,0.0,7.843754046162672e-06,5e-06,6.653079243128045e-09,0.0,0.0010107252629388064,0.0,2.571894233725894e-06,0.0,0
429.0,268.8600000000039,445.366541886054,0.0011213954100165566,0.04422749980695646,500003000.0,0.0,7.850391659118368e-06,5e-06,6.637612955695873e-09,0.0,0.0010132933503034468,0.0,2.5702599419033226e-06,0.0,0
430.0,268.8500000000039,445.0312757824433,0.0011203430852813018,0.04432907013197052,500003000.0,0.0,7.857013877058907e-06,5e-06,6.622217940538994e-09,0.0,0.0010158598126156538,0.0,2.568626649299296e-06,0.0,0
431.0,268.8400000000039,444.6962359059823,0.0011192948569472875,0.04443065556258478,500003000.0,0.0,7.86362077072437e-06,5e-06,6.6068936654628926e-09,0.0,0.0010184246508246639,0.0,2.566994354306171e-06,0.0,0
432.0,268.8300000000039,444.361422110501,0.0011182506982775038,0.044532256072416176,500003000.0,0.0,7.870212410328127e-06,5e-06,6.5916396037574014e-09,0.0,0.0010209878658785285,0.0,2.5653630553282883e-06,0.0,0
433.0,268.8200000000039,444.0268342500435,0.001117210582787773,0.0446338716353104,500003000.0,0.0,7.876788865562265e-06,5e-06,6.576455234138231e-09,0.0,0.0010235494587241265,0.0,2.5637327507870695e-06,0.0,0
434.0,268.8100000000039,443.6924721788664,0.0011161744842425908,0.04473550222539752,500003000.0,0.0,7.883350205602934e-06,5e-06,6.561340040669598e-09,0.0,0.0010261094303071758,0.0,2.562103439118325e-06,0.0,0
435.0,268.80000000000393,443.3583357514371,0.001115142376651336,0.04483714781702177,500003000.0,0.0,7.889896499115624e-06,5e-06,6.54629351268992e-09,0.0,0.00102866778157224,0.0,2.560475118770301e-06,0.0,0
436.0,268.79000000000394,443.02442482243157,0.0011141142342676671,0.044938808384795706,500003000.0,0.0,7.89642781426038e-06,5e-06,6.531315144757074e-09,0.0,0.001031224513462741,0.0,2.558847788208954e-06,0.0,0
437.0,268.78000000000395,442.690739246733,0.0011130900315835205,0.045040483903547125,500003000.0,0.0,7.902944218696943e-06,5e-06,6.516404436562765e-09,0.0,0.0010337796269209675,0.0,2.557221445910722e-06,0.0,0
438.0,268.77000000000396,442.35727887943005,0.0011120697433284787,0.04514217434835424,500003000.0,0.0,7.909445779589823e-06,5e-06,6.501560892879241e-09,0.0,0.0010363331228880831,0.0,2.5555960903675333e-06,0.0,0
439.0,268.76000000000397,442.02404357581463,0.00111105334446656,0.04524387969453233,500003000.0,0.0,7.915932563613315e-06,5e-06,6.486784023491639e-09,0.0,0.001038885002304139,0.0,2.5539717200857993e-06,0.0,0
440.0,268.750000000004,441.69103319138094,0.0011100408101917046,0.04534559991761436,500003000.0,0.0,7.922404636956438e-06,5e-06,6.4720733431235245e-09,0.0,0.001041435266108078,0.0,2.5523483335823106e-06,0.0,0
441.0,268.740000000004,441.35824758182326,0.0011090321159276195,0.04544733499337593,500003000.0,0.0,7.928862065327827e-06,5e-06,6.4574283713886725e-09,0.0,0.001043983915237749,0.0,2.5507259293900717e-06,0.0,0
442.0,268.730000000004,441.02568660303444,0.0011080272373231075,0.04554908489779788,500003000.0,0.0,7.935304913960543e-06,5e-06,6.442848632717194e-09,0.0,0.0010465309506299128,0.0,2.549104506053648e-06,0.0,0
443.0,268.720000000004,440.69335011110445,0.0011070261502498246,0.045650849607105054,500003000.0,0.0,7.94173324761684e-06,5e-06,6.428333656296619e-09,0.0,0.0010490763732202513,0.0,2.5474840621300227e-06,0.0,0
444.0,268.710000000004,440.36123796231857,0.0011060288308004133,0.04575262909773767,500003000.0,0.0,7.948147130592856e-06,5e-06,6.413882976015841e-09,0.0,0.0010516201839433762,0.0,2.5458645961902156e-06,0.0,0
445.0,268.700000000004,440.0293500131559,0.0011050352552845577,0.04585442334634461,500003000.0,0.0,7.954546626723255e-06,5e-06,6.399496130397718e-09,0.0,0.0010541623837328376,0.0,2.544246106816051e-06,0.0,0
446.0,268.69000000000403,439.69768612028787,0.0011040454002277354,0.04595623232979585,500003000.0,0.0,7.960931799385802e-06,5e-06,6.385172662548013e-09,0.0,0.0010567029735211327,0.0,2.5426285926030264e-06,0.0,0
447.0,268.68000000000404,439.36624614057655,0.0011030592423677606,0.046058056025165425,500003000.0,0.0,7.967302711505895e-06,5e-06,6.370912120092232e-09,0.0,0.0010592419542397142,0.0,2.541012052158042e-06,0.0,0
448.0,268.67000000000405,439.0350299310732,0.0011020767586526062,0.04615989440975035,500003000.0,0.0,7.973659425561015e-06,5e-06,6.356714055120518e-09,0.0,0.001061779326818997,0.0,2.5393964840999623e-06,0.0,0
449.0,268.66000000000406,438.7040373490169,0.0011010979262378246,0.04626174746105046,500003000.0,0.0,7.980002003585147e-06,5e-06,6.34257802413091e-09,0.0,0.0010643150921883686,0.0,2.5377818870591904e-06,0.0,0
450.0,268.65000000000407,438.37326825183317,0.0011001227224839546,0.04636361515676179,500003000.0,0.0,7.98633050717312e-06,5e-06,6.32850358797317e-09,0.0,0.0010668492512761934,0.0,2.5361682596771322e-06,0.0,0
451.0,268.6400000000041,438.04272249713205,0.001099151124955216,0.0464654974747933,500003000.0,0.0,7.992644997484922e-06,5e-06,6.3144903118006515e-09,0.0,0.0010693818050098243,0.0,2.5345556006085463e-06,0.0,0
452.0,268.6300000000041,437.7123999427071,0.001098183111415594,0.046567394393244727,500003000.0,0.0,7.99894553524993e-06,5e-06,6.300537765007763e-09,0.0,0.001071912754315609,0.0,2.5329439085177984e-06,0.0,0
453.0,268.6200000000041,437.3823004465339,0.001097218659827638,0.046669305890424076,500003000.0,0.0,8.005232180771114e-06,5e-06,6.286645521183685e-09,0.0,0.0010744421001188968,0.0,2.5313331820812996e-06,0.0,0
454.0,268.6100000000041,437.05242386676866,0.0010962577483491689,0.04677123194482615,500003000.0,0.0,8.011504993929169e-06,5e-06,6.272813158054667e-09,0.0,0.001076969843344047,0.0,2.529723419985054e-06,0.0,0
455.0,268.6000000000041,436.7227700617467,0.0010953003553323165,0.046873172535145335,500003000.0,0.0,8.017764034186608e-06,5e-06,6.259040257440282e-09,0.0,0.0010794959849144351,0.0,2.5281146209274973e-06,0.0,0
456.0,268.5900000000041,436.39333888998146,0.0010943464593198106,0.0469751276402619,500003000.0,0.0,8.024009360591803e-06,5e-06,6.245326405194534e-09,0.0,0.0010820205257524621,0.0,2.526506783615938e-06,0.0,0
457.0,268.58000000000413,436.06413021016266,0.0010933960390446496,0.047077097239244206,500003000.0,0.0,8.03024103178297e-06,5e-06,6.231671191166856e-09,0.0,0.00108454346677956,0.0,2.524899906770721e-06,0.0,0
458.0,268.57000000000414,435.73514388115547,0.0010924490734254531,0.04717908131134911,500003000.0,0.0,8.036459105992109e-06,5e-06,6.218074209139011e-09,0.0,0.0010870648089161981,0.0,2.523293989119346e-06,0.0,0
459.0,268.56000000000415,435.40637976199895,0.0010915055415667602,0.04728107983602862,500003000.0,0.0,8.042663641048899e-06,5e-06,6.204535056790807e-09,0.0,0.0010895845530818928,0.0,2.5216890294019614e-06,0.0,0
460.0,268.55000000000416,435.0778377119049,0.0010905654227552723,0.04738309279289043,500003000.0,0.0,8.048854694384541e-06,5e-06,6.19105333564318e-09,0.0,0.0010921027001952108,0.0,2.5200850263674017e-06,0.0,0
461.0,268.54000000000417,434.74951759025646,0.0010896286964590886,0.047485120161751534,500003000.0,0.0,8.05503232303556e-06,5e-06,6.177628651018875e-09,0.0,0.0010946192511737801,0.0,2.5184819787760844e-06,0.0,0
462.0,268.5300000000042,434.421419256607,0.0010886953423237915,0.04758716192258585,500003000.0,0.0,8.061196583647545e-06,5e-06,6.164260611985772e-09,0.0,0.0010971342069342927,0.0,2.5168798853955616e-06,0.0,0
463.0,268.5200000000042,434.0935425706787,0.0010877653401731024,0.04768921805555773,500003000.0,0.0,8.067347532478872e-06,5e-06,6.150948831326637e-09,0.0,0.0010996475683925143,0.0,2.515278745006575e-06,0.0,0
464.0,268.5100000000042,433.76588739236183,0.0010868386700035033,0.04779128854099679,500003000.0,0.0,8.073485225404346e-06,5e-06,6.137692925475187e-09,0.0,0.001102159336463287,0.0,2.513678556395084e-06,0.0,0
465.0,268.5000000000042,433.43845358171285,0.0010859153119857899,0.04789337335940802,500003000.0,0.0,8.079609717918839e-06,5e-06,6.124492514491912e-09,0.0,0.0011046695120605404,0.0,2.512079318360279e-06,0.0,0
466.0,268.4900000000042,433.11124099895375,0.0010849952464608524,0.04799547249146838,500003000.0,0.0,8.085721065140845e-06,5e-06,6.111347222007699e-09,0.0,0.001107178096097294,0.0,2.5104810297091695e-06,0.0,0
467.0,268.4800000000042,432.7842495044707,0.0010840784539379305,0.04809758591801178,500003000.0,0.0,8.091819321816028e-06,5e-06,6.09825667518198e-09,0.0,0.0011096850894856656,0.0,2.508883689256846e-06,0.0,0
468.0,268.47000000000423,432.45747895881306,0.0010831649150940448,0.04819971362006652,500003000.0,0.0,8.097904542320695e-06,5e-06,6.085220504667939e-09,0.0,0.001112190493136877,0.0,2.5072872958293925e-06,0.0,0
469.0,268.46000000000424,432.130929222692,0.0010822546107705278,0.04830185557878759,500003000.0,0.0,8.103976780665256e-06,5e-06,6.072238344561868e-09,0.0,0.0011146943079612583,0.0,2.5056918482600464e-06,0.0,0
470.0,268.45000000000425,431.8046001569795,0.0010813475219725677,0.048404011775517765,500003000.0,0.0,8.110036090497626e-06,5e-06,6.059309832369916e-09,0.0,0.0011171965348682577,0.0,2.5040973453922575e-06,0.0,0
471.0,268.44000000000426,431.4784916227075,0.0010804436298661106,0.048506182191760186,500003000.0,0.0,8.116082525106586e-06,5e-06,6.046434608960471e-09,0.0,0.001119697174766443,0.0,2.5025037860765855e-06,0.0,0
472.0,268.43000000000427,431.15260348106625,0.0010795429157776538,0.04860836680916516,500003000.0,0.0,8.12211613742512e-06,5e-06,6.0336123185331794e-09,0.0,0.001122196228563511,0.0,2.5009111691742413e-06,0.0,0
473.0,268.4200000000043,430.8269355934038,0.0010786453611905983,0.04871056560955302,500003000.0,0.0,8.128136980033689e-06,5e-06,6.0208426085691354e-09,0.0,0.0011246936971662906,0.0,2.499319493552588e-06,0.0,0
474.0,268.4100000000043,430.5014878212246,0.0010777509477451566,0.048812778574887736,500003000.0,0.0,8.134145105163491e-06,5e-06,6.008125129801402e-09,0.0,0.0011271895814807494,0.0,2.4977287580888425e-06,0.0,0
475.0,268.4000000000043,430.17626002618863,0.0010768596572358741,0.04891500568729712,500003000.0,0.0,8.140140564699664e-06,5e-06,5.995459536172593e-09,0.0,0.0011296838824120003,0.0,2.4961389616681878e-06,0.0,0
476.0,268.3900000000043,429.8512520701104,0.0010759714716096704,0.04901724692905614,500003000.0,0.0,8.146123410184459e-06,5e-06,5.982845484795788e-09,0.0,0.0011321766008643046,0.0,2.4945501031830313e-06,0.0,0
477.0,268.3800000000043,429.52646381495754,0.001075086372965325,0.04911950228258987,500003000.0,0.0,8.152093692820383e-06,5e-06,5.970282635923911e-09,0.0,0.0011346677377410816,0.0,2.49296218153558e-06,0.0,0
478.0,268.3700000000043,429.2018951228505,0.0010742043435499125,0.04922177173047796,500003000.0,0.0,8.158051463473284e-06,5e-06,5.957770652902507e-09,0.0,0.0011371572939449083,0.0,2.4913751956332676e-06,0.0,0
479.0,268.36000000000433,428.8775458560608,0.0010733253657595977,0.04932405525543179,500003000.0,0.0,8.163996772675432e-06,5e-06,5.945309202147179e-09,0.0,0.0011396452703775302,0.0,2.4897891443942674e-06,0.0,0
480.0,268.35000000000434,428.5534158770106,0.0010724494221361835,0.049426352840329514,500003000.0,0.0,8.16992967062853e-06,5e-06,5.932897953097778e-09,0.0,0.001142131667939862,0.0,2.4882040267430806e-06,0.0,0
481.0,268.34000000000435,428.2295050482716,0.0010715764953652372,0.049528664468188446,500003000.0,0.0,8.175850207206711e-06,5e-06,5.920536578181828e-09,0.0,0.0011446164875319952,0.0,2.4866198416097688e-06,0.0,0
482.0,268.33000000000436,427.90581323256384,0.001070706568277531,0.04963099012214908,500003000.0,0.0,8.181758431959507e-06,5e-06,5.908224752796566e-09,0.0,0.0011470997300532036,0.0,2.4850365879367987e-06,0.0,0
483.0,268.32000000000437,427.5823402927552,0.0010698396238430369,0.049733329785517415,500003000.0,0.0,8.187654394114758e-06,5e-06,5.895962155250219e-09,0.0,0.0011495813964019464,0.0,2.48345426466858e-06,0.0,0
484.0,268.3100000000044,427.2590860918599,0.0010689756451736803,0.04983568344172367,500003000.0,0.0,8.19353814258151e-06,5e-06,5.883748466752065e-09,0.0,0.0011520614874758748,0.0,2.481872870761284e-06,0.0,0
485.0,268.3000000000044,426.93605049303824,0.0010681146155183776,0.049938051074345055,500003000.0,0.0,8.19940972595287e-06,5e-06,5.871583371360208e-09,0.0,0.001154540004171835,0.0,2.4802924051747006e-06,0.0,0
486.0,268.2900000000044,426.61323335959514,0.00106725651826445,0.050040432667087645,500003000.0,0.0,8.205269192508835e-06,5e-06,5.859466555964889e-09,0.0,0.0011570169473858756,0.0,2.478712866878862e-06,0.0,0
487.0,268.2800000000044,426.29063455497953,0.001066401336933971,0.050142828203805966,500003000.0,0.0,8.211116590219079e-06,5e-06,5.847397710244237e-09,0.0,0.0011594923180132505,0.0,2.477134254848853e-06,0.0,0
488.0,268.2700000000044,425.9682539427835,0.0010655490551831697,0.05024523766846475,500003000.0,0.0,8.216951966745715e-06,5e-06,5.835376526637176e-09,0.0,0.0011619661169484231,0.0,2.4755565680666743e-06,0.0,0
489.0,268.2600000000044,425.6460913867412,0.0010646996568016952,0.05034766104518236,500003000.0,0.0,8.22277536944603e-06,5e-06,5.823402700315884e-09,0.0,0.0011644383450850743,0.0,2.473979805522749e-06,0.0,0
490.0,268.25000000000443,425.3241467507281,0.0010638531257098692,0.0504500983181951,500003000.0,0.0,8.228586845375178e-06,5e-06,5.8114759291475595e-09,0.0,0.0011669090033161024,0.0,2.472403966212707e-06,0.0,0
491.0,268.24000000000444,425.0024198987603,0.0010630094459582037,0.05055254947187932,500003000.0,0.0,8.234386441288846e-06,5e-06,5.799595913668913e-09,0.0,0.0011693780925336307,0.0,2.4708290491393873e-06,0.0,0
492.0,268.23000000000445,424.68091069499343,0.001062168601725706,0.05065501449073063,500003000.0,0.0,8.2401742036459e-06,5e-06,5.787762357054364e-09,0.0,0.001171845613629011,0.0,2.469255053311996e-06,0.0,0
493.0,268.22000000000446,424.359619003722,0.0010613305773187148,0.05075749335937765,500003000.0,0.0,8.245950178610988e-06,5e-06,5.775974965087416e-09,0.0,0.0011743115674928278,0.0,2.4676819777464442e-06,0.0,0
494.0,268.21000000000447,424.0385446893784,0.0010604953571699948,0.050859986062565754,500003000.0,0.0,8.251714412057122e-06,5e-06,5.764233446133766e-09,0.0,0.0011767759550149039,0.0,2.4661098214662585e-06,0.0,0
495.0,268.2000000000045,423.7176876165324,0.0010596629258358154,0.05096249258517435,500003000.0,0.0,8.257466949568226e-06,5e-06,5.752537511103752e-09,0.0,0.001179238777084303,0.0,2.4645385834987603e-06,0.0,0
496.0,268.1900000000045,423.39704764988994,0.0010588332679966398,0.051065012912193626,500003000.0,0.0,8.26320783644166e-06,5e-06,5.740886873434725e-09,0.0,0.0011817000345893348,0.0,2.4629682628796003e-06,0.0,0
497.0,268.1800000000045,423.0766246542928,0.0010580063684545915,0.0511675470287524,500003000.0,0.0,8.268937117690718e-06,5e-06,5.729281249056212e-09,0.0,0.0011841597284175589,0.0,2.4613988586497697e-06,0.0,0
498.0,268.1700000000045,422.75641849471737,0.0010571822121329259,0.05127009492008009,500003000.0,0.0,8.274654838047084e-06,5e-06,5.7177203563662315e-09,0.0,0.0011866178594557898,0.0,2.45983036985723e-06,0.0,0
499.0,268.1600000000045,422.4364290362741,0.0010563607840738812,0.05137265657154249,500003000.0,0.0,8.280361041963284e-06,5e-06,5.7062039161991374e-09,0.0,0.0011890744285900994,0.0,2.4582627955547414e-06,0.0,0
500.0,268.1500000000045,422.11665614420696,0.0010555420694380038,0.05147523196860692,500003000.0,0.0,8.286055773615086e-06,5e-06,5.694731651801724e-09,0.0,0.0011915294367058223,0.0,2.4566961348010825e-06,0.0,0
501.0,268.14000000000453,421.7970996838922,0.001054726053503601,0.05157782109687608,500003000.0,0.0,8.291739076903897e-06,5e-06,5.68330328881026e-09,0.0,0.0011939828846875594,0.0,2.455130386662533e-06,0.0,0
502.0,268.13000000000454,421.477759520838,0.0010539127216643038,0.051680423942051676,500003000.0,0.0,8.297410995459115e-06,5e-06,5.6719185552176145e-09,0.0,0.0011964347734191815,0.0,2.453565550209924e-06,0.0,0
503.0,268.12000000000455,421.1586355206836,0.0010531020594282362,0.05178304048994732,500003000.0,0.0,8.303071572640465e-06,5e-06,5.660577181349343e-09,0.0,0.0011988851037838338,0.0,2.4520016245193955e-06,0.0,0
504.0,268.11000000000456,420.8397275491986,0.0010522940524175862,0.05188567072650733,500003000.0,0.0,8.308720851540308e-06,5e-06,5.649278899842133e-09,0.0,0.001201333876663939,0.0,2.450438608674041e-06,0.0,0
505.0,268.10000000000457,420.52103547228205,0.0010514886863665514,0.05198831463777524,500003000.0,0.0,8.314358874985922e-06,5e-06,5.63802344561383e-09,0.0,0.0012037810929412017,0.0,2.4488765017617653e-06,0.0,0
506.0,268.0900000000046,420.20255915596215,0.0010506859471206265,0.05209097220990427,500003000.0,0.0,8.319985685541763e-06,5e-06,5.6268105558408825e-09,0.0,0.001206226753496612,0.0,2.4473153028761955e-06,0.0,0
507.0,268.0800000000046,419.88429846639525,0.0010498858206353446,0.052193643429167214,500003000.0,0.0,8.325601325511695e-06,5e-06,5.615639969933144e-09,0.0,0.0012086708592104485,0.0,2.4457550111163187e-06,0.0,0
508.0,268.0700000000046,419.5662532698651,0.001049088292975557,0.05229632828192929,500003000.0,0.0,8.331205836941206e-06,5e-06,5.604511429511774e-09,0.0,0.0012111134109622842,0.0,2.4441956255873305e-06,0.0,0
509.0,268.0600000000046,419.2484234327825,0.0010482933503130761,0.05239902675467632,500003000.0,0.0,8.336799261619585e-06,5e-06,5.5934246783786525e-09,0.0,0.001213554409630986,0.0,2.4426371453976355e-06,0.0,0
510.0,268.0500000000046,418.9308088216843,0.0010475009789275703,0.05250173883399975,500003000.0,0.0,8.342381641082088e-06,5e-06,5.582379462503402e-09,0.0,0.0012159938560947219,0.0,2.4410795696633963e-06,0.0,0
511.0,268.0400000000046,418.61340930323286,0.0010467111652041963,0.05260446450658725,500003000.0,0.0,8.347953016612081e-06,5e-06,5.571375529993221e-09,0.0,0.0012184317512309642,0.0,2.43952289750546e-06,0.0,0
512.0,268.03000000000463,418.29622474421546,0.001045923895632039,0.052707203759238,500003000.0,0.0,8.35351342924315e-06,5e-06,5.560412631067267e-09,0.0,0.0012208680959164906,0.0,2.4379671280481165e-06,0.0,0
513.0,268.02000000000464,417.9792550115435,0.0010451391568047194,0.052809956578853,500003000.0,0.0,8.359062919761192e-06,5e-06,5.549490518042828e-09,0.0,0.0012233028910273894,0.0,2.436412260422902e-06,0.0,0
514.0,268.01000000000465,417.662499972252,0.001044356935417599,0.0529127229524294,500003000.0,0.0,8.364601528706496e-06,5e-06,5.538608945303588e-09,0.0,0.0012257361374390621,0.0,2.4348582937644227e-06,0.0,0
515.0,268.00000000000466,417.3459594934989,0.0010435772182685163,0.053015502867067965,500003000.0,0.0,8.370129296375782e-06,5e-06,5.527767669286894e-09,0.0,0.0012281678360262281,0.0,2.4333052272143905e-06,0.0,0
516.0,267.99000000000467,417.0296334425644,0.0010427999922553862,0.05311829630997965,500003000.0,0.0,8.375646262824236e-06,5e-06,5.51696644845459e-09,0.0,0.0012305979876629277,0.0,2.431753059918326e-06,0.0,0
517.0,267.9800000000047,416.7135216868503,0.001042025244375291,0.0532211032684651,500003000.0,0.0,8.381152467867507e-06,5e-06,5.506205043271992e-09,0.0,0.0012330265932225229,0.0,2.430201791025692e-06,0.0,0
518.0,267.9700000000047,416.39762409387964,0.001041252961724658,0.05332392372991519,500003000.0,0.0,8.3866479510837e-06,5e-06,5.495483216192801e-09,0.0,0.0012354536535777042,0.0,2.42865141969255e-06,0.0,0
519.0,267.9600000000047,416.0819405312958,0.0010404831314969768,0.0534267576818349,500003000.0,0.0,8.39213275181533e-06,5e-06,5.4848007316312304e-09,0.0,0.001237879169600491,0.0,2.427101945078444e-06,0.0,0
520.0,267.9500000000047,415.766470866862,0.0010397157409826954,0.05352960511180934,500003000.0,0.0,8.397606909171276e-06,5e-06,5.474157355945844e-09,0.0,0.001240303142162237,0.0,2.4255533663483395e-06,0.0,0
521.0,267.9400000000047,415.4512149684607,0.0010389507775676063,0.05363246600753198,500003000.0,0.0,8.403070462028692e-06,5e-06,5.463552857415638e-09,0.0,0.0012427255721336307,0.0,2.4240056826710204e-06,0.0,0
522.0,267.9300000000047,415.1361727040932,0.0010381882287324603,0.053735340356782506,500003000.0,0.0,8.408523449034915e-06,5e-06,5.4529870062227806e-09,0.0,0.0012451464603847008,0.0,2.4224588932203145e-06,0.0,0
523.0,267.92000000000473,414.8213439418788,0.0010374280820520281,0.05383822814743642,500003000.0,0.0,8.413965908609348e-06,5e-06,5.44245957443265e-09,0.0,0.0012475658077848173,0.0,2.4209129971750144e-06,0.0,0
524.0,267.91000000000474,414.5067285500542,0.0010366703251938818,0.05394112936745988,500003000.0,0.0,8.41939787894532e-06,5e-06,5.431970335972583e-09,0.0,0.0012499836152026972,0.0,2.419367993718111e-06,0.0,0
525.0,267.90000000000475,414.1923263969733,0.001035914945917171,0.054044044004905915,500003000.0,0.0,8.42481939801193e-06,5e-06,5.4215190666108085e-09,0.0,0.001252399883506405,0.0,2.4178238820359993e-06,0.0,0
526.0,267.89000000000476,413.87813735110615,0.0010351619320729043,0.05414697204793177,500003000.0,0.0,8.430230503555874e-06,5e-06,5.411105543943444e-09,0.0,0.001254814613563357,0.0,2.416280661321159e-06,0.0,0
527.0,267.88000000000477,413.5641612810388,0.0010344112716018919,0.054249913484764635,500003000.0,0.0,8.435631233103244e-06,5e-06,5.400729547369436e-09,0.0,0.0012572278062403224,0.0,2.414738330769371e-06,0.0,0
528.0,267.8700000000048,413.25039805547266,0.0010336629525343317,0.05435286830374526,500003000.0,0.0,8.441021623961318e-06,5e-06,5.390390858074278e-09,0.0,0.0012596394624034284,0.0,2.4131968895807276e-06,0.0,0
529.0,267.8600000000048,412.9368475432237,0.0010329169629891151,0.05445583649328276,500003000.0,0.0,8.446401713220331e-06,5e-06,5.38008925901245e-09,0.0,0.001262049582918162,0.0,2.41165633695998e-06,0.0,0
530.0,267.8500000000048,412.6235096132223,0.0010321732911723045,0.05455881804187538,500003000.0,0.0,8.451771537755216e-06,5e-06,5.369824534885704e-09,0.0,0.0012644581686493722,0.0,2.4101166721149122e-06,0.0,0
531.0,267.8400000000048,412.31038413451233,0.0010314319253780825,0.05466181293811486,500003000.0,0.0,8.45713113422735e-06,5e-06,5.359596472134414e-09,0.0,0.0012668652204612756,0.0,2.4085778942604874e-06,0.0,0
532.0,267.8300000000048,411.9974709762511,0.0010306928539843242,0.0547648211706721,500003000.0,0.0,8.462480539086251e-06,5e-06,5.349404858901102e-09,0.0,0.001269270739217454,0.0,2.4070400026103877e-06,0.0,0
533.0,267.8200000000048,411.6847700077084,0.0010299560654565745,0.05486784272830622,500003000.0,0.0,8.46781978857129e-06,5e-06,5.339249485037862e-09,0.0,0.0012716747257808625,0.0,2.405502996388185e-06,0.0,0
534.0,267.81000000000483,411.3722810982661,0.001029221548343055,0.05497087759986218,500003000.0,0.0,8.473148918713358e-06,5e-06,5.3291301420673076e-09,0.0,0.001274077181013828,0.0,2.403966874817521e-06,0.0,0
535.0,267.80000000000484,411.0600041174179,0.001028489291276153,0.05507392577425929,500003000.0,0.0,8.478467965336535e-06,5e-06,5.319046623177373e-09,0.0,0.0012764781057780542,0.0,2.4024316371274195e-06,0.0,0
536.0,267.79000000000485,410.7479389347685,0.001027759282971006,0.05517698724050194,500003000.0,0.0,8.483776964059735e-06,5e-06,5.308998723201189e-09,0.0,0.0012788775009346244,0.0,2.400897282550782e-06,0.0,0
537.0,267.78000000000486,410.4360854200334,0.0010270315122243583,0.05528006198768896,500003000.0,0.0,8.489075950298333e-06,5e-06,5.2989862385985425e-09,0.0,0.0012812753673440015,0.0,2.399363810323509e-06,0.0,0
538.0,267.77000000000487,410.12444344303805,0.0010263059679149352,0.05538315000497345,500003000.0,0.0,8.49436495926578e-06,5e-06,5.289008967445333e-09,0.0,0.001283671705866035,0.0,2.3978312196871343e-06,0.0,0
539.0,267.7600000000049,409.8130128737176,0.001025582639001323,0.055486251281620026,500003000.0,0.0,8.49964402597519e-06,5e-06,5.279066709410293e-09,0.0,0.0012860665173599587,0.0,2.3962995098856196e-06,0.0,0
540.0,267.7500000000049,409.50179358211665,0.0010248615145212231,0.05558936580694124,500003000.0,0.0,8.504913185240928e-06,5e-06,5.269159265739003e-09,0.0,0.001288459802684395,0.0,2.394768680165336e-06,0.0,0
541.0,267.7400000000049,409.19078543838816,0.0010241425835930704,0.05569249357035029,500003000.0,0.0,8.510172471680179e-06,5e-06,5.25928643925016e-09,0.0,0.0012908515626973607,0.0,2.3932387297805557e-06,0.0,0
542.0,267.7300000000049,408.87998831279356,0.0010234258354115328,0.055795634561328786,500003000.0,0.0,8.515421919714478e-06,5e-06,5.2494480343005596e-09,0.0,0.0012932417982562637,0.0,2.3917096579846132e-06,0.0,0
543.0,267.7200000000049,408.56940207570204,0.001022711259249675,0.05589878876943504,500003000.0,0.0,8.520661563571264e-06,5e-06,5.239643856784491e-09,0.0,0.0012956305102179092,0.0,2.3901814640366385e-06,0.0,0
544.0,267.7100000000049,408.25902659759004,0.001021998844457368,0.056001956184304785,500003000.0,0.0,8.525891437285378e-06,5e-06,5.2298737141139485e-09,0.0,0.0012980176994385013,0.0,2.388654147199478e-06,0.0,0
545.0,267.70000000000493,407.94886174904104,0.0010212885804601103,0.05610513679565174,500003000.0,0.0,8.53111157470058e-06,5e-06,5.2201374152011475e-09,0.0,0.0013004033667736441,0.0,2.387127706738577e-06,0.0,0
546.0,267.69000000000494,407.63890740074476,0.0010205804567593765,0.05620833059325241,500003000.0,0.0,8.536322009471028e-06,5e-06,5.210434770448975e-09,0.0,0.0013027875130783464,0.0,2.3856021419244015e-06,0.0,0
547.0,267.68000000000495,407.32916342349694,0.001019874462930455,0.05631153756697773,500003000.0,0.0,8.541522775062756e-06,5e-06,5.200765591728745e-09,0.0,0.0013051701392070225,0.0,2.3840774520289775e-06,0.0,0
548.0,267.67000000000496,407.01962968819896,0.0010191705886230687,0.05641475770676011,500003000.0,0.0,8.546713904755128e-06,5e-06,5.1911296923723185e-09,0.0,0.0013075512460134942,0.0,2.3825536363289137e-06,0.0,0
549.0,267.66000000000497,406.71030606585737,0.0010184688235597606,0.05651799100259583,500003000.0,0.0,8.55189543164228e-06,5e-06,5.181526887152949e-09,0.0,0.0013099308343509928,0.0,2.3810306941031876e-06,0.0,0
550.0,267.650000000005,406.40119242758317,0.0010177691575365111,0.05662123744457121,500003000.0,0.0,8.557067388634559e-06,5e-06,5.171956992277616e-09,0.0,0.0013123089050721644,0.0,2.3795086246361287e-06,0.0,0
551.0,267.640000000005,406.09228864459175,0.0010170715804204166,0.056724497022822826,500003000.0,0.0,8.562229808459922e-06,5e-06,5.16241982536454e-09,0.0,0.001314685459029068,0.0,2.377987427213508e-06,0.0,0
552.0,267.630000000005,405.7835945882024,0.0010163760821498779,0.05682776972758394,500003000.0,0.0,8.567382723665356e-06,5e-06,5.152915205433625e-09,0.0,0.001317060497073179,0.0,2.3764671011244914e-06,0.0,0
553.0,267.620000000005,405.47511012983773,0.0010156826527345107,0.05693105554913838,500003000.0,0.0,8.572526166618251e-06,5e-06,5.1434429528955555e-09,0.0,0.001319434020055394,0.0,2.3749476456629103e-06,0.0,0
554.0,267.610000000005,405.16683514102334,0.001014991282253369,0.05703435447784225,500003000.0,0.0,8.577660169507784e-06,5e-06,5.134002889532501e-09,0.0,0.00132180602882603,0.0,2.3734290601245854e-06,0.0,0
555.0,267.600000000005,404.8587694933875,0.001014301960854565,0.05713766650412505,500003000.0,0.0,8.58278476434627e-06,5e-06,5.124594838486025e-09,0.0,0.0013241765242348255,0.0,2.3719113438078914e-06,0.0,0
556.0,267.59000000000503,404.55091305866074,0.0010136146787555905,0.057240991618479994,500003000.0,0.0,8.587899982970519e-06,5e-06,5.1152186242486425e-09,0.0,0.0013265455071309465,0.0,2.370394496015944e-06,0.0,0
557.0,267.58000000000504,404.2432657086752,0.0010129294262416675,0.05734432981146682,500003000.0,0.0,8.593005857043165e-06,5e-06,5.105874072645542e-09,0.0,0.0013289129783629861,0.0,2.368878516054171e-06,0.0,0
558.0,267.57000000000505,403.93582731536463,0.0010122461936653599,0.05744768107372123,500003000.0,0.0,8.598102418053987e-06,5e-06,5.0965610108228145e-09,0.0,0.0013312789387789653,0.0,2.3673634032308096e-06,0.0,0
559.0,267.56000000000506,403.6285977507636,0.0010115649714463224,0.057551045395933864,500003000.0,0.0,8.603189697321223e-06,5e-06,5.08727926723646e-09,0.0,0.0013336433892263387,0.0,2.3658491568577105e-06,0.0,0
560.0,267.55000000000507,403.3215768870075,0.0010108857500703433,0.057654422768866315,500003000.0,0.0,8.60826772599286e-06,5e-06,5.078028671637983e-09,0.0,0.001336006330551994,0.0,2.3643357762494755e-06,0.0,0
561.0,267.5400000000051,403.0147645963318,0.0010102085200886638,0.057757813183344504,500003000.0,0.0,8.613336535047922e-06,5e-06,5.068809055061476e-09,0.0,0.0013383677636022537,0.0,2.3628232607232287e-06,0.0,0
562.0,267.5300000000051,402.708160751072,0.0010095332721180015,0.057861216630257895,500003000.0,0.0,8.618396155297736e-06,5e-06,5.0596202498143575e-09,0.0,0.0013407276892228785,0.0,2.361311609600013e-06,0.0,0
563.0,267.5200000000051,402.40176522366284,0.0010088599968394402,0.05796463310055793,500003000.0,0.0,8.623446617387198e-06,5e-06,5.050462089462533e-09,0.0,0.001343086108259069,0.0,2.3598008222035353e-06,0.0,0
564.0,267.5100000000051,402.0955778866384,0.001008188684997316,0.05806806258526984,500003000.0,0.0,8.628487951796013e-06,5e-06,5.041334408815649e-09,0.0,0.0013454430215554664,0.0,2.358290897858863e-06,0.0,0
565.0,267.5000000000051,401.78959861263155,0.0010075193273997962,0.05817150507546164,500003000.0,0.0,8.633520188839934e-06,5e-06,5.032237043920946e-09,0.0,0.0013477984299561532,0.0,2.3567818358950935e-06,0.0,0
566.0,267.4900000000051,401.48382727437337,0.001006851914918468,0.05827496056228474,500003000.0,0.0,8.638543358671986e-06,5e-06,5.023169832052223e-09,0.0,0.0013501523343046617,0.0,2.3552736356456774e-06,0.0,0
567.0,267.48000000000513,401.178263744693,0.0010061864384862233,0.05837842903693964,500003000.0,0.0,8.643557491283677e-06,5e-06,5.014132611690421e-09,0.0,0.001352504735443968,0.0,2.353766296444741e-06,0.0,0
568.0,267.47000000000514,400.87290789651735,0.001005522889097688,0.05848191049068676,500003000.0,0.0,8.648562616506193e-06,5e-06,5.005125222517032e-09,0.0,0.0013548556342164967,0.0,2.352259817629353e-06,0.0,0
569.0,267.46000000000515,400.56775960287064,0.0010048612578086589,0.058585404914853104,500003000.0,0.0,8.653558764011595e-06,5e-06,4.996147505402636e-09,0.0,0.0013572050314641251,0.0,2.350754198539459e-06,0.0,0
570.0,267.45000000000516,400.2628187368739,0.0010042015357362463,0.05868891230082885,500003000.0,0.0,8.658545963313994e-06,5e-06,4.987199302399043e-09,0.0,0.0013595529280281827,0.0,2.349249438519443e-06,0.0,0
571.0,267.44000000000517,399.95808517174504,0.0010035437140560328,0.058792432640054064,500003000.0,0.0,8.663524243770712e-06,5e-06,4.97828045671672e-09,0.0,0.0013618993247494515,0.0,2.3477455369127017e-06,0.0,0
572.0,267.4300000000052,399.65355878079805,0.001002887784005052,0.05889596592401961,500003000.0,0.0,8.668493634583443e-06,5e-06,4.969390812731222e-09,0.0,0.0013642442224681712,0.0,2.3462424930698213e-06,0.0,0
573.0,267.4200000000052,399.34923943744286,0.0010022337368778003,0.0589995121443072,500003000.0,0.0,8.673454164799398e-06,5e-06,4.960530215955131e-09,0.0,0.0013665876220240387,0.0,2.344740306340444e-06,0.0,0
574.0,267.4100000000052,399.04512701518524,0.0010015815640276504,0.0591030712925208,500003000.0,0.0,8.678405863312434e-06,5e-06,4.951698513036898e-09,0.0,0.0013689295242562106,0.0,2.343238976077749e-06,0.0,0
575.0,267.4000000000052,398.74122138762596,0.0010009312568664112,0.059206643360340545,500003000.0,0.0,8.683348758864185e-06,5e-06,4.942895551750576e-09,0.0,0.0013712699300033049,0.0,2.3417385016385965e-06,0.0,0
576.0,267.3900000000052,398.43752242846097,0.0010002828068627475,0.059310228339497104,500003000.0,0.0,8.688282880045166e-06,5e-06,4.934121180980017e-09,0.0,0.0013736088401034025,0.0,2.340238882380989e-06,0.0,0
577.0,267.3800000000052,398.1340300114806,0.0009996362055428745,0.05941382622178146,500003000.0,0.0,8.69320825529588e-06,5e-06,4.92537525071439e-09,0.0,0.0013759462553940486,0.0,2.338740117666833e-06,0.0,0
578.0,267.37000000000523,397.83074401056973,0.0009989914444885407,0.059517436999041516,500003000.0,0.0,8.69812491290791e-06,5e-06,4.91665761203043e-09,0.0,0.0013782821767122548,0.0,2.3372422068583563e-06,0.0,0
579.0,267.36000000000524,397.527664299707,0.0009983485153388636,0.059621060663172895,500003000.0,0.0,8.703032881025005e-06,5e-06,4.907968117093746e-09,0.0,0.0013806166048945018,0.0,2.3357451493235235e-06,0.0,0
580.0,267.35000000000525,397.2247907529649,0.000997707409786731,0.05972469720613184,500003000.0,0.0,8.707932187644138e-06,5e-06,4.8993066191334675e-09,0.0,0.0013829495407767373,0.0,2.3342489444287165e-06,0.0,0
581.0,267.34000000000526,396.92212324450907,0.0009970681195819232,0.05982834661992472,500003000.0,0.0,8.712822860616588e-06,5e-06,4.890672972450048e-09,0.0,0.0013852809851943833,0.0,2.332753591547147e-06,0.0,0
582.0,267.33000000000527,396.6196616485984,0.000996430636526931,0.05993200889661678,500003000.0,0.0,8.717704927648976e-06,5e-06,4.882067032387235e-09,0.0,0.0013876109389823325,0.0,2.3312590900501457e-06,0.0,0
583.0,267.3200000000053,396.3174058395845,0.0009957949524795034,0.060035684028328214,500003000.0,0.0,8.722578416304313e-06,5e-06,4.873488655337204e-09,0.0,0.0013899394029749518,0.0,2.329765439314201e-06,0.0,0
584.0,267.3100000000053,396.0153556919112,0.000995161059350896,0.06013937200721863,500003000.0,0.0,8.727443354003037e-06,5e-06,4.86493769872464e-09,0.0,0.001392266378006086,0.0,2.3282726387179234e-06,0.0,0
585.0,267.3000000000053,395.71351108011476,0.0009945289491046848,0.06024307282551677,500003000.0,0.0,8.732299768024031e-06,5e-06,4.85641402099372e-09,0.0,0.0013945918649090553,0.0,2.3267806876403186e-06,0.0,0
586.0,267.2900000000053,395.4118718788229,0.0009938986137584534,0.06034678647549539,500003000.0,0.0,8.737147685505641e-06,5e-06,4.847917481609203e-09,0.0,0.0013969158645166613,0.0,2.325289585465775e-06,0.0,0
587.0,267.2800000000053,395.1104379627552,0.0009932700453808788,0.060450512949480645,500003000.0,0.0,8.741987133446676e-06,5e-06,4.839447941035131e-09,0.0,0.0013992383776611833,0.0,2.323799331578273e-06,0.0,0
588.0,267.2700000000053,394.8092092067224,0.0009926432360926937,0.06055425223984554,500003000.0,0.0,8.746818138707408e-06,5e-06,4.8310052607325315e-09,0.0,0.0014015594051743842,0.0,2.3223099253646562e-06,0.0,0
589.0,267.26000000000533,394.50818548562614,0.000992018178066356,0.06065800433901979,500003000.0,0.0,8.75164072801056e-06,5e-06,4.822589303150899e-09,0.0,0.001403878947887511,0.0,2.3208213662148686e-06,0.0,0
590.0,267.25000000000534,394.20736667445874,0.0009913948635249946,0.06076176923947107,500003000.0,0.0,8.756454927942275e-06,5e-06,4.814199931716196e-09,0.0,0.001406197006631294,0.0,2.3193336535204704e-06,0.0,0
591.0,267.24000000000535,393.906752648303,0.0009907732847422152,0.06086554693373457,500003000.0,0.0,8.761260764953099e-06,5e-06,4.805837010823168e-09,0.0,0.0014085135822359519,0.0,2.317846786675192e-06,0.0,0
592.0,267.23000000000536,393.60634328233164,0.0009901534340419054,0.06096933741439377,500003000.0,0.0,8.766058265358926e-06,5e-06,4.797500405827689e-09,0.0,0.0014108286755311894,0.0,2.316360765075438e-06,0.0,0
593.0,267.22000000000537,393.3061384518073,0.0009895353037974622,0.061073140674060715,500003000.0,0.0,8.770847455341962e-06,5e-06,4.789189983036389e-09,0.0,0.0014131422873462029,0.0,2.3148755881194495e-06,0.0,0
594.0,267.2100000000054,393.0061380320823,0.0009889188864312995,0.06117695670541139,500003000.0,0.0,8.77562836095166e-06,5e-06,4.78090560969773e-09,0.0,0.0014154544185096785,0.0,2.313391255207111e-06,0.0,0
595.0,267.2000000000054,392.70634189859794,0.0009883041744147944,0.06128078550117202,500003000.0,0.0,8.780401008105656e-06,5e-06,4.772647153995263e-09,0.0,0.0014177650698497936,0.0,2.311907765740769e-06,0.0,0
596.0,267.1900000000054,392.4067499268848,0.0009876911602677923,0.06138462705410753,500003000.0,0.0,8.785165422590695e-06,5e-06,4.764414485038823e-09,0.0,0.00142007424219422,0.0,2.310425119125009e-06,0.0,0
597.0,267.1800000000054,392.107361992562,0.0009870798365582566,0.06148848135704362,500003000.0,0.0,8.789921630063551e-06,5e-06,4.756207472856492e-09,0.0,0.0014223819363701248,0.0,2.3089433147667654e-06,0.0,0
598.0,267.1700000000054,391.80817797133733,0.0009864701959010462,0.061592348402832856,500003000.0,0.0,8.794669656051933e-06,5e-06,4.748025988382443e-09,0.0,0.0014246881532041697,0.0,2.3074623520733778e-06,0.0,0
599.0,267.1600000000054,391.5091977390066,0.0009858622309593004,0.06169622818438518,500003000.0,0.0,8.79940952595539e-06,5e-06,4.739869903457406e-09,0.0,0.001426992893522516,0.0,2.305982230456743e-06,0.0,0
600.0,267.15000000000543,391.21042117145356,0.0009852559344424873,0.061800120694666075,500003000.0,0.0,8.804141265046202e-06,5e-06,4.731739090813104e-09,0.0,0.0014292961581508239,0.0,2.3045029493296357e-06,0.0,0
601.0,267.14000000000544,390.91184814464975,0.000984651299106041,0.061904025926670575,500003000.0,0.0,8.808864898470268e-06,5e-06,4.723633424064475e-09,0.0,0.0014315979479142542,0.0,2.303024508105768e-06,0.0,0
602.0,267.13000000000545,390.61347853465423,0.0009840483177517266,0.06200794387344205,500003000.0,0.0,8.813580451247973e-06,5e-06,4.7155527777054025e-09,0.0,0.0014338982636374665,0.0,2.3015469062015036e-06,0.0,0
603.0,267.12000000000546,390.3153122176129,0.0009834469832277165,0.06211187452808294,500003000.0,0.0,8.818287948275076e-06,5e-06,4.707497027103126e-09,0.0,0.001436197106144627,0.0,2.3000701430369243e-06,0.0,0
604.0,267.11000000000547,390.01734906975895,0.000982847288426183,0.062215817883726966,500003000.0,0.0,8.822987414323557e-06,5e-06,4.69946604848083e-09,0.0,0.001438494476259404,0.0,2.298594218031049e-06,0.0,0
605.0,267.1000000000055,389.71958896741205,0.00098224922628497,0.06231977393355181,500003000.0,0.0,8.827678874042477e-06,5e-06,4.691459718919831e-09,0.0,0.0014407903748049722,0.0,2.297119130606611e-06,0.0,0
606.0,267.0900000000055,389.42203178697827,0.000981652789786642,0.06242374267078136,500003000.0,0.0,8.832362351958825e-06,5e-06,4.683477916349259e-09,0.0,0.001443084802604013,0.0,2.2956448801886633e-06,0.0,0
607.0,267.0800000000055,389.12467740495,0.000981057971957088,0.06252772408868901,500003000.0,0.0,8.837037872478359e-06,5e-06,4.675520519533702e-09,0.0,0.0014453777604787159,0.0,2.294171466202163e-06,0.0,0
608.0,267.0700000000055,388.82752569790534,0.0009804647658670461,0.0626317181805756,500003000.0,0.0,8.841705459886434e-06,5e-06,4.667587408074839e-09,0.0,0.0014476692492507801,0.0,2.2926988880763578e-06,0.0,0
609.0,267.0600000000055,388.53057654250836,0.000979873164629682,0.0627357249398057,500003000.0,0.0,8.846365138348829e-06,5e-06,4.659678462394315e-09,0.0,0.0014499592697414135,0.0,2.2912271452399452e-06,0.0,0
610.0,267.0500000000055,388.23382981550844,0.0009792831614019641,0.06283974435977048,500003000.0,0.0,8.851016931912563e-06,5e-06,4.651793563734776e-09,0.0,0.0014522478227713374,0.0,2.289756237125099e-06,0.0,0
611.0,267.04000000000553,387.9372853937402,0.0009786947493835528,0.0629437764339092,500003000.0,0.0,8.855660864506711e-06,5e-06,4.643932594149123e-09,0.0,0.0014545349091607859,0.0,2.288286163165679e-06,0.0,0
612.0,267.03000000000554,387.64094315412325,0.0009781079218161243,0.06304782115570576,500003000.0,0.0,8.860296959943203e-06,5e-06,4.6360954364918825e-09,0.0,0.0014568205297295072,0.0,2.28681692279644e-06,0.0,0
613.0,267.02000000000555,387.34480297366196,0.0009775226719838663,0.06315187851867296,500003000.0,0.0,8.86492524191762e-06,5e-06,4.628281974416224e-09,0.0,0.0014591046852967652,0.0,2.285348515454982e-06,0.0,0
614.0,267.01000000000556,387.04886472944526,0.00097693899321221,0.063255948516382,500003000.0,0.0,8.869545734009982e-06,5e-06,4.620492092362646e-09,0.0,0.0014613873766813389,0.0,2.2838809405795617e-06,0.0,0
615.0,267.00000000000557,386.75312829864635,0.000976356878868324,0.06336003114243262,500003000.0,0.0,8.874158459685538e-06,5e-06,4.612725675556085e-09,0.0,0.0014636686047015265,0.0,2.282414197611023e-06,0.0,0
616.0,266.9900000000056,386.4575935585225,0.0009757763223604297,0.06346412639046356,500003000.0,0.0,8.878763442295535e-06,5e-06,4.604982609997483e-09,0.0,0.0014659483701751441,0.0,2.2809482859919596e-06,0.0,0
617.0,266.9800000000056,386.16226038641486,0.000975197317137115,0.06356823425416402,500003000.0,0.0,8.88336070507799e-06,5e-06,4.597262782455421e-09,0.0,0.0014682266739195278,0.0,2.279483205165865e-06,0.0,0
618.0,266.9700000000056,385.8671286597482,0.000974619856687675,0.0636723547272542,500003000.0,0.0,8.887950271158454e-06,5e-06,4.5895660804626465e-09,0.0,0.0014705035167515367,0.0,2.278018954578679e-06,0.0,0
619.0,266.9600000000056,385.5721982560305,0.0009740439345417184,0.06377648780349578,500003000.0,0.0,8.892532163550764e-06,5e-06,4.581892392309186e-09,0.0,0.0014727788994875503,0.0,2.2765555336786097e-06,0.0,0
620.0,266.9500000000056,385.27746905285335,0.0009734695442674398,0.06388063347669622,500003000.0,0.0,8.897106405157793e-06,5e-06,4.574241607029253e-09,0.0,0.0014750528229434702,0.0,2.2750929419128294e-06,0.0,0
621.0,266.9400000000056,384.982940927891,0.000972896679474024,0.06398479174068558,500003000.0,0.0,8.901673018772201e-06,5e-06,4.566613614407618e-09,0.0,0.0014773252879347254,0.0,2.273631178733824e-06,0.0,0
622.0,266.93000000000563,384.68861375890054,0.00097232533380844,0.06408896258935008,500003000.0,0.0,8.90623202707716e-06,5e-06,4.559008304959678e-09,0.0,0.0014795962952762678,0.0,2.2721702435926115e-06,0.0,0
623.0,266.92000000000564,384.3944874237215,0.000971755500957844,0.06419314601660144,500003000.0,0.0,8.910783452647098e-06,5e-06,4.5514255699379095e-09,0.0,0.0014818658457825791,0.0,2.2707101359450835e-06,0.0,0
624.0,266.91000000000565,384.100561800276,0.0009711871746459211,0.06429734201640003,500003000.0,0.0,8.915327317948409e-06,5e-06,4.54386530130994e-09,0.0,0.0014841339402676655,0.0,2.269250855244147e-06,0.0,0
625.0,266.90000000000566,383.80683676656815,0.0009706203486363232,0.06440155058273182,500003000.0,0.0,8.919863645340179e-06,5e-06,4.5363273917699485e-09,0.0,0.0014864005795450627,0.0,2.2677924009484703e-06,0.0,0
626.0,266.89000000000567,383.5133122006839,0.0009700550167301912,0.06450577170962518,500003000.0,0.0,8.924392457074901e-06,5e-06,4.528811734722359e-09,0.0,0.0014886657644278378,0.0,2.26633477251738e-06,0.0,0
627.0,266.8800000000057,383.21998798079096,0.0009694911727657412,0.06461000539115135,500003000.0,0.0,8.928913775299176e-06,5e-06,4.5213182242752935e-09,0.0,0.0014909294957285882,0.0,2.2648779694105765e-06,0.0,0
628.0,266.8700000000057,382.92686398513865,0.0009689288106184451,0.06471425162140992,500003000.0,0.0,8.933427622054414e-06,5e-06,4.513846755236842e-09,0.0,0.0014931917742594422,0.0,2.2634219910892362e-06,0.0,0
629.0,266.8600000000057,382.6339400920575,0.0009683679242015065,0.06481851039453577,500003000.0,0.0,8.937934019277527e-06,5e-06,4.506397223112743e-09,0.0,0.001495452600832062,0.0,2.261966837017803e-06,0.0,0
630.0,266.8500000000057,382.34121617995925,0.000967808507464109,0.06492278170470958,500003000.0,0.0,8.942432988801621e-06,5e-06,4.498969524093716e-09,0.0,0.0014977119762576427,0.0,2.260512506660547e-06,0.0,0
631.0,266.8400000000057,382.04869212733644,0.0009672505543923353,0.06502706554613151,500003000.0,0.0,8.946924552356676e-06,5e-06,4.491563555055311e-09,0.0,0.0014999699013469158,0.0,2.259058999484385e-06,0.0,0
632.0,266.8300000000057,381.75636781276233,0.0009666940590081527,0.06513136191306268,500003000.0,0.0,8.951408731570224e-06,5e-06,4.484179213548786e-09,0.0,0.0015022263769101476,0.0,2.257606314957156e-06,0.0,0
633.0,266.82000000000573,381.46424311489085,0.0009661390153689902,0.06523567079977541,500003000.0,0.0,8.955885547968018e-06,5e-06,4.476816397794789e-09,0.0,0.0015044814037571419,0.0,2.2561544525472803e-06,0.0,0
634.0,266.81000000000574,381.17231791245604,0.0009655854175689564,0.06533999220058324,500003000.0,0.0,8.960355022974703e-06,5e-06,4.469475006684692e-09,0.0,0.001506734982697241,0.0,2.2547034117272464e-06,0.0,0
635.0,266.80000000000575,380.88059208427234,0.0009650332597360276,0.06544432610983413,500003000.0,0.0,8.964817177914467e-06,5e-06,4.462154939763289e-09,0.0,0.0015089871145393247,0.0,2.253253191967673e-06,0.0,0
636.0,266.79000000000576,380.5890655092339,0.0009644825360347551,0.06554867252192839,500003000.0,0.0,8.969272034011704e-06,5e-06,4.4548560972371105e-09,0.0,0.001511237800091814,0.0,2.2518037927442675e-06,0.0,0
637.0,266.78000000000577,380.2977380663147,0.0009639332406628509,0.06565303143126001,500003000.0,0.0,8.973719612391658e-06,5e-06,4.44757837995444e-09,0.0,0.0015134870401626692,0.0,2.250355213530467e-06,0.0,0
638.0,266.7700000000058,380.00660963456835,0.0009633853678537454,0.06575740283230512,500003000.0,0.0,8.97815993408107e-06,5e-06,4.440321689412996e-09,0.0,0.001515734835559394,0.0,2.248907453804034e-06,0.0,0
639.0,266.7600000000058,379.7156800931278,0.0009628389118745122,0.065861786719534,500003000.0,0.0,8.982593020008817e-06,5e-06,4.433085927746245e-09,0.0,0.0015179811870890353,0.0,2.2474605130428153e-06,0.0,0
640.0,266.7500000000058,379.4249493212052,0.0009622938670260319,0.06596618308746831,500003000.0,0.0,8.987018891006537e-06,5e-06,4.425870997720096e-09,0.0,0.0015202260955581811,0.0,2.246014390725726e-06,0.0,0
641.0,266.7400000000058,379.1344171980918,0.000961750227643157,0.0660705919306652,500003000.0,0.0,8.991437567809268e-06,5e-06,4.418676802729655e-09,0.0,0.0015224695617729663,0.0,2.244569086333746e-06,0.0,0
642.0,266.7300000000058,378.8440836031575,0.000961207988094426,0.06617501324370592,500003000.0,0.0,8.995849071056061e-06,5e-06,4.4115032467939014e-09,0.0,0.0015247115865390701,0.0,2.24312459934983e-06,0.0,0
643.0,266.7200000000058,378.55394841585104,0.0009606671427808747,0.06627944702120656,500003000.0,0.0,9.000253421290607e-06,5e-06,4.404350234546304e-09,0.0,0.0015269521706617192,0.0,2.2416809292567304e-06,0.0,0
644.0,266.71000000000583,378.26401151569956,0.0009601276861369471,0.06638389325781811,500003000.0,0.0,9.004650638961842e-06,5e-06,4.3972176712350915e-09,0.0,0.0015291913149456863,0.0,2.240238075539699e-06,0.0,0
645.0,266.70000000000584,377.9742727823085,0.0009595896126296036,0.06648835194822268,500003000.0,0.0,9.009040744424558e-06,5e-06,4.3901054627152984e-09,0.0,0.0015314290201952944,0.0,2.238796037684986e-06,0.0,0
646.0,266.69000000000585,377.6847320953616,0.0009590529167577271,0.0665928230871247,500003000.0,0.0,9.01342375794e-06,5e-06,4.3830135154422275e-09,0.0,0.0015336652872144122,0.0,2.237354815179023e-06,0.0,0
647.0,266.68000000000586,377.39538933462023,0.0009585175930537862,0.06669730666928285,500003000.0,0.0,9.017799699676475e-06,5e-06,4.375941736475256e-09,0.0,0.0015359001168064618,0.0,2.2359144075128686e-06,0.0,0
648.0,266.67000000000587,377.10624437992385,0.0009579836360803772,0.06680180268945782,500003000.0,0.0,9.022168589709932e-06,5e-06,4.3688900334582785e-09,0.0,0.0015381335097744144,0.0,2.234474814174701e-06,0.0,0
649.0,266.6600000000059,376.8172971111894,0.0009574510404330905,0.06690631114246783,500003000.0,0.0,9.026530448024562e-06,5e-06,4.361858314629093e-09,0.0,0.0015403654669207938,0.0,2.233036034657059e-06,0.0,0
650.0,266.6500000000059,376.5285474084112,0.0009569198007385552,0.06701083202314514,500003000.0,0.0,9.030885294513368e-06,5e-06,4.35484648880678e-09,0.0,0.001542595989047676,0.0,2.231598068452828e-06,0.0,0
651.0,266.6400000000059,376.239995151661,0.0009563899116542888,0.0671153653263584,500003000.0,0.0,9.035233148978757e-06,5e-06,4.347854465387392e-09,0.0,0.0015448250769566907,0.0,2.23016091505544e-06,0.0,0
652.0,266.6300000000059,375.95164022108753,0.0009558613678688482,0.06721991104700632,500003000.0,0.0,9.039574031133097e-06,5e-06,4.340882154341036e-09,0.0,0.0015470527314490198,0.0,2.22872457395976e-06,0.0,0
653.0,266.6200000000059,375.6634824969166,0.0009553341641021336,0.06732446918001206,500003000.0,0.0,9.043907960599307e-06,5e-06,4.33392946620966e-09,0.0,0.0015492789533254041,0.0,2.2272890446633275e-06,0.0,0
654.0,266.6100000000059,375.37552185945054,0.0009548082951041767,0.06742903972033508,500003000.0,0.0,9.048234956911405e-06,5e-06,4.326996312098022e-09,0.0,0.0015515037433861379,0.0,2.2258543266640644e-06,0.0,0
655.0,266.60000000000593,375.0877581890687,0.0009542837556545307,0.06753362266296702,500003000.0,0.0,9.052555039515072e-06,5e-06,4.32008260366742e-09,0.0,0.0015537271024310718,0.0,2.2244204194593742e-06,0.0,0
656.0,266.59000000000594,374.8001913662266,0.0009537605405640848,0.0676382180029207,500003000.0,0.0,9.056868227768212e-06,5e-06,4.313188253140447e-09,0.0,0.001555949031259616,0.0,2.222987322550893e-06,0.0,0
657.0,266.58000000000595,374.51282127145606,0.0009532386446730912,0.06774282573523975,500003000.0,0.0,9.061174540941501e-06,5e-06,4.306313173288599e-09,0.0,0.0015581695306707392,0.0,2.221555035440401e-06,0.0,0
658.0,266.57000000000596,374.2256477853651,0.0009527180628506999,0.0678474458550037,500003000.0,0.0,9.065473998218927e-06,5e-06,4.2994572774267865e-09,0.0,0.0015603886014629667,0.0,2.220123557629251e-06,0.0,0
659.0,266.56000000000597,373.9386707886377,0.0009521987899961674,0.06795207835731178,500003000.0,0.0,9.069766618698343e-06,5e-06,4.29262047941543e-09,0.0,0.001562606244434386,0.0,2.218692888621693e-06,0.0,0
660.0,266.550000000006,373.65189016203385,0.0009516808210374804,0.06805672323729463,500003000.0,0.0,9.074052421391993e-06,5e-06,4.285802693650887e-09,0.0,0.0015648224603826435,0.0,2.217263027922161e-06,0.0,0
661.0,266.540000000006,373.3653057863888,0.0009511641509328698,0.06816138049011734,500003000.0,0.0,9.078331425227062e-06,5e-06,4.2790038350689766e-09,0.0,0.0015670372501049511,0.0,2.215833975039301e-06,0.0,0
662.0,266.530000000006,373.0789175426137,0.0009506487746666876,0.06826605011096382,500003000.0,0.0,9.082603649046185e-06,5e-06,4.272223819123131e-09,0.0,0.0015692506143980785,0.0,2.2144057294768523e-06,0.0,0
663.0,266.520000000006,372.7927253116948,0.0009501346872544216,0.06837073209504921,500003000.0,0.0,9.08686911160799e-06,5e-06,4.265462561803734e-09,0.0,0.0015714625540583617,0.0,2.212978290745823e-06,0.0,0
664.0,266.510000000006,372.50672897469383,0.0009496218837384172,0.06847542643761476,500003000.0,0.0,9.091127831587605e-06,5e-06,4.25871997961564e-09,0.0,0.001573673069881699,0.0,2.211551658354995e-06,0.0,0
665.0,266.500000000006,372.22092841274724,0.0009491103591895392,0.06858013313394011,500003000.0,0.0,9.095379827577189e-06,5e-06,4.2519959895824784e-09,0.0,0.0015758821626635543,0.0,2.210125831815284e-06,0.0,0
666.0,266.49000000000603,371.9353235070667,0.0009486001087062419,0.06868485217930417,500003000.0,0.0,9.099625118086429e-06,5e-06,4.245290509239324e-09,0.0,0.001578089833198956,0.0,2.2087008106380427e-06,0.0,0
667.0,266.48000000000604,371.64991413893847,0.0009480911274150106,0.06878958356905357,500003000.0,0.0,9.103863721543061e-06,5e-06,4.238603456631546e-09,0.0,0.0015802960822824989,0.0,2.207276594336554e-06,0.0,0
668.0,266.47000000000605,371.3647001897234,0.0009475834104700408,0.06889432729852868,500003000.0,0.0,9.108095656293372e-06,5e-06,4.2319347503102764e-09,0.0,0.0015825009107083461,0.0,2.2058531824257553e-06,0.0,0
669.0,266.46000000000606,371.07968154085705,0.0009470769530515344,0.0689990833631115,500003000.0,0.0,9.112320940602694e-06,5e-06,4.225284309321733e-09,0.0,0.0015847043192702254,0.0,2.2044305744187263e-06,0.0,0
670.0,266.45000000000607,370.79485807384896,0.0009465717503688985,0.06910385175819386,500003000.0,0.0,9.116539592655912e-06,5e-06,4.218652053218463e-09,0.0,0.0015869063087614371,0.0,2.2030087698345988e-06,0.0,0
671.0,266.4400000000061,370.510229670283,0.000946067797656281,0.06920863247921874,500003000.0,0.0,9.120751630557948e-06,5e-06,4.212037902036416e-09,0.0,0.0015891068799748478,0.0,2.201587768188608e-06,0.0,0
672.0,266.4300000000061,370.22579621181717,0.0009455650901757679,0.06931342552163909,500003000.0,0.0,9.124957072334254e-06,5e-06,4.205441776306219e-09,0.0,0.0015913060337028947,0.0,2.2001675689999895e-06,0.0,0
673.0,266.4200000000061,369.9415575801833,0.0009450636232152144,0.06941823088094005,500003000.0,0.0,9.129155935931295e-06,5e-06,4.198863597040569e-09,0.0,0.0015935037707375853,0.0,2.1987481717873736e-06,0.0,0
674.0,266.4100000000061,369.65751365718694,0.000944563392089603,0.06952304855261981,500003000.0,0.0,9.133348239217033e-06,5e-06,4.192303285737343e-09,0.0,0.0015957000918704986,0.0,2.1973295760723835e-06,0.0,0
675.0,266.4000000000061,369.37366432470714,0.0009440643921394847,0.06962787853221984,500003000.0,0.0,9.137533999981402e-06,5e-06,4.185760764369768e-09,0.0,0.0015978949978927856,0.0,2.1959117813764467e-06,0.0,0
676.0,266.3900000000061,369.09000946469666,0.0009435666187311048,0.0697327208152946,500003000.0,0.0,9.141713235936787e-06,5e-06,4.179235955384121e-09,0.0,0.0016000884895951703,0.0,2.1944947872215175e-06,0.0,0
677.0,266.38000000000613,368.8065489591816,0.0009430700672566849,0.06983757539742697,500003000.0,0.0,9.145885964718486e-06,5e-06,4.17272878169814e-09,0.0,0.0016022805677679494,0.0,2.1930785931311647e-06,0.0,0
678.0,266.37000000000614,368.523282690261,0.0009425747331345516,0.06994244227422654,500003000.0,0.0,9.150052203885185e-06,5e-06,4.166239166698757e-09,0.0,0.0016044712332009946,0.0,2.191663198631293e-06,0.0,0
679.0,266.36000000000615,368.2402105401072,0.0009420806118071033,0.07004732144132905,500003000.0,0.0,9.154211970919415e-06,5e-06,4.159767034230322e-09,0.0,0.00160666048668375,0.0,2.190248603245832e-06,0.0,0
680.0,266.35000000000616,367.95733239096546,0.0009415876987432494,0.07015221289438697,500003000.0,0.0,9.158365283228017e-06,5e-06,4.153312308602624e-09,0.0,0.0016088483290052377,0.0,2.188834806502832e-06,0.0,0
681.0,266.34000000000617,367.6746481251536,0.0009410959894363745,0.07025711662907917,500003000.0,0.0,9.162512158142597e-06,5e-06,4.146874914579142e-09,0.0,0.0016110347609540568,0.0,2.1874218079301383e-06,0.0,0
682.0,266.3300000000062,367.3921576250625,0.0009406054794038417,0.07036203264111895,500003000.0,0.0,9.166652612919968e-06,5e-06,4.140454777372162e-09,0.0,0.0016132197833183786,0.0,2.1860096070546435e-06,0.0,0
683.0,266.3200000000062,367.1098607731553,0.0009401161641892816,0.07046696092622769,500003000.0,0.0,9.170786664742618e-06,5e-06,4.134051822650163e-09,0.0,0.0016154033968859569,0.0,2.1845982034080214e-06,0.0,0
684.0,266.3100000000062,366.8277574519674,0.0009396280393597755,0.07057190148015599,500003000.0,0.0,9.174914330719141e-06,5e-06,4.127665976522744e-09,0.0,0.0016175856024441223,0.0,2.18318759652058e-06,0.0,0
685.0,266.3000000000062,366.5458475441069,0.0009391411005061278,0.07067685429869253,500003000.0,0.0,9.17903562788468e-06,5e-06,4.121297165539195e-09,0.0,0.0016197664007797804,0.0,2.181777785922284e-06,0.0,0
686.0,266.2900000000062,366.2641309322537,0.0009386553432446936,0.07078181937762948,500003000.0,0.0,9.183150573201375e-06,5e-06,4.114945316693907e-09,0.0,0.0016219457926794213,0.0,2.18036877114741e-06,0.0,0
687.0,266.2800000000062,365.98260749915994,0.0009381707632143952,0.07088679671278837,500003000.0,0.0,9.187259183558786e-06,5e-06,4.10861035741068e-09,0.0,0.001624123778929111,0.0,2.178960551727997e-06,0.0,0
688.0,266.27000000000623,365.7012771276495,0.0009376873560791707,0.07099178630001658,500003000.0,0.0,9.191361475774337e-06,5e-06,4.1022922155508894e-09,0.0,0.001626300360314499,0.0,2.1775531271999252e-06,0.0,0
689.0,266.26000000000624,365.4201397006181,0.000937205117525761,0.0710967881351832,500003000.0,0.0,9.195457466593738e-06,5e-06,4.095990819401248e-09,0.0,0.0016284755376208152,0.0,2.176146497098163e-06,0.0,0
690.0,266.25000000000625,365.13919510103307,0.0009367240432642928,0.07120180221418611,500003000.0,0.0,9.199547172691411e-06,5e-06,4.089706097673831e-09,0.0,0.0016306493116328708,0.0,2.174740660958494e-06,0.0,0
691.0,266.24000000000626,364.85844321193326,0.0009362441290285508,0.07130682853293369,500003000.0,0.0,9.203630610670915e-06,5e-06,4.0834379795047846e-09,0.0,0.0016328216831350611,0.0,2.1733356183185393e-06,0.0,0
692.0,266.23000000000627,364.577883916429,0.0009357653705750038,0.07141186708736315,500003000.0,0.0,9.207707797065363e-06,5e-06,4.0771863944475706e-09,0.0,0.0016349926529113628,0.0,2.171931368715857e-06,0.0,0
693.0,266.2200000000063,364.29751709770164,0.0009352877636841676,0.07151691787343238,500003000.0,0.0,9.211778748337839e-06,5e-06,4.070951272476468e-09,0.0,0.0016371622217453384,0.0,2.170527911691489e-06,0.0,0
694.0,266.2100000000063,364.01734263900397,0.0009348113041574422,0.07162198088712,500003000.0,0.0,9.215843480881809e-06,5e-06,4.0647325439703615e-09,0.0,0.0016393303904201327,0.0,2.1691252467829786e-06,0.0,0
695.0,266.2000000000063,363.7373604236596,0.0009343359878205029,0.0717270561244375,500003000.0,0.0,9.219902011021533e-06,5e-06,4.0585301397250884e-09,0.0,0.0016414971597184774,0.0,2.1677233735326113e-06,0.0,0
696.0,266.1900000000063,363.4575703350632,0.0009338618105204464,0.07183214358139733,500003000.0,0.0,9.223954355012472e-06,5e-06,4.052343990938644e-09,0.0,0.001643662530422688,0.0,2.1663222914811507e-06,0.0,0
697.0,266.1800000000063,363.1779722566803,0.0009333887681273082,0.07193724325405551,500003000.0,0.0,9.228000529041687e-06,5e-06,4.046174029215404e-09,0.0,0.0016458265033146673,0.0,2.1649220001717207e-06,0.0,0
698.0,266.1700000000063,362.8985660720466,0.0009329168565337085,0.07204235513847351,500003000.0,0.0,9.232040549228249e-06,5e-06,4.040020186562228e-09,0.0,0.0016479890791759062,0.0,2.163522499149333e-06,0.0,0
699.0,266.16000000000633,362.61935166476906,0.0009324460716522962,0.07214747923074262,500003000.0,0.0,9.236074431623624e-06,5e-06,4.033882395375071e-09,0.0,0.0016501502587874806,0.0,2.162123787955316e-06,0.0,0
700.0,266.15000000000634,362.3403289185245,0.0009319764094200914,0.07225261552697644,500003000.0,0.0,9.24010219221208e-06,5e-06,4.027760588455482e-09,0.0,0.0016523100429300555,0.0,2.160725866137731e-06,0.0,0
701.0,266.14000000000635,362.0614977170605,0.0009315078657935775,0.07235776402329522,500003000.0,0.0,9.244123846911066e-06,5e-06,4.021654698987085e-09,0.0,0.0016544684323838833,0.0,2.1593287332403436e-06,0.0,0
702.0,266.13000000000636,361.78285794419446,0.0009310404367527317,0.07246292471585862,500003000.0,0.0,9.248139411571617e-06,5e-06,4.015564660550734e-09,0.0,0.001656625427928809,0.0,2.1579323888123074e-06,0.0,0
703.0,266.12000000000637,361.5044094838142,0.0009305741182972077,0.07256809760083806,500003000.0,0.0,9.252148901978723e-06,5e-06,4.009490407105778e-09,0.0,0.0016587810303442634,0.0,2.1565368323996494e-06,0.0,0
704.0,266.1100000000064,361.22615221987724,0.000930108906449271,0.07267328267442802,500003000.0,0.0,9.256152333851724e-06,5e-06,4.003431873000519e-09,0.0,0.0016609352404092696,0.0,2.1551420635524198e-06,0.0,0
705.0,266.1000000000064,360.94808603641127,0.000929644797250759,0.07277847993283082,500003000.0,0.0,9.26014972284468e-06,5e-06,3.997388992956897e-09,0.0,0.00166308805890244,0.0,2.153748081817977e-06,0.0,0
706.0,266.0900000000064,360.6702108175134,0.0009291817867666513,0.07288368937229127,500003000.0,0.0,9.264141084546763e-06,5e-06,3.991361702083678e-09,0.0,0.0016652394866019814,0.0,2.1523548867495936e-06,0.0,0
707.0,266.0800000000064,360.3925264473506,0.0009287198710806067,0.07298891098906048,500003000.0,0.0,9.26812643448262e-06,5e-06,3.985349935855079e-09,0.0,0.0016673895242856908,0.0,2.1509624778964395e-06,0.0,0
708.0,266.0700000000064,360.11503281015933,0.0009282590462977445,0.07309414477940987,500003000.0,0.0,9.27210578811274e-06,5e-06,3.979353630120601e-09,0.0,0.0016695381727309566,0.0,2.1495708548103544e-06,0.0,0
709.0,266.0600000000064,359.8377297902455,0.0009277993085441203,0.07319939073963018,500003000.0,0.0,9.27607916083384e-06,5e-06,3.9733727211006395e-09,0.0,0.0016716854327147618,0.0,2.1481800170449625e-06,0.0,0
710.0,266.05000000000643,359.56061727198414,0.0009273406539657231,0.07330464886604006,500003000.0,0.0,9.28004656797922e-06,5e-06,3.9674071453800656e-09,0.0,0.0016738313050136833,0.0,2.1467899641536576e-06,0.0,0
711.0,266.04000000000644,359.2836951398199,0.0009268830787282603,0.07340991915496534,500003000.0,0.0,9.284008024819126e-06,5e-06,3.9614568399052275e-09,0.0,0.001675975790403891,0.0,2.1454006956894284e-06,0.0,0
712.0,266.03000000000645,359.00696327826614,0.0009264265790188423,0.07351520160275851,500003000.0,0.0,9.287963546561115e-06,5e-06,3.955521741989088e-09,0.0,0.0016781188896611498,0.0,2.144012211209077e-06,0.0,0
713.0,266.02000000000646,358.73042157190525,0.0009259711510440277,0.07362049620579666,500003000.0,0.0,9.291913148350416e-06,5e-06,3.949601789300802e-09,0.0,0.001680260603560822,0.0,2.1426245102690022e-06,0.0,0
714.0,266.01000000000647,358.45406990538874,0.0009255167910289702,0.07372580296045994,500003000.0,0.0,9.295856845270277e-06,5e-06,3.943696919860048e-09,0.0,0.0016824009328778623,0.0,2.141237592423527e-06,0.0,0
715.0,266.0000000000065,358.17790816343665,0.0009250634952203728,0.07383112186316947,500003000.0,0.0,9.299794652342325e-06,5e-06,3.937807072047621e-09,0.0,0.0016845398783868239,0.0,2.1398514572320583e-06,0.0,0
716.0,265.9900000000065,357.9019362308378,0.0009246112598834163,0.07393645291033674,500003000.0,0.0,9.303726584526915e-06,5e-06,3.931932184590325e-09,0.0,0.0016866774408618558,0.0,2.138466104252268e-06,0.0,0
717.0,265.9800000000065,357.6261539924498,0.0009241600813023307,0.07404179609842274,500003000.0,0.0,9.307652656723476e-06,5e-06,3.926072196561444e-09,0.0,0.0016888136210767043,0.0,2.1370815330417266e-06,0.0,0
718.0,265.9700000000065,357.3505613331983,0.0009237099557825621,0.07414715142388734,500003000.0,0.0,9.311572883770864e-06,5e-06,3.9202270473879705e-09,0.0,0.0016909484198047154,0.0,2.135697743163211e-06,0.0,0
719.0,265.9600000000065,357.0751581380776,0.000923260879646418,0.07425251888320915,500003000.0,0.0,9.315487280447695e-06,5e-06,3.914396676830159e-09,0.0,0.001693081837818832,0.0,2.1343147341749237e-06,0.0,0
720.0,265.9500000000065,356.79994429215026,0.0009228128492363429,0.07435789847289628,500003000.0,0.0,9.319395861472688e-06,5e-06,3.90858102499352e-09,0.0,0.001695213875891595,0.0,2.132932505638373e-06,0.0,0
721.0,265.94000000000653,356.5249196805468,0.0009223658609142228,0.07446329018946235,500003000.0,0.0,9.323298641505011e-06,5e-06,3.902780032323924e-09,0.0,0.0016973445347951471,0.0,2.1315510571170454e-06,0.0,0
722.0,265.93000000000654,356.25008418846596,0.0009219199110595666,0.07456869402945265,500003000.0,0.0,9.327195635144609e-06,5e-06,3.896993639598019e-09,0.0,0.0016994738153012303,0.0,2.130170388172498e-06,0.0,0
723.0,265.92000000000655,355.97543767657055,0.0009214749960705558,0.07467410998941433,500003000.0,1.0010358909937642,9.331086856932534e-06,5.561845367559411e-06,3.891221787925793e-09,5.618453675594106e-07,0.0017016017181811847,6.615525148365203e-13,2.1287904983670646e-06,2.0048573340035793e-13,1
724.0,265.91000000000656,355.70098007258275,0.000921031043184495,0.07477953799164508,500003000.0,1.005044998750003,9.334972321059443e-06,6.067335767737121e-06,3.885464126907674e-09,5.054904001777103e-07,0.0017037282440461599,8.62258611590319e-13,2.1274112273391727e-06,2.155131019518443e-13,1
725.0,265.90000000000657,355.4267112478061,0.0009205881679529933,0.07488497816062145,500003000.0,1.0090661112992387,9.338852042160755e-06,6.531079370127054e-06,3.879721101311648e-09,4.6374360238993224e-07,0.0017058533937820088,1.0797729682456786e-12,2.1260328499868392e-06,2.3000997737734417e-13,1
726.0,265.8900000000066,355.1526310848403,0.0009201463272420306,0.07499043045046114,500003000.0,1.0130992321529853,9.342726034646598e-06,6.962235201193847e-06,3.873992485843375e-09,4.3115583106679355e-07,0.001707977168182767,1.313275986923384e-12,2.1246552743796816e-06,2.4398483383537007e-13,1
727.0,265.8800000000066,354.87873946863385,0.000919705509457987,0.07509589484912142,500003000.0,1.017144364542658,9.346594312835449e-06,7.367009499053754e-06,3.868278188851105e-09,4.0477429785990675e-07,0.0017100995680234521,1.5621194208003187e-12,2.1232784814457196e-06,2.574881131111568e-13,1
728.0,265.8700000000066,354.6050362846652,0.0009192657094354421,0.07520137135147194,500003000.0,1.0212015114177686,9.350456890981537e-06,7.749844743431042e-06,3.862578146088614e-09,3.828352443772883e-07,0.0017122205940748596,1.8257798104997272e-12,2.121902466927103e-06,2.705755597972135e-13,1
729.0,265.8600000000066,354.331521418575,0.0009188269233257722,0.07530685995379485,500003000.0,1.0252706754441223,9.354313783280648e-06,8.114053846842694e-06,3.8568922991117865e-09,3.6420910341165196e-07,0.0017143402471065667,2.1038275468217485e-12,2.1205272295678156e-06,2.8329851848056355e-13,1
730.0,265.8500000000066,354.05819475609064,0.0009183891475667367,0.0754123606526634,500003000.0,1.0293518590020232,9.358165003871575e-06,8.46218725722854e-06,3.8512205909263275e-09,3.481334103858463e-07,0.0017164585278875528,2.3959055447010732e-12,2.1191527687330204e-06,2.9570183554847923e-13,1
731.0,265.8400000000066,353.785056183012,0.0009179523786666653,0.07551787344474035,500003000.0,1.0334450641844837,9.36201056683665e-06,8.796259110531949e-06,3.84556296507582e-09,3.3407185330340844e-07,0.0017185754371863181,2.70171405367588e-12,2.1177790839107488e-06,3.078240225757004e-13,1
732.0,265.83000000000663,353.51210558520717,0.000917516613167766,0.07562339832672005,500003000.0,1.037550292795441,9.365850486202136e-06,9.11789356882239e-06,3.839919365485221e-09,3.2163445829044117e-07,0.0017206909757709254,3.02099952979481e-12,2.1164061746274087e-06,3.196980332991728e-13,1
733.0,265.82000000000664,353.2393428486126,0.0009170818476319525,0.07572893529530465,500003000.0,1.041667546347979,9.369684775938535e-06,9.428423361688014e-06,3.83428973639951e-09,3.1052979286562564e-07,0.0017228051444090045,3.3535462833240266e-12,2.115034040415317e-06,3.3135212307844107e-13,1
734.0,265.81000000000665,352.9667678592321,0.0009166480786425541,0.07583448434723093,500003000.0,1.0457968260625559,9.373513449960923e-06,9.72895836895681e-06,3.8286740223890505e-09,3.005350072687956e-07,0.0017249179438677616,3.699170077731598e-12,2.1136626808169026e-06,3.428106270081972e-13,1
735.0,265.80000000000666,352.69438050313704,0.0009162153028013564,0.07594004547924466,500003000.0,1.0499381328652402,9.377336522129258e-06,1.0020434699186636e-05,3.823072168335468e-09,2.9147633022982554e-07,0.0017270293749139846,4.0577131344832815e-12,2.1122920953781387e-06,3.5409461836836843e-13,1
736.0,265.79000000000667,352.4221806664655,0.0009157835167296635,0.07604561868812028,500003000.0,1.0540914673859514,9.381154006248693e-06,1.0303650655832135e-05,3.817484119434355e-09,2.832159566454989e-07,0.0017291394383140467,4.4290401727183325e-12,2.110922283651248e-06,3.6522245117882343e-13,1
737.0,265.7800000000067,352.15016823542317,0.0009153527170651643,0.07615120397063645,500003000.0,1.0582568299567088,9.384965916069873e-06,1.0579293642090818e-05,3.811909821180498e-09,2.7564298625868246e-07,0.0017312481348339067,4.81303522533388e-12,2.1095532451877226e-06,3.7621020288186255e-13,1
738.0,265.7700000000067,351.8783430962821,0.0009149229004654115,0.07625680132359665,500003000.0,1.062434220609888,9.388772265289254e-06,1.0847960652436525e-05,3.806349219380697e-09,2.6866701034570717e-07,0.0017333554652391166,5.209599047429869e-12,2.108184979546602e-06,3.870720348322217e-13,1
739.0,265.7600000000067,351.6067051353813,0.0009144940636043622,0.07636241074382315,500003000.0,1.0666236390764823,9.392573067549392e-06,1.1110174128946329e-05,3.800802260137699e-09,2.622134765098032e-07,0.001735461430294819,5.618646983508097e-12,2.1068174862867524e-06,3.9782048644633643e-13,1
740.0,265.7500000000067,351.3352542391263,0.0009140662031739183,0.0764680322281426,500003000.0,1.0708250847843752,9.396368336439247e-06,1.1366394404948976e-05,3.7952688898549515e-09,2.5622027600264734e-07,0.001737566030765755,6.040107194747296e-12,2.1054507649706567e-06,4.08466716195392e-13,1
741.0,265.7400000000067,351.06399029398915,0.0009136393158830456,0.07657366577342008,500003000.0,1.075038556856618,9.400158085494478e-06,1.1617029594319648e-05,3.789749055231313e-09,2.506351893706715e-07,0.0017396692674162613,6.473919172333124e-12,2.104084815162634e-06,4.19020700056113e-13,1
742.0,265.7300000000067,350.79291318650803,0.0009132133984580236,0.07667931137650878,500003000.0,1.0792640541097172,9.403942328197738e-06,1.186244354040459e-05,3.784242703260477e-09,2.4541394608494305e-07,0.0017417711410102749,6.920032480532521e-12,2.1027196364296586e-06,4.294913958407444e-13,1
743.0,265.72000000000673,350.5220228032877,0.0009127884476405852,0.07678496903430705,500003000.0,1.0835015750519277,9.40772107797896e-06,1.2102962271206272e-05,3.778749781221654e-09,2.405187308016808e-07,0.0017438716523113312,7.378405686127561e-12,2.1013552283373166e-06,4.398868800548029e-13,1
744.0,265.71000000000674,350.2513190309988,0.0009123644601910832,0.07689063874370607,500003000.0,1.0877511178815578,9.411494348215651e-06,1.2338879290681483e-05,3.773270236691123e-09,2.3591701947520996e-07,0.0017459708020825698,7.849005440390782e-12,2.0999915904573415e-06,4.502144625258174e-13,1
745.0,265.70000000000675,349.980801756378,0.0009119414328850084,0.07699632050163363,500003000.0,1.0920126804852808,9.415262152233177e-06,1.2570459953135398e-05,3.767804017526218e-09,2.3158066245391583e-07,0.001748068591086732,8.331805686961857e-12,2.0986287223598284e-06,4.604807829508258e-13,1
746.0,265.69000000000676,349.7104708662279,0.0009115193625146944,0.07710201430501346,500003000.0,1.096286260436455,9.419024503305047e-06,1.2797945107978626e-05,3.762351071870847e-09,2.274851548432286e-07,0.0017501650200861657,8.826786974432696e-12,2.097266623617401e-06,4.706918926527957e-13,1
747.0,265.68000000000677,349.4403262474171,0.0009110982458879388,0.07720772015078649,500003000.0,1.1005718549934551,9.422781414653196e-06,1.3021554158478345e-05,3.7569113481482446e-09,2.2360905049971833e-07,0.0017522600898428212,9.333935856630945e-12,2.0959052938022704e-06,4.808533241711952e-13,1
748.0,265.6700000000068,349.17036778687975,0.0009106780798293864,0.0773134380359317,500003000.0,1.1048694610980114,9.42653289944826e-06,1.3241487645836108e-05,3.751484795065164e-09,2.1993348735776264e-07,0.001754353801118256,9.853244366834494e-12,2.09454473248965e-06,4.909701507898751e-13,1
749.0,265.6600000000068,348.90059537161574,0.0009102588611794744,0.07741916795741254,500003000.0,1.1091790753735578,9.430278970809867e-06,1.3457929445734564e-05,3.746071361605994e-09,2.1644179989845577e-07,0.0017564461546736364,1.0384709554688129e-11,2.093184939255561e-06,5.010470376968244e-13,1
750.0,265.6500000000068,348.6310088886903,0.0009098405867943497,0.0775249099122285,500003000.0,1.1135006941235923,9.434019641806898e-06,1.3671048646179799e-05,3.7406709970309224e-09,2.1311920044523421e-07,0.0017585371512697356,1.092833307659935e-11,2.0918259136768686e-06,5.1108828615021e-13,1
751.0,265.6400000000068,348.36160822523436,0.0009094232535456246,0.07763066389738824,500003000.0,1.1178343133300448,9.437754925457772e-06,1.3881001161456388e-05,3.735283650873444e-09,2.099525152765892e-07,0.001760626791666935,1.1484120831985776e-11,2.090467655330947e-06,5.210978717682168e-13,1
752.0,265.6300000000068,348.09239326844414,0.0009090068583202916,0.07773642990990696,500003000.0,1.1221799286516565,9.44148483473071e-06,1.408793112619655e-05,3.7299092729385424e-09,2.0692996474016107e-07,0.0017627150766252265,1.2052082639027885e-11,2.0891101637957135e-06,5.310794778593283e-13,1
753.0,265.6200000000068,347.8233639055811,0.0009085913980214589,0.07784220794683232,500003000.0,1.12653753542237,9.445209382544015e-06,1.4291972105140744e-05,3.7245478133042336e-09,2.040409789441951e-07,0.0017648020069042116,1.2632231944615846e-11,2.0877534386515356e-06,5.410365245470442e-13,1
754.0,265.61000000000683,347.5545200239719,0.0009081768695672861,0.07794799800520963,500003000.0,1.1309071286497303,9.44892858176633e-06,1.4493248147552038e-05,3.7191992223157488e-09,2.012760424112932e-07,0.0017668875832631036,1.3224585564020393e-11,2.086397479479012e-06,5.509721943121075e-13,1
755.0,265.60000000000684,347.28586151100836,0.000907763269890735,0.07805380008210962,500003000.0,1.1352887030132948,9.452642445216914e-06,1.4691874710012745e-05,3.7138634505830772e-09,1.986265624607075e-07,0.001768971806460728,1.3829163446507496e-11,2.085042285858617e-06,5.608894544713969e-13,1
756.0,265.59000000000685,347.0173882541472,0.0009073505959406304,0.07815961417461229,500003000.0,1.1396822528630564,9.456350985665898e-06,1.4887959467160322e-05,3.7085404489838837e-09,1.9608475714757775e-07,0.0017710546772555216,1.4445988463683469e-11,2.083687857373356e-06,5.707910770256222e-13,1
757.0,265.58000000000686,346.7491001409102,0.0009069388446801004,0.0782654402798063,500003000.0,1.144087772217879,9.460054215834553e-06,1.5081603026572726e-05,3.7032301686557057e-09,1.93643559412403e-07,0.0017731361964055338,1.5075086217827046e-11,2.0823341936054e-06,5.806796562392226e-13,1
758.0,265.57000000000687,346.48099705888393,0.0009065280130871439,0.07837127839480683,500003000.0,1.148505254763941,9.463752148395549e-06,1.5272899561311022e-05,3.69793256099688e-09,1.9129653473829636e-07,0.0017752163646684272,1.571648486785604e-11,2.0809812941376003e-06,5.905576242582823e-13,1
759.0,265.5600000000069,346.2130788957198,0.0009061180981556941,0.07847712851674105,500003000.0,1.1529346938531955,9.467444795973219e-06,1.5461937371431686e-05,3.6926475776694828e-09,1.8903781012066201e-07,0.001777295182801482,1.6370214970903126e-11,2.0796291585561513e-06,6.004272650247055e-13,1
760.0,265.5500000000069,345.94534553913365,0.0009057090968932327,0.07858299064273687,500003000.0,1.1573760825018375,9.471132171143807e-06,1.5648799383987722e-05,3.687375170588212e-09,1.8686201255603757e-07,0.0017793726515615885,1.7036309337749808e-11,2.078277786445312e-06,6.102907267064578e-13,1
761.0,265.5400000000069,345.6777968769063,0.0009053010063218491,0.07868886476995748,500003000.0,1.161829413388788,9.47481428643573e-06,1.5833563599565017e-05,3.6821152919233513e-09,1.8476421557729391e-07,0.0017814487717052543,1.771480290060071e-11,2.0769271773900584e-06,6.201500328313544e-13,1
762.0,265.5300000000069,345.41043279688296,0.0009048938234788105,0.07879475089555261,500003000.0,1.1662946788541875,9.478491154329833e-06,1.601630349218403e-05,3.67686789410172e-09,1.8273989261901386e-07,0.0017835235439886022,1.8405732591875186e-11,2.0755773309775914e-06,6.300070922834835e-13,1
763.0,265.5200000000069,345.14325318697314,0.0009044875454154857,0.07890064901671491,500003000.0,1.1707718708979038,9.482162787259634e-06,1.619708836838895e-05,3.6716329298009573e-09,1.8078487620491716e-07,0.0017855969691673718,1.9109137232862773e-11,2.074228246795082e-06,6.39863708301078e-13,1
764.0,265.5100000000069,344.8762579351508,0.0009040821691977498,0.07900655913062568,500003000.0,1.175260981178053,9.485829197611585e-06,1.6375983690505352e-05,3.6664103519498153e-09,1.7889532211640265e-07,0.001787669047996919,1.9825057431229966e-11,2.0728799244307947e-06,6.497215865925098e-13,1
765.0,265.50000000000693,344.6094469294543,0.0009036776919050677,0.0791124812344948,500003000.0,1.179762001009534,9.489490397725309e-06,1.6553051368344615e-05,3.6612001137231255e-09,1.770676778392628e-07,0.0017897397812322168,2.0553535486489955e-11,2.071532363472192e-06,6.595823426741917e-13,1
766.0,265.49000000000694,344.34282005798616,0.0009032741106315578,0.07921841532554776,500003000.0,1.1842749213625745,9.493146399893853e-06,1.6728350023041685e-05,3.656002168544805e-09,1.7529865469707138e-07,0.001791809169627854,2.1294615302651676e-11,2.07018556350858e-06,6.694475085178351e-13,1
767.0,265.48000000000695,344.07637720891285,0.0009028714224859016,0.07932436140100325,500003000.0,1.1887997328612931,9.496797216363938e-06,1.6901935226214217e-05,3.6508164700861684e-09,1.735852031725302e-07,0.0017938772139380421,2.204834230735561e-11,2.068839524131095e-06,6.793185385843657e-13,1
768.0,265.47000000000696,343.81011827046507,0.0009024696245894345,0.07943031945812629,500003000.0,1.193336425782275,9.500442859336195e-06,1.707385971720868e-05,3.6456429722569106e-09,1.719244909944613e-07,0.001795943914916608,2.2814763376883488e-11,2.067494244928525e-06,6.891968153123073e-13,1
769.0,265.46000000000697,343.54404313093755,0.0009020687140781993,0.07953628949415528,500003000.0,1.1978849900531594,9.504083340965408e-06,1.7244173600839558e-05,3.640481629212145e-09,1.7031388363088035e-07,0.0017980092733169974,2.3593926766495965e-11,2.066149725492216e-06,6.990836541176203e-13,1
770.0,265.450000000007,343.2781516786887,0.0009016686881023596,0.0796422715063759,500003000.0,1.2024454152512467,9.507718673360757e-06,1.741292452772193e-05,3.635332395348738e-09,1.6875092688237145e-07,0.0018000732898922774,2.4385882045614394e-11,2.064805965414921e-06,7.089803079586388e-13,1
771.0,265.440000000007,343.012443802141,0.0009012695438244492,0.07974826549206887,500003000.0,1.2070176906021146,9.511348868586054e-06,1.758015785903493e-05,3.6301952252969957e-09,1.6723333131300227e-07,0.0018021359653951326,2.51906800374123e-11,2.0634629642869813e-06,7.188879715089764e-13,1
772.0,265.430000000007,342.74691938978043,0.0009008712784222591,0.07985427144852794,500003000.0,1.2116018049782527,9.514973938659985e-06,1.7745916817329006e-05,3.6250700739310496e-09,1.657589582940766e-07,0.0018041973005778697,2.6008372762430116e-11,2.062120721703136e-06,7.28807784979801e-13,1
773.0,265.420000000007,342.48157833015694,0.0009004738890854277,0.0799602893730614,500003000.0,1.2161977468977119,9.518593895556339e-06,1.7910242624795678e-05,3.6199568963538754e-09,1.643258074666723e-07,0.0018062572961924162,2.6839013385865697e-11,2.0607792372548983e-06,7.387408376258421e-13,1
774.0,265.410000000007,342.2164205118839,0.0009000773730183302,0.08006631926300503,500003000.0,1.2208055045227668,9.522208751204246e-06,1.8073174630251247e-05,3.6148556479076966e-09,1.6293200545556893e-07,0.001808315952990319,2.7682656168228833e-11,2.0594385105373643e-06,7.486881709664195e-13,1
775.0,265.400000000007,341.9514458236381,0.0008996817274384912,0.08017236111568242,500003000.0,1.2254250656585983,9.525818517488413e-06,1.823475042594064e-05,3.6097662841663636e-09,1.615757956893936e-07,0.0018103732717227503,2.8539356419078788e-11,2.058098541145764e-06,7.586507817484403e-13,1
776.0,265.39000000000703,341.68665415416,0.0008992869495756543,0.080278414928448,500003000.0,1.230056417751987,9.529423206249343e-06,1.8395005955141913e-05,3.60468876093042e-09,1.6025552920127214e-07,0.0018124292531404998,2.940917045359221e-11,2.0567593286735163e-06,7.686296246770327e-13,1
777.0,265.38000000000704,341.4220453922533,0.0008988930366741807,0.08038448069865604,500003000.0,1.234699547890026,9.533022829283579e-06,1.8553975611441887e-05,3.599623034235523e-09,1.5896965629997401e-07,0.0018144838979939836,3.029215555173266e-11,2.0554208727179093e-06,7.786256149341881e-13,1
778.0,265.37000000000705,341.1576194267852,0.0008984999859901217,0.08049055842368688,500003000.0,1.2393544427988514,9.536617398343918e-06,1.871169233045792e-05,3.5945690603395033e-09,1.5771671901603406e-07,0.0018165372070332371,3.1188369919814747e-11,2.0540831728735767e-06,7.886396305060197e-13,1
779.0,265.36000000000706,340.8933761466858,0.0008981077947939524,0.08059664810092118,500003000.0,1.2440210888423828,9.54020692513965e-06,1.886818767469675e-05,3.589526795732147e-09,1.564953442388271e-07,0.0018185891810079226,3.2097872654275486e-11,2.0527462287389425e-06,7.98672514334996e-13,1
780.0,265.35000000000707,340.6293154409486,0.0008977164603679739,0.08070274972775772,500003000.0,1.248699472021089,9.543791421336774e-06,1.9023491912168006e-05,3.5844961971236004e-09,1.5530423747125696e-07,0.001820639820667324,3.302072370748248e-11,2.051410039910447e-06,8.087250763135817e-13,1
781.0,265.3400000000071,340.3654371986302,0.0008973259800073788,0.080808863301602,500003000.0,1.2533895779707653,9.547370898558221e-06,1.917763408930529e-05,3.579477221447497e-09,1.5414217713728513e-07,0.001822689126760348,3.3956983855424295e-11,2.050074605985177e-06,8.1879809513255e-13,1
782.0,265.3300000000071,340.1017413088502,0.000896936351021323,0.08091498881988315,500003000.0,1.2580913919613308,9.550945368384085e-06,1.9330642098690745e-05,3.5744698258640554e-09,1.530080093854543e-07,0.0018247371000355281,3.490671466714191e-11,2.048739926563481e-06,8.288923199970426e-13,1
783.0,265.3200000000071,339.838227660791,0.0008965475707301516,0.08102112628002828,500003000.0,1.2628048988956395,9.554514842351833e-06,1.9482542742028736e-05,3.569473967747872e-09,1.5190064333799212e-07,0.0018267837412410217,3.586997847577213e-11,2.047406001242813e-06,8.390084722209635e-13,1
784.0,265.3100000000071,339.5748961436981,0.0008961596364676385,0.08112727567948363,500003000.0,1.2675300833083156,9.558079331956529e-06,1.9633361788769902e-05,3.5644896046957135e-09,1.5081904674116638e-07,0.0018288290511246112,3.684683835108652e-11,2.0460728296230213e-06,8.491472467107578e-13,1
785.0,265.3000000000071,339.3117466468795,0.000895772545580216,0.08123343701570973,500003000.0,1.2722669293646005,9.56163884865105e-06,1.978312403074722e-05,3.559516694522318e-09,1.4976224197731748e-07,0.0018308730304337048,3.78373580734172e-11,2.0447404113047606e-06,8.593093133470309e-13,1
786.0,265.2900000000071,339.04877905970636,0.0008953862954257007,0.08133961028616907,500003000.0,1.2770154208592217,9.565193403846304e-06,1.993185333315079e-05,3.5545551952542087e-09,1.4872930240357075e-07,0.0018329156799153361,3.884160210887166e-11,2.043408745886759e-06,8.694953182724948e-13,1
787.0,265.28000000000713,338.78599327161226,0.0008950008833757046,0.08144579548835178,500003000.0,1.281775541215278,9.568743008911442e-06,2.0079572682136924e-05,3.549605065138162e-09,1.4771934898613423e-07,0.0018349570003161654,3.98596355857465e-11,2.0420778329714896e-06,8.797058850942241e-13,1
788.0,265.27000000000714,338.5233891720933,0.0008946163068136904,0.08155199261973779,500003000.0,1.2865472734831471,9.572287675174075e-06,2.0226304229339138e-05,3.5446662626323793e-09,1.467315472022139e-07,0.001836996992382481,4.0891524272056377e-11,2.0407476721609027e-06,8.899416160060043e-13,1
789.0,265.26000000000715,338.26096665070827,0.0008942325631343613,0.08165820167784044,500003000.0,1.291330600339407,9.575827413920478e-06,2.0372069333524122e-05,3.539738746402978e-09,1.457651041849821e-07,0.0018390356568601949,4.1937334554102894e-11,2.0394182630551984e-06,9.002030928384511e-13,1
790.0,265.25000000000716,337.99872559707836,0.0008938496497462463,0.08176442266016559,500003000.0,1.2961255040857809,9.57936223639581e-06,2.0516888599613235e-05,3.5348224753331536e-09,1.448192660891137e-07,0.0018410729944948498,4.2997133416012265e-11,2.0380896052588972e-06,9.104908780408326e-13,1
791.0,265.24000000000717,337.73666590088726,0.0008934675640682342,0.08187065556424805,500003000.0,1.3009319666480983,9.58289215380432e-06,2.0660781915270513e-05,3.5299174085083754e-09,1.4389331565727664e-07,0.001843109006031614,4.407098842017807e-11,2.0367616983730946e-06,9.208055156013932e-13,1
792.0,265.2300000000072,337.4747874518808,0.0008930863035328327,0.0819769003876206,500003000.0,1.3057499695752803,9.586417177309548e-06,2.0803768485239996e-05,3.5250235052282105e-09,1.4298656996948202e-07,0.0018451436922152847,4.5158967688548606e-11,2.0354345420030614e-06,9.311475319093479e-13,1
793.0,265.2200000000072,337.21309013986723,0.0008927058655832031,0.08208315712783346,500003000.0,1.3105794940383384,9.589937318034542e-06,2.0945866863599447e-05,3.5201407249935422e-09,1.4209837835945005e-07,0.0018471770537902884,4.626113988470397e-11,2.034108135751642e-06,9.415174365640643e-13,1
794.0,265.2100000000072,336.95157385471697,0.000892326247675074,0.08218942578244268,500003000.0,1.3154205208293988,9.593452587062055e-06,2.1087094984082858e-05,3.515269027513079e-09,1.4122812048341265e-07,0.0018492090915006787,4.737757419667226e-11,2.0327824792237814e-06,9.519157231344638e-13,1
795.0,265.2000000000072,336.6902384863624,0.0008919474472761319,0.0822957063490227,500003000.0,1.3202730303607448,9.596962995434755e-06,2.1227470188611287e-05,3.5104083726999002e-09,1.4037520452842744e-07,0.0018512398060901401,4.850834032043739e-11,2.031457572025296e-06,9.623428698728185e-13,1
796.0,265.1900000000072,336.4290839247982,0.0008915694618643933,0.08240199882515649,500003000.0,1.3251370026638805,9.600468554155419e-06,2.136700925415966e-05,3.5055587206640127e-09,1.395390655483732e-07,0.0018532691983019838,4.9653508444094634e-11,2.030133413759323e-06,9.727993403857e-13,1
797.0,265.1800000000072,336.168110060081,0.0008911922889313072,0.0825083032084339,500003000.0,1.3300124173886132,9.603969274187142e-06,2.1505728418076716e-05,3.500720031723537e-09,1.3871916391705467e-07,0.001855297268879154,5.08131492326139e-11,2.028810004033547e-06,9.832855842654282e-13,1
798.0,265.17000000000724,335.90731678232925,0.0008908159259791146,0.08261461949645836,500003000.0,1.3348992538021611,9.607465166453534e-06,2.1643643401965514e-05,3.4958922663932903e-09,1.3791498388879852e-07,0.0018573240185642236,5.198733381317287e-11,2.0274873424543414e-06,9.93802037684776e-13,1
799.0,265.16000000000724,335.6467039817233,0.0008904403705214146,0.08272094768684295,500003000.0,1.3397974907882775,9.610956241838921e-06,2.1780769434223307e-05,3.4910753853860062e-09,1.3712603225779351e-07,0.0018593494480993967,5.317613376102482e-11,2.0261654286282157e-06,1.0043491239572534e-12,1
800.0,265.15000000000725,335.3862715485054,0.0008900656200832261,0.08282728777721841,500003000.0,1.3447071068463992,9.614442511188533e-06,2.1917121271331607e-05,3.4862693496115796e-09,1.3635183710830025e-07,0.0018613735582265068,5.4379621085869204e-11,2.024844262162108e-06,1.0149272540655655e-12,1
801.0,265.14000000000726,335.12601937297944,0.0008896916722015563,0.08293363976521297,500003000.0,1.349628080090817,9.617923985308712e-06,2.2052713217980085e-05,3.4814741201782865e-09,1.3559194664847874e-07,0.0018633963496870207,5.5597868218694105e-11,2.0235238426648333e-06,1.025536827159922e-12,1
802.0,265.13000000000727,334.865947345511,0.0008893185244239362,0.08304000364847089,500003000.0,1.3545603882498658,9.621400674967099e-06,2.2187559146101486e-05,3.4766896583860656e-09,1.348459281213994e-07,0.0018654178232220338,5.683094799906291e-11,2.0222041697439034e-06,1.0361782310289607e-12,1
803.0,265.1200000000073,334.60605535652735,0.0008889461743094962,0.08314637942466165,500003000.0,1.359504008665139,9.624872590892828e-06,2.232167251288869e-05,3.4719159257297417e-09,1.3411336678720347e-07,0.0018674379795722762,5.8078933662818945e-11,2.0208852430081226e-06,1.0468518425445648e-12,1
804.0,265.1100000000073,334.3463432965171,0.0008885746194286885,0.08325276709143753,500003000.0,1.364458918290725,9.628339743776725e-06,2.2455066377859607e-05,3.4671528838969736e-09,1.3339386497091754e-07,0.0018694568194781078,5.934189883018289e-11,2.0195670620671107e-06,1.0575580280817406e-12,1
805.0,265.1000000000073,334.08681105603057,0.0008882038573626651,0.08335916664648553,500003000.0,1.3694250936924643,9.63180214427149e-06,2.2587753419030796e-05,3.4624004947648443e-09,1.3268704117118742e-07,0.0018714743436795244,6.061991749422121e-11,2.018249626530032e-06,1.0682971439168713e-12,1
806.0,265.0900000000073,333.82745852567945,0.0008878338857036762,0.08346557808748406,500003000.0,1.374402511047232,9.635259802991891e-06,2.2719745948255904e-05,3.4576587204004773e-09,1.3199252922510729e-07,0.0018734905529161504,6.191306400966309e-11,2.016932936006653e-06,1.0790695366035193e-12,1
807.0,265.0800000000073,333.5682855961367,0.0008874647020554712,0.0835720014121465,500003000.0,1.3793911461422412,9.638712730514954e-06,2.285105592578118e-05,3.452927523061629e-09,1.313099775252759e-07,0.0018755054479272465,6.322141308204715e-11,2.0156169901083984e-06,1.0898755433293177e-12,1
808.0,265.0700000000073,333.30929215813666,0.0008870963040321636,0.08367843661816095,500003000.0,1.3843909743743723,9.642160937380146e-06,2.2981694974066172e-05,3.448206865191327e-09,1.3063904828499302e-07,0.0018775190294517054,6.454503975717781e-11,2.0143017884459167e-06,1.1007154922528564e-12,1
809.0,265.06000000000734,333.05047810247476,0.0008867286892588005,0.08378488370326284,500003000.0,1.3894019707495224,9.645604434089565e-06,2.3111674390914643e-05,3.4434967094191513e-09,1.2997941684847113e-07,0.0018795312982280534,6.588401941087522e-11,2.0129873306305165e-06,1.1115897028246438e-12,1
810.0,265.05000000000734,332.7918433200079,0.0008863618553709071,0.08389134266517304,500003000.0,1.3944241098819807,9.649043231108123e-06,2.3241005161957108e-05,3.438797018558544e-09,1.2933077104246502e-07,0.0018815422549944517,6.723842773900124e-11,2.011673616273283e-06,1.1224984860898954e-12,1
811.0,265.04000000000735,332.53338770165385,0.00088599580001557,0.08399781350162175,500003000.0,1.399457365993826,9.652477338863733e-06,2.3369697972523822e-05,3.434107755610072e-09,1.2869281056671457e-07,0.0018835519004886951,6.860834074774669e-11,2.0103606449876694e-06,1.1334421449768741e-12,1
812.0,265.03000000000736,332.27511113839137,0.0008856305208501281,0.08410429621036694,500003000.0,1.4045017129143513,9.655906767747489e-06,2.3497763218944186e-05,3.429428883755439e-09,1.2806524642036392e-07,0.001885560235448215,6.999383474416572e-11,2.009048416386673e-06,1.1444209745706057e-12,1
813.0,265.02000000000737,332.0170135212605,0.0008852660155415433,0.08421079078916707,500003000.0,1.4095571240795088,9.659331528113842e-06,2.3625211019306e-05,3.424760366354146e-09,1.2744780036181556e-07,0.0018875672606100747,7.139498632694289e-11,2.007736930081544e-06,1.1554352623722798e-12,1
814.0,265.0100000000074,331.7590947413618,0.0008849022817691956,0.08431729723578225,500003000.0,1.4146235725313825,9.662751630280795e-06,2.375205122370584e-05,3.420102166953402e-09,1.2684020439983983e-07,0.0018895729767109762,7.281187237738091e-11,2.0064261856882693e-06,1.1664852885460948e-12,1
815.0,265.0000000000074,331.5013546898572,0.0008845393172210013,0.08442381554799562,500003000.0,1.4197010309176834,9.666167084530067e-06,2.3878293424019658e-05,3.4154542492722133e-09,1.262422003138169e-07,0.0018915773844872547,7.424457005059704e-11,2.005116182818902e-06,1.177571326154204e-12,1
816.0,264.9900000000074,331.243793257969,0.0008841771195965518,0.08453034572359183,500003000.0,1.4247894714912706,9.66957790110728e-06,2.4003946963220733e-05,3.4108165772126314e-09,1.2565353920107407e-07,0.0018935804846748829,7.569315676691673e-11,2.003806921088819e-06,1.1886936413796337e-12,1
817.0,264.9800000000074,330.9864103369805,0.0008838156866052847,0.08463688776036746,500003000.0,1.4298888661096987,9.672984090222131e-06,2.412902094427036e-05,3.406189114851797e-09,1.2507398104962764e-07,0.0018955822780094675,7.715771020345424e-11,2.002498400112705e-06,1.1998524937387981e-12,1
818.0,264.9700000000074,330.7292058182355,0.0008834550159670527,0.08474344165612759,500003000.0,1.4349991862347857,9.676385662048575e-06,2.4253524238604963e-05,3.4015718264432685e-09,1.245032943346017e-07,0.0018975827652262557,7.863830828586946e-11,2.0011906195059865e-06,1.2110481362836248e-12,1
819.0,264.9600000000074,330.47217959313866,0.0008830951054118355,0.08485000740868123,500003000.0,1.4401204029322137,9.67978262672499e-06,2.437746549424177e-05,3.3969646764150385e-09,1.2394125563680462e-07,0.0018995819470601267,8.013502918029319e-11,1.999883578884302e-06,1.2222808157940262e-12,1
820.0,264.95000000000744,330.2153315531551,0.000882735952679449,0.08495658501587317,500003000.0,1.445252486871149,9.683174994354357e-06,2.450085314352386e-05,3.3923676293675517e-09,1.2338764928209134e-07,0.0019015798242456008,8.164795128541049e-11,1.9985772778629846e-06,1.2335507729617643e-12,1
821.0,264.94000000000744,329.95866158981033,0.0008823775555209791,0.08506317447551799,500003000.0,1.45039540832389,9.686562775004436e-06,2.4623695410523868e-05,3.3877806500783653e-09,1.2284226700000638e-07,0.0019035763975168358,8.317715322469408e-11,1.997271716060437e-06,1.244858242564364e-12,1
822.0,264.93000000000745,329.7021695946906,0.0008820199116955614,0.08516977578546407,500003000.0,1.4555491371655433,9.689945978707925e-06,2.4746000318124667e-05,3.38320370348892e-09,1.223049076008002e-07,0.0019055716676076228,8.472271383878094e-11,1.995966893090971e-06,1.2562034536326723e-12,1
823.0,264.92000000000746,329.44585545944227,0.0008816630189743991,0.08527638894356561,500003000.0,1.4607136428737235,9.693324615462645e-06,2.4867775694794043e-05,3.378636754719126e-09,1.2177537666937578e-07,0.0019075656352513957,8.628471217798372e-11,1.9946628085740308e-06,1.2675866296094564e-12,1
824.0,264.91000000000747,329.1897190757722,0.000881306875137369,0.08538301394768384,500003000.0,1.4658888945282798,9.696698695231698e-06,2.4989029181069322e-05,3.374079769053505e-09,1.2125348627527978e-07,0.0019095583011812234,8.786322749493033e-11,1.993359462126649e-06,1.2790079885011081e-12,1
825.0,264.9000000000075,328.93376033544746,0.0008809514779744539,0.08548965079569172,500003000.0,1.4710748608110489,9.700068227943644e-06,2.5109768235767044e-05,3.3695327119458468e-09,1.2073905469772165e-07,0.0019115496661298165,8.945833923732497e-11,1.992056853366806e-06,1.2904677430224918e-12,1
826.0,264.8900000000075,328.67797913029545,0.0008805968252854496,0.08559629948546658,500003000.0,1.4762715100056367,9.703433223492662e-06,2.5230000141931735e-05,3.364995549017266e-09,1.2023190616469012e-07,0.0019135397308295235,9.107012704082461e-11,1.9907549819128967e-06,1.3019661007350852e-12,1
827.0,264.8800000000075,328.4223753522036,0.0008802429148803649,0.0857029600149011,500003000.0,1.4814788099972263,9.706793691738719e-06,2.5349732012537094e-05,3.3604682460569127e-09,1.1973187060535863e-07,0.0019155284960123303,9.269867072202534e-11,1.989453847384767e-06,1.3135032641791771e-12,1
828.0,264.8700000000075,328.16694889311947,0.0008798897445782632,0.08580963238188433,500003000.0,1.4866967282724093,9.710149642507736e-06,2.546897079595202e-05,3.3559507690167243e-09,1.1923878341492587e-07,0.0019175159624098654,9.434405027155163e-11,1.988153449401212e-06,1.3250794309997469e-12,1
829.0,264.8600000000075,327.9116996450509,0.0008795373122076577,0.08591631658433545,500003000.0,1.4919252319190508,9.713501085591748e-06,2.5587723281183285e-05,3.351443084012142e-09,1.1875248523126553e-07,0.001919502130753393,9.600634584724563e-11,1.9868537875809966e-06,1.3366947940675376e-12,1
830.0,264.8500000000075,327.6566275000653,0.0008791856156079533,0.0860230126201595,500003000.0,1.4971642876261761,9.716848030749074e-06,2.570599610290581e-05,3.3469451573268007e-09,1.1827282172252543e-07,0.0019214870017738215,9.768563776744895e-11,1.9855548615462424e-06,1.3483495415936833e-12,1
831.0,264.84000000000754,327.40173235029056,0.0008788346526262013,0.08612972048728797,500003000.0,1.5024138616838911,9.720190487704474e-06,2.582379574629106e-05,3.342456955399366e-09,1.1779964338525137e-07,0.0019234705762016977,9.938200650437447e-11,1.9842566709152097e-06,1.3600438572405629e-12,1
832.0,264.83000000000754,327.147014087914,0.0008784844211207957,0.08623644018364905,500003000.0,1.507673919983322,9.723528466149311e-06,2.5941128551643293e-05,3.3379784448368205e-09,1.1733280535223238e-07,0.0019254528547672095,1.0109553267756184e-10,1.982959215310773e-06,1.371777920226821e-12,1
833.0,264.82000000000755,326.8924726051829,0.000878134918958399,0.08634317170718489,500003000.0,1.5129444280165916,9.726861975741713e-06,2.6058000718852956e-05,3.3335095924019845e-09,1.1687216720966327e-07,0.0019274338382001847,1.0282629704741417e-10,1.981662494353596e-06,1.3835519054285555e-12,1
834.0,264.81000000000756,326.6381077944045,0.0008777861440148598,0.08644991505584862,500003000.0,1.5182253508768198,9.730191026106729e-06,2.6174418311675972e-05,3.3290503650162335e-09,1.1641759282301426e-07,0.0019294135272300936,1.0457438050881074e-10,1.9803665076643325e-06,1.395365983475889e-12,1
835.0,264.80000000000757,326.38391954794554,0.0008774380941764825,0.08655667022759811,500003000.0,1.523516653258151,9.733515626836492e-06,2.6290387261847113e-05,3.3246007297635343e-09,1.1596895017114081e-07,0.0019313919225860483,1.063398640847923e-10,1.979071254866596e-06,1.4072203208453692e-12,1
836.0,264.7900000000076,326.1299077582325,0.0008770907673378156,0.08666343722039685,500003000.0,1.5288182994558124,9.736835787490374e-06,2.6405913373035302e-05,3.320160653881296e-09,1.1552611118819041e-07,0.0019333690249968016,1.0812282892031572e-10,1.9777767355821e-06,1.4191150799485792e-12,1
837.0,264.7800000000076,325.87607231775155,0.0008767441614025697,0.08677021603223214,500003000.0,1.5341302533662016,9.740151517595137e-06,2.652100232464819e-05,3.3157301047630914e-09,1.150889516128898e-07,0.001935344835190748,1.0992335627607439e-10,1.9764829494328393e-06,1.4310504192172978e-12,1
838.0,264.7700000000076,325.62241311904825,0.0008763982742848907,0.08687700666107123,500003000.0,1.539452478486999,9.7434628266451e-06,2.6635659675492903e-05,3.311309049962716e-09,1.1465735084471179e-07,0.0019373193538959259,1.1174152752238061e-10,1.9751898960440812e-06,1.443026493184144e-12,1
839.0,264.7600000000076,325.36893005472785,0.0008760531039060928,0.08698380910492284,500003000.0,1.5447849379173129,9.746769724102281e-06,2.674989086729966e-05,3.3068974571810815e-09,1.1423119180675614e-07,0.0019392925818400148,1.1357742413310832e-10,1.9738975750371124e-06,1.455043452561505e-12,1
840.0,264.7500000000076,325.11562301745494,0.0008757086481981996,0.08709062336177736,500003000.0,1.550127594357852,9.75007221939656e-06,2.6863701228114366e-05,3.302495294278861e-09,1.1381036081470625e-07,0.0019412645197503374,1.1543112767969178e-10,1.9726059860373384e-06,1.4671014443153431e-12,1
841.0,264.7400000000076,324.8624918999535,0.0008753649051013733,0.08719744942964741,500003000.0,1.5554804101111286,9.753370321925826e-06,2.6977095975566175e-05,3.298102529266034e-09,1.1339474745180872e-07,0.0019432351683538603,1.1730271982517852e-10,1.971315128668601e-06,1.479200611737517e-12,1
842.0,264.73000000000764,324.6095365950069,0.0008750218725650116,0.08730428730654781,500003000.0,1.5608433470816874,9.756664041056132e-06,2.7090080220015536e-05,3.293719130305292e-09,1.1298424444936281e-07,0.0019452045283771939,1.191922823183336e-10,1.970025002555764e-06,1.4913410945142279e-12,1
843.0,264.72000000000764,324.35675699545783,0.0008746795485469209,0.08741113699051122,500003000.0,1.5662163667763678,9.75995338612184e-06,2.7202658967588085e-05,3.2893450657082034e-09,1.1257874757254769e-07,0.0019471726005465895,1.210998969877928e-10,1.9687356073229648e-06,1.503523028792252e-12,1
844.0,264.71000000000765,324.10415299420816,0.0008743379310147667,0.08751799847956324,500003000.0,1.5715994303045946,9.763238366425781e-06,2.7314837123099304e-05,3.2849803039399436e-09,1.1217815551121844e-07,0.0019491393855879456,1.2302564573626227e-10,1.9674469425969874e-06,1.5157465472418574e-12,1
845.0,264.70000000000766,323.851724484219,0.0008739970179440181,0.08762487177175037,500003000.0,1.5769924983786978,9.766518991239391e-06,2.7426619492874833e-05,3.280624813610846e-09,1.1178236977552673e-07,0.0019511048842268015,1.2496961053476294e-10,1.966159008002753e-06,1.5280117791180442e-12,1
846.0,264.6900000000077,323.5994713585104,0.0008736568073197499,0.08773175686511525,500003000.0,1.5823955313142606,9.769795269802874e-06,2.7538010787470827e-05,3.276278563482457e-09,1.113912945959939e-07,0.0019530690971883463,1.2693187341691675e-10,1.9648718031674753e-06,1.540318850318501e-12,1
847.0,264.6800000000077,323.34739351016185,0.0008733172971342307,0.08783865375772158,500003000.0,1.5878084890305024,9.773067211325333e-06,2.764901562429876e-05,3.2719415224577868e-09,1.1100483682793202e-07,0.001955032025197408,1.289125164732741e-10,1.9635853277153523e-06,1.5526678834400807e-12,1
848.0,264.6700000000077,323.0954908323114,0.0008729784853908376,0.08794556244763711,500003000.0,1.593231331050686,9.776334824984928e-06,2.7759638530158645e-05,3.2676136595952794e-09,1.1062290585988607e-07,0.001956993668978464,1.309116218456792e-10,1.962299581276475e-06,1.5650589978323627e-12,1
849.0,264.6600000000077,322.8437632181565,0.0008726403700988274,0.08805248293293154,500003000.0,1.598664016502559,9.779598119929016e-06,2.786988394368461e-05,3.263294944088524e-09,1.1024541352596313e-07,0.0019589540292556337,1.3292927172167235e-10,1.961014563475177e-06,1.5774923096493606e-12,1
850.0,264.6500000000077,322.5922105609534,0.0008723029492777809,0.08815941521168155,500003000.0,1.604106504118824,9.7828571052743e-06,2.7979756217706457e-05,3.258985345282209e-09,1.0987227402184663e-07,0.0019609131067526847,1.3496554832892735e-10,1.9597302739401376e-06,1.5899679318993272e-12,1
851.0,264.6400000000077,322.34083275401713,0.000871966220955363,0.08826635928198227,500003000.0,1.6095587522376387,9.786111790106962e-06,2.808925962153077e-05,3.254684832663044e-09,1.0950340382431442e-07,0.0019628709021930276,1.370205339297227e-10,1.9584467122994446e-06,1.6024859744927578e-12,1
852.0,264.6300000000077,322.08962969072155,0.0008716301831677209,0.08837331514192694,500003000.0,1.615020718803149,9.789362183482823e-06,2.8198398343144816e-05,3.2503933758605696e-09,1.0913872161404439e-07,0.0019648274162997223,1.39094310815445e-10,1.957163878181603e-06,1.615046544288005e-12,1
853.0,264.62000000000774,321.83860126449935,0.0008712948339589997,0.08848028278961911,500003000.0,1.6204923613660478,9.792608294427467e-06,2.830717649134644e-05,3.2461109446446743e-09,1.087781482016234e-07,0.001966782649795472,1.41186961301122e-10,1.955881771214542e-06,1.6276497451356874e-12,1
854.0,264.61000000000774,321.58774736884203,0.000870960171381918,0.08858726222316912,500003000.0,1.6259736370841713,9.795850131936393e-06,2.841559809780299e-05,3.241837508927074e-09,1.0842160645654923e-07,0.0019687366034026287,1.4329856771998673e-10,1.9546003910270218e-06,1.6402956779211503e-12,1
855.0,264.60000000000775,321.3370678972995,0.0008706261934983452,0.08869425344070185,500003000.0,1.6314645027231194,9.799087704975156e-06,2.8523667119042104e-05,3.237573038762782e-09,1.0806902123911463e-07,0.00197068927784319,1.4542921241806806e-10,1.953319737250026e-06,1.6529844406055147e-12,1
856.0,264.59000000000776,321.0865627434806,0.0008702928983766932,0.08880125644034312,500003000.0,1.6369649146569119,9.802321022479496e-06,2.8631387438377104e-05,3.2333175043397404e-09,1.0772031933499845e-07,0.0019726406738388015,1.4757897774880917e-10,1.9520398095110065e-06,1.6657161282648046e-12,1
857.0,264.5800000000078,320.8362318010525,0.0008699602840953239,0.08890827122022266,500003000.0,1.6424748288686724,9.805550093355487e-06,2.8738762867769584e-05,3.2290708759908496e-09,1.073754293924808e-07,0.001974590792110755,1.4974794606771147e-10,1.9507606074416446e-06,1.6784908331279002e-12,1
858.0,264.5700000000078,320.58607496374105,0.0008696283487395845,0.08901529777848735,500003000.0,1.6479942009513462,9.80877492647967e-06,2.8845797149631734e-05,3.224833124182272e-09,1.0703428186215142e-07,0.0019765396333799906,1.5193619972700338e-10,1.9494821306712824e-06,1.691308644613259e-12,1
859.0,264.5600000000078,320.3360921253304,0.000869297090403801,0.08912233611327873,500003000.0,1.6535229861084468,9.81199553069919e-06,2.8952493958570678e-05,3.220604219520205e-09,1.0669680893894468e-07,0.001978487198367096,1.541438210703328e-10,1.9482043788315067e-06,1.7041696493636477e-12,1
860.0,264.5500000000078,320.0862831796634,0.0008689665071895492,0.0892293862227597,500003000.0,1.659061139154834,9.815211914831933e-06,2.9058856903077167e-05,3.216384132743817e-09,1.0636294450648909e-07,0.0019804334877923067,1.563708924274821e-10,1.9469273515523715e-06,1.7170739312804711e-12,1
861.0,264.5400000000078,319.8366480206409,0.0008686365972071187,0.08933644810509216,500003000.0,1.664608614517526,9.818424087666663e-06,2.9164889527160722e-05,3.2121728347300285e-09,1.0603262408355561e-07,0.0019823785023755074,1.58617496109106e-10,1.945651048465769e-06,1.7300215715559772e-12,1
862.0,264.5300000000078,319.5871865422223,0.0008683073585748481,0.0894435217584431,500003000.0,1.6701653662365388,9.821632057963153e-06,2.9270595311933317e-05,3.2079702964904184e-09,1.0570578477259554e-07,0.0019843222428362305,1.608837144014893e-10,1.944375469204048e-06,1.7430126487047822e-12,1
863.0,264.5200000000078,319.3378986384253,0.0008679787894180999,0.08955060718099797,500003000.0,1.6757313479657596,9.82483583445232e-06,2.9375977677143568e-05,3.2037764891668014e-09,1.0538236521025094e-07,0.0019862647098936584,1.6316962956132583e-10,1.943100613397808e-06,1.75604723859441e-12,1
864.0,264.51000000000784,319.0887842033257,0.0008676508878712622,0.0896577043709322,500003000.0,1.681306512973852,9.828035425836357e-06,2.9481039982663262e-05,3.199591384038002e-09,1.0506230551969452e-07,0.001988205904266621,1.6547532381051675e-10,1.94182648068048e-06,1.769125414473965e-12,1
865.0,264.50000000000784,318.8398431310576,0.0008673236520758337,0.08976481332644617,500003000.0,1.6868908141451904,9.831230840788868e-06,2.9585785529928094e-05,3.195414952512158e-09,1.0474554726483324e-07,0.001990145826673598,1.6780087933098774e-10,1.94055307068414e-06,1.7822472470029367e-12,1
866.0,264.49000000000785,318.5910753158131,0.0008669970801817147,0.08987193404573576,500003000.0,1.692484203980829,9.834422087954999e-06,2.969021756333425e-05,3.191247166130866e-09,1.0443203340615422e-07,0.0019920844778327203,1.7014637825952473e-10,1.939280383042487e-06,1.7954128042778198e-12,1
867.0,264.48000000000786,318.3424806518425,0.0008666711703460007,0.08997906652701267,500003000.0,1.6980866345994983,9.837609175951562e-06,2.9794339271592512e-05,3.1870879965641177e-09,1.0412170825826394e-07,0.001994021858461766,1.7251190268262672e-10,1.9380084173882395e-06,1.8086221518586872e-12,1
868.0,264.4700000000079,318.0940590334541,0.0008663459207337394,0.09008621076848417,500003000.0,1.7036980577386394,9.840792113367175e-06,2.9898153789041463e-05,3.182937415612492e-09,1.0381451744895053e-07,0.001995957969278165,1.7489753463137657e-10,1.9367371733549276e-06,1.8218753527941083e-12,1
869.0,264.4600000000079,317.84581035501407,0.0008660213295181529,0.09019336676837003,500003000.0,1.7093184247554638,9.843970908762381e-06,3.0001664196921248e-05,3.178795395207346e-09,1.035104078797858e-07,0.0019978928109989974,1.773033560763277e-10,1.9354666505774743e-06,1.8351724676458716e-12,1
870.0,264.4500000000079,317.5977345109467,0.000865697394879428,0.09030053452489592,500003000.0,1.7149476866280482,9.847145570669787e-06,3.0104873524609385e-05,3.174661907405789e-09,1.032093276881364e-07,0.0019998263843409927,1.7972944892240743e-10,1.934196848689594e-06,1.8485135545124276e-12,1
871.0,264.4400000000079,317.3498313957338,0.0008653741150061906,0.09040771403630538,500003000.0,1.7205857939564617,9.850316107594182e-06,3.0207784750819954e-05,3.1705369243954794e-09,1.0291122621056878e-07,0.0020017586900205344,1.8217589500383602e-10,1.9329277673271705e-06,1.861898669051895e-12,1
872.0,264.4300000000079,317.1021009039157,0.0008650514880926803,0.0905149053008274,500003000.0,1.726232696963922,9.853482528012666e-06,3.0310400804767474e-05,3.1664204184836933e-09,1.0261605394752129e-07,0.002003689728753651,1.8464277607906044e-10,1.93165940612204e-06,1.8753278645034054e-12,1
873.0,264.4200000000079,316.8545429300899,0.0008647295123434523,0.09062210831671479,500003000.0,1.731888345497986,9.856644840374779e-06,3.0412724567296786e-05,3.1623123621139554e-09,1.0232376252931299e-07,0.0020056195012560277,1.8713017382570399e-10,1.930391764712587e-06,1.888801191709113e-12,1
874.0,264.4100000000079,316.60715736891194,0.0008644081859683997,0.09072932308222657,500003000.0,1.7375526890317718,9.859803053102626e-06,3.0514758871980083e-05,3.1582127278472177e-09,1.0203430468329819e-07,0.0020075480082429992,1.8963816983552984e-10,1.9291248427327114e-06,1.9023186991343825e-12,1
875.0,264.40000000000794,316.3599441150949,0.0008640875071863831,0.09083654959562047,500003000.0,1.7432256766652108,9.862957174591001e-06,3.061650650618227e-05,3.1541214883745707e-09,1.0174763420218962e-07,0.0020094752504295522,1.9216684560941896e-10,1.9278586398200255e-06,1.9158804328874995e-12,1
876.0,264.39000000000794,316.1129030634097,0.000863767474221858,0.09094378785515485,500003000.0,1.7489072571263349,9.866107213207506e-06,3.0717970212095774e-05,3.1500386165043447e-09,1.0146370591350055e-07,0.002011401228530325,1.947162825523622e-10,1.926593155608417e-06,1.929486436738917e-12,1
877.0,264.38000000000795,315.86603410868463,0.0008634480853090513,0.09105103785911436,500003000.0,1.7545973787725913,9.869253177292683e-06,3.081915268774585e-05,3.145964085176773e-09,1.0118247565007481e-07,0.002013325943259609,1.972865619684659e-10,1.925328389737451e-06,1.943136752140345e-12,1
878.0,264.37000000000796,315.61933714580573,0.000863129338686966,0.09115829960578348,500003000.0,1.760295989592195,9.872395075160129e-06,3.092005658796743e-05,3.1418978674452096e-09,1.0090390022158179e-07,0.0020152493953313477,1.9987776505597188e-10,1.9240643418413164e-06,1.956831418242209e-12,1
879.0,264.360000000008,315.3728120697166,0.0008628112326033783,0.09126557309343343,500003000.0,1.766003037205506,9.875532915096618e-06,3.1020684525354434e-05,3.1378399364901467e-09,1.0062793738700476e-07,0.0020171715854591346,2.0248997290228866e-10,1.9228010115578335e-06,1.9705704719107894e-12,1
880.0,264.350000000008,315.1264587754181,0.0008624937653134413,0.09137285832037226,500003000.0,1.7717184688664451,9.878666705362233e-06,3.112103907118257e-05,3.1337902656135422e-09,1.0035454582813362e-07,0.0020190925143562205,2.0512326647903862e-10,1.9215383985254157e-06,1.98435394774609e-12,1
881.0,264.340000000008,314.8802771579687,0.0008621769350786419,0.0914801552848901,500003000.0,1.7774422314639373,9.881796454190467e-06,3.122112275630642e-05,3.1297488282344908e-09,1.0008368512385007e-07,0.002021012182735507,2.0777772663711531e-10,1.9202765023808393e-06,1.9981818780970637e-12,1
882.0,264.330000000008,314.6342671124841,0.0008618607401684638,0.09158746398530561,500003000.0,1.7831742715233898,9.884922169788362e-06,3.13209380720318e-05,3.125715597894704e-09,9.98153157253833e-08,0.0020229305913095482,2.1045343410175626e-10,1.9190153227630294e-06,2.0120542930783862e-12,1
883.0,264.320000000008,314.3884285341374,0.0008615451788591652,0.09169478441992258,500003000.0,1.7889145352081983,9.888043860336615e-06,3.142048747096411e-05,3.121690548253524e-09,9.95493989323038e-08,0.002024847740790555,2.1315046946762662e-10,1.9177548593104227e-06,2.0259712205849033e-12,1
884.0,264.310000000008,314.1427613181591,0.0008612302494334542,0.09180211658706146,500003000.0,1.7946629683212896,9.891161533989702e-06,3.15197733678335e-05,3.117673653086213e-09,9.928589686939345e-08,0.002026763631890389,2.1586891319391537e-10,1.9164951116603316e-06,2.0399326863071576e-12,1
885.0,264.300000000008,313.8972653598367,0.000860915950182519,0.09190946048505147,500003000.0,1.8004195163066925,9.894275198875992e-06,3.1618798140297744e-05,3.1136648862907565e-09,9.902477246424179e-08,0.002028678265320566,2.1860884559944635e-10,1.9152360794535425e-06,2.0539387137456727e-12,1
886.0,264.29000000000804,313.6519405545152,0.0008606022794029912,0.09201681611221929,500003000.0,1.806184124251142,9.897384863097868e-06,3.171756412972332e-05,3.1096642218763368e-09,9.87659894255763e-08,0.0020305916417922587,2.2137034685779848e-10,1.913977762327644e-06,2.067989324224711e-12,1
887.0,264.28000000000804,313.4067867975964,0.0008602892354002442,0.09212418346690864,500003000.0,1.8119567368857146,9.900490534731842e-06,3.181607364194565e-05,3.1056716339747262e-09,9.850951222233362e-08,0.0020325037620162923,2.2415349699244163e-10,1.9127201599244457e-06,2.082084536906303e-12,1
888.0,264.27000000000805,313.16180398453946,0.0008599768164848076,0.09223156254745536,500003000.0,1.8177372985874964,9.90359222182867e-06,3.1914328948009016e-05,3.1016870968267997e-09,9.825530606336634e-08,0.0020344146267031464,2.2695837587188255e-10,1.9114632718820837e-06,2.0962243688029246e-12,1
889.0,264.26000000000806,312.91699201086067,0.0008596650209749429,0.09233895335221315,500003000.0,1.8235257533812812,9.906689932413461e-06,3.201233228488687e-05,3.0977105847913185e-09,9.800333687785765e-08,0.002036324236562956,2.297850632048251e-10,1.9102070978408324e-06,2.110408834790889e-12,1
890.0,264.2500000000081,312.6723507721329,0.0008593538471966862,0.0924463558795479,500003000.0,1.8293220449413017,9.909783674485805e-06,3.211008585618321e-05,3.093742072344544e-09,9.775357129633406e-08,0.0020382325923055124,2.3263363853534154e-10,1.9089516374432782e-06,2.124637947622718e-12,1
891.0,264.2400000000081,312.42788016398663,0.0008590432934804305,0.0925537701278103,500003000.0,1.83512611659299,9.912873456019873e-06,3.2207591832815474e-05,3.0897815340674113e-09,9.750597663226394e-08,0.0020401396946402614,2.355041812380571e-10,1.907696890326803e-06,2.1389117179386863e-12,1
892.0,264.2300000000081,312.18358008210873,0.0008587333581664203,0.0926611960953686,500003000.0,1.8409379113147737,9.915959284964537e-06,3.230485235367977e-05,3.085828944664801e-09,9.726052086430035e-08,0.0020420455442763034,2.38396770513347e-10,1.9064428561358722e-06,2.153230154279354e-12,1
893.0,264.2200000000081,311.93945042224317,0.0008584240395993323,0.09276863378060672,500003000.0,1.8467573717398982,9.919041169243483e-06,3.240186952629882e-05,3.0818842789455157e-09,9.701717261905105e-08,0.0020439501419223976,2.4131148538254634e-10,1.9051895345100768e-06,2.1675932630970325e-12,1
894.0,264.2100000000081,311.6954910801909,0.0008581153361312225,0.09287608318189794,500003000.0,1.8525844401582845,9.922119116755316e-06,3.249864542745319e-05,3.0779475118323883e-09,9.677590115436612e-08,0.0020458534882869554,2.4424840468317234e-10,1.9039369250907576e-06,2.182001048766421e-12,1
895.0,264.2000000000081,311.4517019518095,0.0008578072461212021,0.09298354429762827,500003000.0,1.8584190585184164,9.925193135373677e-06,3.2595182103796386e-05,3.074018618360591e-09,9.653667634319619e-08,0.002047755584078047,2.472076070641592e-10,1.9026850275203599e-06,2.196453513596038e-12,1
896.0,264.1900000000081,311.20808293301326,0.0008574997679354767,0.09309101712619633,500003000.0,1.8642611684292585,9.928263232947354e-06,3.2691481572454314e-05,3.0700975736772787e-09,9.629946865792984e-08,0.0020496564300033987,2.501891709811067e-10,1.9014338414425986e-06,2.2109506578388837e-12,1
897.0,264.18000000000814,310.96463391977323,0.0008571928999455561,0.09319850166599648,500003000.0,1.870110711162206,9.931329417300389e-06,3.278754582160951e-05,3.0661843530346754e-09,9.606424915519807e-08,0.002051556026770394,2.531931746915413e-10,1.9001833664985677e-06,2.2254924797024493e-12,1
898.0,264.17000000000814,310.72135480811727,0.0008568866405301162,0.09330599791542867,500003000.0,1.875967627653067,9.934391696232185e-06,3.2883376811070685e-05,3.0622789317962507e-09,9.583098946117211e-08,0.0020534543750860717,2.562196962501902e-10,1.8989336023309386e-06,2.2400789753590898e-12,1
899.0,264.16000000000815,310.4782454941297,0.0008565809880748559,0.09341350587290932,500003000.0,1.8818318585040719,9.93745007751762e-06,3.2978976472828e-05,3.058381285435714e-09,9.559966175731136e-08,0.00205535147565713,2.5926881350426913e-10,1.8976845485837255e-06,2.2547101389561835e-12,1
900.0,264.15000000000816,310.2353058739515,0.0008562759409710688,0.09352102553684648,500003000.0,1.8877033439859183,9.940504568907152e-06,3.307434671159451e-05,3.0544913895314175e-09,9.537023876650974e-08,0.002057247329189922,2.623406040887839e-10,1.896436204899193e-06,2.26938596262525e-12,1
901.0,264.1400000000082,309.99253584378016,0.0008559714976176948,0.09362855690566578,500003000.0,1.8935820240398407,9.943555178126925e-06,3.316948940533422e-05,3.0506092197731973e-09,9.514269373971021e-08,0.0020591419363904613,2.6543514542184433e-10,1.8951885709224734e-06,2.284106436492025e-12,1
902.0,264.1300000000082,309.7499352998698,0.0008556676564187905,0.09373609997780014,500003000.0,1.8994678382797179,9.946601912878878e-06,3.3264406405777106e-05,3.0467347519528677e-09,9.49170004428861e-08,0.0020610352979644154,2.685525146999939e-10,1.8939416462960391e-06,2.2988715486854936e-12,1
903.0,264.1200000000082,309.50750413853063,0.0008553644157864998,0.09384365475166817,500003000.0,1.9053607259942056,9.949644780840852e-06,3.335909953892151e-05,3.0428679619743303e-09,9.469313314440176e-08,0.0020629274146171145,2.7169278889355126e-10,1.8926954306663585e-06,2.313681285346468e-12,1
904.0,264.1100000000082,309.2652422561297,0.0008550617741374195,0.09395122122571534,500003000.0,1.9112606261489016,9.952683789666693e-06,3.345357060552432e-05,3.0390088258401544e-09,9.447106660280786e-08,0.002064818287053544,2.748560447419679e-10,1.891449923675918e-06,2.3285356306374305e-12,1
905.0,264.1000000000082,309.02314954909036,0.0008547597298952036,0.09405879939838434,500003000.0,1.917167477388539,9.955718946986353e-06,3.354782138157925e-05,3.035157319660381e-09,9.425077605493129e-08,0.0020667079159783475,2.7804235874919897e-10,1.890205124969062e-06,2.3434345667505755e-12,1
906.0,264.0900000000082,308.78122591389194,0.0008544582814915237,0.09416638926813459,500003000.0,1.9230812180392134,9.958750260406009e-06,3.3641853618783615e-05,3.031313419655448e-09,9.403223720436153e-08,0.00206859630209583,2.812518071790889e-10,1.8889610341941884e-06,2.3583780739168143e-12,1
907.0,264.0800000000082,308.53947124707054,0.0008541574273611337,0.09427399083340057,500003000.0,1.9290017861106374,9.961777737508147e-06,3.373566904499383e-05,3.02747710213821e-09,9.381542621021637e-08,0.0020704834461099516,2.844844660507722e-10,1.887717650992903e-06,2.373366130413191e-12,1
908.0,264.07000000000824,308.29788544521807,0.0008538571659481651,0.09438160409265792,500003000.0,1.934929119298425,9.964801385851682e-06,3.382926936467017e-05,3.0236483435358117e-09,9.360031967633585e-08,0.0020723693487243347,2.877404111340893e-10,1.886474975014015e-06,2.3883987125726964e-12,1
909.0,264.06000000000824,308.0564684049831,0.0008535574957000824,0.09448922904436573,500003000.0,1.9408631549864055,9.96782121297205e-06,3.392265625931084e-05,3.0198271203677938e-09,9.338689464067317e-08,0.00207425401064226,2.910197179450171e-10,1.8852330059002414e-06,2.4034757947910056e-12,1
910.0,264.05000000000825,307.8152200230699,0.0008532584150736193,0.09459686568700015,500003000.0,1.9468038302489707,9.970837226381318e-06,3.401583138787592e-05,3.0160134092666666e-09,9.317512856507666e-08,0.002076137432566667,2.9432246174111636e-10,1.8839917433013981e-06,2.4185973495352633e-12,1
911.0,264.04000000000826,307.5741401962392,0.0008529599225287234,0.09470451401902878,500003000.0,1.9527510818534437,9.973849433568275e-06,3.410879638720123e-05,3.0122071869560237e-09,9.296499932530915e-08,0.0020780196152001564,2.9764871751699233e-10,1.8827511868610928e-06,2.433763347351306e-12,1
912.0,264.0300000000083,307.3332288213076,0.0008526620165335768,0.09481217403893931,500003000.0,1.958704846262487,9.976857841998543e-06,3.420155287240263e-05,3.0084084302678483e-09,9.275648520140238e-08,0.0020799005592449867,3.009985599997752e-10,1.8815113362278812e-06,2.448973756872103e-12,1
913.0,264.0200000000083,307.0924857951479,0.0008523646955609346,0.09491984574522061,500003000.0,1.9646650596365305,9.979862459114672e-06,3.429410243727087e-05,3.0046171161291214e-09,9.254956486824097e-08,0.002081780265403078,3.0437206364461323e-10,1.8802721910472503e-06,2.464228544824913e-12,1
914.0,264.0100000000083,306.85191101468894,0.0008520679580905627,0.09502752913635784,500003000.0,1.9706316578362344,9.982863292336242e-06,3.43864466546573e-05,3.0008332215699964e-09,9.234421738642513e-08,0.0020836587343760105,3.077693026301845e-10,1.8790337509670731e-06,2.4795276760386863e-12,1
915.0,264.0000000000083,306.61150437691526,0.0008517718026085346,0.09513522421085485,500003000.0,1.9766045764249798,9.985860349059963e-06,3.447858707685071e-05,2.997056723720857e-09,9.214042219341467e-08,0.002085535966865025,3.111903508542253e-10,1.87779601563612e-06,2.4948711134520337e-12,1
916.0,263.9900000000083,306.37126577886755,0.0008514762276055958,0.09524293096721179,500003000.0,1.9825837506713846,9.988853636659769e-06,3.4570525235945593e-05,2.9932875998061305e-09,9.19381590948798e-08,0.002087411963571023,3.146352819290747e-10,1.8765589847005177e-06,2.5102588181200137e-12,1
917.0,263.9800000000083,306.1311951176423,0.0008511812315797934,0.09535064940394378,500003000.0,1.9885691155518521,9.991843162486922e-06,3.466226264420192e-05,2.989525827153101e-09,9.173740825632928e-08,0.0020892867251945673,3.181041691772383e-10,1.87532265780962e-06,2.5256907492218314e-12,1
918.0,263.9700000000083,305.8912922903918,0.0008508868130342843,0.09545837951954732,500003000.0,1.9945606057531462,9.994828933870106e-06,3.475380079439684e-05,2.9857713831837703e-09,9.153815019492318e-08,0.0020911602524358816,3.2159708562696744e-10,1.8740870346112365e-06,2.541166864067176e-12,1
919.0,263.96000000000834,305.6515571943242,0.000850592970478296,0.09556612131256144,500003000.0,2.0005581556749927,9.997810958115523e-06,3.4845141160168436e-05,2.9820242454178062e-09,9.13403657715958e-08,0.00209303254599485,3.251141040078586e-10,1.8728521147538234e-06,2.556687118104839e-12,1
920.0,263.95000000000834,305.4119897267034,0.0008502997024273473,0.09567387478148584,500003000.0,2.0065616994327145,1.0000789242506996e-05,3.49362851963517e-05,2.9782843914728845e-09,9.114403618326665e-08,0.00209490360657102,3.286552967464696e-10,1.8716178978870299e-06,2.572251464927694e-12,1
921.0,263.94000000000835,305.17258978484904,0.0008500070074019784,0.09578163992487135,500003000.0,2.0125711708598835,1.0003763794306055e-05,3.5027234339307116e-05,2.9745517990598108e-09,9.094914295541674e-08,0.0020967734348635997,3.3222073596195494e-10,1.870384383658967e-06,2.58785985628193e-12,1
922.0,263.93000000000836,304.93335726613634,0.0008497148839294601,0.09588941674123483,500003000.0,2.018586503511014,1.0006734620752044e-05,3.5117990007241824e-05,2.970826445988094e-09,9.07556679347107e-08,0.0020986420315714602,3.3581049346172074e-10,1.8691515717200403e-06,2.603512242071816e-12,1
923.0,263.9200000000084,304.6942920679963,0.0008494233305421505,0.09599720522912328,500003000.0,2.024607630664273,1.0009701729062204e-05,3.520855360052377e-05,2.9671083101597644e-09,9.056359328194963e-08,0.0021005093973931327,3.3942464073709795e-10,1.867919461719391e-06,2.6192085703681776e-12,1
924.0,263.9100000000084,304.45539408791535,0.0008491323457784587,0.09610500538708301,500003000.0,2.030634485324219,1.0012665126431777e-05,3.5298926501988905e-05,2.9633973695723336e-09,9.037290146512966e-08,0.0021023755330268133,3.430632489590355e-10,1.8666880533070853e-06,2.6349487874144227e-12,1
925.0,263.9000000000084,304.21666322343566,0.0008488419281825059,0.09621281721364892,500003000.0,2.0366670002245737,1.0015624820034094e-05,3.538911007724161e-05,2.9596936023171976e-09,9.018357525270353e-08,0.0021042404391703583,3.4672638897381307e-10,1.8654573461334306e-06,2.6507328376330238e-12,1
926.0,263.8900000000084,303.9780993721548,0.0008485520763039701,0.09632064070738627,500003000.0,2.0427051078310123,1.0018580817020672e-05,3.5479105674948674e-05,2.955996986578679e-09,8.999559770706729e-08,0.002106104116521289,3.50414131298775e-10,1.8642273398486983e-06,2.6665606636333258e-12,1
927.0,263.8800000000084,303.73970243172596,0.000848262788698306,0.09642847586685253,500003000.0,2.048748740343985,1.0021533124521306e-05,3.5568914627126825e-05,2.9523075006343894e-09,8.980895217814992e-08,0.0021079665657767876,3.5412654611808386e-10,1.8629980341036674e-06,2.68243220621726e-12,1
928.0,263.8700000000084,303.5014722998575,0.0008479740639267773,0.09653632269060915,500003000.0,2.0547978297015668,1.0024481749644162e-05,3.565853824942404e-05,2.948625122854932e-09,8.962362229721454e-08,0.0021098277876337025,3.5786370327849503e-10,1.8617694285497623e-06,2.6983474043862987e-12,1
929.0,263.8600000000084,303.26340887431337,0.0008476859005559276,0.09664418117722023,500003000.0,2.060852307582325,1.0027426699475863e-05,3.574797784139485e-05,2.944949831701658e-09,8.943959197081143e-08,0.002111687782788543,3.6162567228515305e-10,1.8605415228379458e-06,2.714306195348064e-12,1
930.0,263.85000000000844,303.025512052913,0.0008473982971577983,0.09675205132525794,500003000.0,2.066912105408222,1.003036798108159e-05,3.583723468676975e-05,2.941281605727029e-09,8.925684537489425e-08,0.0021135465519374814,3.654125222974082e-10,1.859314316619268e-06,2.7303085145230873e-12,1
931.0,263.84000000000844,302.78778173353084,0.0008471112523105243,0.09685993313330611,500003000.0,2.072977154347537,1.0033305601505167e-05,3.592631005371884e-05,2.9376204235762805e-09,8.907536694908759e-08,0.0021154040957763556,3.692243221246569e-10,1.858087809546226e-06,2.7463542955515006e-12,1
932.0,263.83000000000845,302.55021781409687,0.0008468247645972393,0.09696782659993994,500003000.0,2.0790473853178155,1.003623956776915e-05,3.601520519510992e-05,2.9339662639832335e-09,8.889514139108218e-08,0.002117260415000668,3.730611402222027e-10,1.8568620012704306e-06,2.7624434702990862e-12,1
933.0,263.82000000000846,302.3128201925963,0.0008465388326066711,0.09707573172374952,500003000.0,2.085122728988845,1.0039169886874921e-05,3.610392134876113e-05,2.9303191057719617e-09,8.871615365121167e-08,0.002119115510305582,3.769230446871408e-10,1.855636891443965e-06,2.7785759688644744e-12,1
934.0,263.8100000000085,302.0755887670694,0.0008462534549331719,0.09718364850332552,500003000.0,2.0912031157856514,1.0042096565802778e-05,3.619245973768827e-05,2.9266789278565075e-09,8.853838892713603e-08,0.0021209693823859292,3.8081010325426525e-10,1.8544124797195185e-06,2.794751719585324e-12,1
935.0,263.8000000000085,301.8385234356118,0.0008459686301763752,0.09729157693726873,500003000.0,2.097288475891525,1.0045019611512017e-05,3.628082157034695e-05,2.9230457092393068e-09,8.836183265868102e-08,0.0021228220319362023,3.847223832919986e-10,1.8531887657496867e-06,2.8109706490451533e-12,1
936.0,263.7900000000085,301.6016240963741,0.000845684356941602,0.09739951702417242,500003000.0,2.103378739251066,1.004793903094103e-05,3.636900804086973e-05,2.9194194290122115e-09,8.818647052278494e-08,0.0021246734596505616,3.886599517983463e-10,1.8519657491879282e-06,2.827232682079407e-12,1
937.0,263.7800000000085,301.3648906475621,0.0008454006338391394,0.09750746876264434,500003000.0,2.1094738355732585,1.0050854831007384e-05,3.645702032929834e-05,2.9158000663536045e-09,8.801228842860714e-08,0.0021265236662228303,3.926228753968753e-10,1.850743429687036e-06,2.843537741782635e-12,1
938.0,263.7700000000085,301.1283229874366,0.0008451174594850245,0.09761543215129613,500003000.0,2.115573694334562,1.0053767018607914e-05,3.654485960181107e-05,2.912187600530735e-09,8.78392725127317e-08,0.0021283726523464988,3.966112203327148e-10,1.8495218069009177e-06,2.859885749514763e-12,1
939.0,263.7600000000085,300.8919210143134,0.0008448348325003212,0.0977234071887422,500003000.0,2.1216782447820375,1.0056675600618811e-05,3.663252701094557e-05,2.9085820108968424e-09,8.766740913449897e-08,0.00213022041871472,4.006250524685846e-10,1.848300880483067e-06,2.8762766249076417e-12,1
940.0,263.7500000000085,300.65568462656347,0.0008445527515113389,0.09783139387360483,500003000.0,2.12778741593648,1.0059580583895702e-05,3.672002369581703e-05,2.9049832768915352e-09,8.749668487145926e-08,0.0021320669660203147,4.046644372808461e-10,1.847080650087102e-06,2.8927102858717885e-12,1
941.0,263.74000000000854,300.41961372261244,0.0008442712151502304,0.0979393922044972,500003000.0,2.133901136595591,1.0062481975273744e-05,3.680735078233195e-05,2.901391378042477e-09,8.732708651491991e-08,0.002133912294955769,4.087294398555796e-10,1.8458611153681318e-06,2.9091866486024995e-12,1
942.0,263.73000000000854,300.183708200941,0.0008439902220536986,0.09804740218005555,500003000.0,2.140019335337163,1.0065379781567705e-05,3.6894509383397593e-05,2.897806293960565e-09,8.715860106564413e-08,0.0021357564062132344,4.12820124884688e-10,1.8446422759799803e-06,2.9257056275873805e-12,1
943.0,263.72000000000855,299.9479679600847,0.0008437097708641622,0.09815542379891166,500003000.0,2.1461419405222886,1.0068274009572049e-05,3.69815005991272e-05,2.894228004343566e-09,8.699121572960537e-08,0.0021375993004845296,4.169365566620248e-10,1.8434241315777942e-06,2.9422671356122067e-12,1
944.0,263.71000000000856,299.712392898634,0.0008434298602288378,0.09826345705969988,500003000.0,2.1522688802985925,1.0071164666061022e-05,3.7068325517041075e-05,2.8906564889726085e-09,8.682491791387461e-08,0.0021394409784611375,4.2107879907955e-10,1.842206681816096e-06,2.9588710837677887e-12,1
945.0,263.7000000000086,299.476982915234,0.0008431504888003393,0.09837150196105865,500003000.0,2.1584000826034884,1.0074051757788736e-05,3.7154985212263676e-05,2.887091727713863e-09,8.665969522260301e-08,0.0021412814408342086,4.2524691562351237e-10,1.8409899263501409e-06,2.975517381456686e-12,1
946.0,263.6900000000086,299.2417379085846,0.0008428716552367078,0.09847955850164432,500003000.0,2.164535475167448,1.0076935291489254e-05,3.724148074771679e-05,2.8835337005182905e-09,8.649553545311244e-08,0.0021431206882945603,4.29440969370659e-10,1.8397738648360486e-06,2.9922059364003214e-12,1
947.0,263.6800000000086,299.0066577774404,0.0008425933582006824,0.09858762668009731,500003000.0,2.170674985517302,1.0079815273876673e-05,3.732781317430883e-05,2.879982387418782e-09,8.633242659204106e-08,0.002144958721532677,4.3366102298447155e-10,1.8385584969292564e-06,3.0089366546447484e-12,1
948.0,263.6700000000086,298.77174242061085,0.0008423155963597277,0.09869570649507266,500003000.0,2.1768185409795553,1.0082691711645203e-05,3.741398353112047e-05,2.8764377685299e-09,8.61703568116343e-08,0.0021467955412387105,4.379071387114306e-10,1.8373438222846394e-06,3.025709440568283e-12,1
949.0,263.6600000000086,298.53699173695986,0.0008420383683875862,0.09880379794523207,500003000.0,2.182966068683724,1.0085564611469256e-05,3.749999284558656e-05,2.8728998240528313e-09,8.600931446609359e-08,0.002148631148102479,4.421793783773095e-10,1.8361298405599512e-06,3.04252419688809e-12,1
950.0,263.6500000000086,298.3024056254061,0.0008417616729616424,0.09891190102923715,500003000.0,2.189117495565693,1.0088433980003522e-05,3.7585842133674576e-05,2.8693685342660263e-09,8.58492880880125e-08,0.002150465542813466,4.464778033834941e-10,1.8349165514101274e-06,3.0593808246668077e-12,1
951.0,263.6400000000086,298.0679839849226,0.0008414855087656193,0.09902001574575185,500003000.0,2.195272748371093,1.0091299823883056e-05,3.767153240005948e-05,2.8658438795340554e-09,8.569026638490557e-08,0.0021522987260608273,4.5080247470333457e-10,1.8337039544932206e-06,3.076279223319495e-12,1
952.0,263.63000000000864,297.8337267145372,0.000841209874486938,0.09912814209345458,500003000.0,2.2014317536587007,1.0094162149723355e-05,3.775706463829531e-05,2.8623258402982574e-09,8.553223823582655e-08,0.0021541306985333837,4.5515345287852343e-10,1.832492049464697e-06,3.0932192906208866e-12,1
953.0,263.62000000000864,297.59963371333197,0.0008409347688194182,0.0992362800710163,500003000.0,2.20759443780385,1.009702096412044e-05,3.784243983098335e-05,2.85881439708559e-09,8.537519268803904e-08,0.0021559614609196246,4.59530798015505e-10,1.8312808359833724e-06,3.1102009227116965e-12,1
954.0,263.61000000000865,297.3657048804436,0.0008406601904604428,0.09934442967711417,500003000.0,2.2137607270018704,1.009987627365094e-05,3.792765894993714e-05,2.8553095304986413e-09,8.521911895379372e-08,0.002157791013907707,4.639345697819141e-10,1.8300703137052918e-06,3.127224014106009e-12,1
955.0,263.60000000000866,297.1319401150633,0.0008403861381128957,0.09945259091042882,500003000.0,2.21993054727154,1.0102728084872162e-05,3.801272295634431e-05,2.8518112212218785e-09,8.506400640716761e-08,0.002159619358185456,4.683648274030444e-10,1.828860482288e-06,3.1442884576982202e-12,1
956.0,263.5900000000087,296.8983393164364,0.0008401126104850016,0.09956076376965911,500003000.0,2.2261038244585567,1.0105576404322182e-05,3.80976328009253e-05,2.848319450020756e-09,8.490984458099071e-08,0.0021614464944403663,4.728216296583496e-10,1.8276513413902432e-06,3.16139414477055e-12,1
957.0,263.5800000000087,296.66490238386285,0.0008398396062892052,0.09966894825349021,500003000.0,2.2322804842390314,1.010842123851992e-05,3.818238942408911e-05,2.844834197737584e-09,8.475662316380687e-08,0.0021632724233596017,4.773050348779732e-10,1.8264428906695858e-06,3.17854096499922e-12,1
958.0,263.5700000000087,296.4316292166967,0.0008395671242431574,0.0997771443606184,500003000.0,2.2384604521229874,1.0111262593965214e-05,3.8266993756086056e-05,2.8413554452945285e-09,8.460433199694935e-08,0.0021650971456299937,4.818151009393081e-10,1.8252351297846002e-06,3.1957288064623387e-12,1
959.0,263.5600000000087,296.19851971434645,0.0008392951630687832,0.09988535208974224,500003000.0,2.2446436534578957,1.0114100477138904e-05,3.835144671715772e-05,2.837883173690133e-09,8.44529610716572e-08,0.0021669206619380436,4.863518852635943e-10,1.8240280583929e-06,3.2129575556468703e-12,1
960.0,263.5500000000087,295.9655737762749,0.0008390237214932701,0.09999357143957154,500003000.0,2.2508300134322075,1.0116934894502907e-05,3.843574921768399e-05,2.8344173640023254e-09,8.430250052627132e-08,0.00216874297296992,4.909154448125405e-10,1.8228216761533301e-06,3.2302270974561474e-12,1
961.0,263.5400000000087,295.73279130199876,0.0008387527982492897,0.10010180240880726,500003000.0,2.2570194570789175,1.0119765852500296e-05,3.851990215832746e-05,2.830957997388838e-09,8.415294064347189e-08,0.0021705640794114638,4.955058360849834e-10,1.821615982726507e-06,3.247537315216592e-12,1
962.0,263.5300000000087,295.5001721910893,0.0008384823920725262,0.10021004499616759,500003000.0,2.2632119092791343,1.0122593357555375e-05,3.8603906430175075e-05,2.827505055078528e-09,8.40042718476141e-08,0.002172383981948184,5.001231151135773e-10,1.8204109777694912e-06,3.2648880906858534e-12,1
963.0,263.52000000000874,295.26771634317157,0.0008382125017053569,0.10031829920036026,500003000.0,2.2694072947656747,1.0125417416073759e-05,3.868776291487716e-05,2.8240585183834842e-09,8.385648470208246e-08,0.0021742026812652604,5.047673374615176e-10,1.8192066609438364e-06,3.2822793040593974e-12,1
964.0,263.51000000000874,295.03542365792504,0.0008379431258930327,0.10042656502010981,500003000.0,2.275605538126664,1.0128238034442445e-05,3.877147248478391e-05,2.820618368685819e-09,8.370956990674722e-08,0.0021760201780475414,5.094385582192966e-10,1.8180030319073443e-06,3.2997108339787935e-12,1
965.0,263.50000000000875,294.80329403508307,0.0008376742633867846,0.10053484245414764,500003000.0,2.281806563809162,1.0131055219029893e-05,3.8855036003079356e-05,2.817184587447819e-09,8.356351829544887e-08,0.002177836472979547,5.141368320014934e-10,1.8168000903208563e-06,3.3171825575389496e-12,1
966.0,263.49000000000876,294.57132737443305,0.000837405912942119,0.10064313150118355,500003000.0,2.2880102961227937,1.0133868976186099e-05,3.893845432391288e-05,2.8137571562058786e-09,8.341832083352441e-08,0.0021796515667454656,5.188622129435981e-10,1.815597835844601e-06,3.3346943502948054e-12,1
967.0,263.4800000000088,294.33952357581654,0.0008371380733186498,0.10075143215996141,500003000.0,2.2942166592434,1.0136679312242668e-05,3.9021728292528333e-05,2.810336056569632e-09,8.327396861545357e-08,0.002181465460029157,5.236147546988693e-10,1.814396268137885e-06,3.3522460862706858e-12,1
968.0,263.4700000000088,294.1078825391288,0.0008368707432818646,0.10085974442921629,500003000.0,2.300425577216704,1.0139486233512896e-05,3.9104858745390814e-05,2.8069212702275612e-09,8.313045286248131e-08,0.002183278153514155,5.28394510435227e-10,1.8131953868629636e-06,3.3698376379666833e-12,1
969.0,263.4600000000088,293.8764041643193,0.000836603921600253,0.10096806830768551,500003000.0,2.3066369739619845,1.0142289746291833e-05,3.918784651031115e-05,2.803512778937049e-09,8.298776492033381e-08,0.002185089647883659,5.332015328321794e-10,1.811995191678868e-06,3.3874688763667323e-12,1
970.0,263.4500000000088,293.6450883513913,0.0008363376070480393,0.1010764037941088,500003000.0,2.3128507732757693,1.0145089856856367e-05,3.9270692406568125e-05,2.8001105645332332e-09,8.28458962569767e-08,0.0021868999438205416,5.38035874077785e-10,1.8107956822473701e-06,3.4051396709464305e-12,1
971.0,263.4400000000088,293.41393500040164,0.0008360717984042443,0.1011847508872366,500003000.0,2.3190668988355356,1.0147886571465293e-05,3.935339724502855e-05,2.7967146089255524e-09,8.27048384604283e-08,0.002188709042007349,5.428975858656513e-10,1.8095968582310067e-06,3.4228498896811788e-12,1
972.0,263.4300000000088,293.1829440114616,0.0008358064944503859,0.1012931095858173,500003000.0,2.325285274203429,1.0150679896359383e-05,3.943596182826516e-05,2.793324894089742e-09,8.256458323660422e-08,0.002190516943126294,5.477867193919679e-10,1.808398719288135e-06,3.4405993990536926e-12,1
973.0,263.4200000000088,292.95211528473567,0.0008355416939753504,0.10140147988860684,500003000.0,2.3315058228299903,1.0153469837761466e-05,3.951838695067238e-05,2.789941402083825e-09,8.242512240722631e-08,0.0021923236478592653,5.527033253525759e-10,1.807201265083533e-06,3.458388064062314e-12,1
974.0,263.41000000000884,292.72144872044237,0.0008352773957703793,0.1015098617943623,500003000.0,2.337728468057893,1.0156256401876497e-05,3.9600673398580143e-05,2.786564115031051e-09,8.228644790776399e-08,0.0021941291568878217,5.57647453940074e-10,1.8060044952775958e-06,3.4762157482288442e-12,1
975.0,263.40000000000884,292.490944218854,0.0008350135986316146,0.10161825530184002,500003000.0,2.343953133125698,1.0159039594891626e-05,3.968282195036557e-05,2.7831930151280956e-09,8.214855178542373e-08,0.0021959334708931935,5.626191548409608e-10,1.8048084095318846e-06,3.4940823136065977e-12,1
976.0,263.39000000000885,292.26060168029636,0.0008347503013607109,0.10172666040981075,500003000.0,2.3501797411716137,1.0161819422976272e-05,3.976483337656277e-05,2.779828084646807e-09,8.201142619719445e-08,0.0021977365905562827,5.67618477232815e-10,1.8036130075104983e-06,3.5119876207890756e-12,1
977.0,263.38000000000886,292.030421005149,0.0008344875027623339,0.10183507711703882,500003000.0,2.3564082152372667,1.0164595892282197e-05,3.984670843997067e-05,2.7764693059255602e-09,8.187506340790746e-08,0.0021995385165576664,5.726454697815096e-10,1.802418288874712e-06,3.5299315289175154e-12,1
978.0,263.3700000000089,291.8004020938451,0.0008342252016461303,0.10194350542230311,500003000.0,2.3626384782714887,1.0167369008943572e-05,3.992844789575904e-05,2.773116661375534e-09,8.17394557883692e-08,0.0022013392495775913,5.777001806384695e-10,1.8012242532872784e-06,3.5479138956898896e-12,1
979.0,263.3600000000089,291.5705448468715,0.0008339633968263649,0.10205194532437384,500003000.0,2.3688704531341065,1.017013877907705e-05,4.001005249157254e-05,2.769770133479202e-09,8.160459581350026e-08,0.0022031387902959774,5.827826574379606e-10,1.8000309004116883e-06,3.5659345773684965e-12,1
980.0,263.3500000000089,291.3408491647683,0.0008337020871217536,0.10216039682203049,500003000.0,2.3751040625997435,1.017290520878184e-05,4.0091522967633086e-05,2.7664297047894844e-09,8.147047606054481e-08,0.0022049371393924196,5.878929472944203e-10,1.7988382299118563e-06,3.5839934287889835e-12,1
981.0,263.3400000000089,291.11131494812963,0.0008334412713539253,0.10226885991406225,500003000.0,2.3813392293616307,1.0175668304139764e-05,4.017286005684039e-05,2.763095357924354e-09,8.133708920730421e-08,0.002206734297546182,5.930310967998254e-10,1.7976462414488411e-06,3.60209030336885e-12,1
982.0,263.3300000000089,290.8819420976026,0.0008331809483511577,0.10237733459924687,500003000.0,2.3875758760354286,1.0178428071215343e-05,4.025406448487078e-05,2.759767075578946e-09,8.1204428030392e-08,0.002208530265436205,5.981971520210992e-10,1.796454934688957e-06,3.6202250531153098e-12,1
983.0,263.3200000000089,290.652730513888,0.0008329211169439109,0.10248582087638175,500003000.0,2.3938139251630517,1.0181184516055853e-05,4.033513697027435e-05,2.7564448405104516e-09,8.107248540356365e-08,0.0022103250437411005,6.033911584975561e-10,1.7952643092941775e-06,3.638397528634925e-12,1
984.0,263.3100000000089,290.42368009774003,0.0008326617759683699,0.10259431874425573,500003000.0,2.4000532992165065,1.0183937644691401e-05,4.041607822457038e-05,2.753128635549581e-09,8.094125429603769e-08,0.0022121186331391556,6.08613161238386e-10,1.794074364929821e-06,3.656607579141376e-12,1
985.0,263.30000000000894,290.1947907499664,0.0008324029242637314,0.10270282820166396,500003000.0,2.4062939206017324,1.0186687463134993e-05,4.049688895234127e-05,2.749818443591293e-09,8.081072777088288e-08,0.002213911034308329,6.138632047201793e-10,1.7928851012587443e-06,3.674855052464682e-12,1
986.0,263.29000000000894,289.9660623714278,0.0008321445606749703,0.10281134924741168,500003000.0,2.412535711662453,1.0189433977382596e-05,4.05775698513247e-05,2.7465142476036644e-09,8.068089898343095e-08,0.0022157022479262563,6.191413328844875e-10,1.7916965179473474e-06,3.693139795060154e-12,1
987.0,263.28000000000895,289.7374948630387,0.0008318866840495337,0.10291988188030157,500003000.0,2.418778594684033,1.0192177193413213e-05,4.0658121612504405e-05,2.743216030616683e-09,8.05517611797096e-08,0.002217492274670243,6.244475891354291e-10,1.7905086146584944e-06,3.711461652016849e-12,1
988.0,263.27000000000896,289.5090881257665,0.0008316292932405025,0.10302842609914335,500003000.0,2.425022491897339,1.0194917117188946e-05,4.073854492019933e-05,2.739923775732411e-09,8.042330769492425e-08,0.002219281115217272,6.297820163373313e-10,1.7893213910583626e-06,3.7298204670668325e-12,1
989.0,263.260000000009,289.280842060632,0.0008313723871040659,0.10313698190273624,500003000.0,2.4312673254826076,1.0197653754655062e-05,4.081884045215128e-05,2.7366374661163815e-09,8.029553195195048e-08,0.0022210687702439993,6.351446568124113e-10,1.7881348468110538e-06,3.748216082593579e-12,1
990.0,263.250000000009,289.05275656870924,0.0008311159645015096,0.10324554928990554,500003000.0,2.4375130175733246,1.0200387111740066e-05,4.089900887961118e-05,2.7333570850038674e-09,8.016842745989721e-08,0.002222855240426756,6.405355523385037e-10,1.7869489815829093e-06,3.766648339642311e-12,1
991.0,263.240000000009,288.8248315511254,0.0008308600242974718,0.10335412825946363,500003000.0,2.4437594902600956,1.0203117194355759e-05,4.097905086742382e-05,2.730082615693868e-09,8.004198781264341e-08,0.0022246405264415466,6.459547441468217e-10,1.785763795038799e-06,3.785117077927785e-12,1
992.0,263.230000000009,288.5970669090608,0.0008306045653611476,0.1034627188102351,500003000.0,2.450006665594536,1.0205844008397312e-05,4.1058967074111274e-05,2.7268140415528035e-09,7.991620668745123e-08,0.0022264246289640526,6.514022729197652e-10,1.7845792868447566e-06,3.8036221358443616e-12,1
993.0,263.220000000009,288.3694625437489,0.0008303495865657232,0.10357132094103633,500003000.0,2.4562544655931555,1.0208567559743324e-05,4.113875815195485e-05,2.723551346012384e-09,7.979107784357425e-08,0.002228207548669629,6.568781787887642e-10,1.7833954566668044e-06,3.822163350474568e-12,1
994.0,263.210000000009,288.1420183564763,0.0008300950867883995,0.10367993465070076,500003000.0,2.462502812241249,1.0211287854255895e-05,4.121842474707577e-05,2.7202945125694173e-09,7.966659512092603e-08,0.0022299892862333074,6.623825013321682e-10,1.782212304171042e-06,3.840740557599292e-12,1
995.0,263.200000000009,287.91473424858253,0.0008298410649104171,0.1037885599380569,500003000.0,2.468751627496793,1.021400489778068e-05,4.129796749951451e-05,2.717043524785626e-09,7.954275243874189e-08,0.0022317698423297916,6.67915279573176e-10,1.7810298290237426e-06,3.859353591706427e-12,1
996.0,263.19000000000904,287.68761012146035,0.0008295875198168817,0.10389719680194334,500003000.0,2.4750008332943403,1.0216718696146966e-05,4.137738704330881e-05,2.7137983662868117e-09,7.94195437942933e-08,0.002233549217633464,6.734765519778053e-10,1.7798480308910198e-06,3.878002286000835e-12,1
997.0,263.18000000000904,287.4606458765552,0.0008293344503979752,0.10400584524118807,500003000.0,2.4812503515489235,1.0219429255167732e-05,4.145668400657041e-05,2.71055902076655e-09,7.929696326160276e-08,0.002235327412818382,6.790663564529064e-10,1.7786669094414623e-06,3.896686472413154e-12,1
998.0,263.17000000000905,287.23384141536576,0.0008290818555460139,0.10411450525463191,500003000.0,2.4875001041599516,1.0222136580639708e-05,4.153585901156062e-05,2.707325471976311e-09,7.917500499021519e-08,0.0022371044285582793,6.846847303442155e-10,1.7774864643398694e-06,3.915405981610196e-12,1
999.0,263.16000000000906,287.0071966394436,0.0008288297341586346,0.10422317684112263,500003000.0,2.4937500130151222,1.0224840678343444e-05,4.161491267476459e-05,2.704097703735616e-09,7.905366320397273e-08,0.0022388802655265647,6.903317104344562e-10,1.7763066952541172e-06,3.934160643004399e-12,1
1000.0,263.1500000000091,286.78071145039286,0.0008285780851378335,0.1043318599995096,500003000.0,2.4999999999943157,1.0227541554043374e-05,4.169384560696441e-05,2.7008756999286314e-09,7.893293219981408e-08,0.0022406549243963237,6.960073329414742e-10,1.7751276018531418e-06,3.9529502847633325e-12,1
1001.0,263.1400000000091,286.5543857498711,0.000828326907387609,0.10444055472863532,500003000.0,2.5062499869735086,1.023023921348787e-05,4.1772658413311006e-05,2.6976594444962237e-09,7.881280634659495e-08,0.002242428405840318,7.017116335164214e-10,1.773949183801923e-06,3.971774733819174e-12,1
1002.0,263.1300000000091,286.3282194395881,0.0008280761998183468,0.10454926102734959,500003000.0,2.5124998958286793,1.023293366240932e-05,4.185135169339496e-05,2.694448921450005e-09,7.869328008394771e-08,0.0022442007105309843,7.07444647241983e-10,1.7727714407709223e-06,3.99063381587905e-12,1
1003.0,263.1200000000091,286.102212421307,0.0008278259613418851,0.10465797889452232,500003000.0,2.5187496484397087,1.0235624906524176e-05,4.192992604131612e-05,2.691244114855998e-09,7.85743479211618e-08,0.002245971839140439,7.132064086306423e-10,1.7715943724255502e-06,4.0095273554353774e-12,1
1004.0,263.1100000000091,285.87636459684325,0.0008275761908763016,0.10476670832900005,500003000.0,2.5249991666942924,1.0238312951533026e-05,4.2008382045752166e-05,2.6880450088499633e-09,7.845600443604688e-08,0.0022477417923404746,7.189969516229947e-10,1.7704179784364526e-06,4.028455175774279e-12,1
1005.0,263.1000000000091,285.6506758680654,0.0008273268873413672,0.10487544932964538,500003000.0,2.5312483724918406,1.0240997803120648e-05,4.208672029002604e-05,2.6848515876223704e-09,7.833824427387534e-08,0.0022495105708025573,7.248163095860996e-10,1.7692422584698216e-06,4.047417098986992e-12,1
1006.0,263.0900000000091,285.4251461368942,0.0008270780496631438,0.10498420189532735,500003000.0,2.5374971877473844,1.0243679466956081e-05,4.216494135217235e-05,2.6816638354330773e-09,7.822106214631137e-08,0.002251278175197837,7.3066451531188e-10,1.7680672121972678e-06,4.066412945979621e-12,1
1007.0,263.08000000000914,285.1997753053037,0.0008268296767684329,0.10509296602491501,500003000.0,2.5437455343954793,1.0246357948692674e-05,4.224304580500272e-05,2.6784817365930696e-09,7.810445283036241e-08,0.0022530446061971338,7.365416010155638e-10,1.7668928392839864e-06,4.085442536483029e-12,1
1008.0,263.07000000000914,284.9745632753201,0.000826581767590774,0.10520174171727244,500003000.0,2.5499933343941,1.0249033253968159e-05,4.232103421617007e-05,2.6753052754836695e-09,7.79884111673519e-08,0.002254809864470951,7.424475983341663e-10,1.7657191394016217e-06,4.104505689062853e-12,1
1009.0,263.06000000000915,284.7495099490225,0.0008263343210654854,0.10531052897128089,500003000.0,2.556240509728542,1.0251705388404699e-05,4.2398907148231996e-05,2.6721344365402127e-09,7.787293206193017e-08,0.0022565739506894647,7.483825383250221e-10,1.7645461122176989e-06,4.123602221130562e-12,1
1010.0,263.05000000000916,284.5246152285424,0.0008260873361332776,0.10541932778581181,500003000.0,2.5624869824153143,1.0254374357608962e-05,4.2476665158713066e-05,2.6689692042635096e-09,7.77580104810701e-08,0.002258336865522533,7.543464514643561e-10,1.7633737574033881e-06,4.142731948952787e-12,1
1011.0,263.0400000000092,284.29987901606387,0.000825840811737281,0.10552813815974992,500003000.0,2.568732674506032,1.0257040167172172e-05,4.255430880016618e-05,2.6658095632099807e-09,7.764364145311649e-08,0.0022600986096396897,7.603393676459004e-10,1.7622020746271882e-06,4.161894687662539e-12,1
1012.0,263.0300000000092,284.0753012138234,0.0008255947468250663,0.10563696009197338,500003000.0,2.574977508091303,1.025970282267017e-05,4.263183862023301e-05,2.662655497997955e-09,7.75298200668236e-08,0.002261859183710149,7.663613161795551e-10,1.7610310635592792e-06,4.181090251268896e-12,1
1013.0,263.0200000000092,283.8508817241103,0.0008253491403472663,0.10574579358137391,500003000.0,2.58122140530461,1.0262362329663473e-05,4.2709255161703446e-05,2.6595069933029815e-09,7.741654147043816e-08,0.002263618588402799,7.724123257900928e-10,1.7598607238686185e-06,4.200318452668232e-12,1
1014.0,263.0100000000092,283.626620449266,0.0008251039912594004,0.10585463862683815,500003000.0,2.5874642883261916,1.0265018693697336e-05,4.278655896257422e-05,2.6563640338634675e-09,7.730380087077327e-08,0.0022653768243862107,7.784924246159089e-10,1.758691055226869e-06,4.219579103654073e-12,1
1015.0,263.0000000000092,283.4025172916843,0.0008248592985200964,0.10596349522725297,500003000.0,2.593706079386915,1.0267671920301811e-05,4.2863750556106537e-05,2.65322660447471e-09,7.71915935323155e-08,0.002267133892328634,7.84601640207815e-10,1.7575220573046381e-06,4.2388720149278745e-12,1
1016.0,262.9900000000092,283.17857215381173,0.0008246150610907082,0.10607236338151523,500003000.0,2.5999467007721435,1.0270322014991798e-05,4.294083047088289e-05,2.650094689987441e-09,7.707991477635185e-08,0.0022688897928979926,7.907399995278758e-10,1.7563537297707047e-06,4.258196996110028e-12,1
1017.0,262.9800000000092,282.9547849381469,0.000824371277937746,0.10618124308852352,500003000.0,2.6061860748256,1.0272968983267113e-05,4.3017799230862994e-05,2.6469682753154063e-09,7.69687599801008e-08,0.002270644526761894,7.969075289482933e-10,1.7551860722972321e-06,4.2775538557502756e-12,1
1018.0,262.97000000000924,282.7311555472407,0.0008241279480308933,0.10629013434718199,500003000.0,2.6124241239532258,1.0275612830612543e-05,4.309465735543886e-05,2.6438473454287527e-09,7.6858124575867e-08,0.0022723980945876243,8.031042542503348e-10,1.7540190845555757e-06,4.296942401338586e-12,1
1019.0,262.96000000000925,282.50768388369653,0.000823885070342624,0.10639903715638392,500003000.0,2.618660770627026,1.0278253562497895e-05,4.3171405359489055e-05,2.640731885352577e-09,7.674800405019862e-08,0.0022741504970421452,8.093302006233033e-10,1.7528527662155063e-06,4.316362439315352e-12,1
1020.0,262.95000000000925,282.28436985017004,0.0008236426438498328,0.10650795151504076,500003000.0,2.6248959373889162,1.0280891184378067e-05,4.324804375343215e-05,2.6376218801719274e-09,7.663839394309003e-08,0.002275901734792102,8.155853926635559e-10,1.7516871169487165e-06,4.335813775083341e-12,1
1021.0,262.94000000000926,282.06121334936876,0.0008234006675338608,0.10661687742206148,500003000.0,2.631129546854556,1.0283525701693099e-05,4.332457304327931e-05,2.6345173150316453e-09,7.652928984716616e-08,0.0022776518085038193,8.218698543735643e-10,1.7505221364289051e-06,4.3552962130178176e-12,1
1022.0,262.9300000000093,281.8382142840528,0.0008231591403772917,0.10672581487635922,500003000.0,2.6373615217171764,1.0286157119868226e-05,4.340099373068621e-05,2.631418175125884e-09,7.64206874068997e-08,0.002279400718843299,8.281836091610224e-10,1.7493578243250002e-06,4.374809556477762e-12,1
1023.0,262.9200000000093,281.61537255703433,0.0008229180613682044,0.10683476387684218,500003000.0,2.6435917847514023,1.0288785444313937e-05,4.3477306313004045e-05,2.628324445711501e-09,7.631258231783235e-08,0.0022811484664762237,8.345266798379977e-10,1.7481941803102355e-06,4.394353607816528e-12,1
1024.0,262.9100000000093,281.3926880711776,0.0008226774294975762,0.10694372442243133,500003000.0,2.649820258817059,1.0291410680426037e-05,4.355351128332987e-05,2.6252361120995177e-09,7.620497032582746e-08,0.002282895052067957,8.408990886201266e-10,1.747031204056666e-06,4.413928168393558e-12,1
1025.0,262.9000000000093,281.170160729399,0.0008224372437599075,0.10705269651204521,500003000.0,2.6560468668629778,1.0294032833585694e-05,4.362960913055619e-05,2.6221531596568955e-09,7.609784722631485e-08,0.002284640476283542,8.473008571258586e-10,1.745868895236525e-06,4.43353303858493e-12,1
1026.0,262.8900000000093,280.947790434667,0.000822197503153446,0.1071616801446078,500003000.0,2.662271531930786,1.02966519091595e-05,4.370560033941975e-05,2.619075573807029e-09,7.59912088635642e-08,0.0022863847397877027,8.53732006375739e-10,1.7447072535227385e-06,4.453168017794797e-12,1
1027.0,262.8800000000093,280.7255770900021,0.0008219582066793988,0.10727067531904418,500003000.0,2.668494177158693,1.0299267912499527e-05,4.3781485390549714e-05,2.616003340027018e-09,7.588505112996332e-08,0.002288127843244843,8.601925567917444e-10,1.7435462785872842e-06,4.47283290446641e-12,1
1028.0,262.8700000000093,280.5035205984768,0.0008217193533431675,0.10737968203427725,500003000.0,2.6747147257852575,1.0301880848943378e-05,4.385726476051502e-05,2.612936443851376e-09,7.577936996531023e-08,0.002289869787319049,8.66682528196656e-10,1.7423859701038447e-06,4.49252749609323e-12,1
1029.0,262.86000000000934,280.28162086321566,0.0008214809421531553,0.10748870028923899,500003000.0,2.680933101153155,1.0304490723814247e-05,4.393293892187115e-05,2.6098748708680195e-09,7.567416135612731e-08,0.0022916105726740865,8.732019398134839e-10,1.7412263277453118e-06,4.512251589230664e-12,1
1030.0,262.85000000000935,280.0598777873951,0.0008212429721209889,0.10759773008286287,500003000.0,2.687149226712926,1.0307097542420965e-05,4.400850834320613e-05,2.606818606718757e-09,7.556942133497518e-08,0.002293350199973402,8.797508102649312e-10,1.7400673511842884e-06,4.532004979507084e-12,1
1031.0,262.84000000000935,279.8382912742435,0.0008210054422627581,0.1077067714140878,500003000.0,2.6933630260267143,1.0309701310058067e-05,4.4083973489185914e-05,2.60376763710301e-09,7.546514597978625e-08,0.0022950886698801234,8.863291575729077e-10,1.7389090400957507e-06,4.551787461635345e-12,1
1032.0,262.83000000000936,279.61686122704117,0.000820768351596397,0.10781582428184944,500003000.0,2.6995744227719998,1.0312302032005836e-05,4.415933482059912e-05,2.600721947769287e-09,7.53613314132021e-08,0.002296825983057061,8.929369991580864e-10,1.7377513941515302e-06,4.571598829423882e-12,1
1033.0,262.8200000000094,279.39558754912025,0.0008205316991445477,0.10792488868508593,500003000.0,2.705783340745308,1.031489971353036e-05,4.423459279440105e-05,2.597681524524055e-09,7.525797380193145e-08,0.002298562140166705,8.995743518395033e-10,1.7365944130264122e-06,4.5914388757883555e-12,1
1034.0,262.8100000000094,279.17447014386465,0.0008202954839331609,0.10803396462274352,500003000.0,2.7119897038659198,1.0317494359883587e-05,4.430974786375717e-05,2.5946463532270855e-09,7.515506935611948e-08,0.002300297141871229,9.062412318342081e-10,1.7354380963952034e-06,4.611307392763389e-12,1
1035.0,262.8000000000094,278.9535089147102,0.0008200597049904965,0.10814305209376612,500003000.0,2.718193436179556,1.0320085976303375e-05,4.438480047808588e-05,2.5916164197880904e-09,7.505261432871784e-08,0.002302030988832487,9.129376547569507e-10,1.7342824439306518e-06,4.631204171513659e-12,1
1036.0,262.7900000000094,278.73270376514444,0.0008198243613491803,0.10825215109710805,500003000.0,2.7243944618620586,1.0322674568013548e-05,4.4459751083100766e-05,2.5885917101730102e-09,7.495060501488063e-08,0.002303763681712014,9.196636356199232e-10,1.7331274553078248e-06,4.6511290023459985e-12,1
1037.0,262.7800000000094,278.51205459870675,0.0008195894520447996,0.1083612616317091,500003000.0,2.7305927052230534,1.0325260140223948e-05,4.453460012085211e-05,2.585572210399376e-09,7.484903775134637e-08,0.002305495221171031,9.264191888325372e-10,1.7319731302011797e-06,4.6710816747199865e-12,1
1038.0,262.7700000000094,278.29156131898793,0.0008193549761169431,0.10847038369653293,500003000.0,2.736788090709599,1.0327842698130487e-05,4.460934802976798e-05,2.5825579065393714e-09,7.474790891587167e-08,0.0023072256078704376,9.332043282012526e-10,1.7308194682867805e-06,4.691061977261131e-12,1
1039.0,262.7600000000094,278.07122382963087,0.0008191209326067709,0.108579517290532,500003000.0,2.7429805429098213,1.0330422246915199e-05,4.4683995244694606e-05,2.579548784711974e-09,7.464721492662714e-08,0.002308954842470815,9.400190669294475e-10,1.7296664692372024e-06,4.7110696977711266e-12,1
1040.0,262.75000000000944,277.8510420343298,0.0008188873205609152,0.10868866241266487,500003000.0,2.7491699865565367,1.0332998791746294e-05,4.475854219693624e-05,2.576544831095046e-09,7.454695224163773e-08,0.0023106829256324328,9.468634176173353e-10,1.7285141327298056e-06,4.731104623240279e-12,1
1041.0,262.74000000000945,277.63101583683067,0.0008186541390276185,0.10879781906188694,500003000.0,2.7553563465308537,1.0335572337778206e-05,4.4832989314294454e-05,2.573546031912958e-09,7.44471173582152e-08,0.002312409858015236,9.537373922619237e-10,1.7273624584386006e-06,4.75116653985884e-12,1
1042.0,262.73000000000945,277.4111451409312,0.0008184213870590016,0.1089069872371702,500003000.0,2.7615395478657683,1.0338142890151649e-05,4.490733702110687e-05,2.5705523734435363e-09,7.434770681241917e-08,0.0023141356402788583,9.606410022570217e-10,1.7262114460390778e-06,4.771255233029614e-12,1
1043.0,262.72000000000946,277.1914298504803,0.0008181890637110859,0.10901616693747695,500003000.0,2.767719515749731,1.0340710453993668e-05,4.498158573828537e-05,2.56756384201792e-09,7.424871717849786e-08,0.0023158602730826137,9.675742583932872e-10,1.7250610952082772e-06,4.791370487378673e-12,1
1044.0,262.7100000000095,276.97186986937874,0.0008179571680417631,0.10912535816177729,500003000.0,2.7738961755302105,1.034327503441768e-05,4.505573588335374e-05,2.5645804240139883e-09,7.415014506836605e-08,0.002317583757085498,9.745371708583221e-10,1.7239114056205358e-06,4.811512086767904e-12,1
1045.0,262.7000000000095,276.75246510157876,0.0008177256991130696,0.1092345609090366,500003000.0,2.7800694527172336,1.0345836636523544e-05,4.512978787048481e-05,2.5616021058633082e-09,7.405198713107324e-08,0.002319306092946194,9.8152974923681e-10,1.7227623769523216e-06,4.831679814306358e-12,1
1046.0,262.6900000000095,276.53321545108383,0.0008174946559905931,0.1093437751782331,500003000.0,2.7862392729869097,1.0348395265397593e-05,4.520374211053711e-05,2.558628874049061e-09,7.395424005229924e-08,0.0023210272813230653,9.885520025107015e-10,1.721614008881005e-06,4.851873452362872e-12,1
1047.0,262.6800000000095,276.31412082194925,0.0008172640377416418,0.10945300096833616,500003000.0,2.7924055621849364,1.0350950926112693e-05,4.527759901109095e-05,2.5556607151001197e-09,7.385690055383403e-08,0.0023227473228741593,9.956039390594358e-10,1.7204663010810322e-06,4.872092782577065e-12,1
1048.0,262.6700000000095,276.09518111828135,0.0008170338434387588,0.10956223827833776,500003000.0,2.7985682463300927,1.0353503623728294e-05,4.535135897648404e-05,2.552697615601851e-09,7.375996539309947e-08,0.002324466218257209,1.0026855666602176e-09,1.7193192532313582e-06,4.892337585872607e-12,1
1049.0,262.6600000000095,275.8763962442381,0.0008168040721554223,0.1096714871071976,500003000.0,2.804727251617707,1.0356053363290477e-05,4.542502240784667e-05,2.5497395621824755e-09,7.36634313626249e-08,0.0023261839681296293,1.0097968924883261e-09,1.7181728650064233e-06,4.912607642466888e-12,1
1050.0,262.6500000000095,275.6577661040287,0.0008165747229701813,0.10978074745391309,500003000.0,2.810882504423114,1.0358600149832003e-05,4.549858970313628e-05,2.5467865415257966e-09,7.356729528960971e-08,0.002327900573148521,1.0169379231174777e-09,1.7170271360848869e-06,4.932902731885924e-12,1
1051.0,262.64000000000954,275.43929060191385,0.0008163457949635854,0.10989001931746264,500003000.0,2.8170339313050903,1.0361143988372364e-05,4.5572061257171695e-05,2.5438385403614216e-09,7.347155403541407e-08,0.0023296160339706666,1.0241086645202262e-09,1.715882066143195e-06,4.953222632974005e-12,1
1052.0,262.63000000000955,275.2209696422054,0.0008161172872196471,0.10999930269683372,500003000.0,2.8231814590092656,1.0363684883917834e-05,4.564543746166681e-05,2.5408955454691356e-09,7.337620449511076e-08,0.0023313303512525366,1.0313091220684078e-09,1.7147376548586876e-06,4.973567123906888e-12,1
1053.0,262.62000000000955,275.0028031292664,0.0008158891988256551,0.11010859759102257,500003000.0,2.8293250144715265,1.0366222841461511e-05,4.571871870526383e-05,2.537957543678125e-09,7.328124359702702e-08,0.002333043525650281,1.0385393005336336e-09,1.7135939019092306e-06,4.993935982203861e-12,1
1054.0,262.61000000000956,274.78479096751136,0.0008156615288715729,0.11021790399901052,500003000.0,2.835464524821388,1.0368757865983375e-05,4.579190537356611e-05,2.5350245218649214e-09,7.31866683022793e-08,0.0023347555578197396,1.045799204087818e-09,1.7124508069719864e-06,5.0143289847387894e-12,1
1055.0,262.6000000000096,274.5669330614059,0.0008154342764508855,0.11032722191979986,500003000.0,2.8415999173853557,1.0371289962450331e-05,4.5864997849170466e-05,2.5320964669558428e-09,7.309247560435244e-08,0.0023364664484164343,1.0530888363037568e-09,1.7113083697252146e-06,5.034745907753732e-12,1
1056.0,262.5900000000096,274.34922931546674,0.0008152074406599973,0.11043655135237809,500003000.0,2.847731119690258,1.0373819135816255e-05,4.593799651169911e-05,2.5291733659249367e-09,7.299866252864178e-08,0.002338176198095573,1.060408200155744e-09,1.7101665898470401e-06,5.055186526869529e-12,1
1057.0,262.5800000000096,274.1316796342619,0.0008149810205982522,0.11054589229575319,500003000.0,2.853858059466571,1.037634539102205e-05,4.6010901737831155e-05,2.5262552057938584e-09,7.290522613204625e-08,0.002339884807512048,1.067757298020235e-09,1.7090254670155221e-06,5.075650617099426e-12,1
1058.0,262.5700000000096,273.91428392241045,0.0008147550153679499,0.11065524474891833,500003000.0,2.8599806646517036,1.037886873299568e-05,4.608371390133368e-05,2.5233419736317373e-09,7.28121635025248e-08,0.0023415922773204374,1.0751361316765483e-09,1.7078850009087152e-06,5.096137952859697e-12,1
1059.0,262.5600000000096,273.69704208458256,0.0008145294240747816,0.11076460871087981,500003000.0,2.866098863393284,1.0381389166652237e-05,4.615643337309238e-05,2.520433656556344e-09,7.271947175869886e-08,0.0023432986081750045,1.082544702307615e-09,1.7067451912056133e-06,5.1166483079829955e-12,1
1060.0,262.5500000000096,273.4799540254995,0.000814304245827018,0.11087398418064064,500003000.0,2.872212584052403,1.0383906696893967e-05,4.6229060521141817e-05,2.51753024173139e-09,7.262714804943415e-08,0.0023450038007296965,1.0899830105007637e-09,1.7056060375844722e-06,5.137181455729808e-12,1
1061.0,262.5400000000096,273.2630196499336,0.0008140794797365663,0.11098337115721245,500003000.0,2.878321755206854,1.0386421328610337e-05,4.630159571069526e-05,2.514631716369617e-09,7.253518955344625e-08,0.0023467078556381506,1.0974510562485543e-09,1.7044675397250535e-06,5.157737168801133e-12,1
1062.0,262.53000000000964,273.04623886270815,0.0008138551249175342,0.11109276963960021,500003000.0,2.8844263056543373,1.0388933066678064e-05,4.637403930417415e-05,2.511738067728181e-09,7.244359347889632e-08,0.0023484107735536855,1.1049488389496498e-09,1.7033296973056428e-06,5.178315219350013e-12,1
1063.0,262.52000000000965,272.82961156869743,0.0008136311804877037,0.11120217962681775,500003000.0,2.8905261644156504,1.0391441915961177e-05,4.644639166123716e-05,2.508849283113021e-09,7.235235706301182e-08,0.0023501125551293085,1.1124763574097313e-09,1.7021925100061644e-06,5.198915378994395e-12,1
1064.0,262.51000000000965,272.61313767282667,0.0008134076455673014,0.11131160111787529,500003000.0,2.8966212607378514,1.0393947881311052e-05,4.6518653138808856e-05,2.5059653498748847e-09,7.226147757169639e-08,0.0023518132010177115,1.1200336098424528e-09,1.7010559775056323e-06,5.219537418828778e-12,1
1065.0,262.50000000000966,272.3968170800721,0.0008131845192798494,0.11142103411179206,500003000.0,2.902711524097401,1.0396450967566463e-05,4.6590824091108016e-05,2.5030862554117803e-09,7.217095229916108e-08,0.0023535127118712745,1.1276205938704401e-09,1.6999200994839586e-06,5.240181109436983e-12,1
1066.0,262.4900000000097,272.1806496954608,0.0008129618007513494,0.11153047860758843,500003000.0,2.9087968842032836,1.039895117955363e-05,4.666290486967556e-05,2.5002119871662823e-09,7.208077856754921e-08,0.0023552110883420622,1.1352373065263292e-09,1.6987848756202736e-06,5.260846220904009e-12,1
1067.0,262.4800000000097,271.96463542407065,0.000812739489111554,0.11163993460427761,500003000.0,2.9148772710000994,1.040144852208626e-05,4.673489582340213e-05,2.4973425326292683e-09,7.199095372656676e-08,0.0023569083310818273,1.1428837442538445e-09,1.6976503055956095e-06,5.28153252282789e-12,1
1068.0,262.4700000000097,271.74877417103045,0.0008125175834923142,0.1117494021008888,500003000.0,2.9209526146711378,1.0403942999965595e-05,4.680679729855527e-05,2.4944778793346617e-09,7.19014751531377e-08,0.0023586044407420082,1.1505599029089212e-09,1.6965163890894723e-06,5.3022397843329336e-12,1
1069.0,262.4600000000097,271.5330658415199,0.0008122960830284311,0.1118588810964368,500003000.0,2.9270228456414262,1.0406434617980456e-05,4.68786096388063e-05,2.491618014861884e-09,7.18123402510325e-08,0.0023602994179737296,1.1582657777608647e-09,1.6953831257816515e-06,5.3229677740805974e-12,1
1070.0,262.4500000000097,271.31751034076933,0.0008120749868583043,0.11196837158996106,500003000.0,2.933087894580751,1.0408923380907294e-05,4.6950333185256846e-05,2.4887629268376612e-09,7.172354645054399e-08,0.002361993263427804,1.1660013634935505e-09,1.6942505153535947e-06,5.343716260283434e-12,1
1071.0,262.4400000000097,271.1021075740599,0.0008118542941226929,0.11207787358047758,500003000.0,2.9391476924066575,1.0411409293510226e-05,4.7021968276464965e-05,2.4859126029320543e-09,7.163509120811652e-08,0.002363685977754734,1.1737666542066687e-09,1.69311855748585e-06,5.364485010715189e-12,1
1072.0,262.4300000000097,270.88685744672347,0.0008116340039651523,0.11218738706702325,500003000.0,2.9452021702874247,1.0413892360541085e-05,4.7093515248471e-05,2.48306703085963e-09,7.154697200603583e-08,0.002365377561604704,1.1815616434170009e-09,1.6919872518590008e-06,5.385273792724989e-12,1
1073.0,262.42000000000974,270.6717598641427,0.0008114141155318412,0.11229691204863128,500003000.0,2.9512512596450162,1.0416372586739464e-05,4.7164974434823085e-05,2.4802261983787023e-09,7.145918635208263e-08,0.00236706801562759,1.1893863240597445e-09,1.6908565981532936e-06,5.406082373248464e-12,1
1074.0,262.41000000000975,270.45681473175074,0.0008111946279727998,0.11240644852432859,500003000.0,2.957294892158,1.0418849976832759e-05,4.723634616660229e-05,2.4773900932950707e-09,7.137173177920516e-08,0.0023687573404729536,1.1972406884898702e-09,1.6897265960513232e-06,5.426910518819853e-12,1
1075.0,262.40000000000975,270.2420219550316,0.0008109755404396577,0.11251599649316142,500003000.0,2.963332999764448,1.0421324535536214e-05,4.7307630772447505e-05,2.4745587034548424e-09,7.128460584521265e-08,0.0023704455367900457,1.2051247284835189e-09,1.6885972452332838e-06,5.447757995585334e-12,1
1076.0,262.39000000000976,270.02738143951973,0.0008107568520877516,0.11262555595416207,500003000.0,2.969365514664813,1.0423796267552964e-05,4.737882857857995e-05,2.4717320167507403e-09,7.119780613243975e-08,0.002372132605227803,1.2130384352394451e-09,1.687468545381405e-06,5.468624569313783e-12,1
1077.0,262.3800000000098,269.81289309080023,0.0008105385620748832,0.11273512690636762,500003000.0,2.9753923693247697,1.0426265177574082e-05,4.744993990882739e-05,2.4689100211181397e-09,7.111133024744597e-08,0.0023738185464348537,1.2209817993804876e-09,1.68634049617739e-06,5.489510005409764e-12,1
1078.0,262.3700000000098,269.59855681450887,0.0008103206695611231,0.11284470934883178,500003000.0,2.9814134964780385,1.0428731270278617e-05,4.752096508464811e-05,2.4660927045343114e-09,7.102517582071609e-08,0.00237550336105951,1.228954810955087e-09,1.6852130973020322e-06,5.510414068926287e-12,1
1079.0,262.3600000000098,269.3843725163319,0.0008101031737100937,0.11295430328058895,500003000.0,2.98742882912918,1.043119455033364e-05,4.7591904425154444e-05,2.4632800550221673e-09,7.093934050633712e-08,0.002377187049749775,1.2369574594388373e-09,1.6840863484379124e-06,5.53133652457535e-12,1
1080.0,262.3500000000098,269.17034010200587,0.0008098860736885671,0.11306390870068536,500003000.0,2.9934383005563596,1.0433655022394289e-05,4.7662758247136166e-05,2.4604720606488582e-09,7.085382198171944e-08,0.00237886961315334,1.2449897337360757e-09,1.6829602492685795e-06,5.552277136741523e-12,1
1081.0,262.3400000000098,268.9564594773181,0.0008096693686645807,0.11317352560817934,500003000.0,2.999441844314092,1.0436112691103808e-05,4.773352686508347e-05,2.457668709519895e-09,7.076861794730392e-08,0.002380551051917584,1.2530516221815128e-09,1.681834799474662e-06,5.573235669494113e-12,1
1082.0,262.3300000000098,268.7427305481062,0.000809453057809988,0.11328315400211111,500003000.0,3.0054393942359496,1.0438567561093594e-05,4.7804210591209725e-05,2.4548699897867388e-09,7.068372612625633e-08,0.0023822313666895753,1.261143112541894e-09,1.6807099987391996e-06,5.594211886597951e-12,1
1083.0,262.3200000000098,268.5291532202582,0.0008092371402992099,0.11339279388152826,500003000.0,3.0114308844372544,1.0441019636983238e-05,4.787480973547392e-05,2.4520758896428376e-09,7.0599144264198e-08,0.002383910558116073,1.2692641920177033e-09,1.6795858467450583e-06,5.615205551526658e-12,1
1084.0,262.31000000000984,268.31572739971267,0.0008090216153090385,0.11350244524549588,500003000.0,3.0174162493177334,1.044346892338056e-05,4.794532460560285e-05,2.4492863973228846e-09,7.051487012893227e-08,0.0023855886268435217,1.2774148472449035e-09,1.6784623431745614e-06,5.6362164274752616e-12,1
1085.0,262.30000000000985,268.10245299245844,0.0008088064820195014,0.11361210809306742,500003000.0,3.02339542356415,1.0445915424881666e-05,4.8015755507113e-05,2.4465015011052703e-09,7.043090151015214e-08,0.0023872655735180572,1.2855950642967081e-09,1.6773394877113008e-06,5.657244277370946e-12,1
1086.0,262.29000000000985,267.8893299045347,0.00080859173961282,0.11372178242330169,500003000.0,3.0293683421529067,1.0448359146070975e-05,4.808610274333218e-05,2.4437211893087695e-09,7.034723621917885e-08,0.0023889413987855054,1.293804828685394e-09,1.6762172800379964e-06,5.6782888638859134e-12,1
1087.0,262.28000000000986,267.6763580420309,0.0008083773872744866,0.11383146823525031,500003000.0,3.0353349403526226,1.0450800091521271e-05,4.815636661542087e-05,2.440945450295649e-09,7.026387208868754e-08,0.0023906161032913793,1.3020441253641469e-09,1.6750957198387611e-06,5.699349949448874e-12,1
1088.0,262.2700000000099,267.4635373110869,0.0008081634241920075,0.11394116552797225,500003000.0,3.0412951537266775,1.0453238265793739e-05,4.822654742239332e-05,2.4381742724677034e-09,7.01808069724524e-08,0.0023922896876808833,1.3103129387289438e-09,1.6739748067965122e-06,5.720427296257769e-12,1
1089.0,262.2600000000099,267.2508676178927,0.0008079498495557688,0.1140508743005469,500003000.0,3.047248918135732,1.0455673673438007e-05,4.8296645461138415e-05,2.4354076442687257e-09,7.009803874509498e-08,0.002393962152598911,1.3186112526204718e-09,1.6728545405947926e-06,5.74152066629242e-12,1
1090.0,262.2500000000099,267.03834886868856,0.0008077366625592667,0.11416059455202654,500003000.0,3.0531961697402177,1.0458106318992192e-05,4.8366661026440214e-05,2.4326455541850356e-09,7.001556530180156e-08,0.0023956334986900466,1.3269390503260784e-09,1.671734920918268e-06,5.7626298213243025e-12,1
1091.0,262.2400000000099,266.8259809697651,0.0008075238623974214,0.11427032628148333,500003000.0,3.0591368450027945,1.0460536206982932e-05,4.843659441099831e-05,2.4298879907402527e-09,6.993338455809837e-08,0.0023973037265985634,1.3352963145817574e-09,1.670615947449263e-06,5.783754522930726e-12,1
1092.0,262.2300000000099,266.61376382746283,0.000807311448269788,0.11438006948797934,500003000.0,3.0650708806907874,1.0462963341925437e-05,4.8506445905447894e-05,2.4271349425048093e-09,6.98514944495869e-08,0.0023989728369684256,1.343683027574171e-09,1.6694976198744254e-06,5.804894532505413e-12,1
1093.0,262.2200000000099,266.40169734817266,0.0008070994193763125,0.114489824170591,500003000.0,3.0709982138785867,1.046538772832352e-05,4.8576215798379604e-05,2.4243863980830236e-09,6.976989293171335e-08,0.0024006408304432865,1.3520991709427048e-09,1.6683799378759682e-06,5.826049611271556e-12,1
1094.0,262.2100000000099,266.1897814383355,0.00080688777492097,0.11459959032838914,500003000.0,3.076918781950023,1.0467809370669644e-05,4.864590437635912e-05,2.4216423461238993e-09,6.96885779795168e-08,0.002402307707666491,1.3605447257815537e-09,1.667262901139224e-06,5.847219520292809e-12,1
1095.0,262.20000000000994,265.97801600444245,0.0008066765141098644,0.11470936796044377,500003000.0,3.082832522600711,1.047022827344496e-05,4.8715511923946515e-05,2.4189027753152522e-09,6.960754758739494e-08,0.0024039734692810756,1.3690196726418456e-09,1.666146509348729e-06,5.868404020485382e-12,1
1096.0,262.19000000000995,265.7664009530346,0.0008064656361518828,0.11481915706583834,500003000.0,3.08873937384036,1.0472644441119345e-05,4.878503872371539e-05,2.4161676743855364e-09,6.952679976887851e-08,0.0024056381159297644,1.3775239915337914e-09,1.6650307621896044e-06,5.8896028726305875e-12,1
1097.0,262.18000000000995,265.554936190703,0.0008062551402582867,0.11492895764363999,500003000.0,3.0946392739950683,1.0475057878151448e-05,4.885448505627178e-05,2.4134370321024575e-09,6.944633255638446e-08,0.0024073016482549755,1.3860576619288783e-09,1.6639156593467302e-06,5.9108158373852595e-12,1
1098.0,262.17000000000996,265.34362162408905,0.0008060450256427254,0.11503876969293239,500003000.0,3.1005321617095696,1.0477468588988722e-05,4.892385120027278e-05,2.410710837272876e-09,6.936614400100741e-08,0.002408964066898816,1.3946206627620813e-09,1.6628012005047974e-06,5.932042675295084e-12,1
1099.0,262.16000000001,265.1324571598837,0.0008058352915221109,0.11514859321280031,500003000.0,3.1064179759494595,1.0479876578067468e-05,4.899313743244507e-05,2.4079890787452755e-09,6.92862321722878e-08,0.0024106253725030852,1.40321297243412e-09,1.6616873853501372e-06,5.953283146805676e-12,1
1100.0,262.15000000001,264.92144270482817,0.0008056259371149192,0.11525842820232372,500003000.0,3.112296656003395,1.0482281849812871e-05,4.906234402760306e-05,2.405271745404531e-09,6.920659515798797e-08,0.0024122855657092725,1.4118345688137365e-09,1.6605742135672336e-06,5.974537012273992e-12,1
1101.0,262.14000000001,264.7105781657135,0.0008054169616427063,0.11536827466058404,500003000.0,3.1181681414852545,1.0484684408639047e-05,4.913147125866694e-05,2.4025588261763e-09,6.912723106387894e-08,0.00241394464715856,1.42048542924001e-09,1.6594616848418759e-06,5.99580403198036e-12,1
1102.0,262.13000000001,264.4998634493807,0.0008052083643296965,0.11547813258666664,500003000.0,3.124032372336272,1.0487084258949073e-05,4.920051939668047e-05,2.399850310025645e-09,6.90481380135277e-08,0.0024156026174918218,1.4291655305247027e-09,1.6583497988603302e-06,6.017083966140253e-12,1
1103.0,262.12000000001,264.28929846272064,0.0008050001444021537,0.11558800197966526,500003000.0,3.1298892888271466,1.0489481405135028e-05,4.926948871082856e-05,2.397146185955016e-09,6.89693141480888e-08,0.002417259477349623,1.437874848954632e-09,1.6572385553080659e-06,6.038376574916156e-12,1
1104.0,262.11000000001,264.078883112674,0.0008047923010892565,0.11569788283866624,500003000.0,3.1357388315601082,1.0491875851578035e-05,4.9338379468454646e-05,2.3944464430067105e-09,6.889075762608783e-08,0.0024189152273722194,1.446613360294075e-09,1.656127953871577e-06,6.05968161842838e-12,1
1105.0,262.10000000001,263.8686173062314,0.0008045848336222541,0.11580777516275612,500003000.0,3.1415809414709632,1.0494267602648296e-05,4.940719193507787e-05,2.391751070260223e-09,6.88124666232208e-08,0.0024205698681995604,1.455381039787205e-09,1.6550179942366685e-06,6.080998856767e-12,1
1106.0,262.09000000001004,263.658500950433,0.0008043777412357749,0.11591767895102957,500003000.0,3.147415559831109,1.0496656662705132e-05,4.9475926374410026e-05,2.389060056835991e-09,6.873443933215655e-08,0.002422223400471287,1.4641778621605542e-09,1.65390867609117e-06,6.102328050003775e-12,1
1107.0,262.08000000001005,263.4485339523691,0.0008041710231652546,0.11602759420258557,500003000.0,3.15324262824951,1.049904303609702e-05,4.9544583048372364e-05,2.3863733918876157e-09,6.86566739623357e-08,0.0024238758248267323,1.4730038016255052e-09,1.6527999991196658e-06,6.123668958203437e-12,1
1108.0,262.07000000001005,263.2387162191795,0.0008039646786501863,0.11613752091650797,500003000.0,3.1590620886746477,1.0501426727161633e-05,4.9613162217112126e-05,2.3836910646113704e-09,6.857916873976366e-08,0.0024255271419049216,1.4818588318808125e-09,1.651691963010198e-06,6.145021341434181e-12,1
1109.0,262.06000000001006,263.0290476580537,0.0008037587069319811,0.11624745909190837,500003000.0,3.164873883396445,1.0503807740225872e-05,4.968166413901897e-05,2.3810130642397087e-09,6.85019219068407e-08,0.0024271773523445736,1.4907429261151564e-09,1.6505845674498905e-06,6.166384959781187e-12,1
1110.0,262.0500000000101,262.8195281762312,0.0008035531072535479,0.11635740872787846,500003000.0,3.1706779550481476,1.0506186079605913e-05,4.9750089070741115e-05,2.3783393800398896e-09,6.842493172214528e-08,0.002428826456784098,1.499656057009714e-09,1.6494778121241081e-06,6.187759573355636e-12,1
1111.0,262.0400000000101,262.61015768100077,0.0008033478788623376,0.11646736982351955,500003000.0,3.1764742466081817,1.0508561749607236e-05,4.981843726720138e-05,2.37567000132285e-09,6.834819646026213e-08,0.0024304744558616,1.508598196740769e-09,1.6483716967227283e-06,6.2091449423074776e-12,1
1112.0,262.0300000000101,262.4009360797012,0.0008031430210055988,0.1165773423779273,500003000.0,3.1822627014019815,1.0510934754524665e-05,4.988670898161297e-05,2.373004917429024e-09,6.827171441158858e-08,0.0024321213502148742,1.517569316982341e-09,1.6472662209304186e-06,6.230540826835962e-12,1
1113.0,262.0200000000101,262.1918632797206,0.0008029385329351549,0.11668732639021938,500003000.0,3.1880432631037774,1.0513305098642408e-05,4.995490446549514e-05,2.3703441177423413e-09,6.819548388216687e-08,0.002433767140481411,1.5265693889088464e-09,1.6461613844364652e-06,6.2519469872022345e-12,1
1114.0,262.0100000000101,261.98293918849686,0.0008027344139043888,0.1167973218594887,500003000.0,3.1938158757383652,1.051567278623409e-05,5.002302396868862e-05,2.3676875916811717e-09,6.811950319347853e-08,0.0024354118272983945,1.5355983831977834e-09,1.6450571869286048e-06,6.273363183738217e-12,1
1115.0,262.0000000000101,261.77416371351734,0.0008025306631684725,0.1169073287848523,500003000.0,3.199580483682829,1.0518037821562788e-05,5.0091067739370915e-05,2.3650353286988763e-09,6.804377068229311e-08,0.0024370554113026985,1.544656270032442e-09,1.6439536280935154e-06,6.294789176860159e-12,1
1116.0,261.9900000000101,261.5655367623189,0.0008023272799863364,0.1170173471654085,500003000.0,3.205337031668247,1.0520400208881078e-05,5.0159036024071386e-05,2.3623873182894784e-09,6.796828470047011e-08,0.002438697893130895,1.5537430191046428e-09,1.6428507076208756e-06,6.316224727077624e-12,1
1117.0,261.98000000001014,261.35705824248805,0.0008021242636176444,0.11712737700027037,500003000.0,3.2110854647813527,1.0522759952431056e-05,5.022692906768619e-05,2.3597435499786123e-09,6.789304361480392e-08,0.002440339273419245,1.5628585996174967e-09,1.641748425197183e-06,6.3376695950061674e-12,1
1118.0,261.97000000001015,261.14872806166073,0.0008019216133256327,0.11723741828855341,500003000.0,3.2168257284661763,1.0525117056444387e-05,5.0294747113493037e-05,2.3571040133317577e-09,6.781804580684708e-08,0.0024419795528037064,1.5720029802881957e-09,1.640646780511592e-06,6.359123541377766e-12,1
1119.0,261.96000000001015,260.9405461275222,0.000801719328375823,0.11734747102936094,500003000.0,3.2225577685256432,1.0527471525142337e-05,5.036249040316577e-05,2.354468697950311e-09,6.774328967273428e-08,0.0024436187319199325,1.5811761293508204e-09,1.639545773253295e-06,6.38058632705099e-12,1
1120.0,261.95000000001016,260.73251234780747,0.0008015174080347278,0.11745753522181894,500003000.0,3.228281531123151,1.0529823362735805e-05,5.0430159176788805e-05,2.351837593467656e-09,6.766877362303534e-08,0.0024452568114032647,1.5903780145591787e-09,1.6384454031088968e-06,6.402057713023676e-12,1
1121.0,261.9400000000102,260.5246266303007,0.0008013158515731353,0.11756761086503453,500003000.0,3.233996962784105,1.0532172573425363e-05,5.049775367287137e-05,2.3492106895586805e-09,6.759449608256975e-08,0.0024468937918887433,1.5996086031896626e-09,1.6373456697691507e-06,6.4235374604416774e-12,1
1122.0,261.9300000000102,260.3168888828354,0.0008011146582630728,0.11767769795812656,500003000.0,3.239704010397432,1.0534519161401294e-05,5.0565274128361633e-05,2.3465879759307234e-09,6.752045549026154e-08,0.002448529674011103,1.6088678620441329e-09,1.6362465729227669e-06,6.4450253306111896e-12,1
1123.0,261.9200000000102,260.1092990132946,0.0008009138273786929,0.11778779650021745,500003000.0,3.2454026212170506,1.053686313084362e-05,5.063272077866061e-05,2.3439694423260605e-09,6.74466502989763e-08,0.0024501644584047706,1.6181557574528227e-09,1.6351481122582498e-06,6.466521085009094e-12,1
1124.0,261.9100000000102,259.9018569296107,0.0008007133581965055,0.11789790649042615,500003000.0,3.2510927428633227,1.0539204485922143e-05,5.070009385763597e-05,2.3413550785224464e-09,6.737307897536035e-08,0.0024517981457038685,1.6274722552772662e-09,1.6340502874643849e-06,6.488024485293272e-12,1
1125.0,261.9000000000102,259.69456253976523,0.00080051324999605,0.11800802792786869,500003000.0,3.2567743233244624,1.0541543230796478e-05,5.0767393597635655e-05,2.3387448743349555e-09,6.729973999968661e-08,0.0024534307365422134,1.636817320913249e-09,1.6329530982316334e-06,6.5095352933132766e-12,1
1126.0,261.8900000000102,259.4874157517891,0.0008003135020583792,0.11811816081167602,500003000.0,3.2624473109579166,1.054387936961609e-05,5.0834620229501365e-05,2.336138819611418e-09,6.722663186571138e-08,0.002455062231553318,1.6461909192937797e-09,1.6318565442490562e-06,6.531053271121808e-12,1
1127.0,261.8800000000102,259.28041647376244,0.0008001141136673872,0.11822830514096876,500003000.0,3.268111654491719,1.0546212906520326e-05,5.0901773982581875e-05,2.3335369042361743e-09,6.715375308051045e-08,0.0024566926313703877,1.655593014892083e-09,1.630760625207039e-06,6.5525781809839494e-12,1
1128.0,261.87000000001024,259.07356461381465,0.000799915084108509,0.1183384609148712,500003000.0,3.2737673030257985,1.0548543845638452e-05,5.096885508474621e-05,2.330939118126153e-09,6.708110216433821e-08,0.0024583219366263267,1.6650235717246121e-09,1.6296653407946637e-06,6.574109785388334e-12,1
1129.0,261.86000000001025,258.8668600801242,0.0007997164126702694,0.11844862813251544,500003000.0,3.279414206033275,1.0550872191089687e-05,5.103586376239669e-05,2.3283454512352647e-09,6.700867765048326e-08,0.002459950147953731,1.6744825533540852e-09,1.628570690702882e-06,6.595647847057783e-12,1
1130.0,261.85000000001025,258.660302780919,0.0007995180986421035,0.11855880679302047,500003000.0,3.2850523133617044,1.0553197946983234e-05,5.11028002404818e-05,2.3257558935479267e-09,6.693647808511295e-08,0.0024615772659848925,1.683969922892539e-09,1.6274766746200933e-06,6.617192128958551e-12,1
1131.0,261.84000000001026,258.4538926244758,0.0007993201413174454,0.11866899689553104,500003000.0,3.2906815752343044,1.0555521117418323e-05,5.116966474250895e-05,2.3231704350879305e-09,6.68645020271514e-08,0.0024632032913518005,1.6934856430044035e-09,1.626383292238456e-06,6.638742394312646e-12,1
1132.0,261.8300000000103,258.24762951912084,0.0007991225399906677,0.11877919843916276,500003000.0,3.2963019422511457,1.0557841706484233e-05,5.1236457490557063e-05,2.32058906590941e-09,6.679274804810985e-08,0.0024648282246861387,1.7030296759095959e-09,1.62529054324767e-06,6.660298406605184e-12,1
1133.0,261.8200000000103,258.04151337322895,0.0007989252939592937,0.11888941142305966,500003000.0,3.301913365390302,1.0560159718260336e-05,5.1303178705289045e-05,2.3180117761031517e-09,6.672121473197825e-08,0.002466452066619286,1.7126019833866296e-09,1.6241984273395005e-06,6.681859929597557e-12,1
1134.0,261.8100000000103,257.8355440952246,0.0007987284025213694,0.11899963584635713,500003000.0,3.3075157960089885,1.0562475156816125e-05,5.136982860596411e-05,2.3154385557888456e-09,6.664990067506886e-08,0.002468074817782317,1.722202526775751e-09,1.6231069442024506e-06,6.703426727335613e-12,1
1135.0,261.8000000000103,257.6297215935808,0.0007985318649794442,0.119109871708184,500003000.0,3.313109185844643,1.0564788026211251e-05,5.1436407410449994e-05,2.3128693951265106e-09,6.657880448588244e-08,0.002469696478806005,1.7318312669820833e-09,1.622016093529873e-06,6.724998564159799e-12,1
1136.0,261.7900000000103,257.4240457768201,0.000798335680635955,0.11922011900767185,500003000.0,3.318693487015998,1.0567098330495555e-05,5.150291533523497e-05,2.3103042843029884e-09,6.650792478497969e-08,0.0024713170503208154,1.741488164478795e-09,1.620925875010605e-06,6.7465752047156215e-12,1
1137.0,261.7800000000103,257.2185165535136,0.0007981398487976533,0.11933037774397336,500003000.0,3.3242686520241076,1.0569406073709099e-05,5.156935259543983e-05,2.3077432135446507e-09,6.643726020485926e-08,0.0024729365329569128,1.751173179310287e-09,1.619836288337981e-06,6.768156413964534e-12,1
1138.0,261.7700000000103,257.01313383228154,0.0007979443687720875,0.11944064791621638,500003000.0,3.3298346337533453,1.0571711259882206e-05,5.1635719404829636e-05,2.305186173107095e-09,6.636680938980431e-08,0.0024745549273441584,1.7608862710953861e-09,1.618747333202708e-06,6.789741957191367e-12,1
1139.0,261.76000000001034,256.80789752179317,0.0007977492398689407,0.11955092952354869,500003000.0,3.335391385472375,1.0574013893035486e-05,5.170201597582541e-05,2.302633153278897e-09,6.629657099577738e-08,0.0024761722341121086,1.7706273990305699e-09,1.6176590092955957e-06,6.81133160001648e-12,1
1140.0,261.75000000001035,256.6028075307666,0.0007975544614007082,0.11966122256510678,500003000.0,3.3409388608350836,1.057631397717987e-05,5.176824251951569e-05,2.3000841443834514e-09,6.622654369027808e-08,0.0024777884538900157,1.7803965218931964e-09,1.6165713163089526e-06,6.832925108403814e-12,1
1141.0,261.74000000001035,256.39786376796883,0.0007973600326818287,0.11977152704004279,500003000.0,3.346477013881488,1.0578611516316645e-05,5.1834399245667924e-05,2.29753913677634e-09,6.61567261522322e-08,0.002479403587306831,1.7901935980447534e-09,1.6154842539348391e-06,6.854522248672002e-12,1
1142.0,261.73000000001036,256.1930661422158,0.0007971659530284739,0.11988184294748849,500003000.0,3.352005799038605,1.058090651443749e-05,5.1900486362739777e-05,2.2949981208446134e-09,6.608711707185006e-08,0.002481017634991202,1.8000185854341227e-09,1.614397821864659e-06,6.876122787502012e-12,1
1143.0,261.7200000000104,255.98841456237213,0.0007969722217597841,0.1199921702866044,500003000.0,3.3575251711212966,1.0583198975524501e-05,5.1966504077890306e-05,2.2924610870102304e-09,6.601771515053026e-08,0.002482630597571473,1.8098714416008605e-09,1.6133120197916801e-06,6.897726491949304e-12,1
1144.0,261.7100000000104,255.78390893735144,0.0007967788381957721,0.12010250905652604,500003000.0,3.3630350853330744,1.0585488903550226e-05,5.203245259699102e-05,2.2899280257239075e-09,6.594851910071225e-08,0.0024842424756756853,1.8197521236784893e-09,1.6122268474068035e-06,6.919333129450404e-12,1
1145.0,261.7000000000104,255.57954917611607,0.0007965858016596692,0.12021285925640154,500003000.0,3.368535497266884,1.0587776302477698e-05,5.2098332124636795e-05,2.287398927471759e-09,6.587952764577723e-08,0.002485853269931577,1.8296605883978072e-09,1.6111423044033372e-06,6.940942467834292e-12,1
1146.0,261.6900000000104,255.3753351876772,0.0007963931114761615,0.12032322088539067,500003000.0,3.37402636290585,1.0590061176260469e-05,5.216414286415673e-05,2.2848737827701047e-09,6.581073951993083e-08,0.0024874629809665855,1.839596792090208e-09,1.6100583904734375e-06,6.962554275331683e-12,1
1147.0,261.6800000000104,255.17126688109457,0.000796200766972627,0.12043359394263756,500003000.0,3.3795076386239904,1.0592343528842638e-05,5.22298850176248e-05,2.2823525821689098e-09,6.574215346807393e-08,0.002489071609407844,1.8495606906910157e-09,1.6089751053106296e-06,6.984168320582787e-12,1
1148.0,261.6700000000104,254.96734416547687,0.0007960087674775903,0.12054397842729354,500003000.0,3.384979281186907,1.0594623364158886e-05,5.22955587858705e-05,2.2798353162472384e-09,6.567376824570046e-08,0.0024906791558821847,1.8595522397428328e-09,1.6078924486067011e-06,7.005784372647725e-12,1
1149.0,261.6600000000104,254.76356694998137,0.0007958171123226301,0.12065437433851442,500003000.0,3.3904412477524346,1.0596900686134504e-05,5.236116436848928e-05,2.2773219756186128e-09,6.560558261878366e-08,0.0024922856210161356,1.8695713943988997e-09,1.6068104200555742e-06,7.027402201015475e-12,1
1150.0,261.65000000001044,254.559935143814,0.0007956258008408327,0.1207647816754598,500003000.0,3.395893495871267,1.059917549868543e-05,5.2426701963852946e-05,2.2748125509264633e-09,6.553759536366484e-08,0.002493891005435926,1.879618109426466e-09,1.6057290193501965e-06,7.049021575612877e-12,1
1151.0,261.64000000001045,254.35644865622933,0.0007954348323673619,0.12087520043727708,500003000.0,3.40133598348755,1.0601447805718275e-05,5.249217176911988e-05,2.2723070328456512e-09,6.546980526693585e-08,0.0024954953097674807,1.8896923392101757e-09,1.6046482461837083e-06,7.070642266812712e-12,1
1152.0,261.63000000001045,254.15310739653057,0.0007952442062398095,0.12098563062312134,500003000.0,3.406768668939441,1.0603717611130358e-05,5.255757398024522e-05,2.269805412083363e-09,6.540221112534109e-08,0.0024970985346364247,1.899794037755459e-09,1.6035681002501694e-06,7.092264045443697e-12,1
1153.0,261.62000000001046,253.94991127406962,0.000795053921796977,0.12109607223215986,500003000.0,3.4121915109596426,1.0605984918809732e-05,5.262290879199089e-05,2.2673076793755135e-09,6.533481174567284e-08,0.0024987006806680783,1.9099231586919396e-09,1.6024885812421145e-06,7.113886682799487e-12,1
1154.0,261.6100000000105,253.7468601982468,0.0007948639783809035,0.12120652526354778,500003000.0,3.4176044686759024,1.0608249732635225e-05,5.2688176397935546e-05,2.2648138254924278e-09,6.5267605944654e-08,0.002500301748487465,1.920079655276851e-09,1.60140968885466e-06,7.135509950646173e-12,1
1155.0,261.6000000000105,253.54395407851112,0.0007946743753341928,0.12131698971644791,500003000.0,3.423007501611483,1.0610512056476456e-05,5.275337699048439e-05,2.2623238412311064e-09,6.520059254884387e-08,0.0025019017387193014,1.9302634803984625e-09,1.6003314227801311e-06,7.15713362123196e-12,1
1156.0,261.5900000000105,253.34119282435995,0.0007944851120032749,0.1214274655900154,500003000.0,3.428400569685604,1.061277189419388e-05,5.281851076087892e-05,2.259837717424413e-09,6.513377039452777e-08,0.0025035006519880075,1.940474586579514e-09,1.599253782714654e-06,7.178757467294961e-12,1
1157.0,261.5800000000105,253.13857634533923,0.000794296187734945,0.12153795288341643,500003000.0,3.43378363321385,1.061502924963881e-05,5.2883577899206545e-05,2.257355444931101e-09,6.506713832762506e-08,0.0025050984889177,1.9507129259806614e-09,1.5981767683511917e-06,7.20038126207272e-12,1
1158.0,261.5700000000105,252.93610455104346,0.0007941076018783935,0.1216484515958212,500003000.0,3.439156652908548,1.0617284126653452e-05,5.294857859441013e-05,2.254877014641499e-09,6.500069520358542e-08,0.0025066952501321947,1.9609784504039287e-09,1.5971003793836588e-06,7.222004779310263e-12,1
1159.0,261.5600000000105,252.73377735111544,0.0007939193537856704,0.12175896172638935,500003000.0,3.444519589879125,1.0619536529070932e-05,5.301351303429741e-05,2.252402417478708e-09,6.493443988728297e-08,0.0025082909362550074,1.971271111296175e-09,1.5960246155078624e-06,7.243627793267712e-12,1
1160.0,261.5500000000105,252.5315946552465,0.0007937314428096757,0.12186948327428379,500003000.0,3.44987240563242,1.0621786460715325e-05,5.307838140555034e-05,2.249931644392795e-09,6.486837125292534e-08,0.0025098855479093528,1.981590859752558e-09,1.5949494764174817e-06,7.265250078729279e-12,1
1161.0,261.54000000001054,252.3295563731763,0.0007935438683059709,0.12198001623867825,500003000.0,3.4552150620729782,1.0624033925401691e-05,5.31431838937343e-05,2.247464686365821e-09,6.480248818396109e-08,0.0025114790857181436,1.9919376465200178e-09,1.5938749618077196e-06,7.286871411011929e-12,1
1162.0,261.53000000001055,252.12766241469296,0.0007933566296317794,0.12209056061873864,500003000.0,3.4605475215033104,1.06262789269361e-05,5.3207920683307276e-05,2.24500153440891e-09,6.473678957297534e-08,0.0025130715503039924,2.002311422000759e-09,1.5928010713733175e-06,7.308491565972491e-12,1
1163.0,261.52000000001055,251.9259126896328,0.0007931697261466757,0.12220111641363042,500003000.0,3.4658697466241266,1.0628521469115663e-05,5.327259195762888e-05,2.2425421795640843e-09,6.467127432159946e-08,0.002514662942289215,2.012712136255745e-09,1.591727804809947e-06,7.330110320016121e-12,1
1164.0,261.51000000001056,251.72430710788066,0.0007929831572113579,0.12231168362253027,500003000.0,3.471181700534534,1.0630761555728564e-05,5.33371978989693e-05,2.2400866129006964e-09,6.460594134042379e-08,0.0025162532622958226,2.023139739008193e-09,1.590655161811767e-06,7.351727450104913e-12,1
1165.0,261.5000000000106,251.5228455793695,0.0007927969221895781,0.12242226224461181,500003000.0,3.476483346732215,1.0632999190554085e-05,5.34017386885182e-05,2.237634825520778e-09,6.454078954889921e-08,0.0025178425109455295,2.0335941796470836e-09,1.5895831420753104e-06,7.373342733765064e-12,1
1166.0,261.4900000000106,251.32152801408068,0.0007926110204458978,0.12253285227903547,500003000.0,3.481774649113565,1.0635234377362638e-05,5.346621450639345e-05,2.2351868085525945e-09,6.447581787524158e-08,0.002519430688859747,2.044075407230668e-09,1.5885117452949943e-06,7.394955949094082e-12,1
1167.0,261.4800000000106,251.12035432204377,0.0007924254513478474,0.12264345372499398,500003000.0,3.4870555719738117,1.0637467119915795e-05,5.353062553164981e-05,2.2327425531566414e-09,6.441102525636441e-08,0.0025210177966595885,2.0545833704899842e-09,1.5874409711674719e-06,7.416566874771099e-12,1
1168.0,261.4700000000106,250.91932441333645,0.0007922402142644695,0.12275406658164856,500003000.0,3.4923260800071003,1.0639697421966316e-05,5.3594971942287574e-05,2.2303020505214243e-09,6.434641063775971e-08,0.0025226038349658673,2.06511801783238e-09,1.5863708193887192e-06,7.438175290061e-12,1
1169.0,261.4600000000106,250.71843819808484,0.0007920553085658773,0.12286469084817177,500003000.0,3.4975861383065503,1.0641925287258179e-05,5.3659253915261005e-05,2.2278652918621254e-09,6.428197297343133e-08,0.002524188804399098,2.0756792973450354e-09,1.5853012896531742e-06,7.45978097482436e-12,1
1170.0,261.4500000000106,250.51769558646305,0.0007918707336256465,0.12297532652375177,500003000.0,3.502835712364284,1.0644150719526606e-05,5.3723471626486814e-05,2.2254322684272288e-09,6.421771122581116e-08,0.0025257727055794945,2.086267156798496e-09,1.5842323816585364e-06,7.481383709525237e-12,1
1171.0,261.4400000000106,250.3170964886934,0.0007916864888179949,0.12308597360756399,500003000.0,3.5080747680714297,1.0646373722498097e-05,5.3787625250852475e-05,2.2230029714904815e-09,6.415362436566005e-08,0.0025273555391269707,2.0968815436502047e-09,1.5831640951001346e-06,7.502983275237009e-12,1
1172.0,261.43000000001064,250.1166408150463,0.00079150257351995,0.12319663209879153,500003000.0,3.5133032717180894,1.0648594299890455e-05,5.385171496222447e-05,2.2205773923568944e-09,6.408971137199379e-08,0.0025289373056611446,2.107522405048037e-09,1.5820964296752857e-06,7.524579453650856e-12,1
1173.0,261.42000000001065,249.9163284758404,0.0007913189871092035,0.12330730199660477,500003000.0,3.518521189993292,1.0650812455412811e-05,5.391574093345646e-05,2.21815552235661e-09,6.40259712319902e-08,0.002530518005801331,2.1181896878338458e-09,1.5810293850790097e-06,7.546172027081909e-12,1
1174.0,261.41000000001065,249.71615938144225,0.0007911357289668512,0.12341798330018708,500003000.0,3.523728489984901,1.0653028192765664e-05,5.397970333639738e-05,2.2157373528524956e-09,6.396240294091952e-08,0.0025320976401665483,2.1288833385469983e-09,1.5799629610095297e-06,7.567760778477875e-12,1
1175.0,261.40000000001066,249.51613344226655,0.0007909527984746777,0.12352867600872408,500003000.0,3.5289251391795085,1.0655241515640896e-05,5.404360234189944e-05,2.2133228752324254e-09,6.389900550205825e-08,0.0025336762093755155,2.1396033034279276e-09,1.5788971571628537e-06,7.589345491425544e-12,1
1176.0,261.3900000000107,249.31625056877607,0.0007907701950166459,0.1236393801213939,500003000.0,3.534111105462297,1.065745242772181e-05,5.4107438119826045e-05,2.210912080913362e-09,6.383577792660432e-08,0.0025352537140466533,2.1503495284216764e-09,1.57783197323577e-06,7.610925950157282e-12,1
1177.0,261.3800000000107,249.11651067148148,0.0007905879179790251,0.12375009563739035,500003000.0,3.5392863571168727,1.0659660932683151e-05,5.417121083905965e-05,2.2085049613416122e-09,6.377271923360932e-08,0.0025368301547980827,2.161121959181447e-09,1.5767674089261132e-06,7.632501939559298e-12,1
1178.0,261.3700000000107,248.9169136609415,0.000790405966749263,0.12386082255588639,500003000.0,3.544450862825072,1.066186703419114e-05,5.423492066750953e-05,2.2061015079895735e-09,6.370982844988268e-08,0.002538405532247627,2.171920541072151e-09,1.5757034639305292e-06,7.654073245176401e-12,1
1179.0,261.3600000000107,248.71745944776282,0.000790224340717024,0.12397156087608306,500003000.0,3.549604591666746,1.06640707359035e-05,5.429856777211947e-05,2.2037017123585427e-09,6.364710460993803e-08,0.002539979847012813,2.1827452191739633e-09,1.5746401379465618e-06,7.675639653221627e-12,1
1180.0,261.3500000000107,248.51814794260008,0.0007900430392736312,0.12408231059714875,500003000.0,3.554747513119506,1.0666272041469478e-05,5.436215231887535e-05,2.2013055659770576e-09,6.358454675588805e-08,0.002541553099710865,2.193595938285868e-09,1.5735774306715488e-06,7.69720095057944e-12,1
1181.0,261.3400000000107,248.31897905615577,0.0007898620618125356,0.1241930717182922,500003000.0,3.5598795970584614,1.0668470954529879e-05,5.442567447281276e-05,2.1989130604021138e-09,6.352215393740368e-08,0.0025431252909587127,2.2044726429292208e-09,1.57251534180358e-06,7.718756924816559e-12,1
1182.0,261.3300000000107,248.11995269918017,0.0007896814077291011,0.12430384423868486,500003000.0,3.5650008137559084,1.0670667478717098e-05,5.4489134398024366e-05,2.196524187218461e-09,6.345992521160302e-08,0.002544696421372988,2.2153752773512878e-09,1.5714538710410747e-06,7.740307364184023e-12,1
1183.0,261.32000000001074,247.92106878247174,0.0007895010764191252,0.12441462815752574,500003000.0,3.5701111338810154,1.0672861617655133e-05,5.455253225766737e-05,2.1941389380343995e-09,6.339785964300844e-08,0.002546266491570023,2.226303785528807e-09,1.5703930180798541e-06,7.761852057627407e-12,1
1184.0,261.31000000001075,247.72232721687647,0.0007893210672822894,0.12452542347400283,500003000.0,3.5752105284994635,1.0675053374959624e-05,5.461586821397083e-05,2.1917573044912812e-09,6.333595630345566e-08,0.002547835502165852,2.237258111171537e-09,1.5693327826200229e-06,7.783390794790958e-12,1
1185.0,261.30000000001075,247.52372791328827,0.0007891413797187338,0.12463623018731426,500003000.0,3.5802989690730707,1.0677242754237877e-05,5.467914242824286e-05,2.189379278253889e-09,6.327421427203193e-08,0.0025494034537762132,2.248238197725804e-09,1.568273164359166e-06,7.80492336602512e-12,1
1186.0,261.29000000001076,247.32527078264894,0.0007889620131303276,0.12474704829664231,500003000.0,3.585376427459392,1.0679429759088892e-05,5.4742355060877854e-05,2.1870048510138793e-09,6.321263263499298e-08,0.0025509703470165484,2.259243988378052e-09,1.567214162994893e-06,7.82644956239126e-12,1
1187.0,261.2800000000108,247.1269557359479,0.0007887829669218324,0.12485787780118524,500003000.0,3.590442875911285,1.0681614393103384e-05,5.4805506271363565e-05,2.184634014492909e-09,6.315121048570767e-08,0.002552536182501999,2.2702754260583887e-09,1.566155778227158e-06,7.847969175669614e-12,1
1188.0,261.2700000000108,246.92878268422237,0.0007886042404984997,0.12496871870013625,500003000.0,3.595498287076463,1.068379665986382e-05,5.4868596218288143e-05,2.182266760435885e-09,6.308994692457903e-08,0.0025541009608474113,2.281332453444128e-09,1.5650980097535029e-06,7.86948199836414e-12,1
1189.0,261.2600000000108,246.7307515385573,0.0007884258332680373,0.1250795709926966,500003000.0,3.600542633997008,1.0685976562944436e-05,5.493162505934712e-05,2.1799030806163235e-09,6.302884105898182e-08,0.0025556646826673346,2.2924150129633354e-09,1.5640408572729797e-06,7.89098782370924e-12,1
1190.0,261.2500000000108,246.5328622100853,0.0007882477446400471,0.1251904346780549,500003000.0,3.605575890108874,1.0688154105911271e-05,5.499459295135031e-05,2.177542966834693e-09,6.296789200318531e-08,0.002557227348576021,2.303523046798363e-09,1.5629843204850413e-06,7.912486445674454e-12,1
1191.0,261.2400000000108,246.3351146099868,0.0007880699740249982,0.12530130975541498,500003000.0,3.610598029241352,1.0690329292322188e-05,5.5057500050228606e-05,2.1751864109154914e-09,6.290709887829927e-08,0.0025587889591874237,2.3146564968893866e-09,1.561928399087522e-06,7.933977658971852e-12,1
1192.0,261.2300000000108,246.13750864948955,0.0007878925208366622,0.12541219622397323,500003000.0,3.6156090256165223,1.0692502125726901e-05,5.51203465110408e-05,2.1728334047138774e-09,6.284646081219748e-08,0.0025603495151152026,2.325815304937938e-09,1.5608730927814776e-06,7.955461259060468e-12,1
1193.0,261.2200000000108,245.94004423986922,0.0007877153844888931,0.12552309408292828,500003000.0,3.6206088538486743,1.0694672609667008e-05,5.518313248798026e-05,2.170483940106692e-09,6.278597693945689e-08,0.002561909016972719,2.336999412410434e-09,1.5598184012648179e-06,7.976937042152477e-12,1
1194.0,261.21000000001084,245.74272129244912,0.000787538564397715,0.12563400333147523,500003000.0,3.625597488943704,1.0696840747676006e-05,5.524585813438155e-05,2.168138008998135e-09,6.272564640129046e-08,0.0025634674653730372,2.3482087605416978e-09,1.5587643242364562e-06,7.998404805218432e-12,1
1195.0,261.20000000001085,245.54553971859983,0.0007873620599822628,0.12574492396882508,500003000.0,3.630574906298492,1.0699006543279328e-05,5.5308523602727046e-05,2.1657956033222542e-09,6.266546834549222e-08,0.0025650248609289275,2.359443290338482e-09,1.5577108613981832e-06,8.019864345993859e-12,1
1196.0,261.19000000001085,245.34849942973972,0.0007871858706614378,0.1258558559941669,500003000.0,3.635541081700252,1.0701169999994362e-05,5.5371129044653404e-05,2.163456715033653e-09,6.260544192635688e-08,0.002566581204252862,2.370702942582982e-09,1.5566580124480614e-06,8.041315462982424e-12,1
1197.0,261.18000000001086,245.15160033733466,0.0007870099958568116,0.12596679940671052,500003000.0,3.6404959913258583,1.0703331121330478e-05,5.543367461095804e-05,2.1611213361153955e-09,6.254556630463717e-08,0.0025681364959570185,2.381987657836345e-09,1.5556057770861834e-06,8.062757955463764e-12,1
1198.0,261.1700000000109,244.95484235289797,0.0007868344349918284,0.12607775420566475,500003000.0,3.645439611741152,1.0705489910789054e-05,5.549616045160551e-05,2.158789458576718e-09,6.24858406474722e-08,0.0025696907366532756,2.393297376442179e-09,1.5545541550131054e-06,8.084191623497418e-12,1
1199.0,261.1600000000109,244.75822538799054,0.0007866591874910048,0.12618872039022216,500003000.0,3.6503719199002216,1.0707646371863505e-05,5.555858671573383e-05,2.156461074450752e-09,6.242626412831963e-08,0.00257124392695322,2.4046320385300465e-09,1.5535031459282843e-06,8.105616267927071e-12,1
1200.0,261.1500000000109,244.56174935422052,0.000786484252781682,0.12629969795959192,500003000.0,3.6552928931446598,1.0709800508039303e-05,5.562095355166074e-05,2.1541361757992295e-09,6.236683592691047e-08,0.00257279606746814,2.415991584018958e-09,1.5524527495335426e-06,8.127031690387552e-12,1
