t_s,T_K,Sw,Si,e_Pa,dqcloud_dt,dqice_dt,qcloud,qice,Ncloud,Nice,ice_active
0.0,273.15,-0.050000000000000044,0.05555555555555536,553.2401111111112,0.0,0.04444444444444429,0.0,0.04444444444444429,0.0,3.346425462142428,1
1.0,273.14,-0.093786703969582,0.006903662256019905,549.8683813955358,0.0,0.005522929804815924,0.0,0.04996737424926021,0.0,3.3630866645598876,1
2.0,273.13,-0.09865537915532396,0.0014940231607512011,549.139234227475,0.0,0.001195218528600961,0.0,0.05116259277786117,0.0,3.379830255356595,1
3.0,273.12,-0.09919668811862004,0.0008925687570888741,548.7039387375066,0.0,0.0007140550056710993,0.0,0.05187664778353227,0.0,3.396656636302116,1
4.0,273.11,-0.0992568293510181,0.000825745165535352,548.3015246958693,0.0,0.0006605961324282817,0.0,0.052537243915960555,0.0,3.41356621106902,1
5.0,273.1,-0.09926346865963387,0.0008183681559623679,547.9029952772754,0.0,0.0006546945247698944,0.0,0.053191938440730446,0.0,3.430559385241324,1
6.0,273.09000000000003,-0.09926415898607555,0.0008176011265825789,547.5051284792207,0.0,0.0006540809012660631,0.0,0.05384601934199651,0.0,3.447636566322978,1
7.0,273.08000000000004,-0.09926418782899349,0.0008175690788960743,547.1075661684671,0.0,0.0006540552631168595,0.0,0.05450007460511337,0.0,3.46479816374638,1
8.0,273.07000000000005,-0.09926414311507104,0.0008176187610320351,546.7102684195364,0.0,0.0006540950088256281,0.0,0.055154169613939,0.0,3.482044588880919,1
9.0,273.06000000000006,-0.09926409021695703,0.0008176775367143563,546.3132306634328,0.0,0.0006541420293714851,0.0,0.05580831164331049,0.0,3.4993762550415526,1
10.0,273.05000000000007,-0.09926403640356207,0.0008177373293754009,545.9164522597271,0.0,0.0006541898635003207,0.0,0.05646250150681081,0.0,3.516793577497422,1
11.0,273.0400000000001,-0.09926398248312485,0.0008177972409724177,545.5199330045605,0.0,0.0006542377927779342,0.0,0.05711673929958874,0.0,3.5342969734804845,1
12.0,273.0300000000001,-0.09926392854551314,0.0008178571716521699,545.1236727426468,0.0,0.0006542857373217359,0.0,0.05777102503691048,0.0,3.5518868621941975,1
13.0,273.0200000000001,-0.09926387460072184,0.0008179171103090965,544.7276713241642,0.0,0.0006543336882472773,0.0,0.05842535872515776,0.0,3.5695636648222164,1
14.0,273.0100000000001,-0.09926382064985961,0.0008179770557115162,544.3319285999621,0.0,0.000654381644569213,0.0,0.05907974036972697,0.0,3.587327804537141,1
15.0,273.0000000000001,-0.09926376669305215,0.000818037007719763,543.9364444210313,0.0,0.0006544296061758104,0.0,0.05973416997590278,0.0,3.6051797065092788,1
16.0,272.9900000000001,-0.09926371273030532,0.0008180969663271753,543.54121863844,0.0,0.0006544775730617403,0.0,0.060388647548964516,0.0,3.623119797915453,1
17.0,272.98000000000013,-0.09926365876162979,0.0008181569315224291,543.1462511033358,0.0,0.0006545255452179433,0.0,0.06104317309418246,0.0,3.6411485079478343,1
18.0,272.97000000000014,-0.09926360478701424,0.0008182169033175146,542.751541666934,0.0,0.0006545735226540117,0.0,0.06169774661683647,0.0,3.6592662678228143,1
19.0,272.96000000000015,-0.09926355080646843,0.0008182768817015518,542.3570901805294,0.0,0.0006546215053612414,0.0,0.06235236812219771,0.0,3.677473510789901,1
20.0,272.95000000000016,-0.09926349681998003,0.0008183368666887514,541.9628964954836,0.0,0.0006546694933510012,0.0,0.06300703761554871,0.0,3.6957706721406534,1
21.0,272.94000000000017,-0.09926344282755861,0.0008183968582682333,541.5689604632371,0.0,0.0006547174866145867,0.0,0.06366175510216329,0.0,3.7141581892176467,1
22.0,272.9300000000002,-0.09926338882919883,0.0008184568564457706,541.1752819353014,0.0,0.0006547654851566166,0.0,0.0643165205873199,0.0,3.732636501423474,1
23.0,272.9200000000002,-0.09926333482489624,0.0008185168612264704,540.7818607632594,0.0,0.0006548134889811764,0.0,0.06497133407630108,0.0,3.751206050229771,1
24.0,272.9100000000002,-0.09926328081465785,0.000818576872602339,540.3886967987712,0.0,0.0006548614980818713,0.0,0.06562619557438296,0.0,3.769867279186288,1
25.0,272.9000000000002,-0.09926322679847488,0.0008186368905833685,539.9957898935662,0.0,0.0006549095124666949,0.0,0.06628110508684965,0.0,3.7886206339299777,1
26.0,272.8900000000002,-0.09926317277635188,0.0008186969151646739,539.6031398994494,0.0,0.0006549575321317391,0.0,0.06693606261898138,0.0,3.8074665621941315,1
27.0,272.8800000000002,-0.09926311874828608,0.0008187569463486977,539.2107466682982,0.0,0.0006550055570789582,0.0,0.06759106817606034,0.0,3.826405513817538,1
28.0,272.87000000000023,-0.09926306471427615,0.0008188169841374382,538.8186100520628,0.0,0.0006550535873099506,0.0,0.06824612176337029,0.0,3.8454379407536803,1
29.0,272.86000000000024,-0.09926301067432264,0.0008188770285302294,538.4267299027673,0.0,0.0006551016228241836,0.0,0.06890122338619448,0.0,3.8645642970799634,1
30.0,272.85000000000025,-0.0992629566284231,0.0008189370795299578,538.0351060725077,0.0,0.0006551496636239663,0.0,0.06955637304981845,0.0,3.883785039006974,1
31.0,272.84000000000026,-0.09926290257657755,0.0008189971371361793,537.6437384134537,0.0,0.0006551977097089435,0.0,0.07021157075952739,0.0,3.9031006248877804,1
32.0,272.83000000000027,-0.09926284851878608,0.0008190572013486719,537.2526267778486,0.0,0.0006552457610789375,0.0,0.07086681652060632,0.0,3.92251151522725,1
33.0,272.8200000000003,-0.09926279445504582,0.0008191172721714324,536.8617710180073,0.0,0.0006552938177371459,0.0,0.07152211033834346,0.0,3.9420181726914194,1
34.0,272.8100000000003,-0.09926274038535765,0.0008191773496026844,536.4711709863188,0.0,0.0006553418796821476,0.0,0.07217745221802561,0.0,3.9616210621168846,1
35.0,272.8000000000003,-0.09926268630971835,0.0008192374336464248,536.0808265352438,0.0,0.0006553899469171399,0.0,0.07283284216494275,0.0,3.9813206505202263,1
36.0,272.7900000000003,-0.09926263222812826,0.0008192975243017653,535.6907375173163,0.0,0.0006554380194414123,0.0,0.07348828018438416,0.0,4.001117407107471,1
37.0,272.7800000000003,-0.09926257814058692,0.0008193576215700382,535.3009037851432,0.0,0.0006554860972560306,0.0,0.0741437662816402,0.0,4.021011803283586,1
38.0,272.7700000000003,-0.09926252404709524,0.0008194177254496893,534.9113251914055,0.0,0.0006555341803597515,0.0,0.07479930046199995,0.0,4.041004312662005,1
39.0,272.76000000000033,-0.09926246994764809,0.0008194778359464916,534.5220015888544,0.0,0.0006555822687571933,0.0,0.07545488273075715,0.0,4.061095411074187,1
40.0,272.75000000000034,-0.0992624158422496,0.0008195379530560043,534.1329328303168,0.0,0.0006556303624448035,0.0,0.07611051309320195,0.0,4.081285576579211,1
41.0,272.74000000000035,-0.09926236173089398,0.0008195980767844446,533.7441187686895,0.0,0.0006556784614275557,0.0,0.0767661915546295,0.0,4.101575289473405,1
42.0,272.73000000000036,-0.09926230761358212,0.0008196582071309244,533.355559256943,0.0,0.0006557265657047396,0.0,0.07742191812033425,0.0,4.121965032300001,1
43.0,272.72000000000037,-0.09926225349031492,0.0008197183440943334,532.9672541481215,0.0,0.0006557746752754668,0.0,0.07807769279560972,0.0,4.142455289858835,1
44.0,272.7100000000004,-0.09926219936109171,0.0008197784876757819,532.5792032953416,0.0,0.0006558227901406256,0.0,0.07873351558575034,0.0,4.163046549216067,1
45.0,272.7000000000004,-0.09926214522590637,0.0008198386378817091,532.19140655179,0.0,0.0006558709103053673,0.0,0.0793893864960557,0.0,4.183739299713949,1
46.0,272.6900000000004,-0.0992620910847648,0.0008198987947056757,531.8038637707295,0.0,0.0006559190357645407,0.0,0.08004530553182024,0.0,4.204534032980616,1
47.0,272.6800000000004,-0.09926203693766111,0.0008199589581543432,531.4165748054927,0.0,0.0006559671665234746,0.0,0.0807012726983437,0.0,4.225431242939913,1
48.0,272.6700000000004,-0.09926198278459908,0.0008200191282232705,531.0295395094872,0.0,0.0006560153025786165,0.0,0.08135728800092232,0.0,4.246431425821257,1
49.0,272.6600000000004,-0.09926192862557237,0.0008200793049195632,530.6427577361904,0.0,0.0006560634439356505,0.0,0.08201335144485797,0.0,4.267535080169535,1
50.0,272.65000000000043,-0.09926187446058243,0.0008201394882416668,530.2562293391532,0.0,0.0006561115905933335,0.0,0.08266946303545131,0.0,4.288742706855026,1
51.0,272.64000000000044,-0.09926182028963215,0.0008201996781864729,529.8699541720007,0.0,0.0006561597425491783,0.0,0.08332562277800049,0.0,4.310054809083372,1
52.0,272.63000000000045,-0.09926176611271453,0.0008202598747615308,529.4839320884275,0.0,0.0006562078998092248,0.0,0.0839818306778097,0.0,4.331471892405567,1
53.0,272.62000000000046,-0.09926171192983191,0.0008203200779646203,529.0981629422021,0.0,0.0006562560623716963,0.0,0.0846380867401814,0.0,4.35299446472799,1
54.0,272.61000000000047,-0.09926165774098394,0.0008203802877955191,528.7126465871656,0.0,0.0006563042302364154,0.0,0.08529439097041781,0.0,4.374623036322467,1
55.0,272.6000000000005,-0.09926160354617053,0.0008204405042548935,528.3273828772319,0.0,0.0006563524034039148,0.0,0.08595074337382173,0.0,4.3963581198363695,1
56.0,272.5900000000005,-0.09926154934538389,0.0008205007273514031,527.9423716663835,0.0,0.0006564005818811225,0.0,0.08660714395570286,0.0,4.418200230302745,1
57.0,272.5800000000005,-0.0992614951386328,0.000820560957074834,527.55761280868,0.0,0.0006564487656598672,0.0,0.08726359272136273,0.0,4.440149885150477,1
58.0,272.5700000000005,-0.09926144092591271,0.0008206211934305152,527.1731061582518,0.0,0.0006564969547444122,0.0,0.08792008967610715,0.0,4.462207604214494,1
59.0,272.5600000000005,-0.09926138670721796,0.0008206814364244419,526.7888515692987,0.0,0.0006565451491395536,0.0,0.0885766348252467,0.0,4.484373909745989,1
60.0,272.5500000000005,-0.09926133248255298,0.0008207416860521732,526.4048488960952,0.0,0.0006565933488417386,0.0,0.08923322817408845,0.0,4.506649326422695,1
61.0,272.54000000000053,-0.09926127825191589,0.0008208019423157076,526.0210979929878,0.0,0.0006566415538525661,0.0,0.08988986972794101,0.0,4.529034381359176,1
62.0,272.53000000000054,-0.09926122401530624,0.0008208622052150449,525.6375987143953,0.0,0.000656689764172036,0.0,0.09054655949211304,0.0,4.55152960411717,1
63.0,272.52000000000055,-0.09926116977272215,0.0008209224747530719,525.2543509148074,0.0,0.0006567379798024576,0.0,0.0912032974719155,0.0,4.574135526715948,1
64.0,272.51000000000056,-0.0992611155241635,0.0008209827509295664,524.8713544487871,0.0,0.0006567862007436532,0.0,0.09186008367265915,0.0,4.59685268364272,1
65.0,272.50000000000057,-0.09926106126962808,0.0008210430337465269,524.4886091709682,0.0,0.0006568344269972216,0.0,0.09251691809965637,0.0,4.619681611863067,1
66.0,272.4900000000006,-0.09926100700911522,0.0008211033232052856,524.1061149360568,0.0,0.0006568826585642284,0.0,0.0931738007582206,0.0,4.6426228508314065,1
67.0,272.4800000000006,-0.09926095274262758,0.0008211636193025118,523.7238715988328,0.0,0.0006569308954420095,0.0,0.09383073165366261,0.0,4.665676942501501,1
68.0,272.4700000000006,-0.0992608984701564,0.0008212239220484197,523.3418790141438,0.0,0.0006569791376387357,0.0,0.09448771079130135,0.0,4.6888444313369915,1
69.0,272.4600000000006,-0.09926084419171177,0.0008212842314312407,522.9601370369152,0.0,0.0006570273851449926,0.0,0.09514473817644634,0.0,4.7121258643219655,1
70.0,272.4500000000006,-0.09926078990728193,0.0008213445474645198,522.5786455221382,0.0,0.0006570756379716159,0.0,0.09580181381441795,0.0,4.735521790971562,1
71.0,272.4400000000006,-0.09926073561687188,0.0008214048701422616,522.1974043248795,0.0,0.0006571238961138094,0.0,0.09645893771053175,0.0,4.759032763342607,1
72.0,272.43000000000063,-0.09926068132048216,0.0008214651994642441,521.8164133002778,0.0,0.0006571721595713953,0.0,0.09711610987010315,0.0,4.7826593360442855,1
73.0,272.42000000000064,-0.09926062701810678,0.0008215255354369067,521.4356723035412,0.0,0.0006572204283495254,0.0,0.09777333029845267,0.0,4.806402066248846,1
74.0,272.41000000000065,-0.09926057270974875,0.0008215858780569185,521.0551811899516,0.0,0.0006572687024455348,0.0,0.0984305990008982,0.0,4.830261513702341,1
75.0,272.40000000000066,-0.09926051839540673,0.000821646227325834,520.6749398148621,0.0,0.0006573169818606672,0.0,0.09908791598275887,0.0,4.854238240735394,1
76.0,272.39000000000067,-0.09926046407507849,0.0008217065832458736,520.2949480336973,0.0,0.000657365266596699,0.0,0.09974528124935557,0.0,4.878332812274009,1
77.0,272.3800000000007,-0.09926040974876338,0.0008217669458185917,519.915205701953,0.0,0.0006574135566548734,0.0,0.10040269480601044,0.0,4.902545795850407,1
78.0,272.3700000000007,-0.09926035541646183,0.0008218273150424338,519.5357126751978,0.0,0.0006574618520339471,0.0,0.10106015665804438,0.0,4.926877761613903,1
79.0,272.3600000000007,-0.09926030107817096,0.0008218876909211748,519.1564688090706,0.0,0.0006575101527369399,0.0,0.10171766681078132,0.0,4.951329282341807,1
80.0,272.3500000000007,-0.09926024673389167,0.0008219480734537044,518.7774739592828,0.0,0.0006575584587629635,0.0,0.10237522526954428,0.0,4.975900933450369,1
81.0,272.3400000000007,-0.09926019238362083,0.0008220084626435753,518.3987279816164,0.0,0.0006576067701148603,0.0,0.10303283203965914,0.0,5.000593293005747,1
82.0,272.3300000000007,-0.099260138027363,0.0008220688584854585,518.0202307319275,0.0,0.0006576550867883669,0.0,0.1036904871264475,0.0,5.025406941735022,1
83.0,272.32000000000073,-0.09926008366510941,0.0008221292609895681,517.6419820661398,0.0,0.0006577034087916545,0.0,0.10434819053523915,0.0,5.0503424630372304,1
84.0,272.31000000000074,-0.09926002929686473,0.0008221896701503528,517.2639818402512,0.0,0.0006577517361202823,0.0,0.10500594227135944,0.0,5.075400442994441,1
85.0,272.30000000000075,-0.09925997492262584,0.0008222500859711435,516.8862299103299,0.0,0.0006578000687769148,0.0,0.10566374234013635,0.0,5.100581470382867,1
86.0,272.29000000000076,-0.09925992054239319,0.00082231050845194,516.5087261325161,0.0,0.000657848406761552,0.0,0.10632159074689791,0.0,5.125886136683998,1
87.0,272.28000000000077,-0.099259866156167,0.0008223709375920762,516.1314703630222,0.0,0.000657896750073661,0.0,0.10697948749697157,0.0,5.15131503609578,1
88.0,272.2700000000008,-0.09925981176394039,0.0008224313733995459,515.7544624581286,0.0,0.0006579450987196367,0.0,0.10763743259569121,0.0,5.176868765543824,1
89.0,272.2600000000008,-0.09925975736572168,0.0008224918158645789,515.3777022741921,0.0,0.0006579934526916632,0.0,0.10829542604838287,0.0,5.202547924692639,1
90.0,272.2500000000008,-0.09925970296150233,0.0008225522649973893,515.0011896676363,0.0,0.0006580418119979115,0.0,0.10895346786038078,0.0,5.228353115956917,1
91.0,272.2400000000008,-0.09925964855128266,0.000822612720797089,514.624924494957,0.0,0.0006580901766376712,0.0,0.10961155803701846,0.0,5.254284944512831,1
92.0,272.2300000000008,-0.09925959413506613,0.0008226731832599032,514.2489066127237,0.0,0.0006581385466079226,0.0,0.11026969658362638,0.0,5.280344018309375,1
93.0,272.2200000000008,-0.09925953971284895,0.0008227336523900508,513.8731358775752,0.0,0.0006581869219120407,0.0,0.11092788350553842,0.0,5.306530948079746,1
94.0,272.21000000000083,-0.09925948528462858,0.0008227941281904183,513.497612146221,0.0,0.0006582353025523347,0.0,0.11158611880809076,0.0,5.332846347352742,1
95.0,272.20000000000084,-0.09925943085040723,0.0008228546106585632,513.1223352754429,0.0,0.0006582836885268506,0.0,0.11224440249661762,0.0,5.359290832464203,1
96.0,272.19000000000085,-0.09925937641018268,0.0008229150997969281,512.7473051220934,0.0,0.0006583320798375426,0.0,0.11290273457645515,0.0,5.385865022568484,1
97.0,272.18000000000086,-0.0992593219639527,0.0008229755956079554,512.3725215430954,0.0,0.0006583804764863643,0.0,0.11356111505294152,0.0,5.41256953964996,1
98.0,272.17000000000087,-0.09925926751171865,0.0008230360980903129,511.997984395444,0.0,0.0006584288784722503,0.0,0.11421954393141377,0.0,5.439405008534563,1
99.0,272.1600000000009,-0.09925921305347774,0.000823096607246887,511.62369353620426,0.0,0.0006584772857975097,0.0,0.11487802121721129,0.0,5.466372056901353,1
100.0,272.1500000000009,-0.09925915858923262,0.0008231571230747914,511.2496488225141,0.0,0.0006585256984598331,0.0,0.11553654691567113,0.0,5.493471315294118,1
101.0,272.1400000000009,-0.09925910411897754,0.0008232176455804652,510.8758501115799,0.0,0.0006585741164643722,0.0,0.1161951210321355,0.0,5.520703417133018,1
102.0,272.1300000000009,-0.09925904964271437,0.000823278174761688,510.50229726068056,0.0,0.0006586225398093504,0.0,0.11685374357194485,0.0,5.548068998726239,1
103.0,272.1200000000009,-0.0992589951604429,0.0008233387106191259,510.1289901271659,0.0,0.0006586709684953008,0.0,0.11751241454044015,0.0,5.575568699281708,1
104.0,272.1100000000009,-0.09925894067215946,0.0008233992531561096,509.7559285684556,0.0,0.0006587194025248878,0.0,0.11817113394296504,0.0,5.603203160918815,1
105.0,272.10000000000093,-0.0992588861778666,0.0008234598023704187,509.3831124420417,0.0,0.000658767841896335,0.0,0.11882990178486137,0.0,5.630973028680188,1
106.0,272.09000000000094,-0.09925883167755978,0.0008235203582669381,509.01054160548523,0.0,0.0006588162866135506,0.0,0.11948871807147492,0.0,5.6588789505434764,1
107.0,272.08000000000095,-0.09925877717124199,0.0008235809208421152,508.63821591642017,0.0,0.0006588647366736922,0.0,0.1201475828081486,0.0,5.686921577433199,1
108.0,272.07000000000096,-0.0992587226589089,0.000823641490101279,508.2661352325492,0.0,0.0006589131920810232,0.0,0.12080649600022964,0.0,5.715101563232587,1
109.0,272.06000000000097,-0.09925866814056339,0.0008237020660406547,507.8942994116479,0.0,0.0006589616528325237,0.0,0.12146545765306216,0.0,5.743419564795489,1
110.0,272.050000000001,-0.09925861361619792,0.0008237626486691241,507.52270831155914,0.0,0.0006590101189352993,0.0,0.12212446777199745,0.0,5.771876241958291,1
111.0,272.040000000001,-0.09925855908582137,0.0008238232379762511,507.15136179020146,0.0,0.0006590585903810009,0.0,0.12278352636237845,0.0,5.800472257551879,1
112.0,272.030000000001,-0.09925850454942331,0.0008238838339740262,506.7802597055592,0.0,0.000659107067179221,0.0,0.12344263342955768,0.0,5.829208277413616,1
113.0,272.020000000001,-0.09925845000700739,0.0008239444366582305,506.40940191568967,0.0,0.0006591555493265845,0.0,0.12410178897888426,0.0,5.858084970399378,1
114.0,272.010000000001,-0.09925839545857551,0.0008240050460270876,506.03878827872194,0.0,0.0006592040368216701,0.0,0.12476099301570592,0.0,5.8871030083955915,1
115.0,272.000000000001,-0.09925834090412033,0.0008240656620885911,505.66841865285255,0.0,0.000659252529670873,0.0,0.12542024554537679,0.0,5.916263066331324,1
116.0,271.99000000000103,-0.09925828634364431,0.0008241262848396325,505.2982928963504,0.0,0.000659301027871706,0.0,0.1260795465732485,0.0,5.945565822190396,1
117.0,271.98000000000104,-0.09925823177714843,0.0008241869142795455,504.9284108675557,0.0,0.0006593495314236365,0.0,0.12673889610467212,0.0,5.975011957023527,1
118.0,271.97000000000105,-0.09925817720463026,0.0008242475504107727,504.5587724248785,0.0,0.0006593980403286182,0.0,0.12739829414500073,0.0,6.00460215496051,1
119.0,271.96000000000106,-0.09925812262608757,0.0008243081932359786,504.1893774267985,0.0,0.0006594465545887829,0.0,0.1280577406995895,0.0,6.03433710322242,1
120.0,271.95000000000107,-0.09925806804151771,0.0008243688427580498,503.820225731865,0.0,0.0006594950742064399,0.0,0.12871723577379593,0.0,6.064217492133851,1
121.0,271.9400000000011,-0.09925801345092733,0.0008244294989696588,503.45131719870136,0.0,0.0006595435991757271,0.0,0.12937677937297165,0.0,6.094244015135186,1
122.0,271.9300000000011,-0.09925795885430821,0.0008244901618799094,503.0826516859978,0.0,0.0006595921295039276,0.0,0.13003637150247557,0.0,6.124417368794897,1
123.0,271.9200000000011,-0.09925790425165959,0.0008245508314892458,502.714229052515,0.0,0.0006596406651913967,0.0,0.13069601216766696,0.0,6.15473825282187,1
124.0,271.9100000000011,-0.09925784964298778,0.0008246115077912286,502.3460491570874,0.0,0.0006596892062329829,0.0,0.13135570137389996,0.0,6.185207370077768,1
125.0,271.9000000000011,-0.09925779502828469,0.0008246721907947396,501.9781118586161,0.0,0.0006597377526357918,0.0,0.13201543912653574,0.0,6.2158254265894195,1
126.0,271.8900000000011,-0.09925774040755231,0.0008247328804973364,501.61041701607405,0.0,0.0006597863043978692,0.0,0.1326752254309336,0.0,6.246593131561243,1
127.0,271.88000000000113,-0.09925768578078797,0.0008247935769021275,501.24296448850345,0.0,0.000659834861521702,0.0,0.13333506029245532,0.0,6.277511197387688,1
128.0,271.87000000000114,-0.09925763114799369,0.0008248542800068925,500.87575413501816,0.0,0.0006598834240055141,0.0,0.13399494371646084,0.0,6.308580339665721,1
129.0,271.86000000000115,-0.09925757650916556,0.0008249149898160724,500.5087858148006,0.0,0.000659931991852858,0.0,0.1346548757083137,0.0,6.339801277207335,1
130.0,271.85000000000116,-0.09925752186430536,0.0008249757063272245,500.14205938710495,0.0,0.0006599805650617796,0.0,0.13531485627337547,0.0,6.371174732052084,1
131.0,271.84000000000117,-0.09925746721341122,0.0008250364295430135,499.7755747112547,0.0,0.0006600291436344108,0.0,0.1359748854170099,0.0,6.402701429479648,1
132.0,271.8300000000012,-0.09925741255648002,0.0008250971594665479,499.40933164664256,0.0,0.0006600777275732384,0.0,0.13663496314458312,0.0,6.434382098022439,1
133.0,271.8200000000012,-0.09925735789351464,0.0008251578960947192,499.043330052733,0.0,0.0006601263168757754,0.0,0.1372950894614589,0.0,6.466217469478225,1
134.0,271.8100000000012,-0.09925730322451265,0.000825218639430414,498.67756978905976,0.0,0.0006601749115443313,0.0,0.13795526437300323,0.0,6.498208278922772,1
135.0,271.8000000000012,-0.09925724854947204,0.0008252793894754085,498.31205071522623,0.0,0.0006602235115803269,0.0,0.13861548788458355,0.0,6.530355264722542,1
136.0,271.7900000000012,-0.09925719386839205,0.000825340146231035,497.94677269090556,0.0,0.000660272116984828,0.0,0.13927576000156838,0.0,6.562659168547395,1
137.0,271.7800000000012,-0.09925713918127299,0.0008254009096966275,497.58173557584166,0.0,0.0006603207277573021,0.0,0.13993608072932567,0.0,6.59512073538334,1
138.0,271.77000000000123,-0.09925708448811266,0.0008254616798746284,497.2169392298477,0.0,0.0006603693438997027,0.0,0.14059645007322538,0.0,6.627740713545285,1
139.0,271.76000000000124,-0.09925702978891515,0.0008255224567608188,496.85238351280896,0.0,0.0006604179654086551,0.0,0.14125686803863405,0.0,6.660519854689852,1
140.0,271.75000000000125,-0.09925697508367015,0.0008255832403665231,496.4880682846761,0.0,0.0006604665922932186,0.0,0.14191733463092726,0.0,6.693458913828185,1
141.0,271.74000000000126,-0.0992569203723851,0.0008256440306833035,496.12399340547375,0.0,0.0006605152245466429,0.0,0.1425778498554739,0.0,6.726558649338811,1
142.0,271.73000000000127,-0.09925686565505465,0.0008257048277169332,495.7601587352942,0.0,0.0006605638621735466,0.0,0.14323841371764745,0.0,6.759819822980513,1
143.0,271.7200000000013,-0.0992568109316797,0.0008257656314669681,495.3965641343002,0.0,0.0006606125051735745,0.0,0.14389902622282102,0.0,6.79324319990524,1
144.0,271.7100000000013,-0.09925675620226115,0.000825826441932076,495.0332094627252,0.0,0.0006606611535456609,0.0,0.14455968737636668,0.0,6.826829548671035,1
145.0,271.7000000000013,-0.09925670146679233,0.0008258872591195843,494.67009458086966,0.0,0.0006607098072956675,0.0,0.14522039718366234,0.0,6.860579641254997,1
146.0,271.6900000000013,-0.09925664672527656,0.0008259480830259402,494.30721934910565,0.0,0.0006607584664207523,0.0,0.14588115565008308,0.0,6.894494253066264,1
147.0,271.6800000000013,-0.09925659197771453,0.0008260089136504778,493.94458362787566,0.0,0.0006608071309203823,0.0,0.14654196278100345,0.0,6.928574162959029,1
148.0,271.6700000000013,-0.0992565372241021,0.0008260697509976378,493.5821872776903,0.0,0.0006608558007981102,0.0,0.14720281858180156,0.0,6.962820153245575,1
149.0,271.66000000000133,-0.09925648246444074,0.000826130595065866,493.22003015913094,0.0,0.0006609044760526928,0.0,0.14786372305785425,0.0,6.99723300970934,1
150.0,271.65000000000134,-0.09925642769872434,0.0008261914458618236,492.858112132846,0.0,0.0006609531566894589,0.0,0.1485246762145437,0.0,7.031813521618008,1
151.0,271.64000000000135,-0.09925637292696043,0.000826252303377295,492.49643305955743,0.0,0.0006610018427018361,0.0,0.14918567805724556,0.0,7.066562481736622,1
152.0,271.63000000000136,-0.09925631814913982,0.0008263131676224944,492.13499280005277,0.0,0.0006610505340979956,0.0,0.14984672859134354,0.0,7.101480686340725,1
153.0,271.62000000000137,-0.09925626336526949,0.000826374038589428,491.7737912151929,0.0,0.0006610992308715424,0.0,0.15050782782221508,0.0,7.136568935229529,1
154.0,271.6100000000014,-0.09925620857533968,0.0008264349162891982,491.4128281659037,0.0,0.0006611479330313586,0.0,0.15116897575524643,0.0,7.171828031739096,1
155.0,271.6000000000014,-0.09925615377935815,0.0008264958007131451,491.0521035131849,0.0,0.0006611966405705161,0.0,0.15183017239581695,0.0,7.207258782755566,1
156.0,271.5900000000014,-0.09925609897731902,0.0008265566918679301,490.69161711810295,0.0,0.0006612453534943441,0.0,0.1524914177493113,0.0,7.242861998728381,1
157.0,271.5800000000014,-0.09925604416922174,0.0008266175897537753,490.33136884179413,0.0,0.0006612940718030203,0.0,0.1531527118211143,0.0,7.278638493683561,1
158.0,271.5700000000014,-0.09925598935506819,0.0008266784943686822,489.9713585454653,0.0,0.0006613427954949458,0.0,0.15381405461660927,0.0,7.314589085236983,1
159.0,271.5600000000014,-0.09925593453485271,0.0008267394057193123,489.61158609039023,0.0,0.0006613915245754498,0.0,0.15447544614118472,0.0,7.35071459460769,1
160.0,271.55000000000143,-0.0992558797085783,0.0008268003238018906,489.25205133791405,0.0,0.0006614402590415125,0.0,0.15513688640022624,0.0,7.387015846631234,1
161.0,271.54000000000144,-0.09925582487624363,0.0008268612486181937,488.8927541494508,0.0,0.000661488998894555,0.0,0.1557983753991208,0.0,7.423493669773017,1
162.0,271.53000000000145,-0.09925577003784614,0.0008269221801708859,488.53369438648303,0.0,0.0006615377441367088,0.0,0.15645991314325752,0.0,7.460148896141686,1
163.0,271.52000000000146,-0.09925571519338816,0.0008269831184575249,488.174871910564,0.0,0.00066158649476602,0.0,0.15712149963802355,0.0,7.496982361502524,1
164.0,271.51000000000147,-0.0992556603428627,0.0008270440634858822,487.8162865833132,0.0,0.0006616352507887058,0.0,0.15778313488881227,0.0,7.533994905290875,1
165.0,271.5000000000015,-0.09925560548627654,0.0008271050152481862,487.457938266423,0.0,0.0006616840121985491,0.0,0.1584448189010108,0.0,7.571187370625588,1
166.0,271.4900000000015,-0.09925555062362068,0.0008271659737548731,487.099826821651,0.0,0.0006617327790038986,0.0,0.1591065516800147,0.0,7.608560604322492,1
167.0,271.4800000000015,-0.09925549575490378,0.0008272269389957287,486.74195211082855,0.0,0.000661781551196583,0.0,0.15976833323121128,0.0,7.646115456907874,1
168.0,271.4700000000015,-0.09925544088011717,0.0008272879109807452,486.38431399585227,0.0,0.0006618303287845962,0.0,0.16043016355999587,0.0,7.683852782631996,1
169.0,271.4600000000015,-0.09925538599926087,0.0008273488897101444,486.02691233868813,0.0,0.0006618791117681156,0.0,0.161092042671764,0.0,7.721773439482614,1
170.0,271.4500000000015,-0.09925533111233664,0.000827409875181484,485.6697470013726,0.0,0.0006619279001451872,0.0,0.16175397057190918,0.0,7.75987828919854,1
171.0,271.44000000000153,-0.09925527621934438,0.000827470867395208,485.31281784601146,0.0,0.0006619766939161665,0.0,0.16241594726582534,0.0,7.798168197283206,1
172.0,271.43000000000154,-0.0992552213202803,0.0008275318663550912,484.95612473477803,0.0,0.000662025493084073,0.0,0.16307797275890942,0.0,7.83664403301825,1
173.0,271.42000000000155,-0.09925516641514354,0.0008275928720626879,484.5996675299145,0.0,0.0006620742976501504,0.0,0.16374004705655956,0.0,7.87530666947713,1
174.0,271.41000000000156,-0.09925511150393462,0.00082765388451711,484.2434460937327,0.0,0.0006621231076136881,0.0,0.16440217016417324,0.0,7.914156983538757,1
175.0,271.40000000000157,-0.0992550565866509,0.0008277149037212439,483.88746028861254,0.0,0.0006621719229769952,0.0,0.16506434208715023,0.0,7.953195855901128,1
176.0,271.3900000000016,-0.0992550016632967,0.0008277759296702047,483.53170997700533,0.0,0.0006622207437361638,0.0,0.1657265628308864,0.0,7.9924241710949975,1
177.0,271.3800000000016,-0.09925494673386315,0.0008278369623742066,483.17619502142713,0.0,0.0006622695698993653,0.0,0.16638883240078578,0.0,8.031842817497568,1
178.0,271.3700000000016,-0.09925489179835734,0.0008278980018252557,482.82091528446676,0.0,0.0006623184014602047,0.0,0.16705115080224597,0.0,8.071452687346177,1
179.0,271.3600000000016,-0.09925483685676983,0.0008279590480335663,482.4658706287778,0.0,0.0006623672384268531,0.0,0.16771351804067283,0.0,8.111254676752024,1
180.0,271.3500000000016,-0.09925478190910908,0.0008280201009898125,482.11106091708695,0.0,0.0006624160807918501,0.0,0.16837593412146468,0.0,8.151249685713907,1
181.0,271.3400000000016,-0.09925472695536741,0.000828081160702876,481.75648601218626,0.0,0.0006624649285623008,0.0,0.169038399050027,0.0,8.191438618131961,1
182.0,271.33000000000163,-0.09925467199554316,0.0008281422271743111,481.40214577693627,0.0,0.0006625137817394489,0.0,0.16970091283176644,0.0,8.231822381821443,1
183.0,271.32000000000164,-0.09925461702964411,0.0008282033003954581,481.0480400742702,0.0,0.0006625626403163666,0.0,0.1703634754720828,0.0,8.272401888526495,1
184.0,271.31000000000165,-0.09925456205765892,0.0008282643803789735,480.694168767185,0.0,0.0006626115043031789,0.0,0.171026086976386,0.0,8.31317805393397,1
185.0,271.30000000000166,-0.09925450707959116,0.0008283254671208606,480.3405317187482,0.0,0.0006626603736966885,0.0,0.1716887473500827,0.0,8.35415179768722,1
186.0,271.29000000000167,-0.09925445209544403,0.0008283865606177887,479.98712879209796,0.0,0.000662709248494231,0.0,0.17235145659857692,0.0,8.395324043399931,1
187.0,271.2800000000017,-0.09925439710521022,0.0008284476608775293,479.6339598504379,0.0,0.0006627581287020235,0.0,0.17301421472727896,0.0,8.436695718669974,1
188.0,271.2700000000017,-0.09925434210889195,0.0008285087678976399,479.2810247570417,0.0,0.000662807014318112,0.0,0.17367702174159708,0.0,8.47826775509326,1
189.0,271.2600000000017,-0.09925428710648498,0.0008285698816832276,478.92832337524965,0.0,0.0006628559053465822,0.0,0.17433987764694367,0.0,8.5200410882776,1
190.0,271.2500000000017,-0.09925423209799344,0.0008286310022294074,478.5758555684732,0.0,0.000662904801783526,0.0,0.1750027824487272,0.0,8.562016657856596,1
191.0,271.2400000000017,-0.099254177083415,0.0008286921295390659,478.22362120019125,0.0,0.0006629537036312527,0.0,0.17566573615235845,0.0,8.604195407503534,1
192.0,271.2300000000017,-0.09925412206274764,0.0008287532636137573,477.87162013395096,0.0,0.000663002610891006,0.0,0.17632873876324945,0.0,8.646578284945296,1
193.0,271.22000000000173,-0.09925406703598905,0.0008288144044565904,477.51985223336686,0.0,0.0006630515235652723,0.0,0.17699179028681472,0.0,8.689166241976265,1
194.0,271.21000000000174,-0.09925401200313888,0.0008288755520677871,477.1683173621222,0.0,0.0006631004416542297,0.0,0.17765489072846896,0.0,8.731960234472275,1
195.0,271.20000000000175,-0.09925395696420136,0.0008289367064429065,476.8170153839709,0.0,0.0006631493651543252,0.0,0.1783180400936233,0.0,8.774961222404544,1
196.0,271.19000000000176,-0.09925390191916839,0.0008289978675906085,476.4659461627318,0.0,0.0006631982940724868,0.0,0.17898123838769578,0.0,8.818170169853618,1
197.0,271.18000000000177,-0.09925384686804128,0.0008290590355095606,476.1151095622931,0.0,0.0006632472284076485,0.0,0.17964448561610344,0.0,8.861588045023339,1
198.0,271.1700000000018,-0.09925379181082461,0.000829120210194878,475.76450544661367,0.0,0.0006632961681559025,0.0,0.18030778178425935,0.0,8.905215820254824,1
199.0,271.1600000000018,-0.09925373674750826,0.0008291813916574409,475.4141336797163,0.0,0.0006633451133259528,0.0,0.1809711268975853,0.0,8.949054472040427,1
200.0,271.1500000000018,-0.09925368167809889,0.0008292425798901437,475.06399412569556,0.0,0.0006633940639121151,0.0,0.1816345209614974,0.0,8.993104981037748,1
201.0,271.1400000000018,-0.09925362660259196,0.0008293037748976495,474.7140866487125,0.0,0.0006634430199181197,0.0,0.1822979639814155,0.0,9.037368332083608,1
202.0,271.1300000000018,-0.0992535715209859,0.0008293649766824007,474.36441111299575,0.0,0.0006634919813459206,0.0,0.18296145596276142,0.0,9.081845514208068,1
203.0,271.1200000000018,-0.0992535164332835,0.0008294261852404006,474.014967382844,0.0,0.0006635409481923205,0.0,0.18362499691095374,0.0,9.126537520648439,1
204.0,271.11000000000183,-0.09925346133948032,0.0008294874005774222,473.66575532262215,0.0,0.0006635899204619378,0.0,0.1842885868314157,0.0,9.171445348863292,1
205.0,271.10000000000184,-0.09925340623957635,0.0008295486226930215,473.31677479676364,0.0,0.0006636388981544173,0.0,0.1849522257295701,0.0,9.216570000546483,1
206.0,271.09000000000185,-0.09925335113357114,0.0008296098515874206,472.96802566977027,0.0,0.0006636878812699365,0.0,0.18561591361084004,0.0,9.26191248164119,1
207.0,271.08000000000186,-0.0992532960214646,0.0008296710872615076,472.61950780621186,0.0,0.0006637368698092062,0.0,0.18627965048064923,0.0,9.30747380235393,1
208.0,271.07000000000187,-0.09925324090325494,0.0008297323297168369,472.2712210707259,0.0,0.0006637858637734695,0.0,0.1869434363444227,0.0,9.35325497716862,1
209.0,271.0600000000019,-0.09925318577893982,0.0008297935789558508,471.9231653280173,0.0,0.0006638348631646807,0.0,0.18760727120758738,0.0,9.399257024860598,1
210.0,271.0500000000019,-0.09925313064852315,0.0008298548349743307,471.57534044286103,0.0,0.0006638838679794645,0.0,0.18827115507556685,0.0,9.445480968510676,1
211.0,271.0400000000019,-0.09925307551199636,0.0008299160977818243,471.22774628009626,0.0,0.0006639328782254595,0.0,0.18893508795379232,0.0,9.491927835519192,1
212.0,271.0300000000019,-0.09925302036936556,0.0008299773673714483,470.8803827046333,0.0,0.0006639818938971587,0.0,0.18959906984768948,0.0,9.53859865762006,1
213.0,271.0200000000019,-0.0992529652206251,0.0008300386437498641,470.533249581448,0.0,0.0006640309149998913,0.0,0.19026310076268937,0.0,9.585494470894806,1
214.0,271.0100000000019,-0.09925291006577797,0.0008300999269132969,470.18634677558595,0.0,0.0006640799415306376,0.0,0.19092718070422002,0.0,9.632616315786647,1
215.0,271.00000000000193,-0.09925285490482083,0.0008301612168657435,469.8396741521592,0.0,0.0006641289734925949,0.0,0.19159130967771262,0.0,9.679965237114518,1
216.0,270.99000000000194,-0.09925279973775514,0.0008302225136054275,469.4932315763487,0.0,0.0006641780108843421,0.0,0.19225548768859696,0.0,9.727542284087146,1
217.0,270.98000000000195,-0.09925274456457489,0.0008302838171390103,469.1470189134008,0.0,0.0006642270537112083,0.0,0.19291971474230818,0.0,9.775348510317095,1
218.0,270.97000000000196,-0.09925268938528331,0.0008303451274629392,468.80103602863136,0.0,0.0006642761019703514,0.0,0.19358399084427852,0.0,9.823384973834802,1
219.0,270.96000000000197,-0.09925263419988117,0.000830406444576326,468.45528278742466,0.0,0.0006643251556610608,0.0,0.19424831599993958,0.0,9.871652737102659,1
220.0,270.950000000002,-0.09925257900836193,0.0008304677684867201,468.1097590552299,0.0,0.0006643742147893761,0.0,0.19491269021472896,0.0,9.920152867029024,1
221.0,270.940000000002,-0.09925252381072958,0.0008305290991894587,467.76446469756627,0.0,0.000664423279351567,0.0,0.19557711349408052,0.0,9.968886434982295,1
222.0,270.930000000002,-0.09925246860698145,0.0008305904366872063,467.4193995800197,0.0,0.0006644723493497651,0.0,0.1962415858434303,0.0,10.017854516804922,1
223.0,270.920000000002,-0.09925241339711621,0.0008306517809819614,467.0745635682433,0.0,0.0006645214247855691,0.0,0.19690610726821586,0.0,10.067058192827462,1
224.0,270.910000000002,-0.09925235818113509,0.0008307131320721695,466.72995652795885,0.0,0.0006645705056577356,0.0,0.1975706777738736,0.0,10.116498547882603,1
225.0,270.900000000002,-0.09925230295903209,0.00083077448996427,466.3855783249532,0.0,0.000664619591971416,0.0,0.19823529736584503,0.0,10.166176671319187,1
226.0,270.89000000000203,-0.09925224773081309,0.0008308358546520456,466.0414288250837,0.0,0.0006646686837216365,0.0,0.19889996604956667,0.0,10.216093657016224,1
227.0,270.88000000000204,-0.09925219249647232,0.0008308972261417136,465.69750789427303,0.0,0.0006647177809133709,0.0,0.19956468383048004,0.0,10.26625060339691,1
228.0,270.87000000000205,-0.09925213725600868,0.0008309586044348283,465.3538153985109,0.0,0.0006647668835478627,0.0,0.2002294507140279,0.0,10.316648613442624,1
229.0,270.86000000000206,-0.09925208200942492,0.000831019989527837,465.0103512038564,0.0,0.0006648159916222696,0.0,0.20089426670565017,0.0,10.367288794706928,1
230.0,270.85000000000207,-0.09925202675671874,0.0008310813814236262,464.66711517643506,0.0,0.000664865105138901,0.0,0.20155913181078908,0.0,10.418172259329543,1
231.0,270.8400000000021,-0.09925197149788789,0.0008311427801244164,464.3241071824393,0.0,0.0006649142240995332,0.0,0.2022240460348886,0.0,10.469300124050335,1
232.0,270.8300000000021,-0.09925191623293417,0.0008312041856286534,463.98132708812994,0.0,0.0006649633485029228,0.0,0.20288900938339152,0.0,10.520673510223274,1
233.0,270.8200000000021,-0.09925186096184946,0.0008312655979449968,463.63877475983173,0.0,0.0006650124783559975,0.0,0.2035540218617475,0.0,10.57229354383038,1
234.0,270.8100000000021,-0.09925180568464309,0.0008313270170632325,463.2964500639414,0.0,0.0006650616136505861,0.0,0.2042190834753981,0.0,10.624161355495678,1
235.0,270.8000000000021,-0.09925175040130851,0.0008313884429904661,462.9543528669203,0.0,0.0006651107543923729,0.0,0.20488419422979048,0.0,10.676278080499118,1
236.0,270.7900000000021,-0.09925169511184362,0.000831449875729362,462.6124830352964,0.0,0.0006651599005834896,0.0,0.20554935413037398,0.0,10.728644858790494,1
237.0,270.78000000000213,-0.09925163981625129,0.0008315113152763676,462.2708404356665,0.0,0.0006652090522210941,0.0,0.20621456318259507,0.0,10.781262835003332,1
238.0,270.77000000000214,-0.09925158451452754,0.0008315727616361457,461.92942493469315,0.0,0.0006652582093089166,0.0,0.20687982139190397,0.0,10.834133158468793,1
239.0,270.76000000000215,-0.09925152920667168,0.0008316342148093625,461.588236399106,0.0,0.00066530737184749,0.0,0.20754512876375147,0.0,10.887256983229534,1
240.0,270.75000000000216,-0.09925147389268785,0.0008316956747913551,461.2472746957042,0.0,0.0006653565398330841,0.0,0.20821048530358455,0.0,10.940635468053559,1
241.0,270.74000000000217,-0.09925141857256625,0.0008317571415930036,460.90653969134996,0.0,0.000665405713274403,0.0,0.20887589101685894,0.0,10.994269776448052,1
242.0,270.7300000000022,-0.09925136324631334,0.0008318186152074247,460.56603125297556,0.0,0.0006654548921659399,0.0,0.20954134590902487,0.0,11.048161076673203,1
243.0,270.7200000000022,-0.099251307913925,0.0008318800956388372,460.225749247579,0.0,0.0006655040765110699,0.0,0.21020684998553593,0.0,11.102310541756003,1
244.0,270.7100000000022,-0.09925125257540146,0.0008319415828872412,459.8856935422257,0.0,0.0006655532663097929,0.0,0.21087240325184572,0.0,11.156719349504016,1
245.0,270.7000000000022,-0.09925119723074138,0.0008320030769539688,459.54586400404776,0.0,0.0006656024615631751,0.0,0.2115380057134089,0.0,11.211388682519136,1
246.0,270.6900000000022,-0.09925114187994255,0.0008320645778414626,459.20626050024373,0.0,0.0006656516622731701,0.0,0.21220365737568206,0.0,11.266319728211338,1
247.0,270.6800000000022,-0.09925108652300652,0.0008321260855483903,458.8668828980799,0.0,0.0006657008684387123,0.0,0.21286935824412076,0.0,11.32151367881237,1
248.0,270.67000000000223,-0.09925103115993128,0.0008321876000763062,458.52773106488917,0.0,0.000665750080061045,0.0,0.2135351083241818,0.0,11.376971731389455,1
249.0,270.66000000000224,-0.09925097579071696,0.0008322491214256544,458.18880486807154,0.0,0.0006657992971405236,0.0,0.21420090762132232,0.0,11.432695087858969,1
250.0,270.65000000000225,-0.09925092041535921,0.0008323106496008759,457.8501041750924,0.0,0.0006658485196807007,0.0,0.21486675614100303,0.0,11.488684955000046,1
251.0,270.64000000000226,-0.09925086503385927,0.0008323721846008603,457.51162885348464,0.0,0.0006658977476806882,0.0,0.21553265388868373,0.0,11.544942544468233,1
252.0,270.63000000000227,-0.09925080964621802,0.0008324337264244974,457.1733787708489,0.0,0.000665946981139598,0.0,0.21619860086982332,0.0,11.601469072809053,1
253.0,270.6200000000023,-0.0992507542524328,0.0008324952750746739,456.8353537948517,0.0,0.0006659962200597392,0.0,0.21686459708988307,0.0,11.658265761471574,1
254.0,270.6100000000023,-0.09925069885250137,0.0008325568305540543,456.49755379322556,0.0,0.0006660454644432435,0.0,0.2175306425543263,0.0,11.715333836821943,1
255.0,270.6000000000023,-0.09925064344642576,0.0008326183928604181,456.15997863377095,0.0,0.0006660947142883345,0.0,0.21819673726861463,0.0,11.77267453015688,1
256.0,270.5900000000023,-0.09925058803420417,0.0008326799619953196,455.82262818435476,0.0,0.0006661439695962557,0.0,0.21886288123821088,0.0,11.830289077717158,1
257.0,270.5800000000023,-0.09925053261583361,0.0008327415379625336,455.4855023129093,0.0,0.0006661932303700269,0.0,0.21952907446858091,0.0,11.888178720701045,1
258.0,270.5700000000023,-0.09925047719131441,0.000832803120761616,455.1486008874342,0.0,0.0006662424966092928,0.0,0.2201953169651902,0.0,11.9463447052777,1
259.0,270.56000000000233,-0.09925042176064658,0.0008328647103925668,454.81192377599587,0.0,0.0006662917683140535,0.0,0.22086160873350427,0.0,12.00478828260056,1
260.0,270.55000000000234,-0.09925036632382989,0.0008329263068556081,454.47547084672755,0.0,0.0006663410454844865,0.0,0.22152794977898876,0.0,12.063510708820683,1
261.0,270.54000000000235,-0.09925031088085812,0.0008329879101576232,454.1392419678267,0.0,0.0006663903281260986,0.0,0.22219434010711486,0.0,12.12251324510003,1
262.0,270.53000000000236,-0.09925025543173882,0.0008330495202901744,453.803237007561,0.0,0.0006664396162321395,0.0,0.222860779723347,0.0,12.181797157624764,1
263.0,270.52000000000237,-0.09925019997646456,0.0008331111372614775,453.46745583426167,0.0,0.000666488909809182,0.0,0.2235272686331562,0.0,12.24136371761846,1
264.0,270.5100000000024,-0.09925014451503855,0.0008331727610684236,453.131898316328,0.0,0.000666538208854739,0.0,0.22419380684201093,0.0,12.301214201355316,1
265.0,270.5000000000024,-0.09925008904745314,0.0008332343917187846,452.7965643222228,0.0,0.0006665875133750277,0.0,0.22486039435538596,0.0,12.36134989017328,1
266.0,270.4900000000024,-0.09925003357371542,0.0008332960292050107,452.4614537204789,0.0,0.0006666368233640086,0.0,0.22552703117874998,0.0,12.421772070487192,1
267.0,270.4800000000024,-0.09924997809382219,0.0008333576735308768,452.1265663796942,0.0,0.0006666861388247014,0.0,0.22619371731757468,0.0,12.482482033801844,1
268.0,270.4700000000024,-0.09924992260776855,0.0008334193247014898,451.7919021685313,0.0,0.0006667354597611919,0.0,0.22686045277733588,0.0,12.543481076725005,1
269.0,270.4600000000024,-0.0992498671155565,0.0008334809827150735,451.4574609557201,0.0,0.0006667847861720589,0.0,0.22752723756350793,0.0,12.604770500980411,1
270.0,270.45000000000243,-0.09924981161718849,0.0008335426475685193,451.12324261005847,0.0,0.0006668341180548154,0.0,0.22819407168156275,0.0,12.666351613420705,1
271.0,270.44000000000244,-0.09924975611265796,0.0008336043192689324,450.78924700040807,0.0,0.000666883455415146,0.0,0.2288609551369779,0.0,12.728225726040346,1
272.0,270.43000000000245,-0.09924970060196425,0.0008336659978174232,450.45547399569665,0.0,0.0006669327982539386,0.0,0.22952788793523185,0.0,12.790394155988428,1
273.0,270.42000000000246,-0.0992496450851138,0.0008337276832068863,450.12192346492145,0.0,0.0006669821465655091,0.0,0.23019487008179737,0.0,12.85285822558151,1
274.0,270.41000000000247,-0.09924958956209451,0.0008337893754504222,449.78859527714087,0.0,0.0006670315003603378,0.0,0.23086190158215772,0.0,12.915619262316351,1
275.0,270.4000000000025,-0.09924953403291603,0.0008338510745378169,449.45548930148396,0.0,0.0006670808596302536,0.0,0.23152898244178796,0.0,12.978678598882615,1
276.0,270.3900000000025,-0.0992494784975706,0.0008339127804772861,449.12260540714306,0.0,0.0006671302243818289,0.0,0.2321961126661698,0.0,13.042037573175527,1
277.0,270.3800000000025,-0.09924942295605921,0.0008339744932674975,448.78994346337737,0.0,0.0006671795946139981,0.0,0.23286329226078378,0.0,13.105697528308461,1
278.0,270.3700000000025,-0.0992493674083803,0.0008340362129106715,448.4575033395117,0.0,0.0006672289703285373,0.0,0.23353052123111231,0.0,13.169659812625483,1
279.0,270.3600000000025,-0.09924931185453767,0.0008340979394025894,448.12528490493884,0.0,0.0006672783515220715,0.0,0.2341977995826344,0.0,13.233925779713854,1
280.0,270.3500000000025,-0.09924925629452364,0.0008341596727514666,447.7932880291148,0.0,0.0006673277382011734,0.0,0.23486512732083556,0.0,13.298496788416447,1
281.0,270.34000000000253,-0.09924920072834131,0.0008342214129541947,447.46151258156317,0.0,0.0006673771303633558,0.0,0.23553250445119892,0.0,13.363374202844124,1
282.0,270.33000000000254,-0.0992491451559867,0.0008342831600145484,447.1299584318723,0.0,0.0006674265280116388,0.0,0.23619993097921055,0.0,13.428559392388069,1
283.0,270.32000000000255,-0.09924908957746348,0.000834344913929419,446.798625449698,0.0,0.0006674759311435353,0.0,0.23686740691035407,0.0,13.494053731732018,1
284.0,270.31000000000256,-0.09924903399276841,0.0008344066747016932,446.46751350476137,0.0,0.0006675253397613546,0.0,0.23753493225011543,0.0,13.559858600864482,1
285.0,270.30000000000257,-0.0992489784018965,0.000834468442337144,446.1366224668473,0.0,0.0006675747538697152,0.0,0.23820250700398515,0.0,13.62597538509086,1
286.0,270.2900000000026,-0.09924892280485553,0.0008345302168273339,445.8059522058103,0.0,0.0006676241734618672,0.0,0.23887013117744701,0.0,13.69240547504552,1
287.0,270.2800000000026,-0.09924886720163628,0.0008345919981818106,445.4755025915672,0.0,0.0006676735985454486,0.0,0.23953780477599246,0.0,13.759150266703804,1
288.0,270.2700000000026,-0.09924881159224341,0.0008346537863963555,445.14527349410275,0.0,0.0006677230291170845,0.0,0.24020552780510954,0.0,13.82621116139396,1
289.0,270.2600000000026,-0.09924875597667182,0.0008347155814758533,444.8152647834659,0.0,0.0006677724651806827,0.0,0.24087330027029022,0.0,13.893589565809025,1
290.0,270.2500000000026,-0.09924870035492428,0.0008347773834174177,444.4854763297728,0.0,0.0006678219067339342,0.0,0.24154112217702414,0.0,13.961286892018613,1
291.0,270.2400000000026,-0.09924864472699746,0.0008348391922250453,444.15590800320393,0.0,0.0006678713537800363,0.0,0.2422089935308042,0.0,14.029304557480662,1
292.0,270.23000000000263,-0.09924858909289125,0.0008349010078985142,443.8265596740062,0.0,0.0006679208063188114,0.0,0.242876914337123,0.0,14.097643985053093,1
293.0,270.22000000000264,-0.09924853345260487,0.0008349628304389345,443.4974312124919,0.0,0.0006679702643511477,0.0,0.24354488460147414,0.0,14.166306603005394,1
294.0,270.21000000000265,-0.09924847780613888,0.0008350246598456401,443.1685224890396,0.0,0.0006680197278765122,0.0,0.24421290432935064,0.0,14.235293845030133,1
295.0,270.20000000000266,-0.09924842215348895,0.000835086496123294,442.83983337409205,0.0,0.0006680691968986353,0.0,0.24488097352624927,0.0,14.304607150254407,1
296.0,270.19000000000267,-0.0992483664946543,0.0008351483392730064,442.5113637381574,0.0,0.0006681186714184051,0.0,0.24554909219766768,0.0,14.374247963251193,1
297.0,270.1800000000027,-0.09924831082963936,0.0008352101892896702,442.1831134518118,0.0,0.0006681681514317362,0.0,0.2462172603490994,0.0,14.444217734050646,1
298.0,270.1700000000027,-0.09924825515843627,0.0008352720461819452,441.85508238569383,0.0,0.0006682176369455562,0.0,0.24688547798604496,0.0,14.514517918151284,1
299.0,270.1600000000027,-0.09924819948105024,0.0008353339099442803,441.52727041051014,0.0,0.0006682671279554242,0.0,0.24755374511400038,0.0,14.585149976531133,1
300.0,270.1500000000027,-0.09924814379747549,0.0008353957805828927,441.1996773970307,0.0,0.0006683166244663141,0.0,0.2482220617384667,0.0,14.656115375658754,1
301.0,270.1400000000027,-0.09924808810771368,0.000835457658096006,440.87230321609206,0.0,0.0006683661264768048,0.0,0.2488904278649435,0.0,14.72741558750419,1
302.0,270.1300000000027,-0.09924803241176272,0.0008355195424858408,440.5451477385956,0.0,0.0006684156339886727,0.0,0.24955884349893218,0.0,14.79905208954987,1
303.0,270.12000000000273,-0.09924797670962449,0.0008355814337506207,440.21821083550907,0.0,0.0006684651470004966,0.0,0.2502273086459327,0.0,14.87102636480136,1
304.0,270.11000000000274,-0.09924792100129298,0.0008356433318967849,439.89149237786364,0.0,0.0006685146655174279,0.0,0.2508958233114501,0.0,14.943339901798076,1
305.0,270.10000000000275,-0.09924786528676965,0.000835705236922557,439.56499223675667,0.0,0.0006685641895380457,0.0,0.25156438750098814,0.0,15.01599419462388,1
306.0,270.09000000000276,-0.09924780956605861,0.0008357671488237184,439.2387102833529,0.0,0.0006686137190589748,0.0,0.2522330012200471,0.0,15.088990742917604,1
307.0,270.08000000000277,-0.09924775383915019,0.000835829067610927,438.91264638887844,0.0,0.0006686632540887417,0.0,0.25290166447413587,0.0,15.162331051883466,1
308.0,270.0700000000028,-0.09924769810604916,0.0008358909932786318,438.5868004246273,0.0,0.0006687127946229055,0.0,0.25357037726875875,0.0,15.236016632301391,1
309.0,270.0600000000028,-0.09924764236675232,0.0008359529258308296,438.26117226195754,0.0,0.0006687623406646637,0.0,0.2542391396094234,0.0,15.310049000537244,1
310.0,270.0500000000028,-0.09924758662126121,0.0008360148652652999,437.93576177229346,0.0,0.0006688118922122399,0.0,0.25490795150163564,0.0,15.384429678552983,1
311.0,270.0400000000028,-0.0992475308695715,0.0008360768115871497,437.610568827123,0.0,0.0006688614492697198,0.0,0.25557681295090534,0.0,15.45916019391665,1
312.0,270.0300000000028,-0.09924747511168508,0.0008361387647943808,437.28559329800044,0.0,0.0006689110118355047,0.0,0.25624572396274087,0.0,15.534242079812348,1
313.0,270.0200000000028,-0.09924741934760017,0.0008362007248887693,436.96083505654474,0.0,0.0006689605799110155,0.0,0.25691468454265187,0.0,15.609676875050031,1
314.0,270.01000000000283,-0.09924736357731656,0.0008362626918705374,436.6362939744402,0.0,0.0006690101534964299,0.0,0.2575836946961483,0.0,15.685466124075258,1
315.0,270.00000000000284,-0.09924730780082947,0.0008363246657450141,436.31196992343456,0.0,0.0006690597325960113,0.0,0.2582527544287443,0.0,15.761611376978804,1
316.0,269.99000000000285,-0.0992472520181431,0.0008363866465075365,435.9878627753427,0.0,0.0006691093172060292,0.0,0.25892186374595033,0.0,15.838114189506161,1
317.0,269.98000000000286,-0.09924719622925371,0.0008364486341625454,435.66397240204316,0.0,0.0006691589073300364,0.0,0.2595910226532804,0.0,15.914976123066957,1
318.0,269.97000000000287,-0.09924714043416294,0.0008365106287078206,435.34029867548065,0.0,0.0006692085029662564,0.0,0.26026023115624664,0.0,15.992198744744242,1
319.0,269.9600000000029,-0.09924708463286414,0.0008365726301509113,435.0168414676623,0.0,0.0006692581041207291,0.0,0.26092948926036735,0.0,16.069783627303657,1
320.0,269.9500000000029,-0.09924702882536374,0.0008366346384847123,434.6936006506632,0.0,0.0006693077107877698,0.0,0.2615987969711551,0.0,16.147732349202517,1
321.0,269.9400000000029,-0.09924697301165553,0.0008366966537161069,434.3705760966211,0.0,0.0006693573229728856,0.0,0.26226815429412803,0.0,16.22604649459874,1
322.0,269.9300000000029,-0.09924691719174095,0.0008367586758433188,434.04776767773967,0.0,0.000669406940674655,0.0,0.26293756123480266,0.0,16.304727653359702,1
323.0,269.9200000000029,-0.09924686136561833,0.0008368207048685683,433.72517526628684,0.0,0.0006694565638948547,0.0,0.2636070177986975,0.0,16.38377742107092,1
324.0,269.9100000000029,-0.09924680553328757,0.0008368827407914115,433.40279873459593,0.0,0.0006695061926331292,0.0,0.2642765239913306,0.0,16.463197399044667,1
325.0,269.90000000000293,-0.09924674969474578,0.000836944783615845,433.08063795506393,0.0,0.000669555826892676,0.0,0.26494607981822327,0.0,16.542989194328428,1
326.0,269.89000000000294,-0.09924669384999352,0.0008370068333405367,432.7586928001533,0.0,0.0006696054666724294,0.0,0.2656156852848957,0.0,16.62315441971323,1
327.0,269.88000000000295,-0.09924663799903066,0.0008370688899659307,432.4369631423916,0.0,0.0006696551119727446,0.0,0.26628534039686846,0.0,16.703694693741888,1
328.0,269.87000000000296,-0.09924658214185667,0.0008371309534924709,432.1154488543712,0.0,0.0006697047627939768,0.0,0.26695504515966245,0.0,16.784611640717063,1
329.0,269.86000000000297,-0.09924652627846542,0.0008371930239272629,431.79414980874674,0.0,0.0006697544191418104,0.0,0.26762479957880425,0.0,16.865906890709233,1
330.0,269.850000000003,-0.09924647040886314,0.0008372551012632012,431.4730658782406,0.0,0.0006698040810105611,0.0,0.26829460365981483,0.0,16.947582079564505,1
331.0,269.840000000003,-0.09924641453304317,0.0008373171855073913,431.1521969356375,0.0,0.0006698537484059131,0.0,0.2689644574082207,0.0,17.029638848912317,1
332.0,269.830000000003,-0.09924635865100973,0.0008373792766558363,430.83154285378856,0.0,0.0006699034213246691,0.0,0.2696343608295454,0.0,17.112078846172988,1
333.0,269.820000000003,-0.09924630276275903,0.000837441374712089,430.51110350560856,0.0,0.0006699530997696713,0.0,0.2703043139293151,0.0,17.194903724565126,1
334.0,269.810000000003,-0.09924624686828587,0.0008375034796823666,430.1908787640747,0.0,0.0006700027837458933,0.0,0.270974316713061,0.0,17.27811514311292,1
335.0,269.800000000003,-0.09924619096759879,0.0008375655915568991,429.8708685022328,0.0,0.0006700524732455194,0.0,0.2716443691863065,0.0,17.361714766653247,1
336.0,269.79000000000303,-0.09924613506069191,0.000837627710342348,429.55107259319107,0.0,0.0006701021682738784,0.0,0.2723144713545804,0.0,17.445704265842693,1
337.0,269.78000000000304,-0.09924607914756056,0.0008376898360438201,429.2314909101205,0.0,0.0006701518688350561,0.0,0.2729846232234155,0.0,17.530085317164364,1
338.0,269.77000000000305,-0.0992460232282083,0.0008377519686573187,428.91212332625844,0.0,0.000670201574925855,0.0,0.27365482479834136,0.0,17.614859602934622,1
339.0,269.76000000000306,-0.0992459673026359,0.0008378141081823998,428.5929697149072,0.0,0.0006702512865459199,0.0,0.27432507608488726,0.0,17.70002881130959,1
340.0,269.75000000000307,-0.0992459113708386,0.0008378762546237262,428.274029949432,0.0,0.000670301003698981,0.0,0.27499537708858623,0.0,17.785594636291567,1
341.0,269.7400000000031,-0.09924585543281872,0.0008379384079792995,427.95530390326354,0.0,0.0006703507263834396,0.0,0.2756657278149697,0.0,17.871558777735274,1
342.0,269.7300000000031,-0.0992457994885696,0.0008380005682560032,427.6367914498946,0.0,0.0006704004546048026,0.0,0.2763361282695745,0.0,17.957922941353928,1
343.0,269.7200000000031,-0.0992457435380949,0.0008380627354500625,427.318492462884,0.0,0.0006704501883600501,0.0,0.2770065784579345,0.0,18.04468883872517,1
344.0,269.7100000000031,-0.09924568758139718,0.0008381249095588128,427.00040681585637,0.0,0.0006704999276470503,0.0,0.2776770783855816,0.0,18.131858187296835,1
345.0,269.7000000000031,-0.09924563161846633,0.0008381870905929123,426.6825343824967,0.0,0.0006705496724743299,0.0,0.2783476280580559,0.0,18.21943271039255,1
346.0,269.6900000000031,-0.09924557564930891,0.0008382492785456996,426.36487503655724,0.0,0.0006705994228365597,0.0,0.27901822748089244,0.0,18.30741413721719,1
347.0,269.68000000000313,-0.09924551967392037,0.0008383114734218378,426.0474286518529,0.0,0.0006706491787374703,0.0,0.27968887665962994,0.0,18.395804202862127,1
348.0,269.67000000000314,-0.09924546369230158,0.0008383736752204385,425.7301951022635,0.0,0.0006706989401763508,0.0,0.2803595755998063,0.0,18.484604648310352,1
349.0,269.66000000000315,-0.0992454077044509,0.0008384358839435002,425.4131742617326,0.0,0.0006707487071548002,0.0,0.28103032430696107,0.0,18.573817220441406,1
350.0,269.65000000000316,-0.09924535171036797,0.000838498099591023,425.09636600426825,0.0,0.0006707984796728184,0.0,0.2817011227866339,0.0,18.663443672036134,1
351.0,269.64000000000317,-0.0992452957100507,0.0008385603221658933,424.77977020394184,0.0,0.0006708482577327147,0.0,0.2823719710443666,0.0,18.753485761781295,1
352.0,269.6300000000032,-0.09924523970349852,0.0008386225516683332,424.46338673488907,0.0,0.0006708980413346667,0.0,0.2830428690857013,0.0,18.843945254273933,1
353.0,269.6200000000032,-0.09924518369071211,0.0008386847880976767,424.1472154713103,0.0,0.0006709478304781414,0.0,0.2837138169161795,0.0,18.934823920025643,1
354.0,269.6100000000032,-0.0992451276716867,0.0008387470314592527,423.83125628746825,0.0,0.0006709976251674022,0.0,0.2843848145413469,0.0,19.02612353546659,1
355.0,269.6000000000032,-0.09924507164642604,0.0008388092817488424,423.51550905769153,0.0,0.000671047425399074,0.0,0.285055861966746,0.0,19.117845882949393,1
356.0,269.5900000000032,-0.09924501561492671,0.0008388715389702206,423.1999736563717,0.0,0.0006710972311761766,0.0,0.2857269591979222,0.0,19.20999275075279,1
357.0,269.5800000000032,-0.0992449595771876,0.0008389338031249416,422.884649957964,0.0,0.0006711470424999533,0.0,0.2863981062404221,0.0,19.302565933085127,1
358.0,269.57000000000323,-0.09924490353320736,0.0008389960742141156,422.5695378369874,0.0,0.0006711968593712925,0.0,0.2870693030997934,0.0,19.39556723008767,1
359.0,269.56000000000324,-0.09924484748298756,0.0008390583522359663,422.25463716802597,0.0,0.000671246681788773,0.0,0.28774054978158214,0.0,19.488998447837687,1
360.0,269.55000000000325,-0.09924479142652565,0.0008391206371938242,421.9399478257265,0.0,0.0006712965097550594,0.0,0.2884118462913372,0.0,19.582861398351376,1
361.0,269.54000000000326,-0.0992447353638205,0.0008391829290881336,421.6254696848,0.0,0.0006713463432705069,0.0,0.2890831926346077,0.0,19.67715789958656,1
362.0,269.53000000000327,-0.09924467929487069,0.000839245227921559,421.3112026200205,0.0,0.0006713961823372472,0.0,0.28975458881694494,0.0,19.771889775445217,1
363.0,269.5200000000033,-0.0992446232196772,0.0008393075336921019,420.9971465062269,0.0,0.0006714460269536815,0.0,0.2904260348438986,0.0,19.86705885577576,1
364.0,269.5100000000033,-0.09924456713823904,0.0008393698464010946,420.6833012183218,0.0,0.0006714958771208757,0.0,0.2910975307210195,0.0,19.96266697637517,1
365.0,269.5000000000033,-0.09924451105055065,0.0008394321660547543,420.3696666312694,0.0,0.0006715457328438035,0.0,0.2917690764538633,0.0,20.058715978990868,1
366.0,269.4900000000033,-0.09924445495661727,0.0008394944926475301,420.0562426201002,0.0,0.0006715955941180241,0.0,0.2924406720479813,0.0,20.15520771132242,1
367.0,269.4800000000033,-0.0992443988564331,0.0008395568261854169,419.74302905990623,0.0,0.0006716454609483336,0.0,0.29311231750892963,0.0,20.25214402702298,1
368.0,269.4700000000033,-0.09924434275000216,0.0008396191666641961,419.43002582584535,0.0,0.0006716953333313569,0.0,0.29378401284226097,0.0,20.349526785700576,1
369.0,269.46000000000333,-0.09924428663732032,0.0008396815140885305,419.1172327931374,0.0,0.0006717452112708245,0.0,0.2944557580535318,0.0,20.447357852919147,1
370.0,269.45000000000334,-0.09924423051838516,0.0008397438684608627,418.8046498370654,0.0,0.0006717950947686902,0.0,0.29512755314830047,0.0,20.545639100199356,1
371.0,269.44000000000335,-0.09924417439320043,0.0008398062297774178,418.49227683297767,0.0,0.0006718449838219343,0.0,0.2957993981321224,0.0,20.64437240501918,1
372.0,269.43000000000336,-0.0992441182617605,0.0008398685980439691,418.18011365628416,0.0,0.0006718948784351753,0.0,0.2964712930105576,0.0,20.74355965081429,1
373.0,269.42000000000337,-0.09924406212406878,0.0008399309732569638,417.86816018246014,0.0,0.000671944778605571,0.0,0.29714323778916313,0.0,20.843202726978216,1
374.0,269.4100000000034,-0.09924400598011907,0.0008399933554232852,417.55641628704205,0.0,0.0006719946843386283,0.0,0.2978152324735018,0.0,20.943303528862227,1
375.0,269.4000000000034,-0.09924394982991314,0.0008400557445409351,417.24488184563086,0.0,0.0006720445956327481,0.0,0.2984872770691345,0.0,21.043863957775045,1
376.0,269.3900000000034,-0.09924389367345343,0.0008401181406072489,416.9335567338924,0.0,0.0006720945124857992,0.0,0.2991593715816203,0.0,21.144885920982272,1
377.0,269.3800000000034,-0.0992438375107354,0.0008401805436273335,416.6224408275542,0.0,0.0006721444349018669,0.0,0.2998315160165222,0.0,21.24637133170561,1
378.0,269.3700000000034,-0.09924378134175504,0.0008402429536054079,416.3115340024062,0.0,0.0006721943628843264,0.0,0.30050371037940654,0.0,21.348322109121828,1
379.0,269.3600000000034,-0.0992437251665198,0.0008403053705334784,416.0008361343047,0.0,0.0006722442964267828,0.0,0.3011759546758333,0.0,21.450740178361492,1
380.0,269.35000000000343,-0.09924366898502024,0.0008403677944217591,415.69034709916605,0.0,0.0006722942355374073,0.0,0.3018482489113707,0.0,21.553627470507422,1
381.0,269.34000000000344,-0.09924361279726146,0.000840430225264921,415.38006677297227,0.0,0.0006723441802119368,0.0,0.30252059309158263,0.0,21.656985922592963,1
382.0,269.33000000000345,-0.09924355660324002,0.0008404926630665166,415.0699950317675,0.0,0.0006723941304532133,0.0,0.30319298722203586,0.0,21.760817477599936,1
383.0,269.32000000000346,-0.09924350040295304,0.0008405551078298767,414.76013175165843,0.0,0.0006724440862639014,0.0,0.30386543130829974,0.0,21.865124084456372,1
384.0,269.31000000000347,-0.09924344419640274,0.0008406175595525589,414.4504768088161,0.0,0.0006724940476420471,0.0,0.30453792535594176,0.0,21.969907698033985,1
385.0,269.3000000000035,-0.099243387983589,0.000840680018234341,414.1410300794752,0.0,0.0006725440145874729,0.0,0.30521046937052926,0.0,22.07517027914537,1
386.0,269.2900000000035,-0.09924333176450606,0.0008407424838823285,413.83179143993124,0.0,0.0006725939871058628,0.0,0.3058830633576351,0.0,22.180913794540977,1
387.0,269.2800000000035,-0.09924327553915879,0.0008408049564900821,413.5227607665457,0.0,0.0006726439651920657,0.0,0.30655570732282716,0.0,22.287140216905765,1
388.0,269.2700000000035,-0.09924321930754176,0.0008408674360644852,413.2139379357409,0.0,0.0006726939488515883,0.0,0.3072284012716788,0.0,22.393851524855627,1
389.0,269.2600000000035,-0.09924316306965653,0.0008409299226039835,412.9053228240032,0.0,0.0006727439380831868,0.0,0.307901145209762,0.0,22.501049702933546,1
390.0,269.2500000000035,-0.09924310682549953,0.0008409924161116855,412.5969153078812,0.0,0.0006727939328893484,0.0,0.3085739391426513,0.0,22.60873674160546,1
391.0,269.24000000000353,-0.09924305057507354,0.0008410549165849268,412.2887152639879,0.0,0.0006728439332679415,0.0,0.30924678307591924,0.0,22.716914637255844,1
392.0,269.23000000000354,-0.09924299431837758,0.0008411174240248176,411.98072256899917,0.0,0.0006728939392198542,0.0,0.3099196770151391,0.0,22.825585392183033,1
393.0,269.22000000000355,-0.09924293805540452,0.0008411799384393515,411.6729370996513,0.0,0.0006729439507514812,0.0,0.3105926209658906,0.0,22.93475101459427,1
394.0,269.21000000000356,-0.0992428817861607,0.000841242459821423,411.3653587327465,0.0,0.0006729939678571384,0.0,0.3112656149337477,0.0,23.044413518600436,1
395.0,269.20000000000357,-0.09924282551064001,0.0008413049881776935,411.05798734514775,0.0,0.0006730439905421548,0.0,0.31193865892428985,0.0,23.15457492421052,1
396.0,269.1900000000036,-0.09924276922884612,0.0008413675235043883,410.7508228137828,0.0,0.0006730940188035107,0.0,0.31261175294309335,0.0,23.265237257325786,1
397.0,269.1800000000036,-0.09924271294077502,0.0008414300658055041,410.443865015641,0.0,0.0006731440526444032,0.0,0.31328489699573775,0.0,23.376402549733648,1
398.0,269.1700000000036,-0.09924265664642662,0.000841492615081485,410.1371138277748,0.0,0.000673194092065188,0.0,0.3139580910878029,0.0,23.488072839101257,1
399.0,269.1600000000036,-0.09924260034580035,0.0008415551713329972,409.8305691272995,0.0,0.0006732441370663978,0.0,0.3146313352248693,0.0,23.600250168968756,1
400.0,269.1500000000036,-0.09924254403889465,0.0008416177345613729,409.52423079139317,0.0,0.0006732941876490984,0.0,0.3153046294125184,0.0,23.712936588742302,1
401.0,269.1400000000036,-0.09924248772570665,0.0008416803047703869,409.21809869729555,0.0,0.0006733442438163096,0.0,0.31597797365633473,0.0,23.8261341536867,1
402.0,269.13000000000363,-0.099242431406239,0.0008417428819567085,408.9121727223107,0.0,0.0006733943055653669,0.0,0.3166513679619001,0.0,23.939844924917765,1
403.0,269.12000000000364,-0.09924237508049094,0.000841805466121226,408.60645274380533,0.0,0.0006734443728969808,0.0,0.31732481233479704,0.0,24.054070969394413,1
404.0,269.11000000000365,-0.09924231874845668,0.0008418680572703785,408.300938639207,0.0,0.0006734944458163029,0.0,0.31799830678061336,0.0,24.16881435991035,1
405.0,269.10000000000366,-0.09924226241014178,0.0008419306553979489,407.99563028600835,0.0,0.0006735445243183591,0.0,0.3186718513049317,0.0,24.284077175085507,1
406.0,269.09000000000367,-0.09924220606554057,0.0008419932605105984,407.69052756176274,0.0,0.0006735946084084788,0.0,0.3193454459133402,0.0,24.399861499357144,1
407.0,269.0800000000037,-0.09924214971465228,0.0008420558726085492,407.3856303440863,0.0,0.0006736446980868394,0.0,0.320019090611427,0.0,24.516169422970634,1
408.0,269.0700000000037,-0.09924209335747902,0.0008421184916898028,407.0809385106588,0.0,0.0006736947933518423,0.0,0.32069278540477886,0.0,24.633003041969875,1
409.0,269.0600000000037,-0.09924203699401668,0.0008421811177592442,406.7764519392213,0.0,0.0006737448942073954,0.0,0.32136653029898626,0.0,24.75036445818743,1
410.0,269.0500000000037,-0.09924198062426726,0.0008422437508139868,406.47217050757865,0.0,0.0006737950006511895,0.0,0.32204032529963744,0.0,24.8682557792343,1
411.0,269.0400000000037,-0.0992419242482262,0.0008423063908598039,406.1680940935964,0.0,0.0006738451126878432,0.0,0.3227141704123253,0.0,24.9866791184894,1
412.0,269.0300000000037,-0.09924186786589784,0.0008423690378911441,405.864222575205,0.0,0.0006738952303129153,0.0,0.3233880656426382,0.0,25.10563659508859,1
413.0,269.02000000000373,-0.09924181147727373,0.0008424316919179997,405.56055583039415,0.0,0.0006739453535343998,0.0,0.3240620109961726,0.0,25.225130333913533,1
414.0,269.01000000000374,-0.09924175508236177,0.0008424943529312667,405.2570937372195,0.0,0.0006739954823450135,0.0,0.32473600647851764,0.0,25.345162465580035,1
415.0,269.00000000000375,-0.09924169868115384,0.000842557020940049,404.9538361737962,0.0,0.0006740456167520393,0.0,0.3254100520952697,0.0,25.46573512642615,1
416.0,268.99000000000376,-0.09924164227365162,0.0008426196959425702,404.65078301830283,0.0,0.0006740957567540562,0.0,0.3260841478520237,0.0,25.5868504584999,1
417.0,268.98000000000377,-0.09924158585985732,0.0008426823779363879,404.3479341489814,0.0,0.0006741459023491104,0.0,0.3267582937543728,0.0,25.70851060954659,1
418.0,268.9700000000038,-0.09924152943976272,0.0008427450669303838,404.0452894441334,0.0,0.0006741960535443071,0.0,0.3274324898079171,0.0,25.830717732995858,1
419.0,268.9600000000038,-0.09924147301337294,0.0008428077629187847,403.7428487821251,0.0,0.0006742462103350278,0.0,0.32810673601825213,0.0,25.95347398794828,1
420.0,268.9500000000038,-0.09924141658068486,0.0008428704659055875,403.44061204138404,0.0,0.00067429637272447,0.0,0.3287810323909766,0.0,26.076781539161658,1
421.0,268.9400000000038,-0.09924136014169971,0.0008429331758892378,403.13857910040065,0.0,0.0006743465407113903,0.0,0.329455378931688,0.0,26.20064255703691,1
422.0,268.9300000000038,-0.09924130369641182,0.0008429958928757308,402.83674983772596,0.0,0.0006743967143005847,0.0,0.3301297756459886,0.0,26.325059217603595,1
423.0,268.9200000000038,-0.0992412472448243,0.000843058616861958,402.5351241319746,0.0,0.0006744468934895665,0.0,0.33080422253947817,0.0,26.450033702505092,1
424.0,268.91000000000383,-0.0992411907869356,0.0008431213478492516,402.23370186182325,0.0,0.0006744970782794013,0.0,0.33147871961775754,0.0,26.57556819898334,1
425.0,268.90000000000384,-0.09924113432274329,0.0008431840858407202,401.93248290600985,0.0,0.0006745472686725762,0.0,0.3321532668864301,0.0,26.701664899863268,1
426.0,268.89000000000385,-0.09924107785224956,0.0008432468308336993,401.6314671433359,0.0,0.0006745974646669595,0.0,0.33282786435109707,0.0,26.828326003536755,1
427.0,268.88000000000386,-0.09924102137544777,0.0008433095828357384,401.3306544526625,0.0,0.0006746476662685908,0.0,0.33350251201736564,0.0,26.955553713946294,1
428.0,268.87000000000387,-0.09924096489234435,0.00084337234183951,401.0300447129158,0.0,0.0006746978734716081,0.0,0.33417720989083727,0.0,27.08335024056818,1
429.0,268.8600000000039,-0.09924090840293265,0.0008434351078525637,400.7296378030817,0.0,0.000674748086282051,0.0,0.3348519579771193,0.0,27.211717798395355,1
430.0,268.8500000000039,-0.09924085190721277,0.0008434978808746774,400.42943360220846,0.0,0.0006747983046997419,0.0,0.33552675628181905,0.0,27.34065860791984,1
431.0,268.8400000000039,-0.09924079540518405,0.0008435606609067392,400.1294319894063,0.0,0.0006748485287253914,0.0,0.33620160481054445,0.0,27.47017489511475,1
432.0,268.8300000000039,-0.09924073889684937,0.0008436234479449745,399.82963284384925,0.0,0.0006748987583559796,0.0,0.3368765035689004,0.0,27.60026889141592,1
433.0,268.8200000000039,-0.0992406823822014,0.0008436862419982649,399.53003604477027,0.0,0.000674948993598612,0.0,0.337551452562499,0.0,27.730942833703104,1
434.0,268.8100000000039,-0.09924062586124305,0.0008437490430632799,399.23064147146584,0.0,0.000674999234450624,0.0,0.33822645179694966,0.0,27.86219896428079,1
435.0,268.80000000000393,-0.0992405693339733,0.0008438118511406856,398.93144900329435,0.0,0.0006750494809125485,0.0,0.3389015012778622,0.0,27.99403953085856,1
436.0,268.79000000000394,-0.09924051280039059,0.0008438746662327024,398.6324585196757,0.0,0.000675099732986162,0.0,0.3395766010108484,0.0,28.126466786531054,1
437.0,268.78000000000395,-0.09924045626049494,0.0008439374883388862,398.33366990009205,0.0,0.0006751499906711089,0.0,0.3402517510015195,0.0,28.259482989757522,1
438.0,268.77000000000396,-0.099240399714281,0.0008440003174654542,398.03508302408545,0.0,0.0006752002539723635,0.0,0.3409269512554919,0.0,28.393090404340903,1
439.0,268.76000000000397,-0.09924034316175379,0.0008440631536068555,397.7366977712621,0.0,0.0006752505228854844,0.0,0.34160220177837736,0.0,28.527291299406517,1
440.0,268.750000000004,-0.09924028660291095,0.0008441259967655323,397.43851402128934,0.0,0.0006753007974124259,0.0,0.34227750257578976,0.0,28.662087949380314,1
441.0,268.740000000004,-0.09924023003774629,0.0008441888469485903,397.1405316538942,0.0,0.0006753510775588723,0.0,0.34295285365334865,0.0,28.79748263396666,1
442.0,268.730000000004,-0.09924017346626712,0.0008442517041475917,396.84275054886854,0.0,0.0006754013633180734,0.0,0.3436282550166667,0.0,28.933477638125716,1
443.0,268.720000000004,-0.09924011688846834,0.0008443145683685316,396.5451705860643,0.0,0.0006754516546948254,0.0,0.34430370667136156,0.0,29.070075252050355,1
444.0,268.710000000004,-0.09924006030434485,0.0008443774396167392,396.24779164539336,0.0,0.0006755019516933914,0.0,0.344979208623055,0.0,29.2072777711426,1
445.0,268.700000000004,-0.0992400037139044,0.0008444403178839988,395.95061360683263,0.0,0.000675552254307199,0.0,0.3456547608773622,0.0,29.345087495989688,1
446.0,268.69000000000403,-0.0992399471171378,0.0008445032031800803,395.6536363504173,0.0,0.0006756025625440643,0.0,0.34633036343990625,0.0,29.483506732339606,1
447.0,268.68000000000404,-0.09923989051405213,0.0008445660954976564,395.35685975624716,0.0,0.0006756528763981252,0.0,0.3470060163163044,0.0,29.62253779107618,1
448.0,268.67000000000405,-0.09923983390463775,0.000844628994846941,395.0602837044803,0.0,0.0006757031958775528,0.0,0.34768171951218196,0.0,29.76218298819373,1
449.0,268.66000000000406,-0.09923977728890188,0.0008446919012199405,394.76390807533943,0.0,0.0006757535209759524,0.0,0.3483574730331579,0.0,29.902444644771233,1
450.0,268.65000000000407,-0.09923972066683695,0.0008447548146255368,394.467732749106,0.0,0.0006758038517004295,0.0,0.3490332768848583,0.0,30.04332508694603,1
451.0,268.6400000000041,-0.0992396640384463,0.000844817735059733,394.17175760612463,0.0,0.0006758541880477865,0.0,0.3497091310729061,0.0,30.18482664588703,1
452.0,268.6300000000041,-0.09923960740372828,0.0008448806625240834,393.8759825268011,0.0,0.0006759045300192668,0.0,0.35038503560292533,0.0,30.32695165776751,1
453.0,268.6200000000041,-0.09923955076267865,0.0008449435970236951,393.58040739160134,0.0,0.0006759548776189561,0.0,0.3510609904805443,0.0,30.46970246373731,1
454.0,268.6100000000041,-0.09923949411530275,0.0008450065385525729,393.2850320810549,0.0,0.0006760052308420584,0.0,0.35173699571138634,0.0,30.61308140989467,1
455.0,268.6000000000041,-0.09923943746159325,0.0008450694871187103,392.98985647575034,0.0,0.0006760555896949683,0.0,0.3524130513010813,0.0,30.7570908472575,1
456.0,268.5900000000041,-0.09923938080155337,0.0008451324427185547,392.6948804563391,0.0,0.0006761059541748438,0.0,0.35308915725525614,0.0,30.90173313173417,1
457.0,268.58000000000413,-0.099239324135179,0.0008451954053565469,392.4001039035327,0.0,0.0006761563242852376,0.0,0.3537653135795414,0.0,31.047010624093854,1
458.0,268.57000000000414,-0.09923926746247203,0.0008452583750311327,392.1055266981048,0.0,0.0006762067000249061,0.0,0.35444152027956627,0.0,31.192925689936285,1
459.0,268.56000000000415,-0.09923921078343056,0.0008453213517438662,391.8111487208903,0.0,0.000676257081395093,0.0,0.35511777736096134,0.0,31.339480699661074,1
460.0,268.55000000000416,-0.09923915409805217,0.0008453843354976343,391.51696985278437,0.0,0.0006763074683981074,0.0,0.3557940848293594,0.0,31.48667802843653,1
461.0,268.54000000000417,-0.09923909740633907,0.0008454473262899942,391.22298997474473,0.0,0.0006763578610319954,0.0,0.3564704426903914,0.0,31.634520056167883,1
462.0,268.5300000000042,-0.0992390407082886,0.0008455103241238326,390.9292089677896,0.0,0.0006764082592990661,0.0,0.35714685094969045,0.0,31.783009167465107,1
463.0,268.5200000000042,-0.09923898400389719,0.0008455733290031464,390.63562671299724,0.0,0.0006764586632025172,0.0,0.357823309612893,0.0,31.93214775161014,1
464.0,268.5100000000042,-0.09923892729316974,0.0008456363409223844,390.3422430915094,0.0,0.0006765090727379075,0.0,0.3584998186856309,0.0,32.081938202523624,1
465.0,268.5000000000042,-0.09923887057609737,0.0008456993598919826,390.0490579845255,0.0,0.0006765594879135861,0.0,0.3591763781735445,0.0,32.23238291873107,1
466.0,268.4900000000042,-0.09923881385268885,0.000845762385901283,389.7560712733103,0.0,0.0006766099087210265,0.0,0.3598529880822655,0.0,32.383484303328586,1
467.0,268.4800000000042,-0.09923875712293473,0.0008458254189613879,389.4632828391858,0.0,0.0006766603351691103,0.0,0.3605296484174346,0.0,32.535244763947965,1
468.0,268.47000000000423,-0.09923870038684035,0.0008458884590663018,389.17069256353767,0.0,0.0006767107672530416,0.0,0.3612063591846877,0.0,32.687666712721295,1
469.0,268.46000000000424,-0.09923864364439794,0.0008459515062244627,388.8783003278099,0.0,0.0006767612049795702,0.0,0.36188312038966725,0.0,32.840752566245044,1
470.0,268.45000000000425,-0.09923858689561282,0.0008460145604300973,388.58610601350966,0.0,0.0006768116483440779,0.0,0.36255993203801135,0.0,32.99450474554352,1
471.0,268.44000000000426,-0.09923853014048178,0.0008460776216869803,388.2941095022044,0.0,0.0006768620973495843,0.0,0.3632367941353609,0.0,33.14892567603191,1
472.0,268.43000000000427,-0.09923847337900371,0.000846140689995778,388.00231067552227,0.0,0.0006769125519966225,0.0,0.36391370668735756,0.0,33.30401778747861,1
473.0,268.4200000000043,-0.09923841661117716,0.0008462037653587107,387.7107094151521,0.0,0.0006769630122869686,0.0,0.36459066969964454,0.0,33.459783513967146,1
474.0,268.4100000000043,-0.09923835983700158,0.0008462668477760005,387.4193056028438,0.0,0.0006770134782208004,0.0,0.36526768317786534,0.0,33.61622529385743,1
475.0,268.4000000000043,-0.09923830305647852,0.0008463299372460931,387.1280991204089,0.0,0.0006770639497968745,0.0,0.36594474712766223,0.0,33.77334556974653,1
476.0,268.3900000000043,-0.09923824626960076,0.000846393033776982,386.83708984971736,0.0,0.0006771144270215857,0.0,0.3666218615546838,0.0,33.93114678842879,1
477.0,268.3800000000043,-0.0992381894763733,0.0008464561373628943,386.5462776727024,0.0,0.0006771649098903155,0.0,0.36729902646457413,0.0,34.08963140085545,1
478.0,268.3700000000043,-0.09923813267679393,0.0008465192480067163,386.25566247135714,0.0,0.000677215398405373,0.0,0.3679762418629795,0.0,34.2488018620937,1
479.0,268.36000000000433,-0.09923807587086175,0.0008465823657091143,385.96524412773573,0.0,0.0006772658925672915,0.0,0.3686535077555468,0.0,34.408660631285024,1
480.0,268.35000000000434,-0.0992380190585731,0.000846645490474307,385.6750225239518,0.0,0.0006773163923794456,0.0,0.36933082414792623,0.0,34.56921017160317,1
481.0,268.34000000000435,-0.09923796223992831,0.0008467086223018505,385.3849975421801,0.0,0.0006773668978414804,0.0,0.3700081910457677,0.0,34.73045295021134,1
482.0,268.33000000000436,-0.09923790541492761,0.0008467717611915226,385.0951690646566,0.0,0.0006774174089532181,0.0,0.3706856084547209,0.0,34.8923914382189,1
483.0,268.32000000000437,-0.09923784858357243,0.0008468349071417691,384.8055369736787,0.0,0.0006774679257134154,0.0,0.37136307638043436,0.0,35.055028110637494,1
484.0,268.3100000000044,-0.09923779174585512,0.0008468980601610276,384.5161011516019,0.0,0.0006775184481288221,0.0,0.37204059482856316,0.0,35.218365446336485,1
485.0,268.3000000000044,-0.0992377349017809,0.000846961220243303,384.22686148084455,0.0,0.0006775689761946424,0.0,0.3727181638047578,0.0,35.38240592799788,1
486.0,268.2900000000044,-0.09923767805134598,0.0008470243873932581,383.93781784388443,0.0,0.0006776195099146066,0.0,0.37339578331467244,0.0,35.5471520420706,1
487.0,268.2800000000044,-0.09923762119455004,0.0008470875616111151,383.6489701232601,0.0,0.0006776700492888921,0.0,0.3740734533639613,0.0,35.71260627872417,1
488.0,268.2700000000044,-0.09923756433139141,0.0008471507428984282,383.3603182015703,0.0,0.0006777205943187426,0.0,0.37475117395828006,0.0,35.87877113180176,1
489.0,268.2600000000044,-0.09923750746186899,0.0008472139312567517,383.0718619614742,0.0,0.0006777711450054014,0.0,0.37542894510328545,0.0,36.04564909877264,1
490.0,268.25000000000443,-0.09923745058598343,0.0008472771266851975,382.78360128569204,0.0,0.000677821701348158,0.0,0.3761067668046336,0.0,36.21324268068401,1
491.0,268.24000000000444,-0.0992373937037323,0.0008473403291864301,382.4955360570039,0.0,0.0006778722633491441,0.0,0.37678463906798276,0.0,36.38155438211221,1
492.0,268.23000000000445,-0.0992373368151176,0.000847403538758229,382.2076661582513,0.0,0.0006779228310065833,0.0,0.37746256189898936,0.0,36.550586711113304,1
493.0,268.22000000000446,-0.09923727992013287,0.0008474667554079218,381.91999147233406,0.0,0.0006779734043263375,0.0,0.3781405353033157,0.0,36.720342179172974,1
494.0,268.21000000000447,-0.09923722301878202,0.0008475299791310675,381.63251188221415,0.0,0.000678023983304854,0.0,0.37881855928662056,0.0,36.89082330115588,1
495.0,268.2000000000045,-0.09923716611106326,0.0008475932099296646,381.34522727091354,0.0,0.0006780745679437317,0.0,0.3794966338545643,0.0,37.062032595254344,1
496.0,268.1900000000045,-0.09923710919697226,0.000847656447808598,381.0581375215132,0.0,0.0006781251582468784,0.0,0.38017475901281117,0.0,37.23397258293631,1
497.0,268.1800000000045,-0.09923705227651236,0.0008477196927638708,380.771242517156,0.0,0.0006781757542110967,0.0,0.38085293476702226,0.0,37.406645788892796,1
498.0,268.1700000000045,-0.09923699534968033,0.0008477829447997021,380.484542141044,0.0,0.0006782263558397617,0.0,0.381531161122862,0.0,37.5800547409846,1
499.0,268.1600000000045,-0.09923693841647518,0.0008478462039163137,380.19803627643984,0.0,0.000678276963133051,0.0,0.38220943808599506,0.0,37.754201970188376,1
500.0,268.1500000000045,-0.09923688147689924,0.0008479094701119294,379.9117248066671,0.0,0.0006783275760895435,0.0,0.3828877656620846,0.0,37.929090010542076,1
501.0,268.14000000000453,-0.09923682453094462,0.0008479727433947648,379.6256076151073,0.0,0.0006783781947158119,0.0,0.38356614385680043,0.0,38.10472139908969,1
502.0,268.13000000000454,-0.09923676757861788,0.0008480360237579365,379.33968458520457,0.0,0.0006784288190063493,0.0,0.3842445726758068,0.0,38.28109867582538,1
503.0,268.12000000000455,-0.09923671061991268,0.0008480993112081059,379.0539556004614,0.0,0.0006784794489664847,0.0,0.3849230521247733,0.0,38.458224383636875,1
504.0,268.11000000000456,-0.09923665365483125,0.0008481626057430525,378.76842054444137,0.0,0.000678530084594442,0.0,0.38560158220936774,0.0,38.63610106824823,1
505.0,268.10000000000457,-0.0992365966833727,0.0008482259073636644,378.4830793007682,0.0,0.0006785807258909316,0.0,0.3862801629352587,0.0,38.81473127816198,1
506.0,268.0900000000046,-0.09923653970553215,0.0008482892160752709,378.1979317531243,0.0,0.0006786313728602167,0.0,0.3869587943081189,0.0,38.99411756460046,1
507.0,268.0800000000046,-0.09923648272131302,0.000848352531874319,377.91297778525336,0.0,0.0006786820254994553,0.0,0.3876374763336184,0.0,39.174262481446576,1
508.0,268.0700000000046,-0.09923642573071234,0.0008484158547641396,377.62821728095855,0.0,0.0006787326838113118,0.0,0.3883162090174297,0.0,39.355168585183854,1
509.0,268.0600000000046,-0.09923636873372932,0.0008484791847451767,377.3436501241031,0.0,0.0006787833477961414,0.0,0.38899499236522583,0.0,39.536838434835765,1
510.0,268.0500000000046,-0.09923631173036573,0.000848542521815876,377.0592761986109,0.0,0.0006788340174527009,0.0,0.38967382638267856,0.0,39.719274591904394,1
511.0,268.0400000000046,-0.09923625472061359,0.0008486058659848972,376.7750953884635,0.0,0.0006788846927879178,0.0,0.3903527110754665,0.0,39.9024796203084,1
512.0,268.03000000000463,-0.09923619770448044,0.0008486692172438026,376.49110757770524,0.0,0.0006789353737950421,0.0,0.3910316464492615,0.0,40.08645608632031,1
513.0,268.02000000000464,-0.09923614068195852,0.0008487325756016961,376.20731265043764,0.0,0.0006789860604813569,0.0,0.39171063250974286,0.0,40.27120655850304,1
514.0,268.01000000000465,-0.0992360836530537,0.0008487959410514723,375.9237104908249,0.0,0.0006790367528411779,0.0,0.39238966926258406,0.0,40.45673360764576,1
515.0,268.00000000000466,-0.09923602661775555,0.0008488593136048994,375.6403009830873,0.0,0.0006790874508839196,0.0,0.39306875671346797,0.0,40.64303980669905,1
516.0,267.99000000000467,-0.09923596957607372,0.0008489226932513194,375.35708401150885,0.0,0.0006791381546010556,0.0,0.39374789486806905,0.0,40.83012773070934,1
517.0,267.9800000000047,-0.09923591252799902,0.0008489860800009463,375.0740594604303,0.0,0.0006791888640007571,0.0,0.3944270837320698,0.0,41.01799995675259,1
518.0,267.9700000000047,-0.09923585547353597,0.0008490494738488952,374.7912272142541,0.0,0.0006792395790791161,0.0,0.3951063233111489,0.0,41.206659063867335,1
519.0,267.9600000000047,-0.09923579841267982,0.0008491128748000509,374.50858715744107,0.0,0.0006792902998400407,0.0,0.39578561361098896,0.0,41.396107632986904,1
520.0,267.9500000000047,-0.09923574134543078,0.0008491762828546356,374.22613917451196,0.0,0.0006793410262837086,0.0,0.39646495463727266,0.0,41.586348246871026,1
521.0,267.9400000000047,-0.0992356842717882,0.0008492396980130934,373.94388315004744,0.0,0.0006793917584104747,0.0,0.39714434639568313,0.0,41.777383490036605,1
522.0,267.9300000000047,-0.09923562719175094,0.0008493031202767565,373.66181896868767,0.0,0.0006794424962214053,0.0,0.39782378889190456,0.0,41.9692159486878,1
523.0,267.92000000000473,-0.09923557010531958,0.0008493665496449587,373.379946515133,0.0,0.000679493239715967,0.0,0.3985032821316205,0.0,42.16184821064543,1
524.0,267.91000000000474,-0.09923551301249134,0.0008494299861208088,373.0982656741426,0.0,0.0006795439888966471,0.0,0.39918282612051714,0.0,42.35528286527551,1
525.0,267.90000000000475,-0.09923545591326666,0.0008494934297036405,372.8167763305359,0.0,0.0006795947437629124,0.0,0.39986242086428003,0.0,42.54952250341717,1
526.0,267.89000000000476,-0.09923539880764065,0.0008495568803992271,372.53547836919006,0.0,0.0006796455043193817,0.0,0.4005420663685994,0.0,42.74456971730977,1
527.0,267.88000000000477,-0.09923534169561776,0.0008496203382024614,372.254371675044,0.0,0.0006796962705619691,0.0,0.4012217626391614,0.0,42.94042710051923,1
528.0,267.8700000000048,-0.09923528457719355,0.0008496838031182286,371.9734561330947,0.0,0.0006797470424945829,0.0,0.40190150968165594,0.0,43.1370972478637,1
529.0,267.8600000000048,-0.09923522745237023,0.000849747275144086,371.6927316283998,0.0,0.0006797978201152689,0.0,0.40258130750177124,0.0,43.33458275533843,1
530.0,267.8500000000048,-0.09923517032114315,0.0008498107542853628,371.412198046075,0.0,0.0006798486034282902,0.0,0.4032611561051995,0.0,43.53288622003985,1
531.0,267.8400000000048,-0.09923511318351064,0.0008498742405436133,371.1318552712951,0.0,0.0006798993924348907,0.0,0.4039410554976344,0.0,43.7320102400889,1
532.0,267.8300000000048,-0.09923505603947769,0.0008499377339137304,370.85170318929636,0.0,0.0006799501871309843,0.0,0.4046210056847654,0.0,43.93195741455367,1
533.0,267.8200000000048,-0.0992349988890392,0.0008500012344008212,370.5717416853731,0.0,0.000680000987520657,0.0,0.405301006672286,0.0,44.132730343371215,1
534.0,267.81000000000483,-0.0992349417321946,0.0008500647420059959,370.2919706448789,0.0,0.0006800517936047968,0.0,0.40598105846589083,0.0,44.33433162726853,1
535.0,267.80000000000484,-0.0992348845689417,0.000850128256731475,370.01238995322626,0.0,0.0006801026053851801,0.0,0.40666116107127603,0.0,44.53676386768292,1
536.0,267.79000000000485,-0.09923482739928224,0.00085019177857526,369.7329994958879,0.0,0.000680153422860208,0.0,0.40734131449413624,0.0,44.740029666681416,1
537.0,267.78000000000486,-0.09923477022321203,0.0008502553075422359,369.4537991583946,0.0,0.0006802042460337887,0.0,0.40802151874017,0.0,44.9441316268796,1
538.0,267.77000000000487,-0.09923471304073306,0.0008503188436299602,369.1747888263375,0.0,0.0006802550749039683,0.0,0.408701773815074,0.0,45.14907235135944,1
539.0,267.7600000000049,-0.0992346558518451,0.0008503823868386551,368.8959683853671,0.0,0.0006803059094709241,0.0,0.40938207972454493,0.0,45.35485444358652,1
540.0,267.7500000000049,-0.09923459865654449,0.0008504459371727613,368.6173377211921,0.0,0.000680356749738209,0.0,0.41006243647428314,0.0,45.56148050732638,1
541.0,267.7400000000049,-0.09923454145482824,0.0008505094946351655,368.3388967195796,0.0,0.0006804075957081324,0.0,0.4107428440699913,0.0,45.76895314656015,1
542.0,267.7300000000049,-0.09923448424670278,0.0008505730592189842,368.0606452663587,0.0,0.0006804584473751873,0.0,0.4114233025173665,0.0,45.97727496539927,1
543.0,267.7200000000049,-0.09923442703215957,0.0008506366309337654,367.7825832474144,0.0,0.0006805093047470124,0.0,0.4121038118221135,0.0,46.186448567999555,1
544.0,267.7100000000049,-0.09923436981120304,0.0008507002097744021,367.5047105486931,0.0,0.0006805601678195217,0.0,0.412784371989933,0.0,46.396476558474376,1
545.0,267.70000000000493,-0.09923431258382842,0.0008507637957462233,367.2270270561987,0.0,0.0006806110365969787,0.0,0.41346498302653,0.0,46.607361540807055,1
546.0,267.69000000000494,-0.09923425535003583,0.000850827388849007,366.9495326559947,0.0,0.0006806619110792056,0.0,0.4141456449376092,0.0,46.81910611876248,1
547.0,267.68000000000495,-0.09923419810982703,0.0008508909890809768,366.67222723420423,0.0,0.0006807127912647815,0.0,0.414826357728874,0.0,47.03171289579793,1
548.0,267.67000000000496,-0.09923414086319815,0.0008509545964465737,366.3951106770086,0.0,0.000680763677157259,0.0,0.41550712140603124,0.0,47.24518447497304,1
549.0,267.66000000000497,-0.09923408361014663,0.00085101821094824,366.11818287064733,0.0,0.000680814568758592,0.0,0.4161879359747898,0.0,47.459523458858975,1
550.0,267.650000000005,-0.09923402635067613,0.0008510818325822012,365.84144370142064,0.0,0.000680865466065761,0.0,0.4168688014408556,0.0,47.67473244944688,1
551.0,267.640000000005,-0.09923396908478366,0.0008511454613515657,365.5648930556869,0.0,0.0006809163690812526,0.0,0.4175497178099368,0.0,47.89081404805535,1
552.0,267.630000000005,-0.09923391181246544,0.0008512090972605524,365.28853081986233,0.0,0.0006809672778084419,0.0,0.41823068508774525,0.0,48.10777085523728,1
553.0,267.620000000005,-0.09923385453372657,0.0008512727403038323,365.012356880424,0.0,0.0006810181922430659,0.0,0.41891170327998833,0.0,48.32560547068572,1
554.0,267.610000000005,-0.09923379724855841,0.0008513363904907312,364.73637112390526,0.0,0.000681069112392585,0.0,0.4195927723923809,0.0,48.54432049313904,1
555.0,267.600000000005,-0.09923373995696683,0.0008514000478145878,364.46057343690063,0.0,0.0006811200382516703,0.0,0.42027389243063257,0.0,48.7639185202852,1
556.0,267.59000000000503,-0.0992336826589496,0.0008514637122780666,364.1849637060629,0.0,0.0006811709698224533,0.0,0.420955063400455,0.0,48.98440214866525,1
557.0,267.58000000000504,-0.09923362535450075,0.000851527383888051,363.90954181810173,0.0,0.0006812219071104409,0.0,0.4216362853075655,0.0,49.205773973575965,1
558.0,267.57000000000505,-0.09923356804362393,0.0008515910626401002,363.6343076597873,0.0,0.0006812728501120803,0.0,0.4223175581576776,0.0,49.428036588971665,1
559.0,267.56000000000506,-0.09923351072631714,0.0008516547485364345,363.35926111794805,0.0,0.0006813237988291476,0.0,0.4229988819565067,0.0,49.65119258736522,1
560.0,267.55000000000507,-0.09923345340258216,0.0008517184415754997,363.08440207947206,0.0,0.0006813747532603998,0.0,0.4236802567097671,0.0,49.87524455972823,1
561.0,267.5400000000051,-0.09923339607241122,0.0008517821417652893,362.80973043130365,0.0,0.0006814257134122315,0.0,0.42436168242317934,0.0,50.10019509539034,1
562.0,267.5300000000051,-0.09923333873581108,0.000851845849098698,362.53524606044846,0.0,0.0006814766792789585,0.0,0.4250431591024583,0.0,50.326046781937755,1
563.0,267.5200000000051,-0.09923328139277288,0.0008519095635857177,362.2609488539679,0.0,0.0006815276508685742,0.0,0.4257246867533269,0.0,50.552802205110915,1
564.0,267.5100000000051,-0.09923322404330348,0.0008519732852183548,361.98683869898474,0.0,0.0006815786281746839,0.0,0.4264062653815016,0.0,50.78046394870131,1
565.0,267.5000000000051,-0.09923316668739768,0.0008520370140026046,361.71291548267885,0.0,0.0006816296112020837,0.0,0.4270878949927037,0.0,51.00903459444752,1
566.0,267.4900000000051,-0.09923310932505425,0.0008521007499397992,361.43917909228844,0.0,0.0006816805999518394,0.0,0.42776957559265555,0.0,51.23851672193032,1
567.0,267.48000000000513,-0.09923305195627385,0.0008521644930290506,361.16562941511086,0.0,0.0006817315944232405,0.0,0.4284513071870788,0.0,51.46891290846704,1
568.0,267.47000000000514,-0.09923299458105594,0.0008522282432710249,360.892266338502,0.0,0.0006817825946168199,0.0,0.4291330897816956,0.0,51.70022572900506,1
569.0,267.46000000000515,-0.09923293719939441,0.0008522920006728274,360.6190897498744,0.0,0.000681833600538262,0.0,0.42981492338223387,0.0,51.9324577560144,1
570.0,267.45000000000516,-0.09923287981129714,0.0008523557652253544,360.34609953670207,0.0,0.0006818846121802836,0.0,0.43049680799441414,0.0,52.165611559379535,1
571.0,267.44000000000517,-0.09923282241675413,0.0008524195369399301,360.07329558651435,0.0,0.0006819356295519442,0.0,0.4311787436239661,0.0,52.3996897062904,1
572.0,267.4300000000052,-0.09923276501577305,0.0008524833158076728,359.800677786902,0.0,0.0006819866526461383,0.0,0.4318607302766122,0.0,52.634694761132394,1
573.0,267.4200000000052,-0.09923270760834357,0.0008525471018405728,359.5282460255106,0.0,0.0006820376814724582,0.0,0.43254276795808466,0.0,52.87062928537575,1
574.0,267.4100000000052,-0.09923265019447403,0.0008526108950288602,359.25600019004764,0.0,0.0006820887160230882,0.0,0.43322485667410776,0.0,53.10749583746388,1
575.0,267.4000000000052,-0.09923259277415797,0.0008526746953800846,358.9839401682767,0.0,0.0006821397563040677,0.0,0.4339069964304118,0.0,53.34529697270099,1
576.0,267.3900000000052,-0.09923253534739307,0.0008527385028966883,358.7120658480193,0.0,0.0006821908023173506,0.0,0.43458918723272916,0.0,53.58403524313878,1
577.0,267.3800000000052,-0.09923247791418344,0.0008528023175740085,358.44037711715686,0.0,0.0006822418540592068,0.0,0.43527142908678834,0.0,53.823713197462304,1
578.0,267.37000000000523,-0.09923242047452463,0.0008528661394171522,358.168873863628,0.0,0.0006822929115337218,0.0,0.43595372199832205,0.0,54.06433338087505,1
579.0,267.36000000000524,-0.09923236302841709,0.0008529299684254532,357.89755597542984,0.0,0.0006823439747403626,0.0,0.4366360659730624,0.0,54.305898334983056,1
580.0,267.35000000000525,-0.09923230557586016,0.0008529938045997998,357.6264233406178,0.0,0.0006823950436798398,0.0,0.43731846101674227,0.0,54.54841059767829,1
581.0,267.34000000000526,-0.09923224811684761,0.0008530576479470753,357.3554758473037,0.0,0.0006824461183576602,0.0,0.4380009071350999,0.0,54.79187270302111,1
582.0,267.33000000000527,-0.09923219065138922,0.0008531214984563995,357.0847133836611,0.0,0.0006824971987651196,0.0,0.43868340433386505,0.0,55.03628718112187,1
583.0,267.3200000000053,-0.09923213317947388,0.000853185356140207,356.8141358379182,0.0,0.0006825482849121656,0.0,0.4393659526187772,0.0,55.28165655802177,1
584.0,267.3100000000053,-0.09923207570110393,0.0008532492209956111,356.5437430983624,0.0,0.0006825993767964889,0.0,0.4400485519955737,0.0,55.527983355572694,1
585.0,267.3000000000053,-0.09923201821628203,0.0008533130930199473,356.2735350533405,0.0,0.0006826504744159578,0.0,0.44073120246998965,0.0,55.77527009131637,1
586.0,267.2900000000053,-0.09923196072500018,0.0008533769722220974,356.0035115912546,0.0,0.000682701577777678,0.0,0.4414139040477673,0.0,56.02351927836259,1
587.0,267.2800000000053,-0.09923190322726572,0.0008534408585936237,355.733672600568,0.0,0.000682752686874899,0.0,0.4420966567346422,0.0,56.272733425266544,1
588.0,267.2700000000053,-0.09923184572307131,0.000853504752142964,355.4640179697996,0.0,0.0006828038017143712,0.0,0.4427794605363566,0.0,56.52291503590543,1
589.0,267.26000000000533,-0.0992317882124154,0.0008535686528716724,355.1945475875261,0.0,0.000682854922297338,0.0,0.44346231545865394,0.0,56.77406660935409,1
590.0,267.25000000000534,-0.09923173069530467,0.0008536325607726436,354.92526134238454,0.0,0.0006829060486181149,0.0,0.44414522150727204,0.0,57.026190639759875,1
591.0,267.24000000000535,-0.09923167317172776,0.00085369647585809,354.6561591230666,0.0,0.0006829571806864721,0.0,0.4448281786879585,0.0,57.27928961621663,1
592.0,267.23000000000536,-0.09923161564169525,0.0008537603981164654,354.3872408183256,0.0,0.0006830083184931724,0.0,0.44551118700645165,0.0,57.533366022637836,1
593.0,267.22000000000537,-0.09923155810519335,0.0008538243275628687,354.1185063169685,0.0,0.000683059462050295,0.0,0.4461942464685019,0.0,57.78842233762896,1
594.0,267.2100000000054,-0.09923150056223162,0.000853888264187086,353.84995550786334,0.0,0.0006831106113496688,0.0,0.4468773570798516,0.0,58.04446103435883,1
595.0,267.2000000000054,-0.09923144301280507,0.0008539522079944462,353.5815882799349,0.0,0.000683161766395557,0.0,0.44756051884624715,0.0,58.30148458043033,1
596.0,267.1900000000054,-0.09923138545691246,0.0008540161589862816,353.31340452216557,0.0,0.0006832129271890253,0.0,0.4482437317734362,0.0,58.55949543775013,1
597.0,267.1800000000054,-0.09923132789455158,0.0008540801171650347,353.0454041235949,0.0,0.0006832640937320278,0.0,0.4489269958671682,0.0,58.81849606239765,1
598.0,267.1700000000054,-0.0992312703257251,0.000854144082527597,352.77758697332166,0.0,0.0006833152660220776,0.0,0.4496103111331903,0.0,59.07848890449309,1
599.0,267.1600000000054,-0.0992312127504299,0.0008542080550779652,352.5099529605014,0.0,0.0006833664440623722,0.0,0.45029367757725264,0.0,59.33947640806479,1
600.0,267.15000000000543,-0.09923115516866265,0.0008542720348192478,352.24250197434657,0.0,0.0006834176278553983,0.0,0.45097709520510804,0.0,59.60146101091555,1
601.0,267.14000000000544,-0.09923109758042847,0.000854336021746116,351.97523390412937,0.0,0.0006834688173968928,0.0,0.45166056402250493,0.0,59.86444514448824,1
602.0,267.13000000000545,-0.09923103998572003,0.0008544000158665632,351.70814863917747,0.0,0.0006835200126932506,0.0,0.45234408403519816,0.0,60.128431233730595,1
603.0,267.12000000000546,-0.09923098238454031,0.0008544640171774809,351.4412460688774,0.0,0.0006835712137419847,0.0,0.4530276552489401,0.0,60.39342169695909,1
604.0,267.11000000000547,-0.099230924776888,0.0008545280256799792,351.17452608267325,0.0,0.0006836224205439834,0.0,0.4537112776694841,0.0,60.65941894572204,1
605.0,267.1000000000055,-0.09923086716275831,0.0008545920413796093,350.90798857006536,0.0,0.0006836736331036875,0.0,0.4543949513025878,0.0,60.926425384661826,1
606.0,267.0900000000055,-0.09923080954215702,0.0008546560642699319,350.6416334206138,0.0,0.0006837248514159456,0.0,0.4550786761540037,0.0,61.194443411376426,1
607.0,267.0800000000055,-0.09923075191507669,0.0008547200943593847,350.37546052393395,0.0,0.0006837760754875078,0.0,0.45576245222949124,0.0,61.46347541627994,1
608.0,267.0700000000055,-0.09923069428152054,0.0008547841316437488,350.1094697697003,0.0,0.0006838273053149991,0.0,0.45644627953480627,0.0,61.733523782462385,1
609.0,267.0600000000055,-0.09923063664148424,0.0008548481761285753,349.84366104764337,0.0,0.0006838785409028603,0.0,0.4571301580757091,0.0,62.00459088554872,1
610.0,267.0500000000055,-0.09923057899497023,0.0008549122278109778,349.5780342475523,0.0,0.0006839297822487822,0.0,0.4578140878579579,0.0,62.27667909355697,1
611.0,267.04000000000553,-0.09923052134197641,0.0008549762866927324,349.3125892592735,0.0,0.0006839810293541859,0.0,0.4584980688873121,0.0,62.549790766755585,1
612.0,267.03000000000554,-0.09923046368249999,0.0008550403527778361,349.04732597270987,0.0,0.0006840322822222689,0.0,0.45918210116953434,0.0,62.82392825751995,1
613.0,267.02000000000555,-0.0992304060165411,0.0008551044260654006,348.78224427782214,0.0,0.0006840835408523205,0.0,0.45986618471038665,0.0,63.09909391018816,1
614.0,267.01000000000556,-0.09923034834410172,0.0008551685065536496,348.5173440646294,0.0,0.0006841348052429197,0.0,0.4605503195156296,0.0,63.37529006091587,1
615.0,267.00000000000557,-0.09923029066517552,0.0008552325942494665,348.25262522320617,0.0,0.0006841860753995732,0.0,0.46123450559102913,0.0,63.652519037530496,1
616.0,266.9900000000056,-0.09923023297976685,0.0008552966891479663,347.9880876436861,0.0,0.0006842373513183731,0.0,0.4619187429423475,0.0,63.93078315938448,1
617.0,266.9800000000056,-0.09923017528786848,0.0008553607912573646,347.7237312162579,0.0,0.0006842886330058918,0.0,0.46260303157535343,0.0,64.21008473720785,1
618.0,266.9700000000056,-0.09923011758948519,0.0008554249005718884,347.4595558311696,0.0,0.0006843399204575107,0.0,0.46328737149581095,0.0,64.49042607295999,1
619.0,266.9600000000056,-0.0992300598846142,0.0008554890170953122,347.1955613787257,0.0,0.0006843912136762498,0.0,0.4639717627094872,0.0,64.77180945968045,1
620.0,266.9500000000056,-0.09923000217325428,0.0008555531408285244,346.9317477492878,0.0,0.0006844425126628196,0.0,0.46465620522215,0.0,65.05423718133937,1
621.0,266.9400000000056,-0.09922994445540223,0.0008556172717752997,346.66811483327393,0.0,0.0006844938174202398,0.0,0.46534069903957026,0.0,65.33771151268658,1
622.0,266.93000000000563,-0.09922988673106248,0.000855681409930531,346.40466252116113,0.0,0.0006845451279444249,0.0,0.4660252441675147,0.0,65.62223471910042,1
623.0,266.92000000000564,-0.09922982900022892,0.0008557455553013238,346.1413907034817,0.0,0.0006845964442410591,0.0,0.46670984061175574,0.0,65.90780905643547,1
624.0,266.91000000000565,-0.09922977126290289,0.0008558097078856797,345.87829927082595,0.0,0.0006846477663085438,0.0,0.4673944883780643,0.0,66.19443677086973,1
625.0,266.90000000000566,-0.09922971351908283,0.000855873867685597,345.615388113841,0.0,0.0006846990941484776,0.0,0.4680791874722128,0.0,66.4821200987508,1
626.0,266.89000000000567,-0.09922965576876797,0.0008559380347021861,345.352657123231,0.0,0.0006847504277617489,0.0,0.4687639378999745,0.0,66.77086126644154,1
627.0,266.8800000000057,-0.09922959801195641,0.0008560022089372232,345.0901061897568,0.0,0.0006848017671497787,0.0,0.4694487396671243,0.0,67.06066249016483,1
628.0,266.8700000000057,-0.09922954024865038,0.000856066390388488,344.8277352042374,0.0,0.0006848531123107905,0.0,0.4701335927794351,0.0,67.35152597584762,1
629.0,266.8600000000057,-0.09922948247884356,0.0008561305790626417,344.56554405754696,0.0,0.0006849044632501134,0.0,0.4708184972426852,0.0,67.64345391896423,1
630.0,266.8500000000057,-0.09922942470254104,0.0008561947749543553,344.3035326406185,0.0,0.0006849558199634843,0.0,0.4715034530626487,0.0,67.93644850437896,1
631.0,266.8400000000057,-0.09922936691973805,0.0008562589780687357,344.0417008444409,0.0,0.0006850071824549887,0.0,0.4721884602451037,0.0,68.23051190618784,1
632.0,266.8300000000057,-0.09922930913043304,0.0008563231884075595,343.7800485600595,0.0,0.0006850585507260477,0.0,0.47287351879582973,0.0,68.52564628755988,1
633.0,266.82000000000573,-0.09922925133462646,0.0008563874059706045,343.51857567857706,0.0,0.0006851099247764836,0.0,0.4735586287206062,0.0,68.8218538005773,1
634.0,266.81000000000574,-0.0992291935323183,0.0008564516307574266,343.25728209115357,0.0,0.0006851613046059413,0.0,0.47424379002521216,0.0,69.11913658607529,1
635.0,266.80000000000575,-0.09922913572350645,0.0008565158627706904,342.99616768900535,0.0,0.0006852126902165524,0.0,0.4749290027154287,0.0,69.41749677348095,1
636.0,266.79000000000576,-0.09922907790819058,0.0008565801020103958,342.7352323634059,0.0,0.0006852640816083167,0.0,0.475614266797037,0.0,69.71693648065151,1
637.0,266.78000000000577,-0.09922902008636802,0.0008566443484798736,342.47447600568466,0.0,0.000685315478783899,0.0,0.4762995822758209,0.0,70.01745781371196,1
638.0,266.7700000000058,-0.09922896225803746,0.000856708602180678,342.2138985072279,0.0,0.0006853668817445425,0.0,0.47698494915756545,0.0,70.31906286689177,1
639.0,266.7600000000058,-0.0992289044232022,0.0008567728631085902,341.95349975948005,0.0,0.0006854182904868722,0.0,0.4776703674480523,0.0,70.6217537223612,1
640.0,266.7500000000058,-0.09922884658185849,0.0008568371312682732,341.69327965394115,0.0,0.0006854697050146186,0.0,0.4783558371530669,0.0,70.92553245006675,1
641.0,266.7400000000058,-0.0992287887340042,0.0008569014066619474,341.43323808216763,0.0,0.000685521125329558,0.0,0.47904135827839645,0.0,71.23040110756592,1
642.0,266.7300000000058,-0.09922873087963824,0.0008569656892907229,341.1733749357726,0.0,0.0006855725514325784,0.0,0.47972693082982903,0.0,71.53636173986145,1
643.0,266.7200000000058,-0.09922867301876348,0.0008570299791517133,340.9136901064268,0.0,0.0006856239833213707,0.0,0.4804125548131504,0.0,71.84341637923468,1
644.0,266.71000000000583,-0.09922861515137349,0.0008570942762518019,340.6541834858561,0.0,0.0006856754210014416,0.0,0.4810982302341519,0.0,72.15156704507855,1
645.0,266.70000000000584,-0.09922855727747404,0.0008571585805845494,340.39485496584496,0.0,0.0006857268644676396,0.0,0.48178395709861954,0.0,72.46081574372968,1
646.0,266.69000000000585,-0.09922849939705469,0.0008572228921615022,340.1357044382313,0.0,0.0006857783137292017,0.0,0.4824697354123487,0.0,72.77116446829997,1
647.0,266.68000000000586,-0.09922844151012589,0.0008572872109713359,339.87673179491344,0.0,0.0006858297687770687,0.0,0.4831555651811258,0.0,73.08261519850744,1
648.0,266.67000000000587,-0.09922838361667707,0.0008573515370255969,339.61793692784283,0.0,0.0006858812296204775,0.0,0.4838414464107463,0.0,73.39516990050666,1
649.0,266.6600000000059,-0.09922832571671236,0.0008574158703196222,339.3593197290293,0.0,0.0006859326962556978,0.0,0.484527379107002,0.0,73.70883052671832,1
650.0,266.6500000000059,-0.09922826781022875,0.0008574802108569646,339.10088009053834,0.0,0.0006859841686855717,0.0,0.4852133632756876,0.0,74.02359901565833,1
651.0,266.6400000000059,-0.09922820989722525,0.0008575445586385122,338.8426179044919,0.0,0.0006860356469108098,0.0,0.4858993989225984,0.0,74.33947729176633,1
652.0,266.6300000000059,-0.09922815197770274,0.0008576089136635989,338.5845330630688,0.0,0.0006860871309308791,0.0,0.4865854860535293,0.0,74.65646726523357,1
653.0,266.6200000000059,-0.09922809405166011,0.0008576732759331129,338.3266254585045,0.0,0.0006861386207464904,0.0,0.4872716246742758,0.0,74.97457083183014,1
654.0,266.6100000000059,-0.09922803611909237,0.0008577376454528274,338.0688949830892,0.0,0.000686190116362262,0.0,0.4879578147906381,0.0,75.29378987273176,1
655.0,266.60000000000593,-0.09922797818000328,0.0008578020222185234,337.8113415291711,0.0,0.0006862416177748188,0.0,0.4886440564084129,0.0,75.61412625434593,1
656.0,266.59000000000594,-0.09922792023439164,0.0008578664062315333,337.5539649891546,0.0,0.0006862931249852267,0.0,0.48933034953339816,0.0,75.93558182813752,1
657.0,266.58000000000595,-0.09922786228225033,0.0008579307974996286,337.29676525549854,0.0,0.000686344637999703,0.0,0.49001669417139787,0.0,76.2581584304538,1
658.0,266.57000000000596,-0.09922780432358713,0.0008579951960141496,337.0397422207207,0.0,0.0006863961568113197,0.0,0.4907030903282092,0.0,76.58185788234903,1
659.0,266.56000000000597,-0.0992277463583967,0.0008580596017813136,336.7828957773937,0.0,0.0006864476814250509,0.0,0.49138953800963425,0.0,76.90668198940837,1
660.0,266.550000000006,-0.0992276883866744,0.0008581240148062275,336.5262258181451,0.0,0.000686499211844982,0.0,0.49207603722147925,0.0,77.23263254157136,1
661.0,266.540000000006,-0.09922763040842797,0.0008581884350800095,336.2697322356617,0.0,0.0006865507480640076,0.0,0.49276258796954325,0.0,77.55971131295492,1
662.0,266.530000000006,-0.09922757242364766,0.000858252862613762,336.0134149226834,0.0,0.0006866022900910096,0.0,0.49344919025963424,0.0,77.88792006167574,1
663.0,266.520000000006,-0.09922751443233668,0.0008583172974037101,335.75727377200775,0.0,0.0006866538379229682,0.0,0.49413584409755723,0.0,78.21726052967234,1
664.0,266.510000000006,-0.0992274564344976,0.0008583817394471893,335.5013086764895,0.0,0.0006867053915577515,0.0,0.49482254948911497,0.0,78.54773444252643,1
665.0,266.500000000006,-0.09922739843012185,0.0008584461887535255,335.245519529037,0.0,0.0006867569510028205,0.0,0.4955093064401178,0.0,78.87934350928406,1
666.0,266.49000000000603,-0.09922734041921322,0.0008585106453184999,334.9899062226163,0.0,0.0006868085162547999,0.0,0.4961961149563726,0.0,79.21208942227602,1
667.0,266.48000000000604,-0.09922728240176737,0.0008585751091474414,334.73446865024823,0.0,0.0006868600873179532,0.0,0.49688297504369056,0.0,79.54597385693808,1
668.0,266.47000000000605,-0.09922722437779041,0.0008586395802328006,334.47920670501213,0.0,0.0006869116641862405,0.0,0.4975698867078768,0.0,79.88099847163065,1
669.0,266.46000000000606,-0.09922716634727302,0.0008587040585856798,334.22412028004044,0.0,0.0006869632468685439,0.0,0.49825684995474534,0.0,80.2171649074579,1
670.0,266.45000000000607,-0.09922710831021964,0.0008587685442005277,333.9692092685235,0.0,0.0006870148353604222,0.0,0.4989438647901058,0.0,80.55447478808672,1
671.0,266.4400000000061,-0.0992270502666246,0.0008588330370837838,333.71447356370606,0.0,0.0006870664296670271,0.0,0.4996309312197728,0.0,80.89292971956512,1
672.0,266.4300000000061,-0.09922699221649389,0.0008588975372290086,333.4599130588909,0.0,0.000687118029783207,0.0,0.500318049249556,0.0,81.23253129014013,1
673.0,266.4200000000061,-0.09922693415981965,0.000858962044644862,333.20552764743456,0.0,0.0006871696357158897,0.0,0.5010052188852719,0.0,81.57328107007564,1
674.0,266.4100000000061,-0.09922687609660297,0.0008590265593300117,332.95131722275016,0.0,0.0006872212474640094,0.0,0.501692440132736,0.0,81.91518061146952,1
675.0,266.4000000000061,-0.09922681802684619,0.0008590910812820152,332.69728167830766,0.0,0.0006872728650256122,0.0,0.5023797129977615,0.0,82.25823144807062,1
676.0,266.3900000000061,-0.0992267599505432,0.0008591556105075338,332.44342090763126,0.0,0.000687324488406027,0.0,0.5030670374861675,0.0,82.60243509509532,1
677.0,266.38000000000613,-0.09922670186769555,0.0008592201470050131,332.18973480430174,0.0,0.0006873761176040106,0.0,0.5037544136037716,0.0,82.94779304904378,1
678.0,266.37000000000614,-0.09922664377830315,0.0008592846907744534,331.9362232619559,0.0,0.0006874277526195627,0.0,0.5044418413563911,0.0,83.29430678751581,1
679.0,266.36000000000615,-0.0992265856823662,0.0008593492418154103,331.6828861742868,0.0,0.0006874793934523283,0.0,0.5051293207498435,0.0,83.64197776902651,1
680.0,266.35000000000616,-0.09922652757987582,0.0008594138001378759,331.4297234350406,0.0,0.0006875310401103008,0.0,0.5058168517899538,0.0,83.99080743282167,1
681.0,266.34000000000617,-0.09922646947084235,0.0008594783657307481,331.1767349380228,0.0,0.0006875826925845986,0.0,0.5065044344825385,0.0,84.34079719869263,1
682.0,266.3300000000062,-0.099226411355256,0.0008595429386044628,330.9239205770917,0.0,0.0006876343508835704,0.0,0.507192068833422,0.0,84.69194846679119,1
683.0,266.3200000000062,-0.09922635323312201,0.000859607518753247,330.67128024616335,0.0,0.0006876860150025976,0.0,0.5078797548484246,0.0,85.04426261744402,1
684.0,266.3100000000062,-0.09922629510443237,0.0008596721061862045,330.41881383920713,0.0,0.0006877376849489637,0.0,0.5085674925333736,0.0,85.39774101096698,1
685.0,266.3000000000062,-0.09922623696919286,0.0008597367008968959,330.16652125025024,0.0,0.0006877893607175168,0.0,0.5092552818940912,0.0,85.75238498747913,1
686.0,266.2900000000062,-0.09922617882739726,0.0008598013028919826,329.9144023733737,0.0,0.0006878410423135861,0.0,0.5099431229364048,0.0,86.10819586671654,1
687.0,266.2800000000062,-0.0992261206790519,0.0008598659121645813,329.6624571027166,0.0,0.0006878927297316651,0.0,0.5106310156661364,0.0,86.46517494784592,1
688.0,266.27000000000623,-0.09922606252414612,0.0008599305287266823,329.41068533247017,0.0,0.0006879444229813459,0.0,0.5113189600891178,0.0,86.82332350927804,1
689.0,266.26000000000624,-0.0992260043626858,0.0008599951525714022,329.15908695688364,0.0,0.0006879961220571219,0.0,0.512006956211175,0.0,87.182642808481,1
690.0,266.25000000000625,-0.09922594619466707,0.000860059783703182,328.90766187026077,0.0,0.0006880478269625456,0.0,0.5126950040381375,0.0,87.54313408179331,1
691.0,266.24000000000626,-0.09922588802009125,0.0008601244221206894,328.65640996696135,0.0,0.0006880995376965515,0.0,0.513383103575834,0.0,87.90479854423683,1
692.0,266.23000000000627,-0.09922582983895523,0.0008601890678274771,328.40533114140004,0.0,0.0006881512542619817,0.0,0.5140712548300961,0.0,88.26763738932962,1
693.0,266.2200000000063,-0.09922577165125757,0.0008602537208248773,328.15442528804675,0.0,0.0006882029766599019,0.0,0.514759457806756,0.0,88.63165178889867,1
694.0,266.2100000000063,-0.09922571345700093,0.0008603183811100035,327.903692301428,0.0,0.0006882547048880028,0.0,0.515447712511644,0.0,88.99684289289237,1
695.0,266.2000000000063,-0.09922565525617888,0.0008603830486901831,327.6531320761238,0.0,0.0006883064389521465,0.0,0.5161360189505961,0.0,89.36321182919328,1
696.0,266.1900000000063,-0.09922559704879519,0.0008604477235609753,327.40274450677117,0.0,0.0006883581788487803,0.0,0.516824377129445,0.0,89.73075970343037,1
697.0,266.1800000000063,-0.09922553883484586,0.000860512405726821,327.1525294880615,0.0,0.0006884099245814568,0.0,0.5175127870540264,0.0,90.0994875987915,1
698.0,266.1700000000063,-0.09922548061433256,0.0008605770951859437,326.90248691474216,0.0,0.0006884616761487551,0.0,0.5182012487301751,0.0,90.4693965758358,1
699.0,266.16000000000633,-0.09922542238725363,0.000860641791940342,326.6526166816157,0.0,0.0006885134335522736,0.0,0.5188897621637274,0.0,90.840487672306,1
700.0,266.15000000000634,-0.0992253641536045,0.0008607064959949007,326.4029186835388,0.0,0.0006885651967959206,0.0,0.5195783273605233,0.0,91.21276190294078,1
701.0,266.14000000000635,-0.09922530591338852,0.0008607712073460672,326.1533928154247,0.0,0.0006886169658768537,0.0,0.5202669443264002,0.0,91.58622025928709,1
702.0,266.13000000000636,-0.09922524766660235,0.0008608359259973941,325.904038972241,0.0,0.0006886687407979153,0.0,0.5209556130671981,0.0,91.96086370951255,1
703.0,266.12000000000637,-0.09922518941324576,0.0008609006519491036,325.6548570490109,0.0,0.0006887205215592829,0.0,0.5216443335887574,0.0,92.33669319821787,1
704.0,266.1100000000064,-0.09922513115331988,0.0008609653852003074,325.40584694081326,0.0,0.000688772308160246,0.0,0.5223331058969176,0.0,92.71370964624936,1
705.0,266.1000000000064,-0.09922507288681948,0.0008610301257561126,325.1570085427809,0.0,0.0006888241006048901,0.0,0.5230219299975225,0.0,93.09191395051138,1
706.0,266.0900000000064,-0.09922501461374567,0.000861094873615853,324.90834175010224,0.0,0.0006888758988926824,0.0,0.5237108058964152,0.0,93.47130698377919,1
707.0,266.0800000000064,-0.09922495633409845,0.0008611596287795287,324.65984645802115,0.0,0.000688927703023623,0.0,0.5243997335994388,0.0,93.85188959451149,1
708.0,266.0700000000064,-0.09922489804787615,0.0008612243912486939,324.4115225618364,0.0,0.0006889795129989551,0.0,0.5250887131124378,0.0,94.2336626066635,1
709.0,266.0600000000064,-0.09922483975507834,0.0008612891610240148,324.16336995690193,0.0,0.0006890313288192119,0.0,0.525777744441257,0.0,94.6166268194999,1
710.0,266.05000000000643,-0.09922478145570057,0.0008613539381105983,323.9153885386255,0.0,0.0006890831504884787,0.0,0.5264668275917455,0.0,95.00078300740803,1
711.0,266.04000000000644,-0.09922472314974451,0.0008614187225060022,323.66757820247096,0.0,0.0006891349780048018,0.0,0.5271559625697503,0.0,95.38613191971139,1
712.0,266.03000000000645,-0.09922466483721248,0.0008614835142082278,323.4199388439579,0.0,0.0006891868113665823,0.0,0.5278451493811168,0.0,95.77267428048305,1
713.0,266.02000000000646,-0.09922460651809906,0.0008615483132232704,323.1724703586595,0.0,0.0006892386505786164,0.0,0.5285343880316954,0.0,96.16041078835964,1
714.0,266.01000000000647,-0.09922454819240223,0.0008616131195531285,322.9251726422036,0.0,0.0006892904956425028,0.0,0.5292236785273379,0.0,96.54934211635526,1
715.0,266.0000000000065,-0.09922448986012522,0.0008616779331940272,322.6780455902744,0.0,0.0006893423465552218,0.0,0.5299130208738931,0.0,96.93946891167586,1
716.0,265.9900000000065,-0.09922443152126337,0.0008617427541517397,322.43108909860945,0.0,0.0006893942033213918,0.0,0.5306024150772145,0.0,97.33079179553374,1
717.0,265.9800000000065,-0.09922437317581867,0.0008618075824238236,322.1843030630023,0.0,0.0006894460659390589,0.0,0.5312918611431535,0.0,97.72331136296249,1
718.0,265.9700000000065,-0.09922431482378735,0.0008618724180140536,321.93768737930054,0.0,0.0006894979344112429,0.0,0.5319813590775647,0.0,98.11702818263207,1
719.0,265.9600000000065,-0.09922425646517219,0.0008619372609197651,321.6912419434076,0.0,0.0006895498087358121,0.0,0.5326709088863005,0.0,98.51194279666444,1
720.0,265.9500000000065,-0.09922419809996808,0.0008620021111467313,321.4449666512803,0.0,0.0006896016889173851,0.0,0.5333605105752179,0.0,98.90805572044935,1
721.0,265.94000000000653,-0.09922413972817645,0.0008620669686927318,321.1988613989313,0.0,0.0006896535749541855,0.0,0.5340501641501721,0.0,99.30536744246047,1
722.0,265.93000000000654,-0.09922408134979288,0.0008621318335635397,320.95292608242653,0.0,0.0006897054668508318,0.0,0.534739869617023,0.0,99.70387842407216,1
723.0,265.92000000000655,-0.09922402296482324,0.0008621967057518276,320.7071605978891,0.0,0.0006897573646014621,0.0,0.5354296269816244,0.0,100.10358909937642,1
724.0,265.91000000000656,-0.09922396457326044,0.0008622615852662552,320.4615648414945,0.0,0.0006898092682130042,0.0,0.5361194362498375,0.0,100.5044998750003,1
725.0,265.90000000000657,-0.09922390617510679,0.0008623264721034918,320.2161387094744,0.0,0.0006898611776827934,0.0,0.5368092974275203,0.0,100.90661112992387,1
726.0,265.8900000000066,-0.09922384777035709,0.0008623913662699767,319.97088209811335,0.0,0.0006899130930159814,0.0,0.5374992105205363,0.0,101.30992321529853,1
727.0,265.8800000000066,-0.09922378935901688,0.0008624562677590486,319.7257949037528,0.0,0.000689965014207239,0.0,0.5381891755347435,0.0,101.71443645426581,1
728.0,265.8700000000066,-0.09922373094107817,0.0008625211765798113,319.4808770227865,0.0,0.0006900169412638491,0.0,0.5388791924760074,0.0,102.12015114177686,1
729.0,265.8600000000066,-0.09922367251654607,0.0008625860927264917,319.2361283516647,0.0,0.0006900688741811934,0.0,0.5395692613501886,0.0,102.52706754441222,1
730.0,265.8500000000066,-0.09922361408541358,0.0008626510162070833,318.9915487868903,0.0,0.0006901208129656667,0.0,0.5402593821631543,0.0,102.93518590020231,1
731.0,265.8400000000066,-0.0992235556476857,0.000862715947015813,318.7471382250225,0.0,0.0006901727576126504,0.0,0.5409495549207669,0.0,103.34450641844836,1
732.0,265.83000000000663,-0.09922349720335877,0.0008627808851568997,318.5028965626744,0.0,0.0006902247081255197,0.0,0.5416397796288924,0.0,103.75502927954409,1
733.0,265.82000000000664,-0.09922343875243012,0.0008628458306332298,318.2588236965127,0.0,0.000690276664506584,0.0,0.542330056293399,0.0,104.1667546347979,1
734.0,265.81000000000665,-0.09922338029490207,0.000862910783441917,318.01491952325995,0.0,0.0006903286267535337,0.0,0.5430203849201526,0.0,104.57968260625559,1
735.0,265.80000000000666,-0.0992233218307701,0.0008629757435887342,317.77118393969164,0.0,0.0006903805948709874,0.0,0.5437107655150236,0.0,104.99381328652402,1
736.0,265.79000000000667,-0.09922326336003628,0.0008630407110707949,317.52761684263885,0.0,0.000690432568856636,0.0,0.5444011980838802,0.0,105.40914673859514,1
737.0,265.7800000000067,-0.09922320488269876,0.0008631056858903197,317.2842181289867,0.0,0.0006904845487122558,0.0,0.5450916826325924,0.0,105.82568299567089,1
738.0,265.7700000000067,-0.09922314639875462,0.000863170668050417,317.0409876956741,0.0,0.0006905365344403336,0.0,0.5457822191670327,0.0,106.2434220609888,1
739.0,265.7600000000067,-0.09922308790820589,0.0008632356575488664,316.79792543969523,0.0,0.0006905885260390932,0.0,0.5464728076930718,0.0,106.66236390764821,1
740.0,265.7500000000067,-0.09922302941104877,0.000863300654390109,316.5550312580976,0.0,0.0006906405235120872,0.0,0.5471634482165839,0.0,107.08250847843752,1
741.0,265.7400000000067,-0.09922297090728505,0.0008633656585721461,316.31230504798384,0.0,0.0006906925268577169,0.0,0.5478541407434416,0.0,107.50385568566182,1
742.0,265.7300000000067,-0.09922291239691061,0.0008634306700994188,316.06974670651005,0.0,0.000690744536079535,0.0,0.5485448852795212,0.0,107.92640541097173,1
743.0,265.72000000000673,-0.09922285387992891,0.0008634956889679302,315.8273561308878,0.0,0.0006907965511743442,0.0,0.5492356818306955,0.0,108.35015750519277,1
744.0,265.71000000000674,-0.09922279535633183,0.0008635607151867841,315.58513321838075,0.0,0.0006908485721494273,0.0,0.5499265304028449,0.0,108.77511178815578,1
745.0,265.70000000000675,-0.09922273682612548,0.0008636257487495413,315.3430778663088,0.0,0.0006909005989996331,0.0,0.5506174310018446,0.0,109.20126804852808,1
746.0,265.69000000000676,-0.09922267828930553,0.0008636907896606427,315.1011899720451,0.0,0.0006909526317285142,0.0,0.551308383633573,0.0,109.6286260436455,1
747.0,265.68000000000677,-0.09922261974587232,0.0008637558379196442,314.85946943301735,0.0,0.0006910046703357154,0.0,0.5519993883039087,0.0,110.05718549934551,1
748.0,265.6700000000068,-0.09922256119582495,0.0008638208935276559,314.6179161467074,0.0,0.0006910567148221248,0.0,0.5526904450187309,0.0,110.48694610980114,1
749.0,265.6600000000068,-0.09922250263915766,0.0008638859564915613,314.3765300106495,0.0,0.0006911087651932491,0.0,0.5533815537839242,0.0,110.91790753735577,1
750.0,265.6500000000068,-0.09922244407587577,0.000863951026804699,314.13531092243426,0.0,0.0006911608214437593,0.0,0.5540727146053679,0.0,111.35006941235923,1
751.0,265.6400000000068,-0.09922238550597595,0.000864016104471288,313.8942587797053,0.0,0.0006912128835770304,0.0,0.5547639274889449,0.0,111.78343133300447,1
752.0,265.6300000000068,-0.09922232692945776,0.0008640811894913281,313.65337348016067,0.0,0.0006912649515930625,0.0,0.555455192440538,0.0,112.21799286516566,1
753.0,265.6200000000068,-0.09922226834631875,0.00086414628186815,313.4126549215518,0.0,0.00069131702549452,0.0,0.5561465094660325,0.0,112.653753542237,1
754.0,265.61000000000683,-0.09922220975655927,0.0008642113816008656,313.1721030016846,0.0,0.0006913691052806925,0.0,0.5568378785713132,0.0,113.09071286497303,1
755.0,265.60000000000684,-0.0992221511601763,0.0008642764886930276,312.93171761841836,0.0,0.0006914211909544222,0.0,0.5575292997622676,0.0,113.52887030132946,1
756.0,265.59000000000685,-0.09922209255717007,0.000864341603144192,312.69149866966654,0.0,0.0006914732825153536,0.0,0.558220773044783,0.0,113.96822528630564,1
757.0,265.58000000000686,-0.09922203394754081,0.0008644067249545806,312.45144605339686,0.0,0.0006915253799636645,0.0,0.5589122984247467,0.0,114.4087772217879,1
758.0,265.57000000000687,-0.09922197533128807,0.0008644718541244156,312.2115596676312,0.0,0.0006915774832995325,0.0,0.5596038759080462,0.0,114.8505254763941,1
759.0,265.5600000000069,-0.09922191670840808,0.0008645369906576938,311.97183941044443,0.0,0.0006916295925261551,0.0,0.5602955055005723,0.0,115.29346938531954,1
760.0,265.5500000000069,-0.09922185807890005,0.0008646021345555255,311.73228517996523,0.0,0.0006916817076444205,0.0,0.5609871872082167,0.0,115.73760825018375,1
761.0,265.5400000000069,-0.09922179944276577,0.0008646672858156901,311.4928968743771,0.0,0.0006917338286525521,0.0,0.5616789210368692,0.0,116.1829413388788,1
762.0,265.5300000000069,-0.09922174079999968,0.000864732444444849,311.25367439191564,0.0,0.0006917859555558792,0.0,0.5623707069924251,0.0,116.62946788541873,1
763.0,265.5200000000069,-0.09922168215060756,0.0008647976104361188,311.0146176308726,0.0,0.0006918380883488951,0.0,0.563062545080774,0.0,117.07718708979037,1
764.0,265.5100000000069,-0.09922162349458075,0.0008648627837992695,310.77572648959097,0.0,0.0006918902270394156,0.0,0.5637544353078134,0.0,117.5260981178053,1
765.0,265.50000000000693,-0.09922156483192313,0.0008649279645298602,310.537000866469,0.0,0.0006919423716238882,0.0,0.5644463776794373,0.0,117.9762001009534,1
766.0,265.49000000000694,-0.09922150616263514,0.0008649931526276688,310.298440659959,0.0,0.0006919945221021351,0.0,0.5651383722015394,0.0,118.42749213625746,1
767.0,265.48000000000695,-0.09922144748670803,0.0008650583481022434,310.0600457685646,0.0,0.0006920466784817947,0.0,0.5658304188800212,0.0,118.87997328612931,1
768.0,265.47000000000696,-0.09922138880415199,0.0008651235509422595,309.82181609084654,0.0,0.0006920988407538077,0.0,0.566522517720775,0.0,119.3336425782275,1
769.0,265.46000000000697,-0.09922133011495471,0.0008651887611612619,309.5837515254158,0.0,0.0006921510089290096,0.0,0.567214668729704,0.0,119.78849900531596,1
770.0,265.450000000007,-0.09922127141912174,0.0008652539787536995,309.3458519709386,0.0,0.0006922031830029596,0.0,0.5679068719127071,0.0,120.24454152512467,1
771.0,265.440000000007,-0.09922121271665174,0.0008653192037204605,309.1081173261351,0.0,0.0006922553629763684,0.0,0.5685991272756834,0.0,120.70176906021146,1
772.0,265.430000000007,-0.09922115400754394,0.000865384436062433,308.87054748977874,0.0,0.0006923075488499465,0.0,0.5692914348245334,0.0,121.16018049782528,1
773.0,265.420000000007,-0.0992210952917919,0.0008654496757867225,308.6331423606951,0.0,0.0006923597406293781,0.0,0.5699837945651628,0.0,121.6197746897712,1
774.0,265.410000000007,-0.09922103656940384,0.0008655149228846692,308.3959018377658,0.0,0.0006924119383077354,0.0,0.5706762065034705,0.0,122.08055045227668,1
775.0,265.400000000007,-0.09922097784036987,0.0008655801773667093,308.15882581992344,0.0,0.0006924641418933676,0.0,0.5713686706453639,0.0,122.54250656585984,1
776.0,265.39000000000703,-0.09922091910469544,0.0008656454392272916,307.9219142061559,0.0,0.0006925163513818334,0.0,0.5720611869967457,0.0,123.0056417751987,1
777.0,265.38000000000704,-0.09922086036237432,0.0008657107084728555,307.6851668955031,0.0,0.0006925685667782844,0.0,0.5727537555635239,0.0,123.4699547890026,1
778.0,265.37000000000705,-0.09922080161341285,0.0008657759850967395,307.44858378706033,0.0,0.0006926207880773917,0.0,0.5734463763516013,0.0,123.93544427988513,1
779.0,265.36000000000706,-0.09922074285780025,0.0008658412691109341,307.2121647799734,0.0,0.0006926730152887473,0.0,0.5741390493668901,0.0,124.40210888423827,1
780.0,265.35000000000707,-0.09922068409554285,0.0008659065605078897,306.9759097734439,0.0,0.0006927252484063118,0.0,0.5748317746152964,0.0,124.8699472021089,1
781.0,265.3400000000071,-0.09922062532663634,0.0008659718592929355,306.7398186667255,0.0,0.0006927774874343484,0.0,0.5755245521027308,0.0,125.33895779707655,1
782.0,265.3300000000071,-0.09922056655108191,0.0008660371654645171,306.50389135912604,0.0,0.0006928297323716137,0.0,0.5762173818351024,0.0,125.80913919613307,1
783.0,265.3200000000071,-0.0992205077688787,0.0008661024790237448,306.26812775000656,0.0,0.0006928819832189959,0.0,0.5769102638183214,0.0,126.28048988956395,1
784.0,265.3100000000071,-0.09922044898002169,0.0008661677999757256,306.03252773878023,0.0,0.0006929342399805805,0.0,0.5776031980583021,0.0,126.75300833083156,1
785.0,265.3000000000071,-0.09922039018451467,0.0008662331283171287,305.7970912249149,0.0,0.000692986502653703,0.0,0.5782961845609558,0.0,127.22669293646005,1
786.0,265.2900000000071,-0.09922033138235353,0.000866298464051507,305.5618181079307,0.0,0.0006930387712412057,0.0,0.5789892233321969,0.0,127.70154208592216,1
787.0,265.28000000000713,-0.0992202725735386,0.0008663638071793045,305.3267082874014,0.0,0.0006930910457434436,0.0,0.5796823143779404,0.0,128.1775541215278,1
788.0,265.27000000000714,-0.09922021375806944,0.0008664291577007432,305.091761662954,0.0,0.0006931433261605946,0.0,0.5803754577041009,0.0,128.6547273483147,1
789.0,265.26000000000715,-0.0992201549359416,0.0008664945156204862,304.8569781342678,0.0,0.000693195612496389,0.0,0.5810686533165973,0.0,129.1330600339407,1
790.0,265.25000000000716,-0.09922009610716098,0.000866559880932094,304.6223576010773,0.0,0.0006932479047456752,0.0,0.581761901221343,0.0,129.61255040857807,1
791.0,265.24000000000717,-0.09922003727171769,0.0008666252536471131,304.3878999631671,0.0,0.0006933002029176905,0.0,0.5824552014242607,0.0,130.09319666480985,1
792.0,265.2300000000072,-0.09921997842961783,0.0008666906337577718,304.15360512037756,0.0,0.0006933525070062174,0.0,0.5831485539312669,0.0,130.57499695752801,1
793.0,265.2200000000072,-0.09921991958085818,0.0008667560212687331,303.91947297260094,0.0,0.0006934048170149865,0.0,0.5838419587482818,0.0,131.05794940383385,1
794.0,265.2100000000072,-0.09921986072543598,0.0008668214161822174,303.6855034197823,0.0,0.0006934571329457739,0.0,0.5845354158812276,0.0,131.54205208293988,1
795.0,265.2000000000072,-0.09921980186335178,0.0008668868184980028,303.45169636192014,0.0,0.0006935094547984022,0.0,0.585228925336026,0.0,132.0273030360745,1
796.0,265.1900000000072,-0.09921974299460612,0.000866952228215423,303.21805169906634,0.0,0.0006935617825723384,0.0,0.5859224871185983,0.0,132.51370026638804,1
797.0,265.1800000000072,-0.09921968411919713,0.0008670176453364764,302.9845693313256,0.0,0.0006936141162691812,0.0,0.5866161012348675,0.0,133.00124173886132,1
798.0,265.17000000000724,-0.09921962523712013,0.0008670830698664922,302.75124915885436,0.0,0.0006936664558931938,0.0,0.5873097676907607,0.0,133.4899253802161,1
799.0,265.16000000000724,-0.09921956634837614,0.000867148501804138,302.5180910818627,0.0,0.0006937188014433104,0.0,0.588003486492204,0.0,133.97974907882775,1
800.0,265.15000000000725,-0.09921950745296881,0.0008672139411456392,302.28509500061483,0.0,0.0006937711529165114,0.0,0.5886972576451205,0.0,134.47071068463993,1
801.0,265.14000000000726,-0.0992194485508906,0.0008672793878992113,302.05226081542605,0.0,0.0006938235103193691,0.0,0.5893910811554398,0.0,134.9628080090817,1
802.0,265.13000000000727,-0.09921938964214638,0.0008673448420595253,301.8195884266662,0.0,0.0006938758736476203,0.0,0.5900849570290875,0.0,135.4560388249866,1
803.0,265.1200000000073,-0.09921933072672717,0.0008674103036363512,301.58707773475555,0.0,0.000693928242909081,0.0,0.5907788852719965,0.0,135.95040086651392,1
804.0,265.1100000000073,-0.09921927180464074,0.0008674757726212512,301.35472864016987,0.0,0.000693980618097001,0.0,0.5914728658900935,0.0,136.44589182907248,1
805.0,265.1000000000073,-0.09921921287588154,0.0008675412490204426,301.12254104343623,0.0,0.0006940329992163541,0.0,0.5921668988893098,0.0,136.94250936924644,1
806.0,265.0900000000073,-0.09921915394044933,0.0008676067328341475,300.8905148451348,0.0,0.000694085386267318,0.0,0.5928609842755772,0.0,137.4402511047232,1
807.0,265.0800000000073,-0.09921909499833959,0.0008676722240670287,300.65864994589754,0.0,0.000694137779253623,0.0,0.5935551220548309,0.0,137.9391146142241,1
808.0,265.0700000000073,-0.09921903604956017,0.0008677377227108707,300.4269462464115,0.0,0.0006941901781686966,0.0,0.5942493122329996,0.0,138.43909743743723,1
809.0,265.06000000000734,-0.09921897709409899,0.000867803228778774,300.19540364741334,0.0,0.0006942425830230193,0.0,0.5949435548160226,0.0,138.94019707495227,1
810.0,265.05000000000734,-0.09921891813196415,0.000867868742262079,299.964022049695,0.0,0.0006942949938096633,0.0,0.5956378498098323,0.0,139.44241098819808,1
811.0,265.04000000000735,-0.0992188591631511,0.0008679342631654485,299.7328013541001,0.0,0.0006943474105323589,0.0,0.5963321972203646,0.0,139.94573659938263,1
812.0,265.03000000000736,-0.09921880018765616,0.0008679997914931015,299.50174146152403,0.0,0.0006943998331944812,0.0,0.5970265970535591,0.0,140.45017129143514,1
813.0,265.02000000000737,-0.09921874120548413,0.0008680653272397088,299.2708422729165,0.0,0.000694452261791767,0.0,0.5977210493153509,0.0,140.95571240795087,1
814.0,265.0100000000074,-0.09921868221662844,0.0008681308704128199,299.04010368927817,0.0,0.0006945046963302559,0.0,0.5984155540116811,0.0,141.46235725313824,1
815.0,265.0000000000074,-0.09921862322109354,0.0008681964210071058,298.8095256116638,0.0,0.0006945571368056847,0.0,0.5991101111484868,0.0,141.97010309176832,1
816.0,264.9900000000074,-0.09921856421887232,0.0008682619790307822,298.57910794117896,0.0,0.0006946095832246258,0.0,0.5998047207317114,0.0,142.47894714912707,1
817.0,264.9800000000074,-0.09921850520996778,0.0008683275444800742,298.348850578983,0.0,0.0006946620355840594,0.0,0.6004993827672955,0.0,142.98888661096987,1
818.0,264.9700000000074,-0.09921844619437792,0.0008683931173578685,298.11875342628724,0.0,0.0006947144938862948,0.0,0.6011940972611818,0.0,143.49991862347858,1
819.0,264.9600000000074,-0.09921838717210285,0.0008684586976634989,297.88881638435595,0.0,0.0006947669581307992,0.0,0.6018888642193125,0.0,144.01204029322136,1
820.0,264.95000000000744,-0.09921832814313836,0.0008685242854018504,297.6590393545049,0.0,0.0006948194283214804,0.0,0.602583683647634,0.0,144.5252486871149,1
821.0,264.94000000000744,-0.09921826910748799,0.0008685898805689263,297.42942223810354,0.0,0.0006948719044551411,0.0,0.6032785555520892,0.0,145.03954083238898,1
822.0,264.93000000000745,-0.0992182100651463,0.0008686554831707216,297.1999649365725,0.0,0.0006949243865365774,0.0,0.6039734799386258,0.0,145.55491371655432,1
823.0,264.92000000000746,-0.09921815101611409,0.0008687210932065703,296.9706673513852,0.0,0.0006949768745652563,0.0,0.604668456813191,0.0,146.07136428737235,1
824.0,264.91000000000747,-0.09921809196039377,0.0008687867106733638,296.7415293840686,0.0,0.0006950293685386911,0.0,0.6053634861817297,0.0,146.58888945282797,1
825.0,264.9000000000075,-0.09921803289797759,0.0008688523355804278,296.5125509361998,0.0,0.0006950818684643423,0.0,0.6060585680501941,0.0,147.1074860811049,1
826.0,264.8900000000075,-0.09921797382887054,0.0008689179679215453,296.28373190941005,0.0,0.0006951343743372363,0.0,0.6067537024245313,0.0,147.62715100056369,1
827.0,264.8800000000075,-0.09921791475306696,0.0008689836077035995,296.05507220538146,0.0,0.0006951868861628796,0.0,0.6074488893106942,0.0,148.14788099972262,1
828.0,264.8700000000075,-0.09921785567056851,0.0008690492549237039,295.8265717258494,0.0,0.0006952394039389632,0.0,0.6081441287146332,0.0,148.66967282724093,1
829.0,264.8600000000075,-0.0992177965813753,0.0008691149095829687,295.59823037260156,0.0,0.0006952919276663749,0.0,0.6088394206422996,0.0,149.19252319190508,1
830.0,264.8500000000075,-0.09921773748548268,0.0008691805716858347,295.37004804747687,0.0,0.0006953444573486678,0.0,0.6095347650996482,0.0,149.71642876261762,1
831.0,264.84000000000754,-0.09921767838289297,0.0008692462412298596,295.1420246523674,0.0,0.0006953969929838878,0.0,0.6102301620926321,0.0,150.2413861683891,1
832.0,264.83000000000754,-0.09921761927360151,0.0008693119182203723,294.91416008921635,0.0,0.0006954495345762979,0.0,0.6109256116272085,0.0,150.7673919983322,1
833.0,264.82000000000755,-0.09921756015761285,0.000869377602652488,294.6864542600206,0.0,0.0006955020821219904,0.0,0.6116211137093305,0.0,151.29444280165916,1
834.0,264.81000000000756,-0.09921750103492233,0.0008694432945308694,294.45890706682815,0.0,0.0006955546356246956,0.0,0.6123166683449551,0.0,151.82253508768198,1
835.0,264.80000000000757,-0.09921744190552628,0.0008695089938595135,294.2315184117385,0.0,0.0006956071950876109,0.0,0.6130122755400428,0.0,152.3516653258151,1
836.0,264.7900000000076,-0.09921738276943115,0.0008695747006319809,294.00428819690507,0.0,0.0006956597605055848,0.0,0.6137079353005483,0.0,152.88182994558125,1
837.0,264.7800000000076,-0.0992173236266285,0.0008696404148571535,293.77721632453137,0.0,0.0006957123318857228,0.0,0.614403647632434,0.0,153.41302533662017,1
838.0,264.7700000000076,-0.09921726447711898,0.0008697061365345871,293.55030269687336,0.0,0.0006957649092276697,0.0,0.6150994125416617,0.0,153.9452478486999,1
839.0,264.7600000000076,-0.09921720532090728,0.0008697718656585085,293.3235472162408,0.0,0.0006958174925268068,0.0,0.6157952300341885,0.0,154.4784937917313,1
840.0,264.7500000000076,-0.09921714615798449,0.0008698376022393539,293.09694978499294,0.0,0.0006958700817914832,0.0,0.61649110011598,0.0,155.01275943578523,1
841.0,264.7400000000076,-0.09921708698835452,0.0008699033462726824,292.8705103055425,0.0,0.0006959226770181459,0.0,0.6171870227929981,0.0,155.54804101111287,1
842.0,264.73000000000764,-0.09921702781201414,0.0008699690977620467,292.6442286803535,0.0,0.0006959752782096373,0.0,0.6178829980712077,0.0,156.08433470816874,1
843.0,264.72000000000764,-0.09921696862896612,0.0008700348567043381,292.4181048119429,0.0,0.0006960278853634706,0.0,0.6185790259565712,0.0,156.6216366776368,1
844.0,264.71000000000765,-0.0992169094392008,0.0008701006231099928,292.1921386028773,0.0,0.0006960804984879943,0.0,0.6192751064550592,0.0,157.15994303045946,1
845.0,264.70000000000766,-0.09921685024272986,0.0008701663969667983,291.9663299557785,0.0,0.0006961331175734387,0.0,0.6199712395726327,0.0,157.6992498378698,1
846.0,264.6900000000077,-0.0992167910395394,0.0008702321782896316,291.74067877331663,0.0,0.0006961857426317054,0.0,0.6206674253152644,0.0,158.23955313142608,1
847.0,264.6800000000077,-0.09921673182963653,0.0008702979670704991,291.515184958216,0.0,0.0006962383736563993,0.0,0.6213636636889208,0.0,158.78084890305024,1
848.0,264.6700000000077,-0.09921667261302003,0.0008703637633111772,291.28984841325257,0.0,0.0006962910106489417,0.0,0.6220599546995698,0.0,159.3231331050686,1
849.0,264.6600000000077,-0.09921661338968324,0.0008704295670185491,291.0646690412525,0.0,0.0006963436536148393,0.0,0.6227562983531846,0.0,159.8664016502559,1
850.0,264.6500000000077,-0.09921655415963204,0.0008704953781866198,290.83964674509565,0.0,0.0006963963025492959,0.0,0.6234526946557338,0.0,160.41065041188241,1
851.0,264.6400000000077,-0.09921649492285822,0.000870561196824271,290.6147814277116,0.0,0.0006964489574594169,0.0,0.6241491436131933,0.0,160.95587522376385,1
852.0,264.6300000000077,-0.09921643567936955,0.000870627022922621,290.3900729920842,0.0,0.0006965016183380968,0.0,0.6248456452315314,0.0,161.5020718803149,1
853.0,264.62000000000774,-0.09921637642915615,0.0008706928564929939,290.1655213412463,0.0,0.0006965542851943952,0.0,0.6255421995167258,0.0,162.04923613660478,1
854.0,264.61000000000774,-0.09921631717222157,0.0008707586975316151,289.9411263782838,0.0,0.0006966069580252921,0.0,0.6262388064747512,0.0,162.59736370841713,1
855.0,264.60000000000775,-0.09921625790856803,0.0008708245460355979,289.71688800633524,0.0,0.0006966596368284784,0.0,0.6269354661115797,0.0,163.14645027231194,1
856.0,264.59000000000776,-0.09921619863818498,0.0008708904020167108,289.492806128588,0.0,0.0006967123216133687,0.0,0.6276321784331931,0.0,163.69649146569117,1
857.0,264.5800000000078,-0.0992161393610802,0.0008709562654662939,289.26888064828347,0.0,0.0006967650123730351,0.0,0.6283289434455661,0.0,164.24748288686726,1
858.0,264.5700000000078,-0.0992160800772498,0.0008710221363890103,289.04511146871397,0.0,0.0006968177091112083,0.0,0.6290257611546773,0.0,164.79942009513462,1
859.0,264.5600000000078,-0.0992160207866919,0.0008710880147866362,288.82149849322303,0.0,0.000696870411829309,0.0,0.6297226315665067,0.0,165.35229861084468,1
860.0,264.5500000000078,-0.09921596148940737,0.0008711539006585056,288.5980416252062,0.0,0.0006969231205268046,0.0,0.6304195546870335,0.0,165.90611391548342,1
861.0,264.5400000000078,-0.09921590218539134,0.0008712197940097255,288.3747407681095,0.0,0.0006969758352077804,0.0,0.6311165305222413,0.0,166.4608614517526,1
862.0,264.5300000000078,-0.09921584287464824,0.0008712856948351888,288.15159582543214,0.0,0.0006970285558681511,0.0,0.6318135590781094,0.0,167.01653662365388,1
863.0,264.5200000000078,-0.09921578355717309,0.0008713516031411128,287.9286067007233,0.0,0.0006970812825128903,0.0,0.6325106403606223,0.0,167.57313479657594,1
864.0,264.51000000000784,-0.09921572423296332,0.0008714175189294959,287.70577329758356,0.0,0.0006971340151435967,0.0,0.6332077743757659,0.0,168.13065129738519,1
865.0,264.50000000000784,-0.09921566490202571,0.0008714834421934547,287.4830955196668,0.0,0.0006971867537547638,0.0,0.6339049611295207,0.0,168.68908141451905,1
866.0,264.49000000000785,-0.09921560556435038,0.0008715493729440915,287.2605732706759,0.0,0.0006972394983552733,0.0,0.634602200627876,0.0,169.2484203980829,1
867.0,264.48000000000786,-0.09921554621994133,0.0008716153111762992,287.03820645436656,0.0,0.0006972922489410394,0.0,0.635299492876817,0.0,169.80866345994983,1
868.0,264.4700000000079,-0.099215486868797,0.0008716812568922983,286.8159949745457,0.0,0.0006973450055138387,0.0,0.6359968378823309,0.0,170.36980577386393,1
869.0,264.4600000000079,-0.09921542751091295,0.0008717472100967516,286.59393873507054,0.0,0.0006973977680774014,0.0,0.6366942356504083,0.0,170.93184247554638,1
870.0,264.4500000000079,-0.09921536814629328,0.0008718131707852184,286.3720376398511,0.0,0.0006974505366281747,0.0,0.6373916861870365,0.0,171.49476866280483,1
871.0,264.4400000000079,-0.09921530877493612,0.000871879138959919,286.1502915928484,0.0,0.0006975033111679352,0.0,0.6380891894982044,0.0,172.05857939564618,1
872.0,264.4300000000079,-0.09921524939683479,0.0008719451146279589,285.92870049807317,0.0,0.0006975560917023672,0.0,0.6387867455899068,0.0,172.62326969639219,1
873.0,264.4200000000079,-0.09921519001199486,0.0008720110977833428,285.7072642595892,0.0,0.0006976088782266743,0.0,0.6394843544681335,0.0,173.1888345497986,1
874.0,264.4100000000079,-0.09921513062041076,0.0008720770884322881,285.48598278151013,0.0,0.0006976616707458305,0.0,0.6401820161388793,0.0,173.75526890317718,1
875.0,264.40000000000794,-0.09921507122208628,0.000872143086570798,285.2648559680022,0.0,0.0006977144692566384,0.0,0.6408797306081359,0.0,174.32256766652108,1
876.0,264.39000000000794,-0.09921501181701553,0.0008722090922048675,285.04388372328157,0.0,0.0006977672737638941,0.0,0.6415774978818998,0.0,174.89072571263347,1
877.0,264.38000000000795,-0.0992149524052014,0.0008722751053316102,284.8230659516165,0.0,0.0006978200842652883,0.0,0.6422753179661651,0.0,175.45973787725913,1
878.0,264.37000000000796,-0.09921489298663855,0.0008723411259572433,284.60240255732515,0.0,0.0006978729007657947,0.0,0.6429731908669309,0.0,176.0295989592195,1
879.0,264.360000000008,-0.09921483356133065,0.0008724071540768819,284.38189344477826,0.0,0.0006979257232615055,0.0,0.6436711165901925,0.0,176.6003037205506,1
880.0,264.350000000008,-0.09921477412927493,0.0008724731896945226,284.161538518397,0.0,0.0006979785517556181,0.0,0.6443690951419481,0.0,177.1718468866445,1
881.0,264.340000000008,-0.09921471469046828,0.0008725392328130521,283.941337682653,0.0,0.0006980313862504418,0.0,0.6450671265281985,0.0,177.74422314639375,1
882.0,264.330000000008,-0.09921465524490969,0.0008726052834338027,283.72129084206904,0.0,0.0006980842267470422,0.0,0.6457652107549455,0.0,178.31742715233898,1
883.0,264.320000000008,-0.09921459579260328,0.0008726713415518894,283.5013979012203,0.0,0.0006981370732415115,0.0,0.646463347828187,0.0,178.89145352081985,1
884.0,264.310000000008,-0.09921453633354305,0.0008727374071744176,283.2816587647315,0.0,0.0006981899257395342,0.0,0.6471615377539266,0.0,179.46629683212893,1
885.0,264.300000000008,-0.09921447686773044,0.000872803480299611,283.0620733372791,0.0,0.0006982427842396888,0.0,0.6478597805381663,0.0,180.04195163066925,1
886.0,264.29000000000804,-0.0992144173951619,0.0008728695609310222,282.84264152358986,0.0,0.0006982956487448178,0.0,0.6485580761869111,0.0,180.6184124251142,1
887.0,264.28000000000804,-0.09921435791583821,0.0008729356490686513,282.6233632284417,0.0,0.0006983485192549211,0.0,0.649256424706166,0.0,181.19567368857145,1
888.0,264.27000000000805,-0.09921429842975849,0.0008730017447129423,282.40423835666365,0.0,0.000698401395770354,0.0,0.6499548261019363,0.0,181.77372985874965,1
889.0,264.26000000000806,-0.09921423893692216,0.0008730678478641174,282.1852668131359,0.0,0.0006984542782912939,0.0,0.6506532803802276,0.0,182.35257533812813,1
890.0,264.2500000000081,-0.09921417943732613,0.0008731339585266173,281.9664485027886,0.0,0.0006985071668212939,0.0,0.6513517875470489,0.0,182.93220449413016,1
891.0,264.2400000000081,-0.09921411993096918,0.0008732000767008863,281.74778333060283,0.0,0.000698560061360709,0.0,0.6520503476084096,0.0,183.51261165929898,1
892.0,264.2300000000081,-0.0992140604178553,0.0008732662023829274,281.52927120161195,0.0,0.0006986129619063419,0.0,0.652748960570316,0.0,184.09379113147736,1
893.0,264.2200000000081,-0.0992140008979776,0.0008733323355802902,281.3109120208984,0.0,0.0006986658684642322,0.0,0.6534476264387802,0.0,184.67573717398983,1
894.0,264.2100000000081,-0.0992139413713361,0.0008733984762931968,281.0927056935956,0.0,0.0006987187810345574,0.0,0.6541463452198147,0.0,185.25844401582845,1
895.0,264.2000000000081,-0.09921388183793323,0.0008734646245185385,280.8746521248887,0.0,0.0006987716996148309,0.0,0.6548451169194296,0.0,185.84190585184163,1
896.0,264.1900000000081,-0.09921382229776599,0.00087353078026009,280.6567512200131,0.0,0.0006988246242080721,0.0,0.6555439415436377,0.0,186.42611684292584,1
897.0,264.18000000000814,-0.09921376275083138,0.000873596943520738,280.43900288425436,0.0,0.0006988775548165904,0.0,0.6562428190984543,0.0,187.0110711162206,1
898.0,264.17000000000814,-0.09921370319713185,0.00087366311429804,280.22140702294956,0.0,0.000698930491438432,0.0,0.6569417495898927,0.0,187.59676276530672,1
899.0,264.16000000000815,-0.09921364363666196,0.0008737292925977691,280.00396354148535,0.0,0.0006989834340782153,0.0,0.657640733023971,0.0,188.1831858504072,1
900.0,264.15000000000816,-0.09921358406942526,0.0008737954784163726,279.78667234530013,0.0,0.0006990363827330981,0.0,0.658339769406704,0.0,188.77033439859184,1
901.0,264.1400000000082,-0.09921352449542009,0.0008738616717554049,279.5695333398828,0.0,0.000699089337404324,0.0,0.6590388587441084,0.0,189.35820240398408,1
902.0,264.1300000000082,-0.09921346491464,0.0008739278726221933,279.3525464307714,0.0,0.0006991422980977546,0.0,0.6597380010422061,0.0,189.94678382797179,1
903.0,264.1200000000082,-0.09921340532709244,0.0008739940810083002,279.1357115235568,0.0,0.0006991952648066403,0.0,0.6604371963070128,0.0,190.53607259942058,1
904.0,264.1100000000082,-0.09921334573276974,0.0008740602969223854,278.9190285238786,0.0,0.0006992482375379084,0.0,0.6611364445445507,0.0,191.12606261489015,1
905.0,264.1000000000082,-0.09921328613167368,0.0008741265203624504,278.70249733742764,0.0,0.0006993012162899604,0.0,0.6618357457608406,0.0,191.71674773885388,1
906.0,264.0900000000082,-0.09921322652380404,0.0008741927513287173,278.4861178699456,0.0,0.0006993542010629739,0.0,0.6625350999619035,0.0,192.30812180392135,1
907.0,264.0800000000082,-0.09921316690915671,0.0008742589898260711,278.26989002722354,0.0,0.0006994071918608569,0.0,0.6632345071537644,0.0,192.90017861106372,1
908.0,264.07000000000824,-0.09921310728773147,0.0008743252358538456,278.05381371510356,0.0,0.0006994601886830765,0.0,0.6639339673424475,0.0,193.4929119298425,1
909.0,264.06000000000824,-0.09921304765953165,0.0008743914894091542,277.83788883947915,0.0,0.0006995131915273234,0.0,0.6646334805339748,0.0,194.08631549864054,1
910.0,264.05000000000825,-0.09921298802454803,0.0008744577505022111,277.62211530629196,0.0,0.000699566200401769,0.0,0.6653330467343765,0.0,194.68038302489708,1
911.0,264.04000000000826,-0.0992129283827895,0.0008745240191228021,277.4064930215368,0.0,0.0006996192152982418,0.0,0.6660326659496748,0.0,195.27510818534438,1
912.0,264.0300000000083,-0.09921286873424673,0.0008745902952813633,277.1910218912565,0.0,0.0006996722362250907,0.0,0.6667323381858999,0.0,195.8704846262487,1
913.0,264.0200000000083,-0.09921280907892327,0.0008746565789741201,276.97570182154567,0.0,0.0006997252631792961,0.0,0.6674320634490792,0.0,196.46650596365305,1
914.0,264.0100000000083,-0.09921274941681646,0.0008747228702037368,276.7605327185485,0.0,0.0006997782961629895,0.0,0.6681318417452422,0.0,197.06316578362342,1
915.0,264.0000000000083,-0.09921268974792474,0.0008747891689724341,276.54551448845956,0.0,0.0006998313351779473,0.0,0.6688316730804201,0.0,197.660457642498,1
916.0,263.9900000000083,-0.09921263007224801,0.0008748554752799897,276.3306470375238,0.0,0.0006998843802239918,0.0,0.6695315574606441,0.0,198.25837506713845,1
917.0,263.9800000000083,-0.09921257038978559,0.00087492178912707,276.1159302720367,0.0,0.000699937431301656,0.0,0.6702314948919458,0.0,198.8569115551852,1
918.0,263.9700000000083,-0.09921251070053516,0.0008749881105163393,275.90136409834344,0.0,0.0006999904884130714,0.0,0.6709314853803588,0.0,199.4560605753146,1
919.0,263.96000000000834,-0.0992124510044976,0.0008750544394471316,275.6869484228399,0.0,0.0007000435515577053,0.0,0.6716315289319166,0.0,200.0558155674993,1
920.0,263.95000000000834,-0.09921239130167203,0.0008751207759198909,275.47268315197243,0.0,0.0007000966207359127,0.0,0.6723316255526525,0.0,200.65616994327144,1
921.0,263.94000000000835,-0.09921233159205234,0.0008751871199417227,275.25856819223594,0.0,0.0007001496959533782,0.0,0.6730317752486058,0.0,201.25711708598834,1
922.0,263.93000000000836,-0.09921227187564385,0.0008752534715068538,275.0446034501772,0.0,0.0007002027772054832,0.0,0.6737319780258113,0.0,201.85865035110143,1
923.0,263.9200000000084,-0.09921221215244147,0.0008753198306206134,274.8307888323921,0.0,0.0007002558644964908,0.0,0.6744322338903078,0.0,202.4607630664273,1
924.0,263.9100000000084,-0.0992121524224463,0.000875386197281891,274.6171242455272,0.0,0.0007003089578255129,0.0,0.6751325428481333,0.0,203.06344853242192,1
925.0,263.9000000000084,-0.09921209268565845,0.0008754525714904648,274.4036095962794,0.0,0.0007003620571923719,0.0,0.6758329049053257,0.0,203.66670002245738,1
926.0,263.8900000000084,-0.09921203294207348,0.0008755189532516638,274.1902447913947,0.0,0.0007004151626013311,0.0,0.676533320067927,0.0,204.2705107831012,1
927.0,263.8800000000084,-0.09921197319169206,0.0008755853425641558,273.97702973766974,0.0,0.0007004682740513247,0.0,0.6772337883419783,0.0,204.87487403439852,1
928.0,263.8700000000084,-0.0992119134345123,0.0008756517394306051,273.7639643419507,0.0,0.0007005213915444842,0.0,0.6779343097335229,0.0,205.4797829701567,1
929.0,263.8600000000084,-0.09921185367053587,0.0008757181438490136,273.55104851113464,0.0,0.0007005745150792109,0.0,0.6786348842486021,0.0,206.0852307582325,1
930.0,263.85000000000844,-0.09921179389975954,0.0008757845558227118,273.3382821521679,0.0,0.0007006276446581694,0.0,0.6793355118932602,0.0,206.6912105408222,1
931.0,263.84000000000844,-0.09921173412218187,0.000875850975353476,273.1256651720467,0.0,0.0007006807802827808,0.0,0.680036192673543,0.0,207.2977154347537,1
932.0,263.83000000000845,-0.09921167433780198,0.0008759174024421945,272.9131974778173,0.0,0.0007007339219537557,0.0,0.6807369265954968,0.0,207.90473853178156,1
933.0,263.82000000000846,-0.09921161454661964,0.0008759838370890893,272.7008789765759,0.0,0.0007007870696712715,0.0,0.681437713665168,0.0,208.5122728988845,1
934.0,263.8100000000085,-0.09921155474863319,0.0008760502792963809,272.4887095754685,0.0,0.0007008402234371047,0.0,0.6821385538886051,0.0,209.12031157856515,1
935.0,263.8000000000085,-0.09921149494384496,0.0008761167290611827,272.27668918169184,0.0,0.0007008933832489462,0.0,0.6828394472718541,0.0,209.72884758915254,1
936.0,263.7900000000085,-0.0992114351322474,0.0008761831863917102,272.0648177024908,0.0,0.0007009465491133682,0.0,0.6835403938209674,0.0,210.33787392510658,1
937.0,263.7800000000085,-0.09921137531384538,0.0008762496512828566,271.8530950451616,0.0,0.0007009997210262853,0.0,0.6842413935419938,0.0,210.94738355732585,1
938.0,263.7700000000085,-0.09921131548863238,0.0008763161237417272,271.6415211170487,0.0,0.0007010528989933818,0.0,0.6849424464409871,0.0,211.55736943345624,1
939.0,263.7600000000085,-0.09921125565661393,0.0008763826037623268,271.4300958255481,0.0,0.0007011060830098615,0.0,0.685643552523997,0.0,212.16782447820373,1
940.0,263.7500000000085,-0.09921119581778526,0.0008764490913497625,271.21881907810473,0.0,0.00070115927307981,0.0,0.6863447117970768,0.0,212.77874159364802,1
941.0,263.74000000000854,-0.09921113597214437,0.0008765155865062546,271.0076907822128,0.0,0.0007012124692050037,0.0,0.6870459242662817,0.0,213.39011365955912,1
942.0,263.73000000000854,-0.0992110761196896,0.0008765820892335796,270.79671084541616,0.0,0.0007012656713868637,0.0,0.6877471899376686,0.0,214.0019335337163,1
943.0,263.72000000000855,-0.0992110162604255,0.0008766485995272966,270.5858791753096,0.0,0.0007013188796218373,0.0,0.6884485088172905,0.0,214.61419405222887,1
944.0,263.71000000000856,-0.09921095639434563,0.0008767151173938448,270.37519567953643,0.0,0.0007013720939150758,0.0,0.6891498809112055,0.0,215.22688802985925,1
945.0,263.7000000000086,-0.09921089652145154,0.0008767816428314479,270.16466026579013,0.0,0.0007014253142651584,0.0,0.6898513062254708,0.0,215.84000826034884,1
946.0,263.6900000000086,-0.09921083664173891,0.000876848175845657,269.95427284181284,0.0,0.0007014785406765256,0.0,0.6905527847661472,0.0,216.45354751674478,1
947.0,263.6800000000086,-0.09921077675521195,0.000876914716431143,269.7440333153978,0.0,0.0007015317731449144,0.0,0.6912543165392921,0.0,217.06749855173018,1
948.0,263.6700000000086,-0.09921071686186445,0.0008769812645950115,269.5339415943864,0.0,0.0007015850116760092,0.0,0.6919559015509682,0.0,217.68185409795552,1
949.0,263.6600000000086,-0.0992106569617004,0.0008770478203328214,269.32399758667094,0.0,0.0007016382562662571,0.0,0.6926575398072344,0.0,218.2966068683724,1
950.0,263.6500000000086,-0.09921059705471524,0.0008771143836496798,269.1142012001922,0.0,0.0007016915069197439,0.0,0.6933592313141542,0.0,218.9117495565693,1
951.0,263.6400000000086,-0.09921053714090511,0.0008771809545498055,268.9045523429399,0.0,0.0007017447636398444,0.0,0.694060976077794,0.0,219.52727483710933,1
952.0,263.63000000000864,-0.0992104772202771,0.000877247533025427,268.69505092295515,0.0,0.0007017980264203416,0.0,0.6947627741042144,0.0,220.1431753658701,1
953.0,263.62000000000864,-0.09921041729282687,0.0008773141190812073,268.48569684832785,0.0,0.0007018512952649659,0.0,0.6954646253994794,0.0,220.759443780385,1
954.0,263.61000000000865,-0.099210357358546,0.0008773807127266942,268.2764900271953,0.0,0.0007019045701813554,0.0,0.6961665299696608,0.0,221.37607270018705,1
955.0,263.60000000000866,-0.09921029741744558,0.0008774473139492311,268.0674303677474,0.0,0.000701957851159385,0.0,0.6968684878208201,0.0,221.993054727154,1
956.0,263.5900000000087,-0.0992102374695154,0.0008775139227605866,267.858517778221,0.0,0.0007020111382084693,0.0,0.6975704989590286,0.0,222.6103824458557,1
957.0,263.5800000000087,-0.09921017751475902,0.0008775805391565417,267.6497521669037,0.0,0.0007020644313252334,0.0,0.6982725633903538,0.0,223.22804842390312,1
958.0,263.5700000000087,-0.09921011755317233,0.0008776471631419813,267.4411334421313,0.0,0.0007021177305135851,0.0,0.6989746811208674,0.0,223.84604521229875,1
959.0,263.5600000000087,-0.09921005758475943,0.0008777137947117986,267.2326615122906,0.0,0.0007021710357694389,0.0,0.6996768521566368,0.0,224.4643653457896,1
960.0,263.5500000000087,-0.09920999760951377,0.0008777804338735429,267.0243362858161,0.0,0.0007022243470988344,0.0,0.7003790765037357,0.0,225.08300134322073,1
961.0,263.5400000000087,-0.09920993762743546,0.0008778470806274363,266.8161576711919,0.0,0.0007022776645019491,0.0,0.7010813541682376,0.0,225.70194570789172,1
962.0,263.5300000000087,-0.09920987763852596,0.0008779137349710364,266.6081255769521,0.0,0.0007023309879768292,0.0,0.7017836851562144,0.0,226.32119092791345,1
963.0,263.52000000000874,-0.09920981764278325,0.0008779803969072297,266.40023991167965,0.0,0.0007023843175257838,0.0,0.7024860694737401,0.0,226.94072947656747,1
964.0,263.51000000000874,-0.09920975764020379,0.0008780470664402351,266.1925005840061,0.0,0.0007024376531521881,0.0,0.7031885071268923,0.0,227.56055381266643,1
965.0,263.50000000000875,-0.09920969763079068,0.0008781137435660558,265.9849075026132,0.0,0.0007024909948528447,0.0,0.7038909981217452,0.0,228.1806563809162,1
966.0,263.49000000000876,-0.09920963761453794,0.000878180428291131,265.7774605762309,0.0,0.0007025443426329048,0.0,0.7045935424643781,0.0,228.80102961227936,1
967.0,263.4800000000088,-0.0992095775914511,0.0008782471206099096,265.5701597136396,0.0,0.0007025976964879278,0.0,0.7052961401608661,0.0,229.42166592434,1
968.0,263.4700000000088,-0.09920951756152308,0.0008783138205299412,265.3630048236675,0.0,0.0007026510564239531,0.0,0.70599879121729,0.0,230.0425577216704,1
969.0,263.4600000000088,-0.09920945752475441,0.0008783805280507817,265.1559958151922,0.0,0.0007027044224406254,0.0,0.7067014956397306,0.0,230.66369739619847,1
970.0,263.4500000000088,-0.09920939748114532,0.0008784472431717649,264.9491325971409,0.0,0.000702757794537412,0.0,0.707404253434268,0.0,231.28507732757691,1
971.0,263.4400000000088,-0.09920933743069382,0.0008785139658955554,264.74241507848933,0.0,0.0007028111727164444,0.0,0.7081070646069845,0.0,231.90668988355355,1
972.0,263.4300000000088,-0.0992092773733999,0.0008785806962223752,264.5358431682627,0.0,0.0007028645569779002,0.0,0.7088099291639623,0.0,232.52852742034293,1
973.0,263.4200000000088,-0.09920921730926135,0.0008786474341540007,264.329416775535,0.0,0.0007029179473232006,0.0,0.7095128471112856,0.0,233.15058228299904,1
974.0,263.41000000000884,-0.09920915723827961,0.0008787141796893216,264.12313580942964,0.0,0.0007029713437514574,0.0,0.710215818455037,0.0,233.7728468057893,1
975.0,263.40000000000884,-0.09920909716044912,0.0008787809328343332,263.917000179118,0.0,0.0007030247462674667,0.0,0.7109188432013045,0.0,234.39531331256978,1
976.0,263.39000000000885,-0.09920903707577278,0.0008788476935857048,263.7110097938215,0.0,0.0007030781548685639,0.0,0.7116219213561731,0.0,235.01797411716134,1
977.0,263.38000000000886,-0.09920897698424536,0.0008789144619496536,263.50516456280917,0.0,0.0007031315695597229,0.0,0.7123250529257328,0.0,235.6408215237267,1
978.0,263.3700000000089,-0.09920891688587441,0.0008789812379172979,263.2994643954014,0.0,0.0007031849903338383,0.0,0.7130282379160666,0.0,236.26384782714888,1
979.0,263.3600000000089,-0.09920885678064739,0.0008790480215028484,263.09390920096433,0.0,0.0007032384172022788,0.0,0.7137314763332689,0.0,236.88704531341065,1
980.0,263.3500000000089,-0.09920879666857041,0.000879114812699644,262.8884988889149,0.0,0.0007032918501597152,0.0,0.7144347681834287,0.0,237.51040625997436,1
981.0,263.3400000000089,-0.09920873654964357,0.0008791816115072404,262.6832333687192,0.0,0.0007033452892057923,0.0,0.7151381134726345,0.0,238.1339229361631,1
982.0,263.3300000000089,-0.09920867642386044,0.0008792484179327431,262.47811254989074,0.0,0.0007033987343461946,0.0,0.7158415122069807,0.0,238.75758760354287,1
983.0,263.3200000000089,-0.09920861629122446,0.0008793152319728215,262.2731363419929,0.0,0.0007034521855782572,0.0,0.7165449643925589,0.0,239.3813925163052,1
984.0,263.3100000000089,-0.09920855615173019,0.0008793820536330266,262.0683046546368,0.0,0.0007035056429064213,0.0,0.7172484700354653,0.0,240.00532992165063,1
985.0,263.30000000000894,-0.09920849600538295,0.0008794488829078073,261.86361739748395,0.0,0.0007035591063262459,0.0,0.7179520291417916,0.0,240.62939206017325,1
986.0,263.29000000000894,-0.09920843585217487,0.0008795157198056014,261.6590744802428,0.0,0.0007036125758444812,0.0,0.7186556417176361,0.0,241.25357116624534,1
987.0,263.28000000000895,-0.09920837569211183,0.0008795825643201916,261.4546758126723,0.0,0.0007036660514561533,0.0,0.7193593077690922,0.0,241.8778594684033,1
988.0,263.27000000000896,-0.09920831552518339,0.0008796494164629021,261.2504213045777,0.0,0.0007037195331703217,0.0,0.7200630273022625,0.0,242.5022491897339,1
989.0,263.260000000009,-0.0992082553513991,0.0008797162762232968,261.04631086581566,0.0,0.0007037730209786375,0.0,0.7207668003232411,0.0,243.12673254826075,1
990.0,263.250000000009,-0.09920819517075152,0.0008797831436093695,260.8423444062898,0.0,0.0007038265148874957,0.0,0.7214706268381287,0.0,243.75130175733247,1
991.0,263.240000000009,-0.09920813498324021,0.0008798500186220082,260.63852183595253,0.0,0.0007038800148976066,0.0,0.7221745068530263,0.0,244.37594902600955,1
992.0,263.230000000009,-0.09920807478886673,0.0008799169012592145,260.43484306480553,0.0,0.0007039335210073717,0.0,0.7228784403740337,0.0,245.00066655945363,1
993.0,263.220000000009,-0.09920801458762718,0.0008799837915254294,260.23130800289834,0.0,0.0007039870332203436,0.0,0.7235824274072541,0.0,245.62544655931555,1
994.0,263.210000000009,-0.09920795437951946,0.0008800506894226512,260.0279165603289,0.0,0.000704040551538121,0.0,0.7242864679587923,0.0,246.2502812241249,1
995.0,263.200000000009,-0.09920789416454878,0.0008801175949457729,259.824668647245,0.0,0.0007040940759566183,0.0,0.7249905620347489,0.0,246.8751627496793,1
996.0,263.19000000000904,-0.09920783394270627,0.0008801845081041204,259.62156417384125,0.0,0.0007041476064832963,0.0,0.7256947096412322,0.0,247.50008332943403,1
997.0,263.18000000000904,-0.09920777371399825,0.0008802514288908103,259.41860305036255,0.0,0.0007042011431126483,0.0,0.7263989107843448,0.0,248.12503515489234,1
998.0,263.17000000000905,-0.0992077134784154,0.0008803183573162787,259.21578518710004,0.0,0.000704254685853023,0.0,0.7271031654701978,0.0,248.75001041599518,1
999.0,263.16000000000906,-0.09920765323596537,0.0008803852933718659,259.0131104943957,0.0,0.0007043082346974927,0.0,0.7278074737048953,0.0,249.3750013015122,1
1000.0,263.1500000000091,-0.0992075929866425,0.0008804522370637891,258.81057888263865,0.0,0.0007043617896510313,0.0,0.7285118354945463,0.0,249.99999999943157,1
1001.0,263.1400000000091,-0.09920753273044569,0.0008805191883936025,258.6081902622665,0.0,0.0007044153507148821,0.0,0.7292162508452612,0.0,250.6249986973509,1
1002.0,263.1300000000091,-0.09920747246737327,0.0008805861473628607,258.405944543765,0.0,0.0007044689178902886,0.0,0.7299207197631515,0.0,251.24998958286793,1
1003.0,263.1200000000091,-0.09920741219742468,0.0008806531139726737,258.20384163766835,0.0,0.0007045224911781389,0.0,0.7306252422543297,0.0,251.87496484397087,1
1004.0,263.1100000000091,-0.09920735192060282,0.0008807200882192667,258.00188145456025,0.0,0.0007045760705754134,0.0,0.7313298183249051,0.0,252.4999166694292,1
1005.0,263.1000000000091,-0.09920729163690256,0.000880787070108191,257.8000639050717,0.0,0.0007046296560865528,0.0,0.7320344479809916,0.0,253.12483724918405,1
1006.0,263.0900000000091,-0.09920723134632392,0.0008808540596401127,257.598388899882,0.0,0.0007046832477120902,0.0,0.7327391312287037,0.0,253.74971877473845,1
1007.0,263.08000000000914,-0.09920717104886279,0.0008809210568190284,257.39685634971835,0.0,0.0007047368454552228,0.0,0.733443868074159,0.0,254.37455343954795,1
1008.0,263.07000000000914,-0.0992071107445247,0.0008809880616393873,257.1954661653575,0.0,0.0007047904493115098,0.0,0.7341486585234704,0.0,254.99933343941,1
1009.0,263.06000000000915,-0.09920705043330236,0.0008810550741085166,256.9942182576232,0.0,0.0007048440592868133,0.0,0.7348535025827573,0.0,255.62405097285418,1
1010.0,263.05000000000916,-0.0992069901151984,0.0008811220942239739,256.793112537388,0.0,0.0007048976753791791,0.0,0.7355584002581365,0.0,256.24869824153143,1
1011.0,263.0400000000092,-0.09920692979021162,0.0008811891219870915,256.5921489155729,0.0,0.0007049512975896733,0.0,0.7362633515557261,0.0,256.87326745060324,1
1012.0,263.0300000000092,-0.09920686945833734,0.0008812561574027544,256.39132730314606,0.0,0.0007050049259222036,0.0,0.7369683564816483,0.0,257.4977508091303,1
1013.0,263.0200000000092,-0.09920680911957958,0.0008813232004669658,256.1906476111249,0.0,0.0007050585603735727,0.0,0.7376734150420219,0.0,258.122140530461,1
1014.0,263.0100000000092,-0.0992067487739341,0.0008813902511843885,255.99010975057436,0.0,0.0007051122009475108,0.0,0.7383785272429694,0.0,258.7464288326192,1
1015.0,263.0000000000092,-0.09920668842139913,0.000881457309556577,255.7897136326073,0.0,0.0007051658476452616,0.0,0.7390836930906146,0.0,259.3706079386915,1
1016.0,262.9900000000092,-0.09920662806197766,0.0008815243755802005,255.58945916838564,0.0,0.0007052195004641604,0.0,0.7397889125910788,0.0,259.9946700772143,1
1017.0,262.9800000000092,-0.09920656769566427,0.0008815914492619203,255.38934626911822,0.0,0.0007052731594095363,0.0,0.7404941857504883,0.0,260.61860748256,1
1018.0,262.97000000000924,-0.0992065073224605,0.0008816585305992941,255.1893748460627,0.0,0.0007053268244794353,0.0,0.7411995125749677,0.0,261.24241239532256,1
1019.0,262.96000000000925,-0.09920644694236402,0.0008817256195954304,254.9895448105243,0.0,0.0007053804956763444,0.0,0.7419048930706441,0.0,261.8660770627026,1
1020.0,262.95000000000925,-0.09920638655537517,0.0008817927162498851,254.78985607385667,0.0,0.0007054341729999081,0.0,0.7426103272436441,0.0,262.48959373889164,1
1021.0,262.94000000000926,-0.09920632616149128,0.0008818598205651007,254.59030854746106,0.0,0.0007054878564520806,0.0,0.7433158151000961,0.0,263.1129546854556,1
1022.0,262.9300000000093,-0.09920626576071223,0.0008819269325419654,254.3909021427868,0.0,0.0007055415460335724,0.0,0.7440213566461297,0.0,263.73615217171766,1
1023.0,262.9200000000093,-0.09920620535303604,0.0008819940521822556,254.19163677133105,0.0,0.0007055952417458045,0.0,0.7447269518878755,0.0,264.35917847514025,1
1024.0,262.9100000000093,-0.0992061449384648,0.0008820611794835287,253.9925123446396,0.0,0.000705648943586823,0.0,0.7454326008314623,0.0,264.9820258817059,1
1025.0,262.9000000000093,-0.09920608451699375,0.0008821283144513359,253.79352877430526,0.0,0.0007057026515610688,0.0,0.7461383034830235,0.0,265.6046866862978,1
1026.0,262.8900000000093,-0.09920602408862089,0.0008821954570878976,253.59468597196837,0.0,0.0007057563656703181,0.0,0.7468440598486937,0.0,266.2271531930786,1
1027.0,262.8800000000093,-0.09920596365335232,0.0008822626073863304,253.395983849319,0.0,0.0007058100859090644,0.0,0.7475498699346028,0.0,266.84941771586927,1
1028.0,262.8700000000093,-0.09920590321117784,0.0008823297653579587,253.19742231809278,0.0,0.000705863812286367,0.0,0.7482557337468891,0.0,267.4714725785258,1
1029.0,262.86000000000934,-0.09920584276210054,0.0008823969309994517,252.9990012900741,0.0,0.0007059175447995614,0.0,0.7489616512916887,0.0,268.0933101153155,1
1030.0,262.85000000000935,-0.0992057823061232,0.0008824641043074788,252.80072067709617,0.0,0.0007059712834459831,0.0,0.7496676225751346,0.0,268.7149226712926,1
1031.0,262.84000000000935,-0.0992057218432375,0.0008825312852915879,252.60258039103812,0.0,0.0007060250282332703,0.0,0.7503736476033679,0.0,269.3363026026714,1
1032.0,262.83000000000936,-0.09920566137344888,0.0008825984739457837,252.40458034382837,0.0,0.000706078779156627,0.0,0.7510797263825245,0.0,269.95744227719996,1
1033.0,262.8200000000094,-0.09920560089675179,0.0008826656702758395,252.2067204474421,0.0,0.0007061325362206716,0.0,0.7517858589187452,0.0,270.5783340745308,1
1034.0,262.8100000000094,-0.09920554041314478,0.0008827328742835316,252.009000613902,0.0,0.0007061862994268254,0.0,0.752492045218172,0.0,271.19897038659195,1
1035.0,262.8000000000094,-0.09920547992263307,0.0008828000859633089,251.81142075527998,0.0,0.0007062400687706472,0.0,0.7531982852869427,0.0,271.81934361795555,1
1036.0,262.7900000000094,-0.09920541942520811,0.0008828673053242753,251.6139807836938,0.0,0.0007062938442594203,0.0,0.7539045791312021,0.0,272.4394461862059,1
1037.0,262.7800000000094,-0.09920535892087323,0.0008829345323630999,251.41668061130989,0.0,0.00070634762589048,0.0,0.7546109267570926,0.0,273.0592705223053,1
1038.0,262.7700000000094,-0.09920529840962666,0.0008830017670813373,251.2195201503422,0.0,0.0007064014136650698,0.0,0.7553173281707577,0.0,273.6788090709599,1
1039.0,262.7600000000094,-0.09920523789146429,0.0008830690094840943,251.02249931305138,0.0,0.0007064552075872754,0.0,0.756023783378345,0.0,274.2980542909821,1
1040.0,262.75000000000944,-0.09920517736639156,0.0008831362595649317,250.82561801174742,0.0,0.0007065090076519454,0.0,0.7567302923859969,0.0,274.9169986556537,1
1041.0,262.74000000000945,-0.09920511683439914,0.0008832035173342856,250.62887615878572,0.0,0.0007065628138674285,0.0,0.7574368551998643,0.0,275.53563465308537,1
1042.0,262.73000000000945,-0.0992050562954937,0.0008832707827848285,250.43227366657112,0.0,0.0007066166262278628,0.0,0.7581434718260921,0.0,276.15395478657683,1
1043.0,262.72000000000946,-0.0992049957496699,0.0008833380559223336,250.235810447555,0.0,0.0007066704447378669,0.0,0.7588501422708299,0.0,276.77195157497306,1
1044.0,262.7100000000095,-0.09920493519692952,0.0008834053367450245,250.0394864142368,0.0,0.0007067242693960196,0.0,0.7595568665402259,0.0,277.389617553021,1
1045.0,262.7000000000095,-0.09920487463726413,0.0008834726252620051,249.8433014791617,0.0,0.0007067781002096041,0.0,0.7602636446404355,0.0,278.0069452717234,1
1046.0,262.6900000000095,-0.09920481407068327,0.0008835399214630613,249.6472555549249,0.0,0.0007068319371704491,0.0,0.760970476577606,0.0,278.62392729869094,1
1047.0,262.6800000000095,-0.0992047534971795,0.0008836072253561866,249.45134855416745,0.0,0.0007068857802849494,0.0,0.761677362357891,0.0,279.2405562184936,1
1048.0,262.6700000000095,-0.09920469291675216,0.0008836745369420473,249.25558038957794,0.0,0.0007069396295536379,0.0,0.7623843019874446,0.0,279.85682463300924,1
1049.0,262.6600000000095,-0.09920463232940335,0.0008837418562184229,249.05995097389308,0.0,0.0007069934849747384,0.0,0.7630912954724193,0.0,280.4727251617707,1
1050.0,262.6500000000095,-0.09920457173512665,0.0008838091831926409,248.8644602198956,0.0,0.0007070473465541128,0.0,0.7637983428189734,0.0,281.0882504423114,1
1051.0,262.64000000000954,-0.09920451113392392,0.0008838765178622587,248.66910804041635,0.0,0.0007071012142898071,0.0,0.7645054440332633,0.0,281.703393130509,1
1052.0,262.63000000000955,-0.09920445052579696,0.0008839438602255001,248.47389434833417,0.0,0.0007071550881804002,0.0,0.7652125991214437,0.0,282.3181459009266,1
1053.0,262.62000000000955,-0.09920438991073965,0.0008840112102892483,248.27881905657392,0.0,0.0007072089682313987,0.0,0.7659198080896751,0.0,282.9325014471527,1
1054.0,262.61000000000956,-0.09920432928875633,0.0008840785680486185,248.08388207810907,0.0,0.0007072628544388948,0.0,0.766627070944114,0.0,283.5464524821388,1
1055.0,262.6000000000096,-0.09920426865984044,0.000884145933510494,247.8890833259591,0.0,0.0007073167468083952,0.0,0.7673343876909223,0.0,284.15999173853555,1
1056.0,262.5900000000096,-0.09920420802399321,0.0008842133066742086,247.6944227131911,0.0,0.0007073706453393669,0.0,0.7680417583362616,0.0,284.7731119690258,1
1057.0,262.5800000000096,-0.09920414738121508,0.0008842806875386522,247.49990015291993,0.0,0.0007074245500309218,0.0,0.7687491828862926,0.0,285.38580594665706,1
1058.0,262.5700000000096,-0.09920408673150416,0.0008843480761064892,247.3055155583073,0.0,0.0007074784608851914,0.0,0.7694566613471777,0.0,285.9980664651703,1
1059.0,262.5600000000096,-0.09920402607485768,0.0008844154723803843,247.11126884256169,0.0,0.0007075323779043075,0.0,0.770164193725082,0.0,286.6098863393284,1
1060.0,262.5500000000096,-0.09920396541127385,0.0008844828763623358,246.91715991893864,0.0,0.0007075863010898687,0.0,0.770871780026172,0.0,287.22125840524035,1
1061.0,262.5400000000096,-0.09920390474075791,0.0008845502880467926,246.72318870074224,0.0,0.0007076402304374342,0.0,0.7715794202566094,0.0,287.8321755206854,1
1062.0,262.53000000000964,-0.09920384406330274,0.0008846177074413042,246.52935510132232,0.0,0.0007076941659530434,0.0,0.7722871144225625,0.0,288.4426305654337,1
1063.0,262.52000000000965,-0.09920378337890745,0.0008846851345472029,246.33565903407572,0.0,0.0007077481076377623,0.0,0.7729948625302002,0.0,289.052616441565,1
1064.0,262.51000000000965,-0.0992037226875736,0.0008847525693627123,246.14210041244704,0.0,0.0007078020554901699,0.0,0.7737026645856904,0.0,289.66212607378515,1
1065.0,262.50000000000966,-0.09920366198929942,0.0008848200118893867,245.94867914992778,0.0,0.0007078560095115094,0.0,0.7744105205952019,0.0,290.2711524097401,1
1066.0,262.4900000000097,-0.09920360128408545,0.0008848874621272262,245.75539516005682,0.0,0.0007079099697017811,0.0,0.7751184305649037,0.0,290.87968842032836,1
1067.0,262.4800000000097,-0.09920354057192426,0.0008849549200842244,245.56224835641842,0.0,0.0007079639360673796,0.0,0.7758263945009711,0.0,291.4877271000099,1
1068.0,262.4700000000097,-0.09920347985282207,0.0008850223857532757,245.36923865264575,0.0,0.0007080179086026207,0.0,0.7765344124095738,0.0,292.0952614671138,1
1069.0,262.4600000000097,-0.09920341912677522,0.0008850898591385992,245.17636596241817,0.0,0.0007080718873108794,0.0,0.7772424842968847,0.0,292.7022845641426,1
1070.0,262.4500000000097,-0.09920335839378092,0.0008851573402433033,244.98363019946166,0.0,0.0007081258721946427,0.0,0.7779506101690793,0.0,293.30878945807507,1
1071.0,262.4400000000097,-0.0992032976538414,0.0008852248290651676,244.79103127754976,0.0,0.0007081798632521341,0.0,0.7786587900323314,0.0,293.91476924066575,1
1072.0,262.4300000000097,-0.09920323690695232,0.0008852923256086331,244.59856911050224,0.0,0.0007082338604869065,0.0,0.7793670238928183,0.0,294.5202170287425,1
1073.0,262.42000000000974,-0.09920317615311347,0.0008853598298739218,244.40624361218596,0.0,0.0007082878638991375,0.0,0.7800753117567174,0.0,295.12512596450165,1
1074.0,262.41000000000975,-0.09920311539232685,0.0008854273418590353,244.21405469651532,0.0,0.0007083418734872282,0.0,0.7807836536302046,0.0,295.7294892158,1
1075.0,262.40000000000975,-0.0992030546245859,0.0008854948615710789,244.02200227745027,0.0,0.0007083958892568631,0.0,0.7814920495194615,0.0,296.33329997644483,1
1076.0,262.39000000000976,-0.09920299384989695,0.0008855623890033915,243.83008626899922,0.0,0.0007084499112027132,0.0,0.7822004994306642,0.0,296.9365514664813,1
1077.0,262.3800000000098,-0.0992029330682499,0.000885629924166631,243.6383065852154,0.0,0.0007085039393333048,0.0,0.7829090033699975,0.0,297.53923693247697,1
1078.0,262.3700000000098,-0.09920287227965163,0.0008856974670536921,243.4466631402005,0.0,0.0007085579736429538,0.0,0.7836175613436405,0.0,298.14134964780385,1
1079.0,262.3600000000098,-0.09920281148409704,0.0008857650176699039,243.25515584810222,0.0,0.0007086120141359232,0.0,0.7843261733577764,0.0,298.742882912918,1
1080.0,262.3500000000098,-0.09920275068158568,0.0008858325760159325,243.0637846231149,0.0,0.0007086660608127461,0.0,0.7850348394185892,0.0,299.343830055636,1
1081.0,262.3400000000098,-0.09920268987211478,0.0008859001420946644,242.87254937947938,0.0,0.0007087201136757315,0.0,0.7857435595322649,0.0,299.9441844314092,1
1082.0,262.3300000000098,-0.09920262905568877,0.0008859677159012147,242.6814500314844,0.0,0.0007087741727209718,0.0,0.7864523337049859,0.0,300.54393942359496,1
1083.0,262.3200000000098,-0.09920256823229978,0.0008860352974446872,242.49048649346364,0.0,0.0007088282379557498,0.0,0.7871611619429416,0.0,301.14308844372545,1
1084.0,262.31000000000984,-0.09920250740195269,0.0008861028867193088,242.29965867979902,0.0,0.0007088823093754471,0.0,0.7878700442523171,0.0,301.74162493177334,1
1085.0,262.30000000000985,-0.09920244656464217,0.0008861704837308526,242.10896650491802,0.0,0.0007089363869846821,0.0,0.7885789806393018,0.0,302.339542356415,1
1086.0,262.29000000000985,-0.09920238572036943,0.0008862380884784304,241.91840988329517,0.0,0.0007089904707827444,0.0,0.7892879711100845,0.0,302.9368342152907,1
1087.0,262.28000000000986,-0.09920232486913305,0.0008863057009631525,241.72798872945162,0.0,0.0007090445607705221,0.0,0.789997015670855,0.0,303.53349403526227,1
1088.0,262.2700000000099,-0.0992022640109298,0.0008863733211890157,241.53770295795448,0.0,0.0007090986569512126,0.0,0.7907061143278062,0.0,304.12951537266775,1
1089.0,262.2600000000099,-0.09920220314576023,0.0008864409491553538,241.34755248341773,0.0,0.000709152759324283,0.0,0.7914152670871305,0.0,304.7248918135732,1
1090.0,262.2500000000099,-0.09920214227362623,0.0008865085848597243,241.15753722050272,0.0,0.0007092068678877794,0.0,0.7921244739550183,0.0,305.31961697402176,1
1091.0,262.2400000000099,-0.0992020813945238,0.0008865762283067902,240.96765708391652,0.0,0.0007092609826454322,0.0,0.7928337349376637,0.0,305.91368450027943,1
1092.0,262.2300000000099,-0.09920202050844995,0.0008866438795001041,240.77791198841217,0.0,0.0007093151036000833,0.0,0.7935430500412638,0.0,306.50708806907875,1
1093.0,262.2200000000099,-0.0992019596154049,0.0008867115384390001,240.58830184878957,0.0,0.0007093692307512001,0.0,0.794252419272015,0.0,307.0998213878587,1
1094.0,262.2100000000099,-0.09920189871539264,0.0008867792051192591,240.39882657989617,0.0,0.0007094233640954073,0.0,0.7949618426361104,0.0,307.69187819500235,1
1095.0,262.20000000000994,-0.09920183780840308,0.0008868468795522055,240.2094860966237,0.0,0.0007094775036417645,0.0,0.7956713201397522,0.0,308.2832522600711,1
1096.0,262.19000000000995,-0.09920177689444365,0.0008869145617291796,240.02028031391237,0.0,0.0007095316493833438,0.0,0.7963808517891355,0.0,308.873937384036,1
1097.0,262.18000000000995,-0.09920171597350635,0.0008869822516595072,239.83120914674703,0.0,0.0007095858013276058,0.0,0.7970904375904632,0.0,309.4639273995069,1
1098.0,262.17000000000996,-0.0992016550455952,0.0008870499493387474,239.64227251016007,0.0,0.000709639959470998,0.0,0.7978000775499342,0.0,310.05321617095694,1
1099.0,262.16000000001,-0.09920159411070772,0.0008871176547691206,239.45347031923,0.0,0.0007096941238152965,0.0,0.7985097716737495,0.0,310.6417975949459,1
1100.0,262.15000000001,-0.09920153316884239,0.0008871853679528474,239.26480248908143,0.0,0.000709748294362278,0.0,0.7992195199681118,0.0,311.2296656003395,1
1101.0,262.14000000001,-0.0992014722199982,0.0008872530888908159,239.07626893488526,0.0,0.0007098024711126527,0.0,0.7999293224392244,0.0,311.81681414852545,1
1102.0,262.13000000001,-0.09920141126417337,0.0008873208175850245,238.88786957185857,0.0,0.0007098566540680196,0.0,0.8006391790932924,0.0,312.40323723362724,1
1103.0,262.12000000001,-0.09920135030136557,0.0008873885540381377,238.69960431526428,0.0,0.0007099108432305102,0.0,0.8013490899365229,0.0,312.9889288827147,1
1104.0,262.11000000001,-0.09920128933157868,0.0008874562982459366,238.51147308041274,0.0,0.0007099650385967494,0.0,0.8020590549751196,0.0,313.5738831560108,1
1105.0,262.10000000001,-0.09920122835480905,0.0008875240502121962,238.32347578265995,0.0,0.000710019240169757,0.0,0.8027690742152894,0.0,314.15809414709634,1
1106.0,262.09000000001004,-0.09920116737105189,0.0008875918099422453,238.1356123374072,0.0,0.0007100734479537963,0.0,0.8034791476632432,0.0,314.7415559831109,1
1107.0,262.08000000001005,-0.09920110638031265,0.0008876595774303109,237.9478826601034,0.0,0.0007101276619442487,0.0,0.8041892753251875,0.0,315.32426282495095,1
1108.0,262.07000000001005,-0.09920104538258456,0.0008877273526837204,237.76028666624237,0.0,0.0007101818821469764,0.0,0.8048994572073345,0.0,315.9062088674648,1
1109.0,262.06000000001006,-0.09920098437787195,0.0008877951356978109,237.5728242713652,0.0,0.0007102361085582487,0.0,0.8056096933158927,0.0,316.4873883396445,1
1110.0,262.0500000000101,-0.09920092336616737,0.000887862926480798,237.38549539105762,0.0,0.0007102903411846384,0.0,0.8063199836570774,0.0,317.0677955048148,1
1111.0,262.0400000000101,-0.09920086234747694,0.0008879307250255764,237.19829994095323,0.0,0.0007103445800204611,0.0,0.8070303282370979,0.0,317.6474246608182,1
1112.0,262.0300000000101,-0.09920080132179177,0.000887998531342582,237.0112378367297,0.0,0.0007103988250740656,0.0,0.8077407270621719,0.0,318.22627014019815,1
1113.0,262.0200000000101,-0.0992007402891183,0.0008880663454240434,236.8243089941126,0.0,0.0007104530763392347,0.0,0.8084511801385111,0.0,318.80432631037775,1
1114.0,262.0100000000101,-0.09920067924944964,0.0008881341672781762,236.63751332887213,0.0,0.000710507333822541,0.0,0.8091616874723336,0.0,319.3815875738365,1
1115.0,262.0000000000101,-0.09920061820279036,0.0008882019968996513,236.45085075682576,0.0,0.0007105615975197211,0.0,0.8098722490698533,0.0,319.9580483682829,1
1116.0,261.9900000000101,-0.09920055714913212,0.0008882698342977946,236.26432119383526,0.0,0.0007106158674382358,0.0,0.8105828649372916,0.0,320.5337031668247,1
1117.0,261.98000000001014,-0.09920049608848025,0.0008883376794663889,236.0779245558099,0.0,0.0007106701435731111,0.0,0.8112935350808647,0.0,321.1085464781352,1
1118.0,261.97000000001015,-0.09920043502083131,0.0008884055324096529,235.89166075870423,0.0,0.0007107244259277224,0.0,0.8120042595067923,0.0,321.68257284661763,1
1119.0,261.96000000001015,-0.0992003739461843,0.000888473393128475,235.70552971851885,0.0,0.00071077871450278,0.0,0.8127150382212951,0.0,322.25577685256434,1
1120.0,261.95000000001016,-0.09920031286453601,0.0008885412616266297,235.51953135129963,0.0,0.0007108330093013038,0.0,0.8134258712305964,0.0,322.82815311231514,1
1121.0,261.9400000000102,-0.09920025177589165,0.000888609137898122,235.33366557313985,0.0,0.0007108873103184977,0.0,0.8141367585409149,0.0,323.39969627841054,1
1122.0,261.9300000000102,-0.099200190680241,0.0008886770219542761,235.14793230017654,0.0,0.000710941617563421,0.0,0.8148477001584784,0.0,323.9704010397432,1
1123.0,261.9200000000102,-0.09920012957759206,0.0008887449137866543,234.9623314485945,0.0,0.0007109959310293235,0.0,0.8155586960895077,0.0,324.54026212170504,1
1124.0,261.9100000000102,-0.09920006846793683,0.0008888128134034723,234.77686293462295,0.0,0.0007110502507227779,0.0,0.8162697463402305,0.0,325.1092742863323,1
1125.0,261.9000000000102,-0.09920000735128098,0.0008888807207989569,234.5915266745383,0.0,0.0007111045766391655,0.0,0.8169808509168697,0.0,325.67743233244624,1
1126.0,261.8900000000102,-0.09919994622761441,0.0008889486359839882,234.40632258466073,0.0,0.0007111589087871906,0.0,0.8176920098256568,0.0,326.2447310957917,1
1127.0,261.8800000000102,-0.09919988509694433,0.0008890165589507948,234.22125058135802,0.0,0.0007112132471606359,0.0,0.8184032230728174,0.0,326.8111654491719,1
1128.0,261.87000000001024,-0.09919982395926563,0.0008890844897047057,234.03631058104284,0.0,0.0007112675917637645,0.0,0.8191144906645812,0.0,327.37673030257986,1
1129.0,261.86000000001025,-0.09919976281457688,0.0008891524282479413,233.8515025001733,0.0,0.0007113219425983531,0.0,0.8198258126071796,0.0,327.94142060332746,1
1130.0,261.85000000001025,-0.0991997016628815,0.0008892203745760607,233.66682625525442,0.0,0.0007113762996608487,0.0,0.8205371889068405,0.0,328.5052313361704,1
1131.0,261.84000000001026,-0.09919964050417207,0.0008892883286975017,233.48228176283536,0.0,0.0007114306629580014,0.0,0.8212486195697984,0.0,329.06815752343044,1
1132.0,261.8300000000103,-0.09919957933845269,0.0008893562906080454,233.29786893951203,0.0,0.0007114850324864364,0.0,0.8219601046022849,0.0,329.63019422511456,1
1133.0,261.8200000000103,-0.09919951816571959,0.0008894242603114666,233.11358770192544,0.0,0.0007115394082491734,0.0,0.822671644010534,0.0,330.1913365390302,1
1134.0,261.8100000000103,-0.0991994569859721,0.0008894922378088754,232.92943796676224,0.0,0.0007115937902471003,0.0,0.8233832378007812,0.0,330.7515796008988,1
1135.0,261.8000000000103,-0.099199395799208,0.0008895602231020483,232.74541965075449,0.0,0.0007116481784816387,0.0,0.8240948859792628,0.0,331.31091858446433,1
1136.0,261.7900000000103,-0.09919933460542973,0.0008896282161892088,232.56153267068046,0.0,0.0007117025729513672,0.0,0.8248065885522142,0.0,331.8693487015998,1
1137.0,261.7800000000103,-0.09919927340463264,0.000889696217074798,232.37777694336327,0.0,0.0007117569736598384,0.0,0.8255183455258741,0.0,332.4268652024108,1
1138.0,261.7700000000103,-0.09919921219681871,0.0008897642257570393,232.1941523856722,0.0,0.0007118113806056314,0.0,0.8262301569064797,0.0,332.9834633753345,1
1139.0,261.76000000001034,-0.09919915098198173,0.0008898322422425942,232.0106589145209,0.0,0.0007118657937940754,0.0,0.8269420227002738,0.0,333.5391385472375,1
1140.0,261.75000000001035,-0.09919908976012926,0.0008899002665230249,231.8272964468704,0.0,0.0007119202132184199,0.0,0.8276539429134923,0.0,334.0938860835084,1
1141.0,261.74000000001035,-0.09919902853125184,0.0008899682986092117,231.64406489972535,0.0,0.0007119746388873694,0.0,0.8283659175523796,0.0,334.6477013881488,1
1142.0,261.73000000001036,-0.09919896729535249,0.0008900363384973797,231.4609641901367,0.0,0.0007120290707979039,0.0,0.8290779466231776,0.0,335.20057990386056,1
1143.0,261.7200000000104,-0.0991989060524272,0.00089010438619197,231.27799423520025,0.0,0.000712083508953576,0.0,0.8297900301321312,0.0,335.7525171121297,1
1144.0,261.7100000000104,-0.09919884480248042,0.0008901724416883194,231.09515495205835,0.0,0.0007121379533506556,0.0,0.8305021680854818,0.0,336.3035085333074,1
1145.0,261.7000000000104,-0.09919878354550515,0.0008902405049941997,230.91244625789741,0.0,0.0007121924039953598,0.0,0.8312143604894772,0.0,336.8535497266884,1
1146.0,261.6900000000104,-0.09919872228150384,0.0008903085761067242,230.72986806995002,0.0,0.0007122468608853794,0.0,0.8319266073503625,0.0,337.40263629058495,1
1147.0,261.6800000000104,-0.09919866101047392,0.0008903766550290015,230.54742030549366,0.0,0.0007123013240232013,0.0,0.8326389086743857,0.0,337.950763862399,1
1148.0,261.6700000000104,-0.09919859973241574,0.0008904447417603656,230.36510288185158,0.0,0.0007123557934082925,0.0,0.8333512644677941,0.0,338.4979281186907,1
1149.0,261.6600000000104,-0.09919853844732884,0.0008905128363012604,230.18291571639244,0.0,0.0007124102690410083,0.0,0.8340636747368351,0.0,339.04412477524346,1
1150.0,261.65000000001044,-0.09919847715520658,0.0008905809386592356,230.0008587265289,0.0,0.0007124647509273885,0.0,0.8347761394877624,0.0,339.5893495871267,1
1151.0,261.64000000001045,-0.09919841585605316,0.0008906490488298502,229.81893182971996,0.0,0.0007125192390638802,0.0,0.8354886587268263,0.0,340.133598348755,1
1152.0,261.63000000001045,-0.09919835454986659,0.0008907171668148806,229.63713494346982,0.0,0.0007125737334519044,0.0,0.8362012324602782,0.0,340.6768668939441,1
1153.0,261.62000000001046,-0.0991982932366462,0.0008907852926152149,229.45546798532789,0.0,0.000712628234092172,0.0,0.8369138606943703,0.0,341.2191510959642,1
1154.0,261.6100000000105,-0.09919823191638877,0.0008908534262346279,229.27393087288826,0.0,0.0007126827409877024,0.0,0.837626543435358,0.0,341.7604468675902,1
1155.0,261.6000000000105,-0.09919817058909686,0.0008909215676702331,229.09252352379104,0.0,0.0007127372541361866,0.0,0.8383392806894943,0.0,342.3007501611483,1
1156.0,261.5900000000105,-0.09919810925476569,0.0008909897169269154,228.91124585572072,0.0,0.0007127917735415324,0.0,0.8390520724630358,0.0,342.8400569685604,1
1157.0,261.5800000000105,-0.0991980479133937,0.0008910578740068953,228.73009778640673,0.0,0.0007128462992055163,0.0,0.8397649187622414,0.0,343.378363321385,1
1158.0,261.5700000000105,-0.09919798656498535,0.0008911260389050657,228.54907923362484,0.0,0.0007129008311240526,0.0,0.8404778195933654,0.0,343.9156652908548,1
1159.0,261.5600000000105,-0.09919792520953274,0.0008911942116303084,228.3681901151944,0.0,0.0007129553693042468,0.0,0.8411907749626697,0.0,344.4519589879125,1
1160.0,261.5500000000105,-0.09919786384704166,0.0008912623921759621,228.18743034898142,0.0,0.0007130099137407698,0.0,0.8419037848764105,0.0,344.98724056324204,1
1161.0,261.54000000001054,-0.0991978024775032,0.0008913305805520189,228.00679985289514,0.0,0.0007130644644416152,0.0,0.8426168493408521,0.0,345.5215062072978,1
1162.0,261.53000000001055,-0.09919774110092394,0.0008913987767511511,227.82629854489159,0.0,0.0007131190214009209,0.0,0.843329968362253,0.0,346.05475215033107,1
1163.0,261.52000000001055,-0.09919767971729754,0.0008914669807804643,227.64592634297057,0.0,0.0007131735846243715,0.0,0.8440431419468775,0.0,346.5869746624127,1
1164.0,261.51000000001056,-0.09919761832662355,0.0008915351926406245,227.46568316517698,0.0,0.0007132281541124997,0.0,0.8447563701009899,0.0,347.1181700534534,1
1165.0,261.5000000000106,-0.09919755692890408,0.0008916034123287453,227.28556892960157,0.0,0.0007132827298629963,0.0,0.845469652830853,0.0,347.6483346732215,1
1166.0,261.4900000000106,-0.09919749552413692,0.0008916716398479352,227.1055835543796,0.0,0.0007133373118783482,0.0,0.8461829901427314,0.0,348.1774649113565,1
1167.0,261.4800000000106,-0.09919743411231574,0.0008917398752048555,226.92572695769013,0.0,0.0007133919001638845,0.0,0.8468963820428952,0.0,348.70555719738115,1
1168.0,261.4700000000106,-0.09919737269344842,0.0008918081183906246,226.74599905775924,0.0,0.0007134464947124997,0.0,0.8476098285376077,0.0,349.23260800071006,1
1169.0,261.4600000000106,-0.09919731126752884,0.0008918763694123477,226.56639977285658,0.0,0.0007135010955298782,0.0,0.8483233296331376,0.0,349.75861383065507,1
1170.0,261.4500000000106,-0.09919724983455314,0.0008919446282742438,226.3869290212962,0.0,0.0007135557026193951,0.0,0.849036885335757,0.0,350.2835712364284,1
1171.0,261.4400000000106,-0.09919718839452418,0.0008920128949729822,226.20758672143776,0.0,0.0007136103159783858,0.0,0.8497504956517354,0.0,350.80747680714296,1
1172.0,261.43000000001064,-0.09919712694744276,0.0008920811695081188,226.0283727916862,0.0,0.0007136649356064951,0.0,0.850464160587342,0.0,351.33032717180896,1
1173.0,261.42000000001065,-0.09919706549330276,0.0008921494518858708,225.84928715049014,0.0,0.0007137195615086967,0.0,0.8511778801488507,0.0,351.8521189993292,1
1174.0,261.41000000001065,-0.09919700403210718,0.0008922177421031297,225.67032971634396,0.0,0.0007137741936825038,0.0,0.8518916543425331,0.0,352.3728489984901,1
1175.0,261.40000000001066,-0.09919694256385247,0.0008922860401638921,225.49150040778616,0.0,0.0007138288321311137,0.0,0.8526054831746642,0.0,352.89251391795085,1
1176.0,261.3900000000107,-0.09919688108853808,0.0008923543460688244,225.31279914340013,0.0,0.0007138834768550596,0.0,0.8533193666515193,0.0,353.4111105462297,1
1177.0,261.3800000000107,-0.09919681960616433,0.0008924226598174823,225.13422584181424,0.0,0.0007139381278539859,0.0,0.8540333047793733,0.0,353.92863571168726,1
1178.0,261.3700000000107,-0.09919675811672646,0.0008924909814149729,224.9557804217009,0.0,0.0007139927851319783,0.0,0.8547472975645053,0.0,354.4450862825072,1
1179.0,261.3600000000107,-0.09919669662022856,0.0008925593108570773,224.77746280177817,0.0,0.0007140474486856619,0.0,0.8554613450131909,0.0,354.9604591666746,1
1180.0,261.3500000000107,-0.09919663511666665,0.0008926276481482365,224.5992729008082,0.0,0.0007141021185185892,0.0,0.8561754471317096,0.0,355.4747513119506,1
1181.0,261.3400000000107,-0.09919657360603851,0.0008926959932904488,224.42121063759757,0.0,0.0007141567946323591,0.0,0.856889603926342,0.0,355.98795970584615,1
1182.0,261.3300000000107,-0.09919651208834535,0.0008927643462830481,224.24327593099787,0.0,0.0007142114770264385,0.0,0.8576038154033684,0.0,356.50008137559087,1
1183.0,261.32000000001074,-0.09919645056358595,0.0008928327071267006,224.0654686999054,0.0,0.0007142661657013605,0.0,0.8583180815690697,0.0,357.01111338810153,1
1184.0,261.31000000001075,-0.09919638903175754,0.0008929010758249589,223.8877888632606,0.0,0.0007143208606599672,0.0,0.8590324024297297,0.0,357.52105284994633,1
1185.0,261.30000000001075,-0.09919632749285812,0.0008929694523798215,223.71023634004823,0.0,0.0007143755619038573,0.0,0.8597467779916336,0.0,358.0298969073071,1
1186.0,261.29000000001076,-0.09919626594689313,0.0008930378367852931,223.53281104929908,0.0,0.0007144302694282346,0.0,0.8604612082610618,0.0,358.5376427459392,1
1187.0,261.2800000000108,-0.09919620439385302,0.000893106229052032,223.3555129100866,0.0,0.0007144849832416256,0.0,0.8611756932443034,0.0,359.0442875911285,1
1188.0,261.2700000000108,-0.09919614283374123,0.0008931746291764853,223.1783418415296,0.0,0.0007145397033411883,0.0,0.8618902329476447,0.0,359.54982870764627,1
1189.0,261.2600000000108,-0.0991960812665581,0.0008932430371577649,223.0012977627919,0.0,0.0007145944297262119,0.0,0.8626048273773709,0.0,360.0542633997008,1
1190.0,261.2500000000108,-0.09919601969229652,0.0008933114530038644,222.8243805930803,0.0,0.0007146491624030916,0.0,0.8633194765397739,0.0,360.5575890108874,1
1191.0,261.2400000000108,-0.09919595811096271,0.0008933798767081225,222.64759025164767,0.0,0.0007147039013664981,0.0,0.8640341804411404,0.0,361.05980292413517,1
1192.0,261.2300000000108,-0.09919589652255123,0.0008934483082765343,222.47092665779036,0.0,0.0007147586466212275,0.0,0.8647489390877616,0.0,361.56090256165226,1
1193.0,261.2200000000108,-0.09919583492706086,0.0008935167477102102,222.29438973084908,0.0,0.0007148133981681682,0.0,0.8654637524859298,0.0,362.0608853848674,1
1194.0,261.21000000001084,-0.09919577332449392,0.0008935851950067075,222.11797939020968,0.0,0.0007148681560053661,0.0,0.8661786206419352,0.0,362.55974889437044,1
1195.0,261.20000000001085,-0.09919571171484431,0.0008936536501729098,221.94169555530124,0.0,0.0007149229201383278,0.0,0.8668935435620735,0.0,363.0574906298492,1
1196.0,261.19000000001085,-0.09919565009811349,0.0008937221132072626,221.7655381455977,0.0,0.0007149776905658102,0.0,0.8676085212526393,0.0,363.5541081700252,1
1197.0,261.18000000001086,-0.09919558847430354,0.0008937905841071014,221.58950708061812,0.0,0.0007150324672856812,0.0,0.868323553719925,0.0,364.04959913258585,1
1198.0,261.1700000000109,-0.09919552684340849,0.0008938590628795318,221.41360227992462,0.0,0.0007150872503036255,0.0,0.8690386409702286,0.0,364.54396117411517,1
1199.0,261.1600000000109,-0.09919546520542999,0.0008939275495221111,221.23782366312437,0.0,0.0007151420396176889,0.0,0.8697537830098463,0.0,365.03719199002217,1
1200.0,261.1500000000109,-0.0991954035603635,0.0008939960440406125,221.0621711498679,0.0,0.00071519683523249,0.0,0.8704689798450788,0.0,365.529289314466,1
