t_s,T_K,e_Pa,Sw,Si,Ncloud,Nice,r_cloud_m,r_ice_m,drcloud_dt,drice_dt,qcloud,qice,cond_rate_kgm3s,dep_rate_kgm3s,latent_heating_Ks,dT_dt_Ks,ice_active
0.0,273.15,580.6187428153029,-0.05000000000000009,-0.049927860781880086,0.0,0.0,1e-06,5e-06,0.0,0.0,0.0,0.0,0.0,0.0,0.0,-0.01,0
1.0,273.14,580.5974856306058,-0.049345142164729176,-0.04917993010389734,0.0,0.0,1e-06,5e-06,0.0,0.0,0.0,0.0,0.0,0.0,0.0,-0.01,0
2.0,273.13,580.5762284459087,-0.048689777487340415,-0.048431353949128196,0.0,0.0,1e-06,5e-06,0.0,0.0,0.0,0.0,0.0,0.0,0.0,-0.01,0
3.0,273.12,580.5549712612116,-0.0480339055351244,-0.047682131714072935,0.0,0.0,1e-06,5e-06,0.0,0.0,0.0,0.0,0.0,0.0,0.0,-0.01,0
4.0,273.11,580.5337140765145,-0.04737752587496924,-0.04693226279461947,0.0,0.0,1e-06,5e-06,0.0,0.0,0.0,0.0,0.0,0.0,0.0,-0.01,0
5.0,273.1,580.5124568918174,-0.04672063807336036,-0.04618174658605309,0.0,0.0,1e-06,5e-06,0.0,0.0,0.0,0.0,0.0,0.0,0.0,-0.01,0
6.0,273.09000000000003,580.4911997071202,-0.04606324169637945,-0.04543058248304671,0.0,0.0,1e-06,5e-06,0.0,0.0,0.0,0.0,0.0,0.0,0.0,-0.01,0
7.0,273.08000000000004,580.4699425224231,-0.0454053363097055,-0.044678769879672044,0.0,0.0,1e-06,5e-06,0.0,0.0,0.0,0.0,0.0,0.0,0.0,-0.01,0
8.0,273.07000000000005,580.448685337726,-0.04474692147861247,-0.04392630816938396,0.0,0.0,1e-06,5e-06,0.0,0.0,0.0,0.0,0.0,0.0,0.0,-0.01,0
9.0,273.06000000000006,580.4274281530289,-0.04408799676797039,-0.043173196745034,0.0,0.0,1e-06,5e-06,0.0,0.0,0.0,0.0,0.0,0.0,0.0,-0.01,0
10.0,273.05000000000007,580.4061709683318,-0.04342856174224442,-0.04241943499886542,0.0,0.0,1e-06,5e-06,0.0,0.0,0.0,0.0,0.0,0.0,0.0,-0.01,0
11.0,273.0400000000001,580.3849137836347,-0.04276861596549415,-0.04166502232250224,0.0,0.0,1e-06,5e-06,0.0,0.0,0.0,0.0,0.0,0.0,0.0,-0.01,0
12.0,273.0300000000001,580.3636565989376,-0.04210815900137394,-0.040909958106968444,0.0,0.0,1e-06,5e-06,0.0,0.0,0.0,0.0,0.0,0.0,0.0,-0.01,0
13.0,273.0200000000001,580.3423994142405,-0.041447190413131836,-0.04015424174267002,0.0,0.0,1e-06,5e-06,0.0,0.0,0.0,0.0,0.0,0.0,0.0,-0.01,0
14.0,273.0100000000001,580.3211422295434,-0.04078570976360901,-0.039397872619394946,0.0,0.0,1e-06,5e-06,0.0,0.0,0.0,0.0,0.0,0.0,0.0,-0.01,0
15.0,273.0000000000001,580.2998850448463,-0.040123716615240515,-0.03864085012632558,0.0,0.0,1e-06,5e-06,0.0,0.0,0.0,0.0,0.0,0.0,0.0,-0.01,0
16.0,272.9900000000001,580.2786278601492,-0.03946121053005343,-0.037883173652034814,0.0,0.0,1e-06,5e-06,0.0,0.0,0.0,0.0,0.0,0.0,0.0,-0.01,0
17.0,272.98000000000013,580.2573706754521,-0.038798191069667594,-0.03712484258447153,0.0,0.0,1e-06,5e-06,0.0,0.0,0.0,0.0,0.0,0.0,0.0,-0.01,0
18.0,272.97000000000014,580.236113490755,-0.038134657795294145,-0.036365856310977634,0.0,0.0,1e-06,5e-06,0.0,0.0,0.0,0.0,0.0,0.0,0.0,-0.01,0
19.0,272.96000000000015,580.2148563060579,-0.03747061026773643,-0.0356062142182661,0.0,0.0,1e-06,5e-06,0.0,0.0,0.0,0.0,0.0,0.0,0.0,-0.01,0
20.0,272.95000000000016,580.1935991213608,-0.03680604804738837,-0.034845915692447486,0.0,0.0,1e-06,5e-06,0.0,0.0,0.0,0.0,0.0,0.0,0.0,-0.01,0
21.0,272.94000000000017,580.1723419366637,-0.03614097069423461,-0.03408496011901254,0.0,0.0,1e-06,5e-06,0.0,0.0,0.0,0.0,0.0,0.0,0.0,-0.01,0
22.0,272.9300000000002,580.1510847519666,-0.03547537776784999,-0.03332334688282555,0.0,0.0,1e-06,5e-06,0.0,0.0,0.0,0.0,0.0,0.0,0.0,-0.01,0
23.0,272.9200000000002,580.1298275672694,-0.03480926882739916,-0.03256107536814083,0.0,0.0,1e-06,5e-06,0.0,0.0,0.0,0.0,0.0,0.0,0.0,-0.01,0
24.0,272.9100000000002,580.1085703825723,-0.03414264343163641,-0.03179814495859027,0.0,0.0,1e-06,5e-06,0.0,0.0,0.0,0.0,0.0,0.0,0.0,-0.01,0
25.0,272.9000000000002,580.0873131978752,-0.03347550113890472,-0.031034555037194187,0.0,0.0,1e-06,5e-06,0.0,0.0,0.0,0.0,0.0,0.0,0.0,-0.01,0
26.0,272.8900000000002,580.0660560131781,-0.03280784150713597,-0.030270304986332822,0.0,0.0,1e-06,5e-06,0.0,0.0,0.0,0.0,0.0,0.0,0.0,-0.01,0
27.0,272.8800000000002,580.044798828481,-0.03213966409384964,-0.029505394187786808,0.0,0.0,1e-06,5e-06,0.0,0.0,0.0,0.0,0.0,0.0,0.0,-0.01,0
28.0,272.87000000000023,580.0235416437839,-0.03147096845615372,-0.028739822022708878,0.0,0.0,1e-06,5e-06,0.0,0.0,0.0,0.0,0.0,0.0,0.0,-0.01,0
29.0,272.86000000000024,580.0022844590868,-0.03080175415074303,-0.027973587871616596,0.0,0.0,1e-06,5e-06,0.0,0.0,0.0,0.0,0.0,0.0,0.0,-0.01,0
30.0,272.85000000000025,579.9810272743897,-0.030132020733899624,-0.027206691114419347,0.0,0.0,1e-06,5e-06,0.0,0.0,0.0,0.0,0.0,0.0,0.0,-0.01,0
31.0,272.84000000000026,579.9597700896926,-0.02946176776149147,-0.026439131130399886,0.0,0.0,1e-06,5e-06,0.0,0.0,0.0,0.0,0.0,0.0,0.0,-0.01,0
32.0,272.83000000000027,579.9385129049955,-0.02879099478897355,-0.025670907298207434,0.0,0.0,1e-06,5e-06,0.0,0.0,0.0,0.0,0.0,0.0,0.0,-0.01,0
33.0,272.8200000000003,579.9172557202984,-0.02811970137138565,-0.024902018995877188,0.0,0.0,1e-06,5e-06,0.0,0.0,0.0,0.0,0.0,0.0,0.0,-0.01,0
34.0,272.8100000000003,579.8959985356013,-0.027447887063353264,-0.02413246560081586,0.0,0.0,1e-06,5e-06,0.0,0.0,0.0,0.0,0.0,0.0,0.0,-0.01,0
35.0,272.8000000000003,579.8747413509042,-0.026775551419087055,-0.023362246489801668,0.0,0.0,1e-06,5e-06,0.0,0.0,0.0,0.0,0.0,0.0,0.0,-0.01,0
36.0,272.7900000000003,579.8534841662071,-0.02610269399238117,-0.02259136103898637,0.0,0.0,1e-06,5e-06,0.0,0.0,0.0,0.0,0.0,0.0,0.0,-0.01,0
37.0,272.7800000000003,579.83222698151,-0.025429314336614522,-0.021819808623891365,0.0,0.0,1e-06,5e-06,0.0,0.0,0.0,0.0,0.0,0.0,0.0,-0.01,0
38.0,272.7700000000003,579.8109697968129,-0.024755412004749507,-0.021047588619414054,0.0,0.0,1e-06,5e-06,0.0,0.0,0.0,0.0,0.0,0.0,0.0,-0.01,0
39.0,272.76000000000033,579.7897126121157,-0.024080986549331423,-0.02027470039982357,0.0,0.0,1e-06,5e-06,0.0,0.0,0.0,0.0,0.0,0.0,0.0,-0.01,0
40.0,272.75000000000034,579.7684554274186,-0.023406037522488668,-0.01950114333874985,0.0,0.0,1e-06,5e-06,0.0,0.0,0.0,0.0,0.0,0.0,0.0,-0.01,0
41.0,272.74000000000035,579.7471982427215,-0.02273056447593141,-0.018726916809200002,0.0,0.0,1e-06,5e-06,0.0,0.0,0.0,0.0,0.0,0.0,0.0,-0.01,0
42.0,272.73000000000036,579.7259410580244,-0.022054566960952725,-0.017952020183558202,0.0,0.0,1e-06,5e-06,0.0,0.0,0.0,0.0,0.0,0.0,0.0,-0.01,0
43.0,272.72000000000037,579.7046838733273,-0.021378044528425944,-0.017176452833556576,0.0,0.0,1e-06,5e-06,0.0,0.0,0.0,0.0,0.0,0.0,0.0,-0.01,0
44.0,272.7100000000004,579.6834266886302,-0.020700996728806376,-0.016400214130309607,0.0,0.0,1e-06,5e-06,0.0,0.0,0.0,0.0,0.0,0.0,0.0,-0.01,0
45.0,272.7000000000004,579.6621695039331,-0.02002342311212957,-0.01562330344429619,0.0,0.0,1e-06,5e-06,0.0,0.0,0.0,0.0,0.0,0.0,0.0,-0.01,0
46.0,272.6900000000004,579.640912319236,-0.019345323228011732,-0.014845720145358501,0.0,0.0,1e-06,5e-06,0.0,0.0,0.0,0.0,0.0,0.0,0.0,-0.01,0
47.0,272.6800000000004,579.6196551345389,-0.018666696625648165,-0.014067463602705598,0.0,0.0,1e-06,5e-06,0.0,0.0,0.0,0.0,0.0,0.0,0.0,-0.01,0
48.0,272.6700000000004,579.5983979498418,-0.017987542853813883,-0.013288533184908108,0.0,0.0,1e-06,5e-06,0.0,0.0,0.0,0.0,0.0,0.0,0.0,-0.01,0
49.0,272.6600000000004,579.5771407651447,-0.017307861460863383,-0.012508928259905475,0.0,0.0,1e-06,5e-06,0.0,0.0,0.0,0.0,0.0,0.0,0.0,-0.01,0
50.0,272.65000000000043,579.5558835804476,-0.016627651994728758,-0.011728648195004295,0.0,0.0,1e-06,5e-06,0.0,0.0,0.0,0.0,0.0,0.0,0.0,-0.01,0
51.0,272.64000000000044,579.5346263957505,-0.015946914002920847,-0.010947692356863964,0.0,0.0,1e-06,5e-06,0.0,0.0,0.0,0.0,0.0,0.0,0.0,-0.01,0
52.0,272.63000000000045,579.5133692110534,-0.015265647032528067,-0.010166060111504496,0.0,0.0,1e-06,5e-06,0.0,0.0,0.0,0.0,0.0,0.0,0.0,-0.01,0
53.0,272.62000000000046,579.4921120263563,-0.014583850630215866,-0.009383750824321732,0.0,0.0,1e-06,5e-06,0.0,0.0,0.0,0.0,0.0,0.0,0.0,-0.01,0
54.0,272.61000000000047,579.4708548416592,-0.013901524342226704,-0.008600763860063372,0.0,0.0,1e-06,5e-06,0.0,0.0,0.0,0.0,0.0,0.0,0.0,-0.01,0
55.0,272.6000000000005,579.449597656962,-0.013218667714379484,-0.007817098582833745,0.0,0.0,1e-06,5e-06,0.0,0.0,0.0,0.0,0.0,0.0,0.0,-0.01,0
56.0,272.5900000000005,579.428340472265,-0.012535280292069172,-0.007032754356097862,0.0,0.0,1e-06,5e-06,0.0,0.0,0.0,0.0,0.0,0.0,0.0,-0.01,0
57.0,272.5800000000005,579.4070832875678,-0.011851361620265835,-0.006247730542687257,0.0,0.0,1e-06,5e-06,0.0,0.0,0.0,0.0,0.0,0.0,0.0,-0.01,0
58.0,272.5700000000005,579.3858261028707,-0.01116691124351502,-0.00546202650478124,0.0,0.0,1e-06,5e-06,0.0,0.0,0.0,0.0,0.0,0.0,0.0,-0.01,0
59.0,272.5600000000005,579.3645689181736,-0.010481928705937183,-0.004675641603921608,0.0,0.0,1e-06,5e-06,0.0,0.0,0.0,0.0,0.0,0.0,0.0,-0.01,0
60.0,272.5500000000005,579.3433117334765,-0.009796413551226534,-0.00388857520100725,0.0,0.0,1e-06,5e-06,0.0,0.0,0.0,0.0,0.0,0.0,0.0,-0.01,0
61.0,272.54000000000053,579.3220545487794,-0.009110365322651413,-0.0031008266562891,0.0,0.0,1e-06,5e-06,0.0,0.0,0.0,0.0,0.0,0.0,0.0,-0.01,0
62.0,272.53000000000054,579.3007973640823,-0.008423783563053535,-0.0023123953293781342,0.0,0.0,1e-06,5e-06,0.0,0.0,0.0,0.0,0.0,0.0,0.0,-0.01,0
63.0,272.52000000000055,579.2795401793852,-0.007736667814847583,-0.0015232805792342735,0.0,0.0,1e-06,5e-06,0.0,0.0,0.0,0.0,0.0,0.0,0.0,-0.01,0
64.0,272.51000000000056,579.2582829946881,-0.007049017620020643,-0.0007334817641761579,0.0,0.0,1e-06,5e-06,0.0,0.0,0.0,0.0,0.0,0.0,0.0,-0.01,0
65.0,272.50000000000057,579.237025809991,-0.00636083252013239,5.700175812782515e-05,0.0,0.0,1e-06,5e-06,0.0,0.0,0.0,0.0,0.0,0.0,0.0,-0.01,0
66.0,272.4900000000006,579.2157686252939,-0.005672112056313736,0.0008481706306554189,0.0,0.0,1e-06,5e-06,0.0,0.0,0.0,0.0,0.0,0.0,0.0,-0.01,0
67.0,272.4800000000006,579.1945114405968,-0.004982855769266824,0.0016400254970355868,0.0,0.0,1e-06,5e-06,0.0,0.0,0.0,0.0,0.0,0.0,0.0,-0.01,0
68.0,272.4700000000006,579.1732542558997,-0.004293063199264838,0.002432567001538062,0.0,0.0,1e-06,5e-06,0.0,0.0,0.0,0.0,0.0,0.0,0.0,-0.01,0
69.0,272.4600000000006,579.1519970712026,-0.003602733886151417,0.0032257957890922256,0.0,0.0,1e-06,5e-06,0.0,0.0,0.0,0.0,0.0,0.0,0.0,-0.01,0
70.0,272.4500000000006,579.1307398865055,-0.0029118673693396815,0.004019712505273318,0.0,0.0,1e-06,5e-06,0.0,0.0,0.0,0.0,0.0,0.0,0.0,-0.01,0
71.0,272.4400000000006,579.1094827018084,-0.002220463187813015,0.004814317796303171,0.0,0.0,1e-06,5e-06,0.0,0.0,0.0,0.0,0.0,0.0,0.0,-0.01,0
72.0,272.43000000000063,579.0882255171113,-0.0015285208801231096,0.005609612309064843,0.0,0.0,1e-06,5e-06,0.0,0.0,0.0,0.0,0.0,0.0,0.0,-0.01,0
73.0,272.42000000000064,579.0669683324141,-0.0008360399843909455,0.006405596691097503,0.0,0.0,1e-06,5e-06,0.0,0.0,0.0,0.0,0.0,0.0,0.0,-0.01,0
74.0,272.41000000000065,579.045711147717,-0.00014302003830541962,0.007202271590569949,0.0,0.0,1e-06,5e-06,0.0,0.0,0.0,0.0,0.0,0.0,0.0,-0.01,0
75.0,272.40000000000066,578.9998355869748,0.0005505394208766528,0.00799963765633326,500003000.0,0.0,1.030630575307381e-06,5e-06,3.063057530738098e-08,0.0,2.2928217163453636e-06,0.0,2.0442955001980969e-07,0.0,0.0005085312189547504,-0.00949146878104525,0
76.0,272.3905085312196,578.9217124744321,0.0011648911908278953,0.00871232259471586,500003000.0,0.0,1.0934868909896946e-06,5e-06,6.285631568231348e-08,0.0,2.7384320074685825e-06,0.0,4.7223541906444e-07,0.0,0.0011747149727971144,-0.008825285027202886,0
77.0,272.3816832461924,578.8109523323653,0.0016751372641588187,0.009313647067799927,500003000.0,0.0,1.1786432824534126e-06,5e-06,8.515639146371807e-08,0.0,3.4293228669731914e-06,0.0,7.433006191005681e-07,0.0,0.0018490065151755425,-0.008150993484824457,0
78.0,272.37353225270755,578.6687853635756,0.0020798172412023804,0.009802020064804358,500003000.0,0.0,1.2766941064828291e-06,5e-06,9.805082402941657e-08,0.0,4.358346753998242e-06,0.0,1.0041704315830365e-06,0.0,0.0024979363969727278,-0.007502063603027272,0
79.0,272.36603018910455,578.4980952834477,0.0023827483062661796,0.010181504036855804,500003000.0,0.0,1.3803613278441905e-06,5e-06,1.0366722136136141e-07,0.0,5.508578848848728e-06,0.0,1.241107784007493e-06,0.0,0.0030873327960385397,-0.0069126672039614605,0
80.0,272.3591175219006,578.3028962779009,0.0025931465155060725,0.010461946516578089,500003000.0,0.0,1.4846743443316192e-06,5e-06,1.0431301648742872e-07,0.0,6.85416935516916e-06,0.0,1.4447190059216592e-06,0.0,0.0035938283729394505,-0.00640617162706055,0
81.0,272.3527113502735,578.0877236729921,0.00272393448607243,0.01065716898234127,500003000.0,0.0,1.5865181082002822e-06,5e-06,1.0184376386866301e-07,0.0,8.36365903908381e-06,0.0,1.6106715300351258e-06,0.0,0.004006645597102303,-0.005993354402897697,0
82.0,272.3467179958706,577.8571166342902,0.0027897613798644662,0.010782846600964636,500003000.0,0.0,1.6840989270870258e-06,5e-06,9.758081888674347e-08,0.0,1.0003777342401525e-05,0.0,1.738930123399599e-06,0.0,0.004325696824377112,-0.005674303175622888,0
83.0,272.341043692695,577.6152460506197,0.0028053172139327035,0.010854702464084839,500003000.0,0.0,1.7765127581829758e-06,5e-06,9.24138310959501e-08,0.0,1.1742652572266857e-05,0.0,1.832551170432049e-06,0.0,0.004558585001074749,-0.005441414998925251,0
84.0,272.33560227769607,577.3656928957347,0.00278411723445194,0.010887204908848013,500003000.0,0.0,1.863434185285283e-06,5e-06,8.69214271023073e-08,0.0,1.3552000059127228e-05,0.0,1.896432717396271e-06,0.0,0.004717494321881271,-0.005282505678118729,0
85.0,272.33031977201796,577.111356977616,0.0027377754984858355,0.010892788700883777,500003000.0,0.0,1.9449008311606525e-06,5e-06,8.146664587536955e-08,0.0,1.5408260248398477e-05,0.0,1.9362312891748552e-06,0.0,0.004816495744216057,-0.005183504255783943,0
86.0,272.32513626776216,576.8544630544504,0.0026757032595222225,0.010881531256280809,500003000.0,0.0,2.021166138430802e-06,5e-06,7.626530727014942e-08,0.0,1.7292877318070184e-05,0.0,1.9575529846421478e-06,0.0,0.004869534787667034,-0.005130465212332966,0
87.0,272.3200058025498,576.5966288413505,0.0026051250355326595,0.01086116923859591,500003000.0,0.0,2.0926000905288465e-06,5e-06,7.143395209804466e-08,0.0,1.919198690846048e-05,0.0,1.965439282484396e-06,0.0,0.004889152443991035,-0.005110847556008965,0
88.0,272.3148949549938,576.338964099219,0.002531296920328508,0.010837331905012107,500003000.0,0.0,2.1596235668101254e-06,5e-06,6.702347628127897e-08,0.0,2.109577056796318e-05,0.0,1.96410879195804e-06,0.0,0.004885842766064777,-0.005114157233935223,0
89.0,272.30978079775986,576.0821779224025,0.0024578267647686588,0.010813883685599901,500003000.0,0.0,2.222666324538012e-06,5e-06,6.304275772788664e-08,0.0,2.2997680076511694e-05,0.0,1.956889107502439e-06,0.0,0.004867883351996117,-0.005132116648003883,0
90.0,272.30464868111187,575.8266795724221,0.002387021624688551,0.010793296071272602,500003000.0,0.0,2.2821414781207154e-06,5e-06,5.9475153582703115e-08,0.0,2.489366911039677e-05,0.0,1.946270388280711e-06,0.0,0.004841468627563957,-0.005158531372436043,0
91.0,272.2994901497394,575.5726650967788,0.002320214672284809,0.010776997588372035,500003000.0,0.0,2.33843131819357e-06,5e-06,5.628984007285467e-08,0.0,2.6781510987334538e-05,0.0,1.9340234096133566e-06,0.0,0.004811003506500888,-0.005188996493499113,0
92.0,272.29430115324595,575.3201869495132,0.0022580462151056925,0.010765674681960324,500003000.0,0.0,2.3918807236850273e-06,5e-06,5.344940549145725e-08,0.0,2.8660236899322814e-05,0.0,1.9213407361965774e-06,0.0,0.004779454567653178,-0.0052205454323468225,0
93.0,272.2890806078136,575.0692069728267,0.002200689681872572,0.01075951370022004,500003000.0,0.0,2.4427954644557518e-06,5e-06,5.091474077072458e-08,0.0,3.052969982974906e-05,0.0,1.9089749124608273e-06,0.0,0.00474869381209161,-0.00525130618790839,0
94.0,272.2838293016257,574.8196347826247,0.0021480236739731037,0.01075838514274696,500003000.0,0.0,2.491443478568768e-06,5e-06,4.86480141130163e-08,0.0,3.239025273608569e-05,0.0,1.8973596862022112e-06,0.0,0.004719800214433361,-0.005280199785566639,0
95.0,272.27854910184016,574.5713542668133,0.002099756671649603,0.010761977219049191,500003000.0,0.0,2.5380578003002966e-06,5e-06,4.661432173152835e-08,0.0,3.424252205433367e-05,0.0,1.8867087342346667e-06,0.0,0.00469330530904146,-0.00530669469095854,0
96.0,272.2732424071492,574.3242409421823,0.002055513162083063,0.010769888099398855,500003000.0,0.0,2.582840254990597e-06,5e-06,4.478245469030058e-08,0.0,3.6087255871215493e-05,0.0,1.8770915829897594e-06,0.0,0.004669382047238207,-0.005330617952761793,0
97.0,272.26791178919643,574.0781726171364,0.0020148900875831197,0.010781686382793474,500003000.0,0.0,2.62596535686981e-06,5e-06,4.312510187921284e-08,0.0,3.7925227656781685e-05,0.0,1.8684892040319518e-06,0.0,0.004647983094606845,-0.005352016905393155,0
98.0,272.262559772291,573.8330353711298,0.0019774915502648207,0.010796948278711678,500003000.0,0.0,2.6675840724012564e-06,5e-06,4.1618715531446056e-08,0.0,3.975717948310883e-05,0.0,1.8608329091019475e-06,0.0,0.004628937584830715,-0.0053710624151692855,0
99.0,272.25718870987583,573.5887264070275,0.0019429482977442803,0.01081527848858567,500003000.0,0.0,2.707827266563246e-06,5e-06,4.024319416198975e-08,0.0,4.158379207302736e-05,0.0,1.8540303206015785e-06,0.0,0.004612015722889499,-0.005387984277110501,0
100.0,272.25180072559874,573.345154922932,0.0019109270415557011,0.010836320196402044,500003000.0,0.0,2.7468087512063057e-06,5e-06,3.8981484643059405e-08,0.0,4.3405672220602704e-05,0.0,1.8479818200076917e-06,0.0,0.004596969701511671,-0.005403030298488329,0
101.0,272.24639769530023,573.1022418115723,0.0018811333317935405,0.010859758156080968,500003000.0,0.0,2.7846279180406015e-06,5e-06,3.781916683429571e-08,0.0,4.522335082733778e-05,0.0,1.84259028504077e-06,0.0,0.00458355792298699,-0.00541644207701301,0
102.0,272.2409812532232,572.8599187325442,0.0018533106135638453,0.010885317687631747,500003000.0,0.0,2.821371975572759e-06,5e-06,3.674405753215733e-08,0.0,4.703728693018248e-05,0.0,1.8377662981872692e-06,0.0,0.004571557955689725,-0.005428442044310275,0
103.0,272.2355528111789,572.6181269084876,0.0018272372379415328,0.010912761480987049,500003000.0,0.0,2.857117828238193e-06,5e-06,3.574585266543393e-08,0.0,4.8847874693402156e-05,0.0,1.833430439464916e-06,0.0,0.004560772237474915,-0.005439227762525085,0
104.0,272.23011358341637,572.3768158589027,0.0018027225694509305,0.010941885430801507,500003000.0,0.0,2.891933643500641e-06,5e-06,3.4815815262447874e-08,0.0,5.0655451478606035e-05,0.0,1.8295138043833704e-06,0.0,0.004551029364137737,-0.005448970635862263,0
105.0,272.2246646127805,572.1359421920807,0.0017796028858104512,0.010972514247748715,500003000.0,0.0,2.9258801533537228e-06,5e-06,3.394650985308172e-08,0.0,5.246030589168892e-05,0.0,1.8259575213359107e-06,0.0,0.0045421828888953,-0.0054578171111047,0
106.0,272.2192067956694,571.8954685150667,0.001757737462609675,0.011004497267094397,500003000.0,0.0,2.9590117335320625e-06,5e-06,3.3131580178339915e-08,0.0,5.426268522212685e-05,0.0,1.8227117713888946e-06,0.0,0.004534108884051976,-0.005465891115948024,0
107.0,272.21374090455345,571.6553624841231,0.0017370050386732077,0.011037704664429538,500003000.0,0.0,2.99137729881921e-06,5e-06,3.2365565287147276e-08,0.0,5.6062802015247664e-05,0.0,1.8197346214278806e-06,0.0,0.004526703038377812,-0.005473296961622188,0
108.0,272.20826760759184,571.415595996472,0.0017173007359054426,0.01107202415772782,500003000.0,0.0,3.0230210473511226e-06,5e-06,3.164374853191269e-08,0.0,5.7860839711511125e-05,0.0,1.8169908508715425e-06,0.0,0.004519877738486423,-0.005480122261513577,0
109.0,272.2027874853303,571.1761445126435,0.0016985334367594074,0.011107358199287801,500003000.0,0.0,3.0539830814655884e-06,5e-06,3.0962034114465915e-08,0.0,5.965695739339252e-05,0.0,1.8144508669901138e-06,0.0,0.004513559370622174,-0.005486440629377826,0
110.0,272.1973010447009,570.936986493721,0.0016806235850985553,0.01114362162090275,500003000.0,0.0,3.084299927799268e-06,5e-06,3.031684633367949e-08,0.0,6.145129373200787e-05,0.0,1.8120897506959308e-06,0.0,0.0045076859470048036,-0.005492314052995197,0
111.0,272.1918087306479,570.698102936495,0.001663501359732968,0.011180739678075409,500003000.0,0.0,3.114004975133977e-06,5e-06,2.9705047334709035e-08,0.0,6.324397024414175e-05,0.0,1.8098864434116706e-06,0.0,0.0045022050831136085,-0.005497794916886392,0
112.0,272.186310935731,570.459476990319,0.0016471051656273676,0.011218646434376794,500003000.0,0.0,3.1431288449631777e-06,5e-06,2.9123869829200777e-08,0.0,6.503509397023938e-05,0.0,1.807823068552522e-06,0.0,0.004497072309832145,-0.0055029276901678555,0
113.0,272.18080800804086,570.2210936412015,0.0016313803902690868,0.011257283429706671,500003000.0,0.0,3.171699706844788e-06,5e-06,2.8570861881610242e-08,0.0,6.682475967446326e-05,0.0,1.8058843731112903e-06,0.0,0.004492249684356443,-0.005507750315643557,0
114.0,272.1753002577252,569.9829394507632,0.001616278378301793,0.01129659858233151,500003000.0,0.0,3.1997435482502386e-06,5e-06,2.804384140545047e-08,0.0,6.861305165456993e-05,0.0,1.8040572720244691e-06,0.0,0.004487704656777286,-0.0055122953432227145,0
115.0,272.169787962382,569.745002339751,0.0016017555842528781,0.011336545281558778,500003000.0,0.0,3.227284406727204e-06,5e-06,2.7540858476965354e-08,0.0,7.040004523527228e-05,0.0,1.8023304781150168e-06,0.0,0.004483409149539843,-0.005516590850460157,0
116.0,272.1642713715315,569.5072714076786,0.0015877728699383463,0.011377081635445303,500003000.0,0.0,3.2543445706840037e-06,5e-06,2.706016395679972e-08,0.0,7.218580800564196e-05,0.0,1.8006942020674015e-06,0.0,0.004479338811112939,-0.005520661188887061,0
117.0,272.15875071034264,569.2697367817772,0.0015742949191681758,0.011418169844028577,500003000.0,0.0,3.2809447539023648e-06,5e-06,2.6600183218360983e-08,0.0,7.397040084958266e-05,0.0,1.799139909010236e-06,0.0,0.004475472410473224,-0.005524527589526776,0
118.0,272.15322618275314,569.0323894897891,0.0015612897475911949,0.011459775674494042,500003000.0,0.0,3.3071042479301687e-06,5e-06,2.6159494027804146e-08,0.0,7.575387880868512e-05,0.0,1.7976601204988458e-06,0.0,0.004471791344524492,-0.005528208655475508,0
119.0,272.1476979740977,568.7952213522256,0.0015487282899733395,0.011501868019230532,500003000.0,0.0,3.332841055747536e-06,5e-06,2.5736807817367063e-08,0.0,7.753629180891061e-05,0.0,1.7962482528675265e-06,0.0,0.004468279235988871,-0.005531720764011129,0
120.0,272.1421662533337,568.5582248905954,0.001536584050647039,0.011544418521575063,500003000.0,0.0,3.3581720094932276e-06,5e-06,2.5330953745691674e-08,0.0,7.931768527610855e-05,0.0,1.7948984845904042e-06,0.0,0.004464921603458717,-0.005535078396541283,0
121.0,272.1366311749372,568.3213932488064,0.0015248328058134325,0.011587401257034795,500003000.0,0.0,3.38311287455443e-06,5e-06,2.4940865061202344e-08,0.0,8.109810066033989e-05,0.0,1.793605646890278e-06,0.0,0.004461705589279299,-0.005538294410720701,0
122.0,272.13109288052647,568.0847201254916,0.001513452348604631,0.01163079246034657,500003000.0,0.0,3.4076784419332944e-06,5e-06,2.4565567378864368e-08,0.0,8.287757588496252e-05,0.0,1.7923651329999922e-06,0.0,0.004458619733830826,-0.005541380266169175,0
123.0,272.1255515002603,567.8481997154545,0.0015024222695947844,0.01167457029044888,500003000.0,0.0,3.4318826104885173e-06,5e-06,2.4204168555222815e-08,0.0,8.465614573325525e-05,0.0,1.7911728224336419e-06,0.0,0.0044556537871483625,-0.005544346212851638,0
124.0,272.12000715404747,567.6118266587648,0.0014917237669200697,0.011718714627191455,500003000.0,0.0,3.4557384603950756e-06,5e-06,2.3855849906558168e-08,0.0,8.6433842182918e-05,0.0,1.7900250174549634e-06,0.0,0.004452798550882994,-0.0055472014491170065,0
125.0,272.11445995259834,567.3755959963121,0.0014813394812089693,0.011763206894627608,500003000.0,0.0,3.47925831895561e-06,5e-06,2.3519858560534514e-08,0.0,8.821069469678307e-05,0.0,1.7889183894379019e-06,0.0,0.004450045744870403,-0.005549954255129597,0
126.0,272.1089099983432,567.1395031308399,0.001471253351471759,0.011808029906660722,500003000.0,0.0,3.5024538197256347e-06,5e-06,2.3195500770024815e-08,0.0,8.998673047655781e-05,0.0,1.7878499333571688e-06,0.0,0.004447387893923306,-0.0055526121060766945,0
127.0,272.1033573862371,566.903543792651,0.0014614504887846044,0.011853167731878353,500003000.0,0.0,3.5253359557730044e-06,5e-06,2.2882136047369818e-08,0.0,9.176197468520421e-05,0.0,1.786816928993999e-06,0.0,0.004444818231328356,-0.005555181768671644,0
128.0,272.09780220446845,566.667714009321,0.0014519170650979614,0.011898605574473807,500003000.0,0.0,3.5479151277733316e-06,5e-06,2.2579172000327234e-08,0.0,9.353645064252062e-05,0.0,1.7858169076466037e-06,0.0,0.004442330616036327,-0.005557669383963673,0
129.0,272.0922445350845,566.4320100788572,0.0014426402150797782,0.01194432966915021,500003000.0,0.0,3.5702011875458427e-06,5e-06,2.228605977251118e-08,0.0,9.531017999779982e-05,0.0,1.7848476235199496e-06,0.0,0.004439919461492412,-0.005560080538507589,0
130.0,272.086684454546,566.1964285458403,0.0014336079491087481,0.011990327187995304,500003000.0,0.0,3.592203477550323e-06,5e-06,2.200229000448051e-08,0.0,9.7083182882714e-05,0.0,1.783907028952734e-06,0.0,0.004437579674011777,-0.005562420325988224,0
131.0,272.08112203422,565.9609661801524,0.0014248090759586159,0.012036586157708487,500003000.0,0.0,3.613930866797017e-06,5e-06,2.1727389246693857e-08,0.0,9.88554780471306e-05,0.0,1.782993252940922e-06,0.0,0.004435306599355527,-0.005564693400644473,0
132.0,272.0755573408194,565.7256199579602,0.0014162331338524194,0.01208309538578137,500003000.0,0.0,3.6353917835616556e-06,5e-06,2.146091676463867e-08,0.0,0.0001006270829800897,0.0,1.7821045824021307e-06,0.0,0.004433095976124703,-0.005566904023875297,0
133.0,272.06999043679554,565.4903870446691,0.001407870328848192,0.01212984439451628,500003000.0,0.0,3.656594245248269e-06,5e-06,2.1202461686613075e-08,0.0,0.00010239801401788178,0.0,1.7812394458209825e-06,0.0,0.00443094389507707,-0.00556905610492293,0
134.0,272.0644213806906,565.2552647796036,0.0013997114796066084,0.012176823361963338,500003000.0,0.0,3.677545885699124e-06,5e-06,2.0951640450854944e-08,0.0,0.00010416828644084183,0.0,1.7803963988951942e-06,0.0,0.004428846763420881,-0.005571153236579119,0
135.0,272.058850227454,565.0202506622135,0.0013917479677454608,0.01222402306869981,500003000.0,0.0,3.698253980214294e-06,5e-06,2.0708094515170292e-08,0.0,0.00010593791456022803,0.0,1.7795741118835653e-06,0.0,0.004426801273342202,-0.005573198726657798,0
136.0,272.05327702872734,564.7853423396166,0.0013839716931628304,0.012271434850053296,500003000.0,0.0,3.71872546851262e-06,5e-06,2.047148829832561e-08,0.0,0.00010770691179642497,0.0,1.778771358487406e-06,0.0,0.004424804374346781,-0.005575195625653219,0
137.0,272.04770183310166,564.5505375953327,0.0013763750336789346,0.01231905055287463,500003000.0,0.0,3.738966975837532e-06,5e-06,2.0241507324912215e-08,0.0,0.00010947529074945747,0.0,1.7779870059742888e-06,0.0,0.00442285324869226,-0.00557714675130774,0
138.0,272.04212468635035,564.3158343390704,0.001368950808534905,0.012366862496473908,500003000.0,0.0,3.7589848323882396e-06,5e-06,2.001785655070758e-08,0.0,0.00011124306326271221,0.0,1.7772200064234784e-06,0.0,0.004420945289610643,-0.0055790547103893575,0
139.0,272.03654563163997,564.08123059745,0.001361692245321212,0.012414863437223115,500003000.0,0.0,3.778785091236409e-06,5e-06,1.980025884816952e-08,0.0,0.00011301024048065411,0.0,1.7764693889580446e-06,0.0,0.004419078081985186,-0.005580921918014814,0
140.0,272.03096470972196,563.8467245055624,0.0013545929499256474,0.012463046536363112,500003000.0,0.0,3.798373544870183e-06,5e-06,1.958845363377376e-08,0.0,0.00011477683290118483,0.0,1.775734252798271e-06,0.0,0.004417249385070325,-0.005582750614929675,0
141.0,272.02538195910705,563.612314299275,0.0013476468791927313,0.012511405330773955,500003000.0,0.0,3.817755740492148e-06,5e-06,1.938219562196518e-08,0.0,0.00011654285042323045,0.0,1.7750137610584463e-06,0.0,0.004415457117060812,-0.005584542882939188,0
142.0,272.0197974162241,563.3779983082051,0.001340848316015951,0.01255993370627221,500003000.0,0.0,3.836936994184399e-06,5e-06,1.9181253692250275e-08,0.0,0.00011830830239008763,0.0,1.7743071352096356e-06,0.0,0.004413699341317502,-0.005586300658682498,0
143.0,272.0142111155654,563.1437749492945,0.001334191846569969,0.012608625873277575,500003000.0,0.0,3.855922404041314e-06,5e-06,1.8985409856915266e-08,0.0,0.00012007319762894061,0.0,1.7736136500775385e-06,0.0,0.0044119742539242245,-0.005588025746075776,0
144.0,272.0086230898193,562.9096427209229,0.0013276723395128564,0.012657476344533724,500003000.0,0.0,3.874716862360943e-06,5e-06,1.8794458319628068e-08,0.0,0.00012183754448697728,0.0,1.7729326293775136e-06,0.0,0.004410280172580879,-0.005589719827419121,0
145.0,272.0030333699919,562.6756001975056,0.0013212849269273012,0.012706479914682342,500003000.0,0.0,3.893325066976104e-06,5e-06,1.860820461516148e-08,0.0,0.0001236013508644396,0.0,1.7722634416824369e-06,0.0,0.004408615526573226,-0.005591384473426774,0
146.0,271.9974419855185,562.4416460245318,0.0013150249868273335,0.012755631641597154,500003000.0,0.0,3.911751531798169e-06,5e-06,1.8426464822064965e-08,0.0,0.00012536462424490345,0.0,1.7716054967721003e-06,0.0,0.0044069788476917915,-0.005593021152308209,0
147.0,271.99184896436617,562.2077789139979,0.0013088881270994905,0.012804926829139949,500003000.0,0.0,3.930000596639534e-06,5e-06,1.8249064841364683e-08,0.0,0.00012712737172307752,0.0,1.7709582423502386e-06,0.0,0.00440536876206527,-0.00559463123793473,0
148.0,271.9862543331282,561.9739976402019,0.0013028701707090157,0.012854361011350252,500003000.0,0.0,3.948076436373939e-06,5e-06,1.807583973440439e-08,0.0,0.00012888960003033486,0.0,1.7703211610458948e-06,0.0,0.004403783982701231,-0.005596216017298769,0
149.0,271.9806581171109,561.7403010358616,0.0012969671420909662,0.012903929937877978,500003000.0,0.0,3.965983069488637e-06,5e-06,1.7906633114698427e-08,0.0,0.0001306513155582216,0.0,1.7696937677210636e-06,0.0,0.004402223302788715,-0.005597776697211285,0
150.0,271.97506034041373,561.5066879885293,0.0012911752545896505,0.01295362956054453,500003000.0,0.0,3.983724366076949e-06,5e-06,1.774129658831159e-08,0.0,0.00013241252438012344,0.0,1.7690756070166072e-06,0.0,0.00440068558959355,-0.00559931441040645,0
151.0,271.96946102600333,561.2731574372747,0.0012854908988521865,0.013003456020903296,500003000.0,0.0,4.001304055315217e-06,5e-06,1.7579689238267747e-08,0.0,0.00013417323227125468,0.0,1.768466251113295e-06,0.0,0.004399169778888794,-0.005600830221111206,0
152.0,271.9638601957822,561.0397083696159,0.0012799106320877602,0.01305340563874802,500003000.0,0.0,4.0187257324641265e-06,5e-06,1.7421677148909774e-08,0.0,0.0001359334447271123,0.0,1.7678652976819401e-06,0.0,0.004397674869855572,-0.005602325130144428,0
153.0,271.95825787065206,560.8063398186727,0.0012744311681392095,0.013103474901505456,500003000.0,0.0,4.035992865431039e-06,5e-06,1.726713296691217e-08,0.0,0.00013769316698055542,0.0,1.767272368035693e-06,0.0,0.004396199920486799,-0.0056038000795132015,0
154.0,271.9526540705725,560.5730508605236,0.0012690493682693024,0.013153660454347755,500003000.0,0.0,4.053108800926345e-06,5e-06,1.7115935495305826e-08,0.0,0.00013945240401761825,0.0,1.7666871054278345e-06,0.0,0.004394744043352822,-0.005605255956647178,0
155.0,271.94704881461587,560.3398406117531,0.0012637622326062304,0.01320395909105351,500003000.0,0.0,4.070076770244038e-06,5e-06,1.6967969317693498e-08,0.0,0.0001412111605921606,0.0,1.76610917348864e-06,0.0,0.004393306401713035,-0.005606693598286965,0
156.0,271.9414421210176,560.1067082271669,0.0012585668922117813,0.013254367745512276,500003000.0,0.0,4.086899894694332e-06,5e-06,1.6823124450293912e-08,0.0,0.00014296944123947793,0.0,1.7655382548149807e-06,0.0,0.0043918862060074145,-0.005608113793992586,0
157.0,271.9358340072236,559.8736528976674,0.0012534606016871115,0.013304883483802932,500003000.0,0.0,4.103581190713316e-06,5e-06,1.668129601898372e-08,0.0,0.00014472725028893458,0.0,1.7649740496521802e-06,0.0,0.004390482710577562,-0.005609517289422438,0
158.0,271.9302244899342,559.6406738482724,0.0012484407322973141,0.013355503496858288,500003000.0,0.0,4.120123574672885e-06,5e-06,1.654238395956876e-08,0.0,0.00014648459187571332,0.0,1.7644162746947455e-06,0.0,0.004389095210683446,-0.005610904789316554,0
159.0,271.92461358514487,559.407770336268,0.0012435047655592636,0.013406225093576496,500003000.0,0.0,4.136529867412051e-06,5e-06,1.640629273916657e-08,0.0,0.00014824146995174665,0.0,1.763864661976429e-06,0.0,0.004387723039742361,-0.005612276960257639,0
160.0,271.9190013081846,559.1749416494823,0.001238650287274118,0.013457045694450715,500003000.0,0.0,4.152802798509257e-06,5e-06,1.6272931097206044e-08,0.0,0.0001499978882959161,0.0,1.7633189578677344e-06,0.0,0.00438636556683516,-0.00561363443316484,0
161.0,271.9133876737514,558.9421871046743,0.0012338749819323929,0.01350796282557797,500003000.0,0.0,4.168945010313218e-06,5e-06,1.6142211803960668e-08,0.0,0.00015175385052354506,0.0,1.762778922118913e-06,0.0,0.004385022194325654,-0.005614977805674346,0
162.0,271.9077726959457,558.7095060460249,0.0012291766275075717,0.013558974113077093,500003000.0,0.0,4.1849590617490204e-06,5e-06,1.6014051435802786e-08,0.0,0.00015350936009527212,0.0,1.7622443270081544e-06,0.0,0.004383692355741677,-0.005616307644258323,0
163.0,271.9021563883015,558.4768978437254,0.0012245530905743123,0.013610077277872033,500003000.0,0.0,4.200847431914423e-06,5e-06,1.5888370165402928e-08,0.0,0.00015526442032533707,0.0,1.7617149565377885e-06,0.0,0.004382375513775593,-0.005617624486224407,0
164.0,271.8965387638153,558.2443618926532,0.0012200023217499465,0.013661270130830929,500003000.0,0.0,4.216612523480433e-06,5e-06,1.5765091566009662e-08,0.0,0.00015701903438934036,0.0,1.7611906057076847e-06,0.0,0.004381071158476827,-0.005618928841523173,0
165.0,271.8909198349738,558.0118976111322,0.0012155223513995834,0.013712550568121071,500003000.0,0.0,4.2322566659086935e-06,5e-06,1.5644142428260232e-08,0.0,0.00015877320533148282,0.0,1.7606710798083093e-06,0.0,0.004379778805493307,-0.005620221194506694,0
166.0,271.88529961377924,557.779504439768,0.0012111112856386603,0.013763916566993138,500003000.0,0.0,4.2477821184979494e-06,5e-06,1.5525452589256215e-08,0.0,0.0001605269360713675,0.0,1.7601561938086366e-06,0.0,0.004378497994548847,-0.005621502005451153,0
167.0,271.8796781117738,557.5471818403555,0.0012067673025494335,0.013815366181684696,500003000.0,0.0,4.2631910732701275e-06,5e-06,1.5408954772178476e-08,0.0,0.00016228022941034917,0.0,1.759645771742102e-06,0.0,0.004377228287915677,-0.005622771712084323,0
168.0,271.8740553400617,557.3149292948501,0.0012024886486657785,0.013866897539677549,500003000.0,0.0,4.278485657706681e-06,5e-06,1.5294584436553276e-08,0.0,0.00016403308803752102,0.0,1.7591396461919178e-06,0.0,0.004375969269134124,-0.005624030730865876,0
169.0,271.86843130933084,557.0827463043998,0.0011982736356414155,0.013918508838122103,500003000.0,0.0,4.293667937344218e-06,5e-06,1.5182279637537214e-08,0.0,0.00016578551453532307,0.0,1.758637657772705e-06,0.0,0.004374720541723147,-0.0056252794582768535,0
170.0,271.86280602987256,556.8506323884371,0.0011941206371151754,0.013970198340502343,500003000.0,0.0,4.308739918238126e-06,5e-06,1.5071980893907547e-08,0.0,0.0001675375113848004,0.0,1.758139654646691e-06,0.0,0.004373481727976843,-0.005626518272023157,0
171.0,271.8571795116005,556.6185870838206,0.0011900280857787939,0.014021964373472655,500003000.0,0.0,4.3237035493024965e-06,5e-06,1.496363106437121e-08,0.0,0.00016928908097056,0.0,1.7576454921003403e-06,0.0,0.004372252467911294,-0.005627747532088706,0
172.0,271.8515517640684,556.3866099440266,0.001185994470601354,0.01407380532390827,500003000.0,0.0,4.338560724533689e-06,5e-06,1.4857175231192743e-08,0.0,0.00017104022558542972,0.0,1.757155032130103e-06,0.0,0.004371032418234087,-0.005628967581765914,0
173.0,271.84592279648666,556.1547005383891,0.0011820183342116507,0.014125719636096696,500003000.0,0.0,4.3533132851244665e-06,5e-06,1.4752560590778023e-08,0.0,0.00017279094743483643,0.0,1.7566681430538141e-06,0.0,0.004369821251377647,-0.005630178748622353,0
174.0,271.84029261773804,555.9228584513767,0.0011780982704524576,0.014177705809113449,500003000.0,0.0,4.3679630214755005e-06,5e-06,1.4649736351034302e-08,0.0,0.00017454124864095744,0.0,1.756184699182687e-06,0.0,0.004368618654683302,-0.005631381345316698,0
175.0,271.8346612363927,555.6910832819157,0.00117423292203198,0.014229762394318064,500003000.0,0.0,4.382511675109748e-06,5e-06,1.4548653634247417e-08,0.0,0.0001762911312466015,0.0,1.755704580455382e-06,0.0,0.0043674243294909995,-0.005632575670509001,0
176.0,271.8290286607222,555.4593746427475,0.0011704209783383829,0.014281887993014322,500003000.0,0.0,4.396960940495751e-06,5e-06,1.4449265386003854e-08,0.0,0.00017804059721888464,0.0,1.7552276721440913e-06,0.0,0.004366237990408187,-0.005633762009591813,0
177.0,271.8233948987126,555.2277321598217,0.001166661173364955,0.01433408125422739,500003000.0,0.0,4.411312466784976e-06,5e-06,1.4351526289224222e-08,0.0,0.0001797896484527013,0.0,1.7547538645657418e-06,0.0,0.004365059364591398,-0.005634940635408602,0
178.0,271.8177599580772,554.9961554717211,0.0011629522837427356,0.01438634087259205,500003000.0,0.0,4.425567859467993e-06,5e-06,1.4255392683017355e-08,0.0,0.0001815382867739956,0.0,1.7542830528035018e-06,0.0,0.004363888191053487,-0.005636111808946513,0
179.0,271.81212384626826,554.7646442291172,0.0011592931268950887,0.014438665586397949,500003000.0,0.0,4.439728681954291e-06,5e-06,1.4160822486297816e-08,0.0,0.0001832865139428699,0.0,1.7538151364701248e-06,0.0,0.004362724220074937,-0.0056372757799250635,0
180.0,271.80648657048835,554.5331980942557,0.0011556825592636422,0.014491054175663017,500003000.0,0.0,4.453796457079619e-06,5e-06,1.4067775125327648e-08,0.0,0.00018503433165650108,0.0,1.7533500194455021e-06,0.0,0.0043615672125510005,-0.005638432787449,0
181.0,271.8008481377009,554.3018167404678,0.0011521194746553175,0.014543505460397604,500003000.0,0.0,4.467772668545212e-06,5e-06,1.3976211465592528e-08,0.0,0.00018678174155191692,0.0,1.752887609671914e-06,0.0,0.004360416939482374,-0.005639583060517627,0
182.0,271.79520855464034,554.0704998517074,0.0011486028026546874,0.014596018298874991,500003000.0,0.0,4.481658762292353e-06,5e-06,1.38860937471421e-08,0.0,0.0001885287452086111,0.0,1.7524278189302252e-06,0.0,0.00435927318141847,-0.00564072681858153,0
183.0,271.78956782782177,553.839247122112,0.0011451315071327006,0.014648591586046832,500003000.0,0.0,4.495456147815955e-06,5e-06,1.3797385523601924e-08,0.0,0.0001902753441510279,0.0,1.7519705626512856e-06,0.0,0.004358135727988273,-0.005641864272011727,0
184.0,271.78392596354973,553.6080582555838,0.001141704584835596,0.014701224252044506,500003000.0,0.0,4.509166199420453e-06,5e-06,1.371005160449728e-08,0.0,0.00019202153985093016,0.0,1.751515759744881e-06,0.0,0.004357004377474828,-0.0056429956225251725,0
185.0,271.7782829679272,553.3769329653956,0.0011383210640130812,0.014753915260697656,500003000.0,0.0,4.522790257420702e-06,5e-06,1.3624058000248962e-08,0.0,0.00019376733372960945,0.0,1.7510633323893965e-06,0.0,0.004355878936292031,-0.005644121063707969,0
186.0,271.7726388468635,553.1458709738118,0.0011349800031661811,0.014806663608196304,500003000.0,0.0,4.536329629291373e-06,5e-06,1.3539371870671267e-08,0.0,0.00019551272716002483,0.0,1.750613205911699e-06,0.0,0.004354759218685818,-0.005645240781314182,0
187.0,271.7669936060822,552.914872011733,0.0011316804898055385,0.014859468321768442,500003000.0,0.0,4.5497855907669024e-06,5e-06,1.3455961475529049e-08,0.0,0.0001972577214687955,0.0,1.7501653085946954e-06,0.0,0.004353645046255462,-0.005646354953744538,0
188.0,271.7613472511285,552.6839358183529,0.0011284216393151808,0.014912328458460212,500003000.0,0.0,4.563159386895078e-06,5e-06,1.337379612817593e-08,0.0,0.00019900231793812398,0.0,1.7497195715640993e-06,0.0,0.004352536247671889,-0.005647463752328111,0
189.0,271.75569978737616,552.4530621408358,0.0011252025938363111,0.01496524310393382,500003000.0,0.0,4.5764522330462175e-06,5e-06,1.3292846151139193e-08,0.0,0.00020074651780759958,0.0,1.7492759286272203e-06,0.0,0.004351432658276667,-0.005648567341723333,0
190.0,271.75005122003444,552.2222507340074,0.0011220225212287215,0.01501821137137053,500003000.0,0.0,4.589665315880453e-06,5e-06,1.3213082834236248e-08,0.0,0.00020249032227592504,0.0,1.7488343161573657e-06,0.0,0.004350334119794442,-0.0056496658802055585,0
191.0,271.74440155415425,551.9915013600612,0.0011188806140704356,0.015071232400393701,500003000.0,0.0,4.60279979427511e-06,5e-06,1.3134478394656303e-08,0.0,0.0002042337325025541,0.0,1.74839467296705e-06,0.0,0.004349240480017537,-0.005650759519982463,0
192.0,271.73875079463426,551.760813788277,0.0011157760887161392,0.015124305356065628,500003000.0,0.0,4.615856800214271e-06,5e-06,1.3057005939160652e-08,0.0,0.0002059767496092615,0.0,1.7479569402059587e-06,0.0,0.0043481515925521365,-0.005651848407447864,0
193.0,271.7330989462268,551.5301877947553,0.001112708184376771,0.015177429427889286,500003000.0,0.0,4.628837439642146e-06,5e-06,1.2980639427875315e-08,0.0,0.00020771937468161422,0.0,1.7475210612284232e-06,0.0,0.004347067316488615,-0.005652932683511385,0
194.0,271.7274460135433,551.2996231621622,0.0011096761622676496,0.015230603828900968,500003000.0,0.0,4.6417427932823005e-06,5e-06,1.2905353640154468e-08,0.0,0.00020946160877038876,0.0,1.7470869815081199e-06,0.0,0.0043459875161893525,-0.005654012483810648,0
195.0,271.72179200105944,551.0691196794853,0.0011066793047883412,0.0152838277948145,500003000.0,0.0,4.654573917424307e-06,5e-06,1.2831124142007119e-08,0.0,0.00021120345289292637,0.0,1.7466546485457723e-06,0.0,0.004344912061059135,-0.005655087938940865,0
196.0,271.7161369131205,550.838677141803,0.001103716914724029,0.015337100583143437,500003000.0,0.0,4.6673318446792095e-06,5e-06,1.275792725490223e-08,0.0,0.0002129449080344036,0.0,1.7462240117564367e-06,0.0,0.004343840825264768,-0.005656159174735232,0
197.0,271.7104807539458,550.6082953500608,0.0011007883145166327,0.015390421472421928,500003000.0,0.0,4.6800175847056576e-06,5e-06,1.2685740026447955e-08,0.0,0.00021468597514907596,0.0,1.745795022415668e-06,0.0,0.004342773687601164,-0.005657226312398836,0
198.0,271.7048235276334,550.3779741108615,0.001097892845523539,0.015443789761430269,500003000.0,0.0,4.69263212490759e-06,5e-06,1.2614540201932155e-08,0.0,0.0002164266551614256,0.0,1.7453676335371854e-06,0.0,0.004341710531187028,-0.005658289468812972,0
199.0,271.69916523816454,550.1477132362613,0.0010950298673566303,0.015497204768454991,500003000.0,0.0,4.705176431105331e-06,5e-06,1.2544306197741295e-08,0.0,0.00021816694896729125,0.0,1.7449417998315876e-06,0.0,0.004340651243362159,-0.005659348756637842,0
200.0,271.6935058894079,549.9175125435778,0.0010921987572092963,0.015550665830609852,500003000.0,0.0,4.717651448180869e-06,5e-06,1.2475017075537971e-08,0.0,0.00021990685743491736,0.0,1.7445174776019054e-06,0.0,0.004339595715427626,-0.005660404284572374,0
201.0,271.6878454851233,549.6873718552031,0.0010893989092498975,0.015604172303153767,500003000.0,0.0,4.730058100698921e-06,5e-06,1.2406652518051743e-08,0.0,0.00022164638140598463,0.0,1.7440946247032073e-06,0.0,0.004338543842545292,-0.005661456157454709,0
202.0,271.6821840289659,549.4572909984279,0.001086629734008309,0.015657723558846436,500003000.0,0.0,4.742397293504515e-06,5e-06,1.2339192805594064e-08,0.0,0.00022338552169657067,0.0,1.7436732004513014e-06,0.0,0.0043374955235107,-0.0056625044764893,0
203.0,271.6765215244894,549.2272698052706,0.001083890657817514,0.01571131898735165,500003000.0,0.0,4.754669912298479e-06,5e-06,1.2272618793963674e-08,0.0,0.0002251242790980889,0.0,1.7432531655816583e-06,0.0,0.004336450660650891,-0.005663549339349109,0
204.0,271.67085797515,548.9973081123161,0.0010811811222523338,0.01576495799464995,500003000.0,0.0,4.766876824191519e-06,5e-06,1.2206911893040327e-08,0.0,0.00022686265437816495,0.0,1.7428344821675999e-06,0.0,0.004335409159620896,-0.005664590840379105,0
205.0,271.66519338430965,548.7674057605608,0.0010785005836092747,0.015818640002447086,500003000.0,0.0,4.779018878238049e-06,5e-06,1.214205404653014e-08,0.0,0.00022860064828148145,0.0,1.742417113570135e-06,0.0,0.004334370929278943,-0.005665629070721058,0
206.0,271.6595277552389,548.5375625952607,0.0010758485124215938,0.015872364447685285,500003000.0,0.0,4.7910969059508045e-06,5e-06,1.2078027712755346e-08,0.0,0.00023033826153061362,0.0,1.742001024412095e-06,0.0,0.004333335881622127,-0.0056666641183778736,0
207.0,271.6538610911205,548.3077784657913,0.0010732243929482187,0.01592613078199749,500003000.0,0.0,4.8031117217965696e-06,5e-06,1.2014815845764632e-08,0.0,0.00023207549482678173,0.0,1.7415861804785535e-06,0.0,0.004332303931538691,-0.005667696068461309,0
208.0,271.64819339505203,548.0780532255094,0.0010706277227338773,0.01597993847120908,500003000.0,0.0,4.8150641236743994e-06,5e-06,1.1952401877829818e-08,0.0,0.00023381234885060578,0.0,1.7411725487027535e-06,0.0,0.004331274996773019,-0.0056687250032269815,0
209.0,271.64252467004883,547.8483867316223,0.0010680580121558505,0.01603378699487888,500003000.0,0.0,4.8269548933767444e-06,5e-06,1.1890769702344675e-08,0.0,0.00023554882426281054,0.0,1.7407600971019873e-06,0.0,0.004330248997766138,-0.005669751002233862,0
210.0,271.6368549190466,547.61877884506,0.001065514784016572,0.016087675845865995,500003000.0,0.0,4.838784797034507e-06,5e-06,1.1829903657762508e-08,0.0,0.00023728492170492865,0.0,1.740348794761046e-06,0.0,0.004329225857614543,-0.0056707741423854575,0
211.0,271.6311841449042,547.3892294303556,0.0010629975731112698,0.01614160452983995,500003000.0,0.0,4.850554585546263e-06,5e-06,1.1769788511755457e-08,0.0,0.00023902064179993367,0.0,1.7399386117489415e-06,0.0,0.004328205501863038,-0.005671794498136962,0
212.0,271.62551235040604,547.1597383555293,0.0010605059258538213,0.016195572564902082,500003000.0,0.0,4.8622649949927615e-06,5e-06,1.1710409446497988e-08,0.0,0.00024075598515287396,0.0,1.7395295191059463e-06,0.0,0.004327187858472504,-0.0056728121415274965,0
213.0,271.6198395382645,546.9303054919752,0.00105803939990145,0.016249579481180148,500003000.0,0.0,4.873916747037149e-06,5e-06,1.1651752044387342e-08,0.0,0.00024249095235147987,0.0,1.7391214888053075e-06,0.0,0.004326172857724645,-0.005673827142275355,0
214.0,271.6141657111222,546.7009307143556,0.001055597563787636,0.016303624820440298,500003000.0,0.0,4.885510549311435e-06,5e-06,1.1593802274285199e-08,0.0,0.0002442255439667362,0.0,1.7387144937057762e-06,0.0,0.004325160432103921,-0.005674839567896079,0
215.0,271.6084908715543,546.4716139004968,0.0010531799965807613,0.01635770813570559,500003000.0,0.0,4.897047095789887e-06,5e-06,1.1536546478452569e-08,0.0,0.00024595976055343866,0.0,1.7383085075248519e-06,0.0,0.004324150516230975,-0.005675849483769025,0
216.0,271.6028150220705,546.2423549312904,0.0010507862875487708,0.016411828990909396,500003000.0,0.0,4.908527067149827e-06,5e-06,1.1479971359939818e-08,0.0,0.0002476936026507242,0.0,1.7379035048013314e-06,0.0,0.004323143046769481,-0.005676856953230519,0
217.0,271.59713816511726,546.0131536905984,0.0010484160358398675,0.01646598696056281,500003000.0,0.0,4.919951131120351e-06,5e-06,1.1424063970523661e-08,0.0,0.000249427070782581,0.0,1.7374994608645653e-06,0.0,0.0043221379623496654,-0.005677862037650335,0
218.0,271.5914603030796,545.7840100651605,0.0010460688501786732,0.0165201816294124,500003000.0,0.0,4.931319942819517e-06,5e-06,1.136881169916613e-08,0.0,0.0002511601654583442,0.0,1.7370963518104647e-06,0.0,0.004321135203508619,-0.005678864796491381,0
219.0,271.5857814382831,545.5549239445064,0.0010437443485647444,0.016574412592108616,500003000.0,0.0,4.942634145080353e-06,5e-06,1.1314202260835924e-08,0.0,0.00025289288717316285,0.0,1.7366941544633025e-06,0.0,0.00432013471259528,-0.00567986528740472,0
220.0,271.5801015729957,545.3258952208714,0.0010414421579899482,0.016628679452946712,500003000.0,0.0,4.95389436876621e-06,5e-06,1.1260223685856325e-08,0.0,0.000254625236408453,0.0,1.7362928463514874e-06,0.0,0.004319136433710167,-0.005680863566289833,0
221.0,271.57442070942943,545.0969237891135,0.0010391619141693232,0.016682981825531365,500003000.0,0.0,4.965101233075915e-06,5e-06,1.1206864309704965e-08,0.0,0.0002563572136323394,0.0,1.7358924056892932e-06,0.0,0.004318140312659933,-0.005681859687340067,0
222.0,271.5687388497421,544.8680095466353,0.0010369032612691659,0.016737319332513274,500003000.0,0.0,4.976255345838991e-06,5e-06,1.1154112763075466e-08,0.0,0.0002580888193000683,0.0,1.7354928113380096e-06,0.0,0.004317146296860721,-0.005682853703139279,0
223.0,271.56305599603894,544.6391523933087,0.0010346658516576285,0.016791691605317086,500003000.0,0.0,4.987357303801452e-06,5e-06,1.1101957962461416e-08,0.0,0.0002598200538544114,0.0,1.7350940427894615e-06,0.0,0.004316154335297168,-0.005683845664702833,0
224.0,271.55737215037425,544.4103522314012,0.0010324493456580275,0.01684609828386274,500003000.0,0.0,4.998407692902487e-06,5e-06,1.1050389101035034e-08,0.0,0.00026155091772605047,0.0,1.7346960801394822e-06,0.0,0.004315164378456423,-0.005684835621543577,0
225.0,271.5516873147527,544.1816089655055,0.0010302534113199378,0.016900539016344238,500003000.0,0.0,5.009407088542458e-06,5e-06,1.0999395639970623e-08,0.0,0.0002632814113339596,0.0,1.734298904077292e-06,0.0,0.004314176378301722,-0.005685823621698278,0
226.0,271.546001491131,543.9529225024711,0.0010280777241848875,0.016955013458969843,500003000.0,0.0,5.0203560558424105e-06,5e-06,1.0948967299952489e-08,0.0,0.0002650115350857609,0.0,1.7339024958523516e-06,0.0,0.004313190288189929,-0.005686809711810071,0
227.0,271.5403146814192,543.724292751341,0.0010259219670623414,0.017009521275712806,500003000.0,0.0,5.031255149895436e-06,5e-06,1.0899094053025764e-08,0.0,0.00026674128937805816,0.0,1.7335068372455169e-06,0.0,0.004312206062799793,-0.005687793937200207,0
228.0,271.534626887482,543.4957196232849,0.00102378582984136,0.017064062138112727,500003000.0,0.0,5.042104916010485e-06,5e-06,1.084976611504812e-08,0.0,0.00026847067459679697,0.0,1.7331119105882453e-06,0.0,0.004311223658179715,-0.005688776341820285,0
229.0,271.5289381111402,543.267203031543,0.0010216690092512662,0.017118635725037187,500003000.0,0.0,5.052905889948296e-06,5e-06,1.0800973937810917e-08,0.0,0.0002701996911175507,0.0,1.7327176986835323e-06,0.0,0.004310243031551075,-0.005689756968448925,0
230.0,271.52324835417176,543.0387428913627,0.0010195712087034679,0.01717324172249927,500003000.0,0.0,5.063658598150521e-06,5e-06,1.0752708202225266e-08,0.0,0.00027192833930586124,0.0,1.7323241848529808e-06,0.0,0.004309264141425326,-0.005690735858574675,0
231.0,271.51755761831316,542.8103391199437,0.0010174921380793976,0.017227879823414536,500003000.0,0.0,5.07436355796165e-06,5e-06,1.0704959811128939e-08,0.0,0.000273656619517529,0.0,1.7319313528816085e-06,0.0,0.004308286947466688,-0.005691713052533312,0
232.0,271.5118659052606,542.5819916363841,0.001015431513543292,0.017282549727430676,500003000.0,0.0,5.085021277844194e-06,5e-06,1.0657719882543832e-08,0.0,0.00027538453209888605,0.0,1.7315391869940903e-06,0.0,0.00430731141043306,-0.00569268858956694,0
233.0,271.506173216671,542.3537003616271,0.0010133890573815775,0.01733725114074399,500003000.0,0.0,5.095632257587585e-06,5e-06,1.0610979743390484e-08,0.0,0.0002771120773870846,0.0,1.7311476718663132e-06,0.0,0.00430633749220476,-0.00569366250779524,0
234.0,271.50047955416323,542.1254652184098,0.001011364497822313,0.017391983775901027,500003000.0,0.0,5.1061969885107465e-06,5e-06,1.056473092316205e-08,0.0,0.0002788392557103598,0.0,1.730756792593253e-06,0.0,0.00430536515570461,-0.00569463484429539,0
235.0,271.49478491931893,541.8972861312121,0.0010093575688819058,0.017446747351627483,500003000.0,0.0,5.116715953658794e-06,5e-06,1.0518965148047299e-08,0.0,0.0002805660673883025,0.0,1.730366534694129e-06,0.0,0.004304394364910769,-0.0056956056350892315,0
236.0,271.48908931368385,541.669163026212,0.0010073680101860014,0.017501541592664434,500003000.0,0.0,5.1271896279937335e-06,5e-06,1.047367433493961e-08,0.0,0.0002822925127320879,0.0,1.729976884064232e-06,0.0,0.004303425084736895,-0.005696574915263105,0
237.0,271.4833927387686,541.4410958312374,0.0010053955668342816,0.017556366229601234,500003000.0,0.0,5.137618478579788e-06,5e-06,1.0428850586054472e-08,0.0,0.000284018592044728,0.0,1.7295878269934255e-06,0.0,0.004302457281078173,-0.005697542718921827,0
238.0,271.4776951960497,541.2130844757222,0.001003439989243671,0.017611220998703648,500003000.0,0.0,5.148002964763252e-06,5e-06,1.0384486183464142e-08,0.0,0.00028574430562130126,0.0,1.7291993501393135e-06,0.0,0.004301490920744561,-0.005698509079255439,0
239.0,271.47199668697044,540.9851288906632,0.001001501033006295,0.017666105641781792,500003000.0,0.0,5.1583435383471755e-06,5e-06,1.0340573583923619e-08,0.0,0.00028746965374917756,0.0,1.7288114405177185e-06,0.0,0.004300525971437111,-0.005699474028562889,0
240.0,271.46629721294187,540.7572290085785,0.0009995784587487567,0.017721019906026526,500003000.0,0.0,5.168640643761018e-06,5e-06,1.0297105413842025e-08,0.0,0.0002891946367082316,0.0,1.7284240854877066e-06,0.0,0.004299562401710713,-0.005700437598289287,0
241.0,271.46059677534356,540.5293847634673,0.0009976720319999,0.017775963543877265,500003000.0,0.0,5.178894718225486e-06,5e-06,1.0254074464468246e-08,0.0,0.0002909192547710528,0.0,1.7280372727438609e-06,0.0,0.0042986001809548775,-0.005701399819045123,0
242.0,271.45489537552453,540.3015960907712,0.0009957815230584434,0.01783093631285386,500003000.0,0.0,5.189106191912682e-06,5e-06,1.0211473687196392e-08,0.0,0.00029264350820314383,0.0,1.7276509903011425e-06,0.0,0.004297639279356076,-0.005702360720643924,0
243.0,271.4491930148039,540.073862927335,0.0009939067068767194,0.017885937975467895,500003000.0,0.0,5.199275488101836e-06,5e-06,1.0169296189153172e-08,0.0,0.0002943673972631294,0.0,1.7272652265008705e-06,0.0,0.0042966796679126135,-0.005703320332087387,0
244.0,271.4434896944718,539.8461852113716,0.0009920473629238685,0.017940968299071127,500003000.0,0.0,5.209403023330522e-06,5e-06,1.012753522868612e-08,0.0,0.000296090922202931,0.0,1.7268799699742992e-06,0.0,0.004295721318344028,-0.005704278681655972,0
245.0,271.43778541579013,539.6185628824262,0.0009902032750792723,0.0179960270557018,500003000.0,0.0,5.219489207541791e-06,5e-06,1.0086184211269746e-08,0.0,0.0002978140832679557,0.0,1.7264952096523579e-06,0.0,0.004294764203115318,-0.005705235796884682,0
246.0,271.43208017999325,539.3909958813423,0.0009883742315134729,0.01805111402200801,500003000.0,0.0,5.229534444227177e-06,5e-06,1.004523668538614e-08,0.0,0.0002995368806972699,0.0,1.726110934747466e-06,0.0,0.004293808295391707,-0.005706191704608293,0
247.0,271.4263739882886,539.1634841502272,0.0009865600245839905,0.018106228979114646,500003000.0,0.0,5.239539130565834e-06,5e-06,1.0004686338656705e-08,0.0,0.000301259314723778,0.0,1.7257271347554018e-06,0.0,0.0042928535690432874,-0.005707146430956713,0
248.0,271.42066684185767,538.9360276324227,0.0009847604507135488,0.018161371712483346,500003000.0,0.0,5.249503657559725e-06,5e-06,9.964526993890457e-09,0.0,0.00030298138557436916,0.0,1.7253437994205946e-06,0.0,0.004291899998558693,-0.005708100001441307,0
249.0,271.41495874185625,538.7086262724711,0.0009829753103079298,0.018216542011837044,500003000.0,0.0,5.259428410165351e-06,5e-06,9.924752605626294e-09,0.0,0.00030470309347009687,0.0,1.7249609187653122e-06,0.0,0.004290947559117692,-0.005709052440882308,0
250.0,271.4092496894154,538.4812800160856,0.0009812044076425409,0.018271739671050946,500003000.0,0.0,5.269313767421796e-06,5e-06,9.885357256445108e-09,0.0,0.00030642443862632967,0.0,1.7245784830587222e-06,0.0,0.004289996226514234,-0.005710003773485766,0
251.0,271.40353968564193,538.2539888101225,0.0009794475507628583,0.01832696448800121,500003000.0,0.0,5.2791601025753045e-06,5e-06,9.846335153508211e-09,0.0,0.00030814542125289364,0.0,1.7241964828050128e-06,0.0,0.004289045977126898,-0.005710954022873103,0
252.0,271.3978287316191,538.0267526025511,0.0009777045513977348,0.01838221626452855,500003000.0,0.0,5.2889677832006115e-06,5e-06,9.807680625306681e-09,0.0,0.0003098660415542226,0.0,1.72381490874921e-06,0.0,0.004288096787933358,-0.005711903212066642,0
253.0,271.39211682840704,537.7995713424276,0.0009759752248650737,0.01843749480630618,500003000.0,0.0,5.298737171319023e-06,5e-06,9.769388118411698e-09,0.0,0.0003115862997294984,0.0,1.7234337518647743e-06,0.0,0.004287148636479538,-0.0057128513635204626,0
254.0,271.3864039770435,537.5724449798672,0.0009742593899821336,0.018492799922743507,500003000.0,0.0,5.30846862351337e-06,5e-06,9.73145219434714e-09,0.0,0.00031330619597278575,0.0,1.7230530033446898e-06,0.0,0.004286201500857437,-0.005713798499142563,0
255.0,271.3806901785444,537.3453734660199,0.0009725568689792005,0.018548131426898897,500003000.0,0.0,5.318162491039939e-06,5e-06,9.693867526568647e-09,0.0,0.0003150257304731612,0.0,1.722672654594004e-06,0.0,0.0042852553596865765,-0.005714744640313424,0
256.0,271.37497543390407,537.1183567530429,0.0009708674874234252,0.01860348913540092,500003000.0,0.0,5.3278191199375524e-06,5e-06,9.656628897613785e-09,0.0,0.0003167449034148503,0.0,1.7222926972360777e-06,0.0,0.004284310192129547,-0.005715689807870453,0
257.0,271.3692597440962,536.8913947940799,0.0009691910741221081,0.018658872868340403,500003000.0,0.0,5.337438851133667e-06,5e-06,9.619731196114756e-09,0.0,0.00031846371497733407,0.0,1.721913123078141e-06,0.0,0.004283365977806321,-0.005716634022193679,0
258.0,271.36354311007403,536.6644875432336,0.0009675274610666737,0.018714282449214283,500003000.0,0.0,5.347022020547949e-06,5e-06,9.58316941428118e-09,0.0,0.00032018216533548973,0.0,1.7215339241450971e-06,0.0,0.004282422696878351,-0.005717577303121649,0
259.0,271.3578255327709,536.4376349555445,0.0009658764833393671,0.01876971770483162,500003000.0,0.0,5.356568959193023e-06,5e-06,9.546938645073936e-09,0.0,0.00032190025465969813,0.0,1.7211550926431782e-06,0.0,0.004281480329958155,-0.005718519670041845,0
260.0,271.35210701310086,536.2108369869695,0.000964237979040085,0.018825178465210354,500003000.0,0.0,5.366079993272663e-06,5e-06,9.511034079640307e-09,0.0,0.0003236179831159486,0.0,1.720776620955519e-06,0.0,0.0042805388580983055,-0.005719461141901695,0
261.0,271.34638755195897,535.984093594359,0.0009626117892253407,0.0188806645635455,500003000.0,0.0,5.37555544427759e-06,5e-06,9.475451004926506e-09,0.0,0.0003253353508659598,0.0,1.7203985016558157e-06,0.0,0.004279598262825412,-0.005720401737174588,0
262.0,271.3406671502218,535.7574047354364,0.0009609977578300727,0.01893617583610393,500003000.0,0.0,5.384995629078767e-06,5e-06,9.440184801176267e-09,0.0,0.0003270523580672808,0.0,1.7200207274878234e-06,0.0,0.004278658526089113,-0.0057213414739108875,0
263.0,271.3349458087479,535.5307703687766,0.0009593957316054047,0.01899171212215534,500003000.0,0.0,5.394400860018407e-06,5e-06,9.405230939640984e-09,0.0,0.0003287690048733998,0.0,1.7196432913699296e-06,0.0,0.004277719630273457,-0.005722280369726543,0
264.0,271.3292235283781,535.3041904537887,0.0009578055600432748,0.019047273263915813,500003000.0,0.0,5.4037714449986205e-06,5e-06,9.370584980212809e-09,0.0,0.0003304852914338322,0.0,1.7192661863728645e-06,0.0,0.004276781558141454,-0.005723218441858546,0
265.0,271.32350030993626,535.0776649506951,0.0009562270953219291,0.01910285910645845,500003000.0,0.0,5.413107687567933e-06,5e-06,9.33624256931293e-09,0.0,0.0003322012178942211,0.0,1.7188894057316156e-06,0.0,0.004275844292864715,-0.005724155707135285,0
266.0,271.31777615422914,534.8511938205124,0.0009546601922463825,0.019158469497678278,500003000.0,0.0,5.4224098870057115e-06,5e-06,9.302199437778068e-09,0.0,0.0003339167843964414,0.0,1.718512942845314e-06,0.0,0.00427490781802317,-0.0057250921819768305,0
267.0,271.31205106204715,534.6247770250335,0.0009531047081816978,0.019214104288198773,500003000.0,0.0,5.431678338404435e-06,5e-06,9.26845139872361e-09,0.0,0.0003356319910786868,0.0,1.7181367912611583e-06,0.0,0.0042739721175650705,-0.00572602788243493,0
268.0,271.30632503416473,534.3984145268113,0.0009515605029882207,0.01926976333130497,500003000.0,0.0,5.4409133327499074e-06,5e-06,9.23499434547179e-09,0.0,0.00033734683807554573,0.0,1.7177609446588399e-06,0.0,0.004273037175768258,-0.005726962824231742,0
269.0,271.3005980713405,534.1721062891395,0.0009500274389832865,0.01932544648291981,500003000.0,0.0,5.450115156999688e-06,5e-06,9.201824249780544e-09,0.0,0.00033906132551810573,0.0,1.71738539688002e-06,0.0,0.0042721029773134835,-0.005727897022686517,0
270.0,271.29487017431785,533.945852276037,0.0009485053808697836,0.019381153601517587,500003000.0,0.0,5.45928409415948e-06,5e-06,9.16893715979174e-09,0.0,0.0003407754535340279,0.0,1.717010141895222e-06,0.0,0.004271169507202045,-0.005728830492797955,0
271.0,271.28914134382507,533.7196524522317,0.0009469941956888445,0.01943688454806232,500003000.0,0.0,5.468420423357735e-06,5e-06,9.136329198254876e-09,0.0,0.0003424892222476296,0.0,1.7166351738116469e-06,0.0,0.004270236750775241,-0.0057297632492247594,0
272.0,271.28341158057583,533.493506783144,0.0009454937527668676,0.019492639185968854,500003000.0,0.0,5.477524419918469e-06,5e-06,9.103996560734625e-09,0.0,0.0003442026317799637,0.0,1.7162604868682111e-06,0.0,0.0042693046937020175,-0.005730695306297983,0
273.0,271.27768088526955,533.2674152348732,0.000944003923659198,0.019548417381037655,500003000.0,0.0,5.486596355432294e-06,5e-06,9.071935513824288e-09,0.0,0.00034591568224888653,0.0,1.7158860754219869e-06,0.0,0.004268373321945241,-0.005731626678054759,0
274.0,271.2719492585915,533.0413777741803,0.0009425245821139528,0.019604219001400167,500003000.0,0.0,5.4956364978258835e-06,5e-06,9.040142393589727e-09,0.0,0.0003476283737691465,0.0,1.7155119339688989e-06,0.0,0.004267442621813181,-0.00573255737818682,0
275.0,271.26621670121335,532.8153943684745,0.0009410556040137463,0.019660043917480573,500003000.0,0.0,5.504645111429719e-06,5e-06,9.008613603835521e-09,0.0,0.0003493407064524528,0.0,1.7151380571219185e-06,0.0,0.00426651257990527,-0.0057334874200947305,0
276.0,271.26048321379324,532.5894649857983,0.000939596867330514,0.019715892001933723,500003000.0,0.0,5.51362245704425e-06,5e-06,8.977345614531804e-09,0.0,0.0003510526804075453,0.0,1.7147644396107871e-06,0.0,0.0042655831831114105,-0.00573441681688859,0
277.0,271.25474879697634,532.3635895948161,0.0009381482520729496,0.019771763129594055,500003000.0,0.0,5.5225687920044534e-06,5e-06,8.946334960203509e-09,0.0,0.0003527642957402489,0.0,1.714391076266025e-06,0.0,0.004264654418572202,-0.0057353455814277985,0
278.0,271.24901345139494,532.1377681647987,0.0009367096402581927,0.01982765717744466,500003000.0,0.0,5.531484370243037e-06,5e-06,8.915578238583234e-09,0.0,0.00035447555255355655,0.0,1.7140179620451858e-06,0.0,0.004263726273744243,-0.005736273726255757,0
279.0,271.2432771776687,531.9120006656092,0.0009352809158637554,0.019883574024553277,500003000.0,0.0,5.540369442352142e-06,5e-06,8.885072109105357e-09,0.0,0.0003561864509476994,0.0,1.7136450920210018e-06,0.0,0.004262798736370652,-0.005737201263629348,0
280.0,271.23753997640506,531.686287067693,0.0009338619647709729,0.019939513552032724,500003000.0,0.0,5.549224255643492e-06,5e-06,8.85481329135043e-09,0.0,0.0003578969910201909,0.0,1.7132724613518538e-06,0.0,0.0042618717944075965,-0.005738128205592404,0
281.0,271.2318018481995,531.4606273420642,0.0009324526747387197,0.01999547564299859,500003000.0,0.0,5.558049054207299e-06,5e-06,8.824798563806563e-09,0.0,0.0003596071728658945,0.0,1.7129000653057876e-06,0.0,0.004260945436084049,-0.005739054563915952,0
282.0,271.2260627936356,531.2350214602927,0.000931052935365277,0.020051460182548764,500003000.0,0.0,5.566844078969844e-06,5e-06,8.795024762545168e-09,0.0,0.0003613169965770933,0.0,1.7125278992610335e-06,0.0,0.004260019649903069,-0.005739980350096931,0
283.0,271.2203228132855,531.0094693944935,0.0009296626380393783,0.020107467057666913,500003000.0,0.0,5.575609567749666e-06,5e-06,8.765488779821612e-09,0.0,0.000363026462243539,0.0,1.7121559586847376e-06,0.0,0.004259094424588899,-0.005740905575411101,0
284.0,271.2145819077101,530.783971117315,0.0009282816759069993,0.020163496157231644,500003000.0,0.0,5.584345755312517e-06,5e-06,8.736187562851441e-09,0.0,0.00036473556995250835,0.0,1.7117842391388507e-06,0.0,0.004258169749101618,-0.005741830250898382,0
285.0,271.20884007745923,530.5585266019281,0.0009269099438335549,0.020219547371956845,500003000.0,0.0,5.5930528734250855e-06,5e-06,8.707118112568352e-09,0.0,0.00036644431978885637,0.0,1.7114127362758664e-06,0.0,0.0042572456126265335,-0.005742754387373467,0
286.0,271.20309732307186,530.3331358220146,0.0009255473383735114,0.02027562059436837,500003000.0,0.0,5.601731150907562e-06,5e-06,8.678277482476289e-09,0.0,0.00036815271183507695,0.0,1.711041445846596e-06,0.0,0.0042563220045935225,-0.005743677995406478,0
287.0,271.1973536450765,530.1077987517579,0.0009241937577255319,0.02033171571874412,500003000.0,0.0,5.610380813684951e-06,5e-06,8.64966277738947e-09,0.0,0.0003698607461713453,0.0,1.7106703636795743e-06,0.0,0.004255398914625807,-0.005744601085374193,0
288.0,271.1916090439911,529.8825153658304,0.0009228491017124239,0.020387832641087296,500003000.0,0.0,5.619002084837379e-06,5e-06,8.62127115242813e-09,0.0,0.0003715684228755842,0.0,1.710299485704783e-06,0.0,0.004254476332598962,-0.005745523667401038,0
289.0,271.18586352032366,529.6572856393858,0.0009215132717303031,0.020443971259112213,500003000.0,0.0,5.627595184649127e-06,5e-06,8.593099811748129e-09,0.0,0.00037327574202349615,0.0,1.709928807918815e-06,0.0,0.004253554248554267,-0.005746445751445733,0
290.0,271.1801170745722,529.4321095480486,0.000920186170727508,0.020500131472153245,500003000.0,0.0,5.636160330656697e-06,5e-06,8.565146007570983e-09,0.0,0.00037498270368861546,0.0,1.7095583264036588e-06,0.0,0.0042526326527454195,-0.005747367347254581,0
291.0,271.1743697072249,529.2069870679042,0.0009188677031739973,0.02055631318120796,500003000.0,0.0,5.644697737695843e-06,5e-06,8.537407039145205e-09,0.0,0.00037668930794236094,0.0,1.7091880373264738e-06,0.0,0.004251711535637995,-0.005748288464362005,0
292.0,271.16862141876055,528.9819181754896,0.0009175577750242112,0.02061251628883785,500003000.0,0.0,5.65320761794751e-06,5e-06,8.509880251667233e-09,0.0,0.0003783955548540746,0.0,1.7088179369257616e-06,0.0,0.004250790887875029,-0.0057492091121249716,0
293.0,271.1628722096484,528.7569028477837,0.000916256293696413,0.02066874069917348,500003000.0,0.0,5.661690180982885e-06,5e-06,8.482563035375304e-09,0.0,0.00038010144449107815,0.0,1.7084480215268728e-06,0.0,0.0042498707003156035,-0.005750129299684397,0
294.0,271.15712208034876,528.5319410622008,0.0009149631680267766,0.02072498631787045,500003000.0,0.0,5.670145633807313e-06,5e-06,8.455452824428098e-09,0.0,0.000381806976918696,0.0,1.7080782875090705e-06,0.0,0.004248950963952912,-0.005751049036047088,0
295.0,271.1513710313127,528.3070327965772,0.0009136783082679562,0.020781253052084725,500003000.0,0.0,5.678574180903527e-06,5e-06,8.428547096213867e-09,0.0,0.0003835121522003286,0.0,1.7077087313543679e-06,0.0,0.004248031670035741,-0.00575196832996426,0
296.0,271.14561906298275,528.082178029169,0.0009124016260232016,0.02083754081042781,500003000.0,0.0,5.686976024273608e-06,5e-06,8.401843370081289e-09,0.0,0.0003852169703974527,0.0,1.707339349574647e-06,0.0,0.0042471128098871816,-0.005752887190112819,0
297.0,271.13986617579263,527.8573767386384,0.0009111330342600877,0.020893849502965564,500003000.0,0.0,5.695351363480432e-06,5e-06,8.375339206823414e-09,0.0,0.000386921431569698,0.0,1.7069701387864523e-06,0.0,0.004246194375090677,-0.005753805624909323,0
298.0,271.1341123701677,527.6326289040487,0.0009098724472539539,0.020950179041158323,500003000.0,0.0,5.703700395687961e-06,5e-06,8.349032207529264e-09,0.0,0.00038862553577486607,0.0,1.706601095653087e-06,0.0,0.004245276357345988,-0.005754723642654012,0
299.0,271.12835764652505,527.4079345048559,0.0009086197805743574,0.02100652933784824,500003000.0,0.0,5.71202331570081e-06,5e-06,8.322920012848979e-09,0.0,0.00039032928306897117,0.0,1.7062322169060437e-06,0.0,0.004244358748522497,-0.0057556412514775035,0
300.0,271.12260200527356,527.1832935209006,0.0009073749510594005,0.02106290030724705,500003000.0,0.0,5.720320316002973e-06,5e-06,8.297000302162657e-09,0.0,0.0003920326735062799,0.0,1.7058634993426554e-06,0.0,0.004243441540653372,-0.005756558459346629,0
301.0,271.11684544681424,526.958705932401,0.0009061378767891281,0.021119291864874632,500003000.0,0.0,5.728591586795729e-06,5e-06,8.271270792756153e-09,0.0,0.0003937357071393456,0.0,1.7054949398208795e-06,0.0,0.004242524725922586,-0.005757475274077414,0
302.0,271.11108797154014,526.7341717199438,0.0009049084770687954,0.02117570392757915,500003000.0,0.0,5.736837316034831e-06,5e-06,8.245729239101979e-09,0.0,0.00039543838401905594,0.0,1.7051265352716352e-06,0.0,0.00424160829669561,-0.00575839170330439,0
303.0,271.10532957983685,526.5096908644805,0.0009036866723850671,0.02123213641345363,500003000.0,0.0,5.7450576894667384e-06,5e-06,8.220373431907792e-09,0.0,0.00039714070419464144,0.0,1.7047582826590258e-06,0.0,0.0042406922454204625,-0.005759307754579538,0
304.0,271.09957027208225,526.2852633473168,0.0009024723844118462,0.02128858924187409,500003000.0,0.0,5.75325289066437e-06,5e-06,8.195201197631679e-09,0.0,0.0003988426677137374,0.0,1.7043901790331967e-06,0.0,0.004239776564759196,-0.005760223435240804,0
305.0,271.093810048647,526.0608891501091,0.0009012655359592141,0.02134506233343172,500003000.0,0.0,5.7614231010618625e-06,5e-06,8.17021039749252e-09,0.0,0.0004005442746223901,0.0,1.7040222214748328e-06,0.0,0.004238861247449833,-0.005761138752550167,0
306.0,271.08804890989444,525.8365682548547,0.0009000660509793822,0.021401555609924298,500003000.0,0.0,5.7695684999888745e-06,5e-06,8.145398927012423e-09,0.0,0.00040224552496511605,0.0,1.7036544071464217e-06,0.0,0.004237946286433885,-0.0057620537135661155,0
307.0,271.0822868561809,525.612300643888,0.0008988738545170033,0.021458068994326878,500003000.0,0.0,5.777689264703941e-06,5e-06,8.120764715066688e-09,0.0,0.0004039464187849057,0.0,1.703286733237343e-06,0.0,0.004237031674719759,-0.005762968325280241,0
308.0,271.0765238878556,525.3880862998731,0.0008976888727117826,0.0215146024107867,500003000.0,0.0,5.785785570427362e-06,5e-06,8.09630572342074e-09,0.0,0.00040564695612327166,0.0,1.7029191970070504e-06,0.0,0.004236117405490175,-0.005763882594509826,0
309.0,271.0707600052611,525.1639252057956,0.00089651103277227,0.0215711557845869,500003000.0,0.0,5.793857590373379e-06,5e-06,8.072019946017417e-09,0.0,0.00040734713702028457,0.0,1.7025517957728718e-06,0.0,0.00423520347207182,-0.00576479652792818,0
310.0,271.06499520873314,524.9398173449601,0.0008953402629417759,0.021627729042125884,500003000.0,0.0,5.801905495781585e-06,5e-06,8.04790540820594e-09,0.0,0.0004090469615145815,0.0,1.7021845268818566e-06,0.0,0.004234289867865315,-0.005765710132134685,0
311.0,271.059229498601,524.7157627009829,0.0008941764924932643,0.021684322110894886,500003000.0,0.0,5.809929455947829e-06,5e-06,8.023960166243772e-09,0.0,0.0004107464296434013,0.0,1.7018173877368488e-06,0.0,0.004233376586410072,-0.005766623413589928,0
312.0,271.0534628751874,524.4917612577854,0.000893019651710129,0.021740934919465108,500003000.0,0.0,5.8179296382545105e-06,5e-06,8.000182306681711e-09,0.0,0.000412445541442618,0.0,1.7014503757949946e-06,0.0,0.004232463621380584,-0.005767536378619416,0
313.0,271.04769533880875,524.2678129995884,0.0008918696718658336,0.021797567397471178,500003000.0,0.0,5.82590620820026e-06,5e-06,7.976569945749718e-09,0.0,0.0004141442969467711,0.0,1.701083488563283e-06,0.0,0.004231550966575331,-0.005768449033424669,0
314.0,271.0419268897753,524.0439179109081,0.0008907264851971974,0.02185421947556962,500003000.0,0.0,5.8338593294289565e-06,5e-06,7.953121228696782e-09,0.0,0.00041584269618907864,0.0,1.7007167235811267e-06,0.0,0.00423063861587345,-0.005769361384126551,0
315.0,271.0361575283912,523.8200759765499,0.0008895900248978198,0.02191089108545082,500003000.0,0.0,5.841789163758278e-06,5e-06,7.929834329321325e-09,0.0,0.00041754073920147015,0.0,1.7003500784406388e-06,0.0,0.004229726563285171,-0.0057702734367148295,0
316.0,271.03038725495446,523.596287181602,0.0008884602250995316,0.02196758215979579,500003000.0,0.0,5.8496958712076815e-06,5e-06,7.906707449403935e-09,0.0,0.0004192384260146176,0.0,1.6999835507833736e-06,0.0,0.004228814802943716,-0.005771185197056284,0
317.0,271.0246160697574,523.3725515114321,0.0008873370208450986,0.02202429263226797,500003000.0,0.0,5.857579610025754e-06,5e-06,7.883738818072253e-09,0.0,0.0004209357566579464,0.0,1.6996171382795483e-06,0.0,0.004227903329053603,-0.005772096670946397,0
318.0,271.01884397308646,523.1488689516805,0.0008862203480897903,0.02208102243749874,500003000.0,0.0,5.8654405367171865e-06,5e-06,7.860926691432214e-09,0.0,0.0004226327311596789,0.0,1.699250838661876e-06,0.0,0.004226992135974815,-0.005773007864025185,0
319.0,271.0130709652224,522.925239488257,0.0008851101436620304,0.02213777151106386,500003000.0,0.0,5.873278806069031e-06,5e-06,7.838269351844468e-09,0.0,0.0004243293495468346,0.0,1.698884649680273e-06,0.0,0.004226081218110132,-0.005773918781889868,0
320.0,271.00729704644056,522.7016631073358,0.0008840063452648823,0.022194539789458963,500003000.0,0.0,5.881094571176604e-06,5e-06,7.815765107572883e-09,0.0,0.00042602561184526257,0.0,1.6985185691341963e-06,0.0,0.004225170569985563,-0.005774829430014437,0
321.0,271.0015222170105,522.478139795348,0.0008829088914646886,0.022251327210116117,500003000.0,0.0,5.888887983468931e-06,5e-06,7.793412292326642e-09,0.0,0.0004277215180796811,0.0,1.698152594879827e-06,0.0,0.004224260186268227,-0.005775739813731773,0
322.0,270.9957464771968,522.254669538982,0.0008818177216487278,0.022308133711341584,500003000.0,0.0,5.896659192733468e-06,5e-06,7.771209264537496e-09,0.0,0.0004294170682736645,0.0,1.6977867247768908e-06,0.0,0.004223350061634057,-0.005776649938365943,0
323.0,270.98996982725845,522.0312523251738,0.0008807327760453386,0.022364959232331484,500003000.0,0.0,5.904408347140665e-06,5e-06,7.749154407197226e-09,0.0,0.00043111226244969776,0.0,1.697420956755138e-06,0.0,0.004222440190933179,-0.005777559809066821,0
324.0,270.9841922674494,521.8078881411058,0.0008796539956852031,0.022421803713148263,500003000.0,0.0,5.9121355932678474e-06,5e-06,7.727246127183035e-09,0.0,0.0004328071006291823,0.0,1.6970552887669456e-06,0.0,0.004221530569072004,-0.005778469430927996,0
325.0,270.97841379801844,521.5845769742016,0.0008785813223926394,0.022478667094699638,500003000.0,0.0,5.919841076122704e-06,5e-06,7.705482854856173e-09,0.0,0.0004345015828324536,0.0,1.696689718797078e-06,0.0,0.004220621191037508,-0.005779378808962492,0
326.0,270.9726344192095,521.3613188121226,0.0008775146987738169,0.022535549318732855,500003000.0,0.0,5.927524939166344e-06,5e-06,7.683863043640632e-09,0.0,0.00043619570907880095,0.0,1.6963242448659877e-06,0.0,0.004219712051905442,-0.005780287948094558,0
327.0,270.9668541312614,521.1381136427614,0.0008764540682108377,0.02259245032781202,500003000.0,0.0,5.935187324336004e-06,5e-06,7.66238516966027e-09,0.0,0.0004378894793865032,0.0,1.6959588650439618e-06,0.0,0.004218803146875527,-0.005781196853124474,0
328.0,270.96107293440826,520.9149614542395,0.0008753993748339527,0.022649370065313503,500003000.0,0.0,5.942828372067196e-06,5e-06,7.641047731191618e-09,0.0,0.0004395828937728347,0.0,1.69559357742239e-06,0.0,0.004217894471199975,-0.0057821055288000255,0
329.0,270.95529082887947,520.6918622349049,0.0008743505635083462,0.022706308475408346,500003000.0,0.0,5.950448221315448e-06,5e-06,7.619849248251946e-09,0.0,0.00044127595225407077,0.0,1.695228380112607e-06,0.0,0.004216986020180615,-0.005783013979819385,0
330.0,270.9495078148997,520.4688159733254,0.0008733075798405717,0.022763265503032988,500003000.0,0.0,5.958047009577813e-06,5e-06,7.598788262365065e-09,0.0,0.0004429686548455307,0.0,1.6948632712824352e-06,0.0,0.004216077789259789,-0.005783922210740211,0
331.0,270.9437238926889,520.2458226582849,0.0008722703701524063,0.022820241093908303,500003000.0,0.0,5.965624872913862e-06,5e-06,7.57786333604899e-09,0.0,0.0004446610015615929,0.0,1.6944982491290507e-06,0.0,0.004215169773952862,-0.005784830226047138,0
332.0,270.9379390624629,520.0228822787822,0.0008712388814590103,0.02287723519448813,500003000.0,0.0,5.97318194596621e-06,5e-06,7.557073052348702e-09,0.0,0.00044635299241569147,0.0,1.694133311859562e-06,0.0,0.004214261969799906,-0.0057857380302000945,0
333.0,270.93215332443265,519.7999948240246,0.0008702130614794377,0.02293424775197776,500003000.0,0.0,5.980718361980867e-06,5e-06,7.536416014656108e-09,0.0,0.000448044627420356,0.0,1.6937684577340754e-06,0.0,0.004213354372472824,-0.005786645627527176,0
334.0,270.9263666788051,519.5771602834266,0.0008691928586046788,0.022991278714306958,500003000.0,0.0,5.9882342528270335e-06,5e-06,7.515890846166996e-09,0.0,0.00044973590658721127,0.0,1.6934036850256817e-06,0.0,0.004212446977675825,-0.0057875530223241755,0
335.0,270.92057912578275,519.3543786466048,0.000868178221899582,0.023048328030121884,500003000.0,0.0,5.995729749016672e-06,5e-06,7.495496189638184e-09,0.0,0.0004514268299270035,0.0,1.6930389920459157e-06,0.0,0.0042115397812087455,-0.005788460218791255,0
336.0,270.91479066556394,519.1316499033752,0.0008671691010865894,0.023105395648771315,500003000.0,0.0,6.003204979723664e-06,5e-06,7.475230706992535e-09,0.0,0.0004531173974496156,0.0,1.6926743771343735e-06,0.0,0.004210632778941227,-0.005789367221058773,0
337.0,270.9090012983429,518.9089740437498,0.0008661654465313981,0.02316248152029847,500003000.0,0.0,6.010660072802611e-06,5e-06,7.45509307894669e-09,0.0,0.00045480760916407573,0.0,1.6923098386515962e-06,0.0,0.004209725966795015,-0.005790274033204985,0
338.0,270.9032110243097,518.6863510579325,0.0008651672092428504,0.023219585595420988,500003000.0,0.0,6.018095154807378e-06,5e-06,7.4350820047668125e-09,0.0,0.00045649746507858696,0.0,1.6919453749993607e-06,0.0,0.00420881934079443,-0.00579118065920557,0
339.0,270.8974198436505,518.4637809363157,0.0008641743408528449,0.02327670782552527,500003000.0,0.0,6.025510351009235e-06,5e-06,7.415196201857422e-09,0.0,0.00045818696520053676,0.0,1.6915809846015108e-06,0.0,0.004207912897018684,-0.005792087102981317,0
340.0,270.8916277565475,518.2412636694804,0.0008631867935975107,0.02333384816265887,500003000.0,0.0,6.032905785414603e-06,5e-06,7.395434405367137e-09,0.0,0.0004598761095364915,0.0,1.6912166658867334e-06,0.0,0.004207006631559039,-0.0057929933684409615,0
341.0,270.88583476317905,518.0187992481885,0.0008622045203352462,0.0233910065595075,500003000.0,0.0,6.040281580782718e-06,5e-06,7.375795368115482e-09,0.0,0.00046156489809224345,0.0,1.6908524173432542e-06,0.0,0.004206100540654861,-0.005793899459345139,0
342.0,270.8800408637197,517.7963876633837,0.000861227474503698,0.023448182969399347,500003000.0,0.0,6.047637858642719e-06,5e-06,7.3562778600008815e-09,0.0,0.00046325333087279466,0.0,1.690488237453437e-06,0.0,0.004205194620530938,-0.005794805379469062,0
343.0,270.87424605834025,517.5740289061846,0.0008602556101423771,0.02350537734629762,500003000.0,0.0,6.054974739310695e-06,5e-06,7.3368806679759654e-09,0.0,0.0004649414078824026,0.0,1.690124124756761e-06,0.0,0.004204288867554132,-0.005795711132445868,0
344.0,270.8684503472078,517.3517229678854,0.000859288881851755,0.023562589644768702,500003000.0,0.0,6.062292341906179e-06,5e-06,7.31760259548411e-09,0.0,0.0004666291291245648,0.0,1.6897600777877087e-06,0.0,0.004203383278078877,-0.005796616721921123,0
345.0,270.8626537304859,517.129469839952,0.0008583272448024304,0.023619819819978134,500003000.0,0.0,6.069590784368508e-06,5e-06,7.298442462328898e-09,0.0,0.00046831649460203883,0.0,1.6893960951116195e-06,0.0,0.004202477848536367,-0.005797522151463634,0
346.0,270.8568562083344,516.9072695140177,0.0008573706547297929,0.02367706782769805,500003000.0,0.0,6.076870183472932e-06,5e-06,7.279399104423361e-09,0.0,0.00047000350431687025,0.0,1.6890321753317936e-06,0.0,0.004201572575452222,-0.005798427424547778,0
347.0,270.85105778090985,516.6851219818813,0.0008564190679123678,0.023734333624294477,500003000.0,0.0,6.084130654846337e-06,5e-06,7.260471373405042e-09,0.0,0.00047169015827039514,0.0,1.688668317064072e-06,0.0,0.004200667455383264,-0.005799332544616736,0
348.0,270.84525844836526,516.4630272355064,0.000855472441161342,0.023791617166686277,500003000.0,0.0,6.091372312982688e-06,5e-06,7.2416581363510375e-09,0.0,0.00047337645646323853,0.0,1.6883045189330111e-06,0.0,0.004199762484907988,-0.005800237515092012,0
349.0,270.8394582108502,516.2409852670153,0.0008545307318327728,0.023848918412379634,500003000.0,0.0,6.098595271258377e-06,5e-06,7.2229582756889926e-09,0.0,0.00047506239889535403,0.0,1.6879407796126013e-06,0.0,0.004198857660727864,-0.005801142339272136,0
350.0,270.8336570685109,516.018996068688,0.0008535938977983634,0.023906237319434292,500003000.0,0.0,6.105799641947138e-06,5e-06,7.2043706887608474e-09,0.0,0.0004767479855660228,0.0,1.6875770977848463e-06,0.0,0.004197952979564295,-0.0058020470204357055,0
351.0,270.82785502149045,515.7970596329615,0.0008526618974373397,0.02396357384645167,500003000.0,0.0,6.1129855362347075e-06,5e-06,7.185894287570138e-09,0.0,0.00047843321647385133,0.0,1.6872134721396087e-06,0.0,0.00419704843815823,-0.00580295156184177,0
352.0,270.8220520699286,515.5751759524239,0.0008517346896468533,0.02402092795258714,500003000.0,0.0,6.120153064233397e-06,5e-06,7.167527998688946e-09,0.0,0.00048011809161680727,0.0,1.6868499014108984e-06,0.0,0.0041961440333604435,-0.005803855966639557,0
353.0,270.81624821396196,515.3533450198152,0.0008508122338119944,0.024078299597513595,500003000.0,0.0,6.127302334996225e-06,5e-06,7.149270762827853e-09,0.0,0.00048180261099220933,0.0,1.6864863843328757e-06,0.0,0.004195239762022078,-0.005804760237977922,0
354.0,270.81044345372396,515.1315668280216,0.0008498944898183686,0.024135688741442205,500003000.0,0.0,6.134433456530993e-06,5e-06,7.131121534768428e-09,0.0,0.000483486774596759,0.0,1.686122919679889e-06,0.0,0.004194335621094252,-0.005805664378905748,0
355.0,270.80463778934507,514.9098413700767,0.000848981418022708,0.024193095345089125,500003000.0,0.0,6.14154653581394e-06,5e-06,7.1130792829461896e-09,0.0,0.0004851705824265296,0.0,1.6857595062229949e-06,0.0,0.004193431607519888,-0.0058065683924801124,0
356.0,270.7988312209526,514.6881686391562,0.000848072979266968,0.024250519369685065,500003000.0,0.0,6.148641678803342e-06,5e-06,7.0951429894025194e-09,0.0,0.0004868540344769949,0.0,1.6853961427724947e-06,0.0,0.0041925277183395395,-0.005807472281660461,0
357.0,270.7930237486709,514.4665486285768,0.0008471691348568455,0.024307960776959427,500003000.0,0.0,6.155718990452783e-06,5e-06,7.077311649441157e-09,0.0,0.0004885371307430336,0.0,1.6850328281495736e-06,0.0,0.00419162395062083,-0.0058083760493791705,0
358.0,270.7872153726215,514.2449813317945,0.0008462698465561716,0.024365419529131623,500003000.0,0.0,6.162778574724205e-06,5e-06,7.059584271421584e-09,0.0,0.0004902198712189337,0.0,1.6846695611891458e-06,0.0,0.004190720301465537,-0.0058092796985344634,0
359.0,270.78140609292296,514.0234667424023,0.0008453750765830639,0.024422895588891953,500003000.0,0.0,6.169820534600775e-06,5e-06,7.041959876570212e-09,0.0,0.0004919022558984037,0.0,1.6843063407459728e-06,0.0,0.004189816768024808,-0.0058101832319751925,0
360.0,270.775595909691,513.8020048541279,0.0008444847876029648,0.02448038891943434,500003000.0,0.0,6.176844972099543e-06,5e-06,7.024437498768612e-09,0.0,0.0004935842847745855,0.0,1.6839431656943363e-06,0.0,0.0041889133474983485,-0.005811086652501652,0
361.0,270.7697848230385,513.5805956608302,0.0008435989427249879,0.02453789948441925,500003000.0,0.0,6.183851988283915e-06,5e-06,7.00701618437234e-09,0.0,0.0004952659578400712,0.0,1.683580034934069e-06,0.0,0.004188010037149426,-0.0058119899628505745,0
362.0,270.7639728330756,513.3592391564991,0.000842717505485616,0.024595427247948498,500003000.0,0.0,6.190841683275843e-06,5e-06,6.9896949919277095e-09,0.0,0.0004969472750869017,0.0,1.6832169473710659e-06,0.0,0.004187106834256382,-0.005812893165743618,0
363.0,270.7581599399099,513.1379353352536,0.0008418404398465504,0.02465297217458383,500003000.0,0.0,6.1978141562678524e-06,5e-06,6.9724729920094755e-09,0.0,0.0004986282365065736,0.0,1.6828539019257803e-06,0.0,0.004186203736133782,-0.005813796263866218,0
364.0,270.75234614364604,512.9166841913384,0.0008409677101941072,0.024710534229355773,500003000.0,0.0,6.204769505534926e-06,5e-06,6.955349267073883e-09,0.0,0.0005003088420900576,0.0,1.6824908975446283e-06,0.0,0.004185300740160767,-0.005814699259839233,0
365.0,270.7465314443862,512.6954857191226,0.000840099281326405,0.02476811337772146,500003000.0,0.0,6.211707828446139e-06,5e-06,6.9383229112132945e-09,0.0,0.0005019890918278043,0.0,1.6821279331867453e-06,0.0,0.004184397843748122,-0.005815602156251878,0
366.0,270.74071584223,512.4743399130977,0.000839235118450066,0.024825709585575274,500003000.0,0.0,6.218629221476132e-06,5e-06,6.92139302999255e-09,0.0,0.0005036689857097548,0.0,1.6817650078295285e-06,0.0,0.004183495044352061,-0.005816504955647939,0
367.0,270.7348993372743,512.2532467678761,0.0008383751871686878,0.024883322819237347,500003000.0,0.0,6.225533780216352e-06,5e-06,6.904558740220085e-09,0.0,0.000505348523725341,0.0,1.6814021204574664e-06,0.0,0.004182592339446434,-0.005817407660553566,0
368.0,270.72908192961376,512.0322062781889,0.0008375194534857317,0.02494095304546559,500003000.0,0.0,6.232421599386193e-06,5e-06,6.887819169840644e-09,0.0,0.0005070277058635032,0.0,1.6810392700796618e-06,0.0,0.004181689726566323,-0.005818310273433677,0
369.0,270.72326361934034,511.8112184388857,0.0008366678837857387,0.02499860023140292,500003000.0,0.0,6.239292772843845e-06,5e-06,6.871173457651979e-09,0.0,0.0005087065321126818,0.0,1.6806764557036397e-06,0.0,0.004180787203242885,-0.005819212796757115,0
370.0,270.71744440654356,511.59028324492846,0.0008358204448538706,0.02505626434463652,500003000.0,0.0,6.246147393597184e-06,5e-06,6.85462075333927e-09,0.0,0.0005103850024608592,0.0,1.6803136763859752e-06,0.0,0.0041798847671292915,-0.005820115232870709,0
371.0,270.71162429131067,511.369400691395,0.000834977103833631,0.02511394535313876,500003000.0,0.0,6.252985553814188e-06,5e-06,6.838160217004003e-09,0.0,0.0005120631168955293,0.0,1.6799509311584106e-06,0.0,0.004178982415816942,-0.005821017584183058,0
372.0,270.7058032737265,511.14857077347455,0.000834137828251157,0.025171643225277554,500003000.0,0.0,6.259807344833431e-06,5e-06,6.821791019242309e-09,0.0,0.0005137408754037247,0.0,1.6795882190876278e-06,0.0,0.004178080146984149,-0.005821919853015852,0
373.0,270.69998135387345,510.9277934864662,0.0008333025859983698,0.025229357929820458,500003000.0,0.0,6.266612857174318e-06,5e-06,6.805512340887516e-09,0.0,0.0005154182779720232,0.0,1.6792255392521161e-06,0.0,0.004177177958338597,-0.0058228220416614036,0
374.0,270.6941585318318,510.70706882577787,0.0008324713453272208,0.025287089435919324,500003000.0,0.0,6.2734021805471645e-06,5e-06,6.7893233728463415e-09,0.0,0.0005170953245865519,0.0,1.6788628907411314e-06,0.0,0.004176275847614755,-0.005823724152385245,0
375.0,270.68833480767944,510.4863967869232,0.0008316440748507226,0.025344837713113192,500003000.0,0.0,6.280175403863157e-06,5e-06,6.773223315992622e-09,0.0,0.0005187720152330041,0.0,1.678500272667174e-06,0.0,0.00417537381260491,-0.00582462618739509,0
376.0,270.68251018149203,510.2657773655219,0.0008308207435263623,0.02540260273130713,500003000.0,0.0,6.286932615244077e-06,5e-06,6.757211380919572e-09,0.0,0.0005204483498966333,0.0,1.6781376841427197e-06,0.0,0.004174471851101293,-0.0058255281488987076,0
377.0,270.67668465334316,510.0452105572982,0.0008300013206563157,0.025460384460770032,500003000.0,0.0,6.2936739020319085e-06,5e-06,6.741286787831466e-09,0.0,0.000522124328562258,0.0,1.6777751242906456e-06,0.0,0.0041735699609220045,-0.005826430039077996,0
378.0,270.6708582233041,509.8246963580771,0.0008291857758935801,0.02551818287215084,500003000.0,0.0,6.300399350798393e-06,5e-06,6.725448766485021e-09,0.0,0.0005237999512142879,0.0,1.6774125922665373e-06,0.0,0.004172668139966511,-0.00582733186003349,0
379.0,270.6650308914441,509.60423476378514,0.0008283740792175274,0.02557599793644893,500003000.0,0.0,6.307109047354278e-06,5e-06,6.709696555884413e-09,0.0,0.0005254752178367121,0.0,1.6770500872189302e-06,0.0,0.004171766386116742,-0.005828233613883258,0
380.0,270.6592026578302,509.38382577044723,0.0008275662009453601,0.025633829625018277,500003000.0,0.0,6.313803076758548e-06,5e-06,6.694029404270135e-09,0.0,0.0005271501284131176,0.0,1.6766876083220293e-06,0.0,0.0041708646973184806,-0.00582913530268152,0
381.0,270.6533735225275,509.1634693741872,0.0008267621117136493,0.025691677909555496,500003000.0,0.0,6.3204815233274145e-06,5e-06,6.678446568866988e-09,0.0,0.0005288246829266827,0.0,1.6763251547476719e-06,0.0,0.004169963071511622,-0.0058300369284883784,0
382.0,270.647543485599,508.94316557122454,0.0008259617824865431,0.02574954276212091,500003000.0,0.0,6.3271444706432645e-06,5e-06,6.662947315850142e-09,0.0,0.0005304988813601945,0.0,1.675962725691191e-06,0.0,0.004169061506694506,-0.0058309384933054945,0
383.0,270.64171254710567,508.72291435787383,0.0008251651845442007,0.025807424155093895,500003000.0,0.0,6.333792001563417e-06,5e-06,6.647530920152879e-09,0.0,0.0005321727236960527,0.0,1.6756003203570299e-06,0.0,0.004168160000888134,-0.005831839999111866,0
384.0,270.63588070710654,508.502715730543,0.0008243722894792501,0.025865322061197318,500003000.0,0.0,6.340424198228758e-06,5e-06,6.632196665341249e-09,0.0,0.0005338462099162748,0.0,1.6752379379604601e-06,0.0,0.004167258552140448,-0.005832741447859552,0
385.0,270.63004796565866,508.2825696857324,0.0008235830691914473,0.02592323645347476,500003000.0,0.0,6.347041142072234e-06,5e-06,6.616943843476024e-09,0.0,0.0005355193400025001,0.0,1.674875577725486e-06,0.0,0.004166357158521109,-0.005833642841478891,0
386.0,270.6242143228172,508.06247622003343,0.0008227974958856786,0.025981167305303143,500003000.0,0.0,6.3536429138272375e-06,5e-06,6.601771755003329e-09,0.0,0.0005371921139359976,0.0,1.6745132388894104e-06,0.0,0.004165455818132861,-0.005834544181867139,0
387.0,270.6183797786353,507.8424353301262,0.0008220155420691755,0.026039114590384976,500003000.0,0.0,6.360229593535878e-06,5e-06,6.586679708640509e-09,0.0,0.0005388645316976768,0.0,1.6741509207056596e-06,0.0,0.004164554529118556,-0.005835445470881444,0
388.0,270.6125443331644,507.6224470127797,0.00082123718054009,0.026097078282725082,500003000.0,0.0,6.366801260557072e-06,5e-06,6.571667021194517e-09,0.0,0.0005405365932680845,0.0,1.6737886224288545e-06,0.0,0.004163653289624016,-0.005836346710375984,0
389.0,270.606707986454,507.4025112648495,0.0008204623843911768,0.02615505835664619,500003000.0,0.0,6.373357993574575e-06,5e-06,6.55673301750315e-09,0.0,0.0005422082986274165,0.0,1.6734263433305085e-06,0.0,0.004162752097837086,-0.005837247902162914,0
390.0,270.60087073855186,507.1826280832782,0.0008196911269976686,0.02621305478677326,500003000.0,0.0,6.379899870604826e-06,5e-06,6.541877030251278e-09,0.0,0.000543879647755513,0.0,1.6730640826823709e-06,0.0,0.004161850951946196,-0.005838149048053804,0
391.0,270.59503258950383,506.9627974650913,0.0008189233820274537,0.026271067548047904,500003000.0,0.0,6.386426969004793e-06,5e-06,6.527098399966899e-09,0.0,0.0005455506406318829,0.0,1.6727018397851535e-06,0.0,0.004160949850211824,-0.005839050149788176,0
392.0,270.589193539354,506.7430194073974,0.0008181591234239958,0.026329096615700605,500003000.0,0.0,6.392939365479594e-06,5e-06,6.512396474800896e-09,0.0,0.000547221277235701,0.0,1.6723396139414857e-06,0.0,0.004160048790899218,-0.005839951209100782,0
393.0,270.5833535881449,506.5232939073886,0.0008173983253996524,0.02638714196525119,500003000.0,0.0,6.399437136089986e-06,5e-06,6.497770610391901e-09,0.0,0.000548891557545799,0.0,1.671977404449892e-06,0.0,0.004159147772263413,-0.005840852227736587,0
394.0,270.5775127359172,506.3036209623379,0.0008166409624443738,0.026445203572513017,500003000.0,0.0,6.4059203562598414e-06,5e-06,6.483220169854891e-09,0.0,0.0005505614815406832,0.0,1.6716152106301475e-06,0.0,0.004158246792612307,-0.005841753207387693,0
395.0,270.5716709827098,506.08400056959687,0.0008158870093211594,0.026503281413605386,500003000.0,0.0,6.412389100783507e-06,5e-06,6.468744523665425e-09,0.0,0.0005522310491985479,0.0,1.6712530318214659e-06,0.0,0.004157345850302154,-0.005842654149697846,0
396.0,270.5658283285601,505.8644327265965,0.0008151364410498019,0.0265613754648983,500003000.0,0.0,6.41884344383296e-06,5e-06,6.4543430494526955e-09,0.0,0.0005539002604972666,0.0,1.6708908673565115e-06,0.0,0.004156444943672915,-0.005843555056327086,0
397.0,270.55998477350374,505.64491743084557,0.0008143892329124185,0.026619485703061885,500003000.0,0.0,6.425283458964927e-06,5e-06,6.440015131967064e-09,0.0,0.0005555691154143974,0.0,1.6705287165799134e-06,0.0,0.0041555440710943125,-0.005844455928905688,0
398.0,270.5541403175748,505.4254546799293,0.0008136453604506668,0.026677612105032365,500003000.0,0.0,6.43170921912791e-06,5e-06,6.4257601629827176e-09,0.0,0.0005572376139271937,0.0,1.6701665788496655e-06,0.0,0.004154643230969317,-0.005845356769030683,0
399.0,270.5482949608058,505.2060444715084,0.0008129047994594621,0.02673575464802187,500003000.0,0.0,6.438120796669084e-06,5e-06,6.41157754117403e-09,0.0,0.000558905756012607,0.0,1.6698044535312146e-06,0.0,0.004153742421719439,-0.005846257578280561,0
400.0,270.5424487032275,504.98668680331747,0.0008121675259852965,0.026793913309514857,500003000.0,0.0,6.4445182633411135e-06,5e-06,6.397466672029672e-09,0.0,0.0005605735416472934,0.0,1.6694423400008787e-06,0.0,0.0041528416417932305,-0.00584715835820677,0
401.0,270.53660154486926,504.7673816731649,0.0008114335163194814,0.026852088067245327,500003000.0,0.0,6.450901690308841e-06,5e-06,6.3834269677279815e-09,0.0,0.0005622409708076136,0.0,1.6690802376387116e-06,0.0,0.004151940889648536,-0.005848059110351464,0
402.0,270.5307534857589,504.54812907893165,0.0008107027469974606,0.026910278899214983,500003000.0,0.0,6.457271148155903e-06,5e-06,6.3694578470615254e-09,0.0,0.0005639080434696382,0.0,1.6687181458337363e-06,0.0,0.004151040163765513,-0.005848959836234487,0
403.0,270.5249045259227,504.3289290185697,0.000809975194797559,0.02696848578369451,500003000.0,0.0,6.463626706891261e-06,5e-06,6.3555587353582786e-09,0.0,0.0005655747596091555,0.0,1.6683560639879317e-06,0.0,0.0041501394626565465,-0.005849860537343454,0
404.0,270.51905466538534,504.1097814901004,0.0008092508367380345,0.02702670869918979,500003000.0,0.0,6.469968435955652e-06,5e-06,6.341729064390592e-09,0.0,0.0005672411192016827,0.0,1.6679939915166307e-06,0.0,0.004149238784867241,-0.005850761215132759,0
405.0,270.5132039041702,503.890686491616,0.0008085296500613591,0.027084947624469672,500003000.0,0.0,6.476296404227838e-06,5e-06,6.327968272185469e-09,0.0,0.0005689071222224478,0.0,1.6676319278224347e-06,0.0,0.00414833812891153,-0.005851661871088471,0
406.0,270.50735224229913,503.6716440212767,0.0008078116122502055,0.027143202538539208,500003000.0,0.0,6.482610680030922e-06,5e-06,6.31427580308453e-09,0.0,0.0005705727686464132,0.0,1.6672698723344322e-06,0.0,0.004147437493369235,-0.0058525625066307655,0
407.0,270.5014996797925,503.45265407730983,0.0008070967010129606,0.027201473420660153,500003000.0,0.0,6.488911331138488e-06,5e-06,6.300651107566091e-09,0.0,0.0005722380584482747,0.0,1.6669078244844843e-06,0.0,0.0041465368768270755,-0.005853463123172925,0
408.0,270.49564621666934,503.2337166580092,0.0008063848942842373,0.027259760250324876,500003000.0,0.0,6.495198424780674e-06,5e-06,6.287093642185999e-09,0.0,0.0005739029916024678,0.0,1.6665457837143317e-06,0.0,0.004145636277896348,-0.0058543637221036525,0
409.0,270.48979185294723,503.01483176173474,0.0008056761702169042,0.027318063007271604,500003000.0,0.0,6.501472027650127e-06,5e-06,6.273602869453311e-09,0.0,0.000575567568083163,0.0,1.666183749465074e-06,0.0,0.004144735695186751,-0.005855264304813249,0
410.0,270.4839365886424,502.7959993869106,0.0008049705071883531,0.027376381671462207,500003000.0,0.0,6.507732205907945e-06,5e-06,6.2601782578180885e-09,0.0,0.0005772317878642809,0.0,1.6658217211960137e-06,0.0,0.004143835127353269,-0.005856164872646731,0
411.0,270.47808042376977,502.57721953202645,0.0008042678837830055,0.027434716223089132,500003000.0,0.0,6.5139790251894206e-06,5e-06,6.246819281475157e-09,0.0,0.0005788956509194766,0.0,1.6654596983542208e-06,0.0,0.00414293457302045,-0.0058570654269795505,0
412.0,270.4722233583428,502.35849219563227,0.0008035682788169124,0.02749306664259496,500003000.0,0.0,6.520212550609917e-06,5e-06,6.233525420496237e-09,0.0,0.00058055915722218,0.0,1.6650976804312033e-06,0.0,0.004142034030923392,-0.005857965969076609,0
413.0,270.4663653923737,502.13981737634225,0.0008028716712973716,0.027551432910618307,500003000.0,0.0,6.526432846770375e-06,5e-06,6.220296160458075e-09,0.0,0.0005822223067455597,0.0,1.6647356668848313e-06,0.0,0.004141133499713511,-0.005858866500286489,0
414.0,270.4605065258734,501.9211950728318,0.0008021780404487556,0.02760981500803921,500003000.0,0.0,6.532639977762961e-06,5e-06,6.207130992586161e-09,0.0,0.0005838850994625449,0.0,1.6643736571983744e-06,0.0,0.004140232978105409,-0.005859767021894591,0
415.0,270.45464675885154,501.70262528383535,0.0008014873657063168,0.027668212915957616,500003000.0,0.0,6.538834007176612e-06,5e-06,6.1940294136501256e-09,0.0,0.0005855475353458392,0.0,1.6640116508731417e-06,0.0,0.004139332464858561,-0.005860667535141439,0
416.0,270.4487860913164,501.48410800814776,0.0008007996266998729,0.027726626615678537,500003000.0,0.0,6.545014998102394e-06,5e-06,6.1809909257823136e-09,0.0,0.000587209614367908,0.0,1.6636496473999626e-06,0.0,0.004138431958706375,-0.005861568041293625,0
417.0,270.4429245232751,501.2656432446242,0.0008001148032559517,0.027785056088720818,500003000.0,0.0,6.551183013138835e-06,5e-06,6.168015036440401e-09,0.0,0.0005888713365009746,0.0,1.6632876462688706e-06,0.0,0.004137531458380275,-0.005862468541619725,0
418.0,270.4370620547335,501.04723099217523,0.0007994328754157297,0.027843501316837736,500003000.0,0.0,6.557338114397327e-06,5e-06,6.155101258492163e-09,0.0,0.0005905327017170576,0.0,1.662925647011648e-06,0.0,0.004136630962715542,-0.005863369037284458,0
419.0,270.4311986856962,500.82887124977105,0.0007987538233956424,0.027901962281954518,500003000.0,0.0,6.563480363507186e-06,5e-06,6.14224910985918e-09,0.0,0.0005921937099879338,0.0,1.6625636491249983e-06,0.0,0.004135730470460194,-0.005864269529539806,0
420.0,270.42533441616666,500.6105640164377,0.0007980776276167668,0.027960438966237428,500003000.0,0.0,6.569609821620878e-06,5e-06,6.129458113691782e-09,0.0,0.0005938543612851663,0.0,1.6622016521367192e-06,0.0,0.004134829980439601,-0.0058651700195604,0
421.0,270.4194692461471,500.3923092912565,0.0007974042686897105,0.0280189313520326,500003000.0,0.0,6.57572654941908e-06,5e-06,6.1167277982016295e-09,0.0,0.0005955146555801054,0.0,1.661839655579245e-06,0.0,0.0041339294914906595,-0.005866070508509341,0
422.0,270.4136031756386,500.17410707336427,0.0007967337274090146,0.028077439421894092,500003000.0,0.0,6.581830607115649e-06,5e-06,6.104057696568846e-09,0.0,0.000597174592843884,0.0,1.6614776589828584e-06,0.0,0.004133029002444921,-0.005866970997555079,0
423.0,270.4077362046411,499.95595736195185,0.0007960659847584666,0.028135963158587053,500003000.0,0.0,6.587922054462582e-06,5e-06,6.09144734693362e-09,0.0,0.0005988341730474284,0.0,1.6611156618915939e-06,0.0,0.0041321285121681435,-0.005867871487831857,0
424.0,270.40186833315323,499.7378601562634,0.0007954010219041321,0.028194502545046723,500003000.0,0.0,6.594000950754877e-06,5e-06,6.078896292294327e-09,0.0,0.0006004933961614593,0.0,1.6607536638534621e-06,0.0,0.004131228019535976,-0.005868771980464024,0
425.0,270.39599956117274,499.51981545559704,0.0007947388201883913,0.0282530575644203,500003000.0,0.0,6.600067354835291e-06,5e-06,6.0664040804144155e-09,0.0,0.0006021522621564853,0.0,1.6603916644126584e-06,0.0,0.0041303275234145734,-0.005869672476585427,0
426.0,270.39012988869615,499.301823259303,0.0007940793611364949,0.028311628200042353,500003000.0,0.0,6.606121325099117e-06,5e-06,6.0539702638257255e-09,0.0,0.0006038107710028143,0.0,1.6600296631278767e-06,0.0,0.0041294270227061605,-0.00587057297729384,0
427.0,270.38425931571885,499.0838835667822,0.0007934226264527652,0.028370214435429787,500003000.0,0.0,6.61216291949887e-06,5e-06,6.041594399753188e-09,0.0,0.0006054689226705623,0.0,1.6596676595689362e-06,0.0,0.004128526516340637,-0.005871473483659363,0
428.0,270.3783878422352,498.8659963774875,0.0007927685980093707,0.02842881625429459,500003000.0,0.0,6.618192195548854e-06,5e-06,6.029276049983955e-09,0.0,0.0006071267171296424,0.0,1.6593056532977723e-06,0.0,0.00412762600322829,-0.0058723739967717105,0
429.0,270.3725154682384,498.6481616909197,0.0007921172578621146,0.0284874336405312,500003000.0,0.0,6.624209210329797e-06,5e-06,6.017014780942938e-09,0.0,0.0006087841543497923,0.0,1.6589436439059159e-06,0.0,0.004126725482353025,-0.005873274517646975,0
430.0,270.3666421937208,498.4303795066324,0.0007914685882169497,0.028546066578204056,500003000.0,0.0,6.630214020493191e-06,5e-06,6.004810163394291e-09,0.0,0.0006104412343005346,0.0,1.6585816309486826e-06,0.0,0.004125824952608663,-0.005874175047391337,0
431.0,270.3607680186734,498.21264982422537,0.0007908225714696087,0.028604715051579202,500003000.0,0.0,6.63620668226589e-06,5e-06,5.992661772699379e-09,0.0,0.000612097956951226,0.0,1.6582196140325249e-06,0.0,0.004124924413016231,-0.005875075586983769,0
432.0,270.35489294308644,497.99497264334775,0.0007901791901676494,0.028663379045077524,500003000.0,0.0,6.642187251454376e-06,5e-06,5.980569188485874e-09,0.0,0.0006137543222710307,0.0,1.6578575927396986e-06,0.0,0.004124023862536564,-0.005875976137463436,0
433.0,270.34901696694897,497.7773479636957,0.0007895384270289769,0.028722058543307376,500003000.0,0.0,6.648155783449123e-06,5e-06,5.968531994746557e-09,0.0,0.000615410330228936,0.0,1.6574955666712645e-06,0.0,0.004123123300177276,-0.005876876699822725,0
434.0,270.34314009024916,497.5597757850139,0.0007889002649253074,0.028780753531041075,500003000.0,0.0,6.6541123332287956e-06,5e-06,5.956549779672918e-09,0.0,0.0006170659807937383,0.0,1.6571335354164723e-06,0.0,0.004122222724916598,-0.005877777275083402,0
435.0,270.3372623129741,497.3422561070913,0.0007882646869019714,0.028839463993241866,500003000.0,0.0,6.66005695536456e-06,5e-06,5.944622135764252e-09,0.0,0.0006187212739340749,0.0,1.6567714985984357e-06,0.0,0.004121322135817004,-0.0058786778641829966,0
436.0,270.3313836351099,497.12478892976407,0.0007876316761487817,0.028898189915013292,500003000.0,0.0,6.665989704024128e-06,5e-06,5.932748659567623e-09,0.0,0.0006203762096183971,0.0,1.6564094558168854e-06,0.0,0.0041204215318828,-0.0058795784681172,0
437.0,270.32550405664176,496.90737425291326,0.0007870012160183412,0.028956931281650854,500003000.0,0.0,6.671910632975905e-06,5e-06,5.9209289517769074e-09,0.0,0.0006220307878149888,0.0,1.6560474066905867e-06,0.0,0.004119520912165639,-0.005880479087834361,0
438.0,270.31962357755395,496.69001207646517,0.0007863732900139296,0.029015688078590975,500003000.0,0.0,6.6778197955930075e-06,5e-06,5.909162617102715e-09,0.0,0.0006236850084919593,0.0,1.6556853508357357e-06,0.0,0.004118620275710785,-0.005881379724289215,0
439.0,270.31374219782964,496.4727024003879,0.0007857478818019994,0.029074460291464568,500003000.0,0.0,6.683717244857336e-06,5e-06,5.897449264328187e-09,0.0,0.0006253388716172705,0.0,1.6553232878961246e-06,0.0,0.004117719621632151,-0.005882280378367849,0
440.0,270.30785991745125,496.25544522469556,0.0007851249751814765,0.029133247906024312,500003000.0,0.0,6.689603033363377e-06,5e-06,5.8857885060408505e-09,0.0,0.0006269923771586996,0.0,1.6549612174822062e-06,0.0,0.004116818948960712,-0.005883181051039289,0
441.0,270.3019767364002,496.0382405494444,0.000784504554112167,0.029192050908211097,500003000.0,0.0,6.695477213322186e-06,5e-06,5.874179958809202e-09,0.0,0.0006286455250838686,0.0,1.6545991392346715e-06,0.0,0.004115918256802666,-0.005884081743197335,0
442.0,270.296092654657,495.8210883747328,0.0007838866026994068,0.029250869284118856,500003000.0,0.0,6.701339836565216e-06,5e-06,5.8626232430309214e-09,0.0,0.0006302983153602426,0.0,1.6542370527957768e-06,0.0,0.004115017544268101,-0.005884982455731899,0
443.0,270.2902076722013,495.60398870070145,0.0007832711051906065,0.029309703019984434,500003000.0,0.0,6.707190954548088e-06,5e-06,5.851117982871317e-09,0.0,0.0006319507479551264,0.0,1.6538749578056506e-06,0.0,0.004114116810461818,-0.005885883189538183,0
444.0,270.28432178901176,495.38694152753123,0.0007826580459828143,0.0293685521022034,500003000.0,0.0,6.713030618354372e-06,5e-06,5.839663806284588e-09,0.0,0.0006336028228356782,0.0,1.6535128539218307e-06,0.0,0.004113216054531917,-0.005886783945468084,0
445.0,270.2784350050663,495.1699468554446,0.0007820474096075473,0.029427416517334028,500003000.0,0.0,6.718858878699238e-06,5e-06,5.828260344865781e-09,0.0,0.0006352545399688982,0.0,1.6531507407907346e-06,0.0,0.0041123152755988416,-0.005887684724401159,0
446.0,270.27254732034186,494.95300468470396,0.000781439180740987,0.029486296252064708,500003000.0,0.0,6.72467578593313e-06,5e-06,5.816907233892795e-09,0.0,0.0006369058993216391,0.0,1.6527886180726626e-06,0.0,0.004111414472817569,-0.005888585527182431,0
447.0,270.26665873481465,494.7361150156122,0.0007808333441930411,0.02954519129325165,500003000.0,0.0,6.7304813900453415e-06,5e-06,5.805604112211165e-09,0.0,0.0006385569008605987,0.0,1.652426485422078e-06,0.0,0.004110513645328552,-0.005889486354671448,0
448.0,270.26076924846,494.5192778485117,0.0007802298849131742,0.02960410162787682,500003000.0,0.0,6.7362757406675855e-06,5e-06,5.7943506222443844e-09,0.0,0.0006402075445523273,0.0,1.6520643425033087e-06,0.0,0.0041096127922967875,-0.005890387207703213,0
449.0,270.2548788612523,494.3024931837813,0.0007796287879955648,0.02966302724308881,500003000.0,0.0,6.742058887077585e-06,5e-06,5.783146409999322e-09,0.0,0.0006418578303632509,0.0,1.651702189004838e-06,0.0,0.0041087119129473585,-0.005891288087052642,0
450.0,270.2489875731652,494.08576102184037,0.0007790300386500724,0.029721968126157287,500003000.0,0.0,6.747830878202403e-06,5e-06,5.771991124818526e-09,0.0,0.0006435077582596338,0.0,1.6513400245810334e-06,0.0,0.004107811006420482,-0.005892188993579519,0
451.0,270.2430953841716,493.8690813631457,0.0007784336222298073,0.029780924264506743,500003000.0,0.0,6.753591762621956e-06,5e-06,5.7608844195533766e-09,0.0,0.0006451573282076042,0.0,1.6509778489138086e-06,0.0,0.004106910071924897,-0.0058930899280751035,0
452.0,270.23720229424356,493.65245420819105,0.0007778395242176313,0.02983989564570126,500003000.0,0.0,6.759341588572389e-06,5e-06,5.749825950432521e-09,0.0,0.0006468065401731559,0.0,1.6506156616872057e-06,0.0,0.004106009108674641,-0.005893990891325359,0
453.0,270.23130830335225,493.43587955750684,0.0007772477302247272,0.0298988822574331,500003000.0,0.0,6.7650804039494096e-06,5e-06,5.7388153770206074e-09,0.0,0.0006484553941221468,0.0,1.6502534625875076e-06,0.0,0.004105108115889322,-0.005894891884110678,0
454.0,270.22541341146814,493.2193574116596,0.00077665822599124,0.02995788408754834,500003000.0,0.0,6.770808256311602e-06,5e-06,5.7278523621927234e-09,0.0,0.0006501038900203053,0.0,1.6498912513076995e-06,0.0,0.004104207092805222,-0.005895792907194778,0
455.0,270.21951761856093,493.0028877712522,0.0007760709973798817,0.030016901124003494,500003000.0,0.0,6.77652519288366e-06,5e-06,5.716936572057384e-09,0.0,0.0006517520278332229,0.0,1.6495290275369378e-06,0.0,0.004103306038649099,-0.005896693961350901,0
456.0,270.2136209245996,492.78647063692364,0.0007754860303772512,0.030075933354911516,500003000.0,0.0,6.782231260559597e-06,5e-06,5.70606767593699e-09,0.0,0.000653399807526356,0.0,1.649166790966356e-06,0.0,0.0041024049526526265,-0.005897595047347374,0
457.0,270.2077233295522,492.57010600934643,0.0007749033111020934,0.03013498076850337,500003000.0,0.0,6.787926505905996e-06,5e-06,5.695245346399568e-09,0.0,0.0006550472290650454,0.0,1.6488045413096416e-06,0.0,0.004101503834103586,-0.005898496165896414,0
458.0,270.2018248333863,492.3537938892292,0.000774322825782721,0.030194043353144063,500003000.0,0.0,6.793610975165061e-06,5e-06,5.684469259064082e-09,0.0,0.0006566942924144928,0.0,1.6484422782579156e-06,0.0,0.004100602682233621,-0.005899397317766379,0
459.0,270.19592543606853,492.1375342773144,0.0007737445607759975,0.030253121097321572,500003000.0,0.0,6.799284714257773e-06,5e-06,5.673739092712044e-09,0.0,0.0006583409975397794,0.0,1.648080001523031e-06,0.0,0.004099701496325947,-0.005900298503674053,0
460.0,270.1900251375649,491.9213271743776,0.0007731685025574569,0.03031221398966576,500003000.0,0.0,6.80494776878696e-06,5e-06,5.6630545291870555e-09,0.0,0.0006599873444058661,0.0,1.647717710819415e-06,0.0,0.004098800275670187,-0.005901199724329813,0
461.0,270.1841239378405,491.7051725812272,0.0007725946377215772,0.03037132201892216,500003000.0,0.0,6.810600184040329e-06,5e-06,5.652415253369507e-09,0.0,0.0006616333329775994,0.0,1.6473554058674765e-06,0.0,0.004097899019570837,-0.005902100980429164,0
462.0,270.1782218368601,491.48907049870587,0.000772022952971174,0.030430445173958622,500003000.0,0.0,6.8162420049934015e-06,5e-06,5.64182095307213e-09,0.0,0.0006632789632196939,0.0,1.6469930863737503e-06,0.0,0.004096997727297887,-0.005903002272702114,0
463.0,270.1723188345874,491.2730209276886,0.0007714534351303895,0.030489583443769456,500003000.0,0.0,6.82187327631251e-06,5e-06,5.631271319108621e-09,0.0,0.0006649242350967486,0.0,1.6466307520613472e-06,0.0,0.0040960963981625555,-0.005903903601837445,0
464.0,270.1664149309855,491.05702386908155,0.0007708860711401088,0.030548736817468947,500003000.0,0.0,6.827494042357744e-06,5e-06,5.6207660452338045e-09,0.0,0.0006665691485732541,0.0,1.6462684026629161e-06,0.0,0.004095195031499792,-0.0059048049685002085,0
465.0,270.160510126017,490.84107932382324,0.0007703208480474493,0.030607905284298745,500003000.0,0.0,6.833104347185785e-06,5e-06,5.610304828041189e-09,0.0,0.0006682137036135809,0.0,1.645906037900856e-06,0.0,0.0040942936266190446,-0.005905706373380956,0
466.0,270.15460441964365,490.62518729288365,0.0007697577530130803,0.03066708883360836,500003000.0,0.0,6.838704234552776e-06,5e-06,5.599887366991129e-09,0.0,0.0006698579001819857,0.0,1.645543657505587e-06,0.0,0.004093392182849719,-0.005906607817150281,0
467.0,270.1486978118265,490.40934777726255,0.000769196773312647,0.030726287454876697,500003000.0,0.0,6.8442937479171725e-06,5e-06,5.589513364396003e-09,0.0,0.000671501738242624,0.0,1.6451812612212194e-06,0.0,0.004092490699555272,-0.005907509300444728,0
468.0,270.142790302526,490.1935607779913,0.000768637896322296,0.03078550113768505,500003000.0,0.0,6.849872930442463e-06,5e-06,5.579182525290314e-09,0.0,0.0006731452177595328,0.0,1.6448188487771577e-06,0.0,0.004091589176062582,-0.0059084108239374185,0
469.0,270.13688189170205,489.97782629613147,0.0007680811095295904,0.030844729871736767,500003000.0,0.0,6.855441824999949e-06,5e-06,5.568894557485865e-09,0.0,0.0006747883386966414,0.0,1.6444564199139785e-06,0.0,0.0040906876117263145,-0.005909312388273686,0
470.0,270.1309725793138,489.7621443327746,0.000767526400527728,0.030903973646853596,500003000.0,0.0,6.8610004741714546e-06,5e-06,5.55864917150576e-09,0.0,0.0006764311010177701,0.0,1.6440939743735665e-06,0.0,0.004089786005904394,-0.005910213994095606,0
471.0,270.1250623653197,489.5465148890412,0.0007669737570184601,0.030963232452966925,500003000.0,0.0,6.866548920252036e-06,5e-06,5.5484460805819105e-09,0.0,0.0006780735046866394,0.0,1.643731511907847e-06,0.0,0.004088884357979719,-0.005911115642020281,0
472.0,270.1191512496777,489.3309379660803,0.0007664231668069944,0.03102250628011715,500003000.0,0.0,6.872087205252631e-06,5e-06,5.538285000594787e-09,0.0,0.0006797155496668704,0.0,1.643369032270312e-06,0.0,0.004087982667339085,-0.005912017332660916,0
473.0,270.11323923234505,489.1154135650697,0.0007658746178001423,0.031081795118450457,500003000.0,0.0,6.877615370902668e-06,5e-06,5.528165650037102e-09,0.0,0.000681357235921982,0.0,1.6430065352144415e-06,0.0,0.004087080933369258,-0.005912919066630743,0
474.0,270.1073263132784,488.8999416872162,0.0007653280980036434,0.031141098958235768,500003000.0,0.0,6.88313345865264e-06,5e-06,5.518087749971978e-09,0.0,0.000682998563415387,0.0,1.6426440204903355e-06,0.0,0.0040861791554485955,-0.005913820844551405,0
475.0,270.10141249243384,488.68452233375467,0.0007647835955267044,0.031200417789835774,500003000.0,0.0,6.888641509676684e-06,5e-06,5.508051024043436e-09,0.0,0.0006846395321103999,0.0,1.642281487856798e-06,0.0,0.004085277332977109,-0.005914722667022891,0
476.0,270.09549776976684,488.4691555059482,0.0007642410985755998,0.031259751603714823,500003000.0,0.0,6.894139564875092e-06,5e-06,5.498055198408237e-09,0.0,0.0006862801419702316,0.0,1.6419189370699102e-06,0.0,0.004084375465348035,-0.0059156245346519655,0
477.0,270.08958214523216,488.2538412050849,0.0007637005954675332,0.03131910039047855,500003000.0,0.0,6.8996276648769065e-06,5e-06,5.488100001813884e-09,0.0,0.0006879203929580174,0.0,1.6415563679151339e-06,0.0,0.004083473552027697,-0.005916526447972303,0
478.0,270.0836656187842,488.0385794324831,0.0007631620745940535,0.03137846414077552,500003000.0,0.0,6.90510585004222e-06,5e-06,5.478185165314163e-09,0.0,0.0006895602850367698,0.0,1.6411937801308902e-06,0.0,0.004082571592365398,-0.005917428407634602,0
479.0,270.07774819037655,487.8233701894844,0.0007626255244703318,0.0314378428454264,500003000.0,0.0,6.910574160464823e-06,5e-06,5.46831042260229e-09,0.0,0.000691199818169437,0.0,1.6408311735167787e-06,0.0,0.004081669585862634,-0.005918330414137366,0
480.0,270.0718298599624,487.6082134774595,0.0007620909336824742,0.03149723649529832,500003000.0,0.0,6.916032635974435e-06,5e-06,5.458475509611669e-09,0.0,0.0006928389923188527,0.0,1.6404685478224217e-06,0.0,0.004080767531896571,-0.005919232468103429,0
481.0,270.0659106274943,487.393109297804,0.0007615582909257415,0.0315566450813866,500003000.0,0.0,6.921481316139204e-06,5e-06,5.448680164769826e-09,0.0,0.0006944778074477678,0.0,1.6401059028318795e-06,0.0,0.004079865429930048,-0.005920134570069952,0
482.0,270.0599904929242,487.1780576519387,0.0007610275849868203,0.03161606859478189,500003000.0,0.0,6.926920240268055e-06,5e-06,5.438924128850861e-09,0.0,0.0006961162635188492,0.0,1.639743238327655e-06,0.0,0.004078963279422028,-0.0059210367205779725,0
483.0,270.05406945620365,486.9630585413114,0.0007604988047363234,0.031675507026671164,500003000.0,0.0,6.9323494474129565e-06,5e-06,5.429207144902066e-09,0.0,0.000697754360494661,0.0,1.6393805540766136e-06,0.0,0.004078061079792571,-0.005921938920207429,0
484.0,270.04814751728344,486.748111967393,0.0007599719391504935,0.03173496036834061,500003000.0,0.0,6.937768976371336e-06,5e-06,5.419528958379362e-09,0.0,0.0006993920983376985,0.0,1.6390178498788868e-06,0.0,0.004077158830544494,-0.005922841169455506,0
485.0,270.04222467611396,486.5332179316801,0.0007594469772846704,0.03179442861116921,500003000.0,0.0,6.943178865688274e-06,5e-06,5.409889316938312e-09,0.0,0.0007010294770103632,0.0,1.6386551255127152e-06,0.0,0.004076256531126157,-0.005923743468873843,0
486.0,270.0363009326451,486.3183764356944,0.0007589239082842375,0.03185391174663843,500003000.0,0.0,6.948579153658768e-06,5e-06,5.400287970493371e-09,0.0,0.0007026664964749667,0.0,1.638292380760076e-06,0.0,0.004075354180995214,-0.005924645819004786,0
487.0,270.0303762868261,486.1035874809814,0.0007584027213877593,0.03191340976631533,500003000.0,0.0,6.953969878329989e-06,5e-06,5.3907246712212764e-09,0.0,0.0007043031566937406,0.0,1.6379296154154866e-06,0.0,0.004074451779640513,-0.005925548220359487,0
488.0,270.0244507386057,485.88885106910936,0.0007578834059236862,0.03197292266187286,500003000.0,0.0,6.959351077503508e-06,5e-06,5.381199173518827e-09,0.0,0.0007059394576288443,0.0,1.637566829280895e-06,0.0,0.0040735493265693905,-0.00592645067343061,0
489.0,270.0185242879323,485.67416720167193,0.0007573659512963881,0.032032450425061317,500003000.0,0.0,6.9647227887373935e-06,5e-06,5.371711233885419e-09,0.0,0.0007075753992423417,0.0,1.6372040221374389e-06,0.0,0.00407264682123741,-0.0059273531787625905,0
490.0,270.0125969347535,485.4595358802846,0.0007568503470078979,0.03209199304774116,500003000.0,0.0,6.970085049348453e-06,5e-06,5.362260611059386e-09,0.0,0.0007092109814962284,0.0,1.6368411937943936e-06,0.0,0.004071744263170134,-0.0059282557368298665,0
491.0,270.0066686790167,485.24495710658726,0.0007563365826348059,0.03215155052183893,500003000.0,0.0,6.975437896414289e-06,5e-06,5.352847065836155e-09,0.0,0.0007108462043524114,0.0,1.6364783440411191e-06,0.0,0.0040708416518435795,-0.005929158348156421,0
492.0,270.0007395206685,485.0304308822407,0.000755824647849549,0.032211122839395805,500003000.0,0.0,6.9807813667754905e-06,5e-06,5.343470361201525e-09,0.0,0.0007124810677727349,0.0,1.6361154726950205e-06,0.0,0.004069938986803533,-0.005930061013196467,0
493.0,269.9948094596553,484.81595720893034,0.0007553145323927043,0.032270709992528825,500003000.0,0.0,6.986115497037609e-06,5e-06,5.334130262118163e-09,0.0,0.0007141155717189498,0.0,1.635752579543429e-06,0.0,0.004069036267520967,-0.005930963732479033,0
494.0,269.98887849592285,484.60153608836316,0.0007548062260975683,0.03233031197343899,500003000.0,0.0,6.991440323573291e-06,5e-06,5.324826535682446e-09,0.0,0.0007157497161527372,0.0,1.635389664398665e-06,0.0,0.004068133493529018,-0.005931866506470982,0
495.0,269.9829466294164,484.3871675222671,0.0007542997188798038,0.032389928774425564,500003000.0,0.0,6.996755882524325e-06,5e-06,5.315558951034129e-09,0.0,0.0007173835010357117,0.0,1.6350267270774636e-06,0.0,0.0040672306643718,-0.0059327693356282,0
496.0,269.9770138600808,484.17285151239173,0.0007537950007324631,0.032449560387871675,500003000.0,0.0,7.002062209803629e-06,5e-06,5.306327279304605e-09,0.0,0.000719016926329416,0.0,1.6346637673919767e-06,0.0,0.0040663277795820315,-0.005933672220417969,0
497.0,269.97108018786037,483.9585880605095,0.0007532920617224042,0.03250920680622794,500003000.0,0.0,7.0073593410972045e-06,5e-06,5.297131293575376e-09,0.0,0.0007206499919953089,0.0,1.6343007851437548e-06,0.0,0.0040654248386660565,-0.005934575161333944,0
498.0,269.965145612699,483.7443771684126,0.000752790892006109,0.03256886802206683,500003000.0,0.0,7.012647311866177e-06,5e-06,5.2879707689731126e-09,0.0,0.0007222826979947898,0.0,1.6339377801598342e-06,0.0,0.004064521841193617,-0.005935478158806383,0
499.0,269.9592101345402,483.5302188379158,0.0007522914818065938,0.03262854402799591,500003000.0,0.0,7.0179261573486685e-06,5e-06,5.27884548249122e-09,0.0,0.0007239150442891745,0.0,1.633574752244354e-06,0.0,0.004063618786677497,-0.005936381213322503,0
500.0,269.9532737533269,483.316113070853,0.0007517938214362862,0.032688234816740186,500003000.0,0.0,7.0231959125618034e-06,5e-06,5.269755213134781e-09,0.0,0.0007255470308397231,0.0,1.6332117012299481e-06,0.0,0.004062715674701363,-0.005937284325298637,0
501.0,269.94733646900164,483.1020598690788,0.0007512979012768601,0.03274794038110687,500003000.0,0.0,7.028456612303567e-06,5e-06,5.260699741763288e-09,0.0,0.0007271786576076252,0.0,1.6328486269356439e-06,0.0,0.004061812504815035,-0.005938187495184965,0
502.0,269.94139828150645,482.8880592344679,0.000750803711787292,0.032807660713951456,500003000.0,0.0,7.0337082911546985e-06,5e-06,5.251678851131875e-09,0.0,0.000728809924554004,0.0,1.6324855291860291e-06,0.0,0.004060909276582162,-0.005939090723417838,0
503.0,269.93545919078304,482.6741111689158,0.0007503112434982665,0.032867395808254374,500003000.0,0.0,7.038950983480536e-06,5e-06,5.242692325836963e-09,0.0,0.0007304408316399105,0.0,1.6321224078007327e-06,0.0,0.004060005989554061,-0.005939994010445939,0
504.0,269.9295191967726,482.46021567433723,0.0007498204870182407,0.03292714565702971,500003000.0,0.0,7.0441847234328796e-06,5e-06,5.23373995234371e-09,0.0,0.0007320713788263332,0.0,1.6317592626092507e-06,0.0,0.004059102643306593,-0.005940897356693407,0
505.0,269.9235782994159,482.246372752665,0.0007493314330343365,0.03298691025341319,500003000.0,0.0,7.049409544951857e-06,5e-06,5.224821518977256e-09,0.0,0.0007337015660742092,0.0,1.6313960934545283e-06,0.0,0.004058199237449075,-0.005941800762550925,0
506.0,269.91763649865334,482.0325824058531,0.00074884407229293,0.03304668959058985,500003000.0,0.0,7.05462548176763e-06,5e-06,5.215936815772751e-09,0.0,0.0007353313933443966,0.0,1.6310329001522665e-06,0.0,0.004057295771523051,-0.005942704228476949,0
507.0,269.9116937944249,481.8188446358744,0.0007483583956190387,0.033106483661816316,500003000.0,0.0,7.059832567402226e-06,5e-06,5.2070856345963335e-09,0.0,0.0007369608605976904,0.0,1.6306696825347044e-06,0.0,0.004056392245111205,-0.005943607754888796,0
508.0,269.90575018667,481.6051594447191,0.0007478743939165076,0.03316629246045631,500003000.0,0.0,7.0650308351713584e-06,5e-06,5.198267769131904e-09,0.0,0.0007385899677948397,0.0,1.6303064404526256e-06,0.0,0.004055488657842352,-0.005944511342157648,0
509.0,269.89980567532785,481.3915268343972,0.0007473920581466839,0.033226115979921755,500003000.0,0.0,7.070220318186077e-06,5e-06,5.189483014718735e-09,0.0,0.00074021871489652,0.0,1.6299431737303843e-06,0.0,0.004054585009279563,-0.0059454149907204375,0
510.0,269.89386026033714,481.1779468069358,0.0007469113793518454,0.033285954213711916,500003000.0,0.0,7.075401049354577e-06,5e-06,5.180731168500591e-09,0.0,0.0007418471018633591,0.0,1.6295798822185183e-06,0.0,0.004053681299051041,-0.005946318700948959,0
511.0,269.8879139416362,480.96441936438157,0.0007464323486320866,0.033345807155395424,500003000.0,0.0,7.080573061383829e-06,5e-06,5.172012029251483e-09,0.0,0.0007434751286559132,0.0,1.629216565744818e-06,0.0,0.004052777526728403,-0.0059472224732715975,0
512.0,269.88196671916296,480.7509445087978,0.0007459549571674687,0.033405674798608564,500003000.0,0.0,7.085736386781345e-06,5e-06,5.163325397515869e-09,0.0,0.000745102795234693,0.0,1.6288532241641555e-06,0.0,0.004051873691950636,-0.005948126308049364,0
513.0,269.8760185928549,480.5375222422653,0.0007454791961998551,0.03346555713707749,500003000.0,0.0,7.090891057856814e-06,5e-06,5.154671075469294e-09,0.0,0.0007467301015601509,0.0,1.6284898573203058e-06,0.0,0.004050969794329119,-0.0059490302056708815,0
514.0,269.87006956264923,480.32415256688375,0.0007450050570341232,0.033525454164573976,500003000.0,0.0,7.096037106723728e-06,5e-06,5.146048866913825e-09,0.0,0.000748357047592675,0.0,1.6281264650500068e-06,0.0,0.004050065833457728,-0.005949934166542273,0
515.0,269.8641196284827,480.11083548476887,0.0007445325310500443,0.033585365874961304,500003000.0,0.0,7.101174565301075e-06,5e-06,5.13745857734717e-09,0.0,0.0007499836332926065,0.0,1.627763047210375e-06,0.0,0.004049161808981033,-0.005950838191018967,0
516.0,269.85816879029164,479.8975709980537,0.000744061609687642,0.03364529226217229,500003000.0,0.0,7.106303465314924e-06,5e-06,5.128900013848589e-09,0.0,0.0007516098586202298,0.0,1.6273996036483074e-06,0.0,0.004048257720518178,-0.0059517422794818226,0
517.0,269.85221704801216,479.68435910888894,0.0007435922844507726,0.033705233320191166,500003000.0,0.0,7.1114238383000145e-06,5e-06,5.120372985091111e-09,0.0,0.0007532357235357706,0.0,1.6270361342096983e-06,0.0,0.004047353567685817,-0.005952646432314183,0
518.0,269.84626440157984,479.47119981944047,0.0007431245469154638,0.03376518904309641,500003000.0,0.0,7.116535715601401e-06,5e-06,5.111877301386404e-09,0.0,0.0007548612279994129,0.0,1.6266726387590845e-06,0.0,0.004046449350146977,-0.005953550649853023,0
519.0,269.84031085093,479.25809313189166,0.0007426583887123975,0.033825159425009355,500003000.0,0.0,7.121639128375952e-06,5e-06,5.10341277455178e-09,0.0,0.0007564863719712809,0.0,1.6263091171426568e-06,0.0,0.004045545067519046,-0.005954454932480954,0
520.0,269.83435639599753,479.04503904844177,0.0007421938015405769,0.03388514446013698,500003000.0,0.0,7.126734107593945e-06,5e-06,5.094979217992159e-09,0.0,0.0007581111554114503,0.0,1.6259455692195319e-06,0.0,0.004044640719451572,-0.005955359280548429,0
521.0,269.82840103671697,478.83203757130514,0.000741730777164281,0.03394514414275344,500003000.0,0.0,7.131820684040612e-06,5e-06,5.08657644666694e-09,0.0,0.0007597355782799549,0.0,1.6255819948564347e-06,0.0,0.004043736305613022,-0.005956263694386978,0
522.0,269.8224447730226,478.61908870271407,0.0007412693073975262,0.03400515846717927,500003000.0,0.0,7.1368988883175836e-06,5e-06,5.07820427697161e-09,0.0,0.0007613596405367614,0.0,1.625218393894935e-06,0.0,0.004042831825609291,-0.005957168174390709,0
523.0,269.8164876048482,478.4061924449141,0.0007408093841329653,0.03406518742782776,500003000.0,0.0,7.141968750844508e-06,5e-06,5.069862526924175e-09,0.0,0.0007629833421418077,0.0,1.624854766216129e-06,0.0,0.0040419272791446,-0.0059580727208554006,0
524.0,269.81052953212736,478.1933488001688,0.0007403509993057841,0.03412523101914822,500003000.0,0.0,7.147030301860414e-06,5e-06,5.061551015906155e-09,0.0,0.0007646066830549636,0.0,1.6244911116627325e-06,0.0,0.0040410226658276925,-0.005958977334172308,0
525.0,269.8045705547932,477.98055777075456,0.0007398941449292733,0.034185289235676965,500003000.0,0.0,7.152083571425309e-06,5e-06,5.05326956489471e-09,0.0,0.000766229663236071,0.0,1.6241274301184097e-06,0.0,0.004040117985369179,-0.005959882014630821,0
526.0,269.7986106727786,477.7678193589641,0.0007394388130629809,0.0342453620720129,500003000.0,0.0,7.157128589421543e-06,5e-06,5.045017996233428e-09,0.0,0.0007678522826449158,0.0,1.623763721439135e-06,0.0,0.004039213237410784,-0.005960786762589217,0
527.0,269.79264988601597,477.5551335671043,0.000738984995833312,0.034305449522803816,500003000.0,0.0,7.1621653855553045e-06,5e-06,5.036796133762024e-09,0.0,0.0007694745412412451,0.0,1.6233999854996578e-06,0.0,0.00403830842164094,-0.00596169157835906,0
528.0,269.7866881944376,477.3425003974983,0.0007385326854150934,0.03436555158276021,500003000.0,0.0,7.167193989357984e-06,5e-06,5.0286038026795475e-09,0.0,0.0007710964389847472,0.0,1.623036222154228e-06,0.0,0.004037403537697084,-0.005962596462302916,0
529.0,269.7807255979753,477.12991985248226,0.0007380818740545833,0.03442566824667683,500003000.0,0.0,7.172214430187674e-06,5e-06,5.020440829690335e-09,0.0,0.0007727179758350806,0.0,1.6226724312883923e-06,0.0,0.0040364985852945085,-0.005963501414705492,0
530.0,269.77476209656055,476.9173919344074,0.0007376325540448277,0.034485799509377954,500003000.0,0.0,7.177226737230499e-06,5e-06,5.012307042825324e-09,0.0,0.0007743391517518528,0.0,1.62230861276602e-06,0.0,0.004035593564094577,-0.005964406435905423,0
531.0,269.76879769012464,476.70491664563957,0.0007371847177384208,0.0345459453657774,500003000.0,0.0,7.182230939502018e-06,5e-06,5.004202271518449e-09,0.0,0.0007759599666946268,0.0,1.6219447664585392e-06,0.0,0.004034688473777461,-0.0059653115262225396,0
532.0,269.76283237859843,476.4924939885579,0.0007367383575474087,0.034606105810828056,500003000.0,0.0,7.187227065848613e-06,5e-06,4.996126346595382e-09,0.0,0.0007775804206229279,0.0,1.6215808922459155e-06,0.0,0.0040337833140445655,-0.005966216685955435,0
533.0,269.75686616191246,476.28012396555465,0.0007362934659402053,0.03466628083956355,500003000.0,0.0,7.192215144948856e-06,5e-06,4.988079100242154e-09,0.0,0.0007792005134962478,0.0,1.621216990011035e-06,0.0,0.004032878084604565,-0.005967121915395435,0
534.0,269.7508990399971,476.0678065790382,0.0007358500354282204,0.03472647044704166,500003000.0,0.0,7.197195205314761e-06,5e-06,4.980060365904453e-09,0.0,0.0007808202452740167,0.0,1.6208530596113785e-06,0.0,0.0040319727851029314,-0.005968027214897069,0
535.0,269.74493101278216,475.8555418314273,0.000735408058598244,0.034786674628420514,500003000.0,0.0,7.2021672752932574e-06,5e-06,4.972069978496839e-09,0.0,0.0007824396159156504,0.0,1.6204891009515175e-06,0.0,0.004031067415302282,-0.005968932584697718,0
536.0,269.73896208019744,475.64332972515643,0.0007349675280707606,0.03484689337889182,500003000.0,0.0,7.207131383067368e-06,5e-06,4.964107774110518e-09,0.0,0.0007840586253805066,0.0,1.620125113892376e-06,0.0,0.004030161974856656,-0.005969838025143344,0
537.0,269.7329922421723,475.43117026267356,0.000734528436527671,0.034907126693693946,500003000.0,0.0,7.2120875566575594e-06,5e-06,4.956173590191247e-09,0.0,0.0007856772736279015,0.0,1.619761098313421e-06,0.0,0.004029256463466222,-0.005970743536533778,0
538.0,269.7270214986358,475.21906344643764,0.0007340907767126795,0.03496737456815063,500003000.0,0.0,7.217035823923091e-06,5e-06,4.948267265531903e-09,0.0,0.0007872955606171302,0.0,1.6193970541146574e-06,0.0,0.004028350880882232,-0.0059716491191177685,0
539.0,269.7210498495167,475.007009278922,0.0007336545414085632,0.03502763699762399,500003000.0,0.0,7.221976212563201e-06,5e-06,4.940388640109506e-09,0.0,0.000788913486307438,0.0,1.619032981167554e-06,0.0,0.00402744522678496,-0.00597255477321504,0
540.0,269.7150772947435,474.7950077626113,0.0007332197234613507,0.03508791397753834,500003000.0,0.0,7.22690875011844e-06,5e-06,4.932537555238835e-09,0.0,0.0007905310506580447,0.0,1.618668879369474e-06,0.0,0.004026539500919089,-0.005973460499080911,0
541.0,269.7091038342444,474.58305890000423,0.0007327863157579339,0.03514820550336679,500003000.0,0.0,7.231833463971852e-06,5e-06,4.924713853412198e-09,0.0,0.000792148253628122,0.0,1.6183047485953044e-06,0.0,0.004025633702973394,-0.0059743662970266065,0
542.0,269.70312946794735,474.3711626936116,0.0007323543112428365,0.03520851157063796,500003000.0,0.0,7.236750381350255e-06,5e-06,4.916917378403115e-09,0.0,0.0007937650951768087,0.0,1.6179405887355383e-06,0.0,0.004024727832675468,-0.005975272167324532,0
543.0,269.69715419578,474.1593191459559,0.0007319237029122321,0.03526883217494219,500003000.0,0.0,7.241659529325472e-06,5e-06,4.909147975216788e-09,0.0,0.0007953815752632125,0.0,1.6175763996841096e-06,0.0,0.004023821889761466,-0.005976178110238534,0
544.0,269.69117801766976,473.94752825957283,0.0007314944838067447,0.03532916731190865,500003000.0,0.0,7.246560934815505e-06,5e-06,4.901405490032779e-09,0.0,0.000796997693846399,0.0,1.6172121813234958e-06,0.0,0.004022915873939045,-0.005977084126060956,0
545.0,269.6852009335437,473.7357900370088,0.0007310666470245246,0.03538951697724336,500003000.0,0.0,7.251454624585789e-06,5e-06,4.893689770283785e-09,0.0,0.0007986134508854089,0.0,1.6168479335546542e-06,0.0,0.0040220097849618264,-0.005977990215038174,0
546.0,269.6792229433286,473.5241044808226,0.0007306401857075689,0.035449881166683704,500003000.0,0.0,7.256340625250344e-06,5e-06,4.886000664555051e-09,0.0,0.0008002288463392465,0.0,1.6164836562677714e-06,0.0,0.004021103622556645,-0.005978896377443355,0
547.0,269.6732440469512,473.3124715935854,0.000730215093044229,0.035510259876016664,500003000.0,0.0,7.261218963272936e-06,5e-06,4.878338022592586e-09,0.0,0.0008018438801668757,0.0,1.6161193493487868e-06,0.0,0.004020197386439768,-0.005979802613560232,0
548.0,269.6672642443376,473.100891377878,0.0007297913622833924,0.03557065310111231,500003000.0,0.0,7.266089664968326e-06,5e-06,4.8707016953892335e-09,0.0,0.0008034585523272467,0.0,1.6157550127117894e-06,0.0,0.004019291076397486,-0.005980708923602514,0
549.0,269.661283535414,472.8893638362941,0.000729368986706715,0.0356310608378511,500003000.0,0.0,7.270952756503317e-06,5e-06,4.863091534990615e-09,0.0,0.0008050728627792628,0.0,1.6153906462384982e-06,0.0,0.0040183846921355675,-0.005981615307864433,0
550.0,269.6553019201061,472.6778889714392,0.0007289479596484375,0.035691483082189106,500003000.0,0.0,7.275808263897936e-06,5e-06,4.8555073946192264e-09,0.0,0.0008066868114817931,0.0,1.6150262498230937e-06,0.0,0.00401747823339078,-0.00598252176660922,0
551.0,269.6493193983395,472.4664667859283,0.0007285282744978002,0.03575191983012505,500003000.0,0.0,7.280656213026618e-06,5e-06,4.847949128681964e-09,0.0,0.0008083003983936903,0.0,1.61466182337855e-06,0.0,0.0040165716999466415,-0.005983428300053359,0
552.0,269.64333597003946,472.25509728238825,0.0007281099246806224,0.035812371077713054,500003000.0,0.0,7.285496629619257e-06,5e-06,4.840416592639195e-09,0.0,0.0008099136234737687,0.0,1.61429736679674e-06,0.0,0.004015665091534179,-0.005984334908465821,0
553.0,269.637351635131,472.0437804634564,0.0007276929036740921,0.0358728368210549,500003000.0,0.0,7.290329539262352e-06,5e-06,4.832909643095176e-09,0.0,0.0008115264866808171,0.0,1.6139328799821475e-06,0.0,0.00401475840791579,-0.00598524159208421,0
554.0,269.6313663935389,471.8325163317811,0.0007272772049986907,0.03593331705629081,500003000.0,0.0,7.295154967400088e-06,5e-06,4.8254281377362725e-09,0.0,0.0008131389879735923,0.0,1.6135683628348807e-06,0.0,0.004013851648842987,-0.005986148351157013,0
555.0,269.6253802451877,471.6213048900216,0.0007268628222196227,0.03599381177961794,500003000.0,0.0,7.2999729393354206e-06,5e-06,4.817971935332581e-09,0.0,0.0008147511273108203,0.0,1.6132038152547518e-06,0.0,0.004012944814066547,-0.005987055185933453,0
556.0,269.6193931900018,471.41014614084696,0.000726449748951147,0.03605432098728192,500003000.0,0.0,7.304783480231179e-06,5e-06,4.810540895758763e-09,0.0,0.0008163629046512039,0.0,1.6128392371517944e-06,0.0,0.004012037903362672,-0.005987962096637328,0
557.0,269.61340522790516,471.1990400869365,0.0007260379788499333,0.036114844675583804,500003000.0,0.0,7.309586615111121e-06,5e-06,4.803134879942202e-09,0.0,0.0008179743199534202,0.0,1.6124746284324104e-06,0.0,0.004011130916498533,-0.005988869083501467,0
558.0,269.60741635882164,470.98798673097974,0.0007256275056164918,0.036175382840847835,500003000.0,0.0,7.314382368860986e-06,5e-06,4.79575374986486e-09,0.0,0.0008195853731761193,0.0,1.6121099890034202e-06,0.0,0.004010223853242339,-0.005989776146757661,0
559.0,269.6014265826749,470.7769860756776,0.0007252183229895977,0.036235935479471244,500003000.0,0.0,7.3191707662295055e-06,5e-06,4.788397368518914e-09,0.0,0.0008211960642779128,0.0,1.611745318760532e-06,0.0,0.004009316713334657,-0.0059906832866653435,0
560.0,269.59543589938824,470.5660381237392,0.000724810424763431,0.036296502587880836,500003000.0,0.0,7.323951831829518e-06,5e-06,4.781065600012477e-09,0.0,0.0008228063932174019,0.0,1.6113806176273186e-06,0.0,0.00400840949658537,-0.00599159050341463,0
561.0,269.5894443088848,470.3551428778839,0.000724403804766542,0.036357084162556924,500003000.0,0.0,7.328725590138941e-06,5e-06,4.773758309423182e-09,0.0,0.0008244163599531578,0.0,1.6110158855093063e-06,0.0,0.0040075022027594685,-0.005992497797240532,0
562.0,269.58345181108757,470.1443003408409,0.0007239984568718562,0.03641768020002685,500003000.0,0.0,7.333492065501798e-06,5e-06,4.766475362857023e-09,0.0,0.0008260259644437271,0.0,1.6106511223170582e-06,0.0,0.004006594831634473,-0.0059934051683655275,0
563.0,269.57745840591923,469.93351051535,0.0007235943749902421,0.03647829069684708,500003000.0,0.0,7.338251282129197e-06,5e-06,4.759216627398776e-09,0.0,0.0008276352066476223,0.0,1.6102863279526922e-06,0.0,0.004005687382966896,-0.005994312617033104,0
564.0,269.5714640933022,469.7227734041585,0.0007231915530862285,0.03653891564964067,500003000.0,0.0,7.343003264100405e-06,5e-06,4.751981971208218e-09,0.0,0.0008292440865233484,0.0,1.6099215023457047e-06,0.0,0.004004779856581355,-0.005995220143418645,0
565.0,269.5654688731588,469.5120890100242,0.0007227899851537765,0.036599555055061066,500003000.0,0.0,7.347748035363759e-06,5e-06,4.74477126335366e-09,0.0,0.0008308526040293774,0.0,1.6095566453998518e-06,0.0,0.004003872252238437,-0.005996127747761563,0
566.0,269.55947274541103,469.3014573357132,0.0007223896652358678,0.03666020890981712,500003000.0,0.0,7.352485619737693e-06,5e-06,4.7375843739337926e-09,0.0,0.0008324607591241658,0.0,1.6091917570375657e-06,0.0,0.004002964569745188,-0.005997035430254812,0
567.0,269.5534757099808,469.09087838400256,0.0007219905874059447,0.03672087721063797,500003000.0,0.0,7.3572160409116414e-06,5e-06,4.730421173948951e-09,0.0,0.0008340685517661326,0.0,1.60882683715941e-06,0.0,0.004002056808854254,-0.005997943191145746,0
568.0,269.54747776678965,468.88035215767707,0.0007215927457887311,0.03678155995432313,500003000.0,0.0,7.361939322447072e-06,5e-06,4.723281535430877e-09,0.0,0.0008356759819136842,0.0,1.6084618856912685e-06,0.0,0.004001148969381265,-0.005998851030618735,0
569.0,269.54147891575906,468.66987865952996,0.0007211961345465197,0.03684225713769721,500003000.0,0.0,7.366655487778418e-06,5e-06,4.7161653313459345e-09,0.0,0.0008372830495252089,0.0,1.6080969025545803e-06,0.0,0.0040002410511307965,-0.005999758948869204,0
570.0,269.5354791568102,468.45945789236345,0.0007208007478790174,0.03690296875764397,500003000.0,0.0,7.371364560214006e-06,5e-06,4.709072435587516e-09,0.0,0.000838889754559073,0.0,1.6077318876667606e-06,0.0,0.003999333053897415,-0.006000666946102585,0
571.0,269.5294784898641,468.2490898589892,0.0007204065800222202,0.036963694811060384,500003000.0,0.0,7.376066562936968e-06,5e-06,4.7020027229621795e-09,0.0,0.0008404960969736141,0.0,1.6073668409394434e-06,0.0,0.003998424977461302,-0.006001575022538698,0
572.0,269.5234769148416,468.0387745622261,0.0007200136252598061,0.03702443529491791,500003000.0,0.0,7.380761519006226e-06,5e-06,4.694956069257494e-09,0.0,0.0008421020767271614,0.0,1.6070017623046812e-06,0.0,0.003997516821653436,-0.006002483178346564,0
573.0,269.51747443166323,467.8285120049025,0.0007196218779045213,0.03708519020620589,500003000.0,0.0,7.38544945135734e-06,5e-06,4.68793235111406e-09,0.0,0.0008437076937780143,0.0,1.6066366516741392e-06,0.0,0.003996608586254078,-0.006003391413745922,0
574.0,269.5114710402495,467.61830218985494,0.0007192313323124845,0.0371459595419624,500003000.0,0.0,7.390130382803452e-06,5e-06,4.680931446112544e-09,0.0,0.0008453129480844549,0.0,1.606271508971777e-06,0.0,0.0039957002710740725,-0.006004299728925928,0
575.0,269.50546674052055,467.40814511992744,0.0007188419828795192,0.03720674329926866,500003000.0,0.0,7.394804336036196e-06,5e-06,4.67395323274333e-09,0.0,0.0008469178396047521,0.0,1.605906334126399e-06,0.0,0.003994791875936316,-0.006005208124063684,0
576.0,269.4994615323965,467.19804079797336,0.0007184538240318718,0.03726754147523765,500003000.0,0.0,7.399471333626536e-06,5e-06,4.6669975903399695e-09,0.0,0.0008485223682971458,0.0,1.6055411270516374e-06,0.0,0.003993883400625963,-0.006006116599374037,0
577.0,269.4934554157971,466.9879892268525,0.0007180668502432195,0.03732835406704668,500003000.0,0.0,7.40413139802572e-06,5e-06,4.660064399183596e-09,0.0,0.0008501265341198697,0.0,1.6051758876846917e-06,0.0,0.003992974844986796,-0.006007025155013205,0
578.0,269.4874483906421,466.7779904094348,0.0007176810560106514,0.03738918107186368,500003000.0,0.0,7.408784551566061e-06,5e-06,4.653153540340796e-09,0.0,0.0008517303370311225,0.0,1.6048106159333318e-06,0.0,0.003992066208789383,-0.006007933791210617,0
579.0,269.48144045685086,466.5680443485944,0.0007172964358886244,0.03745002248695236,500003000.0,0.0,7.413430816461939e-06,5e-06,4.646264895877931e-09,0.0,0.0008533337769891135,0.0,1.6044453117525631e-06,0.0,0.003991157491921799,-0.006008842508078201,0
580.0,269.47543161434277,466.3581510472166,0.0007169129844429883,0.03751087830957567,500003000.0,0.0,7.418070214810496e-06,5e-06,4.639398348557031e-09,0.0,0.0008549368539520082,0.0,1.6040799750424648e-06,0.0,0.003990248694135485,-0.006009751305864515,0
581.0,269.4694218630369,466.1483105081935,0.0007165306962901886,0.03757174853704512,500003000.0,0.0,7.42270276859258e-06,5e-06,4.6325537820841465e-09,0.0,0.0008565395678779603,0.0,1.6037146057365836e-06,0.0,0.003989339815265133,-0.006010660184734867,0
582.0,269.46341120285217,465.93852273442235,0.000716149566088845,0.03763263316672558,500003000.0,0.0,7.4273284996736285e-06,5e-06,4.625731081048611e-09,0.0,0.0008581419187251277,0.0,1.6033492037838145e-06,0.0,0.003988430855183618,-0.0060115691448163824,0
583.0,269.4573996337074,465.7287877288115,0.0007157695885101656,0.037693532195995284,500003000.0,0.0,7.431947429804355e-06,5e-06,4.618930130726225e-09,0.0,0.0008597439064516213,0.0,1.6029837690827967e-06,0.0,0.003987521813638798,-0.006012478186361202,0
584.0,269.45138715552105,465.51910549427345,0.0007153907582860086,0.0377544456222845,500003000.0,0.0,7.4365595806217395e-06,5e-06,4.612150817384069e-09,0.0,0.0008613455310155622,0.0,1.6026183015902375e-06,0.0,0.003986612690522979,-0.0060133873094770215,0
585.0,269.4453737682116,465.30947603372914,0.0007150130701667247,0.03781537344305958,500003000.0,0.0,7.441164973649742e-06,5e-06,4.60539302800255e-09,0.0,0.0008629467923750461,0.0,1.6022528012271436e-06,0.0,0.003985703485639661,-0.00601429651436034,0
586.0,269.43935947169723,465.09989935010583,0.0007146365189448089,0.03787631565582827,500003000.0,0.0,7.445763630300164e-06,5e-06,4.59865665042253e-09,0.0,0.000864547690488161,0.0,1.6018872679324676e-06,0.0,0.003984794198836984,-0.006015205801163016,0
587.0,269.43334426589604,464.8903754463386,0.000714261099440685,0.03793727225811954,500003000.0,0.0,7.450355571873413e-06,5e-06,4.591941573248186e-09,0.0,0.0008661482253129734,0.0,1.6015217016318898e-06,0.0,0.003983884829930074,-0.006016115170069926,0
588.0,269.42732815072594,464.6809043253699,0.0007138868065108525,0.03799824324750965,500003000.0,0.0,7.454940819559306e-06,5e-06,4.5852476858940854e-09,0.0,0.0008677483968075326,0.0,1.601156102256724e-06,0.0,0.003982975378748069,-0.006017024621251931,0
589.0,269.4213111261047,464.4714859901485,0.0007135136350473624,0.03805922862160572,500003000.0,0.0,7.459519394437882e-06,5e-06,4.578574878576353e-09,0.0,0.0008693482049298771,0.0,1.6007904697433905e-06,0.0,0.003982065845132812,-0.0060179341548671885,0
590.0,269.41529319194984,464.26212044363007,0.0007131415799747175,0.038120228378052734,500003000.0,0.0,7.464091317480169e-06,5e-06,4.5719230422873926e-09,0.0,0.0008709476496380315,0.0,1.600424804027088e-06,0.0,0.003981156228923105,-0.006018843771076895,0
591.0,269.40927434817877,464.05280768877554,0.000712770636255713,0.038181242514543266,500003000.0,0.0,7.468656609548997e-06,5e-06,4.5652920688280406e-09,0.0,0.0008725467308900193,0.0,1.600059105055541e-06,0.0,0.0039802465299889084,-0.006019753470011092,0
592.0,269.40325459470876,463.8435477285536,0.0007124007988759521,0.03824227102878237,500003000.0,0.0,7.473215291399701e-06,5e-06,4.5586818507031176e-09,0.0,0.0008741454486438408,0.0,1.5996933727548406e-06,0.0,0.0039793367481463695,-0.006020663251853631,0
593.0,269.3972339314569,463.63434056593974,0.0007120320628566625,0.03830331391851991,500003000.0,0.0,7.477767383680899e-06,5e-06,4.5520922811985135e-09,0.0,0.0008757438028574802,0.0,1.5993276070588253e-06,0.0,0.003978426883230909,-0.0060215731167690915,0
594.0,269.39121235834017,463.4251862039147,0.0007116644232578523,0.03836437118154242,500003000.0,0.0,7.482312906935295e-06,5e-06,4.5455232543961176e-09,0.0,0.000877341793488921,0.0,1.5989618079167994e-06,0.0,0.003977516935116416,-0.006022483064883584,0
595.0,269.3851898752753,463.21608464546557,0.0007112978751655085,0.038425442815675635,500003000.0,0.0,7.486851881600382e-06,5e-06,4.538974665086883e-09,0.0,0.0008789394204961327,0.0,1.598595975265363e-06,0.0,0.003976606903645182,-0.006023393096354818,0
596.0,269.3791664821789,463.00703589358665,0.0007109324136954685,0.038486528818760524,500003000.0,0.0,7.491384328009172e-06,5e-06,4.5324464087907094e-09,0.0,0.0008805366838370675,0.0,1.5982301090376968e-06,0.0,0.003975696788650987,-0.006024303211349013,0
597.0,269.37314217896756,462.79803995127804,0.0007105680339981632,0.03854762918868758,500003000.0,0.0,7.495910266390954e-06,5e-06,4.525938381781763e-09,0.0,0.0008821335834696668,0.0,1.5978642091748143e-06,0.0,0.0039747865899871,-0.0060252134100129,0
598.0,269.36711696555756,462.58909682154547,0.0007102047312568577,0.038608743923379193,500003000.0,0.0,7.500429716872026e-06,5e-06,4.5194504810722666e-09,0.0,0.000883730119351866,0.0,1.5974982756221946e-06,0.0,0.003973876307517897,-0.006026123692482103,0
599.0,269.36109084186506,462.3802065074,0.0007098425006860084,0.03866987302078764,500003000.0,0.0,7.504942699476424e-06,5e-06,4.512982604397187e-09,0.0,0.0008853262914415954,0.0,1.5971323083266716e-06,0.0,0.003972965941111123,-0.006027034058888877,0
600.0,269.3550638078062,462.17136901185984,0.0007094813375230901,0.03873101647889189,500003000.0,0.0,7.509449234126582e-06,5e-06,4.506534650157529e-09,0.0,0.0008869220996967633,0.0,1.5967663072185944e-06,0.0,0.0039720554905935184,-0.006027944509406482,0
601.0,269.34903586329676,461.9625843379481,0.0007091212370455244,0.03879217429571742,500003000.0,0.0,7.513949340644105e-06,5e-06,4.500106517523252e-09,0.0,0.0008885175440752778,0.0,1.5964002722505026e-06,0.0,0.0039711449558470216,-0.006028855044152979,0
602.0,269.3430070082526,461.7538524886934,0.0007087621945567318,0.038853346469310275,500003000.0,0.0,7.518443038750445e-06,5e-06,4.493698106339855e-09,0.0,0.0008901126245350374,0.0,1.5960342033662892e-06,0.0,0.003970234336732063,-0.006029765663267937,0
603.0,269.33697724258934,461.54517346713186,0.0007084042053832352,0.038914532997747026,500003000.0,0.0,7.522930348067551e-06,5e-06,4.487309317105553e-09,0.0,0.0008917073410339169,0.0,1.5956681004952137e-06,0.0,0.003969323633072671,-0.006030676366927329,0
604.0,269.3309465662224,461.33654727630153,0.000708047264901231,0.038975733879151445,500003000.0,0.0,7.527411288118686e-06,5e-06,4.480940051134996e-09,0.0,0.0008933016935298121,0.0,1.5953019636123307e-06,0.0,0.003968412844806793,-0.006031587155193207,0
605.0,269.3249149790672,461.1279739192497,0.0007076913684888404,0.03903694911165257,500003000.0,0.0,7.531885878328938e-06,5e-06,4.47459021025228e-09,0.0,0.0008948956819805785,0.0,1.5949357926314252e-06,0.0,0.003967501971719963,-0.006032498028280037,0
606.0,269.31888248103894,460.91945339902634,0.0007073365115780777,0.03909817869343998,500003000.0,0.0,7.536354138026054e-06,5e-06,4.468259697115534e-09,0.0,0.0008964893063440873,0.0,1.594569587522679e-06,0.0,0.0039665910137380075,-0.006033408986261993,0
607.0,269.3128490720527,460.7109857186881,0.0007069826896134905,0.039159422622710875,500003000.0,0.0,7.540816086441004e-06,5e-06,4.461948414950719e-09,0.0,0.0008980825665781886,0.0,1.5942033482199708e-06,0.0,0.003965679970696445,-0.006034320029303555,0
608.0,269.3068147520234,460.50257088129575,0.0007066298980787524,0.039220680897706,500003000.0,0.0,7.54527174270872e-06,5e-06,4.4556562677153905e-09,0.0,0.0008996754626407356,0.0,1.5938370746813623e-06,0.0,0.003964768842490951,-0.0060352311575090495,0
609.0,269.3007795208659,460.29420888991604,0.0007062781324782178,0.03928195351669694,500003000.0,0.0,7.549721125868698e-06,5e-06,4.449383159977851e-09,0.0,0.0009012679944895668,0.0,1.5934707668480171e-06,0.0,0.0039638576289751665,-0.006036142371024834,0
610.0,269.29474337849484,460.0858997476203,0.000705927388349338,0.039343240477974946,500003000.0,0.0,7.554164254865689e-06,5e-06,4.443128996991227e-09,0.0,0.0009028601620825178,0.0,1.5931044246727294e-06,0.0,0.003962946330031665,-0.006037053669968335,0
611.0,269.2887063248249,459.87764345748593,0.0007055776612519793,0.039404541779863175,500003000.0,0.0,7.558601148550311e-06,5e-06,4.436893684621889e-09,0.0,0.0009044519653774091,0.0,1.592738048096323e-06,0.0,0.003962034945513242,-0.006037965054486758,0
612.0,269.2826683597704,459.6694400225938,0.0007052289467829578,0.039465857420726246,500003000.0,0.0,7.563031825679747e-06,5e-06,4.43067712943672e-09,0.0,0.0009060434043320665,0.0,1.592371637080981e-06,0.0,0.003961123475325823,-0.006038876524674177,0
613.0,269.27662948324576,459.46128944603026,0.0007048812405590435,0.03952718739894814,500003000.0,0.0,7.5674563049183394e-06,5e-06,4.424479238591983e-09,0.0,0.0009076344789043046,0.0,1.5920051915723682e-06,0.0,0.003960211919334249,-0.006039788080665751,0
614.0,269.2705896951651,459.2531917308858,0.0007045345382290239,0.03958853171294826,500003000.0,0.0,7.571874604838244e-06,5e-06,4.418299919905084e-09,0.0,0.0009092251890519379,0.0,1.5916387115273738e-06,0.0,0.003959300277431278,-0.006040699722568722,0
615.0,269.2645489954425,459.0451468802564,0.0007041888354632485,0.039649890361161615,500003000.0,0.0,7.576286743920029e-06,5e-06,4.4121390817848466e-09,0.0,0.0009108155347327685,0.0,1.59127219689098e-06,0.0,0.003958388549480049,-0.006041611450519951,0
616.0,269.25850738399197,458.83715489724216,0.0007038441279642202,0.03971126334206228,500003000.0,0.0,7.580692740553323e-06,5e-06,4.405996633293925e-09,0.0,0.0009124055159045982,0.0,1.5909056476206836e-06,0.0,0.003957476735374835,-0.006042523264625165,0
617.0,269.25246486072734,458.6292157849486,0.0007035004114552615,0.03977265065415291,500003000.0,0.0,7.585092613037397e-06,5e-06,4.399872484073774e-09,0.0,0.0009139951325252151,0.0,1.5905390636613563e-06,0.0,0.003956564834978498,-0.006043435165021502,0
618.0,269.24642142556235,458.421329546485,0.000703157681692852,0.039834052295967426,500003000.0,0.0,7.589486379581815e-06,5e-06,4.393766544417952e-09,0.0,0.00091558438455241,0.0,1.5901724449736254e-06,0.0,0.003955652848193099,-0.0060443471518069015,0
619.0,269.2403770784105,458.21349618496373,0.0007028159344618681,0.03989546826606278,500003000.0,0.0,7.593874058307053e-06,5e-06,4.387678725238267e-09,0.0,0.000917173271943981,0.0,1.5898057915235938e-06,0.0,0.003954740774934313,-0.006045259225065687,0
620.0,269.23433181918546,458.0057157035042,0.0007024751655573914,0.03995689856301818,500003000.0,0.0,7.598255667245e-06,5e-06,4.3816089379474146e-09,0.0,0.0009187617946576978,0.0,1.5894391032421303e-06,0.0,0.003953828615030175,-0.0060461713849698255,0
621.0,269.2282856478005,457.79798810522783,0.0007021353708200274,0.04001834318544427,500003000.0,0.0,7.602631224339676e-06,5e-06,4.375557094675663e-09,0.0,0.0009203499526513471,0.0,1.5890723801052626e-06,0.0,0.003952916368421051,-0.006047083631578949,0
622.0,269.2222385641689,457.5903133932615,0.0007017965461019513,0.04007980213198618,500003000.0,0.0,7.607000747447731e-06,5e-06,4.369523108055101e-09,0.0,0.0009219377458827007,0.0,1.5887056220577977e-06,0.0,0.0039520040349696455,-0.006047995965030355,0
623.0,269.21619056820384,457.38269157073546,0.000701458687288579,0.04014127540131114,500003000.0,0.0,7.611364254339082e-06,5e-06,4.36350689135108e-09,0.0,0.0009235251743095336,0.0,1.588338829062824e-06,0.0,0.003951091614584139,-0.006048908385415861,0
624.0,269.2101416598184,457.17512264078476,0.0007011217902850847,0.04020276299211083,500003000.0,0.0,7.615721762697457e-06,5e-06,4.357508358374486e-09,0.0,0.0009251122378896115,0.0,1.5879720010716413e-06,0.0,0.003950179107143386,-0.006049820892856614,0
625.0,269.20409183892554,456.96760660654746,0.0007007858510280277,0.040264264903105425,500003000.0,0.0,7.6200732901210075e-06,5e-06,4.351527423550397e-09,0.0,0.0009266989365807064,0.0,1.587605138050541e-06,0.0,0.003949266512563535,-0.006050733487436465,0
626.0,269.1980411054381,456.7601434711672,0.0007004508654687384,0.040325781133042686,500003000.0,0.0,7.624418854122819e-06,5e-06,4.345564001811208e-09,0.0,0.0009282852703405734,0.0,1.5872382399436056e-06,0.0,0.003948353830705486,-0.006051646169294514,0
627.0,269.1919894592688,456.5527332377897,0.0007001168295962837,0.040387311680694274,500003000.0,0.0,7.628758472131555e-06,5e-06,4.339618008735634e-09,0.0,0.0009298712391269808,0.0,1.5868713067251941e-06,0.0,0.003947441061505458,-0.006052558938494542,0
628.0,269.1859369003303,456.3453759095648,0.0006997837394162419,0.040448856544861286,500003000.0,0.0,7.633092161491969e-06,5e-06,4.333689360413322e-09,0.0,0.0009314568428976927,0.0,1.5865043383522736e-06,0.0,0.003946528204856402,-0.006053471795143598,0
629.0,269.17988342853516,456.1380714896467,0.0006994515909568539,0.04051041572436591,500003000.0,0.0,7.63741993946545e-06,5e-06,4.327777973479625e-09,0.0,0.0009330420816104653,0.0,1.586137334778782e-06,0.0,0.003945615260643736,-0.006054384739356264,0
630.0,269.1738290437958,455.9308199811936,0.0006991203802719482,0.04057198921806309,500003000.0,0.0,7.64174182323058e-06,5e-06,4.321883765130227e-09,0.0,0.0009346269552230509,0.0,1.585770295962687e-06,0.0,0.003944702228762903,-0.006055297771237097,0
631.0,269.1677737460246,455.7236213873659,0.0006987901034461237,0.04063357702482202,500003000.0,0.0,7.64605782988373e-06,5e-06,4.316006653149614e-09,0.0,0.0009362114636932139,0.0,1.5854032218781797e-06,0.0,0.0039437891091497,-0.0060562108908503,0
632.0,269.16171753513373,455.5164757113288,0.0006984607565762156,0.040695179143543356,500003000.0,0.0,7.650367976439524e-06,5e-06,4.310146555793119e-09,0.0,0.0009377956069787048,0.0,1.585036112474034e-06,0.0,0.003942875901676701,-0.006057124098323299,0
633.0,269.1556604110354,455.3093829562502,0.0006981323357918164,0.040756795573159386,500003000.0,0.0,7.654672279831434e-06,5e-06,4.3043033919103465e-09,0.0,0.0009393793850372815,0.0,1.5846689677205881e-06,0.0,0.003941962606270119,-0.006058037393729881,0
634.0,269.14960237364164,455.1023431253017,0.0006978048372413573,0.040818426312620615,500003000.0,0.0,7.65897075691229e-06,5e-06,4.298477080855823e-09,0.0,0.0009409627978267006,0.0,1.58430178757857e-06,0.0,0.003941049222832263,-0.006058950777167737,0
635.0,269.14354342286447,454.89535622165914,0.0006974782570931534,0.04088007136089968,500003000.0,0.0,7.663263424454782e-06,5e-06,4.292667542492235e-09,0.0,0.0009425458453047088,0.0,1.58393457200186e-06,0.0,0.003940135751248408,-0.006059864248751592,0
636.0,269.1374835586157,454.68842224850033,0.0006971525915479656,0.040941730716987416,500003000.0,0.0,7.667550299152046e-06,5e-06,4.286874697264463e-09,0.0,0.000944128527429065,0.0,1.5835673209664422e-06,0.0,0.0039392221914588115,-0.006060777808541189,0
637.0,269.13142278080716,454.4815412090067,0.0006968278368224325,0.04100340437992933,500003000.0,0.0,7.671831397618141e-06,5e-06,4.281098466094261e-09,0.0,0.0009457108441575253,0.0,1.5832000344331642e-06,0.0,0.00393830854336608,-0.00606169145663392,0
638.0,269.1253610893505,454.2747131063635,0.0006965039891546187,0.04106509234875089,500003000.0,0.0,7.676106736388553e-06,5e-06,4.275338770411296e-09,0.0,0.0009472927954478402,0.0,1.5828327123607276e-06,0.0,0.003937394806867481,-0.006062605193132519,0
639.0,269.1192984841574,454.06793794375886,0.0006961810448087034,0.041126794622539514,500003000.0,0.0,7.68037633192073e-06,5e-06,4.269595532178733e-09,0.0,0.0009488743812577639,0.0,1.5824653547167444e-06,0.0,0.003936480981882449,-0.006063519018117552,0
640.0,269.11323496513927,453.8612157243823,0.0006958590000760491,0.04118851120038597,500003000.0,0.0,7.684640200594628e-06,5e-06,4.263868673896493e-09,0.0,0.0009504556015450659,0.0,1.5820979614805654e-06,0.0,0.003935567068359616,-0.0060644329316403844,0
641.0,269.10717053220765,453.6545464514296,0.0006955378512521922,0.04125024208140484,500003000.0,0.0,7.688898358713084e-06,5e-06,4.258158118457168e-09,0.0,0.0009520364562674888,0.0,1.5817305325913235e-06,0.0,0.003934653066147571,-0.0060653469338524295,0
642.0,269.1011051852738,453.44793012809686,0.0006952175946759978,0.04131198726474345,500003000.0,0.0,7.693150822502468e-06,5e-06,4.252463789382876e-09,0.0,0.0009536169453827995,0.0,1.5813630680373792e-06,0.0,0.003933738975217362,-0.0060662610247826385,0
643.0,269.095038924249,453.24136675758353,0.0006948982266963803,0.041373746749570624,500003000.0,0.0,7.697397608113087e-06,5e-06,4.246785610618219e-09,0.0,0.0009551970688487614,0.0,1.5809955677810003e-06,0.0,0.003932824795475125,-0.0060671752045248755,0
644.0,269.0889717490445,453.0348563430928,0.0006945797436830001,0.041435520535065364,500003000.0,0.0,7.70163873161968e-06,5e-06,4.241123506592901e-09,0.0,0.0009567768266231334,0.0,1.58062803178306e-06,0.0,0.003931910526823532,-0.006068089473176468,0
645.0,269.08290365957134,452.82839888783036,0.0006942621420310895,0.04149730862043914,500003000.0,0.0,7.705874209021928e-06,5e-06,4.235477402248166e-09,0.0,0.000958356218663679,0.0,1.5802604600143943e-06,0.0,0.003930996169190036,-0.006069003830809964,0
646.0,269.0768346557405,452.6219943950036,0.0006939454181588772,0.04155911100493749,500003000.0,0.0,7.710104056244946e-06,5e-06,4.229847223018e-09,0.0,0.0009599352449281719,0.0,1.5798928524503183e-06,0.0,0.003930081722513229,-0.006069918277486771,0
647.0,269.07076473746304,452.41564286782403,0.0006936295684975843,0.04162092768780965,500003000.0,0.0,7.714328289139711e-06,5e-06,4.224232894765224e-09,0.0,0.0009615139053743759,0.0,1.5795252090482008e-06,0.0,0.003929167186687067,-0.0060708328133129335,0
648.0,269.06469390464974,452.20934430950547,0.0006933145895056725,0.041682758668332334,500003000.0,0.0,7.718546923483576e-06,5e-06,4.218634343865482e-09,0.0,0.0009630921999600616,0.0,1.5791575297802707e-06,0.0,0.0039282525616424644,-0.006071747438357536,0
649.0,269.0586221572114,452.0030987232635,0.0006930004776637518,0.04174460394580512,500003000.0,0.0,7.72275997498075e-06,5e-06,4.2130514971732055e-09,0.0,0.000964670128643008,0.0,1.5787898146223915e-06,0.0,0.003927337847319382,-0.0060726621526806185,0
650.0,269.0525494950587,451.79690611231644,0.0006926872294699761,0.041806463519558155,500003000.0,0.0,7.72696745926274e-06,5e-06,4.207484281990749e-09,0.0,0.0009662476913809962,0.0,1.5784220635439145e-06,0.0,0.003926423043641578,-0.006073576956358422,0
651.0,269.0464759181024,451.5907664798863,0.0006923748414379443,0.04186833738892395,500003000.0,0.0,7.731169391888794e-06,5e-06,4.201932626052917e-09,0.0,0.0009678248881317998,0.0,1.5780542765032413e-06,0.0,0.003925508150505575,-0.006074491849494425,0
652.0,269.04040142625286,451.3846798291952,0.0006920633101158965,0.041930225553281755,500003000.0,0.0,7.735365788346434e-06,5e-06,4.196396457640652e-09,0.0,0.0009694017188532146,0.0,1.57768645349194e-06,0.0,0.003924593167890398,-0.006075406832109602,0
653.0,269.03432601942075,451.1786461634703,0.000691752632052881,0.0419921280120088,500003000.0,0.0,7.739556664051807e-06,5e-06,4.190875705372928e-09,0.0,0.0009709781835030188,0.0,1.577318594457945e-06,0.0,0.00392367809566653,-0.00607632190433347,0
654.0,269.0282496975164,450.9726654859393,0.000691442803835591,0.04205404476451338,500003000.0,0.0,7.743742034350235e-06,5e-06,4.185370298427471e-09,0.0,0.0009725542820390102,0.0,1.5769506993899014e-06,0.0,0.003922762933805725,-0.006077237066194275,0
655.0,269.0221724604502,450.7667377998322,0.0006911338220617038,0.042115975810232,500003000.0,0.0,7.747921914516611e-06,5e-06,4.17988016637631e-09,0.0,0.0009741300144189866,0.0,1.5765827682567035e-06,0.0,0.003921847682230606,-0.006078152317769394,0
656.0,269.01609430813244,450.56086310838344,0.00069082568334281,0.04217792114860393,500003000.0,0.0,7.752096319755812e-06,5e-06,4.174405239201047e-09,0.0,0.000975705380600736,0.0,1.576214801014493e-06,0.0,0.003920932340832072,-0.006079067659167928,0
657.0,269.01001524047325,450.35504141482556,0.0006905183843319885,0.04223988077911641,500003000.0,0.0,7.75626526520327e-06,5e-06,4.168945447456758e-09,0.0,0.0009772803805420823,0.0,1.5758467976699406e-06,0.0,0.003920016909626718,-0.006079983090373282,0
658.0,269.00393525738286,450.1492727223966,0.0006902119216742409,0.04230185470124421,500003000.0,0.0,7.760428765925239e-06,5e-06,4.163500721969815e-09,0.0,0.0009788550142008255,0.0,1.5754787581674347e-06,0.0,0.0039191013884762056,-0.006080898611523795,0
659.0,268.99785435877135,449.943557034336,0.00068990629204908,0.042363842914508724,500003000.0,0.0,7.764586836919332e-06,5e-06,4.158070994092671e-09,0.0,0.0009804292815347774,0.0,1.575110682486619e-06,0.0,0.003918185777329898,-0.0060818142226701025,0
660.0,268.99177254454867,449.7378943538838,0.0006896014921578416,0.04242584541844238,500003000.0,0.0,7.768739493114956e-06,5e-06,4.152656195624417e-09,0.0,0.0009820031825017656,0.0,1.5747425706137694e-06,0.0,0.003917270076153655,-0.006082729923846345,0
661.0,268.98568981462483,449.53228468428404,0.0006892975187081711,0.04248786221259895,500003000.0,0.0,7.77288674937367e-06,5e-06,4.147256258714828e-09,0.0,0.0009835767170596071,0.0,1.57437442250667e-06,0.0,0.0039163542848424625,-0.006083645715157538,0
662.0,268.9796061689097,449.3267280287812,0.0006889943684391087,0.042549893296544176,500003000.0,0.0,7.777028620489683e-06,5e-06,4.141871116012931e-09,0.0,0.0009851498851661355,0.0,1.5740062381522337e-06,0.0,0.003915438403363765,-0.006084561596636235,0
663.0,268.97352160731305,449.12122439062125,0.0006886920381045742,0.042611938669880264,500003000.0,0.0,7.781165121190247e-06,5e-06,4.136500700564939e-09,0.0,0.0009867226867791938,0.0,1.5736380175290955e-06,0.0,0.003914522431664417,-0.006085477568335583,0
664.0,268.9674361297447,448.91577377305407,0.0006883905244680805,0.04267399833221226,500003000.0,0.0,7.785296266136028e-06,5e-06,4.131144945780166e-09,0.0,0.0009882951218566135,0.0,1.5732697605958286e-06,0.0,0.003913606369641364,-0.006086393630358636,0
665.0,268.96134973611436,448.710376179329,0.0006880898243276079,0.042736072283174185,500003000.0,0.0,7.789422069921606e-06,5e-06,4.1258037855778855e-09,0.0,0.0009898671903562507,0.0,1.5729014673481163e-06,0.0,0.003912690217283871,-0.006087309782716129,0
666.0,268.9552624263316,448.50503161269836,0.0006877899344861361,0.04279816052241987,500003000.0,0.0,7.793542547075815e-06,5e-06,4.120477154207935e-09,0.0,0.0009914388922359575,0.0,1.5725331377516943e-06,0.0,0.003911773974506702,-0.006088226025493298,0
667.0,268.9491742003061,448.29974007641675,0.0006874908517675176,0.042860263049609194,500003000.0,0.0,7.79765771206216e-06,5e-06,4.115164986343667e-09,0.0,0.0009930102274535884,0.0,1.5721647717789408e-06,0.0,0.003910857641241146,-0.006089142358758854,0
668.0,268.94308505794737,448.09450157373954,0.000687192573018689,0.042922379864442896,500003000.0,0.0,7.801767579279251e-06,5e-06,4.109867217092654e-09,0.0,0.0009945811959670096,0.0,1.5717963694142404e-06,0.0,0.003909941217448359,-0.006090058782551641,0
669.0,268.9369949991648,447.88931610792326,0.0006868950951029974,0.042984510966629065,500003000.0,0.0,7.805872163061206e-06,5e-06,4.104583781954313e-09,0.0,0.0009961517977341,0.0,1.571427930639027e-06,0.0,0.003909024703082157,-0.006090975296917843,0
670.0,268.9309040238679,447.68418368222706,0.0006865984148960465,0.04304665635588656,500003000.0,0.0,7.809971477677999e-06,5e-06,4.099314616792778e-09,0.0,0.0009977220327127348,0.0,1.5710594554225634e-06,0.0,0.003908108098066078,-0.006091891901933922,0
671.0,268.924812131966,447.4791042999106,0.0006863025292980596,0.04310881603197283,500003000.0,0.0,7.814065537335907e-06,5e-06,4.0940596579084556e-09,0.0,0.0009992919008608046,0.0,1.5706909437505298e-06,0.0,0.003907191402364502,-0.006092808597635498,0
672.0,268.91871932336835,447.27407796423495,0.0006860074352245295,0.04317098999464647,500003000.0,0.0,7.818154356177886e-06,5e-06,4.0888188419797755e-09,0.0,0.0010008614021362085,0.0,1.5703223956039195e-06,0.0,0.003906274615930148,-0.006093725384069852,0
673.0,268.9126255979843,447.0691046784644,0.0006857131296001468,0.04323317824368862,500003000.0,0.0,7.82223794828391e-06,5e-06,4.083592106024832e-09,0.0,0.001002430536496837,0.0,1.5699538109454147e-06,0.0,0.003905357738670186,-0.0060946422613298145,0
674.0,268.906530955723,446.8641844458632,0.0006854196093794481,0.043295380778900314,500003000.0,0.0,7.826316327671433e-06,5e-06,4.078379387522149e-09,0.0,0.0010039993039006017,0.0,1.569585189766957e-06,0.0,0.0039044407705645695,-0.006095559229435431,0
675.0,268.90043539649355,446.659317269696,0.0006851268715321166,0.04335759760011106,500003000.0,0.0,7.830389508295754e-06,5e-06,4.073180624320699e-09,0.0,0.0010055677043054277,0.0,1.5692165320563823e-06,0.0,0.0039035237115830406,-0.0060964762884169596,0
676.0,268.89433892020514,446.4545031532308,0.0006848349130333345,0.043419828707146765,500003000.0,0.0,7.834457504050335e-06,5e-06,4.067995754580447e-09,0.0,0.0010071357376692308,0.0,1.56884783777558e-06,0.0,0.003902606561630796,-0.006097393438369204,0
677.0,268.88824152676676,446.2497420997351,0.0006845437308901859,0.043482074099868456,500003000.0,0.0,7.838520328767262e-06,5e-06,4.062824716927112e-09,0.0,0.0010087034039499509,0.0,1.5684791069212734e-06,0.0,0.003901689320699685,-0.006098310679300315,0
678.0,268.88214321608746,446.04503411247913,0.0006842533221135501,0.04354433377814498,500003000.0,0.0,7.842577996217545e-06,5e-06,4.05766745028293e-09,0.0,0.0010102707031055223,0.0,1.5681103394608876e-06,0.0,0.0039007719887086756,-0.006099228011291325,0
679.0,268.87604398807616,445.8403791947333,0.0006839636837400583,0.04360660774187455,500003000.0,0.0,7.84663052011154e-06,5e-06,4.052523893994898e-09,0.0,0.001011837635093896,0.0,1.5677415353831452e-06,0.0,0.003899854565629715,-0.006100145434370286,0
680.0,268.8699438426418,445.63577734977,0.0006836748128170941,0.043668895990954894,500003000.0,0.0,7.850677914099284e-06,5e-06,4.047393987743601e-09,0.0,0.0010134041998730245,0.0,1.5673726946639536e-06,0.0,0.0038989370514028697,-0.0061010629485971305,0
681.0,268.86384277969324,445.4312285808616,0.0006833867064146986,0.043731198525322874,500003000.0,0.0,7.854720191770896e-06,5e-06,4.042277671611626e-09,0.0,0.0010149703974008792,0.0,1.5670038172939755e-06,0.0,0.003898019446004914,-0.006101980553995086,0
682.0,268.85774079913926,445.2267328912818,0.0006830993616138713,0.043793515344917634,500003000.0,0.0,7.858757366656908e-06,5e-06,4.037174886012167e-09,0.0,0.0010165362276354354,0.0,1.5666349032520629e-06,0.0,0.003897101749383241,-0.006102898250616759,0
683.0,268.85163790088865,445.0222902843054,0.0006828127755132453,0.043855846449695,500003000.0,0.0,7.862789452228634e-06,5e-06,4.032085571726476e-09,0.0,0.0010181016905346791,0.0,1.566265952520833e-06,0.0,0.0038961839614946093,-0.006103816038505391,0
684.0,268.84553408485016,444.817900763209,0.0006825269452245266,0.043918191839636654,500003000.0,0.0,7.866816461898509e-06,5e-06,4.027009669874862e-09,0.0,0.0010196667860565972,0.0,1.5658969650764613e-06,0.0,0.0038952660822797543,-0.006104733917720246,0
685.0,268.83942935093245,444.61356433126906,0.000682241867882124,0.04398055151473368,500003000.0,0.0,7.87083840902048e-06,5e-06,4.0219471219714565e-09,0.0,0.0010212315141591957,0.0,1.5655279409110443e-06,0.0,0.0038943481117190157,-0.0061056518882809845,0
686.0,268.8333236990442,444.4092809917631,0.0006819575406310446,0.044042925475001445,500003000.0,0.0,7.874855306890332e-06,5e-06,4.016897869850716e-09,0.0,0.0010227958748004868,0.0,1.5651588800050792e-06,0.0,0.0038934300497638786,-0.006106569950236122,0
687.0,268.8272171290939,444.20505074796966,0.0006816739606338364,0.04410531372046601,500003000.0,0.0,7.878867168746037e-06,5e-06,4.011861855706404e-09,0.0,0.0010243598679384924,0.0,1.5647897823436532e-06,0.0,0.0038925118963772467,-0.006107488103622754,0
688.0,268.8211096409903,444.00087360316866,0.0006813911250651225,0.04416771625116711,500003000.0,0.0,7.882874007768094e-06,5e-06,4.0068390220574095e-09,0.0,0.0010259234935312395,0.0,1.5644206479041438e-06,0.0,0.003891593651502845,-0.006108406348497155,0
689.0,268.8150012346418,443.79674956063946,0.000681109031122912,0.04423013306716346,500003000.0,0.0,7.886875837079906e-06,5e-06,4.00182931181229e-09,0.0,0.0010274867515367742,0.0,1.5640514766824506e-06,0.0,0.003890675315130474,-0.006109324684869527,0
690.0,268.8088919099569,443.592678623664,0.0006808276760091655,0.04429256416853733,500003000.0,0.0,7.89087266974806e-06,5e-06,3.996832668153044e-09,0.0,0.0010290496419131398,0.0,1.5636822686486009e-06,0.0,0.003889756887185574,-0.006110243112814426,0
691.0,268.8027816668441,443.38866079552366,0.0006805470569521292,0.044355009555379354,500003000.0,0.0,7.894864518782724e-06,5e-06,3.991849034664447e-09,0.0,0.0010306121646183985,0.0,1.5633130237983053e-06,0.0,0.003888838367657476,-0.006111161632342524,0
692.0,268.79667050521175,443.1846960794997,0.0006802671711930531,0.04441746922780178,500003000.0,0.0,7.898851397137978e-06,5e-06,3.98687835525399e-09,0.0,0.0010321743196106295,0.0,1.5629437421226937e-06,0.0,0.003887919756524114,-0.006112080243475886,0
693.0,268.79055842496825,442.9807844788756,0.0006799880159800573,0.04447994318592315,500003000.0,0.0,7.902833317712093e-06,5e-06,3.981920574114139e-09,0.0,0.0010337361068479098,0.0,1.5625744235944555e-06,0.0,0.003887001053717551,-0.00611299894628245,0
694.0,268.784445426022,442.77692599693574,0.0006797095885806125,0.04454243142988289,500003000.0,0.0,7.906810293347887e-06,5e-06,3.976975635793663e-09,0.0,0.0010352975262883234,0.0,1.5622050681967543e-06,0.0,0.0038860822591959064,-0.006113917740804093,0
695.0,268.7783315082812,442.5731206369635,0.0006794318862844171,0.04460493395984463,500003000.0,0.0,7.9107823368331e-06,5e-06,3.9720434852124506e-09,0.0,0.001036858577889979,0.0,1.561835675930099e-06,0.0,0.0038851633729604456,-0.006114836627039554,0
696.0,268.7722166716542,442.3693684022427,0.0006791549063893076,0.04466745077597679,500003000.0,0.0,7.914749460900677e-06,5e-06,3.967124067577165e-09,0.0,0.001038419261610996,0.0,1.5614662467801853e-06,0.0,0.0038842443949755855,-0.006115755605024415,0
697.0,268.76610091604914,442.1656692960584,0.0006788786462053952,0.04472998187846209,500003000.0,0.0,7.91871167822908e-06,5e-06,3.9622173284037394e-09,0.0,0.0010399795774094977,0.0,1.5610967807276334e-06,0.0,0.0038833253251931176,-0.006116674674806883,0
698.0,268.75998424137435,441.96202332169725,0.0006786031030565122,0.044792527267509576,500003000.0,0.0,7.922669001442604e-06,5e-06,3.957323213524036e-09,0.0,0.0010415395252436116,0.0,1.560727277751542e-06,0.0,0.0038824061635610494,-0.00611759383643895,0
699.0,268.7538666475379,441.75843048244354,0.0006783282742937694,0.04485508694334177,500003000.0,0.0,7.926621443111766e-06,5e-06,3.952441669163029e-09,0.0,0.0010430991050714973,0.0,1.560357737860922e-06,0.0,0.003881486910101796,-0.006118513089898204,0
700.0,268.747748134448,441.5548907815842,0.000678054157265348,0.044917660906177964,500003000.0,0.0,7.930569015753527e-06,5e-06,3.947572641760857e-09,0.0,0.0010446583168513073,0.0,1.5599881610254174e-06,0.0,0.0038805675647398444,-0.006119432435260155,0
701.0,268.74162870201275,441.35140422240664,0.00067778074934111,0.04498024915626715,500003000.0,0.0,7.934511731831642e-06,5e-06,3.942716078114628e-09,0.0,0.0010462171605412059,0.0,1.5596185472321524e-06,0.0,0.0038796481274431653,-0.006120351872556835,0
702.0,268.7355083501402,441.1479708081968,0.0006775080479114941,0.045042851693884264,500003000.0,0.0,7.938449603757012e-06,5e-06,3.93787192537004e-09,0.0,0.0010477756360993814,0.0,1.5592488964834332e-06,0.0,0.0038787285982174956,-0.006121271401782504,0
703.0,268.7293870787384,440.944590542241,0.0006772360503749237,0.045105468519307676,500003000.0,0.0,7.942382643887958e-06,5e-06,3.9330401309463544e-09,0.0,0.0010493337434840347,0.0,1.5588792087679844e-06,0.0,0.003877808977034787,-0.006122191022965214,0
704.0,268.72326488771546,440.74126342782864,0.0006769647541327923,0.04516809963281308,500003000.0,0.0,7.946310864530464e-06,5e-06,3.928220642505753e-09,0.0,0.001050891482653355,0.0,1.5585094840496068e-06,0.0,0.003876889263804992,-0.006123110736195009,0
705.0,268.71714177697925,440.53798946824514,0.000676694156626791,0.0452307450347252,500003000.0,0.0,7.950234277938632e-06,5e-06,3.9234134081682655e-09,0.0,0.001052448853565577,0.0,1.5581397223533659e-06,0.0,0.0038759694585904624,-0.006124030541409538,0
706.0,268.71101774643785,440.3347686667799,0.0006764242552830703,0.04529340472535215,500003000.0,0.0,7.954152896314818e-06,5e-06,3.918618376185978e-09,0.0,0.0010540058561789175,0.0,1.5577699236372102e-06,0.0,0.0038750495612865925,-0.006124950438713408,0
707.0,268.7048927959991,440.13160102671935,0.000676155047565969,0.04535607870504407,500003000.0,0.0,7.95806673181007e-06,5e-06,3.913835495253059e-09,0.0,0.0010555624904516306,0.0,1.5574000879159409e-06,0.0,0.003874129571930201,-0.006125870428069799,0
708.0,268.698766925571,439.9284865513521,0.0006758865309351798,0.04541876697413965,500003000.0,0.0,7.961975796524326e-06,5e-06,3.909064714255748e-09,0.0,0.0010571187563419655,0.0,1.5570302151627516e-06,0.0,0.003873209490454606,-0.006126790509545394,0
709.0,268.6926401350615,439.7254252439668,0.0006756187028709645,0.04548146953300437,500003000.0,0.0,7.965880102506743e-06,5e-06,3.9043059824168845e-09,0.0,0.0010586746538081841,0.0,1.5566603053675273e-06,0.0,0.003872289316834645,-0.006127710683165356,0
710.0,268.6865124243783,439.5224171078504,0.0006753515608740768,0.0455441863820252,500003000.0,0.0,7.969779661756037e-06,5e-06,3.8995592492936145e-09,0.0,0.001060230182808578,0.0,1.5562903585368942e-06,0.0,0.0038713690510868014,-0.006128630948913199,0
711.0,268.68038379342937,439.3194621462917,0.0006750851024440599,0.045606917521592134,500003000.0,0.0,7.973674486220688e-06,5e-06,3.894824464650416e-09,0.0,0.0010617853433014324,0.0,1.5559203746443992e-06,0.0,0.0038704486931452715,-0.006129551306854729,0
712.0,268.6742542421225,439.1165603625786,0.0006748193251046351,0.045669662952101835,500003000.0,0.0,7.977564587799293e-06,5e-06,3.890101578604179e-09,0.0,0.0010633401352450544,0.0,1.5555503536892345e-06,0.0,0.003869528243008046,-0.006130471756991954,0
713.0,268.6681237703655,438.91371175999905,0.0006745542263887279,0.04573242267398709,500003000.0,0.0,7.981449978340828e-06,5e-06,3.885390541536106e-09,0.0,0.0010648945585977638,0.0,1.5551802956619378e-06,0.0,0.0038686077006515867,-0.0061313922993484135,0
714.0,268.6619923780662,438.71091634184125,0.0006742898038413447,0.04579519668767601,500003000.0,0.0,7.985330669644936e-06,5e-06,3.880691304106772e-09,0.0,0.0010664486133178906,0.0,1.554810200551212e-06,0.0,0.0038676870660477912,-0.006132312933952209,0
715.0,268.65586006513223,438.50817411139144,0.0006740260550281659,0.04585798499362732,500003000.0,0.0,7.98920667346224e-06,5e-06,3.8760038173039805e-09,0.0,0.0010680022993637928,0.0,1.5544400683639624e-06,0.0,0.003866766339213837,-0.006133233660786164,0
716.0,268.64972683147147,438.3054850719392,0.0006737629775087303,0.045920787592283005,500003000.0,0.0,7.993078001494527e-06,5e-06,3.871328032286988e-09,0.0,0.0010695556166938134,0.0,1.5540698990636243e-06,0.0,0.0038658455200587666,-0.006134154479941234,0
717.0,268.64359267699155,438.10284922677073,0.0006735005688788813,0.04598360448413274,500003000.0,0.0,7.996944665395156e-06,5e-06,3.8666639006290696e-09,0.0,0.0010711085652663356,0.0,1.5536996926682944e-06,0.0,0.003864924608627598,-0.006135075391372402,0
718.0,268.63745760160015,437.90026657917247,0.0006732388267347452,0.046046435669663696,500003000.0,0.0,8.000806676769265e-06,5e-06,3.862011374108784e-09,0.0,0.0010726611450397518,0.0,1.5533294491678201e-06,0.0,0.003864003604895075,-0.006135996395104926,0
719.0,268.631321605205,437.69773713243234,0.0006729777486798781,0.04610928114937588,500003000.0,0.0,8.004664047174014e-06,5e-06,3.857370404749764e-09,0.0,0.0010742133559724543,0.0,1.5529591685404768e-06,0.0,0.003863082508807156,-0.006136917491192844,0
720.0,268.62518468771384,437.49526088983777,0.0006727173323373782,0.04617214092377711,500003000.0,0.0,8.008516788118902e-06,5e-06,3.852740944888684e-09,0.0,0.0010757651980228523,0.0,1.5525888507811132e-06,0.0,0.003862161320351028,-0.006137838679648972,0
721.0,268.6190468490342,437.2928378546738,0.0006724575753494161,0.046235014993405085,500003000.0,0.0,8.012364911066073e-06,5e-06,3.848122947170892e-09,0.0,0.0010773166711493844,0.0,1.552218495900274e-06,0.0,0.0038612400395529206,-0.00613875996044708,0
722.0,268.61290808907376,437.09046803022704,0.0006721984753560684,0.046297903358795765,500003000.0,0.0,8.016208427430501e-06,5e-06,3.843516364427783e-09,0.0,0.0010788677753104888,0.0,1.5518481038755195e-06,0.0,0.003860318666357014,-0.006139681333642986,0
723.0,268.6067684077401,436.88815141978256,0.0006719400300212235,0.046360806020503326,500003000.0,0.0,8.020047348580324e-06,5e-06,3.838921149823667e-09,0.0,0.0010804185104646277,0.0,1.5514776747114242e-06,0.0,0.003859397200774687,-0.006140602799225313,0
724.0,268.60062780494087,436.68588802662583,0.0006716822370128414,0.046423722979095416,500003000.0,0.0,8.023881685837066e-06,5e-06,3.8343372567413696e-09,0.0,0.0010819688765702706,0.0,1.5511072083941875e-06,0.0,0.0038584756427716103,-0.00614152435722839,0
725.0,268.5944862805836,436.4836778540415,0.000671425094016258,0.04648665423514984,500003000.0,0.0,8.027711450475922e-06,5e-06,3.829764638856862e-09,0.0,0.001083518873585905,0.0,1.5507367049225372e-06,0.0,0.00385755399234462,-0.00614244600765538,0
726.0,268.588343834576,436.2815209053151,0.0006711685987218416,0.04654959978925916,500003000.0,0.0,8.03153665372599e-06,5e-06,3.825203250067381e-09,0.0,0.001085068501470022,0.0,1.5503661642794056e-06,0.0,0.0038566322494512574,-0.006143367750548743,0
727.0,268.58220046682544,436.0794171837288,0.0006709127488474442,0.046612559642028706,500003000.0,0.0,8.035357306770607e-06,5e-06,3.820653044617994e-09,0.0,0.0010866177601811518,0.0,1.5499955864839885e-06,0.0,0.003855710414139275,-0.006144289585860725,0
728.0,268.5760561772396,435.87736669256697,0.0006706575421021887,0.04667553379407008,500003000.0,0.0,8.039173420747501e-06,5e-06,3.8161139768938205e-09,0.0,0.0010881666496778168,0.0,1.549624971508249e-06,0.0,0.003854788486338928,-0.006145211513661072,0
729.0,268.5699109657259,435.67536943511135,0.0006704029762245738,0.046738522246029125,500003000.0,0.0,8.042985006749136e-06,5e-06,3.811586001635743e-09,0.0,0.0010897151699185707,0.0,1.5492543193651471e-06,0.0,0.0038538664660824557,-0.0061461335339175445,0
730.0,268.56376483219196,435.4734254146447,0.0006701490489514581,0.0468015249985264,500003000.0,0.0,8.046792075822898e-06,5e-06,3.807069073762441e-09,0.0,0.0010912633208619708,0.0,1.5488836300371477e-06,0.0,0.003852944353326238,-0.006147055646673762,0
731.0,268.55761777654527,435.271534634449,0.0006698957580373985,0.04686454205222364,500003000.0,0.0,8.050594638971378e-06,5e-06,3.802563148479104e-09,0.0,0.0010928111024665903,0.0,1.5485129035210832e-06,0.0,0.003852022148062396,-0.0061479778519376044,0
732.0,268.55146979869335,435.06969709780566,0.0006696431012478958,0.046927573407788144,500003000.0,0.0,8.054392707152615e-06,5e-06,3.7980681812376194e-09,0.0,0.0010943585146910163,0.0,1.5481421398127219e-06,0.0,0.0038510998502804027,-0.0061489001497195975,0
733.0,268.54532089854365,434.86791280799457,0.0006693910763633486,0.04699061906590124,500003000.0,0.0,8.058186291280374e-06,5e-06,3.793584127757649e-09,0.0,0.001095905557493861,0.0,1.5477713389160924e-06,0.0,0.0038501774599902796,-0.00614982254000972,0
734.0,268.53917107600364,434.6661817682946,0.0006691396811729387,0.04705367902724825,500003000.0,0.0,8.061975402224364e-06,5e-06,3.7891109439905914e-09,0.0,0.0010974522308337521,0.0,1.547400500829511e-06,0.0,0.003849254977187838,-0.006150745022812163,0
735.0,268.53302033098083,434.4645039819855,0.0006688889134711188,0.047116753292529505,500003000.0,0.0,8.065760050810463e-06,5e-06,3.784648586098474e-09,0.0,0.0010989985346693228,0.0,1.547029625537625e-06,0.0,0.0038483324018348877,-0.0061516675981651125,0
736.0,268.5268686633827,434.2628794523455,0.0006686387710709868,0.04717984186246388,500003000.0,0.0,8.06954024782099e-06,5e-06,3.780197010528377e-09,0.0,0.0011005444689592256,0.0,1.5466587130425179e-06,0.0,0.0038474097339366116,-0.006152590266063389,0
737.0,268.5207160731166,434.061308182651,0.0006683892517989618,0.04724294473777736,500003000.0,0.0,8.073316003994971e-06,5e-06,3.7757561739808885e-09,0.0,0.0011020900336621406,0.0,1.54628776335158e-06,0.0,0.003846486973511393,-0.0061535130264886075,0
738.0,268.5145625600901,433.8597901761795,0.0006681403534805243,0.047306061919198686,500003000.0,0.0,8.077087330028299e-06,5e-06,3.771326033328293e-09,0.0,0.0011036352287367454,0.0,1.5459167764446586e-06,0.0,0.003845564120509101,-0.006154435879490899,0
739.0,268.50840812421063,433.6583254362077,0.0006678920739606785,0.04736919340748067,500003000.0,0.0,8.080854236574029e-06,5e-06,3.766906545728986e-09,0.0,0.0011051800541417368,0.0,1.5455457523215848e-06,0.0,0.0038446411749293156,-0.006155358825070685,0
740.0,268.50225276538555,433.45691396600876,0.0006676444111030843,0.04743233920338746,500003000.0,0.0,8.084616734242649e-06,5e-06,3.762497668621081e-09,0.0,0.0011067245098358466,0.0,1.5451746910003378e-06,0.0,0.0038437181368167605,-0.00615628186318324,0
741.0,268.49609648352236,433.255555768858,0.0006673973627630565,0.04749549930768649,500003000.0,0.0,8.088374833602218e-06,5e-06,3.7580993595689865e-09,0.0,0.0011082685957778,0.0,1.5448035924547027e-06,0.0,0.0038427950061062253,-0.006157204993893775,0
742.0,268.4899392785285,433.05425084802863,0.000667150926821828,0.04755867372116344,500003000.0,0.0,8.092128545178674e-06,5e-06,3.753711576455363e-09,0.0,0.00110981231192635,0.0,1.5444324566937462e-06,0.0,0.003841871782820264,-0.0061581282171797366,0
743.0,268.4837811503113,432.8529992067924,0.0006669051011680869,0.047621862444607484,500003000.0,0.0,8.095877879456049e-06,5e-06,3.749334277375738e-09,0.0,0.0011113556582402666,0.0,1.5440612837192424e-06,0.0,0.0038409484669632895,-0.006159051533036711,0
744.0,268.4776220987783,432.6518008484214,0.000666659883695365,0.04768506547883127,500003000.0,0.0,8.099622846876671e-06,5e-06,3.744967420622712e-09,0.0,0.0011128986346783296,0.0,1.5436900735197788e-06,0.0,0.0038400250585069124,-0.006159974941493088,0
745.0,268.4714621238368,432.4506557761847,0.0006664152723190206,0.04774828282464885,500003000.0,0.0,8.103363457841452e-06,5e-06,3.740610964780174e-09,0.0,0.0011144412411993505,0.0,1.5433188261102483e-06,0.0,0.00383910155748818,-0.00616089844251182,0
746.0,268.4653012253943,432.24956399335355,0.0006661712649473393,0.04781151448287451,500003000.0,0.0,8.107099722710011e-06,5e-06,3.736264868559798e-09,0.0,0.0011159834777621318,0.0,1.5429475414650643e-06,0.0,0.0038381779638434433,-0.006161822036156557,0
747.0,268.4591394033581,432.0485255031943,0.0006659278595229927,0.04787476045437012,500003000.0,0.0,8.110831651801043e-06,5e-06,3.731929091032545e-09,0.0,0.001117525344325525,0.0,1.5425762196143626e-06,0.0,0.0038372542776476683,-0.0061627457223523315,0
748.0,268.45297665763576,431.8475403089758,0.0006656850539730691,0.047938020739970916,500003000.0,0.0,8.11455925539239e-06,5e-06,3.727603591347171e-09,0.0,0.0011190668408483694,0.0,1.5422048605283864e-06,0.0,0.003836330498826832,-0.006163669501173168,0
749.0,268.4468129881346,431.6466084139637,0.0006654428462552915,0.048001295340536806,500003000.0,0.0,8.118282543721378e-06,5e-06,3.723288328988213e-09,0.0,0.001120607967289539,0.0,1.5418334642247242e-06,0.0,0.003835406627424687,-0.006164593372575314,0
750.0,268.440648394762,431.4457298214227,0.0006652012343293534,0.04806458425693806,500003000.0,0.0,8.122001526984993e-06,5e-06,3.7189832636141196e-09,0.0,0.0011221487236079246,0.0,1.541462030702052e-06,0.0,0.0038344826634379397,-0.00616551733656206,0
751.0,268.4344828774254,431.24490453461783,0.0006649602161603528,0.048127887490066495,500003000.0,0.0,8.125716215340068e-06,5e-06,3.7146883550754785e-09,0.0,0.0011236891097624198,0.0,1.541090559948223e-06,0.0,0.003833558606836376,-0.006166441393163625,0
752.0,268.4283164360322,431.044132556811,0.0006647197897358309,0.04819120504080322,500003000.0,0.0,8.129426618903576e-06,5e-06,3.7104035635090735e-09,0.0,0.0011252291257119547,0.0,1.5407190519799279e-06,0.0,0.003832634457661512,-0.006167365542338488,0
753.0,268.42214907048987,430.84341389126485,0.0006644799530396875,0.04825453691005547,500003000.0,0.0,8.133132747752767e-06,5e-06,3.7061288491910024e-09,0.0,0.0011267687714154606,0.0,1.5403475067823705e-06,0.0,0.0038317102158765435,-0.006168289784123457,0
754.0,268.41598078070575,430.64274854123994,0.0006642407040754194,0.04831788309873395,500003000.0,0.0,8.136834611925432e-06,5e-06,3.7018641726653604e-09,0.0,0.0011283080468318934,0.0,1.539975924363286e-06,0.0,0.0038307858815007116,-0.006169214118499289,0
755.0,268.4098115665873,430.44213650999546,0.0006640020408537488,0.04838124360776529,500003000.0,0.0,8.140532221420106e-06,5e-06,3.6976094946740167e-09,0.0,0.0011298469519202276,0.0,1.5396043047244141e-06,0.0,0.0038298614545383435,-0.006170138545461657,0
756.0,268.4036414280418,430.241577800788,0.0006637639613999148,0.04844461843808485,500003000.0,0.0,8.144225586196303e-06,5e-06,3.693364776196122e-09,0.0,0.0011313854866394672,0.0,1.539232647878547e-06,0.0,0.003828936935021261,-0.006171063064978739,0
757.0,268.3974703649768,430.04107241687603,0.0006635264637324115,0.048508007590631126,500003000.0,0.0,8.147914716174631e-06,5e-06,3.689129978328741e-09,0.0,0.0011329236509486074,0.0,1.5388609538003575e-06,0.0,0.0038280123228864615,-0.006171987677113539,0
758.0,268.3912983772997,429.84062036151414,0.0006632895459006892,0.048571411066364256,500003000.0,0.0,8.151599621237127e-06,5e-06,3.6849050624955453e-09,0.0,0.001134461444806685,0.0,1.5384892225139962e-06,0.0,0.00382708761819402,-0.00617291238180598,0
759.0,268.38512546491785,429.64022163795687,0.0006630532059489558,0.04863482886624799,500003000.0,0.0,8.15528031122737e-06,5e-06,3.6806899902443258e-09,0.0,0.0011359988681727412,0.0,1.5381174540092584e-06,0.0,0.0038261628209185533,-0.006173837179081447,0
760.0,268.3789516277388,429.4398762494581,0.0006628174419341777,0.048698260991247536,500003000.0,0.0,8.158956795950717e-06,5e-06,3.6764847233461156e-09,0.0,0.001137535921005833,0.0,1.5377456482834874e-06,0.0,0.0038252379310534513,-0.006174762068946548,0
761.0,268.37277686566983,429.2395841992677,0.0006625822519339331,0.04876170744235641,500003000.0,0.0,8.162629085174555e-06,5e-06,3.6722892238375537e-09,0.0,0.0011390726032650563,0.0,1.5373738053599444e-06,0.0,0.003824312948656578,-0.006175687051343422,0
762.0,268.3666011786185,429.0393454906371,0.0006623476340157035,0.04882516822057259,500003000.0,0.0,8.166297188628405e-06,5e-06,3.6681034538495534e-09,0.0,0.0011406089149095001,0.0,1.5370019252166759e-06,0.0,0.0038233878736733226,-0.006176612126326678,0
763.0,268.36042456649216,428.8391601268134,0.0006621135862775719,0.04888864332689731,500003000.0,0.0,8.169961116004237e-06,5e-06,3.6639273758318763e-09,0.0,0.0011421448558982974,0.0,1.536630007881113e-06,0.0,0.003822462706171923,-0.006177537293828077,0
764.0,268.35424702919835,428.6390281110459,0.0006618801068026478,0.0489521327623356,500003000.0,0.0,8.173620876956536e-06,5e-06,3.6597609522996672e-09,0.0,0.0011436804261905694,0.0,1.536258053324417e-06,0.0,0.0038215374460806393,-0.006178462553919361,0
765.0,268.34806856664443,428.43894944657904,0.0006616471937094838,0.04901563652792092,500003000.0,0.0,8.177276481102649e-06,5e-06,3.6556041461114712e-09,0.0,0.0011452156257454845,0.0,1.5358860615786547e-06,0.0,0.0038206120934792405,-0.006179387906520759,0
766.0,268.3418891787379,428.2389241366578,0.0006614148451059398,0.049079154624691874,500003000.0,0.0,8.180927938022862e-06,5e-06,3.651456920212964e-09,0.0,0.001146750454522212,0.0,1.5355140326298243e-06,0.0,0.003819686648332896,-0.006180313351667104,0
767.0,268.33570886538627,428.0389521845251,0.00066118305911826,0.04914268705367461,500003000.0,0.0,8.184575257260658e-06,5e-06,3.647319237796777e-09,0.0,0.0011482849124799456,0.0,1.5351419664854986e-06,0.0,0.0038187611106604447,-0.0061812388893395555,0
768.0,268.32952762649694,427.83903359342196,0.0006609518338816802,0.049206233815936314,500003000.0,0.0,8.188218448322907e-06,5e-06,3.643191062249512e-09,0.0,0.0011498189995779022,0.0,1.5347698631531526e-06,0.0,0.0038178354804804795,-0.006182164519519521,0
769.0,268.3233454619774,427.6391683665877,0.000660721167538855,0.049269794912538384,500003000.0,0.0,8.19185752068005e-06,5e-06,3.639072357142084e-09,0.0,0.0011513527157753177,0.0,1.5343977226366372e-06,0.0,0.00381690975780258,-0.0061830902421974206,0
770.0,268.3171623717352,427.439356507262,0.0006604910582345531,0.04933337034454236,500003000.0,0.0,8.195492483766249e-06,5e-06,3.634963086199604e-09,0.0,0.001152886061031431,0.0,1.534025544923986e-06,0.0,0.0038159839425969803,-0.00618401605740302,0
771.0,268.31097835567783,427.23959801868125,0.0006602615041355015,0.04939696011303532,500003000.0,0.0,8.199123346979658e-06,5e-06,3.630863213409652e-09,0.0,0.001154419035305516,0.0,1.5336533300336462e-06,0.0,0.003815058034909568,-0.006184941965090432,0
772.0,268.30479341371273,427.03989290407935,0.0006600325034139261,0.04946056421911855,500003000.0,0.0,8.202750119682588e-06,5e-06,3.6267727029305676e-09,0.0,0.001155951638556871,0.0,1.5332810779763758e-06,0.0,0.003814132034767104,-0.0061858679652328965,0
773.0,268.2986075457475,426.8402411666904,0.0006598040542418334,0.04952418266387066,500003000.0,0.0,8.206372811201648e-06,5e-06,3.6226915190592018e-09,0.0,0.0011574838707448009,0.0,1.5329087887420763e-06,0.0,0.003813205942144469,-0.006186794057855532,0
774.0,268.29242075168963,426.6406428097474,0.0006595761548038098,0.04958781544840839,500003000.0,0.0,8.209991430827948e-06,5e-06,3.6186196263003663e-09,0.0,0.0011590157318286235,0.0,1.532536462329652e-06,0.0,0.003812279757038935,-0.006187720242961065,0
775.0,268.28623303144667,426.44109783647923,0.0006593488033047929,0.04965146257385796,500003000.0,0.0,8.213605987817357e-06,5e-06,3.614556989408391e-09,0.0,0.0011605472217676987,0.0,1.5321640987652177e-06,0.0,0.003811353479515467,-0.006188646520484533,0
776.0,268.2800443849262,426.2416062501154,0.0006591219979403617,0.04971512404134181,500003000.0,0.0,8.217216491390581e-06,5e-06,3.610503573223203e-09,0.0,0.0011620783405213845,0.0,1.531791698033158e-06,0.0,0.003810427109535219,-0.006189572890464781,0
777.0,268.2738548120357,426.04216805388097,0.0006588957369336984,0.04977879985199683,500003000.0,0.0,8.220822950733452e-06,5e-06,3.6064593428720823e-09,0.0,0.0011636090880490825,0.0,1.5314192601621726e-06,0.0,0.0038095006471695835,-0.006190499352830416,0
778.0,268.2676643126829,425.84278325100263,0.0006586700184939808,0.04984249000695546,500003000.0,0.0,8.224425374996994e-06,5e-06,3.6024242635407917e-09,0.0,0.0011651394643101875,0.0,1.5310467851286717e-06,0.0,0.0038085740923598796,-0.006191425907640121,0
779.0,268.26147288677527,425.6434518447039,0.0006584448408563069,0.049906194507384656,500003000.0,0.0,8.228023773297685e-06,5e-06,3.598398300691318e-09,0.0,0.0011666694692641227,0.0,1.530674272949713e-06,0.0,0.0038076474451485395,-0.006192352554851461,0
780.0,268.2552805342204,425.4441738382047,0.0006582202022661189,0.04996991335445215,500003000.0,0.0,8.231618154717661e-06,5e-06,3.594381419975505e-09,0.0,0.0011681991028703509,0.0,1.5303017236469218e-06,0.0,0.0038067207055893578,-0.006193279294410643,0
781.0,268.249087254926,425.2449492347266,0.0006579961009570226,0.05003364654931003,500003000.0,0.0,8.235208528304773e-06,5e-06,3.5903735871131334e-09,0.0,0.0011697283650883212,0.0,1.529929137195022e-06,0.0,0.0038057938736194576,-0.006194206126380542,0
782.0,268.2428930487996,425.04577803748623,0.0006577725351967968,0.050097394093158824,500003000.0,0.0,8.238794903072916e-06,5e-06,3.58637476814227e-09,0.0,0.0011712572558775344,0.0,1.5295565136289574e-06,0.0,0.0038048669493257643,-0.006195133050674236,0
783.0,268.23669791574895,424.8466602497011,0.0006575495032384747,0.05016115598716952,500003000.0,0.0,8.242377288002067e-06,5e-06,3.582384929151345e-09,0.0,0.0011727857751974852,0.0,1.5291838529302327e-06,0.0,0.0038039399326622704,-0.00619606006733773,0
784.0,268.2305018556816,424.6475958745841,0.0006573270033634418,0.05022493223255291,500003000.0,0.0,8.245955692038582e-06,5e-06,3.5784040365133586e-09,0.0,0.0011743139230077125,0.0,1.5288111551272845e-06,0.0,0.0038030128236997128,-0.006196987176300288,0
785.0,268.2243048685053,424.4485849153488,0.0006571050338434466,0.050288722830508024,500003000.0,0.0,8.24953012409526e-06,5e-06,3.574432056677945e-09,0.0,0.0011758416992677556,0.0,1.5284384202072165e-06,0.0,0.003802085622406011,-0.00619791437759399,0
786.0,268.21810695412773,424.24962737520485,0.000656883592973292,0.05035252778224982,500003000.0,0.0,8.253100593051608e-06,5e-06,3.5704689563485703e-09,0.0,0.0011773691039371893,0.0,1.5280656481919783e-06,0.0,0.003801158328835767,-0.006198841671164234,0
787.0,268.21190811245657,424.0507232573614,0.0006566626790442009,0.05041634708900857,500003000.0,0.0,8.256667107753944e-06,5e-06,3.5665147023366965e-09,0.0,0.001178896136975599,0.0,1.5276928390765067e-06,0.0,0.0038002309429763853,-0.006199769057023615,0
788.0,268.2057083433995,423.8518725650245,0.0006564422903647424,0.05048018075201163,500003000.0,0.0,8.260229677015619e-06,5e-06,3.562569261674746e-09,0.0,0.0011804227983425997,0.0,1.527319992877535e-06,0.0,0.0037993034648694905,-0.00620069653513051,0
789.0,268.1995076468644,423.6530753014001,0.0006562224252404682,0.05054402877248419,500003000.0,0.0,8.263788309617123e-06,5e-06,3.558632601504634e-09,0.0,0.0011819490879978116,0.0,1.526947109586315e-06,0.0,0.0037983758944933207,-0.006201624105506679,0
790.0,268.19330602275886,423.45433146969003,0.0006560030819995631,0.050607891151693014,500003000.0,0.0,8.26734301430634e-06,5e-06,3.554704689216134e-09,0.0,0.0011834750059008944,0.0,1.5265741892284276e-06,0.0,0.003797448231911512,-0.006202551768088488,0
791.0,268.1871034709908,423.2556410730965,0.0006557842589613196,0.05067176789089064,500003000.0,0.0,8.270893799798614e-06,5e-06,3.5507854922750625e-09,0.0,0.0011850005520115073,0.0,1.526201231790518e-06,0.0,0.0037965204770908406,-0.00620347952290916,0
792.0,268.18089999146787,423.05700411481655,0.0006555659544733614,0.050735658991338174,500003000.0,0.0,8.274440674777038e-06,5e-06,3.5468749784241697e-09,0.0,0.0011865257262893593,0.0,1.525828237307059e-06,0.0,0.0037955926301170622,-0.006204407369882938,0
793.0,268.174695584098,422.8584205980488,0.0006553481668663816,0.050799564454302046,500003000.0,0.0,8.277983647892475e-06,5e-06,3.5429731154372234e-09,0.0,0.0011880505286941485,0.0,1.5254552057550846e-06,0.0,0.003794664690933046,-0.006205335309066954,0
794.0,268.16849024878894,422.6598905259867,0.0006551308945030895,0.05086348428107897,500003000.0,0.0,8.281522727763858e-06,5e-06,3.5390798713831008e-09,0.0,0.0011895749591856206,0.0,1.5250821371682581e-06,0.0,0.0037937366596225326,-0.006206263340377468,0
795.0,268.16228398544854,422.4614139018228,0.0006549141357388406,0.050927418472944616,500003000.0,0.0,8.28505792297827e-06,5e-06,3.5351952144119633e-09,0.0,0.0011910990177235337,0.0,1.5247090315453207e-06,0.0,0.0037928085361823897,-0.00620719146381761,0
796.0,268.1560767939847,422.2629907287489,0.0006546978889358971,0.05099136703119584,500003000.0,0.0,8.288589242091102e-06,5e-06,3.531319112831711e-09,0.0,0.0011926227042676559,0.0,1.5243358888833903e-06,0.0,0.0037918803206054485,-0.006208119679394552,0
797.0,268.1498686743053,422.06462100995304,0.0006544821524738239,0.05105532995713867,500003000.0,0.0,8.292116693626265e-06,5e-06,3.527451535163204e-09,0.0,0.0011941460187777882,0.0,1.5239627092022893e-06,0.0,0.0037909520129410183,-0.006209047987058982,0
798.0,268.14365962631825,421.86630474862187,0.000654266924733219,0.051119307252090324,500003000.0,0.0,8.295640286076316e-06,5e-06,3.5235924500516543e-09,0.0,0.0011956689612137507,0.0,1.5235894925067577e-06,0.0,0.00379002361320089,-0.006209976386799111,0
799.0,268.13744964993145,421.66804194793957,0.0006540522041046184,0.051183298917365144,500003000.0,0.0,8.29916002790263e-06,5e-06,3.5197418263139092e-09,0.0,0.0011971915315353852,0.0,1.5232162388072975e-06,0.0,0.003789095121411188,-0.0062109048785888125,0
800.0,268.1312387450529,421.46983261108863,0.0006538379889831243,0.05124730495429318,500003000.0,0.0,8.302675927535539e-06,5e-06,3.5158996329087348e-09,0.0,0.0011987137297025524,0.0,1.5228429481077655e-06,0.0,0.003788166537581506,-0.006211833462418494,0
801.0,268.12502691159045,421.27167674124814,0.0006536242777781395,0.05131132536421554,500003000.0,0.0,8.306187993374528e-06,5e-06,3.5120658389883965e-09,0.0,0.0012002355556751448,0.0,1.5224696204281527e-06,0.0,0.0037872378617615737,-0.006212762138238426,0
802.0,268.1188141494522,421.07357434159644,0.000653411068896382,0.05137536014846923,500003000.0,0.0,8.309696233788334e-06,5e-06,3.508240413806578e-09,0.0,0.0012017570094130642,0.0,1.5220962557651186e-06,0.0,0.003786309093943081,-0.00621369090605692,0
803.0,268.1126004585461,420.8755254153096,0.0006531983607571511,0.05143940930840225,500003000.0,0.0,8.313200657115133e-06,5e-06,3.5044233267997246e-09,0.0,0.0012032780908762346,0.0,1.5217228541276562e-06,0.0,0.0037853802341483982,-0.006214619765851602,0
804.0,268.1063858387803,420.67752996556106,0.0006529861517885745,0.05150347284537629,500003000.0,0.0,8.3167012716627e-06,5e-06,3.5006145475660547e-09,0.0,0.0012047988000246056,0.0,1.5213494155284522e-06,0.0,0.003784451282409085,-0.006215548717590915,0
805.0,268.1001702900627,420.47958799552146,0.00065277444042682,0.05156755076075927,500003000.0,0.0,8.32019808570856e-06,5e-06,3.4968140458605534e-09,0.0,0.0012063191368181542,0.0,1.5209759399821548e-06,0.0,0.003783522238761579,-0.006216477761238421,0
806.0,268.09395381230144,420.2816995083597,0.0006525632251111079,0.05163164305592982,500003000.0,0.0,8.323691107500128e-06,5e-06,3.493021791567525e-09,0.0,0.0012078391012168743,0.0,1.5206024274938455e-06,0.0,0.0037825931032185213,-0.006217406896781479,0
807.0,268.08773640540466,420.083864507243,0.0006523525042869689,0.051695749732260134,500003000.0,0.0,8.327180345254845e-06,5e-06,3.4892377547173787e-09,0.0,0.0012093586931807765,0.0,1.5202288780667314e-06,0.0,0.003781663875787889,-0.006218336124212111,0
808.0,268.08151806928043,419.8860829953353,0.0006521422764139837,0.051759870791142304,500003000.0,0.0,8.330665807160373e-06,5e-06,3.4854619055272583e-09,0.0,0.0012108779126699032,0.0,1.5198552917202848e-06,0.0,0.0037807345565181215,-0.006219265443481879,0
809.0,268.075298803837,419.6883549757994,0.0006519325399502315,0.05182400623397046,500003000.0,0.0,8.33414750137469e-06,5e-06,3.481694214317136e-09,0.0,0.001212396759644308,0.0,1.5194816684540893e-06,0.0,0.0037798051454081823,-0.0062201948545918175,0
810.0,268.0690786089824,419.4906804517947,0.0006517232933695089,0.05188815606214814,500003000.0,0.0,8.337625436026293e-06,5e-06,3.47793465160115e-09,0.0,0.0012139152340640775,0.0,1.519108008288079e-06,0.0,0.003778875642507659,-0.006221124357492341,0
811.0,268.06285748462494,419.2930594264782,0.000651514535147397,0.05195232027708563,500003000.0,0.0,8.341099619214304e-06,5e-06,3.4741831880124103e-09,0.0,0.0012154333358893171,0.0,1.5187343112301518e-06,0.0,0.0037779460478361985,-0.006222053952163802,0
812.0,268.05663543067277,419.09549190300453,0.0006513062637687313,0.05201649888020973,500003000.0,0.0,8.344570059008646e-06,5e-06,3.4704397943422077e-09,0.0,0.0012169510650801598,0.0,1.5183605772936845e-06,0.0,0.003777016361427076,-0.006222983638572924,0
813.0,268.0504124470342,418.8979778845274,0.0006510984777179838,0.05208069187292631,500003000.0,0.0,8.348036763450134e-06,5e-06,3.466704441488063e-09,0.0,0.0012184684215967463,0.0,1.517986806475193e-06,0.0,0.0037760865832716247,-0.006223913416728375,0
814.0,268.0441885336175,418.70051737419703,0.000650891175496789,0.052144899256681476,500003000.0,0.0,8.35149974055068e-06,5e-06,3.4629771005464106e-09,0.0,0.0012199854053992504,0.0,1.5176129987953017e-06,0.0,0.0037751567134211485,-0.006224843286578852,0
815.0,268.0379636903309,418.50311037516025,0.0006506843556125712,0.052209121032913634,500003000.0,0.0,8.354958998293432e-06,5e-06,3.459257742751216e-09,0.0,0.0012215020164478754,0.0,1.5172391542723164e-06,0.0,0.003774226751921185,-0.006225773248078815,0
816.0,268.0317379170828,418.30575689056303,0.0006504780165706723,0.052273357203067604,500003000.0,0.0,8.358414544632864e-06,5e-06,3.4555463394315255e-09,0.0,0.001223018254702834,0.0,1.5168652729039574e-06,0.0,0.0037732966987660634,-0.006226703301233937,0
817.0,268.02551121378156,418.1084569235489,0.0006502721568890392,0.05233760776858631,500003000.0,0.0,8.361866387494953e-06,5e-06,3.451842862088918e-09,0.0,0.0012245341201243642,0.0,1.5164913547017037e-06,0.0,0.0037723665539843372,-0.006227633446015663,0
818.0,268.0192835803355,417.9112104772582,0.000650066775094311,0.05240187273093932,500003000.0,0.0,8.365314534777329e-06,5e-06,3.448147282375935e-09,0.0,0.0012260496126727293,0.0,1.5161173996817579e-06,0.0,0.0037714363176163134,-0.006228563682383687,0
819.0,268.01305501665314,417.7140175548293,0.0006498618697161213,0.05246615209159123,500003000.0,0.0,8.368758994349394e-06,5e-06,3.444459572065191e-09,0.0,0.0012275647323082143,0.0,1.5157434078518557e-06,0.0,0.003770505989681233,-0.006229494010318767,0
820.0,268.0068255226428,417.5168781593978,0.0006496574392936463,0.052530445852018826,500003000.0,0.0,8.372199774052477e-06,5e-06,3.440779703083449e-09,0.0,0.0012290794789911292,0.0,1.5153693792266227e-06,0.0,0.0037695755702154793,-0.0062304244297845205,0
821.0,268.00059509821307,417.3197922940969,0.0006494534823699046,0.05259475401370519,500003000.0,0.0,8.375636881699958e-06,5e-06,3.4371076474807354e-09,0.0,0.001230593852681805,0.0,1.5149953138143707e-06,0.0,0.003768645059239728,-0.006231354940760272,0
822.0,267.9943637432723,417.1227599620559,0.0006492499975014509,0.052659076578128516,500003000.0,0.0,8.379070325077439e-06,5e-06,3.4334433774809904e-09,0.0,0.0012321078533406081,0.0,1.514621211639801e-06,0.0,0.003767714456815426,-0.006232285543184574,0
823.0,267.9881314577291,416.9257811664041,0.0006490469832369891,0.052723413546786745,500003000.0,0.0,8.382500111942807e-06,5e-06,3.4297868653682844e-09,0.0,0.0012336214809279076,0.0,1.5142470726941915e-06,0.0,0.003766783762920874,-0.006233216237079126,0
824.0,267.981898241492,416.72885591026676,0.0006488444381446535,0.05278776492117856,500003000.0,0.0,8.385926250026437e-06,5e-06,3.426138083630505e-09,0.0,0.0012351347354041056,0.0,1.513872896999143e-06,0.0,0.0037658529776098087,-0.006234147022390191,0
825.0,267.9756640944696,416.5319841967675,0.0006486423607928033,0.05285213070281506,500003000.0,0.0,8.389348747031293e-06,5e-06,3.422497004857108e-09,0.0,0.001236647616729624,0.0,1.5134986845618493e-06,0.0,0.003764922100900123,-0.006235077899099877,0
826.0,267.96942901657053,416.3351660290262,0.0006484407497615013,0.05291651089320758,500003000.0,0.0,8.392767610633092e-06,5e-06,3.4188636017991276e-09,0.0,0.001238160124864915,0.0,1.5131244354019726e-06,0.0,0.003763991132840728,-0.006236008867159273,0
827.0,267.96319300770335,416.1384014101597,0.0006482396036359828,0.052980905493882485,500003000.0,0.0,8.396182848480427e-06,5e-06,3.415237847334023e-09,0.0,0.0012396722597704578,0.0,1.512750149536491e-06,0.0,0.0037630600734738584,-0.006236939926526142,0
828.0,267.95695606777684,415.94169034328485,0.0006480389209964115,0.053045314506352054,500003000.0,0.0,8.399594468194838e-06,5e-06,3.4116197144111697e-09,0.0,0.0012411840214067345,0.0,1.512375826955862e-06,0.0,0.003762128922775776,-0.006237871077224224,0
829.0,267.9507181966996,415.7450328315124,0.0006478387004508424,0.053109737932176444,500003000.0,0.0,8.403002477371063e-06,5e-06,3.4080091762248347e-09,0.0,0.0012426954097342793,0.0,1.512001467701063e-06,0.0,0.0037611976808484154,-0.006238802319151585,0
830.0,267.94447939438044,415.5484288779534,0.0006476389405906681,0.05317417577287069,500003000.0,0.0,8.406406883577043e-06,5e-06,3.404406205978947e-09,0.0,0.001244206424713625,0.0,1.5116270717596616e-06,0.0,0.00376026634766085,-0.0062397336523391505,0
831.0,267.9382396607281,415.3518784857146,0.0006474396400308407,0.053238628029989375,500003000.0,0.0,8.409807694354142e-06,5e-06,3.4008107770981997e-09,0.0,0.0012457170663053424,0.0,1.5112526391597994e-06,0.0,0.0037593349232830833,-0.006240665076716917,0
832.0,267.9319989956514,415.155381657902,0.0006472407973784176,0.05330309470507795,500003000.0,0.0,8.413204917217203e-06,5e-06,3.397222863062018e-09,0.0,0.0012472273344700097,0.0,1.510878169896843e-06,0.0,0.0037584034077035896,-0.00624159659229641,0
833.0,267.9257573990591,414.9589383976153,0.0006470424112670889,0.053367575799717744,500003000.0,0.0,8.416598559654788e-06,5e-06,3.3936424375852844e-09,0.0,0.0012487372291682597,0.0,1.5105036640140816e-06,0.0,0.003757471801030054,-0.006242528198969946,0
834.0,267.9195148708601,414.76254870795486,0.0006468444803121233,0.05343207131545526,500003000.0,0.0,8.419988629129169e-06,5e-06,3.390069474381247e-09,0.0,0.001250246750360721,0.0,1.5101291214976096e-06,0.0,0.003756540103227885,-0.006243459896772115,0
835.0,267.9132714109633,414.56621259201694,0.000646647003150661,0.05349658125386578,500003000.0,0.0,8.423375133076541e-06,5e-06,3.3865039473724098e-09,0.0,0.001251755898008057,0.0,1.5097545423704905e-06,0.0,0.0037556083143544536,-0.006244391685645547,0
836.0,267.9070270192777,414.36993005289554,0.0006464499784204937,0.05356110561652758,500003000.0,0.0,8.42675807890712e-06,5e-06,3.382945830578579e-09,0.0,0.0012532646720709519,0.0,1.509379926643289e-06,0.0,0.0037546764344360425,-0.006245323565563957,0
837.0,267.9007816957121,414.1737010936812,0.0006462534047691308,0.05362564440502966,500003000.0,0.0,8.430137474005284e-06,5e-06,3.379395098163784e-09,0.0,0.00125477307251012,0.0,1.5090052743353231e-06,0.0,0.0037537444635207043,-0.006246255536479296,0
838.0,267.8945354401756,413.9775257174621,0.0006460572808461307,0.05369019762095577,500003000.0,0.0,8.43351332572968e-06,5e-06,3.3758517243955607e-09,0.0,0.001256281099286296,0.0,1.5086305854568344e-06,0.0,0.0037528124016339166,-0.006247187598366084,0
839.0,267.88828825257724,413.781403927324,0.0006458616053068167,0.05375476526590603,500003000.0,0.0,8.436885641413344e-06,5e-06,3.372315683663852e-09,0.0,0.0012577887523602359,0.0,1.5082558600177443e-06,0.0,0.0037518802488003588,-0.0062481197511996414,0
840.0,267.88204013282603,413.58533572634946,0.0006456663768158702,0.05381934734147826,500003000.0,0.0,8.440254428363844e-06,5e-06,3.3687869504991755e-09,0.0,0.0012592960316927238,0.0,1.5078810980361243e-06,0.0,0.003750948005064986,-0.006249051994935015,0
841.0,267.8757910808311,413.38932111761864,0.0006454715940404738,0.05388394384928577,500003000.0,0.0,8.44361969386338e-06,5e-06,3.3652654995362425e-09,0.0,0.001260802937244564,0.0,1.5075062995222609e-06,0.0,0.0037500156704533853,-0.006249984329546615,0
842.0,267.86954109650156,413.19336010420807,0.0006452772556581662,0.05394855479094739,500003000.0,0.0,8.446981445168935e-06,5e-06,3.3617513055543705e-09,0.0,0.0012623094689765935,0.0,1.5071314644970804e-06,0.0,0.003749083245017613,-0.006250916754982388,0
843.0,267.86329017974657,412.9974526891919,0.0006450833603477785,0.054013180168073556,500003000.0,0.0,8.450339689512364e-06,5e-06,3.3582443434296543e-09,0.0,0.001263815626849668,0.0,1.5067565929710517e-06,0.0,0.0037481507287837105,-0.006251849271216289,0
844.0,267.85703833047535,412.8015988756417,0.0006448899067943984,0.05407781998229279,500003000.0,0.0,8.453694434100525e-06,5e-06,3.3547445881603225e-09,0.0,0.0012653214108246681,0.0,1.5063816849558597e-06,0.0,0.0037472181217807453,-0.006252781878219255,0
845.0,267.8507855485971,412.60579866662584,0.0006446968936910419,0.05414247423524301,500003000.0,0.0,8.4570456861154e-06,5e-06,3.3512520148748566e-09,0.0,0.0012668268208624988,0.0,1.506006740468386e-06,0.0,0.003746285424050712,-0.006253714575949289,0
846.0,267.84453183402115,412.41005206521,0.0006445043197353635,0.054207142928557404,500003000.0,0.0,8.460393452714215e-06,5e-06,3.347766598814314e-09,0.0,0.0012683318569240913,0.0,1.505631759523101e-06,0.0,0.0037453526356296045,-0.006254647364370395,0
847.0,267.8382771866568,412.2143590744574,0.0006443121836287023,0.054271826063878974,500003000.0,0.0,8.463737741029542e-06,5e-06,3.344288315326855e-09,0.0,0.0012698365189703958,0.0,1.5052567421299073e-06,0.0,0.0037444197565420583,-0.0062555802434579415,0
848.0,267.8320216064133,412.01871969742666,0.0006441204840858953,0.05433652364286551,500003000.0,0.0,8.46707855816946e-06,5e-06,3.340817139918118e-09,0.0,0.0012713408069624013,0.0,1.5048816883171465e-06,0.0,0.0037434867868585734,-0.006256513213141426,0
849.0,267.8257650932002,411.82313393717567,0.0006439292198144551,0.054401235667161284,500003000.0,0.0,8.470415911217601e-06,5e-06,3.3373530481426346e-09,0.0,0.0012728447208611056,0.0,1.504506598083013e-06,0.0,0.003742553726574659,-0.006257446273425341,0
850.0,267.81950764692675,411.62760179675826,0.0006437383895381813,0.054465962138438254,500003000.0,0.0,8.473749807233328e-06,5e-06,3.333896015725818e-09,0.0,0.0012743482606275402,0.0,1.5041314714508056e-06,0.0,0.0037416205757482726,-0.006258379424251727,0
851.0,267.8132492675025,411.43212327922504,0.0006435479919837938,0.0545307030583508,500003000.0,0.0,8.477080253251822e-06,5e-06,3.3304460184940448e-09,0.0,0.0012758514262227612,0.0,1.5037563084377646e-06,0.0,0.0037406873344223,-0.0062593126655777,0
852.0,267.8069899548369,411.2366983876244,0.0006433580258802484,0.05459545842858352,500003000.0,0.0,8.480407256284192e-06,5e-06,3.3270030323706486e-09,0.0,0.0012773542176078463,0.0,1.5033811090535412e-06,0.0,0.003739754002620749,-0.0062602459973792515,0
853.0,267.8007297088395,411.04132712500086,0.0006431684899675994,0.054660228250811835,500003000.0,0.0,8.483730823317614e-06,5e-06,3.3235670334212522e-09,0.0,0.0012788566347439062,0.0,1.5030058733209877e-06,0.0,0.003738820580400467,-0.006261179419599533,0
854.0,267.79446852941993,410.8460094943975,0.0006429793829823532,0.05472501252671002,500003000.0,0.0,8.487050961315392e-06,5e-06,3.320137997777517e-09,0.0,0.001280358677592062,0.0,1.5026306012419873e-06,0.0,0.0037378870677661374,-0.006262112932233863,0
855.0,267.7882064164877,410.65074549885264,0.0006427907036786529,0.054789811257978896,500003000.0,0.0,8.490367677217138e-06,5e-06,3.316715901746102e-09,0.0,0.0012818603461134752,0.0,1.502255292847052e-06,0.0,0.0037369534647936618,-0.006263046535206339,0
856.0,267.7819433699525,410.4555351414029,0.0006426024508051807,0.054854624446301854,500003000.0,0.0,8.493680977938826e-06,5e-06,3.3133007216888286e-09,0.0,0.0012833616402693226,0.0,1.501879948141395e-06,0.0,0.0037360197714960074,-0.006263980228503992,0
857.0,267.775679389724,410.26037842508117,0.0006424146231224754,0.05491945209339371,500003000.0,0.0,8.496990870372938e-06,5e-06,3.309892434111606e-09,0.0,0.0012848625600208113,0.0,1.5015045671454854e-06,0.0,0.003735085987924093,-0.006264914012075907,0
858.0,267.7694144757119,410.0652753529165,0.0006422272193978321,0.054984294200953875,500003000.0,0.0,8.500297361388576e-06,5e-06,3.3064910156375303e-09,0.0,0.0012863631053291814,0.0,1.5011291498831948e-06,0.0,0.0037341521141373004,-0.0062658478858627,0
859.0,267.76314862782607,409.87022592793716,0.0006420402383918565,0.05504915077068889,500003000.0,0.0,8.503600457831514e-06,5e-06,3.3030964429372097e-09,0.0,0.0012878632761556784,0.0,1.5007536963504299e-06,0.0,0.0037332181501254476,-0.006266781849874553,0
860.0,267.7568818459762,409.6752301531661,0.0006418536788871903,0.05511402180431292,500003000.0,0.0,8.50690016652439e-06,5e-06,3.2997086928761464e-09,0.0,0.0012893630724615925,0.0,1.5003782065823595e-06,0.0,0.0037322840959760186,-0.006267715904023982,0
861.0,267.75061413007217,409.4802880316251,0.0006416675396571749,0.0551789073035586,500003000.0,0.0,8.510196494266743e-06,5e-06,3.2963277423529556e-09,0.0,0.001290862494208224,0.0,1.5000026805802197e-06,0.0,0.0037313499516920885,-0.006268650048307912,0
862.0,267.74434548002387,409.28539956633136,0.0006414818194915377,0.0552438072701418,500003000.0,0.0,8.513489447835175e-06,5e-06,3.2929535684310037e-09,0.0,0.0012923615413569119,0.0,1.499627118371438e-06,0.0,0.003730415717341886,-0.006269584282658114,0
863.0,267.7380758957412,409.0905647602989,0.0006412965171810026,0.05530872170580772,500003000.0,0.0,8.516779033983433e-06,5e-06,3.2895861482587625e-09,0.0,0.0012938602138690197,0.0,1.4992515199737167e-06,0.0,0.0037294813929694445,-0.006270518607030555,0
864.0,267.73180537713415,408.8957836165401,0.0006411116315154832,0.05537365061227987,500003000.0,0.0,8.520065259442493e-06,5e-06,3.286225459060159e-09,0.0,0.0012953585117059254,0.0,1.498875885390871e-06,0.0,0.0037285469785842563,-0.006271453021415744,0
865.0,267.7255339241127,408.7010561380626,0.000640927161301061,0.055438593991308724,500003000.0,0.0,8.523348130920714e-06,5e-06,3.2828714782211595e-09,0.0,0.0012968564348290463,0.0,1.4985002146526046e-06,0.0,0.0037276124742602105,-0.006272387525739789,0
866.0,267.719261536587,408.5063823278733,0.0006407431053351033,0.055503551844635485,500003000.0,0.0,8.526627655103875e-06,5e-06,3.2795241831617447e-09,0.0,0.0012983539831998051,0.0,1.4981245077563788e-06,0.0,0.003726677879990992,-0.006273322120009008,0
867.0,267.712988214467,408.311762188972,0.0006405594624424624,0.0555685241740314,500003000.0,0.0,8.529903838655396e-06,5e-06,3.2761835515208035e-09,0.0,0.001299851156779685,0.0,1.497748764752143e-06,0.0,0.0037257431959008534,-0.006274256804099147,0
868.0,267.7067139576629,408.1171957243593,0.0006403762314243955,0.05563351098123851,500003000.0,0.0,8.53317668821629e-06,5e-06,3.2728495608942245e-09,0.0,0.0013013479555301602,0.0,1.4973729856229339e-06,0.0,0.0037248084219475967,-0.006275191578052404,0
869.0,267.70043876608486,407.9226829370305,0.0006401934111091209,0.055698512268016774,500003000.0,0.0,8.536446210405384e-06,5e-06,3.2695221890931385e-09,0.0,0.001302844379412749,0.0,1.4969971704031777e-06,0.0,0.00372387355821686,-0.00627612644178314,0
870.0,267.6941626396431,407.72822382997754,0.0006400110003235701,0.05576352803614801,500003000.0,0.0,8.539712411819382e-06,5e-06,3.2662014139988814e-09,0.0,0.0013043404283889976,0.0,1.496621319112692e-06,0.0,0.00372293860475794,-0.00627706139524206,0
871.0,267.68788557824786,407.53381840619033,0.0006398289978938015,0.05582855828739463,500003000.0,0.0,8.542975299032947e-06,5e-06,3.262887213564776e-09,0.0,0.001305836102420468,0.0,1.4962454317577128e-06,0.0,0.00372200356158635,-0.00627799643841365,0
872.0,267.68160758180943,407.33946666865404,0.0006396474026610588,0.055893603023548385,500003000.0,0.0,8.546234878598844e-06,5e-06,3.259579565897599e-09,0.0,0.001307331401468762,0.0,1.4958695083685191e-06,0.0,0.003721068428777411,-0.00627893157122259,0
873.0,267.6753286502382,407.14516862035276,0.0006394662134583393,0.05595866224637267,500003000.0,0.0,8.549491157047981e-06,5e-06,3.256278449137639e-09,0.0,0.0013088263254954892,0.0,1.4954935489446865e-06,0.0,0.0037201332063300663,-0.006279866793669934,0
874.0,267.66904878344457,406.95092426426584,0.00063928542913665,0.056023735957672266,500003000.0,0.0,8.552744140889573e-06,5e-06,3.2529838415920785e-09,0.0,0.001310320874462298,0.0,1.4951175535165676e-06,0.0,0.00371919789431982,-0.00628080210568018,0
875.0,267.6627679813389,406.75673360336924,0.0006391050485467374,0.05608882415923932,500003000.0,0.0,8.555993836611215e-06,5e-06,3.2496957216414014e-09,0.0,0.0013118150483308656,0.0,1.4947415221026184e-06,0.0,0.0037182624927925827,-0.0062817375072074175,0
876.0,267.6564862438317,406.5625966406359,0.0006389250705428634,0.05615392685286589,500003000.0,0.0,8.559240250678973e-06,5e-06,3.246414067758228e-09,0.0,0.0013133088470628905,0.0,1.4943654547182842e-06,0.0,0.0037173270017867763,-0.0062826729982132234,0
877.0,267.65020357083347,406.36851337903573,0.0006387454939842147,0.05621904404035826,500003000.0,0.0,8.562483389537486e-06,5e-06,3.2431388585140717e-09,0.0,0.0013148022706200985,0.0,1.4939893513793687e-06,0.0,0.003716391421341713,-0.0062836085786582875,0
878.0,267.6439199622548,406.1744838215359,0.0006385663177339355,0.05628417572352202,500003000.0,0.0,8.56572325961006e-06,5e-06,3.2398700725739784e-09,0.0,0.0013162953189642368,0.0,1.4936132120998237e-06,0.0,0.003715455751492099,-0.006284544248507901,0
879.0,267.6376354180063,405.9805079710992,0.0006383875406651642,0.056349321904171024,500003000.0,0.0,8.568959867298786e-06,5e-06,3.2366076887267113e-09,0.0,0.0013177879920570875,0.0,1.4932370369059348e-06,0.0,0.0037145199923033206,-0.00628548000769668,0
880.0,267.6313499379986,405.7865858306853,0.0006382091616518073,0.05641448258412147,500003000.0,0.0,8.572193218984624e-06,5e-06,3.233351685837474e-09,0.0,0.0013192802898604583,0.0,1.4928608258147976e-06,0.0,0.0037135841438179044,-0.006286415856182096,0
881.0,267.6250635221424,405.59271740325073,0.0006380311795720479,0.05647965776519904,500003000.0,0.0,8.575423321027488e-06,5e-06,3.2301020428653287e-09,0.0,0.0013207722123361818,0.0,1.4924845788425838e-06,0.0,0.003712648206076079,-0.0062873517939239214,0
882.0,267.6187761703485,405.3989026917501,0.0006378535933047088,0.056544847449222356,500003000.0,0.0,8.578650179766332e-06,5e-06,3.226858738844388e-09,0.0,0.0013222637594461058,0.0,1.4921082959960913e-06,0.0,0.0037117121790947545,-0.006288287820905246,0
883.0,267.6124878825276,405.2051416991319,0.0006376764017477855,0.05661005163803708,500003000.0,0.0,8.58187380151931e-06,5e-06,3.223621752977124e-09,0.0,0.0013237549311521282,0.0,1.4917319773161664e-06,0.0,0.0037107760629755382,-0.0062892239370244615,0
884.0,267.6061986585906,405.011434428343,0.0006374996037885819,0.05667527033346697,500003000.0,0.0,8.585094192583793e-06,5e-06,3.2203910644828355e-09,0.0,0.0013252457274161584,0.0,1.4913556228078845e-06,0.0,0.0037098398577310563,-0.006290160142268944,0
885.0,267.5999084984483,404.8177808823264,0.000637323198326304,0.05674050353735838,500003000.0,0.0,8.588311359236504e-06,5e-06,3.217166652711572e-09,0.0,0.0013267361482001373,0.0,1.4909792324934755e-06,0.0,0.003708903563416606,-0.006291096436583394,0
886.0,267.5936174020117,404.62418106402174,0.0006371471842629546,0.05680575125155381,500003000.0,0.0,8.591525307733601e-06,5e-06,3.213948497097644e-09,0.0,0.0013282261934660332,0.0,1.4906028063910745e-06,0.0,0.0037079671800772994,-0.0062920328199227,0
887.0,267.5873253691918,404.43063497636564,0.000636971560504185,0.05687101347790487,500003000.0,0.0,8.594736044310764e-06,5e-06,3.2107365771635415e-09,0.0,0.0013297158631758376,0.0,1.4902263445167708e-06,0.0,0.0037070307077531612,-0.0062929692922468385,0
888.0,267.5810323998995,404.23714262229157,0.0006367963259602889,0.05693629021826329,500003000.0,0.0,8.597943575183288e-06,5e-06,3.2075308725245547e-09,0.0,0.0013312051572915674,0.0,1.489849846886993e-06,0.0,0.0037060941464850576,-0.0062939058535149426,0
889.0,267.574738494046,404.04370400472857,0.0006366214795508622,0.05700158147450107,500003000.0,0.0,8.6011479065462e-06,5e-06,3.2043313629118008e-09,0.0,0.0013326940757752753,0.0,1.4894733135294678e-06,0.0,0.0037051574963419594,-0.006294842503658041,0
890.0,267.56844365154234,403.8503191266023,0.0006364470201959537,0.05706688724846481,500003000.0,0.0,8.604349044574327e-06,5e-06,3.2011380281272334e-09,0.0,0.0013341826185890393,0.0,1.4890967444625684e-06,0.0,0.003704220757369573,-0.0062957792426304275,0
891.0,267.5621478722997,403.6569879908363,0.0006362729468156434,0.05713220754202742,500003000.0,0.0,8.607546995422368e-06,5e-06,3.1979508480412102e-09,0.0,0.0013356707856949559,0.0,1.4887201396943836e-06,0.0,0.003703283929588019,-0.006296716070411981,0
892.0,267.55585115622927,403.4637106003488,0.0006360992583459748,0.057197542357065936,500003000.0,0.0,8.61074176522504e-06,5e-06,3.1947698026721723e-09,0.0,0.0013371585770551625,0.0,1.4883434992600587e-06,0.0,0.0037023470130847233,-0.006297652986915277,0
893.0,267.54955350324235,403.2704869580568,0.0006359259537126198,0.05726289169545358,500003000.0,0.0,8.613933360097095e-06,5e-06,3.191594872053884e-09,0.0,0.0013386459926318062,0.0,1.487966823160214e-06,0.0,0.0037014100078612286,-0.006298589992138772,0
894.0,267.5432549132502,403.07731706687196,0.0006357530318600644,0.05732825555907543,500003000.0,0.0,8.617121786133477e-06,5e-06,3.188426036381678e-09,0.0,0.0013401330323870768,0.0,1.4875901114293131e-06,0.0,0.003700472914003266,-0.006299527085996734,0
895.0,267.5369553861642,402.88420092970233,0.0006355804917314683,0.057393633949812936,500003000.0,0.0,8.620307049409389e-06,5e-06,3.185263275910851e-09,0.0,0.0013416196962831928,0.0,1.4872133640885722e-06,0.0,0.0036995357315636125,-0.006300464268436388,0
896.0,267.53065492189575,402.6911385494537,0.0006354083322690861,0.05745902686955524,500003000.0,0.0,8.623489155980348e-06,5e-06,3.1821065709585163e-09,0.0,0.0013431059842823896,0.0,1.486836581147005e-06,0.0,0.0036985984605646892,-0.0063014015394353105,0
897.0,267.5243535203563,402.49812992902895,0.0006352365524218946,0.05752443432019829,500003000.0,0.0,8.626668111882289e-06,5e-06,3.1789559019414784e-09,0.0,0.0013445918963469249,0.0,1.4864597626193223e-06,0.0,0.0036976611010430902,-0.00630233889895691,0
898.0,267.5180511814574,402.3051750713252,0.00063506515115339,0.05758985630364331,500003000.0,0.0,8.629843923131704e-06,5e-06,3.175811249414783e-09,0.0,0.0013460774324391045,0.0,1.4860829085442431e-06,0.0,0.003696723653095132,-0.006303276346904868,0
899.0,267.5117479051105,402.11227397923693,0.0006348941274198413,0.057655292821792894,500003000.0,0.0,8.633016595725667e-06,5e-06,3.1726725939624844e-09,0.0,0.0013475625925212515,0.0,1.4857060189336402e-06,0.0,0.0036957861167503485,-0.006304213883249652,0
900.0,267.50544369122724,401.9194266556555,0.0006347234801839982,0.057720743876549824,500003000.0,0.0,8.636186135641932e-06,5e-06,3.1695399162659453e-09,0.0,0.0013490473765557153,0.0,1.4853290938046817e-06,0.0,0.003694848492051447,-0.006305151507948553,0
901.0,267.4991385397193,401.7266331034687,0.0006345532084138354,0.05778620946982359,500003000.0,0.0,8.63935254883903e-06,5e-06,3.1664131970971463e-09,0.0,0.0013505317845048735,0.0,1.4849521331769425e-06,0.0,0.0036939107790471206,-0.00630608922095288,0
902.0,267.4928324504983,401.53389332556014,0.0006343833110844081,0.05785168960353937,500003000.0,0.0,8.642515841256357e-06,5e-06,3.1632924173275417e-09,0.0,0.001352015816331136,0.0,1.4845751370767995e-06,0.0,0.0036929729778029836,-0.006307027022197017,0
903.0,267.4865254234761,401.34120732481057,0.0006342137871690835,0.05791718427961092,500003000.0,0.0,8.645676018814242e-06,5e-06,3.160177557883961e-09,0.0,0.001353499471996934,0.0,1.4841981055169594e-06,0.0,0.003692035088350645,-0.006307964911649355,0
904.0,267.4802174585645,401.14857510409786,0.0006340446356466266,0.05798269349995586,500003000.0,0.0,8.648833087414025e-06,5e-06,3.157068599783627e-09,0.0,0.001354982751464721,0.0,1.483821038513093e-06,0.0,0.003691097110729087,-0.006308902889270914,0
905.0,267.4739085556752,400.955996666294,0.0006338758555097272,0.05804821726651683,500003000.0,0.0,8.651987052938201e-06,5e-06,3.153965524176178e-09,0.0,0.0013564656546969978,0.0,1.4834439361038507e-06,0.0,0.0036901590450344546,-0.006309840954965546,0
906.0,267.4675987147203,400.7634720142693,0.00063370744574105,0.05811375558121023,500003000.0,0.0,8.655137921250425e-06,5e-06,3.1508683122240715e-09,0.0,0.0013579481816562784,0.0,1.4830667982948484e-06,0.0,0.0036892208912807176,-0.006310779108719283,0
907.0,267.46128793561155,400.5710011508888,0.0006335394053394788,0.05817930844598383,500003000.0,0.0,8.658285698195659e-06,5e-06,3.147776945232854e-09,0.0,0.0013594303323051181,0.0,1.4826896251201486e-06,0.0,0.0036882826495526085,-0.006311717350447391,0
908.0,267.4549762182611,400.37858407901564,0.000633371733295297,0.058244875862767685,500003000.0,0.0,8.661430389600187e-06,5e-06,3.144691404527384e-09,0.0,0.0013609121066060835,0.0,1.4823124165842155e-06,0.0,0.0036873443198612325,-0.006312655680138768,0
909.0,267.448663562581,400.18622080150925,0.0006332044286110592,0.0583104578335123,500003000.0,0.0,8.664572001271742e-06,5e-06,3.141611671555246e-09,0.0,0.0013623935045217724,0.0,1.4819351727108189e-06,0.0,0.0036864059022657185,-0.006313594097734281,0
910.0,267.44234996848326,399.9939113212239,0.0006330374902970752,0.05837605436016916,500003000.0,0.0,8.667710538999606e-06,5e-06,3.138537727863846e-09,0.0,0.0013638745260148234,0.0,1.4815578935325145e-06,0.0,0.0036854673968470513,-0.006314532603152949,0
911.0,267.4360354358801,399.80165564101105,0.0006328709173593357,0.05844166544467646,500003000.0,0.0,8.670846008554647e-06,5e-06,3.135469555040193e-09,0.0,0.0013653551710478959,0.0,1.4811805790624283e-06,0.0,0.003684528803637881,-0.006315471196362119,0
912.0,267.4297199646837,399.60945376371797,0.0006327047088135943,0.05850729108900724,500003000.0,0.0,8.673978415689429e-06,5e-06,3.1324071347804064e-09,0.0,0.0013668354395836816,0.0,1.4808032293272665e-06,0.0,0.003683590122704643,-0.006316409877295357,0
913.0,267.42340355480644,399.41730569219027,0.0006325388636695844,0.058572931295102826,500003000.0,0.0,8.677107766138239e-06,5e-06,3.1293504488112078e-09,0.0,0.0013683153315848836,0.0,1.480425844330419e-06,0.0,0.003682651354055769,-0.006317348645944231,0
914.0,267.4170862061605,399.2252114292671,0.0006323733809586464,0.05863858606494711,500003000.0,0.0,8.680234065617266e-06,5e-06,3.1262994790263083e-09,0.0,0.0013697948470142583,0.0,1.4800484241166846e-06,0.0,0.003681712497802698,-0.006318287502197302,0
915.0,267.4107679186583,399.03317097778546,0.0006322082597002859,0.058704255400497674,500003000.0,0.0,8.683357319824587e-06,5e-06,3.1232542073205505e-09,0.0,0.0013712739858345762,0.0,1.4796709686940231e-06,0.0,0.0036807735539652314,-0.006319226446034769,0
916.0,267.40444869221227,398.84118434057933,0.0006320434989211098,0.058769939303720715,500003000.0,0.0,8.68647753444027e-06,5e-06,3.1202146156833582e-09,0.0,0.00137275274800863,0.0,1.4792934780779436e-06,0.0,0.0036798345225819494,-0.00632016547741805,0
917.0,267.39812852673487,398.6492515204768,0.000631879097662124,0.05883563777660249,500003000.0,0.0,8.689594715126505e-06,5e-06,3.117180686234305e-09,0.0,0.0013742311334992603,0.0,1.4789159523086256e-06,0.0,0.0036788954037527996,-0.0063211045962472,0
918.0,267.39180742213864,398.4573725203039,0.0006317150549539311,0.058901350821109394,500003000.0,0.0,8.692708867527605e-06,5e-06,3.1141524011003533e-09,0.0,0.001375709142269322,0.0,1.4785383913929104e-06,0.0,0.003677956197494802,-0.006322043802505198,0
919.0,267.3854853783361,398.2655473428813,0.0006315513698434129,0.058967078439240296,500003000.0,0.0,8.695819997270152e-06,5e-06,3.111129742547201e-09,0.0,0.0013771867742817126,0.0,1.478160795366806e-06,0.0,0.003677016903897527,-0.006322983096102473,0
920.0,267.37916239524003,398.073775991029,0.0006313880413637638,0.059032820632962606,500003000.0,0.0,8.698928109962983e-06,5e-06,3.1081126928312487e-09,0.0,0.001378664029499332,0.0,1.4777831642253853e-06,0.0,0.0036760775229487197,-0.0063239224770512805,0
921.0,267.37283847276296,397.8820584675593,0.000631225068577346,0.05909857740428321,500003000.0,0.0,8.702033211197394e-06,5e-06,3.1051012344103503e-09,0.0,0.001380140907885141,0.0,1.477405498023155e-06,0.0,0.003675138054783968,-0.006324861945216032,0
922.0,267.3665136108178,397.69039477528474,0.0006310624505227009,0.05916434875518608,500003000.0,0.0,8.705135306547076e-06,5e-06,3.102095349682604e-09,0.0,0.0013816174094020985,0.0,1.4770277967500534e-06,0.0,0.0036741984993782424,-0.006325801500621758,0
923.0,267.36018780931715,397.49878491701014,0.0006309001862692949,0.05923013468767972,500003000.0,0.0,8.708234401568333e-06,5e-06,3.0990950212554033e-09,0.0,0.001383093534013223,0.0,1.4766500604596588e-06,0.0,0.003673258856864823,-0.006326741143135178,0
924.0,267.353861068174,397.30722889553925,0.0006307382748672054,0.05929593520375547,500003000.0,0.0,8.71133050180003e-06,5e-06,3.0961002316976845e-09,0.0,0.0013845692816815392,0.0,1.4762722891514443e-06,0.0,0.0036723191272423988,-0.006327680872757601,0
925.0,267.34753338730127,397.11572671367145,0.0006305767153818766,0.05936175030541646,500003000.0,0.0,8.714423612763741e-06,5e-06,3.0931109637105056e-09,0.0,0.0013860446523701058,0.0,1.475894482852192e-06,0.0,0.003671379310577592,-0.006328620689422408,0
926.0,267.34120476661184,396.9242783742013,0.0006304155068842726,0.05942757999468505,500003000.0,0.0,8.71751373996382e-06,5e-06,3.090127200078227e-09,0.0,0.0013875196460420198,0.0,1.4755166415929807e-06,0.0,0.003670439406947713,-0.0063295605930522875,0
927.0,267.3348752060188,396.7328838799213,0.0006302546484388489,0.05949342427356053,500003000.0,0.0,8.72060088888743e-06,5e-06,3.087148923609288e-09,0.0,0.0013889942626603916,0.0,1.4751387653810757e-06,0.0,0.0036694994163708346,-0.006330500583629165,0
928.0,267.3285447054352,396.5415432336185,0.0006300941391259125,0.059559283144062905,500003000.0,0.0,8.723685065004674e-06,5e-06,3.084176117245483e-09,0.0,0.0013904685021883746,0.0,1.474760854252314e-06,0.0,0.0036685593389361045,-0.006331440661063895,0
929.0,267.3222132647741,396.35025643807563,0.000629933978025305,0.05962515660821585,500003000.0,0.0,8.726766273768656e-06,5e-06,3.081208763981636e-09,0.0,0.0013919423645891555,0.0,1.4743829082329534e-06,0.0,0.003667619174708839,-0.006332380825291161,0
930.0,267.3158808839488,396.1590234960738,0.0006297741642112306,0.05969104466803488,500003000.0,0.0,8.729844520615497e-06,5e-06,3.07824684684011e-09,0.0,0.0013934158498259321,0.0,1.4740049273276037e-06,0.0,0.0036666789237005067,-0.006333321076299494,0
931.0,267.3095475628725,395.9678444103897,0.0006296146967707734,0.05975694732555058,500003000.0,0.0,8.732919810964457e-06,5e-06,3.0752903489610878e-09,0.0,0.0013948889578619342,0.0,1.4736269115626216e-06,0.0,0.003665738585976671,-0.006334261414023329,0
932.0,267.3032133014585,395.7767191837949,0.0006294555747977528,0.059822864582794184,500003000.0,0.0,8.73599215021803e-06,5e-06,3.07233925357211e-09,0.0,0.0013963616886604338,0.0,1.4732488609717733e-06,0.0,0.0036647981616213265,-0.006335201838378674,0
933.0,267.29687809962013,395.5856478190567,0.000629296797386271,0.05988879644180491,500003000.0,0.0,8.739061543761985e-06,5e-06,3.0693935439562394e-09,0.0,0.0013978340421847344,0.0,1.4728707755811634e-06,0.0,0.0036638576506994114,-0.006336142349300589,0
934.0,267.2905419572708,395.39463031894064,0.0006291383636246713,0.05995474290460747,500003000.0,0.0,8.742127996965407e-06,5e-06,3.066453203422402e-09,0.0,0.001399306018398151,0.0,1.4724926553951384e-06,0.0,0.0036629170532217373,-0.0063370829467782625,0
935.0,267.284204874324,395.2036666862068,0.0006289802726185512,0.06002070397324304,500003000.0,0.0,8.745191515180823e-06,5e-06,3.0635182154173124e-09,0.0,0.0014007776172640415,0.0,1.4721145004502011e-06,0.0,0.0036619763692791072,-0.006338023630720893,0
936.0,267.2778668506933,395.012756923612,0.0006288225234689224,0.06008667964976517,500003000.0,0.0,8.748252103744242e-06,5e-06,3.060588563418648e-09,0.0,0.0014022488387457881,0.0,1.4717363107639274e-06,0.0,0.0036610355989152425,-0.006338964401084758,0
937.0,267.2715278862922,394.8219010339092,0.0006286651152824269,0.06015266993621653,500003000.0,0.0,8.751309767975227e-06,5e-06,3.0576642309845823e-09,0.0,0.001403719682806802,0.0,1.4713580863589192e-06,0.0,0.003660094742186366,-0.006339905257813634,0
938.0,267.2651879810344,394.63109901984774,0.0006285080471683248,0.06021867483464078,500003000.0,0.0,8.754364513176966e-06,5e-06,3.054745201738824e-09,0.0,0.001405190149410521,0.0,1.4709798272557993e-06,0.0,0.0036591537991437794,-0.006340846200856221,0
939.0,267.25884713483356,394.44035088417155,0.0006283513182452809,0.06028469434710719,500003000.0,0.0,8.75741634463637e-06,5e-06,3.0518314594032757e-09,0.0,0.0014066602385204244,0.0,1.4706015334891328e-06,0.0,0.0036582127698734646,-0.006341787230126536,0
940.0,267.25250534760346,394.24965662962154,0.0006281949276278276,0.06035072847565843,500003000.0,0.0,8.760465267624103e-06,5e-06,3.048922987731968e-09,0.0,0.001408129950100015,0.0,1.4702232050757867e-06,0.0,0.0036572716544173802,-0.00634272834558262,0
941.0,267.24616261925786,394.05901625893375,0.0006280388744396335,0.06041677722236451,500003000.0,0.0,8.763511287394678e-06,5e-06,3.0460197705752415e-09,0.0,0.0014095992841128306,0.0,1.4698448420460228e-06,0.0,0.003656330452850803,-0.006343669547149197,0
942.0,267.2398189497107,393.86842977484224,0.0006278831577980751,0.06048284058928482,500003000.0,0.0,8.766554409186483e-06,5e-06,3.0431217918046066e-09,0.0,0.0014110682405224261,0.0,1.46946644440743e-06,0.0,0.0036553891651926115,-0.006344610834807389,0
943.0,267.2334743388759,393.6778971800765,0.0006277277768325707,0.060548918578487945,500003000.0,0.0,8.769594638221884e-06,5e-06,3.0402290354014112e-09,0.0,0.0014125368192923872,0.0,1.4690880121878734e-06,0.0,0.0036544477915121227,-0.006345552208487877,0
944.0,267.22712878666744,393.4874184773606,0.0006275727306792646,0.060615011192048075,500003000.0,0.0,8.772631979707314e-06,5e-06,3.0373414854306704e-09,0.0,0.0014140050203863437,0.0,1.4687095454230966e-06,0.0,0.00365350633189825,-0.00634649366810175,0
945.0,267.22078229299933,393.29699366941543,0.0006274180184697648,0.06068111843203358,500003000.0,0.0,8.7756664388333e-06,5e-06,3.034459125986273e-09,0.0,0.0014154728437679486,0.0,1.4683310441303975e-06,0.0,0.0036525647863940238,-0.006347435213605977,0
946.0,267.2144348577857,393.10662275895794,0.0006272636393411141,0.060747240300522615,500003000.0,0.0,8.778698020774539e-06,5e-06,3.03158194123903e-09,0.0,0.0014169402894008841,0.0,1.4679525083320033e-06,0.0,0.003651623155054735,-0.006348376844945266,0
947.0,267.2080864809408,392.9163057487023,0.0006271095924304489,0.06081337679959527,500003000.0,0.0,8.78172673068995e-06,5e-06,3.0287099154105758e-09,0.0,0.0014184073572488512,0.0,1.467573938042612e-06,0.0,0.003650681437916945,-0.006349318562083055,0
948.0,267.2017371623787,392.7260426413566,0.0006269558768891941,0.060879527931332264,500003000.0,0.0,8.784752573722791e-06,5e-06,3.0258430328416347e-09,0.0,0.0014198740472755984,0.0,1.4671953333026557e-06,0.0,0.003649739635081233,-0.006350260364918767,0
949.0,267.1953869020138,392.53583343962543,0.0006268024918633947,0.06094569369782804,500003000.0,0.0,8.787775555000687e-06,5e-06,3.0229812778967115e-09,0.0,0.001421340359444902,0.0,1.4668166941323022e-06,0.0,0.0036487977465977667,-0.0063512022534022335,0
950.0,267.1890356997604,392.3456781462094,0.0006266494365035598,0.061011874101169206,500003000.0,0.0,8.790795679635698e-06,5e-06,3.0201246350114165e-09,0.0,0.0014228062937205654,0.0,1.4664380205545327e-06,0.0,0.003647855772523713,-0.006352144227476287,0
951.0,267.1826835555329,392.15557676380615,0.0006264967099601771,0.061078069143444484,500003000.0,0.0,8.793812952724368e-06,5e-06,3.0172730886705807e-09,0.0,0.0014242718500664148,0.0,1.466059312584682e-06,0.0,0.0036469137128972194,-0.006353086287102781,0
952.0,267.1763304692458,391.9655292951086,0.0006263443113932926,0.06114427882674987,500003000.0,0.0,8.796827379347823e-06,5e-06,3.014426623454138e-09,0.0,0.0014257370284463122,0.0,1.4656805702529025e-06,0.0,0.00364597156779329,-0.006354028432206711,0
953.0,267.16997644081357,391.7755357428049,0.0006261922399657121,0.061210503153190834,500003000.0,0.0,8.799838964571827e-06,5e-06,3.011585224004049e-09,0.0,0.0014272018288241546,0.0,1.4653017935882811e-06,0.0,0.0036450293372842814,-0.006354970662715719,0
954.0,267.1636214701509,391.58559610958037,0.0006260404948373439,0.061276742124864565,500003000.0,0.0,8.802847713446824e-06,5e-06,3.0087488749968725e-09,0.0,0.0014286662511638593,0.0,1.4649229826056426e-06,0.0,0.0036440870214070713,-0.006355912978592929,0
955.0,267.15726555717225,391.39571039811403,0.0006258890751833575,0.061342995743883535,500003000.0,0.0,8.805853631008054e-06,5e-06,3.005917561230795e-09,0.0,0.0014301302954293931,0.0,1.4645441373480855e-06,0.0,0.0036431446202688693,-0.006356855379731131,0
956.0,267.1509087017925,391.20587861108373,0.0006257379801636906,0.06140926401234058,500003000.0,0.0,8.808856722275534e-06,5e-06,3.003091267478849e-09,0.0,0.0014315939615847303,0.0,1.4641652578156486e-06,0.0,0.0036422021338697727,-0.0063577978661302275,0
957.0,267.14455090392636,391.01610075116145,0.0006255872089580666,0.06147554693235795,500003000.0,0.0,8.81185699225419e-06,5e-06,3.0002699786568902e-09,0.0,0.0014330572495938874,0.0,1.4637863440473073e-06,0.0,0.0036412595623067346,-0.006358740437693265,0
958.0,267.13819216348867,390.8263768210157,0.0006254367607408702,0.061541844506044746,500003000.0,0.0,8.814854445933894e-06,5e-06,2.997453679702651e-09,0.0,0.0014345201594209078,0.0,1.4634073960622086e-06,0.0,0.0036403169056273845,-0.006359683094372615,0
959.0,267.1318324803943,390.6367068233099,0.0006252866346955487,0.06160815673552604,500003000.0,0.0,8.817849088289539e-06,5e-06,2.9946423556445873e-09,0.0,0.0014359826910298734,0.0,1.4630284138934062e-06,0.0,0.0036393741639139457,-0.0063606258360860545,0
960.0,267.1254718545582,390.4470907607052,0.0006251368299987569,0.0616744836229187,500003000.0,0.0,8.820840924281064e-06,5e-06,2.9918359915256718e-09,0.0,0.0014374448443848814,0.0,1.4626493975507977e-06,0.0,0.003638431337191039,-0.006361568662808961,0
961.0,267.11911028589543,390.2575286358566,0.0006249873458432225,0.06174082517034241,500003000.0,0.0,8.823829958853578e-06,5e-06,2.9890345725126375e-09,0.0,0.001438906619450076,0.0,1.4622703470746694e-06,0.0,0.0036374884255588793,-0.006362511574441121,0
962.0,267.112747774321,390.06802045141575,0.0006248381814160621,0.061807181379928404,500003000.0,0.0,8.82681619693737e-06,5e-06,2.9862380837918815e-09,0.0,0.001440368016189626,0.0,1.4618912624849831e-06,0.0,0.003636545429067122,-0.006363454570932878,0
963.0,267.1063843197501,389.87856621002993,0.0006246893359100007,0.061873552253800417,500003000.0,0.0,8.829799643447993e-06,5e-06,2.983446510622951e-09,0.0,0.001441829034567733,0.0,1.4615121438076707e-06,0.0,0.0036356023477802754,-0.006364397652219725,0
964.0,267.1000199220979,389.68916591434345,0.0006245408085160868,0.06193993779408853,500003000.0,0.0,8.832780303286296e-06,5e-06,2.9806598383034944e-09,0.0,0.0014432896745486183,0.0,1.461132991057623e-06,0.0,0.003634659181735381,-0.00636534081826462,0
965.0,267.0936545812796,389.49981956699435,0.0006243925984406309,0.06200633800294276,500003000.0,0.0,8.835758181338546e-06,5e-06,2.977878052249848e-09,0.0,0.0014447499360965533,0.0,1.4607538042783564e-06,0.0,0.0036337159310406873,-0.006366284068959313,0
966.0,267.08728829721065,389.3105271706179,0.0006242447048796768,0.06207275288248527,500003000.0,0.0,8.83873328247642e-06,5e-06,2.9751011378749473e-09,0.0,0.0014462098191758272,0.0,1.4603745834823148e-06,0.0,0.003632772595727151,-0.006367227404272849,0
967.0,267.0809210698064,389.1212887278457,0.000624097127036077,0.06213918243485401,500003000.0,0.0,8.84170561155709e-06,5e-06,2.972329080669628e-09,0.0,0.0014476693237507564,0.0,1.459995328690861e-06,0.0,0.003631829175847913,-0.006368170824152087,0
968.0,267.07455289898223,388.93210424130393,0.0006239498641219975,0.06220562666220543,500003000.0,0.0,8.844675173423305e-06,5e-06,2.9695618662142194e-09,0.0,0.0014491284497856979,0.0,1.4596160399401645e-06,0.0,0.0036308856714929467,-0.0063691143285070535,0
969.0,267.06818378465374,388.7429737136152,0.0006238029153454829,0.06227208556667685,500003000.0,0.0,8.847641972903419e-06,5e-06,2.9667994801143253e-09,0.0,0.001450587197245036,0.0,1.4592367172498091e-06,0.0,0.003629942082710968,-0.006370057917289032,0
970.0,267.06181372673643,388.5538971473967,0.0006236562799242052,0.06233855915042789,500003000.0,0.0,8.850606014811485e-06,5e-06,2.9640419080660295e-09,0.0,0.001452045566093194,0.0,1.4588573606549905e-06,0.0,0.0036289984095895286,-0.006371001590410472,0
971.0,267.055442725146,388.3648745452636,0.0006235099570671823,0.06240504741559259,500003000.0,0.0,8.853567303947254e-06,5e-06,2.9612891357687442e-09,0.0,0.0014535035562946099,0.0,1.458477970163778e-06,0.0,0.0036280546521487017,-0.0063719453478512985,0
972.0,267.04907077979817,388.1759059098258,0.0006233639459971746,0.06247155036433401,500003000.0,0.0,8.856525845096285e-06,5e-06,2.9585411490314505e-09,0.0,0.0014549611678137597,0.0,1.4580985458095498e-06,0.0,0.003627110810471517,-0.006372889189528483,0
973.0,267.0426978906086,387.9869912436875,0.0006232182459423671,0.06253806799881685,500003000.0,0.0,8.859481643030017e-06,5e-06,2.955797933732819e-09,0.0,0.0014564184006151649,0.0,1.4577190876315617e-06,0.0,0.003626166884655626,-0.0063738331153443736,0
974.0,267.0363240574933,387.79813054945157,0.0006230728561168741,0.0626046003211883,500003000.0,0.0,8.862434702505746e-06,5e-06,2.9530594757285732e-09,0.0,0.0014578752546633527,0.0,1.4573395956293747e-06,0.0,0.003625222874699937,-0.006374777125300064,0
975.0,267.029949280368,387.6093238297138,0.0006229277757597386,0.06267114733362258,500003000.0,0.0,8.865385028266783e-06,5e-06,2.950325761036215e-09,0.0,0.001459331729922905,0.0,1.456960069854124e-06,0.0,0.003624278780731652,-0.006375721219268348,0
976.0,267.0235735591487,387.4205710870672,0.0006227830040965319,0.0627377090382765,500003000.0,0.0,8.868332625042436e-06,5e-06,2.9475967756527037e-09,0.0,0.0014607878263584236,0.0,1.4565805103187165e-06,0.0,0.0036233346027828768,-0.006376665397217124,0
977.0,267.0171968937515,387.2318723241005,0.0006226385403610579,0.06280428543732285,500003000.0,0.0,8.871277497548093e-06,5e-06,2.944872505657146e-09,0.0,0.0014622435439345406,0.0,1.4562009170486391e-06,0.0,0.0036223903409170126,-0.006377609659082987,0
978.0,267.0108192840924,387.04322754339825,0.0006224943837902313,0.06287087653293016,500003000.0,0.0,8.87421965048528e-06,5e-06,2.9421529371862782e-09,0.0,0.0014636988826159198,0.0,1.4558212900700096e-06,0.0,0.003621445995199029,-0.006378554004800971,0
979.0,267.0044407300876,386.85463674753925,0.0006223505336287926,0.06293748232727588,500003000.0,0.0,8.877159088541736e-06,5e-06,2.9394380564564864e-09,0.0,0.0014651538423672678,0.0,1.4554416294206353e-06,0.0,0.0036205015657229736,-0.006379498434277027,0
980.0,266.9980612316533,386.6660999390999,0.0006222069891125583,0.06300410282252573,500003000.0,0.0,8.88009581639142e-06,5e-06,2.9367278496844705e-09,0.0,0.001466608423153307,0.0,1.455061935110869e-06,0.0,0.0036195570525145997,-0.006380442947485401,0
981.0,266.9916807887058,386.47761712065136,0.0006220637494904739,0.06307073802087039,500003000.0,0.0,8.883029838694611e-06,5e-06,2.934022303191212e-09,0.0,0.0014680626249388008,0.0,1.4546822071752219e-06,0.0,0.003618612455659756,-0.006381387544340244,0
982.0,266.98529940116146,386.2891882947601,0.0006219208140118397,0.06313738792448731,500003000.0,0.0,8.885961160097952e-06,5e-06,2.931321403341375e-09,0.0,0.001469516447688545,0.0,1.4543024456425154e-06,0.0,0.003617667775230138,-0.006382332224769862,0
983.0,266.9789170689367,386.10081346399033,0.000621778181920418,0.06320405253554827,500003000.0,0.0,8.888889785234467e-06,5e-06,2.9286251365153895e-09,0.0,0.001470969891367351,0.0,1.4539226505221327e-06,0.0,0.0036167230112490864,-0.006383276988750914,0
984.0,266.97253379194797,385.9124926308988,0.0006216358524815397,0.06327073185625764,500003000.0,0.0,8.891815718723705e-06,5e-06,2.9259334892369198e-09,0.0,0.001472422955940089,0.0,1.453542821867447e-06,0.0,0.0036157781638493708,-0.0063842218361506295,0
985.0,266.96614957011184,385.7242257980402,0.0006214938249429373,0.06333742588879618,500003000.0,0.0,8.894738965171692e-06,5e-06,2.923246447988143e-09,0.0,0.0014738756413716393,0.0,1.4531629596842448e-06,0.0,0.003614833233045385,-0.0063851667669546155,0
986.0,266.9597644033449,385.53601296796336,0.0006213520985702533,0.06340413463535488,500003000.0,0.0,8.89765952917107e-06,5e-06,2.9205639993767555e-09,0.0,0.00147532794762693,0.0,1.45278306401381e-06,0.0,0.003613888218939826,-0.006386111781060175,0
987.0,266.9533782915638,385.34785414321414,0.0006212106726199293,0.06347085809813569,500003000.0,0.0,8.900577415301079e-06,5e-06,2.917886130008175e-09,0.0,0.0014767798746709066,0.0,1.452403134869544e-06,0.0,0.0036129431215660298,-0.00638705687843397,0
988.0,266.94699123468536,385.1597493263332,0.0006210695463601519,0.06353759627932515,500003000.0,0.0,8.903492628127662e-06,5e-06,2.915212826583832e-09,0.0,0.001478231422468554,0.0,1.4520231722859816e-06,0.0,0.0036119979410099046,-0.006388002058990096,0
989.0,266.94060323262636,384.9716985198577,0.0006209287190556658,0.06360434918111929,500003000.0,0.0,8.906405172203491e-06,5e-06,2.912544075829585e-09,0.0,0.001479682590984884,0.0,1.4516431762833115e-06,0.0,0.0036110526773216706,-0.006388947322678329,0
990.0,266.93421428530365,384.78370172631884,0.0006207881899816616,0.06367111680572723,500003000.0,0.0,8.909315052068051e-06,5e-06,2.9098798645606852e-09,0.0,0.0014811333801849512,0.0,1.4512631468998733e-06,0.0,0.0036101073305967,-0.0063898926694033,0
991.0,266.92782439263425,384.5957589482457,0.0006206479584035411,0.06373789915535225,500003000.0,0.0,8.912222272247637e-06,5e-06,2.9072201795866887e-09,0.0,0.001482583790033824,0.0,1.45088308414488e-06,0.0,0.00360916190085791,-0.00639083809914209,0
992.0,266.9214335545351,384.4078701881607,0.0006205080236051539,0.06380469623220411,500003000.0,0.0,8.915126837255481e-06,5e-06,2.9045650078435943e-09,0.0,0.0014840338204966227,0.0,1.450502988064467e-06,0.0,0.0036082163882200672,-0.006391783611779933,0
993.0,266.9150417709233,384.22003544858336,0.0006203683848590915,0.06387150803848204,500003000.0,0.0,8.918028751591736e-06,5e-06,2.9019143362544454e-09,0.0,0.0014854834715384857,0.0,1.4501228586722653e-06,0.0,0.0036072707927170774,-0.006392729207282923,0
994.0,266.90864904171605,384.032254732028,0.0006202290414494658,0.06393833457640752,500003000.0,0.0,8.920928019743572e-06,5e-06,2.8992681518358205e-09,0.0,0.0014869327431245906,0.0,1.4497426960026912e-06,0.0,0.003606325114434555,-0.006393674885565445,0
995.0,266.9022553668305,383.844528041005,0.0006200899926578638,0.06400517584818312,500003000.0,0.0,8.923824646185204e-06,5e-06,2.8966264416318743e-09,0.0,0.0014883816352201436,0.0,1.4493625000781352e-06,0.0,0.003605379353428197,-0.006394620646571803,0
996.0,266.8958607461839,383.6568553780194,0.0006199512377741634,0.06407203185603727,500003000.0,0.0,8.926718635377969e-06,5e-06,2.8939891927647033e-09,0.0,0.00148983014779039,0.0,1.448982270934276e-06,0.0,0.003604433509786756,-0.006395566490213244,0
997.0,266.88946517969373,383.4692367455733,0.0006198127760817233,0.06413890260218108,500003000.0,0.0,8.929609991770334e-06,5e-06,2.8913563923649793e-09,0.0,0.0014912782808005963,0.0,1.4486020085854917e-06,0.0,0.0036034875835459996,-0.006396512416454001,0
998.0,266.88306866727726,383.2816721461624,0.0006196746068793289,0.06420578808883895,500003000.0,0.0,8.932498719798008e-06,5e-06,2.88872802767418e-09,0.0,0.0014927260342160766,0.0,1.448221713076188e-06,0.0,0.003602541574816388,-0.006397458425183612,0
999.0,266.8766712088521,383.0941615822808,0.0006195367294506487,0.06427268831821828,500003000.0,0.0,8.93538482388391e-06,5e-06,2.8861040859019206e-09,0.0,0.0014941734080021539,0.0,1.4478413844094245e-06,0.0,0.0036015954836055336,-0.006398404516394467,0
1000.0,266.8702728043357,382.90670505641486,0.0006193991431037077,0.06433960329257164,500003000.0,0.0,8.93826830843832e-06,5e-06,2.8834845544097725e-09,0.0,0.0014956204021242098,0.0,1.4474610226392212e-06,0.0,0.003600649310047814,-0.006399350689952186,0
1001.0,266.86387345364574,382.7193025710491,0.0006192618471291908,0.06440653301410683,500003000.0,0.0,8.941149177858837e-06,5e-06,2.8808694205167605e-09,0.0,0.0014970670165476388,0.0,1.447080627773117e-06,0.0,0.0035997030541619827,-0.006400296945838017,0
1002.0,266.8574731566999,382.53195412866177,0.0006191248408351905,0.0644734774850658,500003000.0,0.0,8.944027436530498e-06,5e-06,2.878258671661012e-09,0.0,0.0014985132512378816,0.0,1.4467001998534164e-06,0.0,0.0035987567160532747,-0.0064012432839467255,0
1003.0,266.8510719134159,382.34465973172786,0.0006189881235210718,0.0645404367076695,500003000.0,0.0,8.946903088825776e-06,5e-06,2.8756522952779166e-09,0.0,0.001499959106160401,0.0,1.4463197388961336e-06,0.0,0.0035978102957615263,-0.006402189704238474,0
1004.0,266.84466972371166,382.1574193827172,0.0006188516944966486,0.0646074106841644,500003000.0,0.0,8.949776139104665e-06,5e-06,2.8730502788891346e-09,0.0,0.0015014045812806976,0.0,1.4459392449358404e-06,0.0,0.0035968637933727374,-0.006403136206627262,0
1005.0,266.838266587505,381.9702330840957,0.0006187155530692572,0.06467439941677527,500003000.0,0.0,8.952646591714707e-06,5e-06,2.870452610042311e-09,0.0,0.0015028496765643014,0.0,1.4455587179954812e-06,0.0,0.003595917208943983,-0.006404082791056018,0
1006.0,266.83186250471397,381.7831008383246,0.000618579698551348,0.06474140290774992,500003000.0,0.0,8.955514450991052e-06,5e-06,2.867859276346157e-09,0.0,0.0015042943919767752,0.0,1.4451781581041439e-06,0.0,0.0035949705425476217,-0.0064050294574523785,0
1007.0,266.82545747525654,381.5960226478605,0.0006184441302578171,0.06480842115932814,500003000.0,0.0,8.95837972125651e-06,5e-06,2.8652702654578538e-09,0.0,0.0015057387274837162,0.0,1.4447975652908487e-06,0.0,0.0035940237942558425,-0.006405976205744158,0
1008.0,266.8190514990508,381.4089985151537,0.0006183088475118293,0.06487545417375622,500003000.0,0.0,8.96124240682162e-06,5e-06,2.8626855651098146e-09,0.0,0.001507182683050769,0.0,1.4444169395981846e-06,0.0,0.003593076964174589,-0.006406923035825411,0
1009.0,266.812644576015,381.22202844265433,0.0006181738496176845,0.06494250195326347,500003000.0,0.0,8.964102511984604e-06,5e-06,2.860105162983901e-09,0.0,0.001508626258643575,0.0,1.444036281018933e-06,0.0,0.003592130052285903,-0.006407869947714097,0
1010.0,266.80623670606724,381.0351124328027,0.0006180391359155534,0.06500956450012937,500003000.0,0.0,8.96696004103157e-06,5e-06,2.8575290469645953e-09,0.0,0.0015100694542278512,0.0,1.4436555896239888e-06,0.0,0.0035911830587661412,-0.006408816941233859,0
1011.0,266.799827889126,380.84825048803896,0.0006179047057145151,0.06507664181657295,500003000.0,0.0,8.969814998236399e-06,5e-06,2.8549572048289425e-09,0.0,0.0015115122697693122,0.0,1.4432748654059306e-06,0.0,0.003590235983596842,-0.006409764016403158,0
1012.0,266.7934181251096,380.66144261079705,0.0006177705583470131,0.06514373390486394,500003000.0,0.0,8.972667387860897e-06,5e-06,2.852389624498307e-09,0.0,0.0015129547052337186,0.0,1.4428941084062808e-06,0.0,0.0035892888268812956,-0.006410711173118705,0
1013.0,266.78700741393646,380.4746888035048,0.0006176366931481403,0.06521084076725917,500003000.0,0.0,8.97551721415484e-06,5e-06,2.8498262939422668e-09,0.0,0.0015143967605868777,0.0,1.4425133186671278e-06,0.0,0.0035883415887241984,-0.006411658411275802,0
1014.0,266.7805957555252,380.2879890685892,0.0006175031094360508,0.06527796240599686,500003000.0,0.0,8.978364481355927e-06,5e-06,2.847267201088139e-09,0.0,0.001515838435794599,0.0,1.4421324961853974e-06,0.0,0.003587394269117904,-0.006412605730882096,0
1015.0,266.77418314979434,380.10134340846855,0.0006173698065590529,0.06534509882335494,500003000.0,0.0,8.981209193689965e-06,5e-06,2.84471233403807e-09,0.0,0.0015172797308227576,0.0,1.4417516410228914e-06,0.0,0.003586446868216148,-0.006413553131783852,0
1016.0,266.76776959666256,379.91475182555916,0.0006172367838450876,0.065412250021582,500003000.0,0.0,8.9840513553708e-06,5e-06,2.842161680835793e-09,0.0,0.001518720645637242,0.0,1.4413707531882907e-06,0.0,0.0035854993860405244,-0.006414500613959475,0
1017.0,266.7613550960486,379.72821432227164,0.0006171040406364237,0.06547941600295355,500003000.0,0.0,8.986890970600426e-06,5e-06,2.8396152296264624e-09,0.0,0.0015201611802039825,0.0,1.440989832718232e-06,0.0,0.0035845518226821694,-0.006415448177317831,0
1018.0,266.75493964787125,379.5417309010126,0.0006169715762721637,0.06554659676972505,500003000.0,0.0,8.989728043569001e-06,5e-06,2.837072968575839e-09,0.0,0.0015216013344889368,0.0,1.4406088796364662e-06,0.0,0.0035836041782001645,-0.006416395821799836,0
1019.0,266.74852325204944,379.35530156418423,0.0006168393900957315,0.06561379232416138,500003000.0,0.0,8.992562578454905e-06,5e-06,2.834534885904609e-09,0.0,0.0015230411084580966,0.0,1.440227893971375e-06,0.0,0.0035826564526651116,-0.006417343547334888,0
1020.0,266.7421059085021,379.1689263141834,0.0006167074814548858,0.06568100266854654,500003000.0,0.0,8.995394579424794e-06,5e-06,2.8320009698882373e-09,0.0,0.0015244805020774898,0.0,1.4398468757560255e-06,0.0,0.003581708646159267,-0.006418291353840733,0
1021.0,266.73568761714824,378.98260515340337,0.0006165758496946771,0.0657482278051318,500003000.0,0.0,8.998224050633619e-06,5e-06,2.8294712088244378e-09,0.0,0.0015259195153131712,0.0,1.439465825011748e-06,0.0,0.0035807607587356916,-0.006419239241264309,0
1022.0,266.729268377907,378.7963380842314,0.0006164444941705051,0.06581546773620287,500003000.0,0.0,9.001050996224712e-06,5e-06,2.8269455910929625e-09,0.0,0.001527358148131239,0.0,1.4390847417786557e-06,0.0,0.0035798127904941683,-0.006420187209505832,0
1023.0,266.72284819069745,378.61012510905084,0.0006163134142328231,0.06588272246404407,500003000.0,0.0,9.003875420329797e-06,5e-06,2.8244241050851984e-09,0.0,0.0015287964004978203,0.0,1.4387036260799473e-06,0.0,0.0035788647414924063,-0.0064211352585075935,0
1024.0,266.71642705543894,378.4239662302412,0.0006161826092338885,0.06594999199090511,500003000.0,0.0,9.006697327069031e-06,5e-06,2.821906739235042e-09,0.0,0.0015302342723790678,0.0,1.4383224779376978e-06,0.0,0.003577916611785318,-0.006422083388214682,0
1025.0,266.71000497205074,378.23786145017624,0.0006160520785351368,0.06601727631909099,500003000.0,0.0,9.009516720551083e-06,5e-06,2.8193934820524662e-09,0.0,0.0015316717637411778,0.0,1.4379412973901023e-06,0.0,0.003576968401467916,-0.006423031598532084,0
1026.0,266.7035819404522,378.0518107712244,0.0006159218214989324,0.06608457545087994,500003000.0,0.0,9.012333604873169e-06,5e-06,2.816884322085512e-09,0.0,0.0015331088745503848,0.0,1.4375600844722347e-06,0.0,0.0035760201106274495,-0.006423979889372551,0
1027.0,266.69715796056283,377.8658141957524,0.0006157918374766785,0.06615188938853864,500003000.0,0.0,9.015147984121035e-06,5e-06,2.814379247865826e-09,0.0,0.0015345456047729333,0.0,1.4371788391883179e-06,0.0,0.0035750717392744225,-0.006424928260725578,0
1028.0,266.6907330323021,377.6798717261182,0.0006156621258474935,0.06621921813437565,500003000.0,0.0,9.017959862369121e-06,5e-06,2.8118782480853063e-09,0.0,0.001535981954375135,0.0,1.4367975616020372e-06,0.0,0.0035741232875672567,-0.0064258767124327435,0
1029.0,266.68430715558964,377.49398336467834,0.0006155326859666044,0.06628656169065997,500003000.0,0.0,9.020769243680481e-06,5e-06,2.8093813113600263e-09,0.0,0.0015374179233233077,0.0,1.4364162517160926e-06,0.0,0.003573174755512668,-0.006426825244487332,0
1030.0,266.67788033034515,377.308149113784,0.0006154035172046272,0.06635392005968645,500003000.0,0.0,9.023576132106891e-06,5e-06,2.806888426409634e-09,0.0,0.0015388535115838085,0.0,1.436034909563918e-06,0.0,0.0035722261431938257,-0.006427773856806174,0
1031.0,266.67145255648836,377.12236897578117,0.0006152746189349407,0.06642129324374765,500003000.0,0.0,9.02638053168889e-06,5e-06,2.8043995819994173e-09,0.0,0.0015402887191230327,0.0,1.4356535351802293e-06,0.0,0.003571277450697088,-0.006428722549302912,0
1032.0,266.6650238339391,376.9366429530107,0.0006151459905326382,0.06648868124513431,500003000.0,0.0,9.029182446455826e-06,5e-06,2.801914766935358e-09,0.0,0.001541723545907414,0.0,1.4352721285986009e-06,0.0,0.003570328678105972,-0.0064296713218940284,0
1033.0,266.6585941626172,376.7509710478094,0.0006150176313703046,0.06655608406614741,500003000.0,0.0,9.03198188042587e-06,5e-06,2.7994339700447685e-09,0.0,0.0015431579919034121,0.0,1.4348906898416374e-06,0.0,0.0035693798254767097,-0.0064306201745232905,0
1034.0,266.6521635424427,376.5653532625093,0.0006148895408267709,0.06662350170907935,500003000.0,0.0,9.034778837606086e-06,5e-06,2.7969571802160154e-09,0.0,0.0015445920570775241,0.0,1.4345092189414252e-06,0.0,0.0035684308928891177,-0.0064315691071108825,0
1035.0,266.64573197333556,376.3797895994372,0.0006147617182830512,0.06669093417623224,500003000.0,0.0,9.037573321992466e-06,5e-06,2.7944843863798246e-09,0.0,0.0015460257413962833,0.0,1.4341277159300733e-06,0.0,0.0035674818804230677,-0.0064325181195769325,0
1036.0,266.63929945521596,376.19428006091607,0.0006146341631182663,0.06675838146989936,500003000.0,0.0,9.040365337569956e-06,5e-06,2.792015577490613e-09,0.0,0.0015474590448262486,0.0,1.433746180830227e-06,0.0,0.0035665327881348927,-0.006433467211865107,0
1037.0,266.6328659880041,376.00882464926394,0.0006145068747181104,0.06682584359239066,500003000.0,0.0,9.043154888312521e-06,5e-06,2.78955074256482e-09,0.0,0.0015488919673340169,0.0,1.4333646136748466e-06,0.0,0.003565583616106584,-0.006434416383893416,0
1038.0,266.6264315716202,375.82342336679363,0.000614379852470026,0.06689332054600729,500003000.0,0.0,9.04594197818318e-06,5e-06,2.787089870658791e-09,0.0,0.0015503245088862218,0.0,1.4329830144959688e-06,0.0,0.003564634364417833,-0.006435365635582167,0
1039.0,266.6199962059846,375.63807621581407,0.0006142530957600297,0.06696081233305433,500003000.0,0.0,9.048726611134034e-06,5e-06,2.7846329508542396e-09,0.0,0.0015517566694495239,0.0,1.4326013833173272e-06,0.0,0.00356368503312768,-0.00643631496687232,0
1040.0,266.6135598910177,375.4527831986279,0.0006141266039840703,0.06702831895584431,500003000.0,0.0,9.051508791106343e-06,5e-06,2.7821799723095946e-09,0.0,0.0015531884489906303,0.0,1.432219720180869e-06,0.0,0.00356273562234047,-0.00643726437765953,0
1041.0,266.60712262664003,375.2675443175348,0.0006140003765289584,0.06709584041668276,500003000.0,0.0,9.054288522030516e-06,5e-06,2.7797309241734e-09,0.0,0.0015546198474762681,0.0,1.4318380251022949e-06,0.0,0.003561786132095261,-0.006438213867904739,0
1042.0,266.6006844127721,375.08235957482856,0.0006138744127938751,0.06716337671787562,500003000.0,0.0,9.057065807826199e-06,5e-06,2.7772857956816316e-09,0.0,0.0015560508648732082,0.0,1.4314562981212499e-06,0.0,0.003560836562490671,-0.006439163437509329,0
1043.0,266.5942452493346,374.89722897279864,0.0006137487121740208,0.06723092786175315,500003000.0,0.0,9.059840652402283e-06,5e-06,2.774844576083468e-09,0.0,0.0015574815011482502,0.0,1.431074539263208e-06,0.0,0.00355988691359007,-0.00644011308640993,0
1044.0,266.5878051362482,374.7121525137296,0.0006136232740692568,0.06729849385062009,500003000.0,0.0,9.062613059656963e-06,5e-06,2.772407254680267e-09,0.0,0.0015589117562682297,0.0,1.430692748559649e-06,0.0,0.0035589371854717637,-0.0064410628145282365,0
1045.0,266.5813640734337,374.5271301999007,0.0006134980978833589,0.06736607468679286,500003000.0,0.0,9.065383033477786e-06,5e-06,2.7699738208220043e-09,0.0,0.001560341630200023,0.0,1.4303109260463388e-06,0.0,0.003557987378224723,-0.0064420126217752775,0
1046.0,266.5749220608119,374.34216203358704,0.0006133731830165834,0.06743367037259249,500003000.0,0.0,9.06815057774166e-06,5e-06,2.7675442638735603e-09,0.0,0.0015617711229105316,0.0,1.4299290717460166e-06,0.0,0.003557037491905514,-0.006442962508094487,0
1047.0,266.5684790983038,374.1572480170588,0.00061324852887569,0.06750128091033372,500003000.0,0.0,9.07091569631492e-06,5e-06,2.7651185732598403e-09,0.0,0.0015632002343666945,0.0,1.4295471856917868e-06,0.0,0.003556087526596485,-0.006443912473403516,0
1048.0,266.5620351858304,373.9723881525822,0.0006131241348651395,0.06756890630234662,500003000.0,0.0,9.073678393053344e-06,5e-06,2.762696738425906e-09,0.0,0.0015646289645354788,0.0,1.4291652679066218e-06,0.0,0.0035551374823547806,-0.006444862517645219,0
1049.0,266.55559032331274,373.78758244241703,0.0006130000004003263,0.06763654655095545,500003000.0,0.0,9.076438671802241e-06,5e-06,2.7602787488964574e-09,0.0,0.0015660573133838994,0.0,1.4287833184342285e-06,0.0,0.0035541873592891257,-0.0064458126407108745,0
1050.0,266.549144510672,373.60283088881897,0.000612876124890405,0.06770420165847706,500003000.0,0.0,9.07919653639644e-06,5e-06,2.7578645941982843e-09,0.0,0.0015674852808789976,0.0,1.4284013372990325e-06,0.0,0.00355323715746028,-0.00644676284253972,0
1051.0,266.5426977478295,373.4181334940395,0.0006127525077469555,0.06777187162724979,500003000.0,0.0,9.08195199066034e-06,5e-06,2.7554542638992165e-09,0.0,0.0015689128669878457,0.0,1.4280193245264042e-06,0.0,0.003552286876931354,-0.006447713123068646,0
1052.0,266.5362500347064,373.2334902603242,0.0006126291483900861,0.06783955645958936,500003000.0,0.0,9.084705038407975e-06,5e-06,2.753047747635385e-09,0.0,0.0015703400716775597,0.0,1.427637280156904e-06,0.0,0.0035513365178032434,-0.006448663482196757,0
1053.0,266.5298013712242,373.04890118991403,0.0006125060462359546,0.06790725615784018,500003000.0,0.0,9.08745568344303e-06,5e-06,2.7506450350549435e-09,0.0,0.0015717668949152865,0.0,1.4272552042172148e-06,0.0,0.0035503860801423255,-0.006449613919857674,0
1054.0,266.52335175730434,372.86436628504606,0.0006123832007019435,0.06797497072432997,500003000.0,0.0,9.090203929558872e-06,5e-06,2.748246115841245e-09,0.0,0.001573193336668202,0.0,1.426873096732229e-06,0.0,0.00354943556401052,-0.00645056443598948,0
1055.0,266.5169011928684,372.6798855479525,0.0006122606112095645,0.06804270016138962,500003000.0,0.0,9.092949780538597e-06,5e-06,2.7458509797257324e-09,0.0,0.001574619396903515,0.0,1.4264909577318343e-06,0.0,0.003548484969482175,-0.006451515030517826,0
1056.0,266.51044967783787,372.49545898085876,0.0006121382771895086,0.06811044447135392,500003000.0,0.0,9.095693240155107e-06,5e-06,2.7434596165103846e-09,0.0,0.001576045075588486,0.0,1.4261087872627073e-06,0.0,0.0035475342966734013,-0.006452465703326599,0
1057.0,266.50399721213455,372.3110865859872,0.0006120161980615062,0.06817820365656418,500003000.0,0.0,9.098434312171085e-06,5e-06,2.741072015977278e-09,0.0,0.0015774703726903958,0.0,1.4257265853413961e-06,0.0,0.0035465835456253638,-0.006453416454374637,0
1058.0,266.4975437956802,372.1267683655551,0.0006118943732538605,0.06824597771935761,500003000.0,0.0,9.10117300033906e-06,5e-06,2.738688167976067e-09,0.0,0.0015788952881765597,0.0,1.4253443519998627e-06,0.0,0.003545632716417569,-0.006454367283582431,0
1059.0,266.4910894283966,371.9425043217734,0.000611772802201944,0.06831376666208688,500003000.0,0.0,9.103909308401478e-06,5e-06,2.736308062417007e-09,0.0,0.0015803198220143433,0.0,1.424962087281997e-06,0.0,0.0035446818091591967,-0.006455318190840803,0
1060.0,266.4846341102058,371.75829445685076,0.00061165148432802,0.06838157048706443,500003000.0,0.0,9.106643240090658e-06,5e-06,2.7339316891805657e-09,0.0,0.001581743974171121,0.0,1.4245797911966249e-06,0.0,0.0035437308238722015,-0.006456269176127799,0
1061.0,266.47817784102966,371.574138772989,0.0006115304190728953,0.06844938919666142,500003000.0,0.0,9.109374799128918e-06,5e-06,2.7315590382588765e-09,0.0,0.0015831677446143221,0.0,1.4241974637912705e-06,0.0,0.003542779760674802,-0.006457220239325198,0
1062.0,266.47172062079034,371.39003727238503,0.0006114096058720793,0.06851722279322037,500003000.0,0.0,9.112103989228566e-06,5e-06,2.729190099648933e-09,0.0,0.0015845911333114081,0.0,1.4238151050966347e-06,0.0,0.0035418286196433695,-0.00645817138035663,0
1063.0,266.46526244941,371.2059899572319,0.0006112890441597534,0.0685850712790668,500003000.0,0.0,9.114830814091936e-06,5e-06,2.7268248633702796e-09,0.0,0.0015860141402298685,0.0,1.4234327151358645e-06,0.0,0.0035408774008354837,-0.006459122599164516,0
1064.0,266.4588033268108,371.0219968297174,0.0006111687333767392,0.06865293465657195,500003000.0,0.0,9.117555277411436e-06,5e-06,2.724463319500433e-09,0.0,0.0015874367653372305,0.0,1.4230502939431326e-06,0.0,0.003539926104336151,-0.006460073895663849,0
1065.0,266.45234325291517,370.838057892024,0.0006110486729659162,0.06872081292807773,500003000.0,0.0,9.12027738286959e-06,5e-06,2.7221054581542638e-09,0.0,0.0015888590086010597,0.0,1.4226678415529815e-06,0.0,0.003538974730231297,-0.006461025269768703,0
1066.0,266.4458822276454,370.65417314632987,0.0006109288623682377,0.0687887060959305,500003000.0,0.0,9.122997134139057e-06,5e-06,2.719751269466129e-09,0.0,0.0015902808699889514,0.0,1.4222853579910676e-06,0.0,0.0035380232785847455,-0.006461976721415255,0
1067.0,266.439420250924,370.4703425948066,0.0006108093010353158,0.06885661416249904,500003000.0,0.0,9.125714534882703e-06,5e-06,2.717400743645764e-09,0.0,0.0015917023494685493,0.0,1.4219028433034834e-06,0.0,0.003537071749511153,-0.006462928250488847,0
1068.0,266.43295732267353,370.2865662396238,0.0006106899884033365,0.06892453713011885,500003000.0,0.0,9.128429588753565e-06,5e-06,2.715053870862085e-09,0.0,0.0015931234470075077,0.0,1.4215202974960427e-06,0.0,0.003536120143024982,-0.006463879856975018,0
1069.0,266.42649344281654,370.1028440829428,0.0006105709239338984,0.06899247500116482,500003000.0,0.0,9.13114229939499e-06,5e-06,2.712710641424715e-09,0.0,0.0015945441625735447,0.0,1.4211377206293839e-06,0.0,0.0035351684592770747,-0.0064648315407229255,0
1070.0,266.4200286112758,369.9191761269234,0.0006104521070651871,0.06906042777797339,500003000.0,0.0,9.133852670440557e-06,5e-06,2.710371045566757e-09,0.0,0.0015959644961343854,0.0,1.4207551127053165e-06,0.0,0.0035342166982719318,-0.006465783301728069,0
1071.0,266.4135628279741,369.7355623737172,0.0006103335372619076,0.06912839546292159,500003000.0,0.0,9.136560705514224e-06,5e-06,2.70803507366655e-09,0.0,0.0015973844476578154,0.0,1.4203724737830781e-06,0.0,0.0035332648601569105,-0.00646673513984309,0
1072.0,266.40709609283425,369.5520028254733,0.0006102152139697997,0.06919637805836397,500003000.0,0.0,9.13926640823027e-06,5e-06,2.705702716045524e-09,0.0,0.001598804017111636,0.0,1.419989803873476e-06,0.0,0.0035323129449588955,-0.006467687055041105,0
1073.0,266.40062840577923,369.3684974843348,0.0006100971366494633,0.06926437556665517,500003000.0,0.0,9.141969782193388e-06,5e-06,2.7033739631182478e-09,0.0,0.001600223204463694,0.0,1.4196071030176437e-06,0.0,0.0035313609527802083,-0.006468639047219792,0
1074.0,266.394159766732,369.1850463524389,0.0006099793047620722,0.06933238799016961,500003000.0,0.0,9.144670830998717e-06,5e-06,2.7010488053288356e-09,0.0,0.0016016420096818757,0.0,1.4192243712538e-06,0.0,0.0035304088837159204,-0.00646959111628408,0
1075.0,266.3876901756157,369.0016494319199,0.00060986171776136,0.0694004153312696,500003000.0,0.0,9.147369558231833e-06,5e-06,2.6987272331153956e-09,0.0,0.0016030604327340902,0.0,1.4188416085986217e-06,0.0,0.0035294567378075167,-0.0064705432621924835,0
1076.0,266.3812196323535,368.8183067249054,0.0006097443751141102,0.0694684575923216,500003000.0,0.0,9.150065967468833e-06,5e-06,2.6964092370006383e-09,0.0,0.0016044784735882913,0.0,1.4184588150949493e-06,0.0,0.0035285045151615653,-0.006471495484838435,0
1077.0,266.3747481368687,368.6350182335189,0.0006096272762826049,0.06953651477568785,500003000.0,0.0,9.152760062276348e-06,5e-06,2.6940948075140177e-09,0.0,0.0016058961322124657,0.0,1.4180759907709535e-06,0.0,0.003527552215848143,-0.006472447784151857,0
1078.0,266.3682756890845,368.4517839598782,0.000609510420733873,0.06960458688374235,500003000.0,0.0,9.155451846211581e-06,5e-06,2.6917839352325455e-09,0.0,0.0016073134085746379,0.0,1.4176931356616816e-06,0.0,0.0035265998399544316,-0.006473400160045569,0
1079.0,266.3618022889245,368.2686039060981,0.0006093938079285838,0.06967267391884467,500003000.0,0.0,9.158141322822313e-06,5e-06,2.689476610731617e-09,0.0,0.0016087303026428525,0.0,1.4173102497832331e-06,0.0,0.0035256473875204804,-0.006474352612479519,0
1080.0,266.355327936312,368.0854780742848,0.0006092774373494632,0.0697407758833903,500003000.0,0.0,9.160828495647023e-06,5e-06,2.6871728247103007e-09,0.0,0.0016101468143852192,0.0,1.4169273331988826e-06,0.0,0.003524694858703688,-0.006475305141296312,0
1081.0,266.3488526311707,367.9024064665426,0.0006091613084557464,0.06980889277973656,500003000.0,0.0,9.163513368214814e-06,5e-06,2.6848725677902008e-09,0.0,0.0016115629437698593,0.0,1.4165443859131456e-06,0.0,0.003523742253515288,-0.006476257746484712,0
1082.0,266.3423763734242,367.7193890849691,0.0006090454207264237,0.06987702461026202,500003000.0,0.0,9.16619594404552e-06,5e-06,2.682575830706167e-09,0.0,0.00161297869076494,0.0,1.4161614079723902e-06,0.0,0.0035227895720706223,-0.006477210427929378,0
1083.0,266.33589916299627,367.5364259316581,0.0006089297736324386,0.06994517137734124,500003000.0,0.0,9.168876226649703e-06,5e-06,2.6802826041835426e-09,0.0,0.0016143940553386583,0.0,1.415778399400192e-06,0.0,0.0035218368144283385,-0.006478163185571662,0
1084.0,266.3294209998107,367.3535170086969,0.0006088143666543185,0.07001333308335393,500003000.0,0.0,9.171554219528718e-06,5e-06,2.6779928790157247e-09,0.0,0.001615809037459255,0.0,1.4153953602383503e-06,0.0,0.0035208839806924134,-0.006479116019307587,0
1085.0,266.3229418837914,367.17066231816966,0.0006086991992645397,0.0700815097306743,500003000.0,0.0,9.174229926174705e-06,5e-06,2.6757066459864285e-09,0.0,0.001617223637094995,0.0,1.4150122905059026e-06,0.0,0.0035199310709102057,-0.006480068929089795,0
1086.0,266.3164618148623,366.9878618621539,0.0006085842709481196,0.07014970132168703,500003000.0,0.0,9.176903350070665e-06,5e-06,2.6734238959601484e-09,0.0,0.0016186378542141883,0.0,1.4146291902470179e-06,0.0,0.0035189780851915867,-0.006481021914808413,0
1087.0,266.3099807929475,366.8051156427227,0.0006084695811851302,0.07021790785877466,500003000.0,0.0,9.17957449469047e-06,5e-06,2.6711446198051297e-09,0.0,0.0016200516887851788,0.0,1.4142460594903629e-06,0.0,0.0035180250236078675,-0.006481974976392133,0
1088.0,266.3034988179711,366.62242366194323,0.0006083551294610779,0.07028612934431996,500003000.0,0.0,9.182243363498908e-06,5e-06,2.668868808438868e-09,0.0,0.0016214651407763507,0.0,1.4138628982732437e-06,0.0,0.0035170718862518498,-0.0064829281137481504,0
1089.0,266.29701588985733,366.4397859218786,0.0006082409152586931,0.07035436578070448,500003000.0,0.0,9.1849099599517e-06,5e-06,2.666596452791958e-09,0.0,0.0016228782101561185,0.0,1.413479706622543e-06,0.0,0.0035161186731904053,-0.006483881326809595,0
1090.0,266.29053200853053,366.2572024245876,0.0006081269380611824,0.07042261717030922,500003000.0,0.0,9.187574287495522e-06,5e-06,2.6643275438222898e-09,0.0,0.001624290896892925,0.0,1.413096484562299e-06,0.0,0.0035151653844833312,-0.006484834615516669,0
1091.0,266.28404717391504,366.07467317212246,0.0006080131973631085,0.07049088351553302,500003000.0,0.0,9.190236349568084e-06,5e-06,2.6620620725625664e-09,0.0,0.0016257032009552599,0.0,1.4127132321390023e-06,0.0,0.0035142120202462743,-0.006485787979753726,0
1092.0,266.2775613859353,365.89219816653036,0.0006078996926542542,0.0705591648187504,500003000.0,0.0,9.192896149598133e-06,5e-06,2.6598000300494565e-09,0.0,0.0016271151223116514,0.0,1.4123299493841162e-06,0.0,0.003513258580557503,-0.006486741419442497,0
1093.0,266.27107464451586,365.7097774098533,0.00060778642342723,0.07062746108236896,500003000.0,0.0,9.19555369100549e-06,5e-06,2.65754140735683e-09,0.0,0.0016285266609306634,0.0,1.411946636331769e-06,0.0,0.0035123050655019128,-0.006487694934498087,0
1094.0,266.26458694958137,365.52741090412985,0.0006076733891697018,0.07069577230876085,500003000.0,0.0,9.198208977201052e-06,5e-06,2.655286195561685e-09,0.0,0.0016299378167808805,0.0,1.4115632930007165e-06,0.0,0.0035113514751261604,-0.00648864852487384,0
1095.0,266.2580983010565,365.34509865139205,0.0006075605893822811,0.0707640985003257,500003000.0,0.0,9.200862011586873e-06,5e-06,2.6530343858222277e-09,0.0,0.0016313485898309381,0.0,1.4111799194359264e-06,0.0,0.0035103978095421054,-0.006489602190457895,0
1096.0,266.25160869886605,365.16284065366614,0.0006074480235640764,0.07083243965946245,500003000.0,0.0,9.203512797556188e-06,5e-06,2.6507859693145437e-09,0.0,0.0016327589800495118,0.0,1.4107965156750186e-06,0.0,0.00350944406884333,-0.00649055593115667,0
1097.0,266.24511814293487,364.9806369129749,0.0006073356912084804,0.0709007957885541,500003000.0,0.0,9.206161338493402e-06,5e-06,2.6485409372141737e-09,0.0,0.0016341689874053,0.0,1.4104130817384996e-06,0.0,0.003508490253080845,-0.006491509746919155,0
1098.0,266.23862663318795,364.79848743133573,0.0006072235918164075,0.07096916689000494,500003000.0,0.0,9.208807637774155e-06,5e-06,2.646299280753792e-09,0.0,0.0016355786118670392,0.0,1.4100296176605335e-06,0.0,0.0035075363623396356,-0.006492463637660364,0
1099.0,266.2321341695503,364.6163922107606,0.0006071117248914793,0.07103755296620413,500003000.0,0.0,9.211451698765357e-06,5e-06,2.6440609912020375e-09,0.0,0.0016369878534035058,0.0,1.4096461234777704e-06,0.0,0.0035065823967108715,-0.006493417603289128,0
1100.0,266.225640751947,364.4343512532554,0.0006070000899401894,0.07110595401955849,500003000.0,0.0,9.21409352482522e-06,5e-06,2.641826059864093e-09,0.0,0.001638396711983519,0.0,1.409262599229741e-06,0.0,0.0035056283562928878,-0.0064943716437071124,0
1101.0,266.2191463803033,364.2523645608215,0.0006068886864662888,0.07117437005246731,500003000.0,0.0,9.216733119303277e-06,5e-06,2.63959447805715e-09,0.0,0.0016398051875759312,0.0,1.4088790449458397e-06,0.0,0.0035046742411588053,-0.0064953257588411945,0
1102.0,266.21265105454444,364.07043213545586,0.0006067775139735914,0.07124280106732242,500003000.0,0.0,9.2193704855404e-06,5e-06,2.6373662371225635e-09,0.0,0.0016412132801496226,0.0,1.408495460651858e-06,0.0,0.0035037200513727807,-0.006496279948627219,0
1103.0,266.2061547745958,363.8885539791501,0.0006066665719719133,0.07131124706653404,500003000.0,0.0,9.222005626868852e-06,5e-06,2.635141328451547e-09,0.0,0.001642620989673513,0.0,1.408111846383787e-06,0.0,0.0035027657870243456,-0.006497234212975655,0
1104.0,266.1996575403828,363.7067300938898,0.0006065558599744322,0.07137970805249988,500003000.0,0.0,9.224638546612325e-06,5e-06,2.6329197434735396e-09,0.0,0.0016440283161165664,0.0,1.4077282021817018e-06,0.0,0.0035018114482131884,-0.006498188551786812,0
1105.0,266.193159351831,363.5249604816561,0.0006064453774904995,0.07144818402762718,500003000.0,0.0,9.22726924808595e-06,5e-06,2.630701473624895e-09,0.0,0.0016454352594477755,0.0,1.4073445280730922e-06,0.0,0.003500857035007692,-0.006499142964992308,0
1106.0,266.18666020886604,363.34324514442557,0.0006063351240312647,0.07151667499431297,500003000.0,0.0,9.229897734596323e-06,5e-06,2.6284865103732386e-09,0.0,0.001646841819636167,0.0,1.4069608240859353e-06,0.0,0.003499902547477451,-0.006500097452522549,0
1107.0,266.1801601114135,363.16158408416686,0.0006062250991220549,0.0715851809549821,500003000.0,0.0,9.232524009441594e-06,5e-06,2.6262748452709648e-09,0.0,0.0016482479966508253,0.0,1.4065770902774413e-06,0.0,0.0034989479857647798,-0.006501052014235221,0
1108.0,266.17365905939926,362.97997730284703,0.0006061153022662159,0.07165370191202154,500003000.0,0.0,9.235148075911393e-06,5e-06,2.6240664697984403e-09,0.0,0.0016496537904608418,0.0,1.4061933266501521e-06,0.0,0.003497993349876,-0.006502006650124,0
1109.0,266.16715705274913,362.79842480242604,0.0006060057329892627,0.07172223786785334,500003000.0,0.0,9.237769937286949e-06,5e-06,2.6218613755552275e-09,0.0,0.0016510592010353612,0.0,1.4058095332544181e-06,0.0,0.0034970386399363635,-0.006502961360063637,0
1110.0,266.16065409138906,362.6169265848585,0.0006058963908113355,0.07179078882488245,500003000.0,0.0,9.240389596841089e-06,5e-06,2.6196595541405955e-09,0.0,0.0016524642283435647,0.0,1.4054257101244923e-06,0.0,0.0034960838560310755,-0.006503916143968925,0
1111.0,266.1541501752451,362.43548265209466,0.0006057872752511078,0.0718593547855234,500003000.0,0.0,9.24300705783826e-06,5e-06,2.6174609971704063e-09,0.0,0.0016538688723546652,0.0,1.4050418572876166e-06,0.0,0.003495128998227902,-0.006504871001772099,0
1112.0,266.1476453042433,362.25409300607913,0.0006056783858330053,0.07192793575217926,500003000.0,0.0,9.245622323534568e-06,5e-06,2.6152656963082227e-09,0.0,0.001655273133037916,0.0,1.4046579747807868e-06,0.0,0.003494174066618873,-0.006505825933381127,0
1113.0,266.1411394783099,362.0727576487506,0.0006055697220840805,0.07199653172727505,500003000.0,0.0,9.24823539717782e-06,5e-06,2.6130736432516507e-09,0.0,0.0016566770103626108,0.0,1.4042740626435131e-06,0.0,0.0034932190613022715,-0.006506780938697729,0
1114.0,266.1346326973712,361.8914765820443,0.0006054612835244326,0.07206514271321784,500003000.0,0.0,9.250846282007511e-06,5e-06,2.6108848296909254e-09,0.0,0.0016580805042980683,0.0,1.40389012089562e-06,0.0,0.0034922639823274128,-0.006507736017672587,0
1115.0,266.12812496135354,361.7102498078887,0.0006053530696866872,0.0721337687124272,500003000.0,0.0,9.253454981254904e-06,5e-06,2.6086992473928566e-09,0.0,0.0016594836148136549,0.0,1.4035061495824353e-06,0.0,0.0034913088298070528,-0.006508691170192947,0
1116.0,266.1216162701833,361.52907732820756,0.0006052450800990406,0.07220240972731604,500003000.0,0.0,9.256061498143032e-06,5e-06,2.606516888127556e-09,0.0,0.0016608863418787706,0.0,1.4031221487354849e-06,0.0,0.003490353603819614,-0.006509646396180386,0
1117.0,266.11510662378714,361.34795914491986,0.0006051373142898119,0.07227106576029496,500003000.0,0.0,9.25866583588672e-06,5e-06,2.6043377436880174e-09,0.0,0.0016622886854628482,0.0,1.402738118383065e-06,0.0,0.003489398304435485,-0.006510601695564515,0
1118.0,266.1085960220916,361.16689525993905,0.0006050297717926411,0.07233973681379624,500003000.0,0.0,9.261267997692633e-06,5e-06,2.6021618059123845e-09,0.0,0.0016636906455353606,0.0,1.4023540585623103e-06,0.0,0.003488442931747041,-0.006511557068252959,0
1119.0,266.1020844650233,360.9858856751715,0.0006049224521480798,0.07240842289024095,500003000.0,0.0,9.263867986759324e-06,5e-06,2.5999890666906187e-09,0.0,0.001665092222065832,0.0,1.4019699693228886e-06,0.0,0.0034874874858778324,-0.006512512514122168,0
1120.0,266.0955719525092,360.80493039252207,0.0006048153548780721,0.0724771239920355,500003000.0,0.0,9.266465806277179e-06,5e-06,2.5978195178547525e-09,0.0,0.0016664934150237944,0.0,1.4015858506678668e-06,0.0,0.00348653196683549,-0.006513468033164511,0
1121.0,266.089058484476,360.62402941388694,0.000604708479531327,0.07254584012161006,500003000.0,0.0,9.269061459428552e-06,5e-06,2.5956531513737845e-09,0.0,0.0016678942243788422,0.0,1.401201702658895e-06,0.0,0.0034855763747733705,-0.006514423625226629,0
1122.0,266.0825440608508,360.4431827411593,0.0006046018256381049,0.07261457128138787,500003000.0,0.0,9.271654949387711e-06,5e-06,2.59348995915931e-09,0.0,0.0016692946501005905,0.0,1.4008175253114239e-06,0.0,0.00348462070972991,-0.00651537929027009,0
1123.0,266.07602868156056,360.26239037622605,0.0006044953927425315,0.07268331747379006,500003000.0,0.0,9.274246279320916e-06,5e-06,2.591329933204207e-09,0.0,0.0016706946921587016,0.0,1.4004333186696123e-06,0.0,0.003483664971814956,-0.006516335028185044,0
1124.0,266.06951234653235,360.08165232096746,0.0006043891803900001,0.07275207870124993,500003000.0,0.0,9.276835452386445e-06,5e-06,2.589173065528394e-09,0.0,0.0016720943505228818,0.0,1.4000490827771422e-06,0.0,0.0034827091611371696,-0.00651729083886283,0
1125.0,266.0629950556935,359.90096857726166,0.0006042831881123197,0.07282085496617655,500003000.0,0.0,9.27942247173456e-06,5e-06,2.5870193481151708e-09,0.0,0.0016734936251628512,0.0,1.3996648176428246e-06,0.0,0.0034817532777184695,-0.006518246722281531,0
1126.0,266.0564768089712,359.72033914697903,0.0006041774154629373,0.07288964627100789,500003000.0,0.0,9.282007340507622e-06,5e-06,2.584868773062012e-09,0.0,0.0016748925160483892,0.0,1.3992805233222252e-06,0.0,0.0034807973216970773,-0.0065192026783029225,0
1127.0,266.0499576062929,359.53976403198607,0.0006040718619823536,0.0729584526181745,500003000.0,0.0,9.284590061840055e-06,5e-06,2.5827213324323216e-09,0.0,0.0016762910231492981,0.0,1.3988961998375446e-06,0.0,0.0034798412931282205,-0.00652015870687178,0
1128.0,266.04343744758603,359.3592432341434,0.0006039665272199297,0.0730272740100919,500003000.0,0.0,9.287170638858403e-06,5e-06,2.580577018348715e-09,0.0,0.0016776891464354233,0.0,1.3985118472281582e-06,0.0,0.0034788851921098464,-0.006521114807890154,0
1129.0,266.03691633277816,359.17877675530565,0.0006038614107266274,0.07309611044920798,500003000.0,0.0,9.289749074681364e-06,5e-06,2.578435822961817e-09,0.0,0.0016790868858766537,0.0,1.398127465533808e-06,0.0,0.003477929018740816,-0.006522070981259185,0
1130.0,266.0303942617969,358.99836459732285,0.000603756512050261,0.07316496193794733,500003000.0,0.0,9.292325372419795e-06,5e-06,2.5762977384299042e-09,0.0,0.0016804842414429096,0.0,1.3977430547836205e-06,0.0,0.003476972773093583,-0.006523027226906417,0
1131.0,266.02387123457,358.818006762039,0.0006036518307453167,0.07323382847874044,500003000.0,0.0,9.294899535176755e-06,5e-06,2.574162756960751e-09,0.0,0.001681881213104155,0.0,1.397358615018862e-06,0.0,0.003476016455270801,-0.0065239835447292,0
1132.0,266.0173472510252,358.6377032512945,0.0006035473663579043,0.07330271007401105,500003000.0,0.0,9.297471566047502e-06,5e-06,2.5720308707473418e-09,0.0,0.0016832778008303761,0.0,1.396974146258111e-06,0.0,0.0034750600653186844,-0.006524939934681315,0
1133.0,266.0108223110905,358.45745406692293,0.0006034431184485835,0.0733716067262091,500003000.0,0.0,9.300041468119566e-06,5e-06,2.569902072065111e-09,0.0,0.0016846740045916104,0.0,1.3965896485501177e-06,0.0,0.0034741036033585017,-0.006525896396641499,0
1134.0,266.0042964146939,358.27725921075404,0.0006033390865676397,0.07344051843774779,500003000.0,0.0,9.302609244472732e-06,5e-06,2.5677763531664537e-09,0.0,0.0016860698243579197,0.0,1.3962051219165793e-06,0.0,0.0034731470694442275,-0.006526852930555773,0
1135.0,265.99776956176333,358.0971186846095,0.0006032352702823744,0.07350944521108965,500003000.0,0.0,9.305174898179128e-06,5e-06,2.565653706396844e-09,0.0,0.0016874652600994272,0.0,1.3958205664153226e-06,0.0,0.003472190463719708,-0.006527809536280292,0
1136.0,265.99124175222704,357.9170324903081,0.0006031316691423509,0.07357838704864833,500003000.0,0.0,9.307738432303175e-06,5e-06,2.5635341240468388e-09,0.0,0.0016888603117862716,0.0,1.3954359820598809e-06,0.0,0.003471233786218609,-0.006528766213781391,0
1137.0,265.9847129860133,357.7370006296631,0.0006030282827087584,0.07364734395287233,500003000.0,0.0,9.310299849901652e-06,5e-06,2.5614175984769645e-09,0.0,0.0016902549793886325,0.0,1.395051368887468e-06,0.0,0.003470277037033502,-0.006529722962966498,0
1138.0,265.9781832630503,357.55702310448055,0.0006029251105498326,0.07371631592620206,500003000.0,0.0,9.31285915402375e-06,5e-06,2.559304122098032e-09,0.0,0.0016916492628767414,0.0,1.3946667269483872e-06,0.0,0.0034693202162895203,-0.0065306797837104795,0
1139.0,265.9716525832666,357.3770999165625,0.0006028221522236864,0.07378530297107173,500003000.0,0.0,9.315416347711048e-06,5e-06,2.5571936872981544e-09,0.0,0.0016930431622208578,0.0,1.3942820562663197e-06,0.0,0.0034683633240455715,-0.006531636675954428,0
1140.0,265.9651209465906,357.1972310677066,0.0006027194072911793,0.07385430508991585,500003000.0,0.0,9.317971433997544e-06,5e-06,2.555086286497373e-09,0.0,0.0016944366773912688,0.0,1.3938973568681195e-06,0.0,0.0034674063603684566,-0.006532593639631544,0
1141.0,265.958588352951,357.0174165597033,0.0006026168753246888,0.07392332228518722,500003000.0,0.0,9.320524415909729e-06,5e-06,2.5529819121846916e-09,0.0,0.001695829808358317,0.0,1.3935126288041089e-06,0.0,0.003466449325383355,-0.006533550674616645,0
1142.0,265.9520548022764,356.83765639433915,0.0006025145558861454,0.0739923545593146,500003000.0,0.0,9.323075296466553e-06,5e-06,2.5508805568248695e-09,0.0,0.001697222555092369,0.0,1.3931278720972893e-06,0.0,0.003465492219147486,-0.006534507780852515,0
1143.0,265.94552029449557,356.65795057339386,0.0006024124485491715,0.07406140191475558,500003000.0,0.0,9.325624078679505e-06,5e-06,2.548782212952151e-09,0.0,0.0016986149175638413,0.0,1.3927430867945542e-06,0.0,0.003464535041777498,-0.006535464958222503,0
1144.0,265.93898482953733,356.47829909864186,0.0006023105528836374,0.0741304643539539,500003000.0,0.0,9.328170765552609e-06,5e-06,2.5466868731047376e-09,0.0,0.0017000068957431895,0.0,1.392358272930986e-06,0.0,0.0034635777933606617,-0.0065364222066393385,0
1145.0,265.9324484073307,356.298701971854,0.0006022088684538943,0.07419954187933749,500003000.0,0.0,9.330715360082427e-06,5e-06,2.544594529817321e-09,0.0,0.0017013984896008896,0.0,1.391973430525791e-06,0.0,0.0034626204739447537,-0.0065373795260552465,0
1146.0,265.92591102780466,356.11915919479424,0.0006021073948380849,0.07426863449336212,500003000.0,0.0,9.33325786525813e-06,5e-06,2.5425051757026137e-09,0.0,0.0017027896991074693,0.0,1.3915885596269552e-06,0.0,0.0034616630836491425,-0.006538336916350858,0
1147.0,265.9193726908883,355.9396707454977,0.0006020061316133223,0.07433774219847529,500003000.0,1.0012870331341026,9.335798284061519e-06,5.559292923747239e-06,2.5404188033885436e-09,5.592929237472385e-07,0.0017041805242335006,6.608078764844423e-13,1.3912036602769862e-06,1.9944182165439978e-13,0.0034607061849856596,-0.006539293815014341,1
1148.0,265.91283339707326,355.76023667808613,0.0006019049682808379,0.07440686487298004,500003000.0,1.0039078406572377,9.338336619002916e-06,6.062582984525795e-06,2.538334941397028e-09,5.032900607785562e-07,0.001705570964695292,8.592605634655346e-13,1.3908184780708467e-06,2.1399656003802058e-13,0.0034597480613366843,-0.006540251938663316,1
1149.0,265.9062931451346,355.5808569595688,0.0006018041406283657,0.07447600278517152,500003000.0,1.0065341663955991,9.340872873581666e-06,6.524334629619641e-06,2.5362545787491763e-09,4.617516450938454e-07,0.001706961020754863,1.0737301531583131e-12,1.3904335590135914e-06,2.27975736724262e-13,0.0034587905906638973,-0.006541209409336102,1
1150.0,265.89975193572525,355.40153159928565,0.0006017034947997681,0.07454515576509078,500003000.0,1.0091660133610583,9.343407050642508e-06,6.953631584874653e-06,2.5341770608423608e-09,4.292969552550126e-07,0.0017083506923198503,1.303333603878002e-12,1.3900485485281597e-06,2.413920586661861e-13,0.0034578328909706407,-0.00654216710902936,1
1151.0,265.8932097686162,355.2222605972992,0.0006016030639581258,0.07461432385292344,500003000.0,1.0118033848694383,9.345939153164483e-06,7.356636089101032e-06,2.532102521975797e-09,4.0300450422637954e-07,0.0017097399793754983,1.5473618774400385e-12,1.3896635242592048e-06,2.542984859073237e-13,0.0034568751555521604,-0.00654312484444784,1
1152.0,265.8866666437718,355.04304395569886,0.0006015028402923866,0.07468350704282208,500003000.0,1.014446284108998,9.348469184088227e-06,7.737762898383834e-06,2.530030923744414e-09,3.811268092828011e-07,0.0017111288818900167,1.8052329599749695e-12,1.3892784691623865e-06,2.6675255642342526e-13,0.003455917342171852,-0.006544082657828148,1
1153.0,265.8801225611139,354.8638816761207,0.0006014028249853584,0.07475270533903171,500003000.0,1.0170947142348257,9.350997146353879e-06,8.100306465432298e-06,2.52796226565076e-09,3.6254356704846403e-07,0.0017125173998353517,2.076460590160779e-12,1.388893386971725e-06,2.7880701763754996e-13,0.003454959460267065,-0.006545040539732936,1
1154.0,265.8735775205742,354.6847737602987,0.0006013030172259708,0.07482191874356314,500003000.0,1.0197486783476295,9.353523042892702e-06,8.446804419372103e-06,2.52589653882278e-09,3.464979539398052e-07,0.0017139055331825755,2.3606326605471757e-12,1.3885082768116747e-06,2.905078700557428e-13,0.003454001507789543,-0.006545998492210457,1
1155.0,265.867031522082,354.5057202099376,0.0006012034166684126,0.07489114725895091,500003000.0,1.02240817949819,9.356046876629067e-06,8.779261697087445e-06,2.523833736364981e-09,3.32457277715342e-07,0.001715293281902959,2.6573958043489953e-12,1.3881231388784957e-06,3.018946030117089e-13,0.00345304348533885,-0.00654695651466115,1
1156.0,265.86048456556733,354.32672102674195,0.0006011040228645749,0.07496039088760253,500003000.0,1.0250732206859678,9.358568650480037e-06,9.099295683674624e-06,2.5217738509708417e-09,3.2003398658717853e-07,0.0017166806459677339,2.9664440823539987e-12,1.3877379731291842e-06,3.130010141445281e-13,0.003452085392903318,-0.006547914607096682,1
1157.0,265.85393665096024,354.1477762124135,0.0006010048353801933,0.07502964963196157,500003000.0,1.027743804858994,9.361088367355448e-06,9.408234008869908e-06,2.519716875411117e-09,3.0893832519528384e-07,0.00171806762534812,3.287510476344383e-12,1.3873527795497582e-06,3.238560965850527e-13,0.0034511272305299237,-0.006548872769470077,1
1158.0,265.84738777819075,353.96888576864603,0.0006009058538014769,0.07509892349446402,500003000.0,1.0304199349136471,9.36360603015801e-06,9.707182647481885e-06,2.5176628025613216e-09,2.9894863861197707e-07,0.0017194542200153712,3.6203603583229075e-12,1.3869675581705586e-06,3.3448483655126026e-13,0.0034501689983646,-0.0065498310016354,1
1159.0,265.84083794718913,353.79004969713105,0.0006008070776978675,0.07516821247756544,500003000.0,1.0331016136942466,9.366121641783255e-06,9.997074674997052e-06,2.5156116252454785e-09,2.898920275151672e-07,0.0017208404299407305,3.964786385290106e-12,1.386582308980279e-06,3.4490888622774594e-13,0.0034492106964402794,-0.00655078930355972,1
1160.0,265.83428715788557,353.6112679995524,0.0006007085066602741,0.07523751658370072,500003000.0,1.035788843992874,9.368635205119651e-06,1.0278706011322056e-05,2.5135633363962447e-09,2.8163133632500304e-07,0.0017222262550954804,4.320604444922734e-12,1.3861970320142443e-06,3.5514711741390576e-13,0.0034482523248980513,-0.006551747675101948,1
1161.0,265.8277354102105,353.432540677591,0.0006006101402646025,0.075306835815325,500003000.0,1.0384816285489666,9.371146723048554e-06,1.0552762168596642e-05,2.5115179289020713e-09,2.7405615727458663e-07,0.001723611695450904,4.687650390774014e-12,1.3858117272702357e-06,3.652160729724141e-13,0.003447293883779045,-0.006552706116220955,1
1162.0,265.82118270409427,353.2538677329204,0.0006005119781055248,0.07537617017488982,500003000.0,1.04117997004914,9.373656198444303e-06,1.08198386294647e-05,2.5094753957484377e-09,2.6707646086805684e-07,0.0017249967509783237,5.0657773806599134e-12,1.385426394786444e-06,3.751303343899429e-13,0.0034463353732193803,-0.0065536646267806194,1
1163.0,265.8146290394675,353.0752491672108,0.0006004140197641536,0.07544551966484056,500003000.0,1.0438838711267797,9.376163634174185e-06,1.1080456620161864e-05,2.5074357298825577e-09,2.6061799069716415e-07,0.0017263814216490687,5.4548536828063135e-12,1.385041034566879e-06,3.849028217230384e-13,0.0034453767932654668,-0.006554623206734533,1
1164.0,265.80807441626075,352.89668498212603,0.0006003162648354021,0.07551488428763399,500003000.0,1.0465933343618417,9.378669033098513e-06,1.133507549196608e-05,2.50539892432767e-09,2.546188718042165e-07,0.0017277657074345053,5.85476084962669e-12,1.3846556466445183e-06,3.9454503940587566e-13,0.0034444181440317786,-0.006555581855968221,1
1165.0,265.80151883440476,352.7181751793249,0.0006002187129104479,0.07558426404572105,500003000.0,1.0493083622805128,9.381172398070622e-06,1.1584102563325262e-05,2.503364972109653e-09,2.4902707135918307e-07,0.0017291496083060224,6.265392183933567e-12,1.3842702310408506e-06,4.040672787432095e-13,0.003443459425600791,-0.006556540574399209,1
1166.0,265.79496229383034,352.539719760461,0.0006001213635825291,0.07565365894156932,500003000.0,1.0520289573549197,9.383673731936903e-06,1.1827901032537471e-05,2.501333866281176e-09,2.4379846921220844e-07,0.001730533124235036,6.686651440320159e-12,1.3838847877792682e-06,4.134787856664878e-13,0.0034425006380567652,-0.006557499361943235,1
1167.0,265.7884047944684,352.3613187271839,0.0006000242164440452,0.07572306897761572,500003000.0,1.0547551220028337,9.386173037536813e-06,1.2066796404750921e-05,2.4993055999095345e-09,2.3889537221345023e-07,0.0017319162551929818,7.118451717543842e-12,1.3834993168783863e-06,4.227879005176303e-13,0.0034415417814695286,-0.006558458218530471,1
1168.0,265.7818463362499,352.1829720811341,0.0005999272711046441,0.07579249415634175,500003000.0,1.0574868585874524,9.388670317702965e-06,1.2301081761107666e-05,2.497280166151864e-09,2.3428535635674545e-07,0.001733299001151354,7.560714507449525e-12,1.3831138183937639e-06,4.3200217519648177e-13,0.0034405828559985817,-0.006559417144001418,1
1169.0,265.7752869191059,352.0046798239505,0.0005998305271502277,0.07586193448019393,500003000.0,1.0602241694169623,9.391165575261049e-06,1.2531022115551982e-05,2.4952575580843475e-09,2.2994035444431502e-07,0.0017346813620816484,8.013368873252727e-12,1.382728292323383e-06,4.4112847188785173e-13,0.0034396238616582558,-0.006560376138341744,1
1170.0,265.76872654296756,351.8264419572641,0.0005997339841904147,0.0759313899516328,500003000.0,1.062967056744391,9.39365881302995e-06,1.2756858045504e-05,2.4932377688997623e-09,2.2583592995201905e-07,0.001736063337955412,8.476350735545186e-12,1.3823427387171035e-06,4.5017304671724865e-13,0.003438664798590222,-0.006561335201409778,1
1171.0,265.76216520776615,351.6482584827017,0.0005996376418228618,0.07600086057312298,500003000.0,1.0657155227672186,9.396150033821709e-06,1.2978808739239802e-05,2.4912207917588846e-09,2.2195069373580217e-07,0.0017374449287442142,8.949602248630892e-12,1.3819571575944096e-06,4.591416210035316e-13,0.0034377056668590824,-0.006562294333140917,1
1172.0,265.755602913433,351.47012940188415,0.000599541499652973,0.07607034634712793,500003000.0,1.0684695696271342,9.398639240441581e-06,1.3197074570719387e-05,2.489206619872414e-09,2.1826583147958468e-07,0.001738826134419661,9.43307125310828e-12,1.3815715489898587e-06,4.68039442248968e-13,0.0034367464665655983,-0.006563253533434402,1
1173.0,265.74903965989955,351.2920547164272,0.0005994455572846933,0.07613984727610729,500003000.0,1.0712291994097187,9.401126435688044e-06,1.3411839288557495e-05,2.4871952464626155e-09,2.1476471783810907e-07,0.0017402069549533896,9.926710793196386e-12,1.3811859129318734e-06,4.7687133659144e-13,0.003435787197794081,-0.00656421280220592,1
1174.0,265.7424754470973,351.1140344279404,0.0005993498143269842,0.07620936336252586,500003000.0,1.0739944141441777,9.403611622352834e-06,1.3623271887621537e-05,2.4851866647901183e-09,2.1143259906404285e-07,0.001741587390317077,1.0430478689349886e-11,1.380800249457673e-06,4.856417541167604e-13,0.003434827860649665,-0.006565172139350335,1
1175.0,265.735910274958,350.9360685380296,0.0005992542703815198,0.07627889460884996,500003000.0,1.0767652158030014,9.406094803220937e-06,1.3831528217809746e-05,2.483180868102826e-09,2.0825633018820849e-07,0.0017429674404824203,1.0944337158334747e-11,1.3804145585849362e-06,4.943548081698874e-13,0.0034338684551879274,-0.006566131544812073,1
1176.0,265.7293441434132,350.7581570482932,0.0005991589250642338,0.07634844101754501,500003000.0,1.0795416063017451,9.408575981070663e-06,1.4036752373805202e-05,2.481177849725159e-09,2.0522415599545654e-07,0.0017443471054211668,1.1468252474247347e-11,1.3800288403614556e-06,5.030143095982097e-13,0.0034329089815384995,-0.0065670910184615,1
1177.0,265.72277705239475,350.5802999603244,0.0005990637779845942,0.07641800259107955,500003000.0,1.0823235874986894,9.411055158673636e-06,1.4239077901221593e-05,2.4791776029720444e-09,2.023255274163911e-07,0.0017457263851050964,1.2002194665013776e-11,1.3796430948173963e-06,5.116237966950324e-13,0.003431949439786399,-0.006568050560213602,1
1178.0,265.71620900183456,350.4024972757115,0.0005989688287527263,0.07648757933191776,500003000.0,1.085111161194549,9.413532338794813e-06,1.443862884797541e-05,2.477180121178406e-09,1.9955094675381705e-07,0.0017471052795060193,1.2546137239770893e-11,1.379257321981721e-06,5.201865614789297e-13,0.003430989830012953,-0.006569010169987047,1
1179.0,265.7096399916646,350.2247489960363,0.0005988740769847743,0.07655717124252887,500003000.0,1.087904329132205,9.416007524192535e-06,1.46355206845113e-05,2.475185397721252e-09,1.968918365358892e-07,0.0017484837885957903,1.31000569432347e-11,1.3788715218945508e-06,5.287056728376998e-13,0.0034300301523266206,-0.0065699698476733796,1
1180.0,265.7030700218169,350.0470551228769,0.0005987795222889448,0.07662677832537733,500003000.0,1.090703092996367,9.418480717618497e-06,1.4829861112355997e-05,2.4731934259619044e-09,1.9434042784469783e-07,0.0017498619123462848,1.3663933533741854e-11,1.3784856945750314e-06,5.371839969781831e-13,0.00342907040678311,-0.00657092959321689,1
1181.0,265.6964990922237,349.86941565780285,0.0005986851642918206,0.0766964005829453,500003000.0,1.0935074544133778,9.420951921817851e-06,1.502175077714531e-05,2.471204199354633e-09,1.9188966478931303e-07,0.0017512396507294386,1.4237749582135767e-11,1.378099840081936e-06,5.456242155528712e-13,0.003428110593536186,-0.006571889406463814,1
1182.0,265.6899272028172,349.69183060238174,0.0005985910025972627,0.07676603801769151,500003000.0,1.096317414950778,9.423421139529128e-06,1.5211283899578304e-05,2.4692177112768627e-09,1.8953312243299477e-07,0.0017526170037171947,1.4821490289062085e-11,1.3777139584190524e-06,5.540288417746494e-13,0.003427150712602357,-0.006572849287397643,1
1183.0,265.6833543535298,349.5142999581731,0.0005984970368328869,0.07683569063208953,500003000.0,1.09913297611716,9.42588837348435e-06,1.539854883556781e-05,2.467233955220983e-09,1.8726493598950625e-07,0.001753993971281554,1.54151433185867e-11,1.3773280496421949e-06,5.624002347850639e-13,0.003426190764127117,-0.006573809235872884,1
1184.0,265.67678054429393,349.33682372673206,0.0005984032666139874,0.07690535842860954,500003000.0,1.1019541393617835,9.428353626408995e-06,1.558362857507049e-05,2.465252924645357e-09,1.8507973950267834e-07,0.0017553705533945444,1.6018698646317515e-11,1.3769421137761592e-06,5.707406124992828e-13,0.0034252307481784016,-0.006574769251821599,1
1185.0,265.6702057750421,349.15940190960754,0.000598309691563049,0.07697504140972403,500003000.0,1.1047809060743314,9.43081690102205e-06,1.5766601187613293e-05,2.4632746130547705e-09,1.8297261254280468e-07,0.0017567467500282344,1.6632148420462087e-11,1.3765561508596532e-06,5.790520631198207e-13,0.003424270664858388,-0.006575729335141612,1
1186.0,265.66363004570695,348.9820345083422,0.0005982163113050422,0.07704473957791837,500003000.0,1.1076132775846217,9.43327820003603e-06,1.594754022132229e-05,2.4612990139809044e-09,1.809390337089973e-07,0.0017581225611547381,1.7255486834448372e-11,1.3761701609344705e-06,5.873365554825113e-13,0.0034233105142765915,-0.006576689485723409,1
1187.0,265.65705335622124,348.8047215244758,0.000598123125453569,0.07711445293564244,500003000.0,1.1104512551622454,9.435737526156956e-06,1.6126515061255193e-05,2.459326120925311e-09,1.789748399329033e-07,0.0017594979867461833,1.78887100099093e-11,1.3757841440136323e-06,5.955959483748089e-13,0.003422350296470645,-0.006577649703529355,1
1188.0,265.65047570651774,348.6274629595396,0.0005980301336428076,0.07718418148538565,500003000.0,1.1132948400163976,9.438194882084447e-06,1.6303591252002293e-05,2.457355927490742e-09,1.7707619074710034e-07,0.0017608730267747593,1.8531815888985862e-11,1.37539810015489e-06,6.038319989490393e-13,0.0034213900115891644,-0.006578609988410836,1
1189.0,265.6438970965293,348.45025881505967,0.000597937335497865,0.07725392522963126,500003000.0,1.1161440332955181,9.440650270511706e-06,1.6478830788819237e-05,2.4553884272590845e-09,1.7523953681694354e-07,0.0017622476812126904,1.918480413501768e-11,1.375012029392525e-06,6.120463703332637e-13,0.0034204296597221155,-0.006579570340277885,1
1190.0,265.63731752618907,348.2731090925586,0.0005978447306367091,0.0773236841708311,500003000.0,1.1189988360869527,9.443103694125505e-06,1.6652292380966517e-05,2.4534236137993722e-09,1.7346159214727952e-07,0.0017636219500322204,1.9847676040809305e-11,1.3746259317418144e-06,6.202406385316611e-13,0.003419469240911946,-0.006580530759088054,1
1191.0,265.63073699542997,348.09601379355024,0.0005977523186993973,0.07739345831147972,500003000.0,1.1218592494168127,9.445555155606293e-06,1.6824031690433745e-05,2.4514614807876684e-09,1.7173930946722757e-07,0.001764995833205658,2.05204344437552e-11,1.37423980726626e-06,6.284162986940689e-13,0.003418508755320836,-0.006581491244679164,1
1192.0,265.6241555041853,347.91897291954564,0.0005976600993043276,0.07746324765404902,500003000.0,1.124725274249514,9.448004657628121e-06,1.6994101548805308e-05,2.449502021827438e-09,1.7006985837156154e-07,0.0017663693307053245,2.1203083647174057e-11,1.3738536559769892e-06,6.365747708213678e-13,0.0034175482029804713,-0.006582451797019529,1
1193.0,265.61757305238825,347.7419864720479,0.0005975680720903755,0.07753305220101439,500003000.0,1.1275969114876403,9.450452202858744e-06,1.716255215466665e-05,2.447545230622349e-09,1.6845060586134328e-07,0.0017677424425036005,2.1895629347295855e-11,1.3734674779296567e-06,6.447174049690223e-13,0.003416587584033102,-0.006583412415966898,1
1194.0,265.6109896399723,347.5650544525569,0.0005974762366806234,0.07760287195485197,500003000.0,1.13047416197153,9.452897793959571e-06,1.732943125364491e-05,2.4455911008275065e-09,1.668790989782582e-07,0.0017691151685728845,2.259807856538431e-11,1.373081273141068e-06,6.528454860002466e-13,0.0034156268985241563,-0.006584373101475844,1
1195.0,265.6044052668708,347.38817686256516,0.0005973845927134246,0.07767270691804173,500003000.0,1.1333570264790902,9.455341433585748e-06,1.749478430291635e-05,2.4436396261766503e-09,1.6535304927144174e-07,0.001770487508885628,2.3310439584551223e-11,1.3726950416605926e-06,6.609602379357259e-13,0.003414666146579897,-0.006585333853420103,1
1196.0,265.5978199330174,347.2113537035598,0.0005972931398214791,0.07774255709306221,500003000.0,1.1362455057254617,9.457783124386144e-06,1.7658654621788755e-05,2.44169080039638e-09,1.6387031887240668e-07,0.0017718594634143167,2.403272189085068e-11,1.3723087835220808e-06,6.690628279403949e-13,0.003413705328287817,-0.006586294671712184,1
1197.0,265.59123363834567,347.03458497702263,0.0005972018776387009,0.07781242248239724,500003000.0,1.1391396003627305,9.46022286900338e-06,1.782108352977364e-05,2.4397446172342306e-09,1.6242890798488487e-07,0.0017732310321314755,2.476493611829339e-11,1.3719224987596603e-06,6.771543699836284e-13,0.0034127444437359556,-0.006587255556264045,1
1198.0,265.5846463827894,346.8578706844294,0.0005971108058030097,0.07788230308852073,500003000.0,1.1420393109796712,9.462660670073848e-06,1.798211047339624e-05,2.4378010704699916e-09,1.6102694362259898e-07,0.0017746022150096693,2.5507093997453916e-11,1.3715361874141563e-06,6.852359282044722e-13,0.003411783493028867,-0.006588216506971133,1
1199.0,265.5780581662824,346.68121082725,0.0005970199239510925,0.07795219891391289,500003000.0,1.1449446381014352,9.465096530227742e-06,1.814177314284673e-05,2.435860153894241e-09,1.5966266945048678e-07,0.0017759730120215026,2.6259208307375168e-11,1.3711498495210678e-06,6.933085200106352e-13,0.003410822476257726,-0.006589177523742274,1
1200.0,265.5714689887587,346.50460540695076,0.0005969292317149526,0.07802210996105265,500003000.0,1.1478555821892413,9.467530452089035e-06,1.8300107579450405e-05,2.4339218612942434e-09,1.5833443660367703e-07,0.0017773434231396037,2.7021292830505155e-11,1.3707634851026552e-06,7.013731189359762e-13,0.0034098613934806536,-0.006590138606519347,1
