t_s,T_K,e_Pa,Sw,Si,Ncloud,Nice,r_cloud_m,r_ice_m,drcloud_dt,drice_dt,qcloud,qice,cond_rate_kgm3s,dep_rate_kgm3s,latent_heating_Ks,dT_dt_Ks,ice_active
0.0,273.15,580.6187433254679,-0.05000000000000009,-0.049927860781880086,0.0,33.464254621424274,1e-06,4.441408174475353e-06,0.0,-5.585918255246475e-07,0.0,1.1261627644007153e-11,0.0,-4.24909368623019e-12,-1.1982021399777471e-08,-0.0100000119820214,1
1.0,273.13999998801796,580.5974865616129,-0.04934514050277024,-0.049179928330181095,0.0,33.6308668457266,1e-06,3.822282286738025e-06,0.0,-6.191258877373275e-07,0.0,7.2138030310368295e-12,0.0,-3.5054335633837605e-12,-9.884973849382663e-09,-0.01000000988497385,1
2.0,273.129999978133,580.5762296979825,-0.04868977445208154,-0.048431350709451884,0.0,33.79830292060145,1e-06,3.114164267858923e-06,0.0,-7.081180188791019e-07,0.0,3.920824387529459e-12,0.0,-2.6746242255028073e-12,-7.542174184154184e-09,-0.010000007542174184,1
3.0,273.11999997059087,580.554972718302,-0.04803390144999383,-0.047682127353406864,0.0,33.96656685909184,1e-06,2.2588889975028986e-06,0.0,-8.552752703560243e-07,0.0,1.5038145011397178e-12,0.0,-1.7081521342342077e-12,-4.816819053153975e-09,-0.010000004816819053,1
4.0,273.109999965774,580.5337155996945,-0.04737752111727913,-0.04693225771554003,0.0,34.13566269086547,1e-06,1.0988882301600994e-06,0.0,-1.1600007673427991e-06,0.0,1.739910259050078e-13,0.0,-5.510015978544921e-13,-1.5537696799200306e-09,-0.01000000155376968,1
5.0,273.0999999642203,580.5124584149388,-0.046720633096055814,-0.04618174127201268,0.0,34.30559446192518,1e-06,0.0,0.0,-2.345245638913329e-06,0.0,0.0,0.0,-0.0,0.0,-0.01,1
6.0,273.0899999642203,580.4912012301832,-0.04606323671544373,-0.045430577164618846,0.0,34.476366275754785,1e-06,0.0,0.0,-0.0025340172601898856,0.0,0.0,0.0,-0.0,0.0,-0.01,1
7.0,273.0799999642203,580.4699440454275,-0.045405331325135294,-0.04467876455685313,0.0,34.64798225301655,1e-06,0.0,0.0,-0.0024908762611036204,0.0,0.0,0.0,-0.0,0.0,-0.01,1
8.0,273.0699999642203,580.4486868606718,-0.04474691649040481,-0.04392630284216966,0.0,34.820446507404434,1e-06,0.0,0.0,-0.0024477398436453263,0.0,0.0,0.0,-0.0,0.0,-0.01,1
9.0,273.0599999642203,580.4274296759162,-0.04408799177612249,-0.0431731914134182,0.0,34.9937631720681,1e-06,0.0,0.0,-0.0024046080192843067,0.0,0.0,0.0,-0.0,0.0,-0.01,1
10.0,273.0499999642203,580.4061724911605,-0.04342855674675332,-0.042419429662842345,0.0,35.167936399698995,1e-06,0.0,0.0,-0.00236148079949113,0.0,0.0,0.0,-0.0,0.0,-0.01,1
11.0,273.0399999642203,580.3849153064049,-0.042768610966356875,-0.04166501698207634,0.0,35.342970362616796,1e-06,0.0,0.0,-0.002318358195737471,0.0,0.0,0.0,-0.0,0.0,-0.01,1
12.0,273.02999996422034,580.3636581216492,-0.04210815399858751,-0.04090995276212729,0.0,35.51886925285614,1e-06,0.0,0.0,-0.00227524021949512,0.0,0.0,0.0,-0.0,0.0,-0.01,1
13.0,273.01999996422035,580.3424009368936,-0.041447185406692906,-0.04015423639341159,0.0,35.69563728225366,1e-06,0.0,0.0,-0.002232126882238083,0.0,0.0,0.0,-0.0,0.0,-0.01,1
14.0,273.00999996422036,580.3211437521379,-0.040785704753514965,-0.039397867265716674,0.0,35.873278682535386,1e-06,0.0,0.0,-0.0021890181954404317,0.0,0.0,0.0,-0.0,0.0,-0.01,1
15.0,272.99999996422036,580.2998865673823,-0.04012371160148837,-0.03864084476822547,0.0,36.0517977054045,1e-06,0.0,0.0,-0.0021459141705777156,0.0,0.0,0.0,-0.0,0.0,-0.01,1
16.0,272.9899999642204,580.2786293826266,-0.03946120551264002,-0.03788316828950687,0.0,36.23119862262931,1e-06,0.0,0.0,-0.002102814819126443,0.0,0.0,0.0,-0.0,0.0,-0.01,1
17.0,272.9799999642204,580.257372197871,-0.0387981860485901,-0.03712483721751047,0.0,36.41148572613158,1e-06,0.0,0.0,-0.0020597201525638107,0.0,0.0,0.0,-0.0,0.0,-0.01,1
18.0,272.9699999642204,580.2361150131153,-0.03813465277054976,-0.036365850939580883,0.0,36.592663328075304,1e-06,0.0,0.0,-0.0020166301823685384,0.0,0.0,0.0,-0.0,0.0,-0.01,1
19.0,272.9599999642204,580.2148578283596,-0.03747060523932198,-0.03560620884242818,0.0,36.77473576095562,1e-06,0.0,0.0,-0.001973544920019218,0.0,0.0,0.0,-0.0,0.0,-0.01,1
20.0,272.9499999642204,580.193600643604,-0.036806043015300854,-0.03484591031216675,0.0,36.957707377688216,1e-06,0.0,0.0,-0.0019304643769965384,0.0,0.0,0.0,-0.0,0.0,-0.01,1
21.0,272.9399999642204,580.1723434588483,-0.03614096565847084,-0.03408495473427728,0.0,37.141582551698896,1e-06,0.0,0.0,-0.0018873885647811574,0.0,0.0,0.0,-0.0,0.0,-0.01,1
22.0,272.9299999642204,580.1510862740927,-0.03547537272840714,-0.03332334149364068,0.0,37.32636567701368,1e-06,0.0,0.0,-0.001844317494855646,0.0,0.0,0.0,-0.0,0.0,-0.01,1
23.0,272.91999996422044,580.129829089337,-0.0348092637842744,-0.032561069974497,0.0,37.51206116834901,1e-06,0.0,0.0,-0.001801251178702192,0.0,0.0,0.0,-0.0,0.0,-0.01,1
24.0,272.90999996422045,580.1085719045814,-0.03414263838482636,-0.03179813956049206,0.0,37.698673461202425,1e-06,0.0,0.0,-0.0017581896278052512,0.0,0.0,0.0,-0.0,0.0,-0.01,1
25.0,272.89999996422046,580.0873147198257,-0.03347549608840674,-0.031034549634629097,0.0,37.88620701194356,1e-06,0.0,0.0,-0.0017151328536488544,0.0,0.0,0.0,-0.0,0.0,-0.01,1
26.0,272.88999996422046,580.0660575350701,-0.03280783645294686,-0.030270299579305264,0.0,38.074666297905395,1e-06,0.0,0.0,-0.0016720808677186789,0.0,0.0,0.0,-0.0,0.0,-0.01,1
27.0,272.8799999642205,580.0448003503144,-0.03213965903596656,-0.029505388776284253,0.0,38.26405581747588,1e-06,0.0,0.0,-0.0016290336815005394,0.0,0.0,0.0,-0.0,0.0,-0.01,1
28.0,272.8699999642205,580.0235431655587,-0.031470963394573455,-0.02873981660672892,0.0,38.454380090189936,1e-06,0.0,0.0,-0.001585991306482239,0.0,0.0,0.0,-0.0,0.0,-0.01,1
29.0,272.8599999642205,580.0022859808031,-0.030801749085462734,-0.027973582451153674,0.0,38.64564365682168,1e-06,0.0,0.0,-0.001542953754150927,0.0,0.0,0.0,-0.0,0.0,-0.01,1
30.0,272.8499999642205,579.9810287960474,-0.030132015664915905,-0.02720668568947124,0.0,38.83785107947708,1e-06,0.0,0.0,-0.0014999210359957415,0.0,0.0,0.0,-0.0,0.0,-0.01,1
31.0,272.8399999642205,579.9597716112918,-0.02946176268880184,-0.026439125700960645,0.0,39.031006941686854,1e-06,0.0,0.0,-0.0014568931635060424,0.0,0.0,0.0,-0.0,0.0,-0.01,1
32.0,272.8299999642205,579.9385144265361,-0.028790989712574603,-0.025670901864277437,0.0,39.22511584849978,1e-06,0.0,0.0,-0.0014138701481720044,0.0,0.0,0.0,-0.0,0.0,-0.01,1
33.0,272.81999996422053,579.9172572417805,-0.02811969629127453,-0.02490201355745235,0.0,39.42018242657631,1e-06,0.0,0.0,-0.0013708520014845721,0.0,0.0,0.0,-0.0,0.0,-0.01,1
34.0,272.80999996422054,579.8960000570248,-0.02744788197952693,-0.02413246015789228,0.0,39.61621132428246,1e-06,0.0,0.0,-0.0013278387349355348,0.0,0.0,0.0,-0.0,0.0,-0.01,1
35.0,272.79999996422055,579.8747428722692,-0.026775546331542274,-0.0233622410423717,0.0,39.813207211784125,1e-06,0.0,0.0,-0.0012848303600170707,0.0,0.0,0.0,-0.0,0.0,-0.01,1
36.0,272.78999996422056,579.8534856875135,-0.02610268890111526,-0.02259135558704946,0.0,40.01117478114164,1e-06,0.0,0.0,-0.001241826888222713,0.0,0.0,0.0,-0.0,0.0,-0.01,1
37.0,272.77999996422056,579.8322285027579,-0.02542930924162425,-0.021819803167436477,0.0,40.21011874640477,1e-06,0.0,0.0,-0.0011988283310455687,0.0,0.0,0.0,-0.0,0.0,-0.01,1
38.0,272.7699999642206,579.8109713180022,-0.02475540690603181,-0.021047583158444193,0.0,40.41004384370792,1e-06,0.0,0.0,-0.0011558346999810448,0.0,0.0,0.0,-0.0,0.0,-0.01,1
39.0,272.7599999642206,579.7897141332465,-0.024080981446883244,-0.02027469493433462,0.0,40.61095483136577,1e-06,0.0,0.0,-0.0011128460065240888,0.0,0.0,0.0,-0.0,0.0,-0.01,1
40.0,272.7499999642206,579.7684569484909,-0.023406032416306944,-0.019501137868734114,0.0,40.81285648996919,1e-06,0.0,0.0,-0.0010698622621699847,0.0,0.0,0.0,-0.0,0.0,-0.01,1
41.0,272.7399999642206,579.7471997637352,-0.02273055936601326,-0.018726911334657127,0.0,41.01575362248153,1e-06,0.0,0.0,-0.0010268834784156935,0.0,0.0,0.0,-0.0,0.0,-0.01,1
42.0,272.7299999642206,579.7259425789796,-0.02205456184729489,-0.01795201470447706,0.0,41.219651054335195,1e-06,0.0,0.0,-0.000983909666758258,0.0,0.0,0.0,-0.0,0.0,-0.01,1
43.0,272.7199999642206,579.7046853942239,-0.021378039411025732,-0.017176447349940022,0.0,41.42455363352862,1e-06,0.0,0.0,-0.0009409408386955935,0.0,0.0,0.0,-0.0,0.0,-0.01,1
44.0,272.70999996422063,579.6834282094683,-0.020700991607660334,-0.016400208642153694,0.0,41.6304662307235,1e-06,0.0,0.0,-0.0008979770057258922,0.0,0.0,0.0,-0.0,0.0,-0.01,1
45.0,272.69999996422064,579.6621710247126,-0.02002341798723481,-0.015623297951593167,0.0,41.837393739342424,1e-06,0.0,0.0,-0.0008550181793479742,0.0,0.0,0.0,-0.0,0.0,-0.01,1
46.0,272.68999996422065,579.640913839957,-0.019345318099365162,-0.014845714648104398,0.0,42.04534107566684,1e-06,0.0,0.0,-0.0008120643710615,0.0,0.0,0.0,-0.0,0.0,-0.01,1
47.0,272.67999996422066,579.6196566552013,-0.01866669149324671,-0.014067458100899875,0.0,42.25431317893526,1e-06,0.0,0.0,-0.0007691155923667568,0.0,0.0,0.0,-0.0,0.0,-0.01,1
48.0,272.66999996422066,579.5983994704457,-0.01798753771765464,-0.01328852767854298,0.0,42.464315011441954,1e-06,0.0,0.0,-0.000726171854763819,0.0,0.0,0.0,-0.0,0.0,-0.01,1
49.0,272.6599999642207,579.57714228569,-0.017307856320943067,-0.012508922748980597,0.0,42.67535155863586,1e-06,0.0,0.0,-0.0006832331697543719,0.0,0.0,0.0,-0.0,0.0,-0.01,1
50.0,272.6499999642207,579.5558851009343,-0.016627646851044283,-0.011728642679512818,0.0,42.88742782921987,1e-06,0.0,0.0,-0.000640299548840065,0.0,0.0,0.0,-0.0,0.0,-0.01,1
51.0,272.6399999642207,579.5346279161787,-0.015946908855469295,-0.010947686836796528,0.0,43.10054885525047,1e-06,0.0,0.0,-0.0005973710035227358,0.0,0.0,0.0,-0.0,0.0,-0.01,1
52.0,272.6299999642207,579.513370731423,-0.015265641881306153,-0.010166054586869202,0.0,43.31471969223769,1e-06,0.0,0.0,-0.000554447545305741,0.0,0.0,0.0,-0.0,0.0,-0.01,1
53.0,272.6199999642207,579.4921135466674,-0.014583845475220673,-0.009383745295109405,0.0,43.52994541924541,1e-06,0.0,0.0,-0.000511529185691812,0.0,0.0,0.0,-0.0,0.0,-0.01,1
54.0,272.6099999642207,579.4708563619117,-0.013901519183455124,-0.008600758326264425,0.0,43.74623113899196,1e-06,0.0,0.0,-0.0004686159361845963,0.0,0.0,0.0,-0.0,0.0,-0.01,1
55.0,272.59999996422073,579.4495991771561,-0.013218662551828407,-0.0078170930444459,0.0,43.96358197795116,1e-06,0.0,0.0,-0.0004257078082884408,0.0,0.0,0.0,-0.0,0.0,-0.01,1
56.0,272.58999996422074,579.4283419924004,-0.012535275125735483,-0.007032748813118651,0.0,44.18200308645355,1e-06,0.0,0.0,-0.0003828048135078046,0.0,0.0,0.0,-0.0,0.0,-0.01,1
57.0,272.57999996422075,579.4070848076448,-0.011851356450146417,-0.006247724995114407,0.0,44.40149963878807,1e-06,0.0,0.0,-0.0003399069633480349,0.0,0.0,0.0,-0.0,0.0,-0.01,1
58.0,272.56999996422076,579.3858276228891,-0.011166906069606942,-0.005462020952612485,0.0,44.62207683330407,1e-06,0.0,0.0,-0.0002970142693143346,0.0,0.0,0.0,-0.0,0.0,-0.01,1
59.0,272.55999996422076,579.3645704381335,-0.010481923528237132,-0.004675636047147297,0.0,44.84373989251359,1e-06,0.0,0.0,-0.0002541267429121983,0.0,0.0,0.0,-0.0,0.0,-0.01,1
60.0,272.5499999642208,579.3433132533778,-0.009796408369731571,-0.0038885696396249053,0.0,45.06649406319402,1e-06,0.0,0.0,-0.0002112443956483385,0.0,0.0,0.0,-0.0,0.0,-0.01,1
61.0,272.5399999642208,579.3220560686221,-0.00911036013735841,-0.0031008210902939075,0.0,45.290344616491126,1e-06,0.0,0.0,-0.00016836723902912277,0.0,0.0,0.0,-0.0,0.0,-0.01,1
62.0,272.5299999642208,579.3007988838665,-0.008423778373959358,-0.0023123897587650757,0.0,45.51529684802235,1e-06,0.0,0.0,-0.00012549528456166825,0.0,0.0,0.0,-0.0,0.0,-0.01,1
63.0,272.5199999642208,579.2795416991108,-0.007736662621949095,-0.001523275004001061,0.0,45.7413560779805,1e-06,0.0,0.0,-8.262854375330513e-05,0.0,0.0,0.0,-0.0,0.0,-0.01,1
64.0,272.5099999642208,579.2582845143552,-0.0070490124233148965,-0.0007334761843201156,0.0,45.96852765123775,1e-06,0.0,0.0,-3.976702811180381e-05,0.0,0.0,0.0,-0.0,0.0,-0.01,1
65.0,272.4999999642208,579.2370254499424,-0.006360827319616243,5.700734261251094e-05,0.0,46.196816937449995,1e-06,3.089250855067792e-06,0.0,3.089250855067792e-06,0.0,5.231539688305842e-12,0.0,1.5694619064917526e-11,4.425726410942912e-08,-0.009999955742735891,1
66.0,272.4900000084781,579.2157682560787,-0.00567211328940472,0.0008481693063965682,0.0,46.4262283133518,1e-06,3.104121744303195e-06,0.0,1.4870889235403376e-08,0.0,5.333810548402297e-12,0.0,7.66579204054916e-14,2.1616770788971463e-10,-0.009999999783832291,1
67.0,272.4800000086943,579.1945110533226,-0.00498285703472823,0.001640024137877538,0.0,46.65676922409778,1e-06,3.132724255361606e-06,0.0,2.8602511058410847e-08,0.0,5.5098416349449716e-12,0.0,1.5091845957129896e-13,4.2557503922891663e-10,-0.009999999574424961,1
68.0,272.4700000091199,579.1732538412399,-0.0042930645276478985,0.0024325655746623392,0.0,46.88844410158048,1e-06,3.1747407758237773e-06,0.0,4.2016520462171435e-08,0.0,5.762999432997775e-12,0.0,2.288135007216798e-13,6.452313045226274e-10,-0.009999999354768696,1
69.0,272.4600000097651,579.1519966192878,-0.0036027353095670553,0.003225794259988291,0.0,47.12125841532988,1e-06,3.229693730029429e-06,0.0,5.495295420565171e-08,0.0,6.097598804829647e-12,0.0,3.112503189736077e-13,8.776949293245813e-10,-0.009999999122305071,1
70.0,272.4500000106428,579.1307393868219,-0.0029118689218367447,0.004019710837347099,0.0,47.355217660121056,1e-06,3.2969729577632267e-06,0.0,6.727922773379767e-08,0.0,6.518864247245957e-12,0.0,3.9907893501837097e-13,1.125362887405038e-09,-0.009999998874637112,1
71.0,272.4400000117681,579.109482143104,-0.002220464905736805,0.004814315950475415,0.0,47.59032735608169,1e-06,3.3758683296645617e-06,0.0,7.889537190133488e-08,0.0,7.032878831878558e-12,0.0,4.930834411719051e-13,1.3904462410758002e-09,-0.00999999860955376,1
72.0,272.4300000131586,579.0882248873102,-0.0015285228024458657,0.005609610243425642,0.0,47.826593048802756,1e-06,3.4656038188079216e-06,0.0,8.973548914336004e-08,0.0,7.64652530800495e-12,0.0,5.939784735667756e-13,1.6749601931226287e-09,-0.009999998325039807,1
73.0,272.42000001483353,579.0669676185396,-0.0008360421530076088,0.006405594360572354,0.0,48.06402030945086,1e-06,3.565369738676063e-06,0.0,9.976591986814148e-08,0.0,8.367423715421547e-12,0.0,7.024099477033606e-13,1.9807261609863917e-09,-0.009999998019273839,1
74.0,272.41000001681425,579.0457103358219,-0.00014302249831289458,0.007202268946649972,0.0,48.30261473487581,1e-06,3.6743507968966104e-06,0.0,1.0898105822054729e-07,0.0,9.20386916029984e-12,0.0,8.189588770294766e-13,2.3093825447776483e-09,-0.009999997690617456,1
75.0,272.40000001912364,579.0242067094588,0.0005505366209298104,0.007999634646766422,5003000.0,48.54238194772253,1.0306304195540894e-06,3.7917486858147232e-06,3.06304195540895e-08,1.173978889181128e-07,2.294182604152988e-08,1.0164772494963518e-11,2.0454987849855035e-09,9.44147092373984e-13,5.0909678361428325e-06,-0.009994909032163858,1
76.0,272.39000511009147,579.0023371124103,0.0012438376949011323,0.008796837846962734,5003000.0,48.783204695382764,1.0977449757391884e-06,3.916786771958086e-06,6.711455618509903e-08,1.2503808614336203e-07,2.77219315197836e-08,1.1259472901583338e-11,5.0846376116396695e-09,1.0783300377823791e-12,1.2651393051170398e-05,-0.00998734860694883,1
77.0,272.3800177614845,578.9800183689077,0.0019364915222635103,0.009593461757517449,5003000.0,49.02502684690607,1.195797648739725e-06,4.048729453392343e-06,9.80526730005367e-08,1.3194268143425755e-07,3.58337448994242e-08,1.2497756426960531e-11,8.814855443253977e-09,1.2218555331009441e-12,2.1930946613647513e-05,-0.009978069053386353,1
78.0,272.37003969243113,578.9571555799955,0.002628225973159848,0.010389214782453138,5003000.0,49.267809461782406,1.3179044254682728e-06,4.186891446146579e-06,1.2210677672854784e-07,1.3816199275423608e-07,4.79701262182829e-08,1.3889809880632526e-11,1.3333616714341494e-08,1.3750371869697267e-12,3.317207824999166e-05,-0.009966827921750009,1
79.0,272.3600728645094,578.9336489742889,0.0033187300255030634,0.011183763566305233,5003000.0,49.511506837646365,1.4577383051755183e-06,4.33064076557644e-06,1.3983387970724553e-07,1.4374931942986045e-07,6.49169055887872e-08,1.544616138075886e-11,1.8681506964947533e-08,1.5381385618063369e-12,4.647574775826168e-05,-0.009953524252241738,1
80.0,272.35011934025715,578.9093965798962,0.004007675881802612,0.011976756660572453,5003000.0,49.75606984215002,1.6103287303296552e-06,4.479399234002411e-06,1.5259042515413689e-07,1.4875846842597064e-07,8.75110180718543e-08,1.717763332119577e-11,2.4876927055487618e-08,1.7113802257099466e-12,6.188772904505344e-05,-0.009938112270954947,1
81.0,272.3401812279862,578.8842952242816,0.004694727600053966,0.012767833759782585,5003000.0,50.001447209735566,1.7720623245430013e-06,4.632641105797768e-06,1.6173359421334615e-07,1.5324187179535682e-07,1.1661544902809418e-07,1.909530012156188e-11,3.1929975798646234e-08,1.8949446760251493e-12,7.943314404957954e-05,-0.00992056685595042,1
82.0,272.33026066113024,578.8582411505906,0.005379544323906588,0.013556629157918339,5003000.0,50.24758601933571,1.94039224224139e-06,4.78989040936304e-06,1.683299176983889e-07,1.5724930356527233e-07,1.5310441029664224e-07,2.121044979944837e-11,3.984563361486793e-08,2.08898002306046e-12,9.912438229507978e-05,-0.00990087561770492,1
83.0,272.32035978551255,578.8311305556504,0.006061782279538024,0.014342773885794732,5003000.0,50.49443198941754,2.113531840146545e-06,4.950717522575076e-06,1.7313959790515478e-07,1.608271132120361e-07,1.9785430152169307e-07,2.3534548854883922e-11,4.862441183790632e-08,2.293603019654741e-12,0.00012096271608529703,-0.009879037283914703,1
84.0,272.31048074822866,578.8028600645224,0.006741096527327799,0.015125897587055655,5003000.0,50.74192974216853,2.2902163758563002e-06,5.114735373776274e-06,1.7668453570975549e-07,1.6401785120119872e-07,2.5173793147901647e-07,2.60792100266634e-11,5.826287858142761e-08,2.5089016402660856e-12,0.00014493960863762938,-0.00985506039136237,1
85.0,272.3006256878373,578.7733271304186,0.007417142515463293,0.01590563018312327,5003000.0,50.990023043314515,2.469536293603201e-06,5.28159554389037e-06,1.7931991774690061e-07,1.6686017011409553e-07,3.156206076901199e-07,2.885616249474686e-11,6.875427774455655e-08,2.734937279483619e-12,0.00017103825390412083,-0.00982896174609588,1
86.0,272.2907967260912,578.742430364231,0.008089577397782835,0.016681603286566236,5003000.0,51.238655010670044,2.650825091995114e-06,5.450984452490853e-06,1.8128879839191287e-07,1.69388908600483e-07,3.903573227465039e-07,3.1877224140583815e-11,8.008911285535123e-08,2.971746619412427e-12,0.0001992350289236791,-0.009800764971076322,1
87.0,272.2809959611201,578.7100698062814,0.008758061128415711,0.017453451376163907,5003000.0,51.487768292408006,2.833584655028628e-06,5.622619741501919e-06,1.827595630335137e-07,1.7163528901106662e-07,4.7679060382536313e-07,3.5154275530439993e-11,9.225562637661322e-08,3.2193432161731098e-12,0.0002295006861295599,-0.00977049931387044,1
88.0,272.27122546180624,578.6761471535985,0.009422257373109947,0.0182208127762197,5003000.0,51.73730522050061,3.0174353290380642e-06,5.7962469206238495e-06,1.838506740094363e-07,1.7362717912192993e-07,5.757487779624766e-07,3.869923534276465e-11,1.0524016856618634e-07,3.477718854332415e-12,0.0002618012709161184,-0.009738198729083882,1
89.0,272.26148726307713,578.640565953712,0.010081834279747433,0.018983330485595834,5003000.0,51.98720794541412,3.2020821806392697e-06,5.971636304197722e-06,1.846468516012054e-07,1.753893835738725e-07,6.880445094229158e-07,4.2524037012878585e-11,1.190274751796724e-07,3.746844713325178e-12,0.0002960988124448742,-0.009703901187555127,1
90.0,272.2517833618896,578.6032317731423,0.010736465143120598,0.019740652893939278,5003000.0,52.2374185571257,3.3872918700484673e-06,6.148580246258155e-06,1.8520968940919755e-07,1.7694394206043278e-07,8.144735242865224e-07,4.664060641429343e-11,1.3360087726626545e-07,4.026672383786444e-12,0.00033235184552756153,-0.00966764815447244,1
91.0,272.24211571373513,578.5640523464,0.011385828990199982,0.020492434413056964,5003000.0,52.48787919628275,3.5728765577436747e-06,6.3268906658749205e-06,1.855846876952073e-07,1.7831041961676545e-07,9.558134712409073e-07,5.1060840435451064e-11,1.4894246276490727e-07,4.3171347656460265e-12,0.0003705158126091483,-0.009629484187390852,1
92.0,272.23248622954776,578.5229377095219,0.01202961110435433,0.02123833604331631,5003000.0,52.738532158152445,3.7586825323943166e-06,6.506396846135126e-06,1.8580597465064187e-07,1.7950618026020588e-07,1.1128228874581994e-06,5.5796586343836334e-11,1.6503320466865693e-07,4.6181468743750286e-12,0.0004105433825869496,-0.009589456617413051,1
93.0,272.22289677293037,578.4798003209133,0.012667503501356973,0.021978025888646845,5003000.0,52.98931999118946,3.944582053981272e-06,6.68694348543479e-06,1.8589952158695532e-07,1.8054663929966376e-07,1.2862402503176797e-06,6.085962185700448e-11,1.8185306623697193e-07,4.9296065770246636e-12,0.0004523847125347951,-0.009547615287465205,1
94.0,272.2133491576429,578.4345551713909,0.0132992053659191,0.02271117962952156,5003000.0,53.240185591431214,4.130467418963223e-06,6.868388977789204e-06,1.8588536498195126e-07,1.8144549235441336e-07,1.476783102962783e-06,6.626163586278546e-11,1.9938109050305984e-07,5.251395275752954e-12,0.0004959876703600608,-0.00950401232963994,1
95.0,272.20384514531327,578.3871198847253,0.013924423454644314,0.023437480960214488,5003000.0,53.49107229349023,4.31624658358607e-06,7.050603898667924e-06,1.8577916462284723e-07,1.8221492087872013e-07,1.6851472461397416e-06,7.201420974946333e-11,2.1759547902907012e-07,5.583378553199328e-12,0.0005412980307139254,-0.009458701969286075,1
96.0,272.194386443344,578.3374148095753,0.014542872469455929,0.024156621994631488,5003000.0,53.741923958650375,4.501839895221611e-06,7.233469673736933e-06,1.85593311635541e-07,1.8286577506900888e-07,1.9120059915497886e-06,7.81287993218103e-11,2.3647366327845816e-07,5.9254067913218814e-12,0.0005882596525363105,-0.00941174034746369,1
97.0,272.18497470299656,578.2853631034317,0.015154275404109116,0.024868303643470504,5003000.0,53.99268506032674,4.687177622253137e-06,7.416877409382235e-06,1.8533772703152543e-07,1.8340773564530238e-07,2.1580094736961707e-06,8.46167172908544e-11,2.5599237088976684e-07,6.277315772978488e-12,0.000636814643917729,-0.009363185356082271,1
98.0,272.17561151764045,578.2308908090013,0.015758363865647777,0.025572235964715678,5003000.0,54.24330076705717,4.872198066792971e-06,7.6007268656886e-06,1.8502044453983424e-07,1.8384945630636447e-07,2.423784018309345e-06,9.148911633493402e-11,2.7612768839957525e-07,6.638927273676011e-12,0.0006869035181281908,-0.00931309648187181,1
99.0,272.16629842115856,578.1739269233373,0.01635487837196193,0.02626813848862024,5003000.0,54.4937170230642,5.0568461078858365e-06,7.784925554449758e-06,1.8464804109286532e-07,1.8419868876115773e-07,2.70993156611977e-06,9.875697273703889e-11,2.9685512145569505e-07,7.010049649268499e-12,0.000738465343402929,-0.009261534656597072,1
100.0,272.15703688650194,578.1144034599373,0.01694356862627968,0.026955740518098473,5003000.0,54.74388062639082,5.2410720662498855e-06,7.96938794666936e-06,1.8422595836404873e-07,1.844623922196011e-07,3.0170291511660494e-06,1.0643107060927703e-10,3.181496532160092e-07,7.390478424112431e-12,0.0007914378882148029,-0.009208562111785197,1
101.0,272.14782832439016,578.052255503976,0.017524193769076945,0.027634781405022645,5003000.0,54.99373930454162,5.424830811709939e-06,8.154034775798256e-06,1.8375874546005356e-07,1.8464682912889553e-07,3.345628433066295e-06,1.1452198671956686e-10,3.39985801386843e-07,7.779996883042248e-12,0.0008457577631624617,-0.009154242236837539,1
102.0,272.13867408215333,577.987421260805,0.018096522607791588,0.028305010802745424,5003000.0,55.24324178755942,5.608081055617588e-06,8.338792424604227e-06,1.8325024390764902e-07,1.8475764880597153e-07,3.6962552828043424e-06,1.230400759387757e-10,3.6233767418911184e-07,8.178376669605846e-12,0.0009013605601913047,-0.009098639439808695,1
103.0,272.12957544271353,577.9198420978314,0.01866033382456042,0.028966188895141815,5003000.0,55.49233787842876,5.790784785572824e-06,8.523592385067797e-06,1.8270372995523544e-07,1.847999604635703e-07,4.069409421626229e-06,1.3199545732855737e-10,3.851790254224805e-07,8.585378392244972e-12,0.0009581809895707114,-0.009041819010429289,1
104.0,272.1205336237031,577.8494625798755,0.019215416162178832,0.029618086602301398,5003000.0,55.74097852070459,5.97290681055414e-06,8.708370782037328e-06,1.8212202498131658e-07,1.847783969695305e-07,4.465564112633723e-06,1.4139800089134352e-10,4.084833087164627e-07,9.000752239428489e-12,0.0010161530148487595,-0.00898384698515124,1
105.0,272.111549776718,577.7762304981051,0.01976156858843293,0.03026048576306158,5003000.0,55.989115863250554,6.154414392400706e-06,8.893067952564509e-06,1.8150758184656615e-07,1.846971705271812e-07,4.8851659046169765e-06,1.5125731500438492e-10,4.3222373099925733e-07,9.424238604223955e-12,0.0010752099858610425,-0.008924790014138958,1
106.0,272.10262498670386,577.7000968926436,0.020298600438942594,0.030893179294439195,5003000.0,56.23670332197219,6.3352769453382345e-06,9.077628073886016e-06,1.8086255293752827e-07,1.845601213215069e-07,5.328634427599607e-06,1.615827345595388e-10,4.56373305174435e-07,9.855568718295052e-12,0.0011352847697689902,-0.00886471523023101,1
107.0,272.0937602714736,577.6210160689556,0.020826331538683775,0.03151597132820019,5003000.0,56.48369563843691,6.515465789496852e-06,9.2619988339327e-06,1.8018884415861752e-07,1.8437076004668412e-07,5.796362239485804e-06,1.7238330982982435e-10,4.809049019678416e-07,1.0294465294979768e-11,0.0011963098800340792,-0.00880369011996592,1
108.0,272.08495658135365,577.5389456081173,0.021344592302367203,0.03212867732464568,5003000.0,56.73004893527787,6.694953947549888e-06,9.446131139045138e-06,1.7948815805303622e-07,1.8413230511243877e-07,6.2887147231053935e-06,1.8366779608259584e-10,5.057913008875641e-07,1.074064318072605e-11,0.0012582176031857555,-0.008741782396814245,1
109.0,272.0762147989568,577.4538463710908,0.021853223813882217,0.03273112416393727,5003000.0,56.97572076828164,6.8737159759996395e-06,9.629978854269128e-06,1.7876202844975122e-07,1.8384771522399028e-07,6.806030032853948e-06,1.9544464395767825e-10,5.310052402271222e-07,1.1193810013961598e-11,0.0013209401232093382,-0.008679059876790662,1
110.0,272.06753573908003,577.3656824971273,0.02235207788504822,0.033323150215069444,5003000.0,57.22067017507187,7.051727824457567e-06,9.813498572206417e-06,1.7801184845792777e-07,1.8351971793728822e-07,7.348619090023979e-06,2.0772199062694183e-10,5.565194660341314e-07,1.1653666890173327e-11,0.0013844096433604928,-0.008615590356639507,1
111.0,272.0589201487234,577.2744213964368,0.02284101709397389,0.03390460538287062,5003000.0,57.46485772031622,7.228966717661207e-06,9.99664940691888e-06,1.7723889320363932e-07,1.8315083471246364e-07,7.916765625822722e-06,2.2050765174974743e-10,5.823067799629052e-07,1.2119909031870044e-11,0.001448558505203442,-0.008551441494796558,1
112.0,272.05036870722864,577.1800337372688,0.02331991480332917,0.034475351133381134,5003000.0,57.70824553737946,7.405411056045708e-06,1.0179392809836984e-05,1.7644433838450118e-07,1.827434029181026e-07,8.510726270972622e-06,2.338091142363498e-10,6.083400859270635e-07,1.259222646193438e-11,0.0015133193046641311,-0.008486680695335869,1
113.0,272.0418820265333,577.0824934275613,0.023788655158906723,0.03503526049785902,5003000.0,57.95079736637168,7.581040331523688e-06,1.0361692405014578e-05,1.7562927547797972e-07,1.822995951775936e-07,9.130730690695115e-06,2.4763352982887604e-10,6.345924354694851e-07,1.3070304678709235e-11,0.0015786250048927084,-0.008421374995107292,1
114.0,272.0334606515382,576.9817775913227,0.024247133068882137,0.03558421805603148,5003000.0,58.19247858854452,7.755835055780523e-06,1.0543513841412623e-05,1.747947242568349e-07,1.8182143639804475e-07,9.776981763786787e-06,2.6198770950694987e-10,6.610370717688879e-07,1.3553825331196746e-11,0.0016444090457345358,-0.008355590954265465,1
115.0,272.02510506058394,576.8778665399216,0.02469525416422623,0.036122119898837894,5003000.0,58.43325625700469,7.929776698906474e-06,1.0724824660187296e-05,1.7394164312595116e-07,1.8131081877467265e-07,1.0449655804410645e-05,2.768781187222743e-10,6.876474722057965e-07,1.4042466892540285e-11,0.001710605449617577,-0.008289394550382424,1
116.0,272.01681566603355,576.7707437384662,0.025132934740771423,0.03664887357141678,5003000.0,58.673099123726594,8.10284763659423e-06,1.0905594175214118e-05,1.730709376877566e-07,1.8076951502682123e-07,1.1148902825144731e-05,2.9231087346383727e-10,7.143973894152483e-07,1.4535905330097311e-11,0.0017771489236754492,-0.00822285107632455,1
117.0,272.00859281495724,576.6603957674673,0.025560101683412946,0.037164397996668624,5003000.0,58.91197766283819,8.275031104454325e-06,1.1085793365299695e-05,1.7218346786009578e-07,1.801991900855768e-07,1.1874846839754337e-05,3.0829173715244297e-10,7.412608907569406e-07,1.5033814770218904e-11,0.0018439749579337416,-0.00815602504206626,1
118.0,272.00043678991517,576.5468122799801,0.02597669237308043,0.037668623380164565,5003000.0,59.14986409020907,8.446311158260972e-06,1.126539477672552e-05,1.712800538066469e-07,1.7960141142582578e-07,1.2627586204087604e-05,3.248261183607577e-10,7.682123961424761e-07,1.553586815601727e-11,0.001911019919409497,-0.008088980080590504,1
119.0,271.9923478098346,576.4299859544321,0.02638265457701426,0.03816149109693375,5003000.0,59.38673237933072,8.616672639149366e-06,1.1444372434934578e-05,1.70361480888394e-07,1.789776582090572e-07,1.3407193993431129e-05,3.4191906935201963e-10,7.952267141615783e-07,1.6041737896306375e-11,0.0019782211419792474,-0.008021778858020752,1
120.0,271.9843260309766,576.3099124433472,0.02677794632302689,0.038642953560811426,5003000.0,59.6225582735345,8.786101142954924e-06,1.1622701764316682e-05,1.6942850380555734e-07,1.7832932938210396e-07,1.421371841460865e-05,3.595752854280624e-10,8.222790764587253e-07,1.6551096503989547e-11,0.002045517011894831,-0.00795448298810517,1
121.0,271.9763715479885,576.1865903181814,0.027162535758375125,0.039112974077119854,5003000.0,59.85731929457262,8.954582993022126e-06,1.1800359515175207e-05,1.6848185006720145e-07,1.7765775085852558e-07,1.5047183251057519e-05,3.777991050745209e-10,8.493451703157764e-07,1.7063617222235097e-11,0.0021128470488364667,-0.007887152951163533,1
122.0,271.9684843950373,576.0600210104919,0.027536400993934614,0.039571526679306246,5003000.0,60.09099474761309,9.122105215922954e-06,1.197732369706754e-05,1.6752222290082888e-07,1.7696418189233234e-07,1.5907588339076837e-05,3.9659451088854553e-10,8.764011694039085e-07,1.7578974636770745e-11,0.002180151982411833,-0.007819848017588168,1
123.0,271.96066454701975,575.930208749662,0.027899529934399463,0.040018595950353335,5003000.0,60.323565722712814,9.288655519617106e-06,1.2153573517808077e-05,1.665503036941518e-07,1.762498207405372e-07,1.679491007340808e-05,4.1596513127192454e-10,9.034237626752006e-07,1.809684527276707e-11,0.0022473738240273676,-0.007752626175972633,1
124.0,271.95291192084375,575.7971604974083,0.02825192009524262,0.04045417682977778,5003000.0,60.55501509284082,9.454222273662063e-06,1.2329089327506853e-05,1.655667540449557e-07,1.755158096987761e-07,1.770910194028245e-05,4.3591424287017524e-10,9.303901813707018e-07,1.8616908174853653e-11,0.0023144559340741513,-0.007685544065925849,1
125.0,271.94522637677784,575.660885879299,0.028593578407118948,0.04087827440689735,5003000.0,60.78532750850775,9.618794491143525e-06,1.2503852567089933e-05,1.6457221748146212e-07,1.747632395830798e-07,1.8650095076047485e-05,4.5644477373570034e-10,9.57278224126091e-07,1.9138845468820645e-11,0.0023813430843813792,-0.0076186569156186205,1
126.0,271.9376077198622,575.5213971135133,0.028924521008580437,0.04129090370133281,5003000.0,61.014489389128315,9.782361812049502e-06,1.2677845720812894e-05,1.6356732090597751e-07,1.7399315372296018e-07,1.9617798849475714e-05,4.775593071915097e-10,9.840662801682336e-07,1.9662342903793032e-11,0.0024479815159207693,-0.0075520184840792304,1
127.0,271.93005570137814,575.3787089370693,0.029244773027766083,0.04169208943141999,5003000.0,61.24248891117446,9.944914487854154e-06,1.2851052272334643e-05,1.625526758046528e-07,1.7320655152175026e-07,2.0612101465848254e-05,4.992600863694705e-10,1.0107333505952346e-06,2.0187090373603456e-11,0.002514318991743488,-0.007485681008256513,1
128.0,271.9225700203699,575.2328385297527,0.02955436835391129,0.04208186577150199,5003000.0,61.469315993246,1.0106443367114264e-05,1.302345666396914e-05,1.6152887926010926e-07,1.7240439163449634e-07,2.1632870590908133e-05,5.215490193957486e-10,1.0372590677444586e-06,2.071278241634388e-11,0.0025803048451607112,-0.007419695154839289,1
129.0,271.91515032521505,575.0838054359727,0.029853349399459148,0.04246027609885693,5003000.0,61.69496227817078,1.0266939881911695e-05,1.3195044258775911e-05,1.604965147974317e-07,1.71587594806771e-07,2.2679953992784327e-05,5.444276851943169e-10,1.0636237126568833e-06,2.1239118691075217e-11,0.0026458900231886356,-0.007354109976811365,1
130.0,271.90779621523825,574.9316314847721,0.030141766853514006,0.04282737273115599,5003000.0,61.91942111223266,1.0426396035000683e-05,1.3365801305189055e-05,1.5945615308898753e-07,1.7075704641314332e-07,2.3753180199997794e-05,5.67897339877792e-10,1.089808230650307e-06,2.1765804430842044e-11,0.0027110271252890786,-0.007288972874710921,1
131.0,271.9005072423635,574.776340708215,0.030419679427496522,0.04318321665526132,5003000.0,62.14268752167946,1.0584804387540865e-05,1.353571490391819e-05,1.5840835254018126e-07,1.6991359872913564e-07,2.4852359173680945e-05,5.919589236939851e-10,1.1157942450236313e-06,2.2292550871226313e-11,0.0027756704374609425,-0.007224329562539058,1
132.0,271.893282912801,574.617959258375,0.03068715359370967,0.0435278772482624,5003000.0,62.36475818661053,1.0742158047315012e-05,1.3704772976885078e-05,1.5735365977414595e-07,1.6905807296688708e-07,2.597728299216258e-05,6.166130684949806e-10,1.1415640689145757e-06,2.2819075653813667e-11,0.002839775961738151,-0.007160224038261849,1
133.0,271.8861226887627,574.4565153231379,0.030944263317673176,0.0438614319915686,5003000.0,62.585631412407636,1.0898450657346425e-05,1.387296423798603e-05,1.5629261003141346e-07,1.6819126110095237e-07,2.7127726546101178e-05,6.418601056951605e-10,1.167100715343591e-06,2.33451032040428e-11,0.0029033014411755796,-0.007096698558824421,1
134.0,271.8790259902039,574.2920390410354,0.03119108978491525,0.044183966178828096,5003000.0,62.80530709881467,1.1053676384843877e-05,1.404027816549351e-05,1.5522572749745213e-07,1.6731392750748114e-07,2.830344824237971e-05,6.67700074683242e-10,1.1923879054756478e-06,2.3870365082976605e-11,0.002966206380401756,-0.007033793619598244,1
135.0,271.8719921965843,574.1245624153155,0.031427721123061664,0.044495572618639505,5003000.0,63.023786706836205,1.1207829910413715e-05,1.4206704975931633e-05,1.5415352556983876e-07,1.664268104381218e-07,2.9504190715015226e-05,6.941327316534846e-10,1.21741007514182e-06,2.439460031277546e-11,0.0030284520618426235,-0.006971547938157376,1
136.0,271.8650206486461,573.9541192274537,0.03165425211991821,0.0447963513327374,5003000.0,63.24107322357878,1.1360906417488228e-05,1.4372235599278233e-05,1.530765070745133e-07,1.6553062334660007e-07,3.072968154137654e-05,7.211575588202893e-10,1.2421523796618164e-06,2.4917555675603404e-11,0.003090001557718732,-0.006909998442281268,1
137.0,271.85811065020386,573.780744950303,0.03187078393829747,0.045086409250468355,5003000.0,63.45717112518469,1.1512901581927763e-05,1.4536861655362672e-05,1.5199516443953516e-07,1.6462605608443891e-07,3.197963396204924e-05,7.487737739804262e-10,1.2666006970148832e-06,2.5438985985888843e-11,0.0031508197379338226,-0.006849180262066178,1
138.0,271.8512614699418,573.6044766610723,0.03207742382833156,0.045365859900447926,5003000.0,63.672086338014374,1.166381156176136e-05,1.4700575431343444e-05,1.509099798335965e-07,1.6371377598077102e-07,3.3253747602737375e-05,7.769803403871932e-10,1.2907416294102374e-06,2.595865433602027e-11,0.0032108732739820718,-0.006789126726017928,1
139.0,271.8444723432158,573.4253529543205,0.032274284837923405,0.04563482309996513,5003000.0,63.885826198205045,1.1813632987036573e-05,1.4863369860161925e-05,1.4982142527521253e-07,1.6279442881848072e-07,3.455170919664148e-05,8.057759769004609e-10,1.3145625033084846e-06,2.6476332315476964e-11,0.0032701306390019837,-0.0067298693609980165,1
140.0,271.8377424738548,573.2434138551415,0.032461485522068005,0.04589342464307257,5003000.0,64.09839940977228,1.196236294975469e-05,1.5025238499880833e-05,1.4872996271811782e-07,1.618686397189082e-07,3.58731933058097e-05,8.351591683773582e-10,1.338051367952096e-06,2.6991800203721845e-11,0.00332856210412141,-0.006671437895878591,1
141.0,271.8310710359589,573.0587007327144,0.032639149651669974,0.046141795987936496,5003000.0,64.30981600138826,1.2109998993871952e-05,1.5186175513825689e-05,1.4763604411726288e-07,1.6093701394485639e-07,3.721786304001519e-05,8.65128176268291e-10,1.3611969924621197e-06,2.7504847137072857e-11,0.003386139731235906,-0.006613860268764094,1
142.0,271.82445717569016,572.8712562143805,0.032807405922507214,0.04638007394418968,5003000.0,64.52008728198571,1.2256539105351348e-05,1.5346175651456906e-05,1.465401114793962e-07,1.6000013763121882e-07,3.858537077177311e-05,8.956810493837156e-10,1.3839888615622496e-06,2.801527124996718e-11,0.003442837362372484,-0.006557162637627517,1
143.0,271.8179000130525,572.681124100404,0.0329663876649549,0.04660840036099134,5003000.0,64.72922579533349,1.240198170225296e-05,1.5505234229908403e-05,1.454425969016126e-07,1.590585784514969e-07,3.997535884617254e-05,9.268156347977532e-10,1.406417169992676e-06,2.852287979110844e-11,0.0034986306057940477,-0.0065013693942059525,1
144.0,271.8113986436583,572.4883492795651,0.033116232555052035,0.046826921816353236,5003000.0,64.93724527372069,1.254632562485371e-05,1.566334711613559e-05,1.4434392260075028e-07,1.5811288622718775e-07,4.1387460284261344e-05,9.5852958885536e-10,1.4284728156773084e-06,2.9027489214988158e-11,0.0035534968190026927,-0.0064465031809973075,1
145.0,271.8049521404773,572.2929776457274,0.03325708232749392,0.04703578930841783,5003000.0,65.14416059089886,1.2689570125789938e-05,1.5820510709622363e-05,1.4324450093622858e-07,1.571635934867713e-07,4.2821299478787935e-05,9.908203882508893e-10,1.450147391710305e-06,2.952892524943996e-11,0.0036074150888058903,-0.0063925849111941095,1
146.0,271.79855955556616,572.0950560155106,0.03338908249104277,0.04723515794922306,5003000.0,65.34998771439867,1.2831714860218224e-05,1.597672192560227e-05,1.4214473442828648e-07,1.5621121597990767e-07,4.427649288116674e-05,1.023685341146409e-09,1.4714331772259312e-06,3.002702293986237e-11,0.0036603662086048157,-0.0063396337913951845,1
147.0,271.79221992177474,571.8946320471953,0.033512382046927795,0.047425186661567864,5003000.0,65.55474365737996,1.2972759875991957e-05,1.6131978178754463e-05,1.410450157737332e-07,1.5525625315219429e-07,4.57526496786039e-05,1.057121598299889e-09,1.4923231272209155e-06,3.052162667089072e-11,0.00371233265307689,-0.00628766734692311,1
148.0,271.78593225442785,571.6917541609756,0.03362713321064503,0.0476060378794071,5003000.0,65.75844643011524,1.311270560385244e-05,1.6286277367339233e-05,1.3994572786048371e-07,1.5429918858476952e-07,4.724937246038252e-05,1.0911261641736514e-09,1.5128108613930877e-06,3.10125901662288e-11,0.0037632985504111945,-0.006236701449588806,1
149.0,271.77969555297824,571.48647146067,0.033733491137696414,0.0477778772523869,5003000.0,65.96111499126664,1.3251552847635022e-05,1.6439617857742477e-05,1.3884724378258203e-07,1.5334049040324282e-07,4.876625787237766e-05,1.125695907995752e-09,1.5328906520669462e-06,3.149977646755886e-11,0.0038132496522725124,-0.006186750347727488,1
150.0,271.7735088026305,571.27883365699,0.03383161365359552,0.04794087335489802,5003000.0,66.1627691990365,1.3389302774491466e-05,1.6591998469401808e-05,1.3774992685644345e-07,1.523806116593297e-07,5.0302897258933636e-05,1.160827574746977e-09,1.5525574112685958e-06,3.198305789332766e-11,0.0038621733016493123,-0.006137826698350688,1
151.0,271.7673709759321,571.0688909924597,0.03392166098862577,0.04809519740011996,5003000.0,66.36342976234481,1.3525956905131108e-05,1.6743418460090386e-05,1.36654130639642e-07,1.514199906885778e-07,5.185887729130596e-05,1.1965177960487572e-09,1.571806677020297e-06,3.246231597835412e-11,0.003910058398760423,-0.006089941601239577,1
152.0,271.76128103433086,570.8566941680741,0.034003795517668856,0.04824102295946724,5003000.0,66.56311819212384,1.3661517104083942e-05,1.6893877511537503e-05,1.3556019895283375e-07,1.5045905144711556e-07,5.343378058193426e-05,1.2327631009277318e-09,1.5906345989180927e-06,3.2937441395189364e-11,0.003956895365178254,-0.006043104634821746,1
153.0,271.755237929696,570.6422942717693,0.034078181505453484,0.048378525687744034,5003000.0,66.76185675283995,1.3795985569989463e-05,1.7043375715367305e-05,1.3446846590552105e-07,1.4949820382980374e-07,5.502718628387776e-05,1.2695599264344438e-09,1.6090379230577922e-06,3.340833385814204e-11,0.00400267610633098,-0.0059973238936690204,1
154.0,271.74924060580236,570.4257427087779,0.03414498485754672,0.048507883054501946,5003000.0,66.95966841434836,1.3929364825915702e-05,1.7191913559339863e-05,1.3337925592623883e-07,1.4853784397255867e-07,5.663867067480876e-05,1.3069046280952293e-09,1.6270139763736118e-06,3.3874902011049564e-11,0.0040473939725436114,-0.005952606027456389,1
155.0,271.7432879997749,570.2070911339308,0.0342043728773703,0.04862927408170815,5003000.0,67.15657680417561,1.406165770971329e-05,1.733949191388012e-05,1.3229288379758703e-07,1.4757835454025973e-07,5.8267807725023486e-05,1.344793490177551e-09,1.64456065045204e-06,3.4337063299644037e-11,0.004091043718773622,-0.005908956281226378,1
156.0,271.73737904349366,569.9863913859602,0.034256514029491925,0.0487428790881813,5003000.0,67.35260616031725,1.419286736440971e-05,1.748611201888271e-05,1.3120965469642187e-07,1.466201050025894e-07,5.991416964898954e-05,1.383222735750574e-09,1.661676384881875e-06,3.4794743829625204e-11,0.004133621463192736,-0.005866378536807264,1
157.0,271.7315126649569,569.7636954238518,0.034301577709417275,0.04884887944095418,5003000.0,67.54778128463495,1.4322997228649158e-05,1.763177547078183e-05,1.3012986423944737e-07,1.4566345189911986e-07,6.157732744001e-05,1.4221885365242069e-09,1.6783601501999796e-06,3.524787821137462e-11,0.004175124644762986,-0.0058248753552370145,1
158.0,271.72568778960164,569.5390552652872,0.034339734020129596,0.04894745731382998,5003000.0,67.74212749694901,1.445205102718371e-05,1.7776484209877022e-05,1.2905379853455047e-07,1.447087390951899e-07,6.325685138764428e-05,1.4616870224516673e-09,1.6946114304929668e-06,3.56964093923463e-11,0.004215551979956851,-0.00578444802004315,1
159.0,271.7199033415816,569.3125229272109,0.03437115355548021,0.04903879545332299,5003000.0,67.9356705898704,1.4580032761421427e-05,1.7920240507906825e-05,1.2798173423771842e-07,1.437562980298028e-07,6.495231157757918e-05,1.5017142910811154e-09,1.7104302057076047e-06,3.6140288478107075e-11,0.0042549034187527954,-0.005745096581247205,1
160.0,271.71415824500036,569.0841503685499,0.03439600719065788,0.04912307695209503,5003000.0,68.12843678447166,1.4706946700037307e-05,1.80630469558633e-05,1.26913938615881e-07,1.428064479564744e-07,6.666327837370181e-05,1.5422664166445289e-09,1.725816933728043e-06,3.657947454298231e-11,0.004293180100050709,-0.005706819899949291,1
161.0,271.7084514251004,568.8539894351054,0.03441446587983297,0.049200485030201774,5003000.0,68.32045268684706,1.4832797369652872e-05,1.8204906452041784e-05,1.2585066961556486e-07,1.418594961784857e-07,6.838932288217797e-05,1.5833394588726127e-09,1.7407725322708824e-06,3.7013934431395026e-11,0.004330384306634213,-0.005669615693365787,1
162.0,271.70278180940704,568.6220918066351,0.03442670046106306,0.049271202824004,5003000.0,68.51174524561007,1.4957589545590136e-05,1.8345822190320412e-05,1.2479217593726318e-07,1.409157382786266e-07,7.013001739738894e-05,1.6249294715257543e-09,1.755298360647655e-06,3.7443642550656025e-11,0.004366519419803111,-0.005633480580196889,1
163.0,271.69714832882687,568.388508946133,0.03443288146859122,0.04933541318310687,5003000.0,68.70234171040303,1.5081328242705762e-05,1.8485797648665346e-05,1.2373869711562697e-07,1.3997545834493405e-07,7.18849358296317e-05,1.6670325106332769e-09,1.7693962014455612e-06,3.786858065634719e-11,0.0044015898738024705,-0.00559841012619753,1
164.0,271.6915499187007,568.1532920513122,0.034433178952563995,0.04939329847523782,5003000.0,68.8922695914516,1.5204018706311015e-05,1.862483657785795e-05,1.2269046360525206e-07,1.390389291926014e-07,7.3653654114532e-05,1.7096446424336027e-09,1.783068242171096e-06,3.828873763108877e-11,0.004435601110159389,-0.005564398889840611,1
165.0,271.68598551981086,567.9164920082887,0.03442776230620735,0.04944504039910701,5003000.0,69.08155662020363,1.532566640318294e-05,1.876294299044055e-05,1.2164769687192557e-07,1.3810641258260087e-07,7.543575060416456e-05,1.7527619510094396e-09,1.7963170569005204e-06,3.870410925757075e-11,0.004468559532036753,-0.0055314404679632475,1
166.0,271.6804540793429,567.6781593474614,0.03441680010051653,0.04949081980538826,5003000.0,69.27023071110789,1.5446277012672245e-05,1.890012114987835e-05,1.2061060948930275e-07,1.3717815943779867e-07,7.723080643991897e-05,1.7963805456138871e-09,1.8091455879809127e-06,3.911469798680646e-11,0.004500472458712813,-0.0054995275412871875,1
167.0,271.6749545518016,567.4383442015749,0.03440045992641527,0.04953081652570937,5003000.0,69.45831992454255,1.556585641791292e-05,1.9036375559934983e-05,1.1957940524067544e-07,1.3625441005663363e-07,7.903840590718742e-05,1.8404965676834727e-09,1.8215571278190818e-06,3.9520512702339304e-11,0.004531348080279307,-0.005468651919720693,1
168.0,271.66948589988186,567.1970962659525,0.03437890824440305,0.049565209209730794,5003000.0,69.64585243093846,1.5684410697138682e-05,1.9171710954259934e-05,1.1855427922576255e-07,1.3533539432495174e-07,8.085813677199025e-05,1.8851061975362384e-09,1.8335553007975416e-06,3.992156848128718e-11,0.0045611954126556515,-0.005438804587344349,1
169.0,271.6640470952945,566.9544647608782,0.034352310241648656,0.04959417517018116,5003000.0,69.83285647611622,1.5801946115110966e-05,1.9306132286185937e-05,1.1753541797228391e-07,1.344213319260026e-07,8.268959059969058e-05,1.9302056607534865e-09,1.8451440453523068e-06,4.031788635291464e-11,0.004590024253005662,-0.005409975746994338,1
170.0,271.6586371195475,566.7104983961038,0.03432082969646953,0.04961789023588983,5003000.0,70.01936034784998,1.5918469114663025e-05,1.943964471873501e-05,1.1652299955205871e-07,1.3351243254907298e-07,8.453236305598233e-05,1.9757912342447776e-09,1.856327596244836e-06,4.0709493055537875e-11,0.0046178451356372234,-0.005382154864362777,1
171.0,271.65325496468313,566.4652453374562,0.03428462885014681,0.04963652861273751,5003000.0,70.20539234368223,1.6033986308364473e-05,1.957225361483191e-05,1.155171937014471e-07,1.3260889609689897e-07,8.638605419036736e-05,2.021859251997129e-09,1.8671104670595683e-06,4.10964207924623e-11,0.004644669288463131,-0.0053553307115368695,1
172.0,271.6478996339716,566.2187531755106,0.03424386828598795,0.04965026275233508,5003000.0,70.39098073999182,1.6148504470310335e-05,1.9703964527723628e-05,1.1451816194586338e-07,1.3171091289171812e-07,8.825026870236695e-05,2.0684061105096935e-09,1.8774974329550532e-06,4.147870698752929e-11,0.004670508590092771,-0.005329491409907229,1
173.0,271.6425701425617,565.9710688963007,0.034198706815550386,0.04965926322852176,5003000.0,70.57615376232884,1.626203052803847e-05,1.9834783191604188e-05,1.1352605772813303e-07,1.3081866388056078e-07,9.012461619073905e-05,2.115428273916553e-09,1.8874935136952669e-06,4.185639404105973e-11,0.004695375527620776,-0.005304624472379224,1
174.0,271.6372655180893,565.7222388540242,0.03414930137192947,0.049663698621403574,5003000.0,70.7609395570199,1.6374571554578937e-05,1.9964715512443596e-05,1.1254102654046667e-07,1.299323208394088e-07,9.200871138599803e-05,2.162922278800785e-09,1.8971039569857028e-06,4.222952908665586e-11,0.004719283155173819,-0.005280716844826182,1
175.0,271.63198480124447,565.4723087457088,0.03409580690996889,0.0496637354088902,5003000.0,70.94536616403295,1.6486134760638647e-05,2.009376755902008e-05,1.1156320605971155e-07,1.290520465764822e-07,9.390217436655553e-05,2.2108847387033565e-09,1.9063342221348872e-06,4.259816374948057e-11,0.004742245053266949,-0.005257754946733051,1
176.0,271.62672704629773,565.2213235877939,0.03403837631330821,0.04965953786560589,5003000.0,71.12946149111649,1.6596727486924405e-05,2.0221945554154775e-05,1.1059272628575714e-07,1.2817799513469688e-07,9.580463075882289e-05,2.2593123483319622e-09,1.915189964063569e-06,4.296235390655899e-11,0.0047642752890247695,-0.005235724710975231,1
177.0,271.62149132158675,564.9693276945864,0.033977160308096166,0.04965126796896313,5003000.0,71.31325328918956,1.6706357196607127e-05,2.03492558661479e-05,1.0962970968272069e-07,1.273103119931244e-07,9.771571192163259e-05,2.3082018874744032e-09,1.9236770176776567e-06,4.3322159449525667e-11,0.004785388377307484,-0.0052146116226925165,1
178.0,271.61627670996404,564.7163646585432,0.03391230738325066,0.049639085312352615,5003000.0,71.49676912898491,1.6815031467929866e-05,2.047570500041561e-05,1.086742713227387e-07,1.264491342677074e-07,9.963505511535404e-05,2.357550224622612e-09,1.9318013826223977e-06,4.367764405036859e-11,0.004805599242785306,-0.005194400757214694,1
179.0,271.61108230920684,564.4624773323346,0.03384396371710059,0.04962314702517026,5003000.0,71.6800363789273,1.6922757986961932e-05,2.060129959132651e-05,1.0772651903206709e-07,1.255945909109009e-07,0.00010156230365609362,2.407354320313301e-09,1.9395692084313017e-06,4.402887493048744e-11,0.004824923182994833,-0.005175076817005167,1
180.0,271.6059072323898,564.2077078126384,0.03377227311026673,0.04960360769962077,5003000.0,71.86308218423875,1.702954454050122e-05,2.0726046394236978e-05,1.0678655353928865e-07,1.2474680291046777e-07,0.00010349710705538131,2.4576112301921198e-09,1.9469867800831406e-06,4.437592263354797e-11,0.004843375832410542,-0.005156624167589458,1
181.0,271.60075060822226,563.9520974256152,0.03369737692459039,0.04958061932401113,5003000.0,72.0459334472423,1.713539900912652e-05,2.0849952277724072e-05,1.0585446862529552e-07,1.23905883487094e-07,0.0001054391211457573,2.508318107807928e-09,1.9540605039761915e-06,4.471886080238207e-11,0.004860973127554221,-0.005139026872445779,1
182.0,271.59561158134983,563.6956867140132,0.033619414027982714,0.049554331222474414,5003000.0,72.22861680886385,1.7240329360401454e-05,2.0973024216015133e-05,1.0493035127493687e-07,1.2307193829106103e-07,0.00010738800819268303,2.559472207145259e-09,1.960796894331195e-06,4.505776596037089e-11,0.004877731273170864,-0.005122268726829136,1
183.0,271.590489312623,563.4385154258515,0.03353852074497683,0.04952489000084353,5003000.0,72.41115863129312,1.7344343642231413e-05,2.10952692816128e-05,1.040142818299566e-07,1.2224506559766766e-07,0.00010934343699320729,2.6110708849020187e-09,1.9672025600279825e-06,4.5392717297506463e-11,0.00489366670948336,-0.0051063332905166405,1
184.0,271.58538297933245,563.1806225046275,0.03345483081283429,0.04949243949851128,5003000.0,72.59358498179144,1.744744997637449e-05,2.121669463811419e-05,1.0310633414307906e-07,1.214253565013893e-07,0.00011130508296182394,2.6631116025207246e-09,1.973284191883325e-06,4.5723796461418185e-11,0.004908796080544761,-0.005091203919455239,1
185.0,271.580291775413,562.9220460809961,0.03336847534301638,0.049457120746106475,5003000.0,72.7759216176209,1.754965655210748e-05,2.1337307533222936e-05,1.0220657573299002e-07,1.206128951087484e-07,0.000113272628203966,2.715591927981414e-09,1.9790485503740313e-06,4.60510873536132e-11,0.0049231362036981485,-0.005076863796301852,1
186.0,271.5752149116167,562.6628234658664,0.03327958278785001,0.04941907192878228,5003000.0,72.95819397207491,1.7650971620047513e-05,2.1457115291952724e-05,1.0131506794002992e-07,1.1980775872978776e-07,0.0001152457615775804,2.7685095373647924e-09,1.984502453809104e-06,4.63746759311277e-11,0.004936704040153582,-0.005063295959846418,1
187.0,271.5701516156568,562.4029911448627,0.033188278912169425,0.04937842835487738,5003000.0,73.14042714156635,1.77514034861298e-05,2.1576125310020683e-05,1.0043186608228458e-07,1.1901001806796051e-07,0.00011722417874323176,2.821862216193447e-09,1.9896527669507942e-06,4.669465001371305e-11,0.004949516666681716,-0.005050483333318284,1
188.0,271.5651011323235,562.1425847740943,0.033094686769788675,0.04933532242978758,5003000.0,73.32264587376558,1.785096050574179e-05,2.169434504742912e-05,9.955701961199057e-08,1.182197374084363e-07,0.00011920758220318479,2.8756478605604517e-09,1.994506390087486e-06,4.701109909674939e-11,0.004961591248431398,-0.005038408751568602,1
189.0,271.56006272357195,561.8816391771825,0.032998926684597404,0.04928988363490065,5003000.0,73.50487455675095,1.7949651078013782e-05,2.1811782022233972e-05,9.869057227199259e-08,1.174369748048547e-07,0.000121195681329914,2.9298644780537463e-09,1.99907024855663e-06,4.7324114170053e-11,0.004972945012866798,-0.005027054987133202,1
190.0,271.5550356685848,561.6201883434879,0.032901116236098135,0.049242238511209686,5003000.0,73.68713720914184,1.804748364026586e-05,2.1928443804497978e-05,9.783256225207595e-08,1.1666178226400399e-07,0.00012318819238448818,2.9845101884848635e-09,2.003351282716322e-06,4.7633787542502776e-11,0.004983595224820597,-0.005016404775179403,1
191.0,271.55001926380965,561.3582654274879,0.03280137024918621,0.049192510647686254,5003000.0,73.86945747118135,1.814446666261081e-05,2.204433801042697e-05,9.698302234495367e-08,1.1589420592899493e-07,0.0001251848385252741,3.0395832244306935e-09,2.007356438362096e-06,4.7940212672823124e-11,0.004993559162654682,-0.005006440837345318,1
192.0,271.5450128229723,561.0959027492488,0.03269980078801187,0.049140820673908944,5003000.0,74.05185859674751,1.8240608642712617e-05,2.21594722966871e-05,9.61419801018051e-08,1.1513428626012785e-07,0.0001271853498074022,3.095081931597232e-09,2.0110926575867724e-06,4.824348400629655e-11,0.00500285409552299,-0.00499714590447701,1
193.0,271.5400156770678,560.8331317959415,0.032596517153722006,0.04908728625698234,5003000.0,74.23436344625405,1.833591810069976e-05,2.2273854354901012e-05,9.530945798714296e-08,1.1438205821391146e-07,0.00012918946317343102,3.1510047690136698e-09,2.0145668700777695e-06,4.854369681765426e-11,0.005011497261722592,-0.0049885027382774085,1
194.0,271.5350271743295,560.5699832243486,0.032491625885899225,0.04903202210247604,5003000.0,74.41699448041028,1.843040357423261e-05,2.238749190632099e-05,9.448547353284983e-08,1.1363755141997479e-07,0.00013119692243564274,3.207350309065421e-09,2.0177859848465776e-06,4.884094706009291e-11,0.005019505848119814,-0.004980494151880187,1
195.0,271.53004668017763,560.3064868643113,0.03238523076753406,0.04897513995907862,5003000.0,74.59977375481401,1.852407361372389e-05,2.250039269667653e-05,9.367003949127703e-08,1.1290079035553965e-07,0.0001332074782503973,3.26411723737469e-09,2.020756882385297e-06,4.913533122030929e-11,0.005026896970638728,-0.0049731030293612725,1
196.0,271.52507357714825,560.0426717230669,0.032277432833332065,0.048916748627009954,5003000.0,74.78272291533976,1.8616936777711093e-05,2.2612564491194443e-05,9.286316398720287e-08,1.1217179451791304e-07,0.00013522088808496402,3.321304352536769e-09,2.0234864072423002e-06,4.9426946179759755e-11,0.005033687655792262,-0.004966312344207738,1
197.0,271.52010726480404,559.7785659904263,0.03216833038118292,0.04885695396973665,5003000.0,74.96586319428833,1.8709001628379614e-05,2.272401506978876e-05,9.206485066852108e-08,1.1145057859431956e-07,0.00013723691617724388,3.3789105657200535e-09,2.02598136100979e-06,4.971588908184882e-11,0.005039894823237943,-0.0049601051767620575,1
198.0,271.5151471596273,559.5141970447442,0.032058018986643066,0.04879585892902126,5003000.0,75.14921540727951,1.8800276727235212e-05,2.2834752222418257e-05,9.127509885559734e-08,1.1073715262949476e-07,0.00013925533348878828,3.4369349001384902e-09,2.028248495716832e-06,5.00022572052197e-11,0.0050455352693422875,-0.004954464730657713,1
199.0,271.51019269489666,559.2495914596332,0.0319465915202338,0.04873356354299175,5003000.0,75.33279995084327,1.8890770630924302e-05,2.2944783744608935e-05,9.049390368908916e-08,1.1003152219067711e-07,0.00014127591765151064,3.4953764904037153e-09,2.0302945076176534e-06,5.028614784294833e-11,0.005050625651728478,-0.004949374348271522,1
200.0,271.5052433205484,558.984775011377,0.031834138167392195,0.048670164967127616,5003000.0,75.51663680067848,1.8980491887200426e-05,2.305411743313904e-05,8.972125627612541e-08,1.0933368853010515e-07,0.0001432984529084783,3.5542345817646647e-09,2.0321260313665515e-06,5.05676581876431e-11,0.005055182474785753,-0.004944817525214247,1
201.0,271.5002985030232,558.7197726869961,0.03172074645093547,0.048605757497898486,5003000.0,75.70074551055927,1.9069449031035228e-05,2.3162761081883804e-05,8.895714383480078e-08,1.0864364874476436e-07,0.0001453227300491656,3.61350852924256e-09,2.0337496345715477e-06,5.08468852222833e-11,0.005059222076120983,-0.004940777923879017,1
202.0,271.4953577250993,558.4546086929222,0.03160650125585552,0.04854043259900019,5003000.0,75.88514521184891,1.9157650580872045e-05,2.3270722477817392e-05,8.820154983681641e-08,1.079613959335874e-07,0.00014734854633953524,3.673197796668275e-09,2.035171812715678e-06,5.112392561681381e-11,0.005062760613924769,-0.004937239386075231,1
203.0,271.49042048571323,558.1893064642395,0.031491484856299885,0.048474278929945054,5003000.0,76.06985461359332,1.924510503502025e-05,2.337800939716928e-05,8.745445414820264e-08,1.0728691935188728e-07,0.0001493757054473103,3.733301955629245e-09,2.036398984436639e-06,5.139887563031818e-11,0.005065814055228989,-0.004934185944771011,1
204.0,271.48548629976847,557.9238886744491,0.031375776944584786,0.04840738237682579,5003000.0,76.2548920031644,1.9331820868188278e-05,2.348462960173222e-05,8.671583316802792e-08,1.0662020456294188e-07,0.00015140401736278423,3.793820684332783e-09,2.0374374871544356e-06,5.167183101863942e-11,0.005068398165030045,-0.004931601834969955,1
205.0,271.4805546979335,557.6583772457178,0.03125945466211102,0.04833982608519499,5003000.0,76.44027524743262,1.9417806528153336e-05,2.3590590835319125e-05,8.59856599650596e-08,1.0596123358690531e-07,0.00015343329831551044,3.85475376639298e-09,2.038293573037735e-06,5.194288694744056e-11,0.005070528496254672,-0.004929471503745328,1
206.0,271.4756252264297,557.3927933595711,0.03114259263200363,0.048271690494780174,5003000.0,76.62602179442125,1.9503070432565538e-05,2.369590082036586e-05,8.526390441220272e-08,1.0530998504673505e-07,0.00015546337068719887,3.9161010895466375e-09,2.0389734052960315e-06,5.2212137910436916e-11,0.005072220380536235,-0.004927779619463765,1
207.0,271.4706974468103,557.1271574679928,0.031025262993370904,0.04820305337597085,5003000.0,76.8121486754317,1.9587620965884277e-05,2.380056725467715e-05,8.455053331874099e-08,1.0466643431128914e-07,0.0001574940629211382,3.977862644305336e-09,2.0394830547891034e-06,5.2479677652770676e-11,0.005073488919780324,-0.004926511080219676,1
208.0,271.46577093573006,556.8614893048948,0.030907535437056294,0.04813398986794673,5003000.0,76.99867250761493,1.9671466476444615e-05,2.390459780831274e-05,8.38455105603362e-08,1.0403055363558997e-07,0.00015952520942845314,4.04003852254983e-09,2.039828496943458e-06,5.2745599099410454e-11,0.005074348978494021,-0.004925651021505979,1
209.0,271.46084528470857,556.5958078979208,0.030789477242702874,0.04806457251818342,5003000.0,77.18560949693709,1.975461527365121e-05,2.400800012061071e-05,8.314879720659302e-08,1.0340231229796934e-07,0.000161556650491491,4.1026289160711345e-09,2.0400156089616274e-06,5.300999428828838e-11,0.005074815176843663,-0.004925184823156337,1
210.0,271.4559200998854,556.3301315805513,0.030671153317068774,0.047994871323402445,5003000.0,77.37297544154596,1.9837075625297518e-05,2.411078179734521e-05,8.246035164630886e-08,1.0278167673450067e-07,0.00016358823216462655,4.165634115065621e-09,2.0400501673175636e-06,5.3272954308270336e-11,0.005074901884424297,-0.004925098115575703,1
211.0,271.45099500176985,556.064478004475,0.03055262623343431,0.04792495377163464,5003000.0,77.56078573549,1.9918855755007778e-05,2.4212950408015486e-05,8.178012971025918e-08,1.0216861067027695e-07,0.00016561980617275864,4.2290545065881885e-09,2.039937845524736e-06,5.35345692415849e-11,0.005074623214707533,-0.004925376785292467,1
212.0,271.44606962498455,555.7988641521976,0.030433956272002082,0.04785488488539974,5003000.0,77.74905537277839,1.9999963839799303e-05,2.431451348326328e-05,8.110808479152451e-08,1.0156307524779315e-07,0.00016765122980776472,4.292890572969244e-09,2.039684212167255e-06,5.3794928110710607e-11,0.005073993020143685,-0.004926006979856315,1
213.0,271.4411436180047,555.5333063498557,0.030315201461167264,0.04778472726583636,5003000.0,77.93779895174683,2.0080408007762596e-05,2.4415478512415607e-05,8.044416796329456e-08,1.0096502915232837e-07,0.00016968236582316624,4.357142890199776e-09,2.0392947291824805e-06,5.40541188295174e-11,0.005073024887889516,-0.004926975112110484,1
214.0,271.4362166428926,555.2678202802083,0.030196417619566523,0.04771454113769858,5003000.0,78.12703067971877,2.0160196335856756e-05,2.4515852941149996e-05,7.97883280941608e-08,1.0037442873438848e-07,0.000171713082327249,4.421812126289789e-09,2.0387747503854775e-06,5.4312228158557745e-11,0.005071732136137607,-0.004928267863862393,1
215.0,271.4312883750287,555.0024209957768,0.030077658398808035,0.04764438439505222,5003000.0,78.3167643779372,2.023933684781764e-05,2.4615644169279086e-05,7.914051196088454e-08,9.979122812909158e-08,0.00017374325267487247,4.48689903960439e-09,2.0381295202250727e-06,5.456934166429456e-11,0.005070127811021848,-0.004929872188978152,1
216.0,271.4263585028397,554.7371229321085,0.02995897532674211,0.04757431264761624,5003000.0,78.50701348672806,2.0317837512176153e-05,2.471485954865169e-05,7.850066435851116e-08,9.92153793726062e-08,0.0001757727553581873,4.552404477180695e-09,2.0373641727582485e-06,5.4825543682161956e-11,0.0050682246840660855,-0.004931775315933915,1
217.0,271.4214267275238,554.4719399211375,0.029840417851242657,0.0475043792676363,5003000.0,78.69779107090218,2.0395706240384134e-05,2.4813506381167312e-05,7.786872820798076e-08,9.86468325156225e-08,0.00017780147389647753,4.618329373031085e-09,2.036483730836834e-06,5.508091728331688e-11,0.0050660352501608625,-0.004933964749839138,1
218.0,271.41649276277394,554.2068852046193,0.02972203338437403,0.047434635437213095,5003000.0,78.88910982536143,2.0472950885045264e-05,2.4911591916901215e-05,7.724464466112982e-08,9.808553573390406e-08,0.0001798292967253271,4.6846747464357896e-09,2.0354931054939703e-06,5.533554424494642e-11,0.00506357172603713,-0.00493642827396287,1
219.0,271.4115563345,553.9419714476159,0.029603867346846433,0.04736513019589991,5003000.0,79.08098208088015,2.054957923824831e-05,2.5009123352336958e-05,7.662835320304695e-08,9.75314354357439e-08,0.00018185611708530344,4.751441700227679e-09,2.034397095519583e-06,5.558950502387205e-11,0.0050608460492101446,-0.004939153950789856,1
220.0,271.40661718054923,553.6772107520104,0.02948596321272969,0.04729591048865245,5003000.0,79.27341981007073,2.062559903000022e-05,2.510610782870364e-05,7.60197917519102e-08,9.698447636668438e-08,0.00018388183291034171,4.818631419074307e-09,2.033200387218559e-06,5.584287873351803e-11,0.00505786987737784,-0.00494213012262216,1
221.0,271.4016750504266,553.4126146700302,0.029368362554289797,0.04722702121390036,5003000.0,79.46643463348505,2.0701017926756376e-05,2.5202552430414863e-05,7.541889675615489e-08,9.644460171122047e-08,0.00018590634671600173,4.886245167758516e-09,2.031907554338076e-06,5.609574312391442e-11,0.005054654588240003,-0.004945345411759997,1
222.0,271.3967297050148,553.1481942177588,0.029251105086915523,0.04715850527166878,5003000.0,79.66003782585514,2.0775843530045456e-05,2.5298464183606385e-05,7.482560328907935e-08,9.591175319152288e-08,0.00018792956548776153,4.954284289461648e-09,2.0305230581574663e-06,5.634817456461271e-11,0.0050512112797217725,-0.004948788720278228,1
223.0,271.3917809162945,552.8839598886196,0.029134228714057804,0.04709040361184154,5003000.0,79.85424032245103,2.085008337518633e-05,2.539385005476992e-05,7.423984514087397e-08,9.538587116353664e-08,0.0001899514005695029,5.022750204051993e-09,2.029051247730945e-06,5.66002480305665e-11,0.005047550770577394,-0.004952449229422606,1
224.0,271.3868284670651,552.6199216668122,0.02901776957211485,0.04702275528225282,5003000.0,80.04905272554173,2.092374493009441e-05,2.5488716949479914e-05,7.36615549080785e-08,9.486689470999455e-08,0.00019197176755233412,5.091644406380944e-09,2.0274963602741655e-06,5.6852037090560137e-11,0.005043683601351769,-0.004956316398648231,1
225.0,271.3818721506664,552.3560890406862,0.0289017620751966,0.04695559747673664,5003000.0,80.24448531093846,2.0996835594174877e-05,2.558307171121068e-05,7.309066408046919e-08,9.43547617307654e-08,0.00019399058616388724,5.160968464589021e-09,2.0258625216856434e-06,5.7103613898275675e-11,0.0050396200356775086,-0.004960379964322492,1
226.0,271.3769117707021,552.0924710160385,0.028786238959728077,0.04688896558298145,5003000.0,80.4405480346174,2.1069362697300312e-05,2.5676921120241062e-05,7.252710312543395e-08,9.384940903038538e-08,0.00019600778015821906,5.230724018424665e-09,2.0241537471957896e-06,5.7355049185771176e-11,0.00503537006188942,-0.0049646299381105805,1
227.0,271.371947140764,551.8290761293163,0.028671231328821555,0.046822893230156044,5003000.0,80.6372505393984,2.1141333498870128e-05,2.5770271892643917e-05,7.197080156981575e-08,9.335077240285551e-08,0.00019802327720643603,5.300912777577279e-09,2.0223739421343555e-06,5.76064122592658e-11,0.005030943394933564,-0.0049690566050664365,1
228.0,271.3669780841589,551.5659124607162,0.02855676869636713,0.04675741233624026,5003000.0,80.83460216166758,2.1212755186949372e-05,2.586313067935763e-05,7.142168807924535e-08,9.285878671371453e-08,0.0002000370087881556,5.371536520026418e-09,2.0205269028083578e-06,5.78577709970938e-11,0.005026349478551144,-0.004973650521448856,1
229.0,271.3620044336375,551.3029876471653,0.028442879030806733,0.04669255315499093,5003000.0,81.0326119381383,2.1283634877484392e-05,2.595550406533702e-05,7.087969053501894e-08,9.237338597939003e-08,0.0002020489100839096,5.442597090409357e-09,2.018616317483745e-06,5.810919184968955e-11,0.005021597487720462,-0.004978402512279538,1
230.0,271.3570260311252,551.0403088951728,0.028329588798555325,0.046628344322600504,5003000.0,81.23128861264239,2.1353979613592956e-05,2.6047398568781088e-05,7.034473610856443e-08,9.189450344406736e-08,0.00020405891986858727,5.5140963984089345e-09,2.016645767463936e-06,5.836073984161653e-11,0.0050166963313398516,-0.004983303668660149,1
231.0,271.35204272745653,550.7778829935405,0.028216923006991634,0.04656481290382709,5003000.0,81.4306406429212,2.142379636492639e-05,2.613882064043486e-05,6.981675133343525e-08,9.142207165377268e-08,0.00020606698040600882,5.586036417161797e-09,2.014618728255583e-06,5.861247857529812e-11,0.005011654655127602,-0.004988345344872398,1
232.0,271.34705438211165,550.5157163259257,0.028104905247019387,0.0465019844377314,5003000.0,81.63067620742852,2.1493092027101345e-05,2.6229776662962915e-05,6.929566217495626e-08,9.095602252805319e-08,0.000208073037344712,5.658419181689923e-09,2.012538570817366e-06,5.886447023657045e-11,0.005006480844728424,-0.004993519155271576,1
233.0,271.3420608629564,550.253814883243,0.027993557735145443,0.046439882982848665,5003000.0,81.8314032121239,2.1561873421198853e-05,2.6320272950391952e-05,6.878139409750875e-08,9.049628742903646e-08,0.00021007703961503003,5.731246787355842e-09,2.01040856288395e-06,5.911677560177873e-11,0.005001183029006896,-0.004998816970993104,1
234.0,271.33706204598536,549.9921842758995,0.027882901355051667,0.04637853116186566,5003000.0,82.03282929725206,2.1630147293328363e-05,2.6410315747620066e-05,6.827387212950876e-08,9.00427972281145e-08,0.00021207893932753092,5.804521388343028e-09,2.008231870359351e-06,5.936945404644661e-11,0.004995769083513578,-0.0050042309164864225,1
235.0,271.3320578150689,549.7308297458562,0.027772955698614994,0.046317950205671685,5003000.0,82.23496184409372,2.169792031425444e-05,2.649991122999017e-05,6.777302092607546e-08,8.9595482370106e-08,0.00021407869167288236,5.8782451961619806e-09,2.0060115587725137e-06,5.962256355529154e-11,0.0049902466341058705,-0.00500975336589413,1
236.0,271.327048061703,549.4697561785065,0.02766373910637525,0.04625815999686647,5003000.0,82.43780798169054,2.176519907908393e-05,2.6589065502925325e-05,6.727876482948923e-08,8.91542729351553e-08,0.0002160762548232019,5.952420478183688e-09,2.0037505947910935e-06,5.987616073363812e-11,0.0049846230607136855,-0.005015376939286315,1
237.0,271.3220326847637,549.2089681143666,0.027555268707404185,0.04619917911257605,5003000.0,82.64137459352868,2.1831990107011354e-05,2.6677784601623504e-05,6.67910279274233e-08,8.871909869818107e-08,0.0002180715898349448,6.027049556200658e-09,2.0014518477863047e-06,6.013030081997745e-11,0.004978905501232125,-0.005021094498767875,1
238.0,271.31701159026494,548.9484697605742,0.02744756045854819,0.04614102486661907,5003000.0,82.84566832416814,2.189829984112033e-05,2.676607449080955e-05,6.63097341089746e-08,8.828988918604826e-08,0.00022006466055337547,6.102134805015724e-09,1.999118091443056e-06,6.038503769966213e-11,0.004973100855526847,-0.0050268991444731535,1
239.0,271.3119846911205,548.688265002187,0.027340629183061068,0.04608371335108435,5003000.0,83.05069558583166,2.1964134648238948e-05,2.6853941064542212e-05,6.58348071186199e-08,8.786657373266248e-08,0.00022205543351866828,6.177678651060852e-09,1.9967520054128578e-06,6.06404239197715e-11,0.004967215789545804,-0.005032784210454196,1
240.0,271.30695190691,548.4283574132794,0.027234488608571927,0.046027259477074624,5003000.0,83.25646256492901,2.2029500818846994e-05,2.6941390146073825e-05,6.536617060804717e-08,8.744908153161164e-08,0.0002240438778736727,6.253683571044927e-09,1.9943561770019457e-06,6.089651070476461e-11,0.004961256739518609,-0.005038743260481391,1
241.0,271.30191316364954,548.1687502678327,0.02712915140437895,0.04597167701482955,5003000.0,83.4629752285118,2.2094404567032912e-05,2.7028427487760657e-05,6.490374818591988e-08,8.703734168683355e-08,0.00022602996527337549,6.330152090631105e-09,1.99193310289042e-06,6.115334797313406e-11,0.004955229916233041,-0.005044770083766959,1
242.0,271.2968683935658,547.909446550415,0.027024629218088302,0.04591697863311706,5003000.0,83.67023933067371,2.2158852030498605e-05,2.7115058771021836e-05,6.444746346569196e-08,8.663128326117698e-08,0.00022801366979609055,6.407086783145588e-09,1.9894851908803383e-06,6.141098435488046e-11,0.004949141309383589,-0.005050858690616411,1
243.0,271.2918175348752,547.6504489666494,0.026920932711524265,0.045863175937844475,5003000.0,83.87826041885668,2.2222849270609975e-05,2.7201289606344673e-05,6.399724011136978e-08,8.623083532283816e-08,0.00022999496785639713,6.484490268315403e-09,1.987014761664081e-06,6.166946720966068e-11,0.004942996691970423,-0.0050570033080295776,1
244.0,271.28676053156715,547.3917599534661,0.026818071595972198,0.04581027950994058,5003000.0,84.08704384009849,2.2286402272491407e-05,2.728712553333451e-05,6.355300188143167e-08,8.583592698983669e-08,0.00023197383811984955,6.562365211038448e-09,1.984524050614156e-06,6.192884264565185e-11,0.004936801624751689,-0.005063198375248311,1
245.0,271.2816973331919,547.13338168914,0.026716054666683087,0.04575829894246992,5003000.0,84.29659474718238,2.2349516945162206e-05,2.7372572020807032e-05,6.311467267079974e-08,8.544648747252457e-08,0.00023395026141947235,6.640714320183222e-09,1.9820152095861144e-06,6.21891555390001e-11,0.0049305614607284415,-0.005069438539271559,1
246.0,271.2766278946526,546.8753161031079,0.02661488983667926,0.04570724287700826,5003000.0,84.50691810471245,2.2412199121713223e-05,2.7457634466921273e-05,6.268217655101635e-08,8.506244611424247e-08,0.00023592422067405492,6.7195403474204495e-09,1.9794903087343647e-06,6.245044955385984e-11,0.004924281349661639,-0.005075718650338361,1
247.0,271.2715521760023,546.6175648855683,0.026514584169819652,0.045657119039158124,5003000.0,84.71801869508926,2.2474454559521807e-05,2.7542318199351235e-05,6.225543780858228e-08,8.468373242996159e-08,0.00023789570080825294,6.798846086084781e-09,1.976951338334826e-06,6.271276716279356e-11,0.004917966242606173,-0.005082033757393827,1
248.0,271.2664701422449,546.360129496861,0.026415143913154974,0.0456079342734092,5003000.0,84.92990112440481,2.2536288940503386e-05,2.7626628475494577e-05,6.183438098158036e-08,8.431027614334013e-08,0.00023986468867450453,6.878634370068439e-09,1.97440021061376e-06,6.297614966776995e-11,0.004911620896460257,-0.005088379103539743,1
249.0,271.26138176314134,546.1030111766273,0.026316574528543957,0.0455596945771026,5003000.0,85.14256982823598,2.2597707871397953e-05,2.7710570482716385e-05,6.141893089456595e-08,8.394200722180848e-08,0.00024183117297676314,6.958908072745101e-09,1.97183876157783e-06,6.324063722137508e-11,0.004905249878517871,-0.005094750121482129,1
250.0,271.25628701301986,545.8462109527502,0.026218880723535527,0.0455124051336848,5003000.0,85.35602907734135,2.2658716884089735e-05,2.779414933862646e-05,6.100901269178212e-08,8.357885591007138e-08,0.00024379514419604583,7.039670105924597e-09,1.96926875284301e-06,6.350626884844087e-11,0.004898857571018349,-0.005101142428981651,1
251.0,271.25118587059086,545.589729650075,0.026122066481526308,0.045466070345140344,5003000.0,85.57028298326152,2.27193214359585e-05,2.7877370091388333e-05,6.060455186876426e-08,8.32207527618729e-08,0.0002457565945177963,7.120923418838346e-09,1.966691873460387e-06,6.377308246789475e-11,0.004892448175688241,-0.00510755182431176,1
252.0,271.24607831876654,545.3335678989122,0.02602613509118078,0.04542069386365322,5003000.0,85.78533550381661,2.2779526910260845e-05,2.7960237720058492e-05,6.020547430234542e-08,8.286762867016037e-08,0.0002477155177610557,7.202670997154951e-09,1.964109741735368e-06,6.404111491484721e-11,0.004886025718266755,-0.0051139742817332455,1
253.0,271.2409643444848,545.077726143322,0.025931089175131206,0.04537627862248315,5003000.0,86.00119044850514,2.2839338616539986e-05,2.8042757134954155e-05,5.981170627913997e-08,8.251941489566467e-08,0.0002496719093094345,7.2849158620262325e-09,1.9615239070390743e-06,6.431040196285615e-11,0.0048795940530117895,-0.005120405946988211,1
254.0,271.2358439385378,544.8222046491834,0.025836930717940357,0.045332826866064914,5003000.0,86.21785148379315,2.2898761791062486e-05,2.8124933178048107e-05,5.942317452250156e-08,8.217604309395177e-08,0.000251625766043875,7.367661069162506e-09,1.9589358516082744e-06,6.458097834632589e-11,0.004873156867177432,-0.005126843132822568,1
255.0,271.230717095405,544.5670035120473,0.02574366109336138,0.0452903401793403,5003000.0,86.43532213831071,2.2957801597280555e-05,2.8206770623389107e-05,5.903980621806753e-08,8.183744534100041e-08,0.00025357708627719367,7.450909707938424e-09,1.9563469923341134e-06,6.48528777830231e-11,0.004866717685463603,-0.005133282314536397,1
256.0,271.22558381309045,544.312122664778,0.025651281090856955,0.045248819516328975,5003000.0,86.65360580792903,2.3016463126318387e-05,2.828827417754646e-05,5.866152903783389e-08,8.150355415735337e-08,0.0002555258696903871,7.534664900526775e-09,1.9537586825345647e-06,6.512613299665673e-11,0.004860279874425198,-0.005139720125574802,1
257.0,271.2204440929649,544.0575618849826,0.025559790941417474,0.04520826522786762,5003000.0,86.87270576073821,2.3074751397481267e-05,2.836944848007721e-05,5.828827116288076e-08,8.117430253075114e-08,0.0002574721172706887,7.618929801061603e-09,1.9511722137114462e-06,6.540077573939292e-11,0.004853846646842846,-0.005146153353157154,1
258.0,271.21529793961173,543.8033208022317,0.02546919034268703,0.04516867708870495,5003000.0,87.09262514192595,2.313267135878606e-05,2.8450298104014825e-05,5.791996130479377e-08,8.084962393761181e-08,0.00025941583125135755,7.703707594830427e-09,1.9485888172905813e-06,6.567683681452924e-11,0.004847421066051728,-0.0051525789339482726,1
259.0,271.21014536067776,543.5493989050739,0.0253794784833634,0.04513005432374701,5003000.0,87.31336697853516,2.3190227887511792e-05,2.853082755637785e-05,5.7556528725730456e-08,8.052945236302371e-08,0.00026135701505318004,7.78900149749317e-09,1.946009666340569e-06,6.595434609898102e-11,0.004841006050217181,-0.005158993949782819,1
260.0,271.20498636672795,543.2957955478453,0.025290654066927272,0.04509239563361722,5003000.0,87.53493418412566,2.324742579076907e-05,2.8611041278697417e-05,5.719790325727925e-08,8.021372231956964e-08,0.00026329567322766505,7.87481475432961e-09,1.9434358772724125e-06,6.623333256579085e-11,0.004834604376562709,-0.005165395623437291,1
261.0,271.1998209711045,543.0425099572786,0.02520271533468437,0.045055699219462925,5003000.0,87.75732956332773,2.3304269806087166e-05,2.8690943647562307e-05,5.684401531809482e-08,7.990236886488871e-08,0.00026523181140191223,7.961150639513863e-09,1.940868511516917e-06,6.651382430651716e-11,0.004828218685542663,-0.005171781314457337,1
262.0,271.19464918979,542.7895412389125,0.025115660088126476,0.04501996280703078,5003000.0,87.9805558162856,2.336076460201751e-05,2.8770538975180347e-05,5.6494795930343384e-08,7.959532761804021e-08,0.0002671654362251278,8.048012455415135e-09,1.938308577178537e-06,6.679584855349277e-11,0.004821851484956361,-0.005178148515043639,1
263.0,271.189471041275,542.5368883833056,0.02502948571063651,0.0449851836700393,5003000.0,88.20461554300081,2.341691477875254e-05,2.884983150995509e-05,5.615017673503182e-08,7.929253477474263e-08,0.0002690965553167678,8.135403531925263e-09,1.9357570306658957e-06,6.707943170196548e-11,0.004815505154004162,-0.005184494845995838,1
264.0,271.184286546429,542.2845502720573,0.024944189188531002,0.04495135865286736,5003000.0,88.42951124756618,2.3472724868758765e-05,2.892882543707663e-05,5.58100900062223e-08,7.899392712154122e-08,0.00027102517721628227,8.223327225811647e-09,1.9332147782967974e-06,6.736459933210425e-11,0.0048091819472801,-0.0051908180527199,1
265.0,271.1790957283763,542.0325256836395,0.02485976713145257,0.04491848419247865,5003000.0,88.65524534229304,2.352819933742294e-05,2.9007524879125418e-05,5.547446866417577e-08,7.869944204878764e-08,0.0002729513113344342,8.311786920095136e-09,1.9306826778771566e-06,6.765137623072034e-11,0.004802883998699631,-0.005197116001300369,1
266.0,271.173898612375,541.7808132990407,0.024776215792135653,0.04488655633974908,5003000.0,88.88182015173975,2.358334258371043e-05,2.9085933896688156e-05,5.5143246287489095e-08,7.840901756273843e-08,0.0002748749679061694,8.400786023453237e-09,1.928161540254078e-06,6.793978641291841e-11,0.004796613325363074,-0.005203386674636926,1
267.0,271.1686952257004,541.5294117072278,0.024693531085541617,0.04485557078006185,5003000.0,89.10923791663414,2.3638158940834662e-05,2.9164056488984714e-05,5.4816357124230415e-08,7.81225922965573e-08,0.0002767961579450088,8.490327969647263e-09,1.9256521308413797e-06,6.822985314344053e-11,0.004790371831350505,-0.005209628168649495,1
268.0,271.16348559753175,541.2783194104276,0.02461170860737865,0.044825522853269004,5003000.0,89.3375007976934,2.3692652676936778e-05,2.9241896594505122e-05,5.4493736102117194e-08,7.78401055204078e-08,0.00027871489319893604,8.580416216973147e-09,1.9231551711173295e-06,6.852159895781666e-11,0.004784161311447532,-0.005215838688552468,1
269.0,271.1582697588432,541.027534829231,0.024530743652019068,0.04479640757298649,5003000.0,89.56661087934351,2.3746827995774553e-05,2.931945809165572e-05,5.417531883777551e-08,7.756149715059553e-08,0.0002806311861077535,8.671054247735575e-09,1.9206713400942514e-06,6.881504568324265e-11,0.0047779834548010896,-0.005222016545198911,1
270.0,271.153047742298,540.777056307525,0.024450631229817523,0.04476821964525717,5003000.0,89.79657017333484,2.380068903741965e-05,2.939674479941355e-05,5.386104164509733e-08,7.72867077578335e-08,0.0002825450497618758,8.762245567744396e-09,1.9182012757589942e-06,6.911021445920193e-11,0.004771839848502749,-0.005228160151497251,1
271.0,271.1478195821465,540.5268821172549,0.02437136608386466,0.044740953486638105,5003000.0,90.02738062226813,2.385423987896243e-05,2.9473760477988288e-05,5.355084154277894e-08,7.70156785747387e-08,0.00028445649786253645,8.853993705834206e-09,1.915745576485722e-06,6.940712575789675e-11,0.004765731981103188,-0.005234268018896812,1
272.0,271.1425853141276,540.2770104630196,0.02429294270615414,0.044714603241559105,5003000.0,90.25904410301256,2.390748453522343e-05,2.9550508829490603e-05,5.324465626099976e-08,7.67483515023137e-08,0.0002863655446833738,8.946302213404482e-09,1.913304802418149e-06,6.970579940421252e-11,0.004759661246050631,-0.005240338753949369,1
273.0,271.13734497537365,540.0274394865049,0.02421535535319142,0.04468916279921216,5003000.0,90.49156243002848,2.396042695947074e-05,2.9626993498606466e-05,5.2942424247310123e-08,7.648466911586465e-08,0.00028827220503337066,9.039174663981013e-09,1.9108794768223194e-06,7.000625459558832e-11,0.004753628945056042,-0.005246371054943958,1
274.0,271.1320986043187,539.7781672707579,0.02413859806107652,0.0446646258097815,5003000.0,90.72493735860526,2.4013071044142542e-05,2.9703218073276508e-05,5.264408467180242e-08,7.622457467004287e-08,0.0002901764942211173,9.132614652798966e-09,1.908470087411358e-06,7.030850992148544e-11,0.004747636291388571,-0.005252363708611429,1
275.0,271.12684624061006,539.529191844305,0.024062664660020116,0.0446409857000874,5003000.0,90.95917058798776,2.4065420621574027e-05,2.9779186085379653e-05,5.2349577431483245e-08,7.596801210314574e-08,0.0002920784280203668,9.226625796404231e-09,1.906077087638042e-06,7.061258338251498e-11,0.004741684413090956,-0.005258315586909044,1
276.0,271.12158792502316,539.2805111851193,0.02398754878836699,0.044618235688705106,5003000.0,91.1942637644269,2.4117479464728035e-05,2.985490101142044e-05,5.205884315400951e-08,7.571492604078713e-08,0.00029397802263685525,9.321211732275991e-09,1.9037008979599628e-06,7.091849240931871e-11,0.004735774356126762,-0.0052642256438732386,1
277.0,271.1163236993793,539.032123224438,0.023913243906094984,0.04459636880054595,5003000.0,91.43021848413287,2.4169251287928757e-05,2.9930366273219365e-05,5.17718232007236e-08,7.54652617989235e-08,0.00029587529467635734,9.416376118467747e-09,1.901341907073914e-06,7.122625388114222e-11,0.004729907087451028,-0.005270092912548972,1
278.0,271.1110536064667,538.7840258504367,0.023839743307807474,0.044575377880844584,5003000.0,91.66703629613347,2.4220739747597785e-05,3.0005585238605517e-05,5.1488459669028776e-08,7.521896538615087e-08,0.00029777026111394534,9.512122633266291e-09,1.8990004731200022e-06,7.15358841439879e-11,0.004724083498005641,-0.0052759165019943596,1
279.0,271.1057776899647,538.5362169117609,0.023767040135256,0.04455525560866466,5003000.0,91.9047187050544,2.427194844299197e-05,3.0080561222110983e-05,5.1208695394185295e-08,7.497598350546563e-08,0.0002996629392644252,9.608454974869712e-09,1.8966769248575333e-06,7.184739902850968e-11,0.004718304405644457,-0.005281695594355543,1
280.0,271.10049599437036,538.288694220921,0.0236951273893727,0.044535994509892186,5003000.0,92.1432671738066,2.4322880916942455e-05,3.0155297485666426e-05,5.0932473950485056e-08,7.47362635554441e-08,0.00030155334675391804,9.705376861082298e-09,1.8943715628102778e-06,7.216081386756633e-11,0.004712570557982284,-0.0052874294420177164,1
281.0,271.0952085649283,538.0414555575526,0.023623997941849186,0.044517586969705744,5003000.0,92.38268312619168,2.437354065659434e-05,3.0229797239297255e-05,5.0659739651884e-08,7.449975363082886e-08,0.00030344150149255966,9.802892029026744e-09,1.8920846603832457e-06,7.247614351340113e-11,0.004706882635172966,-0.005293117364827034,1
282.0,271.0899154475635,537.7944986715456,0.02355364454625372,0.04450002524459154,5003000.0,92.6229679494214,2.4423931094146414e-05,3.0304063641819892e-05,5.039043755207508e-08,7.426640252263884e-08,0.0003053274216482877,9.901004234872638e-09,1.8898164649496013e-06,7.279340235452769e-11,0.00470124125261321,-0.00529875874738679,1
283.0,271.0846166888161,537.5478212860475,0.02348405984872231,0.04448330147386817,5003000.0,92.86412299656247,2.4474055607590493e-05,3.0378099801537642e-05,5.012451344407742e-08,7.403615971774889e-08,0.00030721112562168953,9.999717253581788e-09,1.8875671989098548e-06,7.311260433225354e-11,0.004695646963577428,-0.005304353036422572,1
284.0,271.07931233577966,537.301421100341,0.023415236398200718,0.04446740769073351,5003000.0,93.10614958888912,2.4523917521449787e-05,3.0451908776935608e-05,4.986191385929266e-08,7.380897539796493e-08,0.0003090926320218794,1.0099034878667754e-08,1.8853370607208623e-06,7.343376295682455e-11,0.004690100261777488,-0.0053098997382225125,1
285.0,271.07400243604144,537.0552957926031,0.023347166656293716,0.04445233583290892,5003000.0,93.34904901817342,2.4573520107515934e-05,3.052549357737433e-05,4.9602586066146085e-08,7.358480043871891e-08,0.00031097195964338066,1.0198960921972334e-08,1.8831262258984722e-06,7.375689132331278e-11,0.0046846015838569064,-0.005315398416143094,1
286.0,271.0686870376253,536.8094430225455,0.023279843006688405,0.04443807775278808,5003000.0,93.59282254888555,2.4622866585584174e-05,3.0598857163781564e-05,4.9346478068241716e-08,7.336358640723702e-08,0.00031284912744398156,1.0299499213455195e-08,1.8809348479906162e-06,7.40820021270567e-11,0.004679151311811511,-0.005320848688188489,1
287.0,271.0633661889371,536.5638604339422,0.02321325776419224,0.04442462522722348,5003000.0,93.8374714203261,2.467196012418629e-05,3.0672002449341965e-05,4.9093538602115165e-08,7.314528556039889e-08,0.00031472415452354034,1.0400653600998581e-08,1.8787630595235177e-06,7.440910767886498e-11,0.00467374977534324,-0.0053262502246567605,1
288.0,271.05803993871245,536.318545657047,0.023147403183381408,0.04441196996683042,5003000.0,94.08299684868062,2.4720803841320862e-05,3.0744932300184064e-05,4.8843717134573024e-08,7.292985084209569e-08,0.00031659706010370793,1.0502427950225225e-08,1.8766109729201284e-06,7.47382199197619e-11,0.00466839725414485,-0.005331602745855151,1
289.0,271.0527083359666,536.0734963109027,0.023082271466891034,0.044400103624973555,5003000.0,94.32940002901138,2.4769400805180545e-05,3.081764953606442e-05,4.859696385968245e-08,7.27172358803553e-08,0.00031846786350854766,1.0604826144330674e-08,1.874478681392838e-06,7.506935043553612e-11,0.004663093980120626,-0.005336906019879374,1
290.0,271.04737142994674,535.8287100055468,0.02301785477331998,0.0443890178062736,5003000.0,94.57668213716585,2.4817754034875896e-05,3.0890156931048394e-05,4.8353229695351746e-08,7.2507394983974e-08,0.00032033658414601927,1.0707852083927015e-08,1.8723662598078e-06,7.540251047079237e-11,0.004657840139536492,-0.005342159860463509,1
291.0,271.0420292700863,535.5841843441169,0.022954145224808577,0.044378704074805014,5003000.0,94.8248443316297,2.4865866501155516e-05,3.096245721418733e-05,4.811246627962047e-08,7.230028313893114e-08,0.0003222032414903057,1.081150968690058e-08,1.8702737655250869e-06,7.573771094279013e-11,0.00465263587510998,-0.0053473641248900205,1
292.0,271.0366819059614,535.3399169248571,0.022891134914258458,0.04436915396189916,5003000.0,95.07388775530467,2.491374112712211e-05,3.103455307019178e-05,4.787462596659213e-08,7.209585600444914e-08,0.00032406785506495497,1.0915802888280785e-08,1.8682012392118007e-06,7.607496245489624e-11,0.0046474812880329345,-0.005352518711967066,1
293.0,271.03132938724946,535.0959053430307,0.022828815912230346,0.04436035897359458,5003000.0,95.32381353722542,2.496138078894419e-05,3.110644714010054e-05,4.763966182208066e-08,7.189406990876677e-08,0.0003259304444268122,1.1020735640121142e-08,1.8661487056306257e-06,7.641427530971438e-11,0.0046423764399331265,-0.005357623560066874,1
294.0,271.02597176368937,534.8521471927404,0.02276718027352009,0.044352310597734215,5003000.0,95.57462279421175,2.500878831656316e-05,3.117814202194517e-05,4.7407527618967826e-08,7.169488184462504e-08,0.00032779102915071756,1.112631191139145e-08,1.8641161744034571e-06,7.675565952187104e-11,0.004637321354773859,-0.005362678645226141,1
295.0,271.02060908504416,534.60864006866,0.02270622004341499,0.044345000310738625,5003000.0,95.82631663245455,2.505596649439543e-05,3.124964027140968e-05,4.717817783227235e-08,7.149824946451236e-08,0.0003296496288149445,1.1232535687880386e-08,1.8621036407499335e-06,7.709912483049022e-11,0.004632316020691148,-0.005367683979308853,1
296.0,271.0152414010648,534.36538156768,0.02264592726367615,0.044338419584061775,5003000.0,96.07889614905602,2.510291806202945e-05,3.132094440248536e-05,4.695156763402096e-08,7.130413107567813e-08,0.0003315062629873576,1.133941097211033e-08,1.8601110862042302e-06,7.744468071136883e-11,0.004627360391776828,-0.005372639608223173,1
297.0,271.00986876145663,534.12236929047,0.02258629397818925,0.0443325598903229,5003000.0,96.33236243348763,2.514964571491725e-05,3.139205688812026e-05,4.6727652887799526e-08,7.111248563490445e-08,0.00033336095121226184,1.1446941783259692e-08,1.8581384793051546e-06,7.779233638879774e-11,0.004622454389795236,-0.005377545610204764,1
298.0,271.00449121584643,533.8796008429608,0.022527312238380667,0.044327412709125116,5003000.0,96.58671656901869,2.519615210506043e-05,3.146298016086331e-05,4.650639014317871e-08,7.092327274305194e-08,0.0003352137129979249,1.1555132157098229e-08,1.8561857762670834e-06,7.814210084707383e-11,0.004617597905852248,-0.005382402094147753,1
299.0,270.9991088137523,533.6370738377484,0.02246897410831643,0.04432296953261347,5003000.0,96.84195963406309,2.524243984169027e-05,3.1533716613502775e-05,4.628773662984112e-08,7.073645263946115e-08,0.0003370645678047476,1.1663986145928844e-08,1.8542529216247888e-06,7.849398284173689e-11,0.004612790801999349,-0.005387209198000651,1
300.0,270.9937216045543,533.3947858954233,0.022411271669568952,0.04431922187071564,5003000.0,97.09809270348879,2.5288511491941852e-05,3.16042685996989e-05,4.607165025158004e-08,7.055198619611985e-08,0.00033891353503406066,1.1773507818540461e-08,1.8523398488587999e-06,7.884799091045786e-11,0.0046080329127892936,-0.005391967087210707,1
301.0,270.9883296374671,533.1527346458272,0.022354197025822524,0.04431616125612532,5003000.0,97.35511684987293,2.5334369581521957e-05,3.1674638434610586e-05,4.585808958010502e-08,7.036983491168801e-08,0.0003407606340175274,1.1883701260169533e-08,1.8504464809986863e-06,7.920413338365199e-11,0.004603324046776842,-0.0053966759532231585,1
302.0,270.9829329615138,532.9109177292397,0.02229774230721558,0.04431377924900009,5003000.0,97.61303314469339,2.5380016595370603e-05,3.174482839551592e-05,4.56470138486471e-08,7.018996090533598e-08,0.0003426058840071297,1.1994570572468502e-08,1.8485727312038902e-06,7.956241839474983e-11,0.004598663987963637,-0.005401336012036363,1
303.0,270.9775316255018,532.6693327974975,0.022241899674469413,0.044312067441462294,5003000.0,97.87184265948511,2.5425454978316064e-05,3.1814840722426454e-05,4.543838294545942e-08,7.001232691053077e-08,0.00034444930416571847,1.2106119873484272e-08,1.8467185033259374e-06,7.992285389029076e-11,0.004594052497196785,-0.005405947502803215,1
304.0,270.972125677999,532.4279775150485,0.022186661322784632,0.04431101746176816,5003000.0,98.1315464669474,2.5470687135723234e-05,3.1884677618695017e-05,4.5232157407170886e-08,6.983689626855993e-08,0.00034629091355810755,1.221835329764433e-08,1.8448836924503213e-06,8.028544763957957e-11,0.00458948931351683,-0.00541051068648317,1
305.0,270.9667151673125,532.1868495599431,0.022132019485494675,0.044310620978304606,5003000.0,98.39214564198963,2.5515715434135202e-05,3.195434125161706e-05,4.502829841196683e-08,6.966363292203843e-08,0.00034813073114269114,1.2331274995748746e-08,1.8430681854169908e-06,8.0650207244164e-11,0.004584974155452544,-0.005415025844547456,1
306.0,270.9613001414679,531.9459466247652,0.022077966437535637,0.04431086970333846,5003000.0,98.65364126274996,2.5560542201907913e-05,3.2023833753025335e-05,4.4826767772711845e-08,6.94925014082794e-08,0.00034996877576356697,1.244488913497167e-08,1.8412718613241334e-06,8.101714014701926e-11,0.00458050672227414,-0.005419493277725861,1
307.0,270.9558806481902,531.7052664175051,0.022024494498685262,0.04431175539651732,5003000.0,98.9160344115538,2.5605169729837826e-05,3.209315721987786e-05,4.462752792991478e-08,6.932346685252578e-08,0.00035180506614314447,1.2559199898867844e-08,1.8394945920112213e-06,8.138625364139762e-11,0.004576086695194898,-0.005423913304805102,1
308.0,270.9504567348854,531.4648066623762,0.021971596036630653,0.04431326986820905,5003000.0,99.17932617584611,2.5649600271782477e-05,3.216231371483904e-05,4.443054194465134e-08,6.91564949611744e-08,0.000353639620875223,1.267421148738793e-08,1.8377362425260854e-06,8.175755487951735e-11,0.004571713738533076,-0.0054282862614669245,1
309.0,270.94502844862393,531.2245651005775,0.02191926346981709,0.044315404982581935,5003000.0,99.44351764906415,2.5693836045273823e-05,3.223130526685388e-05,4.423577349134391e-08,6.899155201483977e-08,0.0003554724584185184,1.2789928116897967e-08,1.8359966715719545e-06,8.213105088087791e-11,0.004567387500823962,-0.005432612499176038,1
310.0,270.93959583612474,530.984539491005,0.021867489270136063,0.044318152660532954,5003000.0,99.70860993148538,2.5737879232124333e-05,3.23001338717153e-05,4.404318685051037e-08,6.882860486141928e-08,0.0003573035970906239,1.2906354020207113e-08,1.8342757319391176e-06,8.250674854041257e-11,0.004563107615893689,-0.0054368923841063115,1
311.0,270.9341589437406,530.7447276109128,0.021816265965423118,0.04432150488237192,5003000.0,99.97460413102498,2.578173197902575e-05,3.2368801492624317e-05,4.385274690141836e-08,6.866762090901723e-08,0.00035913305506238746,1.3023493446599664e-08,1.8325732709186846e-06,8.288465463628176e-11,0.004558873703888508,-0.005441126296111492,1
312.0,270.9287178174445,530.5051272565266,0.021765586141790746,0.04432545369041184,5003000.0,100.24150136400142,2.582539639814044e-05,3.243731006074327e-05,4.366441911469102e-08,6.850856811895322e-08,0.0003609608503526881,1.3141350661873774e-08,1.8308891307004205e-06,8.326477583758691e-11,0.004554685372264453,-0.005445314627735547,1
313.0,270.92327250281676,530.2657362436111,0.021715442445811636,0.04432999119127572,5003000.0,100.50930275587228,2.586887456768533e-05,3.250566147574183e-05,4.3478169544889265e-08,6.83514149985639e-08,0.0003627870008235988,1.3259929948386329e-08,1.8292231487558284e-06,8.364711871165111e-11,0.004550542216740298,-0.005449457783259702,1
314.0,270.9178230450335,530.0265524079929,0.021665827586509274,0.04433510955809288,5003000.0,100.77800944191159,2.5912168532508314e-05,3.257385760633589e-05,4.329396482298132e-08,6.819613059405936e-08,0.00036461152417591446,1.337923560510015e-08,1.827575158202817e-06,8.403168973115057e-11,0.0045464438222047165,-0.005453556177795284,1
315.0,270.91236948885575,529.7875736060425,0.021616734337244016,0.044340801032556866,5003000.0,101.04762256788376,2.5955280304657182e-05,3.264190029081928e-05,4.3111772148869133e-08,6.80426844833866e-08,0.00036643443794503756,1.3499271947640223e-08,1.8259449881592074e-06,8.441849528108415e-11,0.004542389763595667,-0.0054576102364043335,1
316.0,270.9069118786193,529.5487977151145,0.021568155537424343,0.04434705792677416,5003000.0,101.31814329066322,2.599821186394101e-05,3.270979133758827e-05,4.293155928382795e-08,6.789104676899247e-08,0.0003682557594972009,1.362004330835198e-08,1.8243324640791587e-06,8.480754166540074e-11,0.004538379606737291,-0.005461620393262709,1
317.0,270.9014502582261,529.3102226339486,0.021520084094077963,0.044353872624990444,5003000.0,101.58957277882119,2.6040965158483935e-05,3.2777532525658886e-05,4.2753294542923165e-08,6.774118807061304e-08,0.0003700755060260153,1.374155403636402e-08,1.8227374080753195e-06,8.519883511345381e-11,0.004534412909141304,-0.0054655870908586965,1
318.0,270.89598467113524,529.0718462830351,0.02147251298331504,0.044361237585161646,5003000.0,101.86191221319902,2.60835421052714e-05,3.284512560517692e-05,4.257694678746353e-08,6.75930795180376e-08,0.0003718936945493293,1.386380849765758e-08,1.8211596392293653e-06,8.559238178623186e-11,0.004530489220779498,-0.005469510779220502,1
319.0,270.890515160356,528.8336666049438,0.021425435251642793,0.04436914534041698,5003000.0,102.13516278743619,2.6125944590688804e-05,3.291257229792084e-05,4.240248541740555e-08,6.744669274391503e-08,0.000373710341906387,1.3986811075138163e-08,1.819598973887448e-06,8.598818778242008e-11,0.004526608084818701,-0.005473391915181299,1
320.0,270.88504176844083,528.5956815646181,0.021378844017162422,0.04437758850034408,5003000.0,102.4093257084721,2.616817447105257e-05,3.297987429779733e-05,4.2229880363765985e-08,6.730199987649498e-08,0.0003755254647552712,1.4110566168711482e-08,1.8180552259431088e-06,8.638625914417032e-11,0.004522769038324563,-0.005477230961675437,1
321.0,270.87956453747915,528.357889149638,0.02133273247065313,0.0443865597521918,5003000.0,102.68440219702416,2.6210233573133618e-05,3.3047033271329773e-05,4.2059102081046825e-08,6.715897353244382e-08,0.0003773390795706179,1.423507819536386e-08,1.816528207108011e-06,8.678660186275542e-11,0.004518971612935031,-0.005481028387064969,1
322.0,270.8740835090921,528.1202873704515,0.021287093876546908,0.04439605186192571,5003000.0,102.96039348803843,2.6252123694673294e-05,3.311405085813941e-05,4.1890121539676026e-08,6.701758680963571e-08,0.0003791512026415927,1.4360351589246193e-08,1.8150177271707746e-06,8.718922188397624e-11,0.004515215335504234,-0.005484784664495766,1
323.0,270.8685987244276,527.8828742605757,0.021241921573787608,0.04440605767517819,5003000.0,103.23730083110976,2.629384660489174e-05,3.318092867141939e-05,4.172291021844645e-08,6.68778132799777e-08,0.0003809618500701156,1.4486390801760762e-08,1.8135235942433309e-06,8.759412511339147e-11,0.004511499728715322,-0.005488500271284678,1
324.0,270.86311022415634,527.6456478767705,0.02119720897660119,0.044416570118092705,5003000.0,103.51512549088486,2.6335404044988742e-05,3.324766829840166e-05,4.15574400970014e-08,6.673962698226571e-08,0.0003827710377693231,1.4613200301652506e-08,1.8120456149970387e-06,8.800131742137596e-11,0.00450782431166783,-0.00549217568833217,1
325.0,270.857618048468,527.4086062991844,0.021152949575156083,0.04442758219805802,5003000.0,103.79386874743363,2.6376797728637063e-05,3.331427130081672e-05,4.1393683648321474e-08,6.660300241506184e-08,0.00038457878146225743,1.474078457510239e-08,1.8105835948867718e-06,8.841080464798117e-11,0.004504188600435126,-0.005495811399564874,1
326.0,270.85212223706844,527.1717476314757,0.021109136936130857,0.04443908700432034,5003000.0,104.0735318965971,2.6418029342468305e-05,3.338073921534629e-05,4.123161383124195e-08,6.646791452957292e-08,0.00038638509668076967,1.4869148125823746e-08,1.8091373383644007e-06,8.882259260757592e-11,0.004500592108595475,-0.005499407891404525,1
327.0,270.846622829177,526.935070000908,0.021065764703212506,0.044451077708562686,5003000.0,104.3541162503252,2.6459100546551345e-05,3.344707355406895e-05,4.107120408304157e-08,6.633433872265799e-08,0.00038818999876463094,1.4998295475163263e-08,1.80770664908364e-06,8.923668709344725e-11,0.0044970343477416155,-0.005502965652258385,1
328.0,270.84111986352474,526.6985715584234,0.021022826597483002,0.04446354756529534,5003000.0,104.63562313697587,2.650001297486336e-05,3.3513275804898684e-05,4.0912428312016656e-08,6.620225082973331e-08,0.00038999350286083743,1.5128231162202173e-08,1.806291330092665e-06,8.965309388202827e-11,0.004493514827959924,-0.005506485172040076,1
329.0,270.8356133783527,526.4622504786928,0.020980316417741493,0.044476489912278094,5003000.0,104.91805390160347,2.654076823575349e-05,3.357934743201658e-05,4.0755260890128243e-08,6.607162711789466e-08,0.0003917956239231016,1.5258959743861606e-08,1.8048911840185012e-06,9.007181873720324e-11,0.004490033058289109,-0.005509966941710891,1
330.0,270.830103411411,526.2261049601458,0.020938228040759163,0.04448989817075116,5003000.0,105.20140990623341,2.65813679123992e-05,3.364528987629551e-05,4.059967664571212e-08,6.594244427892791e-08,0.0003935963767115212,1.539048579501119e-08,1.8035060132429433e-06,9.049286741424566e-11,0.0044865885471578205,-0.00551341145284218,1
331.0,270.82458999995816,525.9901332249798,0.020896555421437712,0.04450376584565426,5003000.0,105.48569253010214,2.6621813563255394e-05,3.3711104555717975e-05,4.044565085619204e-08,6.581467942246774e-08,0.00039539577579241516,1.5522813908577818e-08,1.8021356200675374e-06,9.091624566372036e-11,0.004483180802795079,-0.005516819197204921,1
332.0,270.81907318076094,525.7543335191514,0.02085529259291214,0.04451808652574938,5003000.0,105.77090316988844,2.6662106722496264e-05,3.3776792865787154e-05,4.029315924087054e-08,6.568831006917703e-08,0.00039719383553831833,1.565594869565801e-08,1.800779806871075e-06,9.134195923520026e-11,0.00447980933362205,-0.0055201906663779506,1
333.0,270.81355299009454,525.5187041123486,0.020814433666590387,0.044532853883664514,5003000.0,106.05704323992651,2.6702248900450045e-05,3.384235617993112e-05,4.014217795377919e-08,6.556331414397095e-08,0.00039899057012812765,1.5789894785632294e-08,1.7994383762589947e-06,9.177001388082128e-11,0.004476473648623707,-0.0055235263513762935,1
334.0,270.80802946374314,525.2832432979469,0.020773972832125988,0.04454806167589079,5003000.0,106.34411417240125,2.674224158402662e-05,3.390779584990045e-05,3.999268357657677e-08,6.543966996932845e-08,0.000400785993547391,1.5924656826281535e-08,1.7981111312043554e-06,9.220041535873558e-11,0.0044731732576995175,-0.005526826742300483,1
335.0,270.8025026370008,525.0479493929489,0.020733904357333712,0.04456370374270731,5003000.0,106.6321174175275,2.6782086237138133e-05,3.39731132061591e-05,3.984465311151117e-08,6.531735625865174e-08,0.0004025801195887313,1.6060239483905095e-08,1.796797875181259e-06,9.263316943641026e-11,0.004469907671995354,-0.005530092328004646,1
336.0,270.7969725446728,524.8128207379092,0.020694222588048792,0.04457977400801872,5003000.0,106.92105444371356,2.6821784301112577e-05,3.403830955826875e-05,3.9698063974442207e-08,6.51963521096499e-08,0.00040437296185239673,1.6196647443440815e-08,1.7954984122907792e-06,9.306828189373837e-11,0.004466676404216751,-0.005533323595783249,1
337.0,270.79143922107704,524.5778556968443,0.020654921947935903,0.04459626647919041,5003000.0,107.21092673771119,2.686133719510051e-05,3.410338619526662e-05,3.95528939879335e-08,6.507663699786517e-08,0.0004061645337469339,1.6333885408586908e-08,1.7942125473799375e-06,9.350575852613162e-11,0.004463478968924882,-0.005536521031075118,1
338.0,270.785902700046,524.3430526571296,0.02061599693824006,0.044613175246797046,5003000.0,107.501735804746,2.6900746316474908e-05,3.4168344386036834e-05,3.940912137439521e-08,6.49581907702182e-08,0.00040795484848997184,1.6471958101924643e-08,1.79294008615309e-06,9.394560514741723e-11,0.004460314882813644,-0.005539685117186356,1
339.0,270.7803630149288,524.1084100293842,0.020577442137507108,0.04463049448428881,5003000.0,107.79348316864613,2.6940013041224235e-05,3.423318537967541e-05,3.926672474932613e-08,6.484099363857673e-08,0.0004097439191091152,1.6610870265044346e-08,1.7916808352780927e-06,9.438782759255834e-11,0.00445718366497376,-0.00554281633502624,1
340.0,270.7748201985938,523.8739262473422,0.020539252201238593,0.04464821844769017,5003000.0,108.08617037194142,2.697913872433882e-05,3.429791040584892e-05,3.912568311458573e-08,6.472502617350823e-08,0.00041153175844293576,1.6750626658670345e-08,1.7904346024842733e-06,9.483243172040714e-11,0.004454084837136496,-0.005545915162863504,1
341.0,270.7692742834309,523.6395997677147,0.02050142186152132,0.04466634147517037,5003000.0,108.3797989759632,2.7018124700190587e-05,3.4362520675146906e-05,3.898597585176817e-08,6.46102692979846e-08,0.0004133183791420595,1.689123206278925e-08,1.7892011966556618e-06,9.527942341618392e-11,0.004451017923905587,-0.005548982076094413,1
342.0,270.7637253013548,523.4054290700401,0.02046394592661074,0.044684857986621265,5003000.0,108.6743705609266,2.7056972282906225e-05,3.442701737942814e-05,3.8847582715636515e-08,6.449670428123017e-08,0.0004151037936703415,1.703269127677863e-08,1.7879804279177482e-06,9.572880859394341e-11,0.004447982452973061,-0.00555201754702694,1
343.0,270.75817328380776,523.1714126565253,0.020426819280480506,0.04470376248319487,5003000.0,108.96988672600351,2.709568276673386e-05,3.449140169216078e-05,3.8710483827636084e-08,6.438431273264108e-08,0.00041688801430612353,1.717500911953727e-08,1.7867721077188192e-06,9.618059319893429e-11,0.004444977955321566,-0.005555022044678434,1
344.0,270.7526182617631,522.9375490518771,0.020390036882340597,0.04472304954676972,5003000.0,109.26634908938665,2.713425742640335e-05,3.455567476875651e-05,3.857465966948913e-08,6.42730765957316e-08,0.0004186710531435693,1.73181904296168e-08,1.7855760489061394e-06,9.663478320978662e-11,0.004442003965413895,-0.005557996034586106,1
345.0,270.74706026572846,522.7038368031263,0.020353593766111632,0.04474271383940247,5003000.0,109.56375928833516,2.7172697517480193e-05,3.4619837746898696e-05,3.8440091076843945e-08,6.416297814218347e-08,0.0004204529220940714,1.7462240065353103e-08,1.7843920657959083e-06,9.709138464063269e-11,0.004439060021367007,-0.005560939978632993,1
346.0,270.7414993257498,522.4702744794422,0.020317485039877018,0.044762750102788545,5003000.0,109.8621189792166,2.721100427671321e-05,3.4683891746864725e-05,3.830675923301626e-08,6.405399996602943e-08,0.0004222336328877248,1.7607162904999788e-08,1.783219974238916e-06,9.755040354322523e-11,0.004436145665115355,-0.005563854334884645,1
347.0,270.73593547141496,522.2368606719416,0.020281705885312706,0.044783153157587664,5003000.0,110.16142983754214,2.724917892237603e-05,3.474783787184249e-05,3.8174645662819115e-08,6.394612497776587e-08,0.0004240131970748628,1.7752963846862838e-08,1.782059591681881e-06,9.801184600874176e-11,0.004433260442563474,-0.005566739557436526,1
348.0,270.73036873185754,522.0035939934896,0.02024625155708387,0.04480391790283879,5003000.0,110.46169355798905,2.7287222654602487e-05,3.4811677208241195e-05,3.804373222645835e-08,6.383933639870764e-08,0.00042579162602765134,1.789964780943571e-08,1.7809107372236055e-06,9.847571816974428e-11,0.004430403903725679,-0.005569596096274321,1
349.0,270.72479913576126,521.7704730784949,0.020211117382215045,0.044825039315261106,5003000.0,110.76291185441274,2.732513665571599e-05,3.487541082599649e-05,3.7914001113503283e-08,6.37336177552972e-08,0.00042756893094173524,1.8047219731534813e-08,1.7797732316665256e-06,9.894202620186329e-11,0.004427575602854299,-0.005572424397145701,1
350.0,270.7192267113641,521.5374965826992,0.02017629875943961,0.04484651244858689,5003000.0,111.06508645985167,2.736292209055293e-05,3.4939039778870063e-05,3.778543483694028e-08,6.362895287356971e-08,0.00042934512283793354,1.8195684572435925e-08,1.778646897564189e-06,9.941077632551707e-11,0.00442477509855779,-0.00557522490144221,1
351.0,270.71365148646265,521.3046631829616,0.020141791158537776,0.0448683324328369,5003000.0,111.36821912653112,2.7400580106780255e-05,3.500256510474371e-05,3.765801622732375e-08,6.35253258736476e-08,0.00043112021256398015,1.8345047312012383e-08,1.7775315592655194e-06,9.988197480748055e-11,0.004422001953910848,-0.005577998046089152,1
352.0,270.7080734884166,521.0719715770375,0.020107590119637874,0.0448904944735784,5003000.0,111.67231162584696,2.743811183520723e-05,3.5065987825908024e-05,3.753172842697484e-08,6.342272116431758e-08,0.00043289421079630486,1.849531295087184e-08,1.7764270429536794e-06,1.0035562796236965e-10,0.004419255736551088,-0.005580744263448912,1
353.0,270.7024927441531,520.8394204833543,0.020073691252524076,0.04491299385121004,5003000.0,111.97736574836031,2.7475518390091534e-05,3.512930894934577e-05,3.740655488430511e-08,6.332112343774943e-08,0.0004346671280418525,1.8646486510496566e-08,1.7753331766833318e-06,1.0083174215416541e-10,0.004416536018771736,-0.005583463981228264,1
354.0,270.6969092801719,520.6070086407816,0.020040090235902273,0.04493582592013752,5003000.0,112.28338330376597,2.7512800869439708e-05,3.519252946700993e-05,3.728247934817317e-08,6.322051766416592e-08,0.00043643897463993493,1.8798573033381037e-08,1.7742497904121182e-06,1.0131032379744601e-10,0.004413842377599938,-0.0055861576224000625,1
355.0,270.6913231225495,520.3747348083999,0.020006782816673098,0.04495898610805911,5003000.0,112.59036612087128,2.754996035530207e-05,3.5255650356096695e-05,3.7159485862362405e-08,6.312088908676438e-08,0.000438209760764114,1.895157758317286e-08,1.773176716030679e-06,1.0179137935883806e-10,0.004411174394871442,-0.005588825605128558,1
356.0,270.68573429694436,520.1425977652642,0.019973764809173355,0.04498246991508187,5003000.0,112.89831604755472,2.7586997914062175e-05,3.5318672579313196e-05,3.703755876010557e-08,6.30222232165029e-08,0.00043997949642411087,1.9105505244811653e-08,1.772113787387834e-06,1.0227491535804497e-10,0.0044085316572932435,-0.005591468342706757,1
357.0,270.6801428286017,519.9105963101663,0.01994103209442655,0.04500627291299198,5003000.0,113.20723495073496,2.7623914596720905e-05,3.538159708514039e-05,3.691668265872875e-08,6.292450582719409e-08,0.0004417481914677403,1.9260361124671177e-08,1.7710608403145452e-06,1.0276093836919223e-10,0.004405913756503185,-0.0055940862434968154,1
358.0,270.6745487423582,519.6787292613935,0.01990858061936681,0.04503039074438017,5003000.0,113.51712471632233,2.766071143917525e-05,3.544442480809088e-05,3.6796842454346565e-08,6.282772295049345e-08,0.00044351585558286596,1.9416150350699726e-08,1.7700177126435526e-06,1.0324945502180322e-10,0.00440332028911882,-0.0055966797108811805,1
359.0,270.6689520626473,519.4469954564865,0.019876406396055507,0.04505481912181635,5003000.0,113.8279872491682,2.7697389462491892e-05,3.5507156668961926e-05,3.6678023316641956e-08,6.273186087104664e-08,0.00044528249829937303,1.957287807256135e-08,1.7689842442264176e-06,1.0374047200184683e-10,0.004400750856779797,-0.005599249143220203,1
360.0,270.66335281350405,519.2153937519945,0.0198445055008961,0.04507955382702825,5003000.0,114.13982447301208,2.773394967317563e-05,3.5569793575083655e-05,3.6560210683737865e-08,6.263690612173181e-08,0.000447048128991158,1.973054946177784e-08,1.767960276948476e-06,1.0423399605275823e-10,0.004398205066185078,-0.005601794933814922,1
361.0,270.65775101857025,518.9839230232291,0.019812874073833246,0.045104590710014464,5003000.0,114.45263833042023,2.7770393063432764e-05,3.563233642056256e-05,3.6443390257133556e-08,6.254284547889986e-08,0.0004488127568781299,1.9889169711870313e-08,1.7669456547405304e-06,1.0473003397626892e-10,0.004395682529122005,-0.005604317470877996,1
362.0,270.65214670109935,518.7525821640172,0.019781508317566913,0.04512992568824218,5003000.0,114.76643078273474,2.7806720611429524e-05,3.5694786086520374e-05,3.6327547996758796e-08,6.244966595781519e-08,0.0004505763910282244,2.0048744038503554e-08,1.7659402235900014e-06,1.0522859263340143e-10,0.004393182862494057,-0.005606817137505943,1
363.0,270.64653988396185,518.5213700864533,0.01975040449672438,0.04515555474571401,5003000.0,115.08120380999156,2.7842933281545564e-05,3.575714344132838e-05,3.621267011604018e-08,6.235735480800264e-08,0.0004523390403594241,2.0209277679625913e-08,1.7649438315465517e-06,1.0572967894510298e-10,0.004390705688334835,-0.005609294311665165,1
364.0,270.64093058965017,518.2902857206502,0.019719558937068442,0.04518147393216697,5003000.0,115.39695941086478,2.7879032024622685e-05,3.581940934083723e-05,3.6098743077119754e-08,6.226589950885516e-08,0.0004541007136417874,2.0370775895614613e-08,1.7639563287291149e-06,1.0623329989316635e-10,0.004388250633825557,-0.005611749366174443,1
365.0,270.635318840284,518.0593280144902,0.01968896802466891,0.045207679362163626,5003000.0,115.71369960258286,2.7915017778208775e-05,3.58815846286024e-05,3.598575358609129e-08,6.217528776517511e-08,0.00045586141949947943,2.0533243969416957e-08,1.7629775673279213e-06,1.0673946252084231e-10,0.0043858173313000865,-0.005614182668699914,1
366.0,270.6297046576153,517.8284959333756,0.01965862820510253,0.0452341672142276,5003000.0,116.0314264208648,2.7950891466797146e-05,3.5943670136105256e-05,3.587368858837038e-08,6.208550750285394e-08,0.00045762116641280727,2.0696687206695716e-08,1.7620074016073257e-06,1.0724817393353389e-10,0.0043834054182519825,-0.005616594581748018,1
367.0,270.6240880630336,517.5977884599797,0.019628535982621355,0.04526093372998152,5003000.0,116.35014191983124,2.7986654002061233e-05,3.600566668296989e-05,3.5762535264087834e-08,6.199654686463107e-08,0.0004593799627202542,2.0861110935970817e-08,1.7610456879041496e-06,1.0775944129943588e-10,0.004381014537330365,-0.005618985462669635,1
368.0,270.6184690775709,517.3672045939974,0.019598687919342998,0.04528797521324458,5003000.0,116.66984817192909,2.8022306283084832e-05,3.6067575077175765e-05,3.5652281023600814e-08,6.190839420587329e-08,0.00046113781662051375,2.102652050876397e-08,1.760092284626302e-06,1.0827327185005496e-10,0.004378644336336495,-0.005621355663663505,1
369.0,270.61284772190726,517.1367433518969,0.019569080634429952,0.04531528802917388,5003000.0,116.99054726784692,2.8057849196587892e-05,3.612939611526625e-05,3.554291350306074e-08,6.182103809048555e-08,0.0004628947361745199,2.1192921299742273e-08,1.7591470522488107e-06,1.0878967288078415e-10,0.004376294468213901,-0.005623705531786099,1
370.0,270.6072240163755,516.9064037666722,0.0195397108032709,0.045342868603407846,5003000.0,117.3122413164278,2.8093283617147952e-05,3.6191130582553146e-05,3.543442056005934e-08,6.173446728689574e-08,0.00046465072930747356,2.1360318706861858e-08,1.758209853308434e-06,1.0930865175144275e-10,0.004373964591034973,-0.005626035408965027,1
371.0,270.6015979809665,516.6761848875948,0.019510575156669978,0.0453707134211465,5003000.0,117.6349324445859,2.8128610407417312e-05,3.625277925331717e-05,3.532679026936161e-08,6.164867076402439e-08,0.0004664058038108626,2.1528718151512694e-08,1.757280552397419e-06,1.098302158866322e-10,0.0043716543679854425,-0.005628345632014558,1
372.0,270.5959696353345,516.4460857799687,0.01948167048002689,0.04539881902631518,5003000.0,117.95862279721372,2.8163830418336005e-05,3.63143428910046e-05,3.52200109186933e-08,6.156363768743396e-08,0.00046815996734447525,2.1698125078662034e-08,1.7563590161549173e-06,1.1035437277623995e-10,0.004369363467343026,-0.005630636532656975,1
373.0,270.5903389988018,516.216105524885,0.019452993612525206,0.045427182020679586,5003000.0,118.28331453709,2.8198944489340616e-05,3.6375822248420084e-05,3.511407100461231e-08,6.147935741547956e-08,0.00046991322743840413,2.1868544956998483e-08,1.7554451132576236e-06,1.1088112997579213e-10,0.00436709156245414,-0.0056329084375458605,1
374.0,270.5847060903643,515.9862432189781,0.019424541446328332,0.04545579906297239,5003000.0,118.60900984479122,2.8233953448569078e-05,3.6437218067915623e-05,3.500895922846123e-08,6.139581949553983e-08,0.0004716655914950411,2.2039983279076897e-08,1.7545387144096335e-06,1.1141049510679578e-10,0.004364838331708673,-0.005635161668291327,1
375.0,270.579070928696,515.7564979741829,0.01939631092577718,0.04548466686806855,5003000.0,118.93571091860042,2.8268858113061468e-05,3.6498531081575996e-05,3.4904664492388636e-08,6.131301366037538e-08,0.00047341706679106087,2.221244556146335e-08,1.7536396923310129e-06,1.1194247585715769e-10,0.004362603458511554,-0.005637396541488446,1
376.0,270.5734335321545,515.5268689174951,0.01936829904657759,0.04551378220607312,5003000.0,119.26341997440335,2.8303659288956883e-05,3.655976201140043e-05,3.4801175895416344e-08,6.123092982443385e-08,0.00047516766047939267,2.238593734487776e-08,1.7527479217440361e-06,1.1247707998134293e-10,0.004360386631248515,-0.005639613368751485,1
377.0,270.56779391878575,515.2973551907309,0.019340502855015686,0.04554314190151118,5003000.0,119.5921392456014,2.8338357771686502e-05,3.662091156948078e-05,3.469848272961898e-08,6.114955808034973e-08,0.0004769173795911794,2.2560464194340007e-08,1.7518632793605428e-06,1.1301431530075413e-10,0.0043581875432546465,-0.005641812456745354,1
378.0,270.562152106329,515.0679559502901,0.019312919447157254,0.04557274283242744,5003000.0,119.92187098300869,2.8372954346162838e-05,3.6681980458176165e-05,3.459657447633632e-08,6.10688886953847e-08,0.0004786662310377214,2.2736031699313196e-08,1.7509856438665164e-06,1.1355418970383998e-10,0.0043560058927760315,-0.005643994107223969,1
379.0,270.55650811222176,514.8386703669206,0.019285545968067738,0.04560258192961623,5003000.0,120.25261745475942,2.840744978696532e-05,3.674296937028426e-05,3.449544080248151e-08,6.098891210809655e-08,0.000480414221612407,2.2912645473849147e-08,1.7501148959071735e-06,1.1409671114649088e-10,0.004353841382932659,-0.005646158617067341,1
380.0,270.5508619536047,514.6094976254847,0.01925837961103079,0.04563265617571945,5003000.0,120.58438094620911,2.8441844858522224e-05,3.680387898920915e-05,3.439507155690488e-08,6.090961892489108e-08,0.00048216135799262696,2.3090311156732727e-08,1.7492509180706328e-06,1.1464188765206891e-10,0.004351693721677799,-0.005648306278322201,1
381.0,270.54521364732636,514.3804369247272,0.019231417616769258,0.04566296260442144,5003000.0,120.91716375983309,2.8476140315289044e-05,3.6864709989125907e-05,3.429545676681878e-08,6.083099991675625e-08,0.00048390764674167226,2.3269034411625897e-08,1.748393594870539e-06,1.1518972731163281e-10,0.004349562621754775,-0.005650437378245225,1
382.0,270.53956320994814,514.1514874770467,0.019204657272681582,0.04569349829962431,5003000.0,121.25096821513189,2.8510336901923348e-05,3.692546303514193e-05,3.4196586634304625e-08,6.075304601602431e-08,0.0004856530943106145,2.3448820927213006e-08,1.7475428127288112e-06,1.1574023828408386e-10,0.004347447800654055,-0.005652552199345945,1
383.0,270.5339106577488,513.9226485082676,0.01917809591208406,0.04572426039463156,5003000.0,121.58579664853416,2.8544435353456234e-05,3.698613878345513e-05,3.409845153288435e-08,6.067574831319687e-08,0.0004873977070401708,2.362967641734587e-08,1.7466984599577198e-06,1.1629342879629123e-10,0.004345348980568665,-0.005654651019431335,1
384.0,270.52825600672935,513.6939192574157,0.019151730913439444,0.04575524607133364,5003000.0,121.92165141328634,2.8578436395460353e-05,3.704673788150895e-05,3.4001042004120036e-08,6.059909805382396e-08,0.0004891414911625465,2.3811606621186192e-08,1.7458604267395314e-06,1.1684930714317236e-10,0.004343265888343555,-0.0056567341116564454,1
385.0,270.5225992726177,513.4652989764953,0.019125559699628467,0.04578645255938832,5003000.0,122.25853487936665,2.8612340744214694e-05,3.7107260968144375e-05,3.39043487543405e-08,6.052308663542628e-08,0.0004908844528032634,2.3994617303352662e-08,1.7450286051088591e-06,1.1740788168774401e-10,0.0043411982554316915,-0.005658801744568309,1
386.0,270.5169404708731,513.236786930269,0.019099579737198637,0.04581787713547552,5003000.0,122.59644943337925,2.8646149106866072e-05,3.7167708673748934e-05,3.380836265137766e-08,6.044770560456267e-08,0.0004926265979829654,2.4178714254064428e-08,1.7442028889318233e-06,1.1796916086130446e-10,0.004339145817842228,-0.005660854182157772,1
387.0,270.51127961669096,513.0083823960397,0.019073788535633546,0.04584951712245159,5003000.0,122.93539747845585,2.867986218158746e-05,3.722808162040275e-05,3.3713074721387616e-08,6.037294665381499e-08,0.0004943679326192057,2.436390328928576e-08,1.7433831738859513e-06,1.1853315316333328e-10,0.004337108316090491,-0.0056628916839095095,1
388.0,270.50561672500703,512.7800846634356,0.019048183646628355,0.04588136988861052,5003000.0,123.27538143415771,2.871348065773319e-05,3.72883804220217e-05,3.361847614572998e-08,6.029880161895781e-08,0.0004961084625282144,2.4550190250870862e-08,1.7425693574395357e-06,1.190998671616218e-10,0.004335085495146642,-0.005664914504853358,1
389.0,270.4999518105022,512.5518930341974,0.019022762663369854,0.04591343284689005,5003000.0,123.61640373637519,2.8747005215991092e-05,3.7348605684497805e-05,3.35245582579015e-08,6.022526247610237e-08,0.0004978481934266444,2.4737581006708125e-08,1.741761338830349e-06,1.196693114922269e-10,0.004333077104382728,-0.005666922895617273,1
390.0,270.49428488760657,512.3238068219679,0.018997523219834857,0.0459457034541353,5003000.0,123.95846683723433,2.878043652853164e-05,3.740875800583676e-05,3.343131254054681e-08,6.015232133895882e-08,0.0004995871309332975,2.4926081450865732e-08,1.7409590190449699e-06,1.2024149485954034e-10,0.00433108289752125,-0.00566891710247875,1
391.0,270.4886159705041,512.0958253520844,0.018972462990080624,0.04597817921031606,5003000.0,124.30157320499417,2.8813775259154138e-05,3.746883797629284e-05,3.3338730622499175e-08,6.007997045608223e-08,0.0005013252805708281,2.5115697503735312e-08,1.740162300796363e-06,1.208164260361947e-10,0.004329102632579397,-0.005670897367420603,1
392.0,270.4829450731367,511.8679479613737,0.018947579687557215,0.04601085765781414,5003000.0,124.64572532395152,2.8847022063430042e-05,3.752884617850109e-05,3.3246804275902424e-08,6.000820220825052e-08,0.0005030626477674277,2.530643511217699e-08,1.739371088502458e-06,1.2139411386311964e-10,0.004327136071815754,-0.005672863928184246,1
393.0,270.47727220920854,511.64017399795,0.018922871064424154,0.04604373638065549,5003000.0,124.9909256943463,2.8880177588843426e-05,3.7588783187606903e-05,3.3155525413382095e-08,5.993700910581319e-08,0.0005047992378584849,2.5498300249664428e-08,1.7385852882641338e-06,1.219745672494216e-10,0.0043251829816755415,-0.005674817018324459,1
394.0,270.47159739219023,511.4125028210149,0.018898334910870458,0.04607681300381342,5003000.0,125.33717683226097,2.8913242474928688e-05,3.7648649571393076e-05,3.30648860852632e-08,5.986638378617087e-08,0.0005065350560882262,2.5691298916428627e-08,1.7378048078425607e-06,1.2255779517240526e-10,0.00432324313273425,-0.00567675686726575,1
395.0,270.46592063532296,511.18493380066064,0.0188739690544546,0.04611008519247791,5003000.0,125.68448126953083,2.894621735340555e-05,3.770844589040433e-05,3.2974878476862413e-08,5.979631901125099e-08,0.0005082701076113342,2.5885437139603716e-08,1.7370295566374252e-06,1.2314380667748314e-10,0.00432131629964347,-0.00567868370035653,1
396.0,270.4602419516226,510.9574663176758,0.01884977135943569,0.04614355065134858,5003000.0,126.03284155364143,2.8979102848311354e-05,3.776817269806938e-05,3.288549490580362e-08,5.972680766505176e-08,0.0005100043974945418,2.6080720973370023e-08,1.73625944566343e-06,1.2373261087809897e-10,0.004319402261072441,-0.005680597738927559,1
397.0,270.45456135388366,510.7300997633538,0.018825739726137148,0.04617720712393083,5003000.0,126.38226024764418,2.901189957613078e-05,3.782783054082061e-05,3.279672781942759e-08,5.965784275122799e-08,0.0005117379307182071,2.627715649910072e-08,1.7354943875288779e-06,1.2432421695564297e-10,0.004317500799654773,-0.005682499200345227,1
398.0,270.4488788546833,510.50283353930394,0.018801872090295404,0.0462110523918756,5003000.0,126.7327399300553,2.9044608145922992e-05,3.788741995821138e-05,3.2708569792212515e-08,5.958941739076808e-08,0.0005134707121778645,2.6474749825504966e-08,1.7347342964120097e-06,1.2491863415943125e-10,0.004315611701929585,-0.005684388298070415,1
399.0,270.44319446638525,510.27566705726554,0.018778166422431613,0.04624508427425397,5003000.0,127.08428319476623,2.9077229159446264e-05,3.794694148303101e-05,3.262101352327024e-08,5.952152481962476e-08,0.000515202746685753,2.667350708877308e-08,1.7339790880385917e-06,1.2551587180649088e-10,0.00431373475828575,-0.00568626524171425,1
400.0,270.43750820114354,510.0485997389244,0.018754620727237045,0.04627930062693992,5003000.0,127.43689265095828,2.9109763211280164e-05,3.8006395641417524e-05,3.2534051833900964e-08,5.9454158386516964e-08,0.0005169340389723238,2.687343445272263e-08,1.733228679659922e-06,1.261159392816021e-10,0.0043118697629071934,-0.005688130237092807,1
401.0,270.43182007090644,509.82163101573224,0.018731233042948,0.046313699341910784,5003000.0,127.79057092300464,2.9142210888945328e-05,3.806578295296819e-05,3.244767766516407e-08,5.938731155066187e-08,0.0005186645936877247,2.707453810894167e-08,1.7324829900290707e-06,1.2671884603707687e-10,0.004310016513713777,-0.005689983486286223,1
402.0,270.4261300874202,509.59476032872885,0.018708001440741646,0.04634827834660953,5003000.0,128.14532065037986,2.9174572773020845e-05,3.8125103930847806e-05,3.2361884075518227e-08,5.9320977879617975e-08,0.0005203944154032611,2.727682427693327e-08,1.7317419393782242e-06,1.2732460159267578e-10,0.0043081748123049496,-0.005691825187695051,1
403.0,270.4204382622325,509.36798712836696,0.018684924024150805,0.04638303560331079,5003000.0,128.5011444875814,2.920684943725937e-05,3.818435908189497e-05,3.227666423852644e-08,5.925515104716521e-08,0.0005221235086128375,2.748029920426252e-08,1.7310054493970035e-06,1.2793321553551608e-10,0.004306344463905807,-0.005693655536094193,1
404.0,270.4147446066964,509.1413108743397,0.01866199892846726,0.04641796910848361,5003000.0,128.8580451040342,2.9239041448699943e-05,3.824354890672618e-05,3.219201144057296e-08,5.918982483121245e-08,0.0005238518777343734,2.76849691666998e-08,1.7302734432089665e-06,1.2854469751992137e-10,0.004304525277308645,-0.005695474722691355,1
405.0,270.4090491319737,508.9147310354109,0.018639224320163093,0.04645307689217051,5003000.0,129.21602518400377,2.9271149367778584e-05,3.830267389983794e-05,3.2107919078641976e-08,5.9124993111756186e-08,0.0005255795271111996,2.789084046836553e-08,1.7295458453490168e-06,1.2915905726729278e-10,0.004302717064816755,-0.005697282935183246,1
406.0,270.40335184903853,508.68824708924825,0.01861659839632519,0.04648835701736348,5003000.0,129.57508742651356,2.9303173748436734e-05,3.83617345497068e-05,3.202438065814893e-08,5.90606498688657e-08,0.0005273064610134309,2.8097919441875782e-08,1.7288225817413058e-06,1.297763045659444e-10,0.004300919642189457,-0.005699080357810543,1
407.0,270.3976527686807,508.4618585222586,0.018594119384101455,0.046523807579441585,5003000.0,129.9352345452677,2.9335115138227555e-05,3.8420731338887577e-05,3.194138979082088e-08,5.899678918077385e-08,0.0005290326836393183,2.8306212448488934e-08,1.728103579677494e-06,1.303964492710812e-10,0.004299132828588029,-0.0057008671714119715,1
408.0,270.3919519015093,508.23556482942644,0.018571785540132384,0.046559426705520685,5003000.0,130.2964692685527,2.9366974078420137e-05,3.8479664744109464e-05,3.1858940192580784e-08,5.893340522188773e-08,0.000530758199116577,2.8515725878247356e-08,1.7273887677929865e-06,1.3101950130448683e-10,0.00429735644651658,-0.00570264355348342,1
409.0,270.3862492579558,508.00936551415515,0.018549595150024682,0.046595212553918665,5003000.0,130.6587943391698,2.9398751104101667e-05,3.853853523637043e-05,3.1777025681531006e-08,5.887049226097028e-08,0.0005324830115036954,2.872646615012587e-08,1.7266780760463473e-06,1.3164547065452624e-10,0.004295590321770849,-0.005704409678229151,1
410.0,270.38054484827757,507.7832600881102,0.018527546527807515,0.046631163313541536,5003000.0,131.0222125143465,2.9430446744277603e-05,3.8597343281029684e-05,3.1695640175934506e-08,5.880804465925149e-08,0.0005342071247912206,2.8938439712175245e-08,1.7259714356964666e-06,1.3227436737588263e-10,0.004293834283381402,-0.005706165716618598,1
411.0,270.37483868256095,507.5572480710656,0.018505638015412804,0.04666727720335636,5003000.0,131.38672656566064,2.9462061521969865e-05,3.865608933789836e-05,3.161477769226344e-08,5.8746056868673163e-08,0.0005359305429030228,2.915165304166838e-08,1.7252687792812951e-06,1.3290620158951547e-10,0.004292088163560739,-0.005707911836439261,1
412.0,270.3691307707245,507.33132899075275,0.01848386798215663,0.04670355247181024,5003000.0,131.75233927896184,2.949359595431314e-05,3.871477386132845e-05,3.1534432343275264e-08,5.8684523430093396e-08,0.0005376532696975392,2.93661126452458e-08,1.724570040596051e-06,1.3354098348244013e-10,0.004290351797649071,-0.005709648202350929,1
413.0,270.36342112252214,507.10550238271173,0.01846223482422845,0.046739987396289935,5003000.0,132.11905345429102,2.952505055264927e-05,3.8773397300300016e-05,3.145459833612743e-08,5.86234389715664e-08,0.0005393753089689953,2.9581825059060415e-08,1.7238751546715351e-06,1.3417872330758824e-10,0.00428862502406039,-0.00571137497593961,1
414.0,270.3577097475462,506.8797677901454,0.018440736964194963,0.0467765802825807,5003000.0,132.48687190580853,2.955642582261981e-05,3.883196009850666e-05,3.137526997054131e-08,5.856279820664603e-08,0.0005410966644486067,2.9798796848924046e-08,1.7231840577531954e-06,1.3481943138364698e-10,0.004286907684230378,-0.005713092315769623,1
415.0,270.35199665523044,506.6541247637759,0.018419372850511373,0.04681332946434556,5003000.0,132.85579746171993,2.9587722264256812e-05,3.88904626944394e-05,3.1296441637002535e-08,5.850259593273878e-08,0.0005428173398057597,3.001703461045341e-08,1.7224966872802955e-06,1.3546311809492641e-10,0.004285199622564597,-0.005714800377435403,1
416.0,270.346281854853,506.4285728617034,0.01839814095703376,0.046850233302614265,5003000.0,133.22583296419998,2.9618940372071797e-05,3.894890552146889e-05,3.121810781498656e-08,5.844282702949172e-08,0.0005445373386491708,3.023654496921537e-08,1.721812981864609e-06,1.3610979389122446e-10,0.004283500686385483,-0.005716499313614517,1
417.0,270.34056535553935,506.20311164926795,0.018377039782543167,0.046887290185253346,5003000.0,133.59698126931792,2.9650080635143025e-05,3.900728900792607e-05,3.1140263071226796e-08,5.838348645718084e-08,0.0005462566645280262,3.045733458087238e-08,1.7211328812696399e-06,1.3675946928761445e-10,0.004281810725880657,-0.005718189274119343,1
418.0,270.33484716626526,505.97774069891324,0.018356067850284454,0.04692449852645093,5003000.0,133.9692452469716,2.9681143537201055e-05,3.906561357718121e-05,3.106290205802966e-08,5.832456925513965e-08,0.0005479753209331011,3.067941013132975e-08,1.7204563263906622e-06,1.3741215486425393e-10,0.004280129594053274,-0.005719870405946726,1
419.0,270.32912729585934,505.75245959005287,0.018335223707511596,0.04696185676628351,5003000.0,134.3426277808199,2.9712129556712678e-05,3.9123879647721517e-05,3.098601951162211e-08,5.8266070540309634e-08,0.0005496933112978595,3.0902778336882464e-08,1.7197832592348324e-06,1.380678612664024e-10,0.004278457146672548,-0.005721542853327453,1
420.0,270.323405753006,505.5272679089393,0.018314505925030783,0.04699936337017684,5003000.0,134.71713176820916,2.9743039166963194e-05,3.91820876332272e-05,3.0909610250516564e-08,5.820798550568281e-08,0.0005514106389995341,3.112744594436045e-08,1.7191136229005704e-06,1.387265992041036e-10,0.0042767932422224575,-0.005723206757777543,1
421.0,270.31768254624825,505.3021652485349,0.018293913096754173,0.047037016828439235,5003000.0,135.09276012010145,2.9773872836137108e-05,3.924023794264605e-05,3.0833669173914426e-08,5.815030941885401e-08,0.0005531273073601855,3.135341973127398e-08,1.7184473615574261e-06,1.3938837945205193e-10,0.004275137741851675,-0.0057248622581483255,1
422.0,270.3119576839901,505.07715120838543,0.018273443839282276,0.04707481565581655,5003000.0,135.46951576102293,2.9804631027397285e-05,3.9298330980266674e-05,3.0758191260177335e-08,5.809303762061891e-08,0.0005548433196477444,3.1580706505963804e-08,1.717784420428103e-06,1.4005321284951652e-10,0.004273490509328829,-0.0057265094906711715,1
423.0,270.30623117449943,504.85222539449586,0.018253096791460446,0.047112758391003824,5003000.0,135.84740162898458,2.983531419896256e-05,3.935636714579022e-05,3.0683171565274845e-08,5.803616552354007e-08,0.0005565586790770331,3.180931310774456e-08,1.7171247457676004e-06,1.4072111030008858e-10,0.004271851410990638,-0.005728148589009362,1
424.0,270.3005030259104,504.6273874192085,0.018232870613970085,0.04715084359622271,5003000.0,136.22642067542677,2.986592280418387e-05,3.941434683440083e-05,3.060860522130913e-08,5.797968861061155e-08,0.0005582733888107678,3.203924640705374e-08,1.7164682848450997e-06,1.4139208277161875e-10,0.004270220315696839,-0.005729779684303161,1
425.0,270.2947732462261,504.4026369010833,0.018212763988915026,0.04718906985677021,5003000.0,136.60657586515464,2.989645729161892e-05,3.947227043683474e-05,3.053448743505023e-08,5.7923602433907896e-08,0.0005599874519605447,3.2270513305598316e-08,1.7158149859249555e-06,1.420661412960392e-10,0.004268597094782907,-0.005731402905217093,1
426.0,270.2890418433209,504.1779734647805,0.018192775619416155,0.047227435780561745,5003000.0,136.98787017627552,2.992691810510542e-05,3.9530138339447986e-05,3.0460813486503154e-08,5.7867902613244834e-08,0.0005617008715878049,3.250312073650174e-08,1.7151647982479866e-06,1.4274329696914637e-10,0.00426698162201351,-0.0057330183779864905,1
427.0,270.2833088249429,503.95339674094515,0.018172904229222984,0.04726593999774831,5003000.0,137.37030660014537,2.995730568383294e-05,3.958795092428293e-05,3.038757872752084e-08,5.781258483494704e-08,0.000563413650704784,3.2737075664453e-08,1.714517672013921e-06,1.4342356095058874e-10,0.004265373773538843,-0.005734626226461158,1
428.0,270.2775741987164,503.7289063660944,0.01815314856231145,0.04730458116025248,5003000.0,137.7538881412989,2.998762046241335e-05,3.9645708569133466e-05,3.03147785804116e-08,5.775764485053613e-08,0.0005651257922754415,3.297238508585168e-08,1.7138735583621195e-06,1.4410694446357525e-10,0.004263773427846675,-0.005736226572153325,1
429.0,270.2718379721443,503.5045019825064,0.01813350738251641,0.04734335794138666,5003000.0,138.13861781740383,3.001786287094997e-05,3.9703411647609e-05,3.024240853662089e-08,5.770307847553433e-08,0.0005668372992163743,3.320905602895861e-08,1.71323240935512e-06,1.447934587948299e-10,0.004262180465721418,-0.005737819534278582,1
430.0,270.26610015261,503.28018323811136,0.01811397947315071,0.04738226903544392,5003000.0,138.5244986591988,3.0048033335105378e-05,3.9761060529197256e-05,3.017046415540711e-08,5.764888158825209e-08,0.0005685481743977118,3.344709555404265e-08,1.712594177960515e-06,1.4548311529442643e-10,0.004260594770199037,-0.005739405229800963,1
431.0,270.2603607473802,503.055949786385,0.018094563636639673,0.04742131315730742,5003000.0,138.91153371044044,3.0078132276167937e-05,3.981865557932587e-05,3.009894106255927e-08,5.7595050128614234e-08,0.0005702584206439955,3.3686510753529535e-08,1.7119588180338836e-06,1.4617592537566658e-10,0.004259016226524601,-0.005740983773475399,1
432.0,270.25461976360674,502.83180128624366,0.018075258694156313,0.04746048904204897,5003000.0,139.2997260278453,3.0108160111117067e-05,3.987619715942286e-05,3.0027834949131105e-08,5.754158009698929e-08,0.0005719680407350396,3.3927308752149404e-08,1.7113262843013803e-06,1.4687190051489948e-10,0.0042574447221089655,-0.005742555277891035,1
433.0,270.24887720832885,502.60773740194173,0.018056063485272524,0.04749979544454785,5003000.0,139.6890786810414,3.0138117252687284e-05,3.9933685626975914e-05,2.9957141570217084e-08,5.748846755305836e-08,0.0005736770374067772,3.416949670708647e-08,1.710696532343457e-06,1.4757105225138952e-10,0.004255880146488281,-0.005744119853511719,1
434.0,270.24313308847536,502.383757802971,0.018036976867609505,0.04753923113913317,5003000.0,140.07959475251437,3.0168004109431026e-05,3.999112133559064e-05,2.9886856743741874e-08,5.7435708614727324e-08,0.000575385413352088,3.441308180812758e-08,1.7100695185781274e-06,1.482733921872309e-10,0.0042543223912823655,-0.005745677608717635,1
435.0,270.23738741086663,502.1598621639616,0.018017997716505377,0.0475787949192137,5003000.0,140.47127733756355,3.019782108578032e-05,4.004850463504768e-05,2.9816976349292585e-08,5.7383299457038747e-08,0.0005770931712216127,3.465807127781288e-08,1.7094452002454915e-06,1.4897893198721395e-10,0.0042527713501562,-0.0057472286498438,1
436.0,270.2316401822168,501.93605016458537,0.01799912492466729,0.04761848559691506,5003000.0,140.864129544241,3.022756858210726e-05,4.0105835871358785e-05,2.9747496326939737e-08,5.733123631110724e-08,0.0005788003136245493,3.49044723715825e-08,1.7088235353904413e-06,1.4968768337867679e-10,0.004251226918776914,-0.005748773081223086,1
437.0,270.22589140913556,501.712321489461,0.01798035740185473,0.047658302002701554,5003000.0,141.25815449331216,3.0257246994783382e-05,4.016311538682184e-05,2.9678412676123293e-08,5.727951546305096e-08,0.0005805068431294346,3.515229237792821e-08,1.708204482847955e-06,1.5039965815131149e-10,0.004249688994777202,-0.005750311005222798,1
438.0,270.22014109813034,501.4886758280606,0.017961694074556476,0.04769824298508718,5003000.0,141.6533553182073,3.0286856716237924e-05,4.022034352007488e-05,2.960972145454159e-08,5.7228133253041776e-08,0.0005822127622649106,3.540153861854312e-08,1.70758800222745e-06,1.5111486815721646e-10,0.0042481574777164,-0.0057518425222836,1
439.0,270.21438925560807,501.26511287461875,0.017943133885675727,0.0477383074102482,5003000.0,142.04973516497523,3.031639813501499e-05,4.0277520606149133e-05,2.9541418777066938e-08,5.7177086074253195e-08,0.0005839180735204766,3.565221844847165e-08,1.7069740538975836e-06,1.518333253106295e-10,0.004246632269042676,-0.005753367730957324,1
440.0,270.2086358878771,501.0416323280428,0.01792467579422191,0.0477784941617204,5003000.0,142.44729719223955,3.0345871635829674e-05,4.033464697652105e-05,2.9473500814684818e-08,5.7126370371920875e-08,0.0005856227793472245,3.59043392562603e-08,1.706362598971348e-06,1.525550415879059e-10,0.00424511327205595,-0.00575488672794405,1
441.0,270.20288100114914,500.8182338918251,0.017906318775006716,0.04781880214004228,5003000.0,142.8460445711533,3.0375277599623125e-05,4.039172295916341e-05,2.9405963793452648e-08,5.707598264235291e-08,0.0005873268821585619,3.615790846410787e-08,1.7057535992912592e-06,1.5328002902730973e-10,0.004243600391871056,-0.0057563996081289445,1
442.0,270.197124601541,500.5949172739573,0.0178880618183433,0.04785923026246421,5003000.0,143.24598048535228,3.04046164036166e-05,4.044874887859544e-05,2.9338803993475854e-08,5.7025919432029606e-08,0.0005890303843309188,3.6412933528015383e-08,1.70514701741453e-06,1.5400829972898978e-10,0.004242093535380853,-0.005757906464619147,1
443.0,270.1913666950764,500.3716821868458,0.017869903929768356,0.047899777462626046,5003000.0,143.64710813092645,3.0433888421364533e-05,4.0505725055932116e-05,2.9272017747933055e-08,5.697617733667863e-08,0.000590733288204442,3.6669421937940667e-08,1.7045428166000994e-06,1.5473986585486065e-10,0.004240592611223962,-0.0057594073887760385,1
444.0,270.1856072876876,500.1485283472293,0.01785184412974433,0.04794044269024156,5003000.0,144.04943071636663,3.0463094022806613e-05,4.056265180893249e-05,2.920560144208061e-08,5.692675300037031e-08,0.0005924355960836751,3.692738121794653e-08,1.7039409607934994e-06,1.554747396284602e-10,0.004239097529747121,-0.005760902470252879,1
445.0,270.1798463852174,499.92545547609774,0.01783388145338348,0.04798122491081419,5003000.0,144.45295146252906,3.0492233574318916e-05,4.061952945204715e-05,2.913955151230404e-08,5.687764311466096e-08,0.0005941373102382237,3.718681892635367e-08,1.7033414146134943e-06,1.562129333349085e-10,0.004237608202971946,-0.005762391797028054,1
446.0,270.17408399342037,499.702463298613,0.017816014950181414,0.04802212310532683,5003000.0,144.85767360260323,3.052130743876411e-05,4.0676358296464866e-05,2.9073864445195815e-08,5.68288444177174e-08,0.0005958384329034103,3.7447742655894334e-08,1.7027441433393385e-06,1.5695445932077134e-10,0.004236124544563245,-0.005763875455436755,1
447.0,270.1683201179649,499.47955154403115,0.01779824368373766,0.048063136269958236,5003000.0,145.2636003820659,3.055031597554073e-05,4.073313865015835e-05,2.9008536776622966e-08,5.6780353693483694e-08,0.0005975389662809127,3.77101600338625e-08,1.7021491128965315e-06,1.5769932999397742e-10,0.004234646469793563,-0.005765353530206437,1
448.0,270.16255476443473,499.25671994562634,0.01778056673149576,0.04810426341580201,5003000.0,145.670735058646,3.057925954063157e-05,4.078987081792921e-05,2.8943565090836916e-08,5.6732167770861516e-08,0.0005992389125393917,3.797407872226695e-08,1.7015562898441588e-06,1.5844755782373826e-10,0.004233173895511711,-0.00576682610448829,1
449.0,270.15678793833024,499.0339682406159,0.017762983184491613,0.048145503568582736,5003000.0,146.07908090229623,3.060813848665117e-05,4.084655510145211e-05,2.8878946019606807e-08,5.668428352289818e-08,0.0006009382738151059,3.8239506417985995e-08,1.7009656413627483e-06,1.5919915534045202e-10,0.0042317067401125424,-0.005768293259887458,1
450.0,270.15101964507033,498.81129617008736,0.017745492147093613,0.04818685576838988,5003000.0,146.48864119515156,3.063695316289252e-05,4.090319179931812e-05,2.8814676241349703e-08,5.6636697866005267e-08,0.0006026370522125138,3.8506450852919064e-08,1.700377135241096e-06,1.599541351356337e-10,0.0042302449235041934,-0.005769755076495807,1
451.0,270.14524988999386,498.5887034789269,0.01772809273675278,0.04822831906940942,5003000.0,146.89941923149416,3.066570391537281e-05,4.0959781207077304e-05,2.875075248028677e-08,5.658940775918487e-08,0.0006043352498048622,3.877491979413983e-08,1.699790739863795e-06,1.607125098618298e-10,0.004228788367077051,-0.005771211632922949,1
452.0,270.13947867836094,498.36618991574875,0.017710784083774113,0.04826989253965684,5003000.0,147.31141831773357,3.069439108687845e-05,4.101632361728057e-05,2.8687171505643053e-08,5.654241020326747e-08,0.0006060328686347676,3.9044921044053516e-08,1.6992064242005276e-06,1.6147429223253997e-10,0.004227336993677121,-0.005772663006322879,1
453.0,270.1337060153546,498.1437552328266,0.017693565331063046,0.0483115752607298,5003000.0,147.72464177236114,3.072301501700927e-05,4.107281931952075e-05,2.8623930130816665e-08,5.6495702240181846e-08,0.0006077299107147791,3.931646244054752e-08,1.6986241577927659e-06,1.622394950221584e-10,0.004225890727572942,-0.005774109272427058,1
454.0,270.1279319060822,497.9213991860262,0.017676435633897748,0.048353366327552515,5003000.0,148.13909292592385,3.075157604222187e-05,4.112926860047298e-05,2.856102521259866e-08,5.644928095222511e-08,0.000609426378027936,3.95895518571472e-08,1.6980439107426922e-06,1.6300813106589657e-10,0.0042244494944280305,-0.00577555050557197,1
455.0,270.12215635557664,497.6991215347391,0.017659394159706656,0.04839526484812426,5003000.0,148.55477512100092,3.078007449587228e-05,4.118567174393432e-05,2.8498453650410025e-08,5.640314346134662e-08,0.0006111222725283099,3.986419720317245e-08,1.697465653702382e-06,1.6378021325970686e-10,0.004223013221273963,-0.005776986778726037,1
456.0,270.11637936879794,497.47692204181834,0.017642440087832802,0.048437269943293275,5003000.0,148.97169171216277,3.080851070825781e-05,4.124202903086279e-05,2.843621238552645e-08,5.635728692847001e-08,0.0006128175961415375,4.014040642388987e-08,1.6968893578615278e-06,1.6455575456025785e-10,0.004221581836479844,-0.005778418163520156,1
457.0,270.1106009506344,497.2548004735145,0.017625572609329763,0.04847938074650745,5003000.0,149.38984606595793,3.083688500665817e-05,4.129834073941559e-05,2.8374298400361986e-08,5.631170855279732e-08,0.000614512350765343,4.041818750067225e-08,1.696314994937943e-06,1.6533476798484902e-10,0.004220155269728684,-0.005779844730271317,1
458.0,270.10482110590414,497.0327565994139,0.017608790926732915,0.04852159640358074,5003000.0,149.8092415608738,3.086519771537589e-05,4.135460714498673e-05,2.831270871772162e-08,5.626640557114002e-08,0.0006162065382700494,4.0697548451151406e-08,1.6957425371655057e-06,1.661172666113359e-10,0.004218733451987404,-0.005781266548012596,1
459.0,270.0990398393561,496.8107901923779,0.017592094253854006,0.048563916072478654,5003000.0,150.22988158731317,3.0893449155775985e-05,4.141082852024401e-05,2.825144040009926e-08,5.622137525727992e-08,0.0006179001604990784,4.0978497329375135e-08,1.6951719572841278e-06,1.6690326357812275e-10,0.00421731631548189,-0.00578268368451811,1
460.0,270.0932571556716,496.5889010284829,0.017575481815577856,0.04860633892308167,5003000.0,150.65176954757337,3.092163964632497e-05,4.146700513516532e-05,2.8190490548986836e-08,5.617661492131314e-08,0.0006195932192694416,4.1261042225965284e-08,1.6946032285297102e-06,1.67692772084071e-10,0.004215903793672001,-0.005784096206327999,1
461.0,270.08747305946525,496.3670888869622,0.017558952847659962,0.048648864136996046,5003000.0,151.07490885582064,3.094976950262916e-05,4.1523137257074374e-05,2.8129856304192704e-08,5.613212190905597e-08,0.0006212857163722205,4.1545191268274496e-08,1.6940363246240033e-06,1.6848580538855031e-10,0.004214495821226348,-0.0057855041787736525,1
462.0,270.08168755528646,496.1453535501489,0.01754250659652103,0.04869149090728982,5003000.0,151.49930293805926,3.0977839037472324e-05,4.157922515067575e-05,2.8069534843162665e-08,5.6087893601373985e-08,0.000622977653573038,4.183095262054161e-08,1.6934712197639744e-06,1.6928237681121795e-10,0.00421309233399584,-0.00578690766600416,1
463.0,270.0759006476205,495.9236948034195,0.017526142319061126,0.04873421843834359,5003000.0,151.92495523211593,3.1005848560852666e-05,4.16352690780894e-05,2.8009523380339523e-08,5.604392741364825e-08,0.0006246690326125183,4.2118334484051583e-08,1.6929078886128613e-06,1.700824997321909e-10,0.0042116932689914375,-0.005788306731008563,1
464.0,270.07011234088947,495.7021124351393,0.017509859282471195,0.04877704594559207,5003000.0,152.35186918761963,3.103379838001919e-05,4.169126929888452e-05,2.7949819166525633e-08,5.600022079512615e-08,0.0006263598552067401,4.240734509729416e-08,1.692346306290794e-06,1.7088618759183162e-10,0.004210298564360815,-0.005789701435639185,1
465.0,270.06432263945385,495.48060623660865,0.017493656764037732,0.04881997265535923,5003000.0,152.78004826597157,3.1061688799507435e-05,4.1747226070112905e-05,2.7890419488241704e-08,5.5956771228384725e-08,0.0006280501230476778,4.269799273612008e-08,1.6917864483645842e-06,1.7169345389082826e-10,0.004208908159362972,-0.005791091840637028,1
466.0,270.0585315476132,495.25917600201,0.01747753405097284,0.048862997804660274,5003000.0,153.20949594033553,3.1089520121174564e-05,4.180313964634167e-05,2.7831321667132496e-08,5.59135762287636e-08,0.0006297398378036357,4.29902857139031e-08,1.6912282908397636e-06,1.7250431219017356e-10,0.004207521994348413,-0.005792478005651587,1
467.0,270.0527390696075,495.0378215283566,0.017461490440222806,0.04890612064098662,5003000.0,153.64021569560597,3.111729264423391e-05,4.1859010279685455e-05,2.7772523059345474e-08,5.587063334378648e-08,0.0006314290011196729,4.3284232381695916e-08,1.690671810150404e-06,1.733187761110501e-10,0.00420614001073384,-0.0057938599892661605,1
468.0,270.0469452096183,494.81654261544173,0.017445525238295952,0.048949340422122255,5003000.0,154.07221102839233,3.114500666528886e-05,4.191483821983808e-05,2.7714021054946355e-08,5.582794015262423e-08,0.0006331176146180166,4.3579841128390855e-08,1.6901169831506016e-06,1.7413685933482835e-10,0.004204762150980954,-0.005795237849019046,1
469.0,270.04114997176924,494.59533906578946,0.017429637761107425,0.04899265641599538,5003000.0,154.50548544701488,3.1172662478366224e-05,4.1970623714103687e-05,2.765581307736769e-08,5.578549426560394e-08,0.0006348056798984728,4.3877120380884076e-08,1.68956378710744e-06,1.7495857560319044e-10,0.004203388358578964,-0.005796611641421036,1
470.0,270.03535336012783,494.37421068460594,0.017413827333784028,0.049036067900440315,5003000.0,154.94004247146177,3.1200260374949025e-05,4.202636700742731e-05,2.759789658280092e-08,5.5743293323624775e-08,0.0006364931985388239,4.417607860422889e-08,1.689012199689952e-06,1.7578393871788886e-10,0.004202018578017121,-0.005797981421982879,1
471.0,270.0295553787058,494.1531572797319,0.01739809329052532,0.049079574163069024,5003000.0,155.37588563339585,3.122780064400871e-05,4.2082068342425016e-05,2.7540269059682904e-08,5.570133499770199e-08,0.0006381801720952186,4.447672430180355e-08,1.6884621989633218e-06,1.7661296254093033e-10,0.004200652754770294,-0.005799347245229706,1
472.0,270.0237560314606,493.93217866159625,0.017382434974421077,0.04912317450106477,5003000.0,155.81301847611857,3.125528357203683e-05,4.2137727959413445e-05,2.748292802812006e-08,5.565961698843081e-08,0.0006398666021025553,4.477906601546679e-08,1.6879137633787531e-06,1.774456609944306e-10,0.0041992908352737725,-0.005800709164726228,1
473.0,270.0179553222959,493.7112746431704,0.01736685173731187,0.049166868221023084,5003000.0,156.2514445545708,3.1282709443076215e-05,4.219334609643896e-05,2.7425871039385833e-08,5.56181370255089e-08,0.0006415524900748586,4.5083112325724386e-08,1.6873668717673292e-06,1.7828204806066604e-10,0.004197932766907987,-0.005802067233092013,1
474.0,270.0121532550628,493.49044503992354,0.017351342939626976,0.04921065463881515,5003000.0,156.69116743531217,3.13100785387516e-05,4.224892298930625e-05,2.7369095675388327e-08,5.5576892867289364e-08,0.0006432378375056443,4.538887185188977e-08,1.686821503331541e-06,1.7912213778217016e-10,0.004196578497977441,-0.005803421502022559,1
475.0,270.00634983356076,493.2696896697791,0.017335907950226583,0.04925453307935959,5003000.0,157.1321906964988,3.1337391138299756e-05,4.2304458871606484e-05,2.731259954815042e-08,5.5535882300238746e-08,0.0006449226458682809,4.569635325224413e-08,1.6862776376371013e-06,1.7996594426149605e-10,0.004195227977690339,-0.005804772022309662,1
476.0,270.00054506153845,493.04900835307177,0.017320546146261145,0.04929850287651652,5003000.0,157.57451792787816,3.1364647518599076e-05,4.2359953974745017e-05,2.7256380299322023e-08,5.5495103138535426e-08,0.0006466069166163409,4.6005565224202e-08,1.6857352546062522e-06,1.808134816614194e-10,0.004193881156141949,-0.005806118843858051,1
477.0,269.9947389426946,492.8284009125055,0.017305256913024553,0.04934256337292555,5003000.0,158.01815273077403,3.1391847954198765e-05,4.241540852796863e-05,2.7200435599688026e-08,5.545455322361176e-08,0.0006482906511839467,4.631651650447419e-08,1.6851943345103564e-06,1.816647642049246e-10,0.004192537984296167,-0.005807462015703833,1
478.0,269.9889314806789,492.6078671731125,0.01729003964381247,0.04938671391981725,5003000.0,158.46309871807517,3.1418992717347456e-05,4.24708227583923e-05,2.7144763148689487e-08,5.5414230423672734e-08,0.0006499738509861092,4.662921586923173e-08,1.6846548579628437e-06,1.8251980617508972e-10,0.004191198413967969,-0.005808801586032031,1
479.0,269.98312267909284,492.38740696221276,0.01727489373978365,0.04943095387690352,5003000.0,158.9093595142235,3.144608207802141e-05,4.2526196891025604e-05,2.708936067395458e-08,5.5374132633306437e-08,0.0006516565174190583,4.6943672134270413e-08,1.6841168059123214e-06,1.833786219152444e-10,0.00418986239780628,-0.00581013760219372,1
480.0,269.9773125414907,492.1670201093749,0.01725981860981236,0.04947528261219904,5003000.0,159.35693875519217,3.1473116303952236e-05,4.258153114879863e-05,2.7034225930820776e-08,5.533425777302435e-08,0.0006533386518605672,4.725989415517222e-08,1.6835801596346974e-06,1.842412258288599e-10,0.004188529889274371,-0.005811470110725629,1
481.0,269.97150107138,491.9467064463773,0.017244813670373674,0.049519699501905934,5003000.0,159.8058400884943,3.150009566065415e-05,4.26368257525875e-05,2.6979356701912828e-08,5.5294603788875654e-08,0.0006550202556702713,4.7577890827476256e-08,1.6830449007283493e-06,1.8510763237969415e-10,0.004187200842637849,-0.0058127991573621515,1
482.0,269.9656882722226,491.72646580717003,0.017229878345400622,0.049564203930258566,5003000.0,160.25606717315955,3.152702041145083e-05,4.269208092123952e-05,2.692475079668191e-08,5.525516865202324e-08,0.0006567013301899796,4.7897671086840466e-08,1.6825110111064615e-06,1.8597785609174745e-10,0.0041858752129455895,-0.005814124787054411,1
483.0,269.9598741474356,491.5062980278383,0.01721501206615242,0.04960879528937296,5003000.0,160.70762367972384,3.1553890817501796e-05,4.274729687159785e-05,2.687040605096654e-08,5.521595035832943e-08,0.0006583818767439797,4.821924390920736e-08,1.681978472990303e-06,1.8685191154924028e-10,0.004184552956013023,-0.005815447043986977,1
484.0,269.9540587003916,491.2862029465655,0.017200214271098243,0.04965347297912406,5003000.0,161.1605132902266,3.158070713782838e-05,4.2802473818525825e-05,2.6816320326582294e-08,5.517694692797719e-08,0.0006600618966393359,4.854261831097241e-08,1.6814472689039066e-06,1.8772981339669405e-10,0.004183234028408888,-0.005816765971591112,1
485.0,269.94824193442,491.066180403598,0.01718548440578789,0.04969823640701864,5003000.0,161.61473969819897,3.160746962933927e-05,4.2857611974930915e-05,2.6762491510895396e-08,5.513815640509073e-08,0.0006617413911661824,4.886780334915003e-08,1.6809173816673486e-06,1.8861157633897736e-10,0.004181918387438523,-0.005818081612561477,1
486.0,269.94242385280745,490.8462302412102,0.017170821922732355,0.04974308498805851,5003000.0,162.07030660865544,3.163417854685569e-05,4.291271155178827e-05,2.670891751641631e-08,5.509957685735065e-08,0.0006634203615980119,4.919480812154078e-08,1.6803887943908954e-06,1.894972151413138e-10,0.004180605991129302,-0.005819394008870698,1
487.0,269.93660445879857,490.62635230367016,0.0171562262812841,0.04978801814459622,5003000.0,162.52721773808497,3.1660834143136086e-05,4.296777275816387e-05,2.665559628039685e-08,5.506120637560516e-08,0.0006650988091919546,4.952364176689876e-08,1.679861490468998e-06,1.9038674462925155e-10,0.004179296798215696,-0.0058207032017843045,1
488.0,269.9307837555968,490.4065464372062,0.01714169694752201,0.04983303530624564,5003000.0,162.98547681444592,3.1687436668900525e-05,4.302279580123742e-05,2.6602525764438875e-08,5.5023043073545104e-08,0.0006667767351890538,4.9854313465100545e-08,1.6793354535746394e-06,1.9128017968883478e-10,0.0041779907681252105,-0.00582200923187479,1
489.0,269.92496174636494,490.18681248997416,0.01712723339414023,0.04987813590971783,5003000.0,163.4450875771601,3.171398637285464e-05,4.307778088632472e-05,2.654970395411292e-08,5.498508508730271e-08,0.0006684541408145365,5.018683243731399e-08,1.6788106676539564e-06,1.9217753526648868e-10,0.00417668786096501,-0.00582331213903499,1
490.0,269.9191384342259,489.9671503120251,0.01711283510033911,0.0499233193987561,5003000.0,163.90605377711128,3.174048350171322e-05,4.313272821689988e-05,2.6497128858584028e-08,5.4947330575161095e-08,0.0006701310272780788,5.052120794616897e-08,1.6782871169209615e-06,1.9307882636927188e-10,0.00417538803750879,-0.00582461196249121,1
491.0,269.9133138222634,489.7475597552739,0.017098501551703327,0.04996858522396285,5003000.0,164.3683791766244,3.176692830022344e-05,4.3187637994617035e-05,2.6444798510221927e-08,5.490977771715191e-08,0.0006718073957740627,5.085744929592229e-08,1.6777647858509235e-06,1.9398406806469623e-10,0.004174091259180303,-0.0058259087408196976,1
492.0,269.9074879135226,489.52804067346835,0.01708423224010493,0.050013932842699504,5003000.0,164.83206754947156,3.1793321011187696e-05,4.324251041933177e-05,2.6392710964253166e-08,5.487242471473527e-08,0.0006734832474818313,5.1195565832631125e-08,1.6772436591760635e-06,1.9489327548084122e-10,0.004172797488042658,-0.005827202511957342,1
493.0,269.9016607110106,489.3085929221587,0.017070026663604392,0.05005936171899738,5003000.0,165.29712268087292,3.181966187548611e-05,4.329734568912227e-05,2.6340864298413923e-08,5.483526979049536e-08,0.0006751585835659371,5.1535566944325534e-08,1.676723721880972e-06,1.9580646380650081e-10,0.004171506686786923,-0.0058284933132130776,1
494.0,269.8958322176974,489.08921635866835,0.01705588432633471,0.05010487132342894,5003000.0,165.7635483674787,3.184595113209869e-05,4.335214400031006e-05,2.628925661258056e-08,5.4798311187797496e-08,0.0006768334051763875,5.187746206117505e-08,1.6762049591962828e-06,1.9672364829115003e-10,0.004170218818716383,-0.0058297811812836175,1
495.0,269.8900024365161,488.86991084206454,0.017041804738404286,0.050150461132998383,5003000.0,166.2313484173691,3.187218901812712e-05,4.340690554748053e-05,2.6237886028432464e-08,5.4761547170469585e-08,0.00067850771344888,5.222126065566162e-08,1.675687356594073e-06,1.9764484424499974e-10,0.004168933847735097,-0.005831066152264903,1
496.0,269.88417137036384,488.65067623312996,0.01702778741581001,0.05019613063103508,5003000.0,166.70052665006224,3.1898375768816256e-05,4.346163052350302e-05,2.618675068913395e-08,5.472497602249037e-08,0.0006801815095050405,5.256697224275489e-08,1.675170899784182e-06,1.9857006703906426e-10,0.00416765173833875,-0.00583234826166125,1
497.0,269.8783390221022,488.43151239433473,0.017013831880324338,0.05024187930709635,5003000.0,167.17108689649478,3.192451161757524e-05,4.351631911955071e-05,2.613584875897988e-08,5.468859604769131e-08,0.00068185479445265,5.2914606380079765e-08,1.6746555747078953e-06,1.9949933210522762e-10,0.004166372455598931,-0.0058336275444010694,1
498.0,269.8725053945578,488.21241918980917,0.01699993765941023,0.050287706656860526,5003000.0,167.64303299902886,3.1950596795998326e-05,4.3570971525120164e-05,2.608517842308722e-08,5.465240556945154e-08,0.0006835275693858702,5.32641726680922e-08,1.6741413675342688e-06,2.0043265493629653e-10,0.004165095965153992,-0.005834904034846008,1
499.0,269.86667049052295,487.99339648531685,0.016986104286124064,0.050333612182036885,5003000.0,168.11636881144517,3.1976631533885395e-05,4.362558792805058e-05,2.6034737887071437e-08,5.46164029304142e-08,0.0006851998353854642,5.3615680750251306e-08,1.6736282646551944e-06,2.0137005108609633e-10,0.004163822233196781,-0.0058361777668032196,1
500.0,269.86083431275614,487.77444414822844,0.016972331299031862,0.05037959539024411,5003000.0,168.59109819894897,3.200261605926214e-05,4.3680168514542756e-05,2.5984525376746423e-08,5.458058649217285e-08,0.0006868715935190126,5.396914031319565e-08,1.673116252681677e-06,2.0231153616945403e-10,0.00416255122646537,-0.00583744877353463,1
501.0,269.8549968639826,487.5555620474958,0.01695861824210989,0.05042565579493349,5003000.0,169.06722503815746,3.202855059839994e-05,4.3734713469177765e-05,2.5934539137803776e-08,5.4544954635008744e-08,0.0006885428448411248,5.432456108691411e-08,1.6726053184385118e-06,2.0325712586232702e-10,0.004161282912229824,-0.005838717087770176,1
502.0,269.8491581468948,487.3367500536269,0.01694496466466363,0.05047179291530235,5003000.0,169.54475321710478,3.205443537583546e-05,4.378922297493539e-05,2.5884777435523114e-08,5.450950575762062e-08,0.0006902135903936468,5.468195284492285e-08,1.6720954489606767e-06,2.0420683590191013e-10,0.004160017258283222,-0.005839982741716778,1
503.0,269.8433181641531,487.11800803866083,0.016931370121238135,0.050518006276167655,5003000.0,170.02368663523757,3.208027061438994e-05,4.3843697213212206e-05,2.5835238554472296e-08,5.4474238276816043e-08,0.0006918838312058645,5.504132540443929e-08,1.6715866314888014e-06,2.0516068208656808e-10,0.004158754232930385,-0.005841245767069615,1
504.0,269.8374769183861,486.8993358761437,0.016917834171542672,0.05056429540791465,5003000.0,170.5040292034236,3.2106056535188166e-05,4.389813636383949e-05,2.5785920798232224e-08,5.443915062728472e-08,0.0006935535682947025,5.5402688626561054e-08,1.671078853465963e-06,2.0611868027607408e-10,0.004157493804979911,-0.005842506195020089,1
505.0,269.8316344121911,486.6807334411048,0.016904356380359878,0.050610659846398794,5003000.0,170.98578484394173,3.213179335767727e-05,4.3952540605100814e-05,2.5736822489101047e-08,5.44042412613257e-08,0.000695222802664922,5.5766052416439144e-08,1.6705721025328902e-06,2.0708084639163702e-10,0.0041562359437322385,-0.005843764056267762,1
506.0,269.8257906481348,486.4622006100331,0.016890936317471184,0.05065709913283022,5003000.0,171.4689574904897,3.2157481299645094e-05,4.400691011374938e-05,2.5687941967825923e-08,5.43695086485594e-08,0.0006968915353093098,5.613142672345713e-08,1.670066366524691e-06,2.0804719641587429e-10,0.004154980618971513,-0.005845019381028487,1
507.0,269.81994562875377,486.2437372608547,0.016877573557563412,0.05070361281372033,5003000.0,171.95355108816804,3.2183120577238407e-05,4.406124506502509e-05,2.563927759330903e-08,5.43349512757076e-08,0.0006985597672088678,5.649882154140309e-08,1.6695616334656614e-06,2.090177463929971e-10,0.004153727800952667,-0.005846272199047333,1
508.0,269.8140993565547,486.02534327291005,0.016864267680173822,0.050750200440783835,5003000.0,172.43956959350615,3.220871140498078e-05,4.411554563267142e-05,2.559082774237429e-08,5.4300567646329756e-08,0.0007002274993329967,5.686824690865569e-08,1.6690578915677906e-06,2.0999251242886522e-10,0.004152477460397712,-0.005847522539602288,1
509.0,269.8082518340151,485.8070185269322,0.016851018269597968,0.050796861570859504,5003000.0,172.92701697444502,3.2234253995790265e-05,4.4169811988952e-05,2.5542590809480705e-08,5.4266356280581595e-08,0.0007018947326396765,5.72397129083565e-08,1.6685551292255606e-06,2.1097151069105866e-10,0.004151229568482786,-0.005848770431517214,1
510.0,269.8024030635836,485.5887629050252,0.01683782491481439,0.05084359576584058,5003000.0,173.41589721033884,3.225974856099673e-05,4.4224044304666986e-05,2.5494565206463726e-08,5.42323157149865e-08,0.0007035614680756441,5.7613229668588905e-08,1.6680533350123228e-06,2.11954757409006e-10,0.004149984096829158,-0.005850015903170842,1
511.0,269.79655304768045,485.3705762906427,0.016824687209425027,0.05089040259257855,5003000.0,173.90621429196992,3.228519531035903e-05,4.427824274916917e-05,2.5446749362302672e-08,5.419844450218199e-08,0.0007052277065765671,5.7988807362561685e-08,1.6675524976781567e-06,2.1294226887401678e-10,0.004148741017497891,-0.005851258982502109,1
512.0,269.79070178869796,485.15245856856757,0.01681160475157191,0.05093728162281232,5003000.0,174.39797222154004,3.2310594452081886e-05,4.433240749037986e-05,2.5399141722855085e-08,5.4164741210695153e-08,0.0007068934490672137,5.836645620878543e-08,1.6670526061453323e-06,2.1393406143938334e-10,0.004147500302978557,-0.005852499697021443,1
513.0,269.78484928900093,484.93440962489126,0.01679857714387111,0.05098423243308714,5003000.0,174.89117501267492,3.233594619283251e-05,4.438653869480457e-05,2.535174075061942e-08,5.413120442471023e-08,0.0007085586964616212,5.8746186471253545e-08,1.66655364950541e-06,2.149301515204512e-10,0.0041462619261820235,-0.005853738073817977,1
514.0,269.7789955509271,484.7164293469939,0.01678560399333981,0.05103125460471233,5003000.0,175.38582669042412,3.2361250737757e-05,4.4440636527548445e-05,2.5304544924489876e-08,5.4097832743878726e-08,0.0007102234496632571,5.9128008459622266e-08,1.6660556170155975e-06,2.1593055559483997e-10,0.004145025860431392,-0.005854974139568608,1
515.0,269.7731405767875,484.4985176235249,0.016772684911334833,0.05107834772363411,5003000.0,175.8819312912697,3.238650829049653e-05,4.449470115233149e-05,2.5257552739530602e-08,5.4064624783044115e-08,0.0007118877095651829,5.9511932529393887e-08,1.6655584980961761e-06,2.1693529020232045e-10,0.004143792079455596,-0.005856207920544404,1
516.0,269.76728436886697,484.28067434438356,0.016759819513478224,0.05112551138040066,5003000.0,176.3794928631202,3.241171905320326e-05,4.454873273150356e-05,2.5210762706733054e-08,5.4031579172064776e-08,0.0007135514770502092,5.989796908209558e-08,1.665062282326598e-06,2.1794437194504943e-10,0.004142560557379689,-0.005857439442620311,1
517.0,269.7614269294244,484.0628994007003,0.016747007419600526,0.051172745170092286,5003000.0,176.8785154653234,3.2436883226556066e-05,4.460273142605916e-05,2.5164173352801768e-08,5.399869455560269e-08,0.0007152147529910521,6.0286128565465e-08,1.6645669594432566e-06,2.1895781748767871e-10,0.004141331268719305,-0.005858668731280695,1
518.0,269.7555682606931,483.8451926848182,0.016734248253676757,0.05122004869224169,5003000.0,177.37900316866927,3.2462001009776e-05,4.4656697395652065e-05,2.5117783219931675e-08,5.39659695929047e-08,0.0007168775382504842,6.067642147363288e-08,1.6640725193364962e-06,2.1997564355740884e-10,0.004140104188373216,-0.005859895811626784,1
519.0,269.7497083648815,483.6275540902748,0.01672154164375785,0.05126742155076385,5003000.0,177.88096005538728,3.248707260064158e-05,4.471063079860966e-05,2.5071590865580655e-08,5.393340295759584e-08,0.0007185398336814836,6.10688583473044e-08,1.6635789520471068e-06,2.2099786694406887e-10,0.004138879291614613,-0.005861120708385387,1
520.0,269.7438472441731,483.4099835117844,0.016708887221912307,0.05131486335391092,5003000.0,178.38439021915346,3.251209819550384e-05,4.476453179194716e-05,2.5025594862259564e-08,5.390099333750045e-08,0.0007202016401273802,6.1463449773944e-08,1.6630862477637798e-06,2.220245045003101e-10,0.00413765655408478,-0.0058623434459152204,1
521.0,269.73798490072716,483.19248084522053,0.016696284624163008,0.05136237371417113,5003000.0,178.88929776509167,3.253707798930116e-05,4.481840053138157e-05,2.4979793797317102e-08,5.386873943440857e-08,0.0007218629584219975,6.186020638795875e-08,1.6625943968200278e-06,2.2305557314155436e-10,0.004136435951785426,-0.005863564048214575,1
522.0,269.7321213366789,482.9750459875989,0.01668373349043484,0.05140995224823539,5003000.0,179.39568680978482,3.25620121755739e-05,4.4872237171345483e-05,2.4934186272742743e-08,5.383663996391334e-08,0.0007235237893897952,6.22591388708857e-08,1.6621033896921221e-06,2.240910898462333e-10,0.004135217461073562,-0.005864782538926438,1
523.0,269.72625655414,482.75767883706055,0.016671233464488736,0.05145759857692767,5003000.0,179.90356148127074,3.2586900946478855e-05,4.49260418650007e-05,2.4888770904951487e-08,5.380469365521364e-08,0.0007251841338460054,6.266025795157432e-08,1.661613216995631e-06,2.2513107165585378e-10,0.004134001058652886,-0.005865998941347114,1
524.0,269.7203905551986,482.5403792928554,0.016658784193873993,0.051505312325139704,5003000.0,180.41292591905716,3.2611744492803456e-05,4.497981476425162e-05,2.4843546324597807e-08,5.377289925092333e-08,0.0007268439925967689,6.306357440637583e-08,1.661123869483729e-06,2.2617553567510183e-10,0.004132786721569578,-0.005867213278430422,1
525.0,269.7145233419202,482.32314725532603,0.016646385329858907,0.05155309312175811,5003000.0,180.92378427411205,3.263654300397982e-05,4.5033556019758495e-05,2.479851117635927e-08,5.3741255506874816e-08,0.0007285033664392671,6.346909905932476e-08,1.660635338043295e-06,2.272244990718775e-10,0.004131574427202594,-0.005868425572797406,1
526.0,269.7086549163474,482.10598262589184,0.01663403652739388,0.051600940599655726,5003000.0,181.43614070888802,3.2661296668098587e-05,4.508726578095049e-05,2.4753664118770113e-08,5.370976119198973e-08,0.0007301622561618531,6.387684278233258e-08,1.660147613694185e-06,2.2827797907764568e-10,0.00413036415326186,-0.00586963584673814,1
527.0,269.7027852805007,481.8888853070333,0.016621737445047344,0.051648854395564596,5003000.0,181.94999939731642,3.2686005671922606e-05,4.514094419603852e-05,2.4709003824016495e-08,5.3678415088031455e-08,0.0007318206625441806,6.428681649537129e-08,1.6596606875857665e-06,2.293359929872369e-10,0.004129155877779644,-0.005870844122220356,1
528.0,269.69691443637845,481.67185520227696,0.01660948774494762,0.051696834150067934,5003000.0,182.4653645248067,3.271067020090035e-05,4.5194591412028e-05,2.4664528977742355e-08,5.3647215989480605e-08,0.0007334785863573266,6.469903116665923e-08,1.6591745509939906e-06,2.3039855815916248e-10,0.004127949579103282,-0.005872050420896718,1
529.0,269.69104238595753,481.4548922161801,0.016597287092741424,0.05174487950752464,5003000.0,182.98224028826436,3.273529043917923e-05,4.524820757473135e-05,2.4620238278881655e-08,5.361616270334355e-08,0.0007351360283639172,6.511349781285412e-08,1.6586891953200715e-06,2.3146569201565894e-10,0.004126745235891892,-0.005873254764108108,1
530.0,269.68516913119345,481.2379962543162,0.016585135157533855,0.0517929901160172,5003000.0,183.5006308960846,3.275986656961869e-05,4.5301792828780335e-05,2.4576130439464955e-08,5.3585254048986875e-08,0.0007367929893182467,6.553022749923747e-08,1.6582046120872805e-06,2.3253741204279963e-10,0.004125542827108388,-0.005874457172891612,1
531.0,269.6792946740206,481.0211672232605,0.01657303161185127,0.051841165627290985,5003000.0,184.0205405681748,3.278439877380315e-05,4.53553473176383e-05,2.4532204184461465e-08,5.355448885796474e-08,0.0007384494699663982,6.594923133991036e-08,1.6577207929399686e-06,2.3361373579060116e-10,0.004124342332017067,-0.005875657667982933,1
532.0,269.6734190163526,480.8044050305755,0.016560976131581334,0.051889405696733025,5003000.0,184.54197353594714,3.280888723205474e-05,4.540887118361219e-05,2.4488458251589175e-08,5.352386597388794e-08,0.0007401054710463584,6.637052049797861e-08,1.6572377296402832e-06,2.346946808732629e-10,0.0041231437301754255,-0.005876856269824575,1
533.0,269.6675421600828,480.5877095847973,0.01654896839593052,0.0519377099832882,5003000.0,185.06493404233115,3.2833332123445894e-05,4.546236456786442e-05,2.44448913911523e-08,5.3493384252231553e-08,0.0007417609932881338,6.679410618574569e-08,1.656755414066577e-06,2.3578026496915405e-10,0.004121947001430214,-0.005878052998569786,1
534.0,269.6616641070842,480.37108079542185,0.016537008087371692,0.05198607814939874,5003000.0,185.58942634177487,3.285773362581176e-05,4.551582761042459e-05,2.440150236586578e-08,5.3463042560168035e-08,0.0007434160374138607,6.721999966490195e-08,1.6562738382107804e-06,2.368705058208834e-10,0.004120752125910893,-0.005879247874089107,1
535.0,269.65578485921014,480.15451857289133,0.01652509489159874,0.05203450986099432,5003000.0,186.1154547002519,3.288209191576245e-05,4.556926045020104e-05,2.4358289950691733e-08,5.343283977645263e-08,0.0007450706041379179,6.76482122467165e-08,1.655792994176445e-06,2.3796542123559853e-10,0.004119559084024771,-0.0058804409159752295,1
536.0,269.64990441829417,479.9380228285811,0.016513228497489197,0.0520830047874165,5003000.0,186.64302339527742,3.290640716869514e-05,4.5622663224992285e-05,2.431525293268908e-08,5.340277479124452e-08,0.0007467246941670335,6.807875529223281e-08,1.6553128741775334e-06,2.3906502908500266e-10,0.004118367856453991,-0.00588163214354601,1
537.0,269.64402278615063,479.7215934747867,0.016501408597049343,0.05213156260137713,5003000.0,187.1721367159043,3.293067955880598e-05,4.567603607149825e-05,2.4272390110839094e-08,5.3372846505963764e-08,0.0007483783082003917,6.851164021245754e-08,1.65483347053543e-06,2.40169347305494e-10,0.004117178424148098,-0.0058828215758519025,1
538.0,269.6381399645748,479.5052304247111,0.01648963488537448,0.05218018297889256,5003000.0,187.70279896273334,3.295490925910187e-05,4.572937912533137e-05,2.422970029589474e-08,5.334305383312571e-08,0.0007500314469297374,6.894687846855506e-08,1.6543547756774277e-06,2.412783938982109e-10,0.004115990768320275,-0.005884009231679725,1
539.0,269.6322559553431,479.2889335924521,0.016477907060612744,0.05222886559929227,5003000.0,188.23501444792916,3.297909644141211e-05,4.578269252102762e-05,2.418718231023638e-08,5.331339569625096e-08,0.0007516841110394797,6.938448157204446e-08,1.6538767821355185e-06,2.4239218692941635e-10,0.004114804870444333,-0.005885195129555668,1
540.0,269.62637076021355,479.0727028929902,0.01646622482390678,0.05227761014509299,5003000.0,188.76878749520944,3.300324127639981e-05,4.5835976392057264e-05,2.414483498769697e-08,5.328387102964318e-08,0.0007533363012067903,6.98244610849873e-08,1.653399482542957e-06,2.4351074453024085e-10,0.004113620712246161,-0.00588637928775384,1
541.0,269.6204843809258,478.8565382421764,0.01645458787936455,0.05232641630202256,5003000.0,189.30412243986532,3.302734393357324e-05,4.588923087083558e-05,2.4102657173430854e-08,5.3254478778317256e-08,0.0007549880181017042,7.026682862018723e-08,1.6529228696336733e-06,2.4463408489713566e-10,0.00411243827570227,-0.00588756172429773,1
542.0,269.6145968192015,478.64043955672025,0.016442995934019607,0.05237528375893989,5003000.0,189.8410236287705,3.3051404581297005e-05,4.5942456088733405e-05,2.4060647723768752e-08,5.322521789782559e-08,0.0007566392623872175,7.071159584138617e-08,1.6524469362406137e-06,2.4576222629184107e-10,0.004111257543035667,-0.005888742456964333,1
543.0,269.6087080767445,478.4244067541785,0.016431448697782954,0.05242421220781643,5003000.0,190.37949542038058,3.3075423386803065e-05,4.599565217608755e-05,2.4018805506061815e-08,5.319608735414711e-08,0.0007582900347193815,7.11587744634571e-08,1.6519716752932033e-06,2.4689518704161824e-10,0.004110078496709537,-0.005889921503290463,1
544.0,269.6028181552412,478.2084397529434,0.01641994588340604,0.05247320134365687,5003000.0,190.91954218474154,3.309940051620161e-05,4.604881926221107e-05,2.397712939854324e-08,5.316708612351734e-08,0.0007599403357473969,7.16083762526009e-08,1.6514970798158804e-06,2.4803298553921224e-10,0.004108901119423601,-0.005891098880576399,1
545.0,269.59692705636064,477.9925384722314,0.016408487206446217,0.05252225086449323,5003000.0,191.46116830350377,3.3123336134491804e-05,4.61019574754034e-05,2.3935618290194772e-08,5.313821319233264e-08,0.0007615901661137065,7.20604130265456e-08,1.6510231429268493e-06,2.491756402431556e-10,0.004107725394111018,-0.0058922746058889825,1
546.0,269.59103478175473,477.7767028320724,0.016397072385229656,0.052571360471332866,5003000.0,192.00437816993053,3.3147230405572415e-05,4.6155066942960406e-05,2.3894271080610712e-08,5.310946755701004e-08,0.0007632395264540854,7.25148966547444e-08,1.6505498578365406e-06,2.503231696778511e-10,0.004106551303934546,-0.005893448696065454,1
547.0,269.5851413330587,477.5609327532985,0.016385701140800898,0.052620529868103,5003000.0,192.54917618889002,3.317108349225226e-05,4.6208147791184254e-05,2.3853086679844032e-08,5.3080848223845386e-08,0.0007648884173977299,7.297183905856756e-08,1.650077217844714e-06,2.5147559243361483e-10,0.004105378832279345,-0.005894621167720655,1
548.0,269.57924671189096,477.34522815753377,0.016374373196907526,0.052669758761642045,5003000.0,193.09556677688974,3.3194895556260566e-05,4.6261200145393175e-05,2.3812064008304307e-08,5.305235420891845e-08,0.0007665368395673455,7.343125221151107e-08,1.6496052163410198e-06,2.5263292716698727e-10,0.004104207962754369,-0.0058957920372456315,1
549.0,269.57335091985374,477.1295889671832,0.01636308827994273,0.052719046861631716,5003000.0,193.6435543620573,3.321866675825716e-05,4.631422412993112e-05,2.3771201996596254e-08,5.3023984537941487e-08,0.0007681847935792318,7.389314813938548e-08,1.6491338468013438e-06,2.5379519260069857e-10,0.004103038679183273,-0.005896961320816727,1
550.0,269.5674539585329,476.91401510542295,0.01635184611892932,0.05276839388056824,5003000.0,194.19314338417433,3.324239725784258e-05,4.6367219868177266e-05,2.3730499585419074e-08,5.2995738246147334e-08,0.0007698322800433695,7.435753892052538e-08,1.6486631027882454e-06,2.549624075238815e-10,0.004101870965605508,-0.005898129034394492,1
551.0,269.5615558294985,476.69850649618974,0.016340646445463798,0.05281779953372996,5003000.0,194.7443382946569,3.326608721356799e-05,4.642018748255544e-05,2.3689955725409622e-08,5.2967614378175254e-08,0.0007714792995634996,7.482443668597895e-08,1.6481929779473837e-06,2.561345907921963e-10,0.004100704806267427,-0.005899295193732573,1
552.0,269.5556565343048,476.48306306417123,0.016329488993701388,0.052867263539137024,5003000.0,195.2971435565886,3.328973678294503e-05,4.647312709454339e-05,2.3649569377045518e-08,5.293961198795023e-08,0.0007731258527372083,7.529385361971838e-08,1.6477234660080018e-06,2.573117613279845e-10,0.004099540185623491,-0.005900459814376509,1
553.0,269.5497560744904,476.2676847347961,0.016318373500312587,0.052916785617528765,5003000.0,195.8515636447163,3.331334612245554e-05,4.6526038824681976e-05,2.3609339510508566e-08,5.291173013858071e-08,0.0007747719401560052,7.576580195883612e-08,1.647254560780542e-06,2.584939381204557e-10,0.004098377088330336,-0.005901622911669664,1
554.0,269.54385445157874,476.0523714342243,0.016307299704452535,0.05296636549228693,5003000.0,196.40760304546168,3.333691538756111e-05,4.657892279258418e-05,2.356926510556759e-08,5.288396790220492e-08,0.0007764175624054042,7.624029399374803e-08,1.646786256155506e-06,2.5968114022563583e-10,0.004097215499243944,-0.005902784500756056,1
555.0,269.537951667078,475.83712308933787,0.016296267347726323,0.05301600288945462,5003000.0,196.96526625692718,3.336044473271256e-05,4.663177911694411e-05,2.3529345151456667e-08,5.285632435993154e-08,0.0007780627200649979,7.671734206839483e-08,1.6463185461018853e-06,2.608733867667603e-10,0.004096055403415732,-0.0059039445965842685,1
556.0,269.5320477224814,475.6219396277313,0.01628527617416338,0.053065697537661966,5003000.0,197.52455778891203,3.3383934311359334e-05,4.66846079155458e-05,2.3489578646767345e-08,5.2828798601690454e-08,0.0007797074137085376,7.719695858044786e-08,1.6458514246664751e-06,2.620706969342343e-10,0.004094896786090845,-0.005905103213909155,1
557.0,269.5261426192675,475.4068209777026,0.016274325930179145,0.053115449168106045,5003000.0,198.08548216291237,3.3407384275958656e-05,4.673740930527194e-05,2.344996459932375e-08,5.280138972613798e-08,0.0007813516439040051,7.767915598150917e-08,1.6453848859718802e-06,2.6327308998582913e-10,0.004093739632703203,-0.005906260367296797,1
558.0,269.5202363589002,475.19176706824425,0.01626341636454087,0.05316525751452706,5003000.0,198.6480439121262,3.343079477798472e-05,4.67901834021125e-05,2.3410502026064733e-08,5.2774096840558986e-08,0.0007829954112136879,7.816394677731426e-08,1.644918924214917e-06,2.6448058524686463e-10,0.004092583928871524,-0.005907416071128476,1
559.0,269.5143289428291,474.9767778290343,0.016252547228352454,0.05321512231315044,5003000.0,199.21224758147986,3.345416596793768e-05,4.684293032117324e-05,2.3371189952954095e-08,5.274691906073753e-08,0.000784638716194252,7.865134352794333e-08,1.6444535336668891e-06,2.656932021102549e-10,0.0040914296604000035,-0.005908570339599997,1
560.0,269.50842037248947,474.7618531904277,0.01624171827501168,0.05326504330269926,5003000.0,199.77809772762154,3.347749799535253e-05,4.6895650176684136e-05,2.333202741485245e-08,5.27198555108961e-08,0.0007862815593968111,7.91413588480207e-08,1.6439887086710718e-06,2.669109600368469e-10,0.004090276813272065,-0.005909723186727936,1
561.0,269.50251064930274,474.5469930834478,0.01623092926018179,0.05331502022429969,5003000.0,200.3455989189312,3.3500791008807935e-05,4.694834308200767e-05,2.3293013455410642e-08,5.269290532353327e-08,0.0007879239413669997,7.963400540692052e-08,1.6435244436416165e-06,2.681338785552616e-10,0.004089125373647629,-0.005910874626352371,1
562.0,269.4965997746764,474.3321974397777,0.016220179941767814,0.053365052821511105,5003000.0,200.91475573553512,3.3524045155934906e-05,4.700100914964705e-05,2.325414712697075e-08,5.266606763938198e-08,0.00078956586264504,8.012929592897555e-08,1.6430607330628955e-06,2.6936197726234394e-10,0.004087975327861493,-0.005912024672138507,1
563.0,269.49068775000427,474.1174661917523,0.01620947007988379,0.05341514084025202,5003000.0,201.4855727693099,3.3547260583425364e-05,4.705364849125432e-05,2.3215427490455198e-08,5.263934160726891e-08,0.0007912073237658098,8.062724319368162e-08,1.6425975714879163e-06,2.705952758230895e-10,0.004086826662419376,-0.005913173337580624,1
564.0,269.48477457666667,473.90279927234997,0.016198799436834135,0.05346528402879876,5003000.0,202.0580546239022,3.357043743704064e-05,4.7106261217638367e-05,2.317685361527684e-08,5.2612726384044634e-08,0.0007928483252589096,8.112786003590944e-08,1.6421349535381304e-06,2.71833793970947e-10,0.004085679363997452,-0.005914320636002548,1
565.0,269.47886025603066,473.68819661518444,0.01618816777706757,0.05351548213773185,5003000.0,202.6322059147155,3.359357586161985e-05,4.715884743877283e-05,2.3138424579211044e-08,5.258622113446476e-08,0.0007944888676487279,8.163115934610336e-08,1.6416728739004617e-06,2.730775515078168e-10,0.004084533419434953,-0.005915466580565047,1
566.0,269.4729447894501,473.47365815449706,0.016177574867168625,0.05356573491993042,5003000.0,203.20803126894052,3.3616676001088174e-05,4.721140726380395e-05,2.3100139468322e-08,5.255982503111774e-08,0.0007961289514545068,8.213715407049836e-08,1.641211327328088e-06,2.7432656830434286e-10,0.004083388815736114,-0.005916611184263886,1
567.0,269.4670281782658,473.259183825149,0.016167020475820557,0.05361604213052536,5003000.0,203.78553532555233,3.363973799846502e-05,4.7263940801058265e-05,2.306199737684938e-08,5.253353725431447e-08,0.0007977685771904038,8.264585721132423e-08,1.640750308638325e-06,2.755808642999555e-10,0.004082245540064914,-0.0059177544599350864,1
568.0,269.4611104238059,473.0447735626137,0.016156504373783586,0.053666403526886466,5003000.0,204.364722735324,3.366276199587214e-05,4.7316448158050274e-05,2.3023997407117552e-08,5.250735699201114e-08,0.0007994077453655557,8.315728182701675e-08,1.6402898127120293e-06,2.768404595031021e-10,0.004081103579743587,-0.005918896420256413,1
569.0,269.45519152738564,472.83042730296916,0.016146026333872417,0.05371681886857274,5003000.0,204.94559816083964,3.368574813454158e-05,4.736892944148997e-05,2.2986138669444624e-08,5.248128343969789e-08,0.0008010464564841387,8.367144103242929e-08,1.639829834492904e-06,2.781053739912915e-10,0.004079962922250897,-0.0059200370777491036,1
570.0,269.44927149030786,472.61614498289066,0.01613558613092068,0.053767287917329716,5003000.0,205.52816627649094,3.3708696554823616e-05,4.7421384757290304e-05,2.2948420282033963e-08,5.2455315800333255e-08,0.000802684711045431,8.418834799903826e-08,1.6393703689854756e-06,2.793756279113505e-10,0.004078823555217105,-0.005921176444782896,1
571.0,269.4433503138631,472.4019265396435,0.016125183541759923,0.05381781043705163,5003000.0,206.11243176848984,3.3731607396194504e-05,4.747381421057455e-05,2.2910841370886986e-08,5.2429453284245994e-08,0.0008043225095438693,8.470801595515563e-08,1.6389114112545032e-06,2.806512414795234e-10,0.004077685466422498,-0.005922314533577502,1
572.0,269.43742799932954,472.1877719110759,0.016114818345205485,0.05386838619375476,5003000.0,206.69839933489223,3.375448079726423e-05,4.75262179056836e-05,2.287340106972648e-08,5.240369510904829e-08,0.0008059598524691097,8.523045818614643e-08,1.6384529564250632e-06,2.8193223498164223e-10,0.004076548643797607,-0.005923451356202393,1
573.0,269.43150454797336,471.9736810356118,0.01610449032201899,0.0539190149555417,5003000.0,207.28607368558798,3.3777316895784115e-05,4.757859594618314e-05,2.2836098519887824e-08,5.2378040499541506e-08,0.0008075967403060853,8.575568803463304e-08,1.6379949996802642e-06,2.83218628773201e-10,0.004075413075417517,-0.005924586924582483,1
574.0,269.42557996104875,471.75965385224384,0.016094199254894588,0.053969696492601145,5003000.0,207.8754595423243,3.380011582865436e-05,4.76309484348708e-05,2.2798932870244386e-08,5.235248868765619e-08,0.0008092331735350622,8.628371890071394e-08,1.6375375362613266e-06,2.845104432796575e-10,0.004074278749502061,-0.005925721250497939,1
575.0,269.41965423979826,471.5456903005269,0.0160839449284209,0.05402043057714963,5003000.0,208.4665616386951,3.382287773193146e-05,4.768327547378314e-05,2.2761903277099597e-08,5.23270389123381e-08,0.000810869152631694,8.681456424216845e-08,1.6370805614651954e-06,2.8580769899638823e-10,0.004073145654409895,-0.005926854345590106,1
576.0,269.41372738545266,471.33179032057114,0.016073727129078216,0.054071216983456245,5003000.0,209.0593847201751,3.384560274083559e-05,4.773557716420265e-05,2.2725008904129283e-08,5.2301690419513324e-08,0.0008125046780670803,8.734823757468103e-08,1.6366240706456909e-06,2.871104164891296e-10,0.00407201377864135,-0.00592798622135865,1
577.0,269.4077993992313,471.11795385303526,0.016063545645199424,0.054122055487752285,5003000.0,209.6539335441088,3.386829098975786e-05,4.7787853606664596e-05,2.268824892227381e-08,5.2276442461945954e-08,0.0008141397503078169,8.788475247204722e-08,1.6361680592109787e-06,2.8841861639376553e-10,0.004070883110832146,-0.005929116889167854,1
578.0,269.40187028234214,470.9041808391203,0.016053400266954773,0.05417294586825529,5003000.0,210.25021287972723,3.389094261226752e-05,4.78401049009638e-05,2.2651622509664474e-08,5.225129429920396e-08,0.0008157743698160518,8.842412256639157e-08,1.6357125226234268e-06,2.8973231941673653e-10,0.004069753639753029,-0.005930246360246971,1
579.0,269.3959400359819,470.6904712205628,0.016043290786335457,0.05422388790514398,5003000.0,210.84822750816485,3.391355774111907e-05,4.7892331146161377e-05,2.2615128851548823e-08,5.222624519757986e-08,0.0008174085370495372,8.896636154838629e-08,1.6352574563993221e-06,2.910515463351991e-10,0.004068625354309074,-0.005931374645690927,1
580.0,269.3900086613362,470.47682493962907,0.016033216997115584,0.05427488138050561,5003000.0,211.44798222244722,3.3936136508259254e-05,4.7944532440591366e-05,2.2578767140186638e-08,5.220129442998622e-08,0.0008190422524616794,8.951148316745818e-08,1.6348028561063926e-06,2.9237631799699794e-10,0.004067498243533518,-0.005932501756466482,1
581.0,269.3840761595797,470.2632419391083,0.01602317869485108,0.0543259260783424,5003000.0,212.04948182752474,3.395867904483405e-05,4.7996708881867275e-05,2.254253657479812e-08,5.217644127590729e-08,0.0008206755165015918,9.00595012320156e-08,1.634348717365035e-06,2.9370665532100657e-10,0.004066372296590812,-0.005933627703409188,1
582.0,269.3781425318763,470.0497221623069,0.0160131756768414,0.05437702178453937,5003000.0,212.6527311402597,3.398118548119551e-05,4.804886056688859e-05,2.2506436361460845e-08,5.2151685021315324e-08,0.0008223083296141444,9.061042960965586e-08,1.633895035845771e-06,2.9504257929720374e-10,0.004065247502770304,-0.005934752497229696,1
583.0,269.37220777937904,469.83626555304244,0.016003207742118504,0.05442816828681694,5003000.0,213.25773498944818,3.400365594690856e-05,4.810098759184716e-05,2.2470465713045505e-08,5.2127024958573265e-08,0.0008239406922400115,9.116428222738846e-08,1.6334418072694378e-06,2.9638411098671203e-10,0.004064123851486697,-0.005935876148513303,1
584.0,269.36627190323054,469.62287205563746,0.015993274691424617,0.05447936537476235,5003000.0,213.86449821582391,3.40260905707577e-05,4.815309005223357e-05,2.243462384913663e-08,5.210246038641192e-08,0.0008255726048157226,9.172107307185086e-08,1.6329890274062327e-06,2.977312715222292e-10,0.004063001332277687,-0.005936998667722313,1
585.0,269.3603349045628,469.40954161491373,0.015983376327195365,0.054530612839759816,5003000.0,214.47302567207404,3.4048489480753655e-05,4.8205168042843384e-05,2.2398909995961448e-08,5.2077990609813206e-08,0.0008272040677737082,9.228081618952985e-08,1.6325366920752777e-06,2.9908408210793764e-10,0.004061879934802874,-0.005938120065197126,1
586.0,269.3543967844976,469.1962741761866,0.015973512453533338,0.054581910474997504,5003000.0,215.08332222283673,3.407085280413996e-05,4.825722165778335e-05,2.236332338630612e-08,5.2053614939965776e-08,0.0008288350815423491,9.284352568697611e-08,1.6320847971432083e-06,3.0044256401979537e-10,0.004060759648840252,-0.005939240351159748,1
587.0,269.34845754414647,468.9830696852591,0.015963682876192813,0.054633258075438604,5003000.0,215.69539274471614,3.409318066739941e-05,4.830925099047754e-05,2.232786325944811e-08,5.2029332694187886e-08,0.0008304656465460211,9.340921573102623e-08,1.6316333385238649e-06,3.0180673860565837e-10,0.004059640464285444,-0.005940359535714556,1
588.0,269.34251718461076,468.7699280884167,0.015953887402561085,0.054684655437788214,5003000.0,216.3092421262917,3.41154731962605e-05,4.836125613367339e-05,2.2292528861084454e-08,5.200514319584721e-08,0.0008320957632051406,9.397790054902304e-08,1.6311823121776283e-06,3.0317662728537176e-10,0.004058522371150047,-0.005941477628849954,1
589.0,269.33657570698193,468.55684933242134,0.015944125841636358,0.054736102360487524,5003000.0,216.92487526812084,3.413773051570375e-05,4.841323717944769e-05,2.225731944325593e-08,5.1981045774306326e-08,0.0008337254319362101,9.454959442903388e-08,1.6307317141103938e-06,3.045522515509948e-10,0.004057405359559084,-0.005942594640440916,1
590.0,269.3306331123415,468.34383336450634,0.0159343980040167,0.054787598643699656,5003000.0,217.54229708275938,3.415995274996804e-05,4.8465194219212555e-05,2.222223426428711e-08,5.195703976486154e-08,0.0008353546531518637,9.512431172007677e-08,1.6302815403736523e-06,3.059336329670082e-10,0.004056289419751203,-0.005943710580248797,1
591.0,269.32468940176125,468.1308801323709,0.01592470370187345,0.05483914408927024,5003000.0,218.16151249475794,3.418214002255675e-05,4.851712734372122e-05,2.2187272588705503e-08,5.1933124508658524e-08,0.0008369834272609089,9.570206683233675e-08,1.6298317870629676e-06,3.073207931703465e-10,0.004055174542074889,-0.005944825457925111,1
592.0,269.31874457630335,467.91798958417496,0.015915042748933822,0.05489073850071961,5003000.0,218.78252644067027,3.420429245624392e-05,4.856903664307386e-05,2.2152433687174058e-08,5.190929935263822e-08,0.0008386117546683699,9.628287423738809e-08,1.629382450317387e-06,3.0871375387061923e-10,0.004054060716987002,-0.005945939283012998,1
593.0,269.3127986370203,467.7051616685338,0.015905414960474613,0.05494238168324091,5003000.0,219.4053438690787,3.422641017308036e-05,4.8620922206723345e-05,2.2117716836439502e-08,5.188556364948859e-08,0.0008402396357755322,9.686674846842455e-08,1.6289335263199515e-06,3.101125368503879e-10,0.004052947935054043,-0.005947052064945957,1
594.0,269.3068515849554,467.49239633451305,0.015895820153283773,0.05499407344363234,5003000.0,220.02996974057234,3.42484932943996e-05,4.867278412348088e-05,2.2083121319237002e-08,5.186191675753637e-08,0.0008418670709799806,9.745370412046932e-08,1.628485011294936e-06,3.11517163965013e-10,0.0040518361869452905,-0.00594816381305471,1
595.0,269.3009034211423,467.27969353162376,0.01588625814566782,0.055045813590336584,5003000.0,220.65640902779,3.427054194082386e-05,4.872462248152162e-05,2.2048646424258502e-08,5.183835804073802e-08,0.0008434940606756443,9.804375585061395e-08,1.6280369015097263e-06,3.129276571431802e-10,0.004050725463437473,-0.005949274536562527,1
596.0,269.29495414660573,467.0670532098172,0.01587672875741756,0.05509760193338115,5003000.0,221.2846667154039,3.429255623226992e-05,4.87764373683902e-05,2.2014291446064227e-08,5.181488686858024e-08,0.0008451206052528352,9.863691837823195e-08,1.6275891932724507e-06,3.1434403838679636e-10,0.00404961575540887,-0.00595038424459113,1
597.0,269.2890037623611,466.85447531948,0.015867231809794092,0.05514943828438768,5003000.0,221.9147478001321,3.4314536287954946e-05,4.882822887100624e-05,2.198005568502265e-08,5.179150261604438e-08,0.000846746705098288,9.923320648520554e-08,1.6271418829316508e-06,3.157663297713065e-10,0.004048507053838506,-0.005951492946161494,1
598.0,269.28305226941495,466.6419598114295,0.015857767125516634,0.05520132245652497,5003000.0,222.54665729075182,3.43364822264022e-05,4.887999707566976e-05,2.194593844725355e-08,5.176820466351991e-08,0.0008483723605952001,9.983263501615308e-08,1.6266949668761366e-06,3.1719455344569795e-10,0.004047399349805777,-0.005952600650194223,1
599.0,269.2770996687648,466.4295066369089,0.01584833452874466,0.05525325426451499,5003000.0,223.18040020810582,3.435839416544676e-05,4.893174206806653e-05,2.191193904456366e-08,5.174499239676682e-08,0.00084999757212327,1.0043521887865435e-07,1.6262484415342305e-06,3.1862873163278737e-10,0.0040462926344885805,-0.00595370736551142,1
600.0,269.27114596139927,466.21711574758245,0.015838933845066034,0.05530523352461725,5003000.0,223.81598158511463,3.4380272222241154e-05,4.898346393327339e-05,2.187805679439115e-08,5.172186520685884e-08,0.000851622340058737,1.0104097304347883e-07,1.625802303373628e-06,3.2006888662939646e-10,0.004045186899162963,-0.005954813100837037,1
601.0,269.2651911482984,466.0047870955309,0.015829564901474268,0.055357260054602765,5003000.0,224.45340646677687,3.440211651326089e-05,4.903516275576351e-05,2.1844291019735722e-08,5.1698822490117736e-08,0.0008532466647744175,1.0164991254480929e-07,1.6253565489001272e-06,3.215150408064508e-10,0.004044082135199964,-0.005955917864800036,1
602.0,269.2592352304336,465.79252063324697,0.015820227526352794,0.05540933367372681,5003000.0,225.0926799101749,3.442392715430999e-05,4.9086838619411555e-05,2.181064104909879e-08,5.167586364804718e-08,0.0008548705466397418,1.0226205248046791e-07,1.624911174657058e-06,3.2296721660907735e-10,0.004042978334064195,-0.0059570216659358055,1
603.0,269.25327820876765,465.5803163136309,0.015810921549466214,0.0554614542027273,5003000.0,225.73380698449282,3.444570426052642e-05,4.9138491607498846e-05,2.177710621643373e-08,5.165298808729024e-08,0.0008564939860207925,1.0287740801214927e-07,1.624466177225414e-06,3.2442543655686245e-10,0.004041875487314167,-0.005958124512685833,1
604.0,269.24732008425497,465.3681740899858,0.01580164680194021,0.05551362146381456,5003000.0,226.3767927710157,3.44674479463875e-05,4.9190121802718426e-05,2.1743685861081076e-08,5.163019521957976e-08,0.0008581169832803396,1.0349599436564461e-07,1.6240215532228167e-06,3.258897232440349e-10,0.004040773586599716,-0.005959226413400284,1
605.0,269.2413608578416,465.15609391601373,0.015792403116248046,0.05556583528063252,5003000.0,227.0216423631409,3.448915832571522e-05,4.924172928718009e-05,2.171037932771327e-08,5.1607484461663247e-08,0.0008597395387778758,1.0411782683107266e-07,1.6235772993031316e-06,3.2736009933950277e-10,0.004039672623661052,-0.005960327376338948,1
606.0,269.23540053046526,464.9440757458108,0.015783190326200222,0.05561809547827662,5003000.0,227.66836086638943,3.45108355116815e-05,4.9293314142415366e-05,2.167718596628411e-08,5.158485523527963e-08,0.0008613616528696528,1.0474292076311079e-07,1.6231334121564034e-06,3.288365875872116e-10,0.004038572590328589,-0.005961427409671411,1
607.0,269.2294391030556,464.7321195338632,0.015774008266921952,0.05567040188323284,5003000.0,228.31695339840428,3.453247961681346e-05,4.934487644938243e-05,2.1644105131962087e-08,5.156230696706523e-08,0.0008629833259087151,1.0537129158122099e-07,1.6226898885075302e-06,3.3031921080603203e-10,0.004037473478519651,-0.0059625265214803495,1
608.0,269.2234765765341,464.52022523504326,0.01576485677484676,0.055722754323406405,5003000.0,228.9674250889675,3.455409075299855e-05,4.939641628847097e-05,2.161113618508621e-08,5.153983908854128e-08,0.0008646045582449344,1.0600295476988471e-07,1.6222467251165726e-06,3.3180799189018815e-10,0.004036375280239252,-0.005963624719760748,1
609.0,269.21751295181434,464.30839280460486,0.01575573568769161,0.05577515262808212,5003000.0,229.61978107999195,3.4575669031489646e-05,4.9447933739507015e-05,2.1578278491097063e-08,5.151745103604014e-08,0.0008662253502250434,1.066379258788267e-07,1.6218039187771666e-06,3.3330295380925475e-10,0.004035277987576131,-0.005964722012423869,1
610.0,269.2115482298019,464.09662219817966,0.015746644844458344,0.05582759662791929,5003000.0,230.27402652555028,3.459721456291015e-05,4.949942888175768e-05,2.1545531420504166e-08,5.149514225066317e-08,0.0008678457021926689,1.0727622052325665e-07,1.6213614663176096e-06,3.348041196084072e-10,0.004034181592705467,-0.0059658184072945335,1
611.0,269.20558241139463,463.884913371773,0.015737584085404096,0.05588008615491377,5003000.0,230.9301665918604,3.461872745725896e-05,4.955090179393589e-05,2.151289434881153e-08,5.1472912178209736e-08,0.0008694656144883645,1.0791785438409118e-07,1.6209193645987663e-06,3.363115124084157e-10,0.004033086087883663,-0.005966913912116337,1
612.0,269.1996154974825,463.6732662817598,0.015728553252043913,0.0559326210424363,5003000.0,231.58820645731345,3.4640207823915446e-05,4.9602352554205065e-05,2.1480366656487465e-08,5.145076026917478e-08,0.0008710850874496433,1.0856284320819622e-07,1.6204776105152557e-06,3.378251554061454e-10,0.004031991465451304,-0.0059680085345486964,1
613.0,269.193647488948,463.461680884881,0.015719552187121438,0.05598520112515311,5003000.0,232.248151312459,3.4661655771644336e-05,4.9653781240183704e-05,2.144794772889143e-08,5.142868597864169e-08,0.0008727041214110096,1.0921120280860971e-07,1.6200362009933632e-06,3.393450718743063e-10,0.00403089771782796,-0.0059691022821720405,1
614.0,269.1876783866658,463.25015713823916,0.01571058073461036,0.05603782623906496,5003000.0,232.91000636003315,3.4683071408600576e-05,4.970518792894998e-05,2.141563695624301e-08,5.140668876628143e-08,0.0008743227167039902,1.0986294906478543e-07,1.6195951329920806e-06,3.4087128516195676e-10,0.004029804837514777,-0.005970195162485223,1
615.0,269.18170819150333,463.0386949992952,0.015701638739691184,0.056090496221465065,5003000.0,233.57377681494873,3.470445484233414e-05,4.975657269704626e-05,2.13834337335579e-08,5.1384768096279593e-08,0.0008759408736571661,1.1051809792281905e-07,1.619154403501621e-06,3.4240381869447566e-10,0.004028712817090779,-0.005971287182909221,1
616.0,269.17573690432044,462.82729442586435,0.015692726048739343,0.05614321091092595,5003000.0,234.23946790430452,3.472580617979474e-05,4.9807935620483554e-05,2.135133746059972e-08,5.1362923437289964e-08,0.0008775585925962015,1.111766653956839e-07,1.618714009543078e-06,3.4394269597373123e-10,0.004027621649212025,-0.0059723783507879755,1
617.0,269.16976452596964,462.6159553761124,0.01568384250932301,0.056195970147304576,5003000.0,234.90708486740658,3.4747125527336583e-05,4.9859276774745956e-05,2.1319347541845182e-08,5.134115426240452e-08,0.0008791758738438758,1.1183866756347323e-07,1.618273948169065e-06,3.454879405783747e-10,0.0040265313266131956,-0.005973468673386805,1
618.0,269.16379105729624,462.4046778085523,0.015674987970175962,0.0562487737717086,5003000.0,235.5766329557515,3.4768412990722997e-05,4.9910596234795045e-05,2.1287463386416102e-08,5.1319460049089436e-08,0.0008807927177201125,1.1250412057362458e-07,1.6178342164617969e-06,3.470395761638477e-10,0.004025441842102826,-0.005974558157897174,1
619.0,269.15781649913833,462.19346168204027,0.015666162281193545,0.05630162162648177,5003000.0,236.24811743304764,3.478966867513104e-05,4.996189407507418e-05,2.1255684408042926e-08,5.129784027913843e-08,0.0008824091245420094,1.1317304064116297e-07,1.6173948115335205e-06,3.485976264625553e-10,0.004024353188564374,-0.005975646811435626,1
620.0,269.1518408523269,461.98230695577246,0.01565736529341926,0.05635451355522299,5003000.0,236.9215435752165,3.481089268515606e-05,5.001317036951284e-05,2.1224010025015998e-08,5.1276294438656555e-08,0.0008840250946238656,1.1384544404893515e-07,1.6169557305259777e-06,3.501621152842142e-10,0.004023265358954886,-0.005976734641045115,1
621.0,269.1458641176859,461.7712135892813,0.0156485968590379,0.05640744940272445,5003000.0,237.59691667040764,3.483208512481621e-05,5.0064425191530815e-05,2.1192439660146003e-08,5.125482201797248e-08,0.0008856406282772119,1.1452134714785086e-07,1.6165169706105253e-06,3.5173306651573226e-10,0.004022178346305292,-0.005977821653694708,1
622.0,269.1398862960322,461.56018154243196,0.01563985683135634,0.05646042901502289,5003000.0,238.27424201899296,3.485324609755692e-05,5.0115658614042465e-05,2.1160972740708208e-08,5.1233422511651345e-08,0.0008872557258108394,1.1520076635711483e-07,1.6160785289869906e-06,3.5331050412173837e-10,0.0040210921437175695,-0.005978907856282431,1
623.0,269.13390738817594,461.34921077541924,0.015631145064792806,0.056513452239307795,5003000.0,238.9535249335748,3.487437570625532e-05,5.0166870709460845e-05,2.1129608698398483e-08,5.12120954183817e-08,0.0008888703875308255,1.1588371816446572e-07,1.615640402883374e-06,3.548944521442676e-10,0.004020006744363992,-0.005979993255636008,1
624.0,269.1279273949203,461.13830124876387,0.01562246141487144,0.056566518923982574,5003000.0,239.63477073899932,3.489547405322462e-05,5.0218061549701844e-05,2.1098346969296756e-08,5.119084024099783e-08,0.0008904846137405638,1.1657021912641848e-07,1.615202589556093e-06,3.564849347033802e-10,0.004018922141487743,-0.005981077858512257,1
625.0,269.12194631706177,460.92745292330943,0.015613805738198535,0.056619628918602456,5003000.0,240.31798477234418,3.4916541240218424e-05,5.026923120618824e-05,2.1067186993806303e-08,5.116965648639367e-08,0.000892098404740788,1.1726028586849441e-07,1.614765086288333e-06,3.5808197599699213e-10,0.0040178383283988135,-0.005982161671601187,1
626.0,269.11596415539015,460.7166657602188,0.015605177892470241,0.05667278207388671,5003000.0,241.00317238295145,3.493757736843506e-05,5.032037974985374e-05,2.1036128216635477e-08,5.114854366550264e-08,0.000893711760829602,1.179539350854742e-07,1.6143278903916182e-06,3.596856003012245e-10,0.00401675529847791,-0.00598324470152209,1
627.0,269.10998091068865,460.5059397209712,0.01559657773644037,0.05672597824169943,5003000.0,241.69033893240154,3.495858253852179e-05,5.037150725114699e-05,2.100517008672647e-08,5.112750129325034e-08,0.0008953246823025043,1.1865118354162231e-07,1.613890999203282e-06,3.6129583197047436e-10,0.004015673045170158,-0.005984326954829842,1
628.0,269.1039965837338,460.2952747673587,0.015588005129931599,0.0567792172750499,5003000.0,242.3794897945525,3.497955685057903e-05,5.042261378003552e-05,2.097431205724231e-08,5.110652888852435e-08,0.0008969371694524144,1.1935204807094423e-07,1.6134544100883734e-06,3.629126954376995e-10,0.0040145915619898545,-0.005985408438010146,1
629.0,269.0980111752958,460.08467086148335,0.015579459933804458,0.05683249902805974,5003000.0,243.07063035551326,3.5000500404164534e-05,5.047369940600963e-05,2.0943553585498034e-08,5.108562597411591e-08,0.0008985492225696994,1.2005654557741174e-07,1.6130181204372392e-06,3.645362152144021e-10,0.004013510842514443,-0.005986489157485557,1
630.0,269.09202468613836,459.8741279657538,0.015570942009960613,0.0568858233559654,5003000.0,243.7637660136693,3.502141329829747e-05,5.052476419808632e-05,2.091289413293769e-08,5.10647920766924e-08,0.0009001608419421978,1.2076469303521434e-07,1.6125821276665953e-06,3.6616641589090557e-10,0.004012430880387188,-0.005987569119612813,1
631.0,269.08603711701875,459.66364604288236,0.015562451221328067,0.05693919011510355,5003000.0,244.45890217968193,3.5042295631462555e-05,5.0575808224813074e-05,2.0882333165087765e-08,5.104402672675559e-08,0.0009017720278552466,1.214765074889985e-07,1.6121464292187509e-06,3.678033221364866e-10,0.004011351669315236,-0.005988648330684764,1
632.0,269.08004846868806,459.4532250558819,0.015553987431847072,0.05699259916290691,5003000.0,245.1560442764871,3.5063147501614065e-05,5.062683155427168e-05,2.0851870151511816e-08,5.1023329458608925e-08,0.000903382780591705,1.2219200605410704e-07,1.6117110225608914e-06,3.694469586995704e-10,0.004010273203067845,-0.005989726796932156,1
633.0,269.0740587418911,459.2428649680628,0.015545550506465451,0.057046050357878283,5003000.0,245.85519773930739,3.5083969006179844e-05,5.067783425408199e-05,2.0821504565777924e-08,5.100269981030669e-08,0.0009049931004319785,1.229112059168255e-07,1.6112759051853127e-06,3.710973504078088e-10,0.004009195475476953,-0.005990804524523047,1
634.0,269.0680679373666,459.03256574303026,0.015537140311124081,0.05709954355959439,5003000.0,246.5563680156502,3.510476024206526e-05,5.072881639140562e-05,2.0791235885413432e-08,5.0982137323629015e-08,0.0009066029876540434,1.2363412433462228e-07,1.6108410746086478e-06,3.7275452216832334e-10,0.004008118480435268,-0.0059918815195647325,1
635.0,269.06207605584706,458.822327344681,0.015528756712752018,0.057153078628692365,5003000.0,247.25956056531953,3.512552130565713e-05,5.077977803294967e-05,2.0761063591872765e-08,5.096164154404235e-08,0.0009082124425334701,1.2436077863639631e-07,1.6104065283720677e-06,3.7441849896785925e-10,0.004007042211896759,-0.005992957788103241,1
636.0,269.05608309805893,458.6121497372006,0.015520399579256654,0.057206655426842404,5003000.0,247.96478086042038,3.5146252292827626e-05,5.083071924497032e-05,2.0730987170498962e-08,5.0941212020648275e-08,0.0009098214653434485,1.2509118622272115e-07,1.6099722640409693e-06,3.760893058728402e-10,0.004005966663875887,-0.005994033336124113,1
637.0,269.0500890647228,458.40203288506046,0.015512068779505776,0.057260273816765864,5003000.0,248.67203438534992,3.51669532989381e-05,5.088164009327649e-05,2.070100611047478e-08,5.0920848306171905e-08,0.0009114300563548091,1.2582536456608326e-07,1.6095382792038174e-06,3.7776696802968884e-10,0.004004891830444716,-0.005995108169555285,1
638.0,269.04409395655324,458.1919767530153,0.01550376418332287,0.057313933662200854,5003000.0,249.38132663680804,3.518762441884289e-05,5.0932540643233395e-05,2.0671119904791715e-08,5.090054995690539e-08,0.0009130382158360462,1.2656333121113048e-07,1.6091045714723455e-06,3.794515106648451e-10,0.004003817705733421,-0.005996182294266579,1
639.0,269.038097774259,457.9819813061,0.015495485661486006,0.05736763482791539,5003000.0,250.09266312381496,3.520826574689312e-05,5.0983420959766085e-05,2.064132805022392e-08,5.0880316532692414e-08,0.000914645944053342,1.273051037749246e-07,1.6086711384821143e-06,3.811429590850942e-10,0.004002744283931675,-0.005997255716068325,1
640.0,269.0321005185429,457.77204650962716,0.015487233085705971,0.057421377179671974,5003000.0,250.8060493676946,3.5228877376940396e-05,5.103428110736296e-05,2.061163004727507e-08,5.086014759687166e-08,0.0009162532412705874,1.2805069994717724e-07,1.6082379778909274e-06,3.8284133867753535e-10,0.004001671559284707,-0.005998328440715293,1
641.0,269.02610219010216,457.56217232918414,0.015479006328625738,0.057475160584227115,5003000.0,251.52149090209159,3.524945940234055e-05,5.108512115007921e-05,2.0582025400153664e-08,5.084004271625028e-08,0.0009178601077494048,1.2880013749050305e-07,1.6078050873794375e-06,3.8454667490981943e-10,0.004000599526094814,-0.005999400473905186,1
642.0,269.02010278962825,457.3523587306305,0.015470805263802487,0.05752898490933257,5003000.0,252.2389932729608,3.5270011915957275e-05,5.113594115154029e-05,2.0552513616725638e-08,5.082000146107931e-08,0.0009194665437491697,1.2955343424065978e-07,1.6073724646499518e-06,3.8625899333036063e-10,0.003999528178718385,-0.006000471821281615,1
643.0,269.014102317807,457.14260568009547,0.015462629765707298,0.05758285002370541,5003000.0,252.9585620385839,3.5290535010165764e-05,5.118674117494529e-05,2.0523094208490478e-08,5.080002340500262e-08,0.0009210725495270325,1.303106081068023e-07,1.6069401074270373e-06,3.879783195683832e-10,0.003998457511567413,-0.006001542488432587,1
644.0,269.00810077531855,456.93291314397504,0.015454479709716336,0.05763675579705638,5003000.0,253.68020276957233,3.531102877685631e-05,5.123752128307035e-05,2.049376669054645e-08,5.0780108125056e-08,0.0009226781253379399,1.3107167707173095e-07,1.6065080134572595e-06,3.897046793343285e-10,0.003997387519108838,-0.006002612480891162,1
645.0,269.0020981628377,456.72328108892964,0.015446354972093453,0.05769070210002417,5003000.0,254.40392104885575,3.533149330743786e-05,5.128828153827194e-05,2.046453058154477e-08,5.07602552015862e-08,0.0009242832714346549,1.3183665919213174e-07,1.6060761805080135e-06,3.914380984196238e-10,0.003996318195861646,-0.006003681804138354,1
646.0,268.99609448103354,456.5137094818814,0.015438255429993379,0.05774468880421838,5003000.0,255.1297224717052,3.535192869284153e-05,5.13390220024902e-05,2.0435385403671184e-08,5.0740464218262985e-08,0.0009258879880677788,1.326055725988362e-07,1.6056446063684853e-06,3.93178602697213e-10,0.00399524953639926,-0.00600475046360074,1
647.0,268.99008973056993,456.3041982900117,0.01543018096144118,0.05779871578217641,5003000.0,255.85761264571425,3.537233502352413e-05,5.138974273725222e-05,2.0406330682596532e-08,5.0720734762018205e-08,0.0009274922754857712,1.333784354970591e-07,1.6052132888481485e-06,3.949262181214617e-10,0.003994181535345798,-0.006005818464654202,1
648.0,268.9840839121053,456.0947474807588,0.01542213144533092,0.057852782907367006,5003000.0,256.58759719081473,3.539271238947158e-05,5.144044380367524e-05,2.037736594745289e-08,5.070106642302474e-08,0.0009290961339349697,1.3415526616665523e-07,1.6047822257772358e-06,3.9668097072841643e-10,0.003993114187377248,-0.006006885812622752,1
649.0,268.9780770262927,455.8853570218153,0.015414106761418404,0.05790689005418151,5003000.0,257.31968173927805,3.5413060880202383e-05,5.149112526246991e-05,2.034849073080214e-08,5.0681458794665396e-08,0.0009306995636596107,1.349360829623688e-07,1.6043514150066e-06,3.984428866359644e-10,0.0039920474872211205,-0.00600795251277888,1
650.0,268.9720690737799,455.67602688112544,0.01540610679031134,0.05796103709793844,5003000.0,258.0538719357167,3.5433380584770985e-05,5.1541787173943426e-05,2.0319704568601353e-08,5.0661911473513204e-08,0.0009323025649018491,1.357209043140838e-07,1.6039208544072912e-06,4.002119920440781e-10,0.003990981429655404,-0.006009018570344596,1
651.0,268.96606005520954,455.46675702688316,0.015398131413456374,0.05801522391483829,5003000.0,258.79017343707824,3.545367159177115e-05,5.1592429598002696e-05,2.029100700016452e-08,5.0642424059269966e-08,0.0009339051379017771,1.3650974872707067e-07,1.6034905418698184e-06,4.019883132347192e-10,0.00398991600950672,-0.0060100839904932805,1
652.0,268.96004997121906,455.25754742752946,0.015390180513136127,0.058069450381992876,5003000.0,259.52859191265304,3.547393398933928e-05,5.1643052594157463e-05,2.0262397568137417e-08,5.062299615476817e-08,0.0009355072828974438,1.3730263478224071e-07,1.6030604753044252e-06,4.037718765722571e-10,0.003988851221651013,-0.006011148778348987,1
653.0,268.95403882244074,455.04839805175004,0.01538225397246378,0.05812371637739854,5003000.0,260.2691330440818,3.549416786515775e-05,5.169365622152339e-05,2.023387581846959e-08,5.0603627365925616e-08,0.000937109000124875,1.380995811364012e-07,1.602630652641107e-06,4.0556270850351433e-10,0.003987787061013598,-0.006012212938986402,1
654.0,268.94802660950177,454.83930886847304,0.015374351675370691,0.058178021779916975,5003000.0,261.0118025253489,3.5514373306458126e-05,5.1744240538825096e-05,2.020544130037748e-08,5.05843173017067e-08,0.000938710289818091,1.389006065225031e-07,1.602201071828912e-06,4.0736083555783574e-10,0.003986723522567414,-0.006013276477432586,1
655.0,268.9420133330243,454.63027984686676,0.015366473506602725,0.058232366469309634,5003000.0,261.75660606278944,3.553455040002444e-05,5.179480560439922e-05,2.0177093566319167e-08,5.056506557412946e-08,0.0009403111522091262,1.39705729749897e-07,1.601771730836128e-06,4.0916628434754536e-10,0.003985660601333494,-0.0060143393986665065,1
656.0,268.9359989936256,454.42131095633744,0.015358619351702543,0.05828675032617934,5003000.0,262.50354937507507,3.5554699232196394e-05,5.184535147619742e-05,2.0148832171950984e-08,5.0545871798194096e-08,0.0009419115875280463,1.4051496970457787e-07,1.6013426276490093e-06,4.1097908156773763e-10,0.003984598292377797,-0.006015401707622203,1
657.0,268.929983591918,454.21240216652694,0.01535078909701051,0.058341173231974706,5003000.0,263.25263819322737,3.55748198888725e-05,5.1895878211789284e-05,2.012065667610875e-08,5.052673559186537e-08,0.0009435115960029666,1.4132834534944507e-07,1.6009137602724311e-06,4.1279925399653676e-10,0.00398353659081284,-0.00601646340918716,1
658.0,268.9239671285088,454.00355344731054,0.015342982629665384,0.058395635069017314,5003000.0,264.0038782606314,3.559491245551329e-05,5.194638586836536e-05,2.0092566640788757e-08,5.050765657607368e-08,0.0009451111778600713,1.421458757245633e-07,1.600485126730508e-06,4.146268284955132e-10,0.00398247549179923,-0.00601752450820077,1
659.0,268.9179496040006,453.79476476879483,0.015335199837577735,0.05845013572044702,5003000.0,264.75727533300665,3.561497701714439e-05,5.1996874502740006e-05,2.0064561631093654e-08,5.0488634374648084e-08,0.0009467103333236295,1.4296757994740092e-07,1.6000567250643895e-06,4.1646183200947344e-10,0.003981414990540187,-0.006018585009459813,1
660.0,268.91193101899114,453.5860361013154,0.015327440609439991,0.05850467507024978,5003000.0,265.51283517843393,3.563501365835961e-05,5.2047344171354324e-05,2.0036641215226093e-08,5.0469668614318534e-08,0.0009483090626160138,1.437934772130988e-07,1.5996285533338377e-06,4.1830429156689983e-10,0.003980355082285468,-0.006019644917714532,1
661.0,268.9059113740734,453.37736741543495,0.015319704834705357,0.058559253003208286,5003000.0,266.2705635773324,3.565502246332406e-05,5.209779493027898e-05,2.0008804964442233e-08,5.045075892465392e-08,0.0009499073659577175,1.4462358679471306e-07,1.599200609615581e-06,4.201542342797823e-10,0.003979295762327265,-0.006020704237672735,1
662.0,268.8998906698357,453.16875868194086,0.015311992403592276,0.058613869404954194,5003000.0,267.03046632247987,3.56750035157771e-05,5.214822683521706e-05,1.9981052453038505e-08,5.043190493808505e-08,0.0009515052435673714,1.4545792804348133e-07,1.598772892004299e-06,4.2201168734421836e-10,0.003978237026002668,-0.006021762973997332,1
663.0,268.8938689068617,452.96020987184346,0.015304303207068073,0.05866852416189654,5003000.0,267.79254921899565,3.569495689903541e-05,5.219863994150689e-05,1.9953383258311703e-08,5.0413106289824635e-08,0.0009531026956617602,1.462965203890696e-07,1.5983453986114523e-06,4.2387667804009577e-10,0.003977178868690742,-0.006022821131309258,1
664.0,268.8878460857304,452.75172095637373,0.015296637136849384,0.05872321716127626,5003000.0,268.5568180843534,3.571488269599595e-05,5.224903430412478e-05,1.992579696054097e-08,5.039436261789267e-08,0.00095469972245584,1.4713938333983567e-07,1.5979181275658455e-06,4.257492337316991e-10,0.003976121285813939,-0.006023878714186061,1
665.0,268.8818222070162,452.5432919069813,0.015288994085394941,0.058777948291093,5003000.0,269.323278748378,3.5734780989138913e-05,5.2299409977687814e-05,1.989829314296009e-08,5.0375673563035524e-08,0.0009562963241627556,1.4798653648308422e-07,1.5974910770133891e-06,4.2762938186739847e-10,0.003975064272837498,-0.0060249357271625024,1
666.0,268.87579727128906,452.3349226953326,0.01528137394589224,0.05883271744016303,5003000.0,270.0919370532362,3.575465186053064e-05,5.234976701645657e-05,1.987087139172211e-08,5.0357038768754594e-08,0.0009578925009938551,1.4883799948531938e-07,1.5970642451162262e-06,4.29517149980246e-10,0.003974007825267273,-0.006025992174732727,1
667.0,268.86977127911433,452.1266132933085,0.01527377661225495,0.058887524498062324,5003000.0,270.86279885344027,3.577449539182652e-05,5.240010547433781e-05,1.9843531295878033e-08,5.033845788123938e-08,0.0009594882531587065,1.4969379209250447e-07,1.5966376300529597e-06,4.314125656877851e-10,0.0039729519386503065,-0.006027048061349694,1
668.0,268.863744231053,451.9183636730028,0.015266201979118859,0.058942369355145706,5003000.0,271.635870015852,3.579431166427387e-05,5.245042540488717e-05,1.9816272447353818e-08,5.031993054936429e-08,0.0009610835808651144,1.50553934130323e-07,1.5962112300187346e-06,4.333156566923968e-10,0.003971896608575027,-0.006028103391424973,1
669.0,268.85771612766155,451.7101738067199,0.015258649941830044,0.058997251902528344,5003000.0,272.41115641967207,3.5814100758714794e-05,5.250072686131183e-05,1.978909444091753e-08,5.03014564246542e-08,0.0009626784843191354,1.5141844550443124e-07,1.5957850432244962e-06,4.3522645078135456e-10,0.003970841830669408,-0.006029158169330592,1
670.0,268.8516869694922,451.50204366697324,0.015251120396441957,0.059052172032085744,5003000.0,273.18866395644346,3.583386275558895e-05,5.25510098964731e-05,1.9761996874158235e-08,5.02830351612657e-08,0.0009642729637250925,1.522873462007197e-07,1.5953590678971765e-06,4.3714497582703284e-10,0.003969787600601428,-0.0060302123993985724,1
671.0,268.8456567570928,451.293973226483,0.015243613239710687,0.05910712963644352,5003000.0,273.96839853005446,3.5853597734936414e-05,5.260127456288906e-05,1.973497934746263e-08,5.0264666415959854e-08,0.0009658670192855937,1.5316065628557486e-07,1.5949333022796817e-06,4.390712597870407e-10,0.003968733914079045,-0.006031266085920955,1
672.0,268.83962549100687,451.08596245817455,0.015236128369080186,0.05916212460897616,5003000.0,274.7503660567196,3.5873305776400396e-05,5.265152091273714e-05,1.9708041463979102e-08,5.0246349848082965e-08,0.0009674606512015431,1.5403839590612884e-07,1.5945077446298373e-06,4.4100533070438683e-10,0.003967680766847572,-0.006032319233152428,1
673.0,268.8335931717737,450.87801133517644,0.015228665682686725,0.05921715684378618,5003000.0,275.53457246499744,3.589298695923e-05,5.270174899785667e-05,1.968118282960653e-08,5.022808511953096e-08,0.0009690538596721582,1.5492058529053004e-07,1.5940823932213165e-06,4.4294721670755717e-10,0.00396662815469198,-0.00603337184530802,1
674.0,268.8275597999284,450.67011983081863,0.015221225079347717,0.059272226235711885,5003000.0,276.32102369577757,3.591264136228296e-05,5.275195886975141e-05,1.9654403052963324e-08,5.020987189473791e-08,0.0009706466448949854,1.558072447481973e-07,1.5936572463429514e-06,4.4489694601075176e-10,0.003965576073435197,-0.006034423926564803,1
675.0,268.82152537600183,450.46228791863064,0.015213806458553398,0.05932733268031364,5003000.0,277.109725702276,3.593226906402832e-05,5.2802150579592056e-05,1.9627701745360257e-08,5.0191709840646815e-08,0.0009722390070659137,1.566983946700791e-07,1.5932323022983294e-06,4.4685454691397904e-10,0.003964524518937092,-0.0060354754810629085,1
676.0,268.8154899005208,450.2545155723397,0.015206409720464071,0.05938247607386664,5003000.0,277.9006844500368,3.59518701425491e-05,5.285232417821874e-05,1.9601078520780595e-08,5.0173598626686075e-08,0.0009738309463791884,1.5759405552891674e-07,1.5928075594059607e-06,4.488200478032053e-10,0.003963473487094901,-0.006036526512905099,1
677.0,268.8094533740079,450.046802765869,0.01519903476590682,0.05943765631337496,5003000.0,278.6939059169337,3.597144467554496e-05,5.290247971614351e-05,1.9574532995859767e-08,5.015553792476341e-08,0.0009754224630274278,1.5849424787950818e-07,1.5923830159993925e-06,4.5079347715065974e-10,0.003962422973843509,-0.006037577026156492,1
678.0,268.8034157969817,449.8391494733361,0.015191681496364011,0.05949287329652073,5003000.0,279.48939609315676,3.5990992740334815e-05,5.2952617243552715e-05,1.9548064789854635e-08,5.0137527409207056e-08,0.0009770135572016354,1.5939899235896339e-07,1.5919586704264595e-06,4.527748635146397e-10,0.003961372975153581,-0.00603862702484642,1
679.0,268.79737716995686,449.63155566905084,0.015184349813965657,0.059548126921709854,5003000.0,280.2871609812058,3.601051441385943e-05,5.30027368103095e-05,1.952167352461801e-08,5.0119566756786115e-08,0.0009786042290912146,1.603083096869646e-07,1.5915345210489353e-06,4.547642355400354e-10,0.003960323487030706,-0.0060396765129692945,1
680.0,268.7913374934439,449.4240213275141,0.015177039621491039,0.05960341708801988,5003000.0,281.0872065958989,3.603000977268402e-05,5.305283846595615e-05,1.9495358824585024e-08,5.0101655646650945e-08,0.0009801944788839828,1.6122222066603515e-07,1.59111056624314e-06,4.5676162195815635e-10,0.003959274505516895,-0.006040725494483105,1
681.0,268.78529676794943,449.2165464234156,0.015169750822360656,0.059658743695223,5003000.0,281.8895389643656,3.604947889300076e-05,5.3102922259716486e-05,1.9469120316747387e-08,5.0083793760335245e-08,0.0009817843067661848,1.6214074618180009e-07,1.5906868043995343e-06,4.5876705158708694e-10,0.003958226026689586,-0.006041773973310414,1
682.0,268.7792549939761,449.0091309316326,0.01516248332063039,0.05971410664378331,5003000.0,282.69416412603925,3.6068921850631394e-05,5.3152988240498225e-05,1.9442957630630624e-08,5.0065980781737196e-08,0.0009833737129225075,1.6306390720324735e-07,1.5902632339225476e-06,4.6078055333185363e-10,0.003957178046661206,-0.0060428219533387945,1
683.0,268.7732121720228,448.80177482722814,0.015155237020978062,0.05976950583480992,5003000.0,283.50108813264245,3.6088338721029656e-05,5.320303645689529e-05,1.941687039826179e-08,5.004821639706501e-08,0.0009849626975360912,1.6399172478298427e-07,1.5898398532295987e-06,4.628021561842459e-10,0.0039561305615767395,-0.006043869438423261,1
684.0,268.76716830258437,448.59447808544917,0.015148011828714782,0.059824941170112736,5003000.0,284.3103170482094,3.6107729579283826e-05,5.325306695719015e-05,1.9390858254168944e-08,5.0030500294865985e-08,0.0009865512607885448,1.6492422005751706e-07,1.5894166607527064e-06,4.6483188922346624e-10,0.0039550835676177365,-0.006044916432382264,1
685.0,268.761123386152,448.3872406817253,0.015140807649760266,0.05988041255214536,5003000.0,285.1218569490472,3.6127094500119164e-05,5.330307978935611e-05,1.9364920835334882e-08,5.0012832165964074e-08,0.0009881394028599586,1.6586141424749442e-07,1.5889936549363306e-06,4.668697816158355e-10,0.0039540370609969415,-0.006045962939003059,1
686.0,268.755077423213,448.18006259166685,0.015133624390657139,0.05993591988402363,5003000.0,285.9357139237659,3.6146433557900365e-05,5.335307500105957e-05,1.9339057781200614e-08,4.999521170345907e-08,0.0009897271239289165,1.668033286579924e-07,1.5885708342392794e-06,4.68915862615175e-10,0.003952991037963035,-0.006047008962036965,1
687.0,268.74903041425097,447.9729437910636,0.015126461958541781,0.05999146306951155,5003000.0,286.75189407323154,3.616574682663398e-05,5.340305263966227e-05,1.931326873361386e-08,4.9977638602699587e-08,0.000991314424172509,1.6774998467875392e-07,1.5881481971320816e-06,4.70970161562819e-10,0.0039519454947941025,-0.006048054505205898,1
688.0,268.7429823597458,447.76588425588284,0.015119320261164497,0.060047042013021724,5003000.0,287.57040351060294,3.618503437997082e-05,5.345301275222354e-05,1.9287553336840178e-08,4.99601125612676e-08,0.0009929013037663474,1.6870140378447827e-07,1.58772574209949e-06,4.730327078878705e-10,0.00395090042780386,-0.00604909957219614,1
689.0,268.7369332601736,447.5588839622681,0.015112199206868007,0.060102656619608494,5003000.0,288.39124836129963,3.6204296291208346e-05,5.35029553855025e-05,1.926191123752149e-08,4.994263327895781e-08,0.0009944877628845746,1.696576075350707e-07,1.5873034676386463e-06,4.751035311072924e-10,0.003949855833337088,-0.006050144166662912,1
690.0,268.73088311600696,447.3519428865376,0.015105098704585405,0.060158306794946104,5003000.0,289.2144347629998,3.6223532633293e-05,5.355288058596024e-05,1.9236342084659402e-08,4.992520045774463e-08,0.0009960738016998776,1.7061861757590965e-07,1.5868813722592609e-06,4.771826608259279e-10,0.003948811707770083,-0.006051188292229917,1
691.0,268.7248319277147,447.14506100518247,0.015098018663841473,0.06021399244536299,5003000.0,290.03996886564613,3.6242743478822604e-05,5.360278839976203e-05,1.9210845529602886e-08,4.9907813801794713e-08,0.0009976594203835018,1.7158445563811967e-07,1.5864594544841476e-06,4.792701267369666e-10,0.003947768047511981,-0.006052231952488019,1
692.0,268.71877969576224,446.9382382948656,0.015090958994733863,0.060269713477783975,5003000.0,290.86785683141215,3.626192890004861e-05,5.365267887277944e-05,1.9185421226010735e-08,4.989047301740564e-08,0.000999244619105261,1.725551435388209e-07,1.5860377128476516e-06,4.813659586216366e-10,0.003946724849000859,-0.0060532751509991415,1
693.0,268.71272642061126,446.73147473241977,0.015083919607942125,0.06032546979976907,5003000.0,291.6981048347229,3.628108896887846e-05,5.3702552050592456e-05,1.9160068829849226e-08,4.987317781302223e-08,0.0010008293980335505,1.735307031814113e-07,1.5856161458969712e-06,4.834701863497286e-10,0.0039456821087070085,-0.006054317891292992,1
694.0,268.70667210271995,446.5247702948466,0.015076900414720885,0.060381261319488753,5003000.0,292.530719062244,3.6300223756877835e-05,5.375240797849166e-05,1.9134787999370013e-08,4.985592789920209e-08,0.0010024137573353589,1.7451115655583083e-07,1.5851947521918342e-06,4.85582839879577e-10,0.003944639823132144,-0.006055360176867856,1
695.0,268.7006167425431,446.31812495931473,0.015069901326880953,0.06043708794571575,5003000.0,293.36570571284744,3.6319333335272906e-05,5.380224670148025e-05,1.910957839507293e-08,4.983872298859462e-08,0.0010039976971762787,1.7549652573881178e-07,1.5847735303029034e-06,4.877039492581319e-10,0.003943597988805429,-0.006056402011194571,1
696.0,268.6945603405319,446.11153870315854,0.015062922256807892,0.06049294958782663,5003000.0,294.20307099764676,3.633841777495262e-05,5.385206826427618e-05,1.9084439679716082e-08,4.9821562795927916e-08,0.0010055812177205204,1.764868328941711e-07,1.5843524788140895e-06,4.89833544621217e-10,0.003942556602289234,-0.006057443397710766,1
697.0,268.6885028971342,445.9050115038767,0.015055963117432741,0.06054884615579696,5003000.0,295.0428211399465,3.635747714647089e-05,5.390187271131417e-05,1.9059371518265895e-08,4.9804447037990745e-08,0.001007164319130922,1.774821002730519e-07,1.583931596319866e-06,4.919716561935979e-10,0.003941515660172455,-0.006058484339827545,1
698.0,268.6824444127944,445.6985433391309,0.015049023822244132,0.06060477756018562,5003000.0,295.88496237526124,3.637651152004879e-05,5.395166008674777e-05,1.9034373577899352e-08,4.9787375433606064e-08,0.0010087470015689604,1.7848235021420698e-07,1.5835108814269007e-06,4.941183142890801e-10,0.003940475159074574,-0.006059524840925426,1
699.0,268.6763848879535,445.49213418674407,0.015042104285280357,0.060660743712151924,5003000.0,296.72950095130346,3.639552096557677e-05,5.40014304344514e-05,1.9009445527981167e-08,4.9770347703630636e-08,0.0010103292651947643,1.794876051442644e-07,1.583090332753594e-06,4.962735493108103e-10,0.0039394350956445095,-0.006060564904355491,1
700.0,268.6703243230491,445.28578402469935,0.015035204421122982,0.06071674452344215,5003000.0,297.5764431279708,3.641450555261681e-05,5.405118379802233e-05,1.8984587040042998e-08,4.9753363570930596e-08,0.0010119111101671242,1.804978875779924e-07,1.5826699489297713e-06,4.984373917513383e-10,0.003938395466559852,-0.006061604533440148,1
701.0,268.66426271851566,445.0794928311387,0.015028324144885447,0.060772779906353686,5003000.0,298.4257951773253,3.643346535040457e-05,5.4100920220782665e-05,1.89597977877566e-08,4.973642276033946e-08,0.0010134925366435035,1.815132201185605e-07,1.5822497285958513e-06,5.00609872192485e-10,0.003937356268524797,-0.006062643731475203,1
702.0,268.6582000747842,444.8732605843613,0.015021463372220044,0.060828849773775825,5003000.0,299.27756338360365,3.64524004278515e-05,5.415063974578134e-05,1.893507744693005e-08,4.971952499867692e-08,0.0010150735447800494,1.8253362545781932e-07,1.5818296704039234e-06,5.027910213058681e-10,0.003936317498272825,-0.006063682501727175,1
703.0,268.65213639228244,444.66708726282246,0.015014622019310713,0.06088495403916237,5003000.0,300.1317540432039,3.647131085354698e-05,5.420034241579606e-05,1.8910425695486367e-08,4.970267001471385e-08,0.0010166541347316046,1.8355912637656712e-07,1.5814097730173513e-06,5.0498086985285e-10,0.0039352791525657125,-0.006064720847434288,1
704.0,268.646071671435,444.4609728451322,0.015007800002861988,0.06094109261652823,5003000.0,300.98837346466314,3.649019669576042e-05,5.4250028273335215e-05,1.8885842213437457e-08,4.9685857539156306e-08,0.0010182343066517166,1.8458974574481022e-07,1.580990035109961e-06,5.071794486846564e-10,0.003934241228191517,-0.0060657587718084835,1
705.0,268.6400059126632,444.25491731005394,0.015000997240097009,0.060997265420447616,5003000.0,301.8474279686515,3.650905802244329e-05,5.4299697360639845e-05,1.886132668286955e-08,4.966908730463125e-08,0.001019814060692649,1.85625506522035e-07,1.5805704553661785e-06,5.093867887425392e-10,0.003933203721964918,-0.006066796278035082,1
706.0,268.63393911638514,444.0489206365032,0.014994213648764203,0.06105347236603305,5003000.0,302.7089238879815,3.652789490123123e-05,5.43493497196855e-05,1.883687878793948e-08,4.9652359045656835e-08,0.0010213933970053923,1.8666643175748848e-07,1.5801510324820678e-06,5.116029210578041e-10,0.003932166630729798,-0.006067833369270202,1
707.0,268.62787128301585,443.84298280354636,0.014987449147117,0.061109713368979246,5003000.0,303.57286756756895,3.654670739944607e-05,5.439898539218417e-05,1.8812498214837565e-08,4.963567249866425e-08,0.0010229723157396738,1.8771254459043085e-07,1.5797317651635468e-06,5.138278767522859e-10,0.0039311299513548085,-0.006068870048645192,1
708.0,268.6218024129672,443.63710379039924,0.014980703653915996,0.06116598834549118,5003000.0,304.43926536443405,3.656549558409785e-05,5.4448604419586095e-05,1.878818465177851e-08,4.961902740192843e-08,0.0010245508170439678,1.8876386825041148e-07,1.5793126521269495e-06,5.160616870379491e-10,0.003930093680734765,-0.006069906319265235,1
709.0,268.61573250664793,443.43128357642604,0.014973977088431949,0.06122229721233631,5003000.0,305.3081236477016,3.6584259521886844e-05,5.449820684308169e-05,1.876393778899349e-08,4.9602423495596525e-08,0.0010261289010655063,1.8982042605754652e-07,1.5788936920996655e-06,5.183043832174958e-10,0.003929057815792241,-0.0060709421842077595,1
710.0,268.60966156446375,443.225522141138,0.014967269370424864,0.06127863988680168,5003000.0,306.17944879856077,3.660299927920554e-05,5.454779270360333e-05,1.873975731869267e-08,4.958586052164184e-08,0.001027706567950288,1.9088224142277037e-07,1.5784748838182875e-06,5.205559966841305e-10,0.003928022353472956,-0.006071977646527044,1
711.0,268.60358958681724,443.01981946419215,0.014960580420161346,0.06133501628671082,5003000.0,307.05324721028995,3.662171492214061e-05,5.4597362041827195e-05,1.871564293507524e-08,4.9569338223864734e-08,0.0010292838178430895,1.9194933784812872e-07,1.5780562260307405e-06,5.228165589219194e-10,0.00392698729075108,-0.00607301270924892,1
712.0,268.597516574108,442.81417552539006,0.014953910158392333,0.06139142633042239,5003000.0,307.9295252882151,3.66404065164749e-05,5.4646914898175074e-05,1.8691594334290565e-08,4.955285634787939e-08,0.0010308606508874748,1.930217389270305e-07,1.5776377174942861e-06,5.250861015058933e-10,0.003925952624624262,-0.006074047375375738,1
713.0,268.59144252673264,442.60859030467674,0.014947258506357352,0.061447869936803436,5003000.0,308.8082894497094,3.6659074127689334e-05,5.469645131281615e-05,1.8667611214432218e-08,4.9536414641080804e-08,0.0010324370672258041,1.9409946834452565e-07,1.577219356976276e-06,5.273646561020038e-10,0.0039249183521155055,-0.006075081647884495,1
714.0,268.5853674450847,442.4030637821394,0.014940625385781916,0.06150434702524771,5003000.0,309.68954612418395,3.667771782096486e-05,5.47459713256688e-05,1.8643693275523654e-08,4.952001285264719e-08,0.0010340130669992459,1.9518254987757795e-07,1.5768011432541991e-06,5.296522544674404e-10,0.0039238844702732915,-0.006076115529726709,1
715.0,268.579291329555,442.1975959380062,0.01493401071886245,0.06156085751565403,5003000.0,310.5733017530542,3.669633766118435e-05,5.479547497640231e-05,1.8619840219488643e-08,4.950365073351132e-08,0.001035588650347782,1.9627100739532242e-07,1.5763830751144172e-06,5.319489284505726e-10,0.003922850976168429,-0.006077149023831571,1
716.0,268.5732141805312,441.99218675264524,0.014927414428281254,0.06161740132844356,5003000.0,311.45956278976234,3.6714933712934506e-05,5.4844962304438675e-05,1.859605175015882e-08,4.9487328036362116e-08,0.001037163817410222,1.9736486485935942e-07,1.5759651513540377e-06,5.342547099913095e-10,0.003921817866898716,-0.006078182133101284,1
717.0,268.5671359983981,441.7868362065632,0.014920836437183345,0.061673978384526644,5003000.0,312.34833569972676,3.673350604050774e-05,5.489443334895428e-05,1.857232757323438e-08,4.947104451560744e-08,0.001038738568324209,1.9846414632400145e-07,1.5755473707788003e-06,5.365696311209162e-10,0.003920785139583678,-0.006079214860416322,1
718.0,268.5610567835377,441.5815442804043,0.01491427666918729,0.06173058860532127,5003000.0,313.2396269603557,3.675205470790402e-05,5.494388814888166e-05,1.854866739628671e-08,4.94547999273768e-08,0.0010403129032262313,1.9956887593656272e-07,1.5751297322045085e-06,5.388937239623666e-10,0.00391975279136814,-0.0060802472086318605,1
719.0,268.5549765363291,441.37631095494913,0.014907735048373935,0.06178723191275142,5003000.0,314.1334430610203,3.6770579778832754e-05,5.499332674291117e-05,1.8525070928733975e-08,4.943859402950886e-08,0.00104188682225163,2.0067907793762151e-07,1.574712234456156e-06,5.412270207304632e-10,0.00391872081942004,-0.00608127918057996,1
720.0,268.5488952571485,441.17113621111366,0.014901211499285446,0.06184390822922858,5003000.0,315.02979050304367,3.678908131671458e-05,5.50427491694927e-05,1.8501537881829448e-08,4.942242658152561e-08,0.0010434603255346083,2.0179477666129474e-07,1.5742948763681213e-06,5.435695537318371e-10,0.003917689220930925,-0.006082310779069075,1
721.0,268.54281294636945,440.96602002994786,0.014894705946914383,0.06190061747764216,5003000.0,315.92867579967253,3.680755938468322e-05,5.5092155466837314e-05,1.8478067968637768e-08,4.9406297344614135e-08,0.0010450334132082416,2.0291599653550019e-07,1.5738776567833229e-06,5.459213553649949e-10,0.0039166579931138425,-0.006083342006886158,1
722.0,268.53672960436256,440.76096239263484,0.014888218316713876,0.06195735958138196,5003000.0,316.8301054760903,3.682601404558726e-05,5.5141545672918945e-05,1.8454660904037086e-08,4.939020608163261e-08,0.0010466060854044843,2.040427620822466e-07,1.573460574554568e-06,5.48282458120704e-10,0.0039156271332067005,-0.0060843728667933,1
723.0,268.5306452314958,440.55596328048966,0.014881748534579903,0.06201413446430424,5003000.0,317.73408606937227,3.684444536199195e-05,5.519091982547602e-05,1.8431316404687232e-08,4.937415255707343e-08,0.0010481783422541806,2.051750979178866e-07,1.573043628542998e-06,5.506528945818039e-10,0.003914596638468397,-0.006085403361531603,1
724.0,268.5245598281343,440.35102267495824,0.014875296526857203,0.06207094205075216,5003000.0,318.6406241284889,3.686285339618098e-05,5.5240277962013086e-05,1.840803418902687e-08,4.935813653706805e-08,0.0010497501838870717,2.0631302875340102e-07,1.5726268176189875e-06,5.530326974235584e-10,0.003913566506181062,-0.0060864334938189385,1
725.0,268.51847339464047,440.1461405576163,0.014868862220332823,0.062127782265548624,5003000.0,319.5497262142855,3.688123821015824e-05,5.528962011980246e-05,1.8384813977255576e-08,4.9342157789370656e-08,0.0010513216104318058,2.074565793946679e-07,1.5722101406617533e-06,5.554218994137329e-10,0.003912536733649076,-0.006087463266350924,1
726.0,268.5123859313741,439.9413169101684,0.014862445542230445,0.06218465503397368,5003000.0,320.4613988994603,3.689959986564956e-05,5.533894633588579e-05,1.8361655491317072e-08,4.932621608333031e-08,0.0010528926220159452,2.086057747427315e-07,1.5717935965590443e-06,5.578205334125359e-10,0.00391150731819831,-0.00608849268180169,1
727.0,268.50629743869234,439.73655171444665,0.014856046420208692,0.062241560281778234,5003000.0,321.37564876855066,3.691793842410445e-05,5.538825664707568e-05,1.833855845488734e-08,4.931031118989091e-08,0.001054463218765976,2.0976063979407582e-07,1.57137718420724e-06,5.602286323728833e-10,0.003910478257176363,-0.006089521742823637,1
728.0,268.50020791694953,439.5318449524099,0.014849664782359037,0.06229849793516234,5003000.0,322.2924824179201,3.693625394669781e-05,5.543755108995724e-05,1.8315522593362405e-08,4.929444288156418e-08,0.0010560334008073156,2.1092119964089982e-07,1.5709609025114143e-06,5.626462293403597e-10,0.003909449547952723,-0.006090550452047277,1
729.0,268.4941173664975,439.32719660614276,0.014843300557199289,0.06235546792081808,5003000.0,323.2119064557346,3.695454649433165e-05,5.5486829700889696e-05,1.8292547633840722e-08,4.9278610932452106e-08,0.0010576031682643214,2.1208747947138623e-07,1.5705447503849167e-06,5.650733574537211e-10,0.003908421187917727,-0.006091578812082273,1
730.0,268.48802578768544,439.1226066578542,0.014836953673672947,0.06241247016585292,5003000.0,324.13392750194885,3.697281612763677e-05,5.5536092516007874e-05,1.8269633305112957e-08,4.926281511817814e-08,0.0010591725212602994,2.132595045699755e-07,1.5701287267495865e-06,5.675100499443723e-10,0.003907393174483093,-0.006092606825516907,1
731.0,268.4819331808599,438.91807508987694,0.014830624061146002,0.062469504597856274,5003000.0,325.0585521882909,3.6991062906974415e-05,5.5585339571223805e-05,1.8246779337648608e-08,4.9247055215927954e-08,0.0010607414599175104,2.1443730031764096e-07,1.5697128305356784e-06,5.699563401370917e-10,0.003906365505081736,-0.006093634494918264,1
732.0,268.475839546365,438.71360188466633,0.014824311649397605,0.06252657114484148,5003000.0,325.9857871582298,3.700928689243799e-05,5.56345709022282e-05,1.8223985463575355e-08,4.923133100439515e-08,0.0010623099843571813,2.1562089219215186e-07,1.5692970606811594e-06,5.724122614496348e-10,0.0039053381771660166,-0.006094661822833984,1
733.0,268.4697448845422,438.5091870247993,0.014818016368626839,0.06258366973528479,5003000.0,326.91563906697775,3.702748814385467e-05,5.5683786544492e-05,1.820125141667801e-08,4.921564226380101e-08,0.0010638780946995094,2.1681030576835962e-07,1.568881416132672e-06,5.748778473932488e-10,0.003904311188210142,-0.006095688811789858,1
734.0,268.4636491957304,438.30483049297345,0.01481173814944191,0.06264080029808936,5003000.0,327.8481145814559,3.704566672078705e-05,5.573298653326786e-05,1.8178576932376285e-08,4.919998877585732e-08,0.0010654457910636726,2.1800556671846074e-07,1.5684658958446733e-06,5.773531315724619e-10,0.0039032845357080195,-0.006096715464291981,1
735.0,268.4575524802661,438.10053227200603,0.014805476922859167,0.06269796276261183,5003000.0,328.783220380279,3.706382268253476e-05,5.5782170903591635e-05,1.8155961747714484e-08,4.918437032377677e-08,0.0010670130735678375,2.1920670081227194e-07,1.5680504987795857e-06,5.798381476854604e-10,0.0039022582171736363,-0.006097741782826364,1
736.0,268.4514547384833,437.89629234483306,0.014799232620295989,0.0627551570586126,5003000.0,329.7209631537292,3.7081956088136104e-05,5.583133969028386e-05,1.8133405601343895e-08,4.916878669222564e-08,0.0010685799423291646,2.204137339174987e-07,1.567635223907309e-06,5.823329295237644e-10,0.003901232230139844,-0.006098767769860156,1
737.0,268.4453559707134,437.6921106945082,0.014793005173579551,0.06281238311631747,5003000.0,330.66134960375706,3.710006699636963e-05,5.588049292795122e-05,1.8110908233524545e-08,4.9153237667360943e-08,0.001070146397463819,2.2162669200002202e-07,1.5672200702063942e-06,5.848375109729451e-10,0.003900206572161276,-0.006099793427838724,1
738.0,268.4392561772856,437.487987304202,0.01478679451493021,0.06286964086636114,5003000.0,331.60438644393776,3.7118155465755727e-05,5.5929630650987994e-05,1.808846938609623e-08,4.9137723036778185e-08,0.0010717124390869758,2.228456011241556e-07,1.566805036662556e-06,5.873519260122096e-10,0.0038991812408106555,-0.006100818759189344,1
739.0,268.4331553585264,437.28392215720106,0.014780600576965572,0.06292693023979373,5003000.0,332.5500803994616,3.71362215545582e-05,5.59787528935775e-05,1.806608880247469e-08,4.912224258950692e-08,0.001073278067312828,2.240704874529261e-07,1.566390122269344e-06,5.898762087146029e-10,0.003898156233680455,-0.006101843766319545,1
740.0,268.4270535147601,437.07991523690663,0.014774423292694266,0.06298425116810898,5003000.0,333.49843820710777,3.715426532078583e-05,5.602785968969352e-05,1.8043766227635476e-08,4.91067961160228e-08,0.001074843282254595,2.2530137724834257e-07,1.5659753260277465e-06,5.924103932473823e-10,0.0038971315483819196,-0.006102868451618081,1
741.0,268.4209506463085,436.8759665268343,0.014768262595513606,0.06304160358319519,5003000.0,334.44946661522505,3.7172286822193935e-05,5.6076951073101726e-05,1.8021501408102496e-08,4.909138340820134e-08,0.001076408084024529,2.265382968716706e-07,1.5655606469461795e-06,5.949545138717004e-10,0.003896107182545036,-0.0061038928174549645,1
742.0,268.414846753491,436.6720760106126,0.014762118419214165,0.06309898741736937,5003000.0,335.4031723837227,3.719028611628588e-05,5.612602707736106e-05,1.7999294091945085e-08,4.907600425933457e-08,0.0010779724727339218,2.2778127278371356e-07,1.5651460840412185e-06,5.97508604943062e-10,0.003895083133820353,-0.006104916866179647,1
743.0,268.4087418366248,436.4682436719824,0.014755990697962695,0.0631564026033503,5003000.0,336.35956228402324,3.7208263260314624e-05,5.6175087735825166e-05,1.7977144028748936e-08,4.9060658464101695e-08,0.0010795364484931138,2.2903033154506863e-07,1.5647316363360449e-06,6.000727009111562e-10,0.003894059399875119,-0.006105940600124881,1
744.0,268.40263589602466,436.2644694947959,0.014749879366306833,0.06321384907426675,5003000.0,337.31864309905325,3.722621831128424e-05,5.622413308164373e-05,1.7955050969613504e-08,4.904534581856641e-08,0.0010811000114114993,2.3028549981640827e-07,1.5643173028611802e-06,6.026468363200752e-10,0.003893035978395106,-0.006106964021604894,1
745.0,268.39652893200304,436.06075346301577,0.014743784359173513,0.06327132676366012,5003000.0,338.28042162322174,3.724415132595138e-05,5.62731631477639e-05,1.793301466714176e-08,4.9030066120169984e-08,0.0010826631615975346,2.3154680435875425e-07,1.5639030826545523e-06,6.052310458084619e-10,0.003892012867084778,-0.006107987132915223,1
746.0,268.39042094487013,435.85709556071436,0.014737705611861746,0.06332883560544346,5003000.0,339.2449046623917,3.7262062360826806e-05,5.63221779669316e-05,1.7911034875423392e-08,4.901481916769181e-08,0.0010842258991587436,2.3281427203374576e-07,1.5634889747609754e-06,6.078253641092392e-10,0.003890990063665994,-0.006109009936334006,1
747.0,268.3843119349338,435.65349577207274,0.014731643060047048,0.06338637553397389,5003000.0,340.2120990338683,3.727995147217684e-05,5.637117757169289e-05,1.788911135003198e-08,4.899960476129486e-08,0.0010857882242017265,2.340879298039211e-07,1.5630749782328502e-06,6.10429826050416e-10,0.0038899675658797535,-0.006110032434120246,1
748.0,268.3782019024997,435.4499540813799,0.01472559663976991,0.06344394648396369,5003000.0,341.18201156635865,3.729781871602484e-05,5.642016199439534e-05,1.7867243848003076e-08,4.898442270245067e-08,0.0010873501368321656,2.353678047329785e-07,1.5626610921291774e-06,6.130444665543529e-10,0.0038889453714837396,-0.006111054628516261,1
749.0,268.3720908478712,435.2464704730317,0.014719566287440212,0.06350154839054142,5003000.0,342.1546490999605,3.731566414815267e-05,5.6469131267189316e-05,1.7845432127831642e-08,4.896927279397646e-08,0.0010889116371548334,2.36653923986058e-07,1.5622473155162599e-06,6.156693206384646e-10,0.0038879234782540685,-0.006112076521745932,1
750.0,268.3659787713495,435.0430449315304,0.014713551939829837,0.0635591811892082,5003000.0,343.13001848613055,3.733348782410213e-05,5.651808542202931e-05,1.7823675949455162e-08,4.8954154839993977e-08,0.0010904727252735976,2.379463148300083e-07,1.5618336474671418e-06,6.183044234149114e-10,0.003886901883983893,-0.006113098116016107,1
751.0,268.35986567323346,434.8396774414835,0.014707553534072094,0.06361684481587238,5003000.0,344.10812658766196,3.735128979917637e-05,5.656702449067526e-05,1.780197507424525e-08,4.893906864594708e-08,0.0010920334012914285,2.392450046336616e-07,1.5614200870617816e-06,6.209498100910412e-10,0.003885880586483833,-0.006114119413516167,1
752.0,268.35375155381996,434.6363679876031,0.014701571007651617,0.06367453920679443,5003000.0,345.0889802786433,3.736907012844136e-05,5.661594850469381e-05,1.7780329264987746e-08,4.892401401855243e-08,0.0010935936653104059,2.4055002086809467e-07,1.5610066333862114e-06,6.236055159689526e-10,0.003884859583579885,-0.006115140416420115,1
753.0,268.34763641340356,434.433116554705,0.014695604298415347,0.06373226429863539,5003000.0,346.072586444463,3.7386828866727245e-05,5.666485749545964e-05,1.775873828588822e-08,4.8908990765827245e-08,0.001095153517431725,2.418613911069218e-07,1.5605932855339076e-06,6.262715764461106e-10,0.003883838873116833,-0.006116161126883167,1
754.0,268.34152025227667,434.229923127708,0.014689653344564027,0.06379002002844437,5003000.0,347.05895198176745,3.74045660686298e-05,5.671375149415671e-05,1.7737201902554213e-08,4.889399869707183e-08,0.0010967129577557043,2.431791430265564e-07,1.560180042605124e-06,6.289480270153105e-10,0.003882818452956589,-0.006117181547043412,1
755.0,268.3354030707296,434.0267876916329,0.014683718084639894,0.06384780633361092,5003000.0,348.0480837984181,3.742228178851177e-05,5.6762630531779535e-05,1.7715719881972905e-08,4.8879037622826356e-08,0.0010982719863817895,2.4450330440647117e-07,1.5597669037058078e-06,6.316349032643006e-10,0.003881798320975493,-0.006118201679024507,1
756.0,268.3292848690506,433.8237102316018,0.014677798457540093,0.06390562315193948,5003000.0,349.03998881349526,3.743997608050429e-05,5.681149463913446e-05,1.7694291992519773e-08,4.886410735491785e-08,0.0010998306034085623,2.4583390312949175e-07,1.5593538679492284e-06,6.343322408766488e-10,0.0038807784750683736,-0.006119221524931627,1
757.0,268.3231656475256,433.62069073283755,0.014671894402501393,0.06396347042155741,5003000.0,350.03467395724505,3.7457648998508225e-05,5.686034384684084e-05,1.7672918003932886e-08,4.884920770638434e-08,0.001101388808933746,2.471709671820497e-07,1.5589409344545836e-06,6.370400756309193e-10,0.0038797589131450714,-0.006120241086854929,1
758.0,268.31704540643875,433.4177291806626,0.014666005859103872,0.06402134808099204,5003000.0,351.03214617106397,3.7475300596195534e-05,5.690917818533236e-05,1.765159768731e-08,4.883433849152395e-08,0.0011029466030542101,2.485145246544634e-07,1.558528102347596e-06,6.397584434015333e-10,0.00387873963313193,-0.0061212603668680705,1
759.0,268.3109241460719,433.21482556049847,0.014660132767264657,0.0640792560691177,5003000.0,352.0324124074631,3.749293092701063e-05,5.695799768485821e-05,1.7630330815093835e-08,4.881949952584801e-08,0.0011045039858659784,2.498646037412037e-07,1.558115370760068e-06,6.42487380158346e-10,0.0038777206329706857,-0.0061222793670293145,1
760.0,268.30480186670485,433.0119798578648,0.014654275067245395,0.0641371943251747,5003000.0,353.03547963006156,3.75105400441717e-05,5.7006802375484295e-05,1.760911716107376e-08,4.880469062608737e-08,0.0011060609574642351,2.5122123274118063e-07,1.5577027388308738e-06,6.452269219669656e-10,0.0038767019106209343,-0.006123298089379066,1
761.0,268.29867856861546,432.80919205837876,0.014648432699633932,0.06419516278876691,5003000.0,354.04135481352205,3.752812800067206e-05,5.705559228709448e-05,1.758795650035685e-08,4.8789911610182925e-08,0.0011076175179433301,2.525844400579894e-07,1.5572902057042376e-06,6.479771049887609e-10,0.003875683464055853,-0.006124316535944147,1
762.0,268.2925542520795,432.60646214775426,0.014642605605351381,0.06425316139983395,5003000.0,355.05004494354284,3.7545694849281426e-05,5.7104367449391736e-05,1.756684860936923e-08,4.8775162297257706e-08,0.001109173667396785,2.539542542001964e-07,1.5568777705306813e-06,6.507379654807239e-10,0.0038746652912645526,-0.006125334708735448,1
763.0,268.2864289173708,432.4037901118012,0.01463679372565053,0.06431119009868788,5003000.0,356.0615570168305,3.756324064254727e-05,5.7153127891899375e-05,1.7545793265847197e-08,4.876044250763636e-08,0.0011107294059172984,2.5533070378161146e-07,1.5564654324670601e-06,6.535095397959247e-10,0.0038736473902521713,-0.0061263526097478285,1
764.0,268.2803025647611,432.20117593642465,0.01463099700211127,0.06436924882598495,5003000.0,357.0758980410621,3.7580765432796094e-05,5.720187364396219e-05,1.752479024882482e-08,4.874575206281683e-08,0.0011122847335967546,2.5671381752155323e-07,1.5560531906762839e-06,6.562918643833107e-10,0.003872629759039176,-0.006127370240960824,1
765.0,268.2741751945201,431.9986196076242,0.014625215376638462,0.0644273375227278,5003000.0,358.09307503485815,3.7598269272134716e-05,5.725060473474765e-05,1.7503839338624513e-08,4.8731090785464786e-08,0.0011138396505262261,2.5810362424512184e-07,1.5556410443272874e-06,6.590849757878263e-10,0.0038716123956612945,-0.006128387604338706,1
766.0,268.2680468069158,431.7961211114933,0.01461944879145613,0.06448545613026531,5003000.0,359.1130950277435,3.761575221245156e-05,5.7299321193247056e-05,1.748294031684336e-08,4.8716458499406164e-08,0.0011153941567959816,2.59500152883463e-07,1.555228992594621e-06,6.618889106504816e-10,0.0038705952981684935,-0.006129404701831507,1
767.0,268.26191740221395,431.59368043421824,0.014613697189107188,0.06454360459027798,5003000.0,360.13596506011874,3.7633214305417905e-05,5.7348023048276667e-05,1.746209296634604e-08,4.870185502960928e-08,0.0011169482524954904,2.6090343247404005e-07,1.5548170346586144e-06,6.647037057082993e-10,0.003869578464625386,-0.006130421535374614,1
768.0,268.2557869806786,431.39129756207797,0.01460796051245589,0.06460178284480086,5003000.0,361.1616921832398,3.765065560248917e-05,5.739671032847886e-05,1.7441297071261003e-08,4.8687280202194475e-08,0.0011185019377134287,2.623134921609114e-07,1.5544051697058305e-06,6.675293977946475e-10,0.0038685618931123644,-0.006131438106887635,1
769.0,268.2496555425717,431.1889724814429,0.014602238704678057,0.06465999083619725,5003000.0,362.19028345916934,3.766807615490613e-05,5.744538306232327e-05,1.7420552416962272e-08,4.867273384440768e-08,0.0011200552125376847,2.637303611949889e-07,1.5539933969282258e-06,6.703660238390297e-10,0.0038675455817235066,-0.006132454418276494,1
770.0,268.24352308815344,430.98670517877434,0.014596531709264338,0.06471822850716608,5003000.0,363.2217459607557,3.7685476013696195e-05,5.7494041278107894e-05,1.7399858790066734e-08,4.8658215784618944e-08,0.0011216080770553652,2.6515406893431424e-07,1.5535817155236882e-06,6.732136208672608e-10,0.0038665295285679182,-0.006133470471432082,1
771.0,268.237389617682,430.78449564062413,0.014590839470014216,0.06477649580074003,5003000.0,364.2560867715924,3.7702855229674615e-05,5.754268500396021e-05,1.7379215978420528e-08,4.864372585231408e-08,0.0011231605313528,2.6658464484432345e-07,1.5531701246955933e-06,6.760722260015146e-10,0.0038655137317686284,-0.006134486268231372,1
772.0,268.2312551314138,430.58234385363335,0.014585161931040192,0.06483479266028892,5003000.0,365.2933129859968,3.772021385344571e-05,5.75913142678383e-05,1.7358623771097498e-08,4.8629263878090025e-08,0.0011247125755155492,2.680221184981239e-07,1.552758623653433e-06,6.789418764604557e-10,0.0038644981894641506,-0.00613550181053585,1
773.0,268.2251196296032,430.3802498045322,0.014579499036752703,0.06489311902949269,5003000.0,366.33343170894904,3.7737551935404086e-05,5.763992909753193e-05,1.733808195837503e-08,4.8614829693628727e-08,0.0011262642096284056,2.6946651957674295e-07,1.5523472116114104e-06,6.818226095589955e-10,0.003863482899804991,-0.00613651710019501,1
774.0,268.21898311250305,430.17821348013905,0.014573850731867392,0.06495147485237619,5003000.0,367.3764500560794,3.775486952573582e-05,5.7688529520663646e-05,1.731759033173625e-08,4.860042313171534e-08,0.0011278154337754026,2.709178778694117e-07,1.5519358877893927e-06,6.84714462708755e-10,0.003862467860956018,-0.006137532139043982,1
775.0,268.212845580364,429.9762348673598,0.014568216961409718,0.0650098600732624,5003000.0,368.4223751536456,3.777216667441969e-05,5.773711556468984e-05,1.7297148683869156e-08,4.8586044026197726e-08,0.0011293662480398189,2.7237622327384153e-07,1.5515246514135791e-06,6.876174734176859e-10,0.003861453071098123,-0.006138546928901877,1
776.0,268.20670703343507,429.77431395318723,0.014562597670694509,0.06506827463681472,5003000.0,369.47121413845997,3.778944343122833e-05,5.7785687256901856e-05,1.7276756808636317e-08,4.85716922120104e-08,0.001130916652504183,2.7384158579646445e-07,1.5511135017145244e-06,6.905316792905009e-10,0.0038604385284233037,-0.006139561471576696,1
777.0,268.2005674719635,429.5724507247005,0.014556992805335697,0.06512671848801091,5003000.0,370.5229741578766,3.7806699845729407e-05,5.7834244624427007e-05,1.725641450108015e-08,4.8557367525149076e-08,0.0011324666472502794,2.7531399555271646e-07,1.5507024379283512e-06,6.934571180285192e-10,0.003859424231137682,-0.006140575768862318,1
778.0,268.1944268961946,429.3706451690642,0.01455140231124763,0.0651851915721439,5003000.0,371.5776623697661,3.782393596728682e-05,5.788278769422967e-05,1.72361215574183e-08,4.854306980266474e-08,0.001134016232359153,2.767934827673126e-07,1.5502914592970594e-06,6.963938274297632e-10,0.003858410177462273,-0.006141589822537727,1
779.0,268.18828530637205,429.1688972735279,0.014545826134632085,0.06524369383481045,5003000.0,372.6352859424522,3.7841151845061846e-05,5.793131649311232e-05,1.7215877775022353e-08,4.852879888264896e-08,0.0011355654079111155,2.782800777744935e-07,1.549880565067341e-06,6.993418453888541e-10,0.003857396365630034,-0.006142603634369966,1
780.0,268.1821427027377,428.96720702542547,0.014540264221980632,0.06530222522192383,5003000.0,373.69585205468667,3.785834752801426e-05,5.797983104771656e-05,1.7195682952414525e-08,4.851455460423669e-08,0.0011371141739857486,2.7977381101830044e-07,1.5494697544909942e-06,7.023012098972279e-10,0.0038563827938868996,-0.006143617206113101,1
781.0,268.17599908553154,428.7655744121746,0.014534716520079212,0.06536078567970957,5003000.0,374.7593678956235,3.787552306490353e-05,5.802833138452416e-05,1.717553688926714e-08,4.850033680759677e-08,0.0011386625306619104,2.8127471305284943e-07,1.5490590268255934e-06,7.052719590431765e-10,0.0038553694604934446,-0.006144630539506556,1
782.0,268.16985445499205,428.56399942127587,0.014529182975992639,0.06541937515469821,5003000.0,375.8258406647536,3.7892678504289905e-05,5.807681752985808e-05,1.7155439386378454e-08,4.848614533392043e-08,0.0011402104780177395,2.827828145425764e-07,1.5486483813330126e-06,7.082541310117791e-10,0.003854356363721213,-0.006145643636278788,1
783.0,268.1637088113558,428.3624820403124,0.01452366353707735,0.0654779935937291,5003000.0,376.895277571898,3.790981389453559e-05,5.81252895098835e-05,1.7135390245681803e-08,4.8471980025417744e-08,0.0011417580161306618,2.8429814626252613e-07,1.5482378172809565e-06,7.11247764085059e-10,0.0038533435018565255,-0.006146656498143475,1
784.0,268.15756215485766,428.161022256949,0.014518158150967395,0.06553664094392878,5003000.0,377.96768583714163,3.792692928380581e-05,5.8173747350608794e-05,1.7115389270223322e-08,4.8457840725296e-08,0.0011433051450773929,2.8582073909859557e-07,1.547827333941638e-06,7.142528966417625e-10,0.0038523308731971922,-0.0061476691268028075,1
785.0,268.15141448573087,427.9596200589319,0.014512666765581432,0.06559531715274283,5003000.0,379.0430726908153,3.794402472006998e-05,5.822219107788657e-05,1.7095436264164405e-08,4.844372727777634e-08,0.0011448518649339447,2.8735062404781467e-07,1.5474169305926948e-06,7.172695671577845e-10,0.0038513184760547883,-0.0061486815239452115,1
786.0,268.14526580420693,427.7582754340876,0.014507189329113495,0.0656540221679025,5003000.0,380.1214453734385,3.7961100251102746e-05,5.827062071741464e-05,1.7075531032765156e-08,4.842963952806374e-08,0.001146398175775629,2.888878322185969e-07,1.5470066065163748e-06,7.202978142058384e-10,0.0038503063087526332,-0.006149693691247367,1
787.0,268.13911611051566,427.5569883703228,0.01450172579003643,0.06571275593743797,5003000.0,381.2028111356911,3.797815592448513e-05,5.8319036294736986e-05,1.705567338238277e-08,4.8415577322350553e-08,0.0011479440776770644,2.904323948310111e-07,1.5465963610000696e-06,7.233376764556674e-10,0.0038492943696271137,-0.006150705630372887,1
788.0,268.1329654048853,427.3557588556237,0.014496276097091532,0.06577151840966844,5003000.0,382.28717723835433,3.7995191787605584e-05,5.836743783524479e-05,1.7035863120453793e-08,4.8401540507803476e-08,0.0011494895707121779,2.919843432170314e-07,1.54618619333538e-06,7.263891926739534e-10,0.0038482826570253614,-0.006151717342974639,1
789.0,268.1268136875423,427.15458687805517,0.01449084019929731,0.0658303095332088,5003000.0,383.3745509522915,3.801220788766108e-05,5.8415825364177356e-05,1.7016100055498813e-08,4.838752893256227e-08,0.001151034654954212,2.935437088208157e-07,1.5457761028192075e-06,7.294524017244731e-10,0.0038472711693079663,-0.006152728830692034,1
790.0,268.12066095871165,426.9534724257603,0.014485418045942543,0.06588912925696816,5003000.0,384.4649395583986,3.802920427165819e-05,5.846419890662309e-05,1.6996383997108804e-08,4.8373542445732884e-08,0.0011525793304757285,2.951105231989618e-07,1.545366088753181e-06,7.325273425681143e-10,0.0038462599048475522,-0.006153740095152448,1
791.0,268.1145072186165,426.75241548695993,0.014480009586587654,0.06594797753013759,5003000.0,385.5583503475641,3.804618098641413e-05,5.851255848752046e-05,1.697671475594124e-08,4.835958089737295e-08,0.001154123597348614,2.9668481802077093e-07,1.5449561504439615e-06,7.356140542627898e-10,0.0038452488620295366,-0.006154751137970463,1
792.0,268.10835246747854,426.5514160499519,0.014474614771052118,0.06600685430219169,5003000.0,386.65479062060746,3.806313807855783e-05,5.856090413165895e-05,1.6957092143700056e-08,4.83456441384871e-08,0.0011556674556440826,2.9826662506849386e-07,1.5445462872020725e-06,7.387125759634578e-10,0.0038442380392492152,-0.006155761960750785,1
793.0,268.10219670551777,426.35047410311057,0.014469233549429118,0.06606575952289323,5003000.0,387.75426768826907,3.8080075594530975e-05,5.8609235863679974e-05,1.6937515973147276e-08,4.833173202102453e-08,0.0011572109054326816,2.998559762376173e-07,1.5441364983436046e-06,7.41822946922273e-10,0.003843227434916009,-0.006156772565083991,1
794.0,268.0960399329527,426.1495896348863,0.01446386587206554,0.06612469314228316,5003000.0,388.8567888711272,3.809699358058905e-05,5.865755370807784e-05,1.6917986058074453e-08,4.831784439786624e-08,0.0011587539467842966,3.014529035370929e-07,1.5437267831882573e-06,7.449452064884385e-10,0.0038422170474485887,-0.0061577829525514115,1
795.0,268.08988215000016,425.9487626338048,0.01445851168957497,0.0661836551106765,5003000.0,389.96236149958696,3.811389208280236e-05,5.8705857689200655e-05,1.6898502213312448e-08,4.830398112281661e-08,0.0011602965797681544,3.030574390896232e-07,1.54331714106087e-06,7.480793941082593e-10,0.003841206875278685,-0.006158793124721316,1
796.0,268.08372335687545,425.7479930884666,0.014453170952831947,0.06624264537867858,5003000.0,391.0709929138267,3.813077114705708e-05,5.875414783125126e-05,1.687906425471951e-08,4.8290142050609156e-08,0.0011618388044528282,3.046696151319131e-07,1.5429075712909625e-06,7.512255493253324e-10,0.0038401969168499446,-0.006159803083150056,1
797.0,268.0775635537923,425.54728098754657,0.01444784361296685,0.06630166389716036,5003000.0,392.18269046374536,3.814763081905625e-05,5.880242415828815e-05,1.6859671999170164e-08,4.8276327036883616e-08,0.0011633806209062436,3.0628946401492285e-07,1.5424980732123568e-06,7.543837117802939e-10,0.0038391871706169927,-0.0061608128293830075,1
798.0,268.0714027409629,425.34662631979324,0.014442529621360662,0.06636071061726305,5003000.0,393.29746150890793,3.81644711443208e-05,5.885068669422633e-05,1.6840325264544008e-08,4.8262535938183904e-08,0.0011649220291956794,3.079170182041183e-07,1.5420886461627666e-06,7.575539212108792e-10,0.003838177635044406,-0.006161822364955594,1
799.0,268.06524091859796,425.1460290740284,0.014437228929656614,0.06641978549041647,5003000.0,394.4153134185321,3.818129216819053e-05,5.889893546283829e-05,1.6821023869734002e-08,4.824876861196529e-08,0.0011664630293877745,3.09552310279755e-07,1.5416792894851783e-06,7.607362174522122e-10,0.0038371683086101545,-0.006162831691389845,1
800.0,268.0590780869066,424.94548923914635,0.014431941489742844,0.06647888846829902,5003000.0,395.5362535714023,3.819809393582515e-05,5.894717048775485e-05,1.680176763462143e-08,4.8235024916561206e-08,0.001168003621548531,3.1119537293710334e-07,1.5412700025261722e-06,7.63930640436315e-10,0.0038361591898014203,-0.00616384081019858,1
801.0,268.0529142460964,424.7450068041138,0.014426667253763355,0.06653801950286627,5003000.0,396.6602893558556,3.8214876492205235e-05,5.899539179246605e-05,1.678255638008345e-08,4.822130471119772e-08,0.0011695438057433207,3.1284623898673077e-07,1.540860784637223e-06,7.67137230192504e-10,0.0038351502771178337,-0.0061648497228821665,1
802.0,268.0467493963735,424.54458175796884,0.014421406174109723,0.06659717854635563,5003000.0,397.7874281697151,3.8231639882133215e-05,5.9043599400322044e-05,1.6763389927978596e-08,4.820760785599163e-08,0.0011710835820368855,3.1450494135474285e-07,1.5404516351739752e-06,7.70356026847428e-10,0.0038341415690696747,-0.006165858430930326,1
803.0,268.0405835379426,424.3442140898207,0.01441615820341444,0.06665636555122788,5003000.0,398.91767742023313,3.824838415023435e-05,5.909179333453395e-05,1.674426810113412e-08,4.819393421190437e-08,0.001172622950493344,3.16171513083031e-07,1.5400425534956756e-06,7.735870706244172e-10,0.0038331330641764565,-0.006166866935823544,1
804.0,268.0344166710068,424.1439037888492,0.014410923294564221,0.06671558047024952,5003000.0,400.0510445240757,3.826510934095771e-05,5.913997361817475e-05,1.6725190723356446e-08,4.81802836407942e-08,0.0011741619111761956,3.1784598732955326e-07,1.5396335389667343e-06,7.768304018444773e-10,0.0038321247609708086,-0.006167875239029192,1
805.0,268.02824879576775,423.9436508443041,0.014405701400685908,0.06677482325642671,5003000.0,401.1875369072439,3.8281815498577116e-05,5.918814027418011e-05,1.6706157619410026e-08,4.8166656005365054e-08,0.0011757004641483235,3.195283973685651e-07,1.5392245909553692e-06,7.800860609255117e-10,0.0038311166579951105,-0.00616888334200489,1
806.0,268.02207991242574,423.7434552455049,0.014400492475144605,0.06683409386302278,5003000.0,402.3271620050258,3.829850266719212e-05,5.923629332534929e-05,1.6687168615010433e-08,4.8153051169173564e-08,0.0011772386094720002,3.21218776590873e-07,1.5388157088335556e-06,7.833540883825264e-10,0.003830108753801358,-0.006169891246198642,1
807.0,268.01591002117954,423.54331698183995,0.014395296471549,0.06689339224355809,5003000.0,403.4699272619588,3.831517089072895e-05,5.928443279434591e-05,1.6668223536825655e-08,4.813946899662403e-08,0.00117877634720889,3.2291715850409747e-07,1.5384068919777264e-06,7.866345248276623e-10,0.003829101046952913,-0.006170898953047087,1
808.0,268.0097391222265,423.34323604276625,0.014390113343743835,0.06695271835181002,5003000.0,404.61584013176997,3.833182021294141e-05,5.933255870369887e-05,1.6649322212462723e-08,4.8125909352963226e-08,0.0011803136774200529,3.246235767329175e-07,1.5379981397681156e-06,7.899274109701834e-10,0.0038280935360228644,-0.006171906463977136,1
809.0,268.00356721576253,423.1432124178088,0.014384943045815788,0.06701207214182017,5003000.0,405.76490807733677,3.834845067741188e-05,5.938067107580315e-05,1.6630464470469736e-08,4.811237210428044e-08,0.0011818506001659505,3.2633806501933143e-07,1.537589451589521e-06,7.932327876165844e-10,0.003827086219595928,-0.006172913780404072,1
810.0,267.9973943019821,422.94324609656013,0.0143797855320822,0.06707145356786456,5003000.0,406.9171385706167,3.83650623275522e-05,5.9428769932920636e-05,1.6611650140318288e-08,4.809885711748195e-08,0.0011833871155064485,3.280606572228924e-07,1.537180826830247e-06,7.965506956702201e-10,0.003826079096265818,-0.006173920903734182,1
811.0,267.9912203810784,422.74333706867986,0.014374640757095554,0.06713086258448323,5003000.0,408.07253909260635,3.8381655206604606e-05,5.9476855297180944e-05,1.6592879052403943e-08,4.8085364260306586e-08,0.0011849232235008197,3.2979138732096725e-07,1.536772264882713e-06,7.998811761316611e-10,0.0038250721646367557,-0.006174927835363244,1
812.0,267.985045453243,422.5434853238942,0.01436950867564201,0.06719029914645143,5003000.0,409.2311171332912,3.839822935764265e-05,5.952492719058225e-05,1.6574151038039997e-08,4.807189340130092e-08,0.0011864589242077499,3.315302894089874e-07,1.5363637651434363e-06,8.03224270098367e-10,0.0038240654233234325,-0.006175934576676568,1
813.0,267.97886951866633,422.34369085199535,0.014364389242732324,0.06724976320880208,5003000.0,410.3928801915719,3.841478482357209e-05,5.957298563499208e-05,1.6555465929442537e-08,4.805844440982997e-08,0.00118799421768534,3.332773977006809e-07,1.5359553270122047e-06,8.06580018764898e-10,0.003823058870948947,-0.006176941129051053,1
814.0,267.97269257753726,422.14395364284127,0.014359282413614345,0.0673092547267963,5003000.0,411.5578357752442,3.843132164713183e-05,5.962103065214813e-05,1.6536823559740198e-08,4.8045017156052136e-08,0.00118952910399111,3.350327465283472e-07,1.5355469498935307e-06,8.099484634226335e-10,0.003822052506148424,-0.0061779474938515756,1
815.0,267.96651463004343,421.944273686355,0.014354188143753817,0.06736877365595945,5003000.0,412.72599140090387,3.844783987089478e-05,5.9669062263659066e-05,1.6518223762947776e-08,4.8031611510939295e-08,0.0011910635831820038,3.367963703430711e-07,1.5351386331947517e-06,8.133296454601004e-10,0.0038210463275642915,-0.006178953672435709,1
816.0,267.960335676371,421.7446509725243,0.014349106388851856,0.06742831995203975,5003000.0,413.89735459393546,3.846433953726876e-05,5.971708049100531e-05,1.649966637398171e-08,4.801822734624357e-08,0.0011925976553143918,3.3856830371500447e-07,1.5347303763280118e-06,8.167236063625644e-10,0.003820040333851205,-0.006179959666148795,1
817.0,267.95415571670486,421.54508549140104,0.01434403710483115,0.06748789357105156,5003000.0,415.071932888427,3.84808206884974e-05,5.976508535553983e-05,1.648115122863995e-08,4.800486453452239e-08,0.0011941313204440762,3.4034858133358703e-07,1.5343221787089302e-06,8.201303877124605e-10,0.0038190345236727386,-0.0061809654763272616,1
818.0,267.9479747512285,421.3455772331009,0.014338980247834306,0.06754749446920888,5003000.0,416.2497338271149,3.8497283366661e-05,5.981307687848892e-05,1.64626781635957e-08,4.799152294908837e-08,0.0011956645786262922,3.421372380077915e-07,1.5339140397565534e-06,8.235500311886038e-10,0.0038180288957012655,-0.006181971104298734,1
819.0,267.9417927801242,421.1461261878029,0.014333935774224435,0.06760712260299608,5003000.0,417.4307649613294,3.8513727613677394e-05,5.986105508095297e-05,1.644424701639377e-08,4.7978202464053134e-08,0.0011971974299157125,3.439343086663689e-07,1.5335059588935478e-06,8.26982578566998e-10,0.003817023448618436,-0.006182976551381564,1
820.0,267.93560980357285,420.9467323457489,0.014328903640586832,0.06766677792911006,5003000.0,418.6150338509493,3.8530153471302844e-05,5.9909019983907255e-05,1.6425857625448194e-08,4.7964902954283136e-08,0.0011987298743664527,3.4573982835810153e-07,1.5330979355465016e-06,8.304280717201585e-10,0.0038160181811159296,-0.006183981818884071,1
821.0,267.92942582175397,420.74739569724306,0.014323883803726357,0.06772646040449627,5003000.0,419.8025480643353,3.854656098113288e-05,5.995697160820267e-05,1.640750983003496e-08,4.795162429541986e-08,0.0012002619120320716,3.4755383225203676e-07,1.5326899691457762e-06,8.338865526174944e-10,0.0038150130918950826,-0.006184986908104918,1
822.0,267.92324083484584,420.54811623265164,0.014318876220664268,0.06778616998631978,5003000.0,420.9933151782734,3.856295018460316e-05,6.000490997456653e-05,1.6389203470284197e-08,4.793836636385556e-08,0.0012017935429655781,3.4937635563773035e-07,1.532282059125292e-06,8.373580633249439e-10,0.0038140081796663615,-0.006185991820333639,1
823.0,267.9170548430255,420.34889394240224,0.014313880848634875,0.06784590663199297,5003000.0,422.1873427779064,3.857932112299033e-05,6.0052835103603274e-05,1.6370938387172197e-08,4.7925129036747716e-08,0.0012033247672194327,3.512074339254788e-07,1.531874204922302e-06,8.40842646005252e-10,0.0038130034431487895,-0.006186996556851211,1
824.0,267.91086784646865,420.14972881698367,0.0143088976450832,0.06790567029912693,5003000.0,423.3846384566761,3.859567383741285e-05,6.0100747015795254e-05,1.6352714422514588e-08,4.791191219198158e-08,0.0012048555848455506,3.530471026465591e-07,1.5314664059772614e-06,8.443403429173648e-10,0.0038119988810696335,-0.006188001118930367,1
825.0,267.90467984534973,419.9506208469453,0.014303926567674968,0.06796546094559261,5003000.0,424.5852098162867,3.861200836883182e-05,6.014864573150346e-05,1.6334531418973558e-08,4.789871570820738e-08,0.001206385995895306,3.548953974534874e-07,1.5310586617350127e-06,8.478511964171679e-10,0.0038109944921673414,-0.006189005507832659,1
826.0,267.8984908398419,419.7515700228967,0.014298967574285226,0.06802527852947192,5003000.0,425.78906446662404,3.862832475805186e-05,6.019653127096826e-05,1.6316389220040826e-08,4.7885539464802777e-08,0.0012079160004195367,3.567523541202398e-07,1.5306509716436999e-06,8.513752489568287e-10,0.0038099902751888488,-0.006190009724811152,1
827.0,267.89230083011705,419.5525763355073,0.014294020622994563,0.0680851230090684,5003000.0,426.9962100256848,3.864462304572189e-05,6.024440365431014e-05,1.629828767002934e-08,4.7872383341875805e-08,0.0012094455984685442,3.586180085424806e-07,1.5302433351544867e-06,8.549125430848611e-10,0.0038089862288888747,-0.006191013771111125,1
828.0,267.88610981634594,419.35363977550577,0.014289085672091603,0.06814499434290647,5003000.0,428.20665411952746,3.866090327233596e-05,6.02922629015304e-05,1.628022661407207e-08,4.785924722026026e-08,0.0012109747900921003,3.6049239673780845e-07,1.5298357517219386e-06,8.584631214461013e-10,0.0038079823520308707,-0.006192017647969129,1
829.0,267.879917798698,419.15476033367986,0.014284162680074108,0.0682048924897436,5003000.0,429.42040438221113,3.8677165478234084e-05,6.0340109032511916e-05,1.6262205898119257e-08,4.78461309815195e-08,0.0012125035753394488,3.6237555484599264e-07,1.5294282208042633e-06,8.620270267818103e-10,0.0038069786433876196,-0.00619302135661238,1
830.0,267.87372477734135,418.9559380008757,0.01427925160565036,0.06826481740854377,5003000.0,430.63746845574576,3.869340970360302e-05,6.038794206701984e-05,1.624422536893599e-08,4.783303450792446e-08,0.0012140319542593085,3.642675191292173e-07,1.5290207418635662e-06,8.656043019293321e-10,0.0038059751017418737,-0.006194024898258127,1
831.0,267.8675307524431,418.7571727679975,0.014274352407722967,0.06832476905849447,5003000.0,431.8578539899855,3.87096359884771e-05,6.0435762024702304e-05,1.6226284874080033e-08,4.781995768246103e-08,0.0012155599268998784,3.661683259722783e-07,1.5286133143642596e-06,8.691949898221638e-10,0.003804971725882393,-0.006195028274117607,1
832.0,267.86133572416895,418.5584646260072,0.014269465045404179,0.06838474739900513,5003000.0,433.08156864261036,3.872584437273901e-05,6.048356892509113e-05,1.6208384261915182e-08,4.780690038882479e-08,0.0012170874933088386,3.680780118828534e-07,1.5282059377747934e-06,8.72799133489975e-10,0.003803968514608253,-0.006196031485391747,1
833.0,267.85513969268357,418.3598135659242,0.014264589478003017,0.06844475238969025,5003000.0,434.3086200790303,3.87420348961206e-05,6.053136278760254e-05,1.6190523381592898e-08,4.779386251140557e-08,0.0012186146535333542,3.6999661349170633e-07,1.5277986115664113e-06,8.764167760582818e-10,0.003802965466725749,-0.006197034533274252,1
834.0,267.8489426581503,418.1612195788245,0.0142597256650332,0.06850478399038079,5003000.0,435.53901597234284,3.875820759820366e-05,6.0579143631537826e-05,1.6172702083057413e-08,4.7780843935291195e-08,0.0012201414076200797,3.7192416755293674e-07,1.5273913352141013e-06,8.80047960748575e-10,0.0038019625810507608,-0.00619803741894924,1
835.0,267.84274462073137,417.9626826558408,0.014254873566203616,0.06856484216112685,5003000.0,436.7727640032471,3.877436251842069e-05,6.0626911476084095e-05,1.6154920217031158e-08,4.7767844546265164e-08,0.0012216677556151606,3.738607109441909e-07,1.5269841081956984e-06,8.836927308782531e-10,0.0038009598564065225,-0.006199040143593478,1
836.0,267.83654558058777,417.76420278816175,0.014250033141425835,0.06862492686218719,5003000.0,438.00987186000106,3.879049969605571e-05,6.067466634031489e-05,1.6137177635019487e-08,4.7754864230795616e-08,0.001223193697564238,3.7580628066691015e-07,1.526576929992797e-06,8.873511298604742e-10,0.003799957291625887,-0.006200042708374113,1
837.0,267.8303455378794,417.5657799670317,0.014245204350801611,0.06868503805402135,5003000.0,439.25034723832164,3.8806619170245004e-05,6.072240824319092e-05,1.6119474189292848e-08,4.774190287602626e-08,0.0012247192335124494,3.777609138465294e-07,1.5261698000895304e-06,8.910232012039287e-10,0.0037989548855482964,-0.006201045114451704,1
838.0,267.82414449276496,417.3674141837503,0.014240387154629561,0.06874517569730461,5003000.0,440.4941978413419,3.88227209799779e-05,6.0770137203560703e-05,1.6101809732890602e-08,4.772896036978236e-08,0.0012262443635044347,3.797246477327236e-07,1.5257627179733957e-06,8.947089885130029e-10,0.003797952637021826,-0.006202047362978174,1
839.0,267.81794244540197,417.1691054296722,0.014235581513405666,0.0688053397529264,5003000.0,441.7414313795437,3.8838805164097514e-05,6.081785324016127e-05,1.6084184119617857e-08,4.771603660056574e-08,0.0012277690875843368,3.8169751969963353e-07,1.5253556831354112e-06,8.984085354876913e-10,0.003796950544903582,-0.0062030494550964176,1
840.0,267.81173939594686,416.9708536962064,0.01423078738781301,0.06886553018197024,5003000.0,442.99205557066756,3.8854871761301545e-05,6.086555637161881e-05,1.6066597204030356e-08,4.7703131457537717e-08,0.0012292934057958067,3.8367956724607003e-07,1.5249486950691407e-06,9.021218859232291e-10,0.003795948608057272,-0.006204051391942729,1
841.0,267.8055353445549,416.7726589748162,0.014226004738726053,0.06892574694571846,5003000.0,444.2460781396562,3.887092081014298e-05,6.0913246616449326e-05,1.6049048841435617e-08,4.7690244830518284e-08,0.0012308173181820041,3.8567082799574787e-07,1.5245417532712518e-06,9.058490837100966e-10,0.003794946825354591,-0.0062050531746454095,1
842.0,267.7993302913803,416.57452125701855,0.01422123352721436,0.06898599000567064,5003000.0,445.5035068185971,3.8886952349030874e-05,6.0960923993059324e-05,1.6031538887893488e-08,4.767737660999473e-08,0.0012323408247856033,3.876713396975177e-07,1.52413485724202e-06,9.095901728341985e-10,0.0037939451956764798,-0.00620605480432352,1
843.0,267.7931242365759,416.37644053438385,0.014216473714532735,0.06904625932352886,5003000.0,446.76434934663024,3.890296641623107e-05,6.1008588519746434e-05,1.6014067200201556e-08,4.766452668710791e-08,0.0012338639256487928,3.896811402255674e-07,1.5237280064843862e-06,9.133451973765512e-10,0.003792943717910777,-0.006207056282089223,1
844.0,267.7869171802938,416.17841679853547,0.014211725262121423,0.0691065548611774,5003000.0,448.02861346987845,3.891896304986697e-05,6.105624021470007e-05,1.5996633635891843e-08,4.765169495363522e-08,0.001235386620813282,3.917002675796415e-07,1.5233212005040866e-06,9.171142015129434e-10,0.003791942390952541,-0.0062080576090474595,1
845.0,267.78070912268475,415.9804500411495,0.014206988131608847,0.06916687658071237,5003000.0,449.2963069413881,3.89349422879202e-05,6.110387909600208e-05,1.597923805323033e-08,4.763888130200645e-08,0.0012369089103203006,3.9372875988527084e-07,1.5229144388100438e-06,9.208972295142477e-10,0.0037909412137050276,-0.006209058786294973,1
846.0,267.7745000638985,415.7825402539542,0.014202262284807749,0.069227224444436,5003000.0,450.5674375210461,3.895090416823141e-05,6.115150518162738e-05,1.5961880311209185e-08,4.7626085625296374e-08,0.001238430794210602,3.957666553939788e-07,1.5225077209140636e-06,9.246943257462363e-10,0.003789940185078929,-0.006210059814921071,1
847.0,267.76829000408355,415.58468742872986,0.014197547683717364,0.0692875984148169,5003000.0,451.84201297552045,3.896684872850095e-05,6.119911848944457e-05,1.5944560269545707e-08,4.761330781719478e-08,0.0012399522725244701,3.978139924835083e-07,1.5221010463311704e-06,9.285055346690041e-10,0.003788939303993212,-0.006211060696006788,1
848.0,267.76207894338756,415.3868915573082,0.01419284429051631,0.06934799845455256,5003000.0,453.12004107816364,3.898277600628962e-05,6.124671903721661e-05,1.592727778867096e-08,4.7600547772044275e-08,0.001241473345301717,3.9987080965801656e-07,1.5216944145789498e-06,9.323309008376288e-10,0.003787938569373481,-0.006212061430626519,1
849.0,267.75586688195693,415.1891526315722,0.014188152067568705,0.06940842452652403,5003000.0,454.4015296089635,3.899868603901936e-05,6.129430684260142e-05,1.59100327297332e-08,4.758780538480663e-08,0.001242994012581689,4.019371455483097e-07,1.5212878251783038e-06,9.36170468901539e-10,0.003786937980153857,-0.006213062019846143,1
850.0,267.74965381993707,414.9914706434556,0.014183470977415909,0.06946887659378674,5003000.0,455.68648635444583,3.901457886397394e-05,6.134188192315248e-05,1.5892824954585286e-08,4.7575080551053324e-08,0.001244514274403268,4.0401303891203413e-07,1.520881277652671e-06,9.40024283604245e-10,0.0037859375352750366,-0.006214062464724964,1
851.0,267.74343975747234,414.7938455849428,0.01417880098277517,0.06952935461960877,5003000.0,456.97491910759976,3.9030454518299724e-05,6.138944429631947e-05,1.5875654325779875e-08,4.7562373166987194e-08,0.0012460341308048746,4.060985286338869e-07,1.5204747715279886e-06,9.438923897837291e-10,0.0037849372336841974,-0.006215062766315803,1
852.0,267.737224694706,414.5962774480681,0.014174142046548974,0.06958985856743484,5003000.0,458.26683566782657,3.90463130390063e-05,6.143699397944888e-05,1.5858520706576398e-08,4.754968312941524e-08,0.0012475535818244712,4.0819365372584775e-07,1.5200683063337772e-06,9.477748323719217e-10,0.0037839370743376964,-0.006216062925662303,1
853.0,267.73100863178036,414.39876622491573,0.014169494131810009,0.06965038840091332,5003000.0,459.5622438408286,3.9062154462967224e-05,6.148453098978464e-05,1.5841423960921148e-08,4.753701033576293e-08,0.0012490726274995638,4.102984533273562e-07,1.5196618816016479e-06,9.516716563948727e-10,0.003782937056197356,-0.006217062943802644,1
854.0,267.72479156883657,414.20131190761936,0.014164857201810096,0.06971094408386644,5003000.0,460.8611514385562,3.907797882692068e-05,6.153205534446869e-05,1.582436395345386e-08,4.7524354684051125e-08,0.001250591267867206,4.1241296670553904e-07,1.5192554968663459e-06,9.555829069722932e-10,0.003781937178233059,-0.006218062821766941,1
855.0,267.7185735060148,414.0039144883617,0.014160231219975708,0.06977152558030157,5003000.0,462.1635662791191,3.909378616747018e-05,6.157956706054159e-05,1.5807340549499522e-08,4.7511716072900265e-08,0.0012521095029640005,4.145372332554056e-07,1.5188491516653737e-06,9.595086293175659e-10,0.0037809374394218113,-0.006219062560578189,1
856.0,267.7123544434542,413.80657395937425,0.014155616149910002,0.06983213285443053,5003000.0,463.4694961867207,3.910957652108525e-05,6.162706615494313e-05,1.579035361506735e-08,4.7499094401539414e-08,0.0012536273328261026,4.1667129250006407e-07,1.5184428455393e-06,9.634488687379043e-10,0.003779937838748511,-0.00622006216125149,1
857.0,267.70613438129294,413.6092903129368,0.014151011955381687,0.06989276587063199,5003000.0,464.77894899154404,3.912534992410208e-05,6.167455264451291e-05,1.5773403016835333e-08,4.748648956977842e-08,0.001255144757489223,4.1881518409089107e-07,1.5180365780306762e-06,9.674036706336613e-10,0.0037789383752032503,-0.00622106162479675,1
858.0,267.69991331966816,413.4120635413775,0.014146418600330135,0.06995342459346254,5003000.0,466.0919325296963,3.914110641272423e-05,6.172202654599093e-05,1.5756488622152677e-08,4.747390147801187e-08,0.001256661776988629,4.209689478077557e-07,1.5176303486846714e-06,9.713730804983989e-10,0.0037779390477828967,-0.0062220609522171035,1
859.0,267.69369125871594,413.21489363707207,0.014141836048872479,0.07001410898766891,5003000.0,467.4084546431417,3.9156846023023274e-05,6.176948787601815e-05,1.573961029904451e-08,4.746133002722372e-08,0.0012581783913591484,4.2313262355923e-07,1.5172241570499234e-06,9.75357143918944e-10,0.003776939855493209,-0.006223060144506791,1
860.0,267.6874681985714,413.01778059244367,0.014137264265292057,0.07007481901819355,5003000.0,468.7285231795963,3.917256879093947e-05,6.181693665113714e-05,1.5722767916195973e-08,4.744877511898764e-08,0.0012596946006351722,4.253062513827669e-07,1.5168180026774026e-06,9.793559065752884e-10,0.0037759407973460106,-0.00622405920265399,1
861.0,267.68124413936874,412.82072439996256,0.014132703214038854,0.07013555465013405,5003000.0,470.0521459924481,3.918827475228242e-05,6.186437288779257e-05,1.5705961342949604e-08,4.7436236655437295e-08,0.0012612104048506565,4.2748987144489657e-07,1.5164118851205517e-06,9.833694142399065e-10,0.0037749418723595374,-0.006225058127640463,1
862.0,267.6750190812411,412.6237250521458,0.014128152859727823,0.07019631584877159,5003000.0,471.3793309406746,3.920396394273172e-05,6.191179660233185e-05,1.5689190449300448e-08,4.742371453928179e-08,0.0012627258040391236,4.29683524041423e-07,1.516005803935199e-06,9.873977127779997e-10,0.00377394307955822,-0.006226056920441781,1
863.0,267.6687930243206,412.4267825415569,0.014123613167144278,0.07025710257957193,5003000.0,472.7100858887727,3.921963639783762e-05,6.195920781100566e-05,1.5672455105898897e-08,4.7411208673802984e-08,0.0012642407982336689,4.3188724959762945e-07,1.5155997586802258e-06,9.914408481473947e-10,0.0037729444179743425,-0.006227055582025657,1
864.0,267.6625659687386,412.2298968608055,0.014119084101233853,0.07031791480817375,5003000.0,474.0444187066513,3.923529215302166e-05,6.20066065299685e-05,1.5655755184036638e-08,4.7398718962844793e-08,0.0012657553874669582,4.34101088668448e-07,1.5151937489165863e-06,9.954988663981895e-10,0.0037719458866456103,-0.00622805411335439,1
865.0,267.6563379146252,412.0330680025471,0.014114565627110887,0.07037875250038889,5003000.0,475.38233726957236,3.925093124357731e-05,6.205399277527931e-05,1.5639090555652827e-08,4.738624531081023e-08,0.0012672695717712338,4.3632508193867486e-07,1.5147877742082907e-06,9.995718136726628e-10,0.003770947484617587,-0.006229052515382413,1
866.0,267.65010886210985,411.83629595948264,0.01411005771004849,0.07043961562220467,5003000.0,476.7238494580416,3.9266553704670635e-05,6.210136656290197e-05,1.562246109332023e-08,4.7373787622659736e-08,0.0012687833511783148,4.3855927022313646e-07,1.5143818341214383e-06,1.0036597362051016e-09,0.0037699492109412947,-0.0062300507890587055,1
867.0,267.6438788113208,411.6395807243583,0.01410556031548353,0.0705005041397716,5003000.0,478.0689631577359,3.928215957134088e-05,6.214872790870587e-05,1.5605866670247713e-08,4.736134580390017e-08,0.0012702967257196014,4.408036944668892e-07,1.5139759282248377e-06,1.0077626803215042e-09,0.0037689510646747517,-0.006231048935325249,1
868.0,267.6376477623855,411.4429222899651,0.014101073409015208,0.07056141801943867,5003000.0,479.41768625941745,3.9297748878501156e-05,6.219607682846648e-05,1.5589307160275717e-08,4.7348919760604524e-08,0.001271809695426076,4.43058395745407e-07,1.5135700560899414e-06,1.011880692439907e-09,0.003767953044882814,-0.0062320469551171865,1
869.0,267.63141571543036,411.2463206491387,0.014096596956400531,0.07062235722769898,5003000.0,480.7700266588352,3.931332166093902e-05,6.224341333786585e-05,1.55727824378684e-08,4.7336509399373786e-08,0.001273322260328306,4.453234152647536e-07,1.5131642172904536e-06,1.0160138190694553e-09,0.003766955150636196,-0.006233044849363804,1
870.0,267.625182670581,411.0497757947589,0.01409213092355372,0.07068332173121884,5003000.0,482.12599225663735,3.932887795331713e-05,6.229073745249321e-05,1.5556292378110102e-08,4.732411462735273e-08,0.0012748344204564462,4.4759879436176706e-07,1.512758411402354e-06,1.0201621068106325e-09,0.0037659573810115286,-0.006234042618988472,1
871.0,267.618948627962,410.8532877197496,0.014087675276550199,0.07074431149683487,5003000.0,483.4855909582959,3.934441779017384e-05,6.233804918784543e-05,1.5539836856706794e-08,4.7311735352224945e-08,0.0012763461758402421,4.4988457450425166e-07,1.5123526380044065e-06,1.024325602355081e-09,0.003764959735092628,-0.006235040264907373,1
872.0,267.6127135876971,410.65685641707825,0.01408322998162161,0.0708053264915734,5003000.0,484.84883067400625,3.9359941205923814e-05,6.238534855932765e-05,1.5523415749977814e-08,4.729937148222243e-08,0.0012778575265090298,4.521807972911485e-07,1.5119468966777167e-06,1.0285043524856786e-09,0.0037639622119693896,-0.006236037788030611,1
873.0,267.6064775499091,410.46048187975583,0.014078795005151109,0.07086636668258021,5003000.0,486.2157193185848,3.937544823485866e-05,6.243263558225373e-05,1.550702893484786e-08,4.728702292607751e-08,0.0012793684724917403,4.544875044527007e-07,1.5115411870053143e-06,1.0326984040753585e-09,0.0037629648107367518,-0.0062370351892632485,1
874.0,267.6002405147198,410.26416410083624,0.014074370313681599,0.07092743203721011,5003000.0,487.58626481140396,3.9390938911147514e-05,6.24799102718468e-05,1.549067628885322e-08,4.727468959307728e-08,0.0012808790138169011,4.568047378506538e-07,1.5111355085731176e-06,1.0369078040882262e-09,0.0037619675304970948,-0.006238032469502905,1
875.0,267.5940024822503,410.06790307341623,0.01406995587391032,0.07098852252297057,5003000.0,488.9604750762898,3.9406413268837644e-05,6.252717264323983e-05,1.5474357690133006e-08,4.726237139302472e-08,0.0012823891505126391,4.591325394784195e-07,1.5107298609694348e-06,1.04113259957858e-09,0.0037609703703589976,-0.006239029629641003,1
876.0,267.58776345262066,409.87169879063504,0.014065551652680417,0.07104963810750528,5003000.0,490.33835804140455,3.942187134185506e-05,6.257442271147605e-05,1.545807301741727e-08,4.725006823622517e-08,0.0012838988826066832,4.614709514612248e-07,1.5103242437841593e-06,1.0453728376904246e-09,0.003759973329435237,-0.006240026670564763,1
877.0,267.5815234259501,409.67555124567406,0.014061157616997737,0.07111077875865804,5003000.0,491.7199216392055,3.9437313164005106e-05,6.262166049150957e-05,1.544182215004248e-08,4.7237780033524365e-08,0.0012854082101263645,4.6382001605633144e-07,1.509918656610629e-06,1.0496285656582994e-09,0.0037589764068474115,-0.006241023593152589,1
878.0,267.57528240235695,409.47946043175665,0.014056773734007997,0.07117194444441044,5003000.0,493.1051738062886,3.945273876897303e-05,6.266888599820584e-05,1.5425604967923992e-08,4.722550669626586e-08,0.0012869171330986194,4.6617977565314603e-07,1.5095130990432869e-06,1.0538998308060709e-09,0.003757979601720121,-0.006242020398279879,1
879.0,267.56904038195864,409.2834263421478,0.014052399971018866,0.07123313513291803,5003000.0,494.4941224833589,3.9468148190324604e-05,6.271609924634214e-05,1.5409421351577348e-08,4.721324813631113e-08,0.0012884256515499945,4.6855027277344773e-07,1.5091075706801097e-06,1.058186680547385e-09,0.0037569829131870102,-0.00624301708681299,1
880.0,267.5627973648718,409.08744897015373,0.014048036295476971,0.07129435079248249,5003000.0,495.8867756150725,3.9483541461506695e-05,6.276330025060816e-05,1.539327118209057e-08,4.720100426601921e-08,0.001289933765506645,4.7093155007149456e-07,1.5087020711202408e-06,1.0624891623849374e-09,0.0037559863403848763,-0.006244013659615124,1
881.0,267.5565533512122,408.89152830912184,0.014043682674981413,0.071355591391578,5003000.0,497.2831411499794,3.949891861584783e-05,6.281048902560642e-05,1.5377154341136212e-08,4.718877499826058e-08,0.0012914414749943385,4.733236503342242e-07,1.5082965999655094e-06,1.0668073239107265e-09,0.0037549898824574494,-0.006245010117542551,1
882.0,267.55030834109465,408.69566435244036,0.014039339077277748,0.0714168568988165,5003000.0,498.68322704041555,3.951427968655879e-05,6.285766558585282e-05,1.536107071096216e-08,4.717656024639239e-08,0.0012929487800384574,4.7572661648140333e-07,1.50789115681987e-06,1.071141212805326e-09,0.0037539935385539954,-0.006246006461446005,1
883.0,267.5440623346332,408.4998570935379,0.01403500547025894,0.07147814728298094,5003000.0,500.08704124240614,3.952962470673318e-05,6.29048299457771e-05,1.5345020174390044e-08,4.716435992427688e-08,0.0012944556806640008,4.781404915657888e-07,1.5074857412895828e-06,1.0754908768381517e-09,0.0037529973078297674,-0.006247002692170232,1
884.0,267.53781533194103,408.3041065258834,0.014030681821967773,0.07153946251300977,5003000.0,501.49459171558163,3.9544953709348e-05,6.295198211972336e-05,1.5329002614815217e-08,4.715217394626878e-08,0.001295962176895587,4.805653187732994e-07,1.507080352983548e-06,1.0798563638670524e-09,0.003752001189446835,-0.006247998810553166,1
885.0,267.53156733313045,408.1084126429857,0.014026368100584642,0.07160080255799518,5003000.0,502.90588642304124,3.956026672726419e-05,6.299912212195057e-05,1.5313017916190992e-08,4.7140002227211464e-08,0.0012974682687574553,4.830011414231359e-07,1.5066749915120866e-06,1.0842377218379884e-09,0.0037510051825710503,-0.00624899481742895,1
886.0,267.525318338313,407.9127754383933,0.014022064274434807,0.07166216738716732,5003000.0,504.32093333127966,3.9575563793227226e-05,6.3046249966633e-05,1.5297065963033873e-08,4.712784468242441e-08,0.0012989739562734664,4.85448002967959e-07,1.5062696564877876e-06,1.0886349987846336e-09,0.0037500092863741535,-0.006249990713625846,1
887.0,267.5190683475994,407.7171949056942,0.014017770311988633,0.07172355696992891,5003000.0,505.73974041008825,3.9590844939867644e-05,6.309336566786072e-05,1.5281146640421312e-08,4.711570122772231e-08,0.001300479239467108,4.879059469940436e-07,1.50586434752561e-06,1.0930482428286532e-09,0.003749013500034031,-0.00625098649996597,1
888.0,267.5128173610994,407.5216710385156,0.014013486181861117,0.07178497127582914,5003000.0,507.1623156324546,3.960611019970163e-05,6.314046923964013e-05,1.5265259833988634e-08,4.7103571779396104e-08,0.0013019841183614946,4.903750172214303e-07,1.5054590642429127e-06,1.0974775021791027e-09,0.0037480178227347833,-0.006251982177265217,1
889.0,267.5065653789221,407.3262038305234,0.01400921185280224,0.07184641027455985,5003000.0,508.5886669744361,3.9621359605131546e-05,6.318756069589434e-05,1.5249405429916102e-08,4.7091456254207804e-08,0.0013034885929793698,4.928552575040477e-07,1.5050538062584974e-06,1.1019228251320783e-09,0.003747022253664346,-0.006252977746335655,1
890.0,267.5003124011758,407.1307932754224,0.014004947293705368,0.07190787393596856,5003000.0,510.01880241508394,3.963659318844648e-05,6.323464005046373e-05,1.523358331493552e-08,4.707935456939629e-08,0.001304992663343108,4.953467118298868e-07,1.5046485731935837e-06,1.1063842600707324e-09,0.003746026792016915,-0.006253973207983085,1
891.0,267.4940584279678,406.9354393669555,0.014000692473607483,0.07196936223005133,5003000.0,511.4527299363412,3.965181098182281e-05,6.328170731710641e-05,1.5217793376327968e-08,4.706726664267007e-08,0.0013064963294747182,4.978494243211442e-07,1.5042433646719043e-06,1.110861855464927e-09,0.0037450314369931823,-0.006254968563006818,1
892.0,267.4878034594048,406.7401420989039,0.013996447361674642,0.07203087512694384,5003000.0,512.8904575229005,3.966701301732472e-05,6.33287625094986e-05,1.5202035501905704e-08,4.705519239219927e-08,0.0013079995913958427,5.003634392343279e-07,1.5038381803182336e-06,1.1153556598707752e-09,0.003744036187796674,-0.006255963812203326,1
893.0,267.4815474955926,406.5449014650866,0.01399221192721971,0.07209241259694951,5003000.0,514.3319931621522,3.9682199326904744e-05,6.337580564123524e-05,1.518630958002881e-08,4.704313173663072e-08,0.0013095024491277633,5.028888009604493e-07,1.5034330197603473e-06,1.1198657219309273e-09,0.003743041043638627,-0.006256958956361374,1
894.0,267.47529053663624,406.3497174593601,0.013987986139693688,0.07215397461050105,5003000.0,515.7773448440544,3.9697369942404336e-05,6.34228367258303e-05,1.517061549959341e-08,4.703108459506123e-08,0.0013110049026913997,5.054255540251359e-07,1.503027882628174e-06,1.1243920903736903e-09,0.0037420460037358746,-0.006257953996264125,1
895.0,267.46903258263995,406.15459007561833,0.013983769968674736,0.07221556113817398,5003000.0,517.2265205610004,3.971252489555435e-05,6.346985577671734e-05,1.5154953150017506e-08,4.701905088704377e-08,0.0013125069521073142,5.079737430887432e-07,1.5026227685526988e-06,1.1289348140129183e-09,0.003741051067308119,-0.006258948932691881,1
896.0,267.4627736337073,405.95951930779245,0.013979563383878577,0.07227717215069081,5003000.0,518.6795283077395,3.97276642179756e-05,6.351686280724993e-05,1.513932242124976e-08,4.700703053258747e-08,0.0013140085973957106,5.105334129465139e-07,1.5022176771671425e-06,1.1334939417478733e-09,0.0037400562335808654,-0.006259943766419135,1
897.0,267.4565136899409,405.7645051498502,0.013975366355161317,0.07233880761892934,5003000.0,520.1363760812834,3.974278794117937e-05,6.356385783070209e-05,1.5123723203770142e-08,4.699502345216041e-08,0.0013155098385764401,5.131046085287243e-07,1.5018126081073332e-06,1.138069522563117e-09,0.003739061501786345,-0.006260938498213655,1
898.0,267.4502527514427,405.5695475957961,0.013971178852510327,0.07240046751389485,5003000.0,521.5970718807719,3.9757896096567946e-05,6.361084086026877e-05,1.510815538857779e-08,4.6983029566669784e-08,0.001317010675668998,5.156873749007887e-07,1.5014075610108068e-06,1.1426616055277709e-09,0.003738066871161276,-0.006261933128838724,1
899.0,267.44399081831386,405.3746466396709,0.013967000846044438,0.07246215180674782,5003000.0,523.0616237073646,3.977298871543514e-05,6.365781190906624e-05,1.5092618867188883e-08,4.697104879747679e-08,0.001318511108692532,5.182817572633862e-07,1.5010025355168981e-06,1.1472702397956628e-09,0.0037370723409470906,-0.006262927659052909,1
900.0,267.4377278906548,405.17980227555154,0.013962832306016753,0.07252386046877982,5003000.0,524.5300395641451,3.9788065828966775e-05,6.370477099013262e-05,1.5077113531637354e-08,4.695908106637924e-08,0.0013200111376658382,5.20887800952602e-07,1.5005975312671122e-06,1.1518954746047193e-09,0.003736077910390856,-0.006263922089609145,1
901.0,267.4314639685652,404.98501449755076,0.013958673202806934,0.07258559347142328,5003000.0,526.0023274559846,3.980312746824124e-05,6.375171811642823e-05,1.506163927446433e-08,4.694712629561526e-08,0.0013215107626073667,5.235055514400226e-07,1.5001925479043705e-06,1.1565373592767764e-09,0.0037350835787433997,-0.0062649164212566005,1
902.0,267.42519905214397,404.7902832998171,0.013954523506929044,0.0726473507862405,5003000.0,527.4784953894577,3.9818173664229966e-05,6.379865330083608e-05,1.5046195988724215e-08,4.693518440785409e-08,0.001323009983535221,5.261350543328843e-07,1.4997875850739144e-06,1.161195943217189e-09,0.003734089345261556,-0.006265910654738444,1
903.0,267.4189331414892,404.59560867653414,0.013950383189030606,0.07270913238496232,5003000.0,528.958551372731,3.983320444779795e-05,6.384557655616229e-05,1.503078356798144e-08,4.692325532621773e-08,0.0013245088004671627,5.287763553741935e-07,1.4993826424232773e-06,1.1658712759151356e-09,0.0037330952092080967,-0.0062669047907919035,1
904.0,267.41266623669844,404.400990621921,0.013946252219879256,0.07277093823942556,5003000.0,530.4425034154107,3.984821984970424e-05,6.389248789513653e-05,1.5015401906293938e-08,4.691133897423983e-08,0.0013260072134206105,5.314295004428022e-07,1.4989777196009266e-06,1.1705634069422847e-09,0.003732101169848349,-0.0062678988301516515,1
905.0,267.40639833786827,404.20642913023136,0.013942130570380682,0.07283276832162155,5003000.0,531.9303595284832,3.986321990060247e-05,6.393938733041243e-05,1.5000050898230055e-08,4.689943527589349e-08,0.0013275052224126444,5.340945355535769e-07,1.4985728162582466e-06,1.1752723859533643e-09,0.003731107226455133,-0.006268892773544867,1
906.0,267.4001294450947,404.0119241957538,0.01393801821155963,0.07289462260366984,5003000.0,533.4221277241481,3.987820463104131e-05,6.398627487456799e-05,1.498473043884608e-08,4.6887544155572605e-08,0.0013290028274600054,5.367715068574563e-07,1.498167932047579e-06,1.1799982626853372e-09,0.0037301133783038784,-0.006269886621696122,1
907.0,267.393859558473,403.8174758128114,0.013933915114569054,0.07295650105781762,5003000.0,534.9178160157297,3.9893174071465005e-05,6.403315054010609e-05,1.496944042369381e-08,4.687566553808938e-08,0.0013305000285790988,5.394604606415891e-07,1.497763066623266e-06,1.184741086957153e-09,0.0037291196246752255,-0.006270880375324774,1
908.0,267.3875886780977,403.6230839757612,0.013929821250693775,0.0730184036564661,5003000.0,536.4174324175756,3.9908128252213826e-05,6.408001433945478e-05,1.495418074882222e-08,4.686379934868824e-08,0.0013319968257859947,5.421614433294546e-07,1.497358219642105e-06,1.1895009086698787e-09,0.003728125964856152,-0.006271874035143848,1
909.0,267.3813168040626,403.42874867899445,0.013925736591337251,0.07308033037213976,5003000.0,537.9209849449,3.992306720352459e-05,6.412686628496781e-05,1.4938951310761254e-08,4.6851945513024636e-08,0.0013334932190964316,5.44874501480927e-07,1.4969533907620077e-06,1.1942777778058238e-09,0.0037271323981366376,-0.006272867601863363,1
910.0,267.3750439364607,403.23446991693606,0.013921661108033903,0.07314228117748874,5003000.0,539.4284816137075,3.993799095553112e-05,6.417370638892497e-05,1.4923752006532744e-08,4.684010395716437e-08,0.001334989208525816,5.475996817924186e-07,1.4965485796433767e-06,1.1990717444283505e-09,0.0037261389238130867,-0.006273861076186913,1
911.0,267.36877007538453,403.0402476840445,0.013917594772435713,0.07320425604531006,5003000.0,540.9399304406345,3.995289953826476e-05,6.422053466353257e-05,1.4908582733634026e-08,4.6828274607594424e-08,0.0013364847940892264,5.503370310969406e-07,1.4961437859477414e-06,1.2038828586818016e-09,0.0037251455411849333,-0.006274854458815067,1
912.0,267.3624952209257,402.84608197481157,0.01391353755632123,0.07326625494851649,5003000.0,542.455339442858,3.9967792981654806e-05,6.426735112092377e-05,1.4893443390045406e-08,4.681645739120152e-08,0.0013379799758014128,5.530865963642266e-07,1.4957390093387849e-06,1.208711170790742e-09,0.003724152249557197,-0.006275847750442803,1
913.0,267.3562193731753,402.6519727837621,0.013909489431589834,0.07332827786015521,5003000.0,543.9747166379626,3.998267131552903e-05,6.431415577315906e-05,1.4878333874221947e-08,4.6804652235281655e-08,0.0013394747536767998,5.558484247008149e-07,1.495334249481795e-06,1.2135567310599042e-09,0.003723159048239116,-0.006276840951760884,1
914.0,267.3499425322235,402.4579201054538,0.013905450370266552,0.07339032475342043,5003000.0,545.4980700438341,3.999753456961412e-05,6.43609486322266e-05,1.4863254085096462e-08,4.679285906754538e-08,0.001340969127729488,5.58622563350155e-07,1.49492950604424e-06,1.2184195898740796e-09,0.0037221659365455754,-0.006277834063454425,1
915.0,267.34366469816007,402.2639239344771,0.013901420344488321,0.07345239560159887,5003000.0,547.0254076784975,4.0012382773536184e-05,6.440772971004268e-05,1.4848203922062924e-08,4.678107781608254e-08,0.001342463097973256,5.61409059692656e-07,1.4945247786943734e-06,1.2232997976968341e-09,0.003721172913793638,-0.006278827086206362,1
916.0,267.3373858710739,402.06998426545476,0.013897399326520706,0.07351449037814882,5003000.0,548.55673756005,4.002721595682117e-05,6.445449901845209e-05,1.4833183284992052e-08,4.676930840940834e-08,0.0013439566644215615,5.642079612458304e-07,1.4941200671030702e-06,1.2281974050715442e-09,0.003720179979307113,-0.006279820020692887,1
917.0,267.3311060510532,401.8761010930419,0.013893387288745453,0.07357660905660787,5003000.0,550.0920677064978,4.004203414889539e-05,6.45012565692285e-05,1.4818192074216133e-08,4.675755077640495e-08,0.0013454498270875433,5.670193156643372e-07,1.4937153709425696e-06,1.2331124626194898e-09,0.0037191871324134206,-0.006280812867586579,1
918.0,267.3248252381856,401.6822744119254,0.013889384203667792,0.07363875161069493,5003000.0,551.63140613566,4.005683737908592e-05,6.454800237407487e-05,1.4803230190534656e-08,4.674580484638161e-08,0.0013469425859840235,5.698431707400932e-07,1.4933106898873097e-06,1.2380450210412029e-09,0.003718194372445677,-0.006281805627554323,1
919.0,267.31854343255804,401.48850421682414,0.013885390043903389,0.07370091801421283,5003000.0,553.1747608650029,4.007162567662112e-05,6.459473644462388e-05,1.4788297535198544e-08,4.673407054901318e-08,0.0013484349411235072,5.726795744023088e-07,1.492906023612602e-06,1.2429951311144569e-09,0.0037172016987393865,-0.006282798301260614,1
920.0,267.3122606342568,401.29479050248847,0.013881404782187079,0.07376310824110262,5003000.0,554.7221399115429,4.0086399070631035e-05,6.464145879243825e-05,1.4773394009917375e-08,4.6722347814371265e-08,0.0013499268925181867,5.755285747175959e-07,1.4925013717956251e-06,1.2479628436948486e-09,0.0037162091106349195,-0.006283790889365081,1
921.0,267.30597684336743,401.10113326370015,0.01387742839137626,0.07382532226541921,5003000.0,556.2735512917349,4.0101157590147896e-05,6.468816942901116e-05,1.4758519516860926e-08,4.671063657290716e-08,0.0013514184401799416,5.783902198900542e-07,1.492096734115839e-06,1.2529482097150685e-09,0.0037152166074785374,-0.006284783392521463,1
922.0,267.2996920599749,400.9075324952721,0.013873460844438393,0.07388756006136513,5003000.0,557.8290030213035,4.011590126410654e-05,6.473486836576663e-05,1.4743673958644055e-08,4.669893675547051e-08,0.0013529095841203409,5.812645582613032e-07,1.491692110253723e-06,1.2579512801849955e-09,0.003714224188619256,-0.006285775811380744,1
923.0,267.29340628416355,400.7139881920482,0.013869502114458164,0.07394982160324393,5003000.0,559.3885031151437,4.0130630121344877e-05,6.47815556140599e-05,1.4728857238332256e-08,4.668724829327894e-08,0.001354400324350643,5.841516383105766e-07,1.491287499891591e-06,1.2629721061906305e-09,0.0037132318534108676,-0.006286768146589133,1
924.0,267.28711951601696,400.52050034890294,0.013865552174637938,0.07401210686550339,5003000.0,560.9520595871938,4.014534419060432e-05,6.482823118517785e-05,1.47140692594402e-08,4.667557111794215e-08,0.0013558906608818007,5.870515086547938e-07,1.4908829027137038e-06,1.2680107388944283e-09,0.0037122396012122254,-0.006287760398787775,1
925.0,267.2808317556182,400.32706896074154,0.013861610998288608,0.0740744158226768,5003000.0,562.5196804502767,4.016004350053024e-05,6.487489509033928e-05,1.4699309925920159e-08,4.666390516142451e-08,0.0013573805937244596,5.899642180485894e-07,1.4904783184053509e-06,1.2730672295338906e-09,0.003711247431384951,-0.006288752568615049,1
926.0,267.2745430030496,400.1336940224994,0.013857678558837764,0.07413674844945678,5003000.0,564.0913737159987,4.017472807967241e-05,6.492154734069537e-05,1.4684579142168674e-08,4.665225035608772e-08,0.0013588701228889615,5.928898153844059e-07,1.4900737466537798e-06,1.2781416294224608e-09,0.0037102553432957538,-0.006289744656704246,1
927.0,267.26825325839286,399.94037552914216,0.013853754829830017,0.07419910472063906,5003000.0,565.6671473946197,4.018939795648544e-05,6.496818794733003e-05,1.4669876813024982e-08,4.664060663465481e-08,0.001360359248385345,5.958283496925524e-07,1.4896691871482897e-06,1.2832339899482122e-09,0.003709263336316654,-0.006290736663683346,1
928.0,267.2619625217292,399.7471134756653,0.013849839784912405,0.07426148461112277,5003000.0,567.2470094948787,4.020405315932919e-05,6.501481692126024e-05,1.46552028437538e-08,4.6628973930208474e-08,0.001361847970223347,5.987798701412146e-07,1.4892646395787332e-06,1.2883443625733631e-09,0.0037082714098212594,-0.006291728590178741,1
929.0,267.255670793139,399.55390785709415,0.013845933397847992,0.0743238880959564,5003000.0,568.8309680239037,4.0218693716469245e-05,6.506143427343646e-05,1.4640557140057715e-08,4.6617352176216793e-08,0.0013633362884124052,6.017444260365519e-07,1.4888601036370228e-06,1.2934727988347372e-09,0.0037072795631885123,-0.006292720436811488,1
930.0,267.2493780727022,399.36075866848347,0.013842035642516166,0.07438631515028714,5003000.0,570.4190309870792,4.023331965607732e-05,6.510804001474296e-05,1.4625939608075609e-08,4.660574130650073e-08,0.0013648242029616598,6.047220668227474e-07,1.4884555790172207e-06,1.2986193503425194e-09,0.003706287795802908,-0.006293712204197092,1
931.0,267.243084360498,399.16766590491744,0.013838146492897607,0.07444876574938558,5003000.0,572.0112063878696,4.0247931006231685e-05,6.51546341559982e-05,1.4611350154365056e-08,4.659414125524726e-08,0.0013663117138799517,6.077128420820104e-07,1.4880510654139912e-06,1.3037840687801712e-09,0.0037052961070506477,-0.006294703892949352,1
932.0,267.2367896566051,398.97462956150935,0.013834265923088025,0.07451123986863789,5003000.0,573.6075022277267,4.02625277949176e-05,6.52012167079552e-05,1.4596788685914878e-08,4.6582551957002666e-08,0.0013677988211758295,6.107168015346631e-07,1.4876465625241244e-06,1.308967005903982e-09,0.0037043044963234258,-0.006295695503676575,1
933.0,267.2304939611014,398.78164963340134,0.01383039390729364,0.07457373748354532,5003000.0,575.2079265059399,4.027711005002774e-05,6.524778768130186e-05,1.458225511013855e-08,4.657097334667038e-08,0.0013692855248575463,6.13733995039169e-07,1.4872420700461068e-06,1.3141682135426106e-09,0.00370331296301736,-0.00629668703698264,1
934.0,267.2241972740644,398.58872611576453,0.013826530419821528,0.07463625856971935,5003000.0,576.8124872194719,4.02916777993626e-05,6.529434708666138e-05,1.456774933486232e-08,4.6559405359506234e-08,0.0013707718249330633,6.1676447259214e-07,1.4868375876791518e-06,1.319387743596526e-09,0.003702321506530579,-0.006297678493469421,1
935.0,267.21789959557094,398.3958590037984,0.013822675435093081,0.07469880310289455,5003000.0,578.4211923628633,4.0306231070630935e-05,6.53408949345925e-05,1.4553271268337447e-08,4.654784793112434e-08,0.0013722577214100506,6.198082843284145e-07,1.4864331151246854e-06,1.3246256480378913e-09,0.003701330126266918,-0.006298669873733082,1
936.0,267.2116009256972,398.203048292731,0.013818828927634504,0.07476137105892172,5003000.0,580.0340499280667,4.0320769891450166e-05,6.538743123558999e-05,1.4538820819228496e-08,4.6536300997491135e-08,0.0013737432142958902,6.228654805210619e-07,1.4860286520853905e-06,1.3298819789099589e-09,0.003700338821633539,-0.006299661178366461,1
937.0,267.2053012645188,398.01029397781843,0.0138149908720809,0.07482396241375341,5003000.0,581.6510679043216,4.0335294289346784e-05,6.54339560000849e-05,1.4524397896615795e-08,4.6524764494914865e-08,0.0013752283035976748,6.25936111581426e-07,1.4856241982656961e-06,1.3351567883264223e-09,0.0036993475920421466,-0.006300652407957854,1
938.0,267.19900061211086,397.81759605434485,0.013811161243167782,0.07488657714346496,5003000.0,583.272254277986,4.034980429175677e-05,6.548046923844496e-05,1.4510002409984842e-08,4.651323836005636e-08,0.0013767129893222107,6.290202280591188e-07,1.485219753370927e-06,1.3404501284712675e-09,0.0036983564369068704,-0.00630164356309313,1
939.0,267.19269896854775,397.6249545176222,0.013807340015743077,0.07494921522423412,5003000.0,584.8976170324395,4.0364299926026006e-05,6.552697096097488e-05,1.449563426923704e-08,4.650172252991517e-08,0.0013781972714760205,6.321178806420916e-07,1.4848153171086355e-06,1.3457620515980856e-09,0.00369736535564758,-0.00630263464435242,1
940.0,267.1863963339034,397.43236936299013,0.013803527164749526,0.07501187663235896,5003000.0,586.5271641478824,4.037878121941067e-05,6.557346117791671e-05,1.4481293384669642e-08,4.6490216941838384e-08,0.0013796811500653415,6.352291201565896e-07,1.4844108891867815e-06,1.3510926100297948e-09,0.0036963743476853515,-0.006303625652314649,1
941.0,267.1800927082511,397.2398405858157,0.013799722665246981,0.07507456134424215,5003000.0,588.1609036012683,4.039324819907767e-05,6.561993989945022e-05,1.4466979666997196e-08,4.6478721533509415e-08,0.00138116462509613,6.383539975672501e-07,1.4840064693161595e-06,1.3564418561580862e-09,0.003695383412448508,-0.006304616587551493,1
942.0,267.17378809166354,397.04736818149325,0.013795926492388904,0.07513726933640699,5003000.0,589.7988433660862,4.0407700892104996e-05,6.566640713569318e-05,1.4452693027325394e-08,4.6467236242955986e-08,0.0013826476965740618,6.414925639770361e-07,1.4836020572079477e-06,1.3618098424430802e-09,0.00369439254936652,-0.00630560745063348,1
943.0,267.1674824842129,396.8549521454442,0.013792138621436903,0.07520000058546931,5003000.0,591.4409914122612,4.042213932548216e-05,6.571286289670171e-05,1.443843337716447e-08,4.645576100853151e-08,0.001384130364504532,6.446448706272914e-07,1.483197652575308e-06,1.3671966214124711e-09,0.003693401757873983,-0.006306598242126017,1
944.0,267.16117588597075,396.6625924731169,0.013788359027750269,0.07526275506816722,5003000.0,593.0873557059799,4.043656352611058e-05,6.575930719247064e-05,1.442420062841664e-08,4.6444295768931136e-08,0.0013856126288926587,6.478109688977194e-07,1.4827932551323256e-06,1.3726022456615145e-09,0.0036924110374079787,-0.006307588962592021,1
945.0,267.15486829700814,396.47028915998635,0.013784587686795097,0.07532553276134588,5003000.0,594.7379442095751,4.045097352080396e-05,6.580574003293383e-05,1.4409994693383877e-08,4.643284046318095e-08,0.0013870944897432832,6.509909103064172e-07,1.4823888645950292e-06,1.3780267678523599e-09,0.003691420387410614,-0.006308579612589386,1
946.0,267.14855971739553,396.2780422015543,0.013780824574134846,0.07538833364195088,5003000.0,596.392764881348,4.046536933628872e-05,6.585216142796447e-05,1.4395815484756442e-08,4.6421395030632304e-08,0.001388575947060971,6.541847465098436e-07,1.4819844806804398e-06,1.3834702407133825e-09,0.0036904298073266477,-0.0063095701926733526,1
947.0,267.14225014720284,396.08585159334865,0.01377706966543502,0.07545115768703563,5003000.0,598.0518256754372,4.0479750999204335e-05,6.589857138737543e-05,1.4381662915616102e-08,4.6409959410964676e-08,0.0013900570008500148,6.573925293028329e-07,1.4815801031071178e-06,1.3889327170388754e-09,0.0036894392966048584,-0.006310560703395142,1
948.0,267.13593958649943,395.89371733092366,0.013773322936462145,0.07551400487376492,5003000.0,599.7151345416694,4.0494118536103766e-05,6.594496992091961e-05,1.4367536899433345e-08,4.639853354418586e-08,0.0013915376511144334,6.606143106185889e-07,1.4811757315951023e-06,1.3944142496886158e-09,0.003688448854697884,-0.006311551145302116,1
949.0,267.12962803535413,395.70163940985964,0.013769584363080482,0.0755768751794103,5003000.0,601.3826994253961,4.050847197345383e-05,6.599135703829023e-05,1.4353437350062448e-08,4.6387117370627734e-08,0.0013930178978579753,6.638501425286599e-07,1.4807713658656207e-06,1.399914891587267e-09,0.0036874584810615025,-0.006312541518938498,1
950.0,267.1233154938352,395.5096178257627,0.01376585392125378,0.07563976858134522,5003000.0,603.0545282673585,4.052281133763557e-05,6.603773274912118e-05,1.4339364181741547e-08,4.6375710830941675e-08,0.001394497741084119,6.671000772429421e-07,1.4803670056413112e-06,1.4054346957238282e-09,0.003686468175155184,-0.006313531824844816,1
951.0,267.11700196201036,395.31765257426457,0.013762131587047921,0.07570268505704734,5003000.0,604.7306290035355,4.053713665494466e-05,6.608409706298727e-05,1.4325317309093833e-08,4.636431386609827e-08,0.001395977180796074,6.703641671096609e-07,1.4799626506465676e-06,1.4109737151511692e-09,0.0036854779364429427,-0.0063145220635570576,1
952.0,267.1106874399468,395.12574365102256,0.013758417336623358,0.07576562458410453,5003000.0,606.4110095649789,4.055144795159178e-05,6.613044998940466e-05,1.4311296647118084e-08,4.6352926417389224e-08,0.0013974562169967837,6.736424646153403e-07,1.4795583006067743e-06,1.4165320029856053e-09,0.0036844877643914396,-0.006315512235608561,1
953.0,267.10437192771116,394.9338910517194,0.013754711146236715,0.07582858714019834,5003000.0,608.0956778776593,4.056574525370297e-05,6.617679153783107e-05,1.429730211118875e-08,4.634154842641605e-08,0.001398934849688924,6.769350223847745e-07,1.4791539552485272e-06,1.4221096124060842e-09,0.0036834976584705246,-0.006316502341529476,1
954.0,267.09805542536964,394.7420947720629,0.013751012992240744,0.0758915727031147,5003000.0,609.7846418623137,4.0580028587320026e-05,6.622312171766617e-05,1.428333361705432e-08,4.6330179835094765e-08,0.0014004130788749073,6.802418931810049e-07,1.4787496142996812e-06,1.427706596653865e-09,0.003682507618153353,-0.006317492381846647,1
955.0,267.09173793298777,394.550354807786,0.013747322851090826,0.07595458125075007,5003000.0,611.4779094343202,4.059429797840087e-05,6.626944053825183e-05,1.4269391080842428e-08,4.6318820585657785e-08,0.001401890904556882,6.835631299053217e-07,1.4783452774900862e-06,1.4333230090321738e-09,0.0036815176429182217,-0.0063184823570817785,1
956.0,267.0854194506307,394.35867115464634,0.013743640699329533,0.07601761276109673,5003000.0,613.1754885034841,4.060855345281991e-05,6.631574800887247e-05,1.4255474419042422e-08,4.6307470620643854e-08,0.001403368326736734,6.868987855971655e-07,1.4779409445499956e-06,1.4389589029052788e-09,0.0036805277322446,-0.006319472267755401,1
957.0,267.07909997836293,394.1670438084264,0.013739966513602448,0.0760806672122489,5003000.0,614.8773869739405,4.062279503636843e-05,6.636204413875537e-05,1.4241583548520053e-08,4.629612988289995e-08,0.0014048453454160894,6.902489134341559e-07,1.4775366152117936e-06,1.4446143316982031e-09,0.0036795378856174297,-0.00632046211438257,1
958.0,267.07277951624854,393.9754727649331,0.013736300270644946,0.0761437445824009,5003000.0,616.5836127439536,4.063702275475493e-05,6.640832893707095e-05,1.422771838650236e-08,4.628479831557872e-08,0.001406321960596315,6.93613566732002e-07,1.4771322892086394e-06,1.4502893488960559e-09,0.003678548102523751,-0.006321451897476249,1
959.0,267.0664580643511,393.7839580199977,0.013732641947286748,0.0762068448498474,5003000.0,618.294173705773,4.065123663360551e-05,6.645460241293308e-05,1.4213878850580814e-08,4.6273475862136983e-08,0.0014077981722785177,6.969927989444731e-07,1.4767279662749952e-06,1.4559840080435235e-09,0.003677558382454013,-0.006322441617545987,1
960.0,267.0601356227335,393.59249956947576,0.013728991520455746,0.07626996799298322,5003000.0,620.0090777454914,4.0665436698464226e-05,6.650086457539941e-05,1.4200064858713716e-08,4.626216246633424e-08,0.0014092739804635486,7.003866636633713e-07,1.4763236461470834e-06,1.4616983627443648e-09,0.00367656872490321,-0.00632343127509679,1
961.0,267.0538121914584,393.40109740924674,0.013725348967168914,0.07633311399030665,5003000.0,621.7283327428529,4.0679622974793444e-05,6.654711543347164e-05,1.418627632921536e-08,4.625085807223282e-08,0.0014107493851520032,7.037952146184436e-07,1.4759193285619637e-06,1.467432466660838e-09,0.0036755791293685836,-0.006324420870631417,1
962.0,267.0474877705878,393.20975153521414,0.013721714264532415,0.07639628282040052,5003000.0,623.4519465710948,4.0693795487974196e-05,6.659335499609582e-05,1.417251318075466e-08,4.623956262418564e-08,0.001412224386344221,7.072185056773274e-07,1.47551501325759e-06,1.473186373512806e-09,0.0036745895953497615,-0.006325410404650239,1
963.0,267.04116236018314,393.01846194330506,0.013718087389753875,0.07645947446195518,5003000.0,625.1799270968307,4.070795426330656e-05,6.663958327216268e-05,1.4158775332366195e-08,4.622827606684783e-08,0.0014136989840402888,7.106565908455456e-07,1.4751106999741637e-06,1.4789601370776985e-09,0.003673600122352127,-0.006326399877647873,1
964.0,267.0348359603055,392.8272286294702,0.013714468320125725,0.07652268889376482,5003000.0,626.9122821798271,4.072209932600999e-05,6.668580027050785e-05,1.4145062703431703e-08,4.621699834517315e-08,0.001415173178240042,7.141095242663714e-07,1.4747063884524066e-06,1.4847538111897323e-09,0.0036726107098825154,-0.006327389290117485,1
965.0,267.0285085710154,392.6360515896837,0.013710857033031978,0.07658592609470795,5003000.0,628.6490196728726,4.073623070122367e-05,6.673200599991225e-05,1.4131375213685543e-08,4.620572940440126e-08,0.0014166469689430642,7.175773602208015e-07,1.4743020784343273e-06,1.4905674497390588e-09,0.003671621357451123,-0.006328378642548878,1
966.0,267.02218019237284,392.44493081994295,0.013707253505949963,0.07664918604376197,5003000.0,630.390147421612,4.075034841400689e-05,6.677820046910231e-05,1.4117712783214957e-08,4.619446919006464e-08,0.0014181203561486897,7.21060153127483e-07,1.4738977696634466e-06,1.4964011066714468e-09,0.003670632064572063,-0.006329367935427937,1
967.0,267.0158508244374,392.25386631626844,0.013703657716448213,0.07671246872001633,5003000.0,632.1356732643833,4.0764452489339344e-05,6.682438368675031e-05,1.4104075332456532e-08,4.6183217647994615e-08,0.0014195933398560034,7.245579575426419e-07,1.4734934618846243e-06,1.5022548359879483e-09,0.0036696428307629357,-0.0063303571692370645,1
968.0,267.00952046726815,392.06285807470357,0.01370006964217911,0.07677577410262737,5003000.0,633.8856050320204,4.077854295212153e-05,6.68705556614746e-05,1.4090462782187186e-08,4.6171974724294005e-08,0.0014210659200638441,7.280708281599694e-07,1.4730891548433163e-06,1.5081286917433977e-09,0.0036686536555429767,-0.0063313463444570235,1
969.0,267.0031891209237,391.8719060913146,0.013696489260886293,0.07683910217085928,5003000.0,635.6399505477174,4.079261982717506e-05,6.691671640183996e-05,1.4076875053530324e-08,4.616074036535926e-08,0.001422538096770803,7.315988198105767e-07,1.4726848482864045e-06,1.5140227280466517e-09,0.00366766453843512,-0.00633233546156488,1
970.0,266.9968567854621,391.68101036219036,0.01369291655040905,0.07690245290408791,5003000.0,637.3987176268774,4.080668313924302e-05,6.696286591635784e-05,1.4063312067958886e-08,4.6149514517881056e-08,0.0014240098699752279,7.351419874629281e-07,1.4722805419627168e-06,1.5199369990601035e-09,0.0036666754789672915,-0.006333324521032709,1
971.0,266.99052346094106,391.4901708834422,0.013689351488664866,0.0769658262817518,5003000.0,639.1619140768819,4.082073291299029e-05,6.700900421348665e-05,1.4049773747276152e-08,4.6138297128814916e-08,0.0014254812396752208,7.387003862226804e-07,1.4718762356212046e-06,1.52587155899801e-09,0.0036656864766678727,-0.006334313523332127,1
972.0,266.98418914741774,391.2993876512039,0.013685794053661719,0.07702922228339444,5003000.0,640.9295476969671,4.083476917300392e-05,6.705513130163206e-05,1.4036260013626832e-08,4.612708814540394e-08,0.001426952205868642,7.422740713326429e-07,1.471471929012295e-06,1.531826462126784e-09,0.0036646975310690596,-0.00633530246893094,1
973.0,266.9778538449488,391.10866066163146,0.013682244223499061,0.07709264088866898,5003000.0,642.7016262780564,4.0848791943793413e-05,6.710124718914724e-05,1.402277078949673e-08,4.611588751518015e-08,0.0014284227685531104,7.458630981726825e-07,1.4710676218880477e-06,1.537801762764478e-09,0.0036637086417072575,-0.006336291358292743,1
974.0,266.9715175535905,390.91798991090275,0.013678701976361823,0.07715608207730051,5003000.0,644.4781576025722,4.086280124979112e-05,6.714735188433318e-05,1.4009305997705171e-08,4.610469518594145e-08,0.0014298929277260044,7.494675222596048e-07,1.4706633140015472e-06,1.5437975152794075e-09,0.003662719808121562,-0.006337280191878438,1
975.0,266.96518027339863,390.7273753952177,0.013675167290516307,0.07721954582910927,5003000.0,646.2591494442484,4.087679711535252e-05,6.719344539543895e-05,1.3995865561399521e-08,4.6093511105763494e-08,0.0014313626833844615,7.530873992470299e-07,1.470259005106513e-06,1.5498137740899256e-09,0.0036617310298527896,-0.00633826897014721,1
976.0,266.9588420044285,390.5368171107979,0.013671640144318936,0.07728303212400138,5003000.0,648.0446095679897,4.089077956475658e-05,6.723952773066194e-05,1.3982449404062686e-08,4.6082335222993116e-08,0.0014328320355253834,7.567227849253209e-07,1.469854694958278e-06,1.555850593663692e-09,0.0036607423064459084,-0.006339257693554092,1
977.0,266.952502746735,390.34631505388677,0.013668120516211866,0.07734654094199592,5003000.0,649.8345457296825,4.090474862220609e-05,6.72855988981482e-05,1.396905744950728e-08,4.607116748626236e-08,0.001434300984145433,7.603737352214532e-07,1.4694503833133547e-06,1.5619080285175227e-09,0.0036597536374489608,-0.0063402463625510394,1
978.0,266.94616250037245,390.1558692207489,0.013664608384721728,0.0774100722631833,5003000.0,651.6289656760204,4.0918704311827966e-05,6.733165890599266e-05,1.3955689621873014e-08,4.606000784446332e-08,0.0014357695292410383,7.640403061988987e-07,1.4690460699293495e-06,1.5679861332159438e-09,0.0036587650224128433,-0.0063412349775871565,1
979.0,266.93982126539487,389.9654796076705,0.013661103728460175,0.07747362606774548,5003000.0,653.4278771443285,4.093264665767359e-05,6.737770776223942e-05,1.3942345845625894e-08,4.6048856246758364e-08,0.0014372376708083913,7.677225540575037e-07,1.4686417545650566e-06,1.5740849623709354e-09,0.0036577764608915425,-0.006342223539108458,1
980.0,266.9334790418558,389.7751462109587,0.013657606526119753,0.07753720233595844,5003000.0,655.2312878623717,4.0946575683719144e-05,6.7423745474882e-05,1.3929026045552722e-08,4.6037712642580236e-08,0.0014387054088434517,7.714205351333453e-07,1.4682374369800654e-06,1.5802045706412861e-09,0.0036567879524411558,-0.006343212047558845,1
981.0,266.9271358298082,389.58486902694193,0.013654116756481339,0.07760080104818268,5003000.0,657.0392055482098,4.096049141386591e-05,6.746977205186363e-05,1.39157301467673e-08,4.602657698162525e-08,0.0014401727433419453,7.751343058986399e-07,1.467833116935589e-06,1.5863450127318296e-09,0.0036557994966219445,-0.006344200503378056,1
982.0,266.9207916293048,389.3946480519693,0.01365063439840553,0.0776644221848648,5003000.0,658.851637909987,4.0974393871940615e-05,6.751578750107748e-05,1.3902458074700376e-08,4.6015449213852936e-08,0.0014416396742993672,7.788639229615737e-07,1.4674287941935885e-06,1.5925063433927327e-09,0.0036548110929961655,-0.006345188907003835,1
983.0,266.9144464403978,389.2044832824109,0.01364715943083258,0.07772806572654821,5003000.0,660.6685926457532,4.098828308169571e-05,6.756179183036698e-05,1.3889209755098327e-08,4.600432928949076e-08,0.0014431062017109808,7.826094430661624e-07,1.4670244685168088e-06,1.5986886174190363e-09,0.0036538227411281464,-0.006346177258871854,1
984.0,266.9081002631389,389.0143747146573,0.013643691832791753,0.07779173165385307,5003000.0,662.4900774433167,4.1002159066809744e-05,6.7607785047526e-05,1.3875985114031254e-08,4.599321715902151e-08,0.001444572325571821,7.863709230921505e-07,1.4666201396698107e-06,1.6048918896496658e-09,0.0036528344405868597,-0.006347165559413141,1
985.0,266.9017530975795,388.82432234511975,0.013640231583390634,0.07785541994749354,5003000.0,664.3160999800323,4.1016021850887624e-05,6.765376716029919e-05,1.3862784077880938e-08,4.598211277319161e-08,0.001446038045876694,7.901484200548263e-07,1.4662158074178775e-06,1.6111162149670093e-09,0.0036518461909431942,-0.006348153809056806,1
986.0,266.8954049437705,388.6343261702297,0.013636778661815934,0.07791913058826438,5003000.0,666.1466679226172,4.1029871457460966e-05,6.769973817638219e-05,1.3849606573340365e-08,4.5971016083002486e-08,0.0014475033626201782,7.939419911048706e-07,1.4658114715271364e-06,1.6173616482959693e-09,0.0036508579917702605,-0.00634914200822974,1
987.0,266.88905580176225,388.4443861864389,0.013633333047342738,0.07798286355705701,5003000.0,667.9817889270042,4.104370790998839e-05,6.774569810342191e-05,1.3836452527421731e-08,4.5959927039718145e-08,0.0014489682757966266,7.977516935282426e-07,1.4654071317655824e-06,1.6236282446036666e-09,0.003649869842645933,-0.006350130157354067,1
988.0,266.8827056716049,388.2545023902193,0.013629894719318955,0.07804661883482938,5003000.0,669.821470638108,4.1057531231855824e-05,6.779164694901675e-05,1.3823321867439568e-08,4.594884559484706e-08,0.001450432785400166,8.015775847459624e-07,1.465002787901464e-06,1.629916058898029e-09,0.0036488817431488325,-0.006351118256851168,1
989.0,266.87635455334805,388.06467477806245,0.013626463657180723,0.07811039640265748,5003000.0,671.6657206896904,4.107134144637685e-05,6.783758472071692e-05,1.381021452102497e-08,4.593777170016987e-08,0.0014518968914247004,8.054197223140059e-07,1.4645984397049617e-06,1.6362251462282315e-09,0.0036478936928625023,-0.0063521063071374975,1
990.0,266.8700024470409,387.8749033464801,0.013623039840433091,0.07817419624165488,5003000.0,673.5145467041094,4.1085138576792955e-05,6.788351142602462e-05,1.3797130416104913e-08,4.5926705307692805e-08,0.0014533605938639098,8.0927816392306e-07,1.4641940869461684e-06,1.64255556168222e-09,0.0036469056913703765,-0.006353094308629624,1
991.0,266.8636493527323,387.68518809200356,0.01361962324866797,0.0782380183330535,5003000.0,675.3679562921999,4.1098922646273874e-05,6.792942707239431e-05,1.3784069480919061e-08,4.591564636969199e-08,0.0014548238927112511,8.131529673984271e-07,1.4637897293970393e-06,1.6489073603877751e-09,0.003645917738260634,-0.006354082261739367,1
992.0,266.85729527047056,387.4955290111837,0.01361621386155505,0.07830186265816276,5003000.0,677.2259570530537,4.1112693677917884e-05,6.797533166723301e-05,1.3771031644009395e-08,4.5904594838689126e-08,0.0014562867879599616,8.170441906998126e-07,1.4633853668304625e-06,1.655280597510894e-09,0.003644929833123883,-0.006355070166876117,1
993.0,266.8509402003037,387.3059261005908,0.013612811658841099,0.07836572919837573,5003000.0,679.0885565738307,4.11264516947521e-05,6.802122521790046e-05,1.375801683421832e-08,4.589355066745376e-08,0.0014577492796030579,8.209518919211405e-07,1.462980999020226e-06,1.6616753282551856e-09,0.0036439419755530753,-0.006356058024446925,1
994.0,266.84458414227925,387.1163793568145,0.013609416620350794,0.07842961793515985,5003000.0,680.9557624295728,4.114019671973279e-05,6.806710773170946e-05,1.3745024980688242e-08,4.58825138089969e-08,0.0014592113676333372,8.248761292903729e-07,1.4625766257411377e-06,1.6680916078609592e-09,0.0036429541651438035,-0.006357045834856197,1
995.0,266.83822709644437,386.9268887764636,0.013606028725990104,0.07849352885006712,5003000.0,682.8275821830291,4.1153928775745654e-05,6.811297921592602e-05,1.373205601286376e-08,4.587148421657546e-08,0.0014606730520433787,8.288169611693352e-07,1.4621722467694274e-06,1.6745294916047221e-09,0.0036419664014953,-0.0063580335985047,1
996.0,266.83186906284584,386.7374543561659,0.013602647955737906,0.07855746192473823,5003000.0,684.7040233844332,4.1167647885606134e-05,6.815883967776972e-05,1.3719109860482089e-08,4.586046184369348e-08,0.0014621343328255453,8.327744460534862e-07,1.4617678618818906e-06,1.6809890347984535e-09,0.0036409786842083037,-0.006359021315791696,1
997.0,266.82551004153004,386.54807609256824,0.013599274289648928,0.07862141714088695,5003000.0,686.5850935713283,4.118135407205971e-05,6.820468912441381e-05,1.3706186453574768e-08,4.584944664409201e-08,0.0014635952099719828,8.367486425717352e-07,1.4613634708562355e-06,1.6874702927885642e-09,0.003639991012885922,-0.006360008987114078,1
998.0,266.81915003254295,386.35875398233617,0.013595907707855149,0.07868539448031328,5003000.0,688.4708002683752,4.119504735778217e-05,6.825052756298557e-05,1.3693285722467942e-08,4.583843857175547e-08,0.0014650556834746218,8.407396094862409e-07,1.4609590734712728e-06,1.6939733209554215e-09,0.0036390033871340987,-0.006360996612865901,1
999.0,266.8127890359301,386.169488022154,0.01359254819056935,0.07874939392489703,5003000.0,690.3611509871771,4.120872776537996e-05,6.829635500056648e-05,1.3680407597784666e-08,4.582743758090681e-08,0.0014665157533251794,8.447474056922244e-07,1.4605546695073302e-06,1.7004981747124984e-09,0.0036380158065626475,-0.006361984193437352,1
1000.0,266.80642705173665,385.9802782087244,0.013589195718080201,0.07881341545660082,5003000.0,692.2561532260679,4.1222395317390394e-05,6.834217144419249e-05,1.3667552010438844e-08,4.581644362600797e-08,0.0014679754195151592,8.487720902177348e-07,1.4601502587457617e-06,1.7070449095056238e-09,0.003637028270784023,-0.006362971729215978,1
1001.0,266.8000640800074,385.7911245387687,0.013585850270743854,0.07887745905745247,5003000.0,694.1558144698843,4.123605003628202e-05,6.838797690085424e-05,1.3654718891625677e-08,4.580545666174896e-08,0.0014694346820358533,8.528137222233918e-07,1.459745840968092e-06,1.713613580811766e-09,0.0036360407794111945,-0.006363959220588806,1
1002.0,266.7937001207868,385.6020270090263,0.013582511828995928,0.07894152470958903,5003000.0,696.0601421898207,4.124969194445485e-05,6.843377137749732e-05,1.3641908172832478e-08,4.579447664307125e-08,0.0014708935408783413,8.568723610022244e-07,1.4593414159573263e-06,1.7202042441392943e-09,0.003635053332060902,-0.006364946667939098,1
1003.0,266.7873351741189,385.41298561625496,0.013579180373343871,0.07900561239518873,5003000.0,697.9691438431993,4.126332106424068e-05,6.847955488102244e-05,1.3629119785829906e-08,4.57835035251287e-08,0.001472351996033493,8.609480659794033e-07,1.4589369834971748e-06,1.7268169550256966e-09,0.003634065928351721,-0.0063659340716482795,1
1004.0,266.7809692400472,385.22400035723047,0.013575855884374724,0.07906972209653756,5003000.0,699.8828268733063,4.1276937417903355e-05,6.852532741828576e-05,1.3616353662678527e-08,4.5772537263323495e-08,0.0014738100474919697,8.650408967120512e-07,1.4585325433729119e-06,1.7334517690382597e-09,0.003633078567906203,-0.006366921432093798,1
1005.0,266.7746023186151,385.03507122874646,0.01357253834274626,0.07913385379598711,5003000.0,701.80119870916,4.129054102763907e-05,6.857108899609904e-05,1.3603609735718888e-08,4.5761577813281534e-08,0.0014752676952442228,8.691509128889655e-07,1.4581280953704704e-06,1.7401087417723137e-09,0.0036320912503486156,-0.006367908749651385,1
1006.0,266.76823440986544,384.8461982276144,0.01356922772918703,0.0791980074759732,5003000.0,703.7242667653117,4.1304131915576644e-05,6.86168396212299e-05,1.3590887937570427e-08,4.5750625130861654e-08,0.001476724939280498,8.73278174330376e-07,1.4577236392764808e-06,1.7467879288508172e-09,0.00363110397530504,-0.00636889602469496,1
1007.0,266.76186551384075,384.6573813506636,0.013565924024500657,0.07926218311899215,5003000.0,705.6520384416627,4.131771010377778e-05,6.866257930040204e-05,1.3578188201134625e-08,4.573967917214152e-08,0.0014781817795908323,8.774227409877199e-07,1.4573191748787612e-06,1.7534893859230986e-09,0.0036301167424045867,-0.0063698832575954135,1
1008.0,266.75549563058314,384.46862059474086,0.013562627209564528,0.07932638070764154,5003000.0,707.5845211232639,4.133127561423737e-05,6.870830804029548e-05,1.356551045959259e-08,4.5728739893438837e-08,0.0014796382161650595,8.815846729433934e-07,1.4569147019662146e-06,1.7602131686648971e-09,0.003629129551279137,-0.006370870448720863,1
1009.0,266.7491247601344,384.27991595671034,0.013559337265326817,0.07939060022457256,5003000.0,709.5217221800967,4.1344828468883776e-05,6.875402584754676e-05,1.3552854646400993e-08,4.571780725128411e-08,0.0014810942489928067,8.857640304104718e-07,1.4565102203285463e-06,1.7669593327765008e-09,0.003628142401562641,-0.0063718575984373586,1
1010.0,266.742752902536,384.0912674334537,0.013556054172806226,0.07945484165253121,5003000.0,711.4636489668701,4.135836868957907e-05,6.87997327287492e-05,1.3540220695290715e-08,4.5706881202442144e-08,0.0014825498780634985,8.899608737324516e-07,1.4561057297562683e-06,1.7737279339827883e-09,0.0036271552928911223,-0.006372844707108877,1
1011.0,266.73638005782885,383.90267502186975,0.013552777913098267,0.07951910497433204,5003000.0,713.4103088228521,4.137189629811934e-05,6.88454286904531e-05,1.3527608540271984e-08,4.569596170389657e-08,0.0014840051033663559,8.941752633830267e-07,1.4557012300414052e-06,1.7805190280319324e-09,0.003626168224904433,-0.0063738317750955675,1
1012.0,266.7300062260538,383.71413871887444,0.013549508467360569,0.07958339017284878,5003000.0,715.3617090715968,4.138541131623496e-05,6.889111373916594e-05,1.3515018115618725e-08,4.568504871284366e-08,0.0014854599248903984,8.984072599657321e-07,1.4552967209759592e-06,1.787332670694189e-09,0.003625181197242433,-0.006374818802757567,1
1013.0,266.723631407251,383.5256585214007,0.013546245816833148,0.07964769723107147,5003000.0,717.3178570208249,4.139891376559085e-05,6.893678788135267e-05,1.3502449355887561e-08,4.567414218672251e-08,0.0014869143426244446,9.026569242137772e-07,1.4548922023541073e-06,1.7941689177624925e-09,0.0036241942095504554,-0.006375805790449544,1
1014.0,266.7172556014605,383.33723442639837,0.013542989942815638,0.07971202613201209,5003000.0,719.2787599621317,4.141240366778674e-05,6.898245112343583e-05,1.3489902195894204e-08,4.566324208316231e-08,0.0014883683565571132,9.069243169896563e-07,1.454487673969805e-06,1.8010278250493672e-09,0.0036232072614733354,-0.006376792738526664,1
1015.0,266.710878808722,383.14886643083406,0.013539740826681641,0.07977637685879888,5003000.0,721.244425170832,4.142588104435747e-05,6.902810347179586e-05,1.347737657072659e-08,4.565234836003294e-08,0.0014898219666768236,9.112094992849286e-07,1.4540831356183507e-06,1.807909448388232e-09,0.0036222203526593126,-0.006377779647340688,1
1016.0,266.70450102907466,382.96055453169106,0.0135364984498742,0.07984074939460775,5003000.0,723.2148599057343,4.1439345916773206e-05,6.907374493277126e-05,1.3464872415739337e-08,4.564146097540639e-08,0.0014912751729717953,9.155125322199068e-07,1.4536785870959334e-06,1.8148138436310166e-09,0.0036212334827588895,-0.00637876651724111,1
1017.0,266.69812226255743,382.77229872596916,0.013533262793908133,0.07990514372270041,5003000.0,725.1900714089512,4.145279830643976e-05,6.911937551265884e-05,1.3452389666555012e-08,4.563057988757652e-08,0.0014927279754300528,9.198334770433823e-07,1.4532740281999192e-06,1.8217410666481626e-09,0.0036202466514255512,-0.006379753348574449,1
1018.0,266.69174250920884,382.58409901068455,0.013530033840367647,0.07996955982641218,5003000.0,727.1700669056713,4.146623823469882e-05,6.91649952177139e-05,1.3439928259060684e-08,4.56197050550514e-08,0.0014941803740394228,9.241723951323049e-07,1.4528694587286208e-06,1.8286911733274474e-09,0.003619259858315186,-0.006380740141684814,1
1019.0,266.68536176906713,382.39595538286983,0.013526811570900582,0.0800339976891478,5003000.0,729.1548536039312,4.147966572282822e-05,6.921060405415045e-05,1.3427488129401281e-08,4.560883643654999e-08,0.0014956323687875367,9.28529347991451e-07,1.4524648784807278e-06,1.8356642195729641e-09,0.003618273103084666,-0.006381726896915334,1
1020.0,266.6789800421702,382.20786783957385,0.013523595967222855,0.08009845729438068,5003000.0,731.1444386944224,4.149308079204221e-05,6.925620202814145e-05,1.3415069213982896e-08,4.55979739910008e-08,0.0014970839596618309,9.329043972531386e-07,1.4520602872558049e-06,1.8426602613042732e-09,0.0036172863853930833,-0.006382713614606917,1
1021.0,266.67259732855564,382.01983637786145,0.013520387011123252,0.08016293862566055,5003000.0,733.1388293502968,4.1506483463491685e-05,6.9301789145819e-05,1.3402671449476484e-08,4.558711767754484e-08,0.0014985351466495467,9.372976046769314e-07,1.4516556848548328e-06,1.8496793544557146e-09,0.003616299704903094,-0.006383700295096906,1
1022.0,266.66621362826055,381.83186099481355,0.013517184684457973,0.08022744166659997,5003000.0,735.1380327269358,4.15198737582645e-05,6.934736541327452e-05,1.3390294772811477e-08,4.5576267455527496e-08,0.0014999859297377346,9.417090321492963e-07,1.4512510710796658e-06,1.8567215549751763e-09,0.0036153130612795663,-0.0063846869387204335,1
1023.0,266.65982894132185,381.64394168752693,0.01351398896914623,0.08029196640090823,5003000.0,737.142055961719,4.153325169738567e-05,6.939293083655904e-05,1.3377939121170433e-08,4.5565423284515744e-08,0.0015014363089132508,9.46138741683254e-07,1.4508464457325878e-06,1.8637869188238904e-09,0.003614326454188474,-0.006385673545811526,1
1024.0,266.653443267776,381.4560784531142,0.013510799847179617,0.08035651281233519,5003000.0,739.150906173846,4.1546617301817666e-05,6.94384854216833e-05,1.3365604431997242e-08,4.5554585124266824e-08,0.001502886284162762,9.505867954180922e-07,1.450441808617344e-06,1.8708755019743807e-09,0.0036133398832994585,-0.006386660116700542,1
1025.0,266.64705660765935,381.26827128870354,0.013507617300608222,0.08042108088471119,5003000.0,741.1645904640654,4.155997059246065e-05,6.948402917461804e-05,1.335329064298252e-08,4.5543752934748855e-08,0.0015043358554727435,9.550532556189606e-07,1.4500371595376975e-06,1.877987360410289e-09,0.003612353348282235,-0.006387646651717765,1
1026.0,266.64066896100763,381.0805201914388,0.013504441311557798,0.08048567060194414,5003000.0,743.1831159145316,4.157331159015273e-05,6.952956210129419e-05,1.3340997692079396e-08,4.553292667613828e-08,0.0015057850228294806,9.595381846766196e-07,1.4496324982992792e-06,1.8851225501255724e-09,0.0036113668488111984,-0.006388633151188802,1
1027.0,266.63428032785646,380.89282515847924,0.013501271862212665,0.08055028194800284,5003000.0,745.2064895885161,4.1586640315670215e-05,6.957508420760299e-05,1.3328725517485822e-08,4.5522106308809746e-08,0.0015072337862190696,9.640416451070008e-07,1.4492278247078055e-06,1.892281127123022e-09,0.0036103803845609754,-0.006389619615439025,1
1028.0,266.627890708241,380.7051861869995,0.013498108934828137,0.08061491490693545,5003000.0,747.2347185302418,4.159995678972787e-05,6.962059549939634e-05,1.3316474057655728e-08,4.5511291793345345e-08,0.0015086821456274202,9.68563699550923e-07,1.4488231385704293e-06,1.8994631474138857e-09,0.003609393955209795,-0.006390606044790205,1
1029.0,266.6215001021962,380.5176032741895,0.013494952511721675,0.08067956946284818,5003000.0,749.2678097646301,4.161326103297916e-05,6.966609598248686e-05,1.33042432512894e-08,4.550048309052193e-08,0.001510130101040254,9.731044107736883e-07,1.44841843969483e-06,1.9066686670163526e-09,0.0036084075604372132,-0.006391592439562787,1
1030.0,266.6151085097566,380.3300764172543,0.013491802575273224,0.08074424559991727,5003000.0,751.3057702970799,4.162655306601649e-05,6.971158566264818e-05,1.329203303733284e-08,4.548968016131677e-08,0.0015115776524431065,9.776638416647167e-07,1.4480137278892775e-06,1.9138977419548818e-09,0.0036074211999242724,-0.006392578800075727,1
1031.0,266.6087159309565,380.14260561341393,0.013488659107933515,0.08080894330239181,5003000.0,753.3486071132834,4.163983290937148e-05,6.975706454561509e-05,1.327984335498492e-08,4.547888296690805e-08,0.0015130247998213278,9.822420552372248e-07,1.4476090029635476e-06,1.9211504282593988e-09,0.0036064348733557774,-0.006393565126644223,1
1032.0,266.6023223658299,379.95519085990355,0.013485522092210456,0.08087366255457942,5003000.0,755.3963271789504,4.165310058351516e-05,6.980253263708375e-05,1.3267674143683117e-08,4.546809146866627e-08,0.001514471543160082,9.86839114627778e-07,1.4472042647275008e-06,1.9284267819638834e-09,0.0036054485804167544,-0.006394551419583246,1
1033.0,266.5959278144103,379.767832153973,0.013482391510682347,0.08093840334087612,5003000.0,757.4489374396412,4.166635610885827e-05,6.984798994271192e-05,1.3255525343115476e-08,4.5457305628169285e-08,0.0015159178824443514,9.91455083095985e-07,1.446799512992522e-06,1.9357268591062193e-09,0.003604462320796032,-0.006395537679203968,1
1034.0,266.58953227673106,379.58052949288697,0.01347926734598963,0.081003165645723,5003000.0,759.5064448205067,4.1679599505751484e-05,6.98934364681191e-05,1.32433968932116e-08,4.5446525407178155e-08,0.001517363817658934,9.960900240240622e-07,1.4463947475706708e-06,1.943050715726146e-09,0.0036034760941841245,-0.006396523905815876,1
1035.0,266.5831357528252,379.3932828739247,0.013476149580833374,0.08106794945364125,5003000.0,761.5688562260636,4.169283079448562e-05,6.993887221888675e-05,1.3231288734140236e-08,4.5435750767655005e-08,0.0015188093487884457,1.000744000916441e-06,1.4459899682745467e-06,1.9503984078650795e-09,0.0036024899002728918,-0.006397510099727109,1
1036.0,266.5767382427255,379.2060922943801,0.01347303819797637,0.08113275474920997,5003000.0,763.6361785399719,4.1706049995291934e-05,6.99842972005585e-05,1.3219200806309421e-08,4.5424981671750314e-08,0.001520254475817322,1.0054170773993734e-06,1.445585174917439e-06,1.957769991564629e-09,0.0036015037387559117,-0.006398496261244089,1
1037.0,266.5703397464643,379.0189577515614,0.013469933180250849,0.08119758151708158,5003000.0,765.7084186248434,4.1719257128342305e-05,7.002971141864031e-05,1.3207133050373054e-08,4.541421808181001e-08,0.0015216991987298148,1.0101093172205764e-06,1.4451803673141742e-06,1.9651655228660427e-09,0.0036005176093305852,-0.006399482390669415,1
1038.0,266.5639402640736,378.8318792427913,0.013466834510550524,0.081262429741972,5003000.0,767.7855833219811,4.1732452213749526e-05,7.007511487860067e-05,1.3195085407222219e-08,4.5403459960369526e-08,0.0015231435175100004,1.0148207842487749e-06,1.4447755452802991e-06,1.9725850578089053e-09,0.003599531511696098,-0.006400468488303902,1
1039.0,266.5575397955853,378.6448567654066,0.013463742171824897,0.08132729940866486,5003000.0,769.867679451132,4.17456352715675e-05,7.012050758587082e-05,1.3183057817978732e-08,4.539270727015511e-08,0.0015245874321417733,1.019551542473266e-06,1.4443707086315022e-06,1.980028652430183e-09,0.0035985454455519828,-0.006401454554448018,1
1040.0,266.5511383410308,378.4578903167584,0.013460656147088683,0.08139219050200151,5003000.0,771.9547138102961,4.1758806321791503e-05,7.01658895458449e-05,1.3171050224003427e-08,4.538195997407752e-08,0.0015260309426088502,1.0243016560035452e-06,1.4439658571846483e-06,1.987496362763078e-09,0.003597559410600688,-0.006402440589399312,1
1041.0,266.5447359004414,378.2709798942118,0.013457576419417357,0.08145710300689783,5003000.0,774.0466931754803,4.1771965384358395e-05,7.021126076388014e-05,1.3159062566890876e-08,4.537121803524014e-08,0.0015274740488947713,1.0290711890688579e-06,1.4435609907573298e-06,1.9949882448363563e-09,0.0035965734065464584,-0.006403426593453542,1
1042.0,266.53833247384796,378.0841254951458,0.013454502971950735,0.08152203690832442,5003000.0,776.1436243004857,4.178511247914687e-05,7.025662124529707e-05,1.3147094788471988e-08,4.536048141692763e-08,0.0015289167509828984,1.0338602060177939e-06,1.4431561091682764e-06,2.0025043546729193e-09,0.003595587433096352,-0.006404412566903648,1
1043.0,266.53192806128106,377.8973271169535,0.013451435787884805,0.08158699219132654,5003000.0,778.2455139166412,4.1798247625977674e-05,7.030197099537969e-05,1.3135146830805177e-08,4.534975008261551e-08,0.0015303590488564191,1.0386687713177996e-06,1.4427512122365136e-06,2.0100447482891433e-09,0.003594601489958145,-0.006405398510041856,1
1044.0,266.52552266277104,377.71058475704143,0.013448374850479628,0.08165196884100663,5003000.0,780.3523687326094,4.181137084461386e-05,7.034731001937565e-05,1.3123218636183148e-08,4.533902399596007e-08,0.0015318009424983444,1.0434969495547878e-06,1.4423462997822335e-06,2.0176094816935363e-09,0.003593615576842491,-0.006406384423157509,1
1045.0,266.5191162783479,377.52389841283,0.013445320143055333,0.08171696684253338,5003000.0,782.464195434135,4.1824482154760986e-05,7.039263832249645e-05,1.3111310147128098e-08,4.532830312080231e-08,0.001533242431891512,1.0483448054326619e-06,1.4419413716263925e-06,2.025198610885861e-09,0.003592629693461922,-0.006407370306538079,1
1046.0,266.51270890804136,377.3372680817532,0.013442271648991996,0.08178198618114031,5003000.0,784.5810006838133,4.183758157606738e-05,7.043795590991762e-05,1.309942130639076e-08,4.531758742116639e-08,0.001534683517018586,1.053212403772863e-06,1.44153642759073e-06,2.0328121918560657e-09,0.003591643839530891,-0.006408356160469109,1
1047.0,266.5063005518809,377.1506937612585,0.013439229351728867,0.08184702684211734,5003000.0,786.7027911208554,4.185066912812433e-05,7.048326278677888e-05,1.3087552056948739e-08,4.5306876861254184e-08,0.001536124197862057,1.0580998095139115e-06,1.4411314674977091e-06,2.0404502805830233e-09,0.0035906580147656176,-0.006409341985234383,1
1048.0,266.4998912098956,376.9641754488066,0.013436193234765016,0.0819120888108257,5003000.0,788.8295733608547,4.1863744830466335e-05,7.052855895818433e-05,1.3075702342006308e-08,4.529617140545241e-08,0.0015375644744042446,1.0630070877109383e-06,1.4407264911706175e-06,2.0481129330338308e-09,0.00358967221888434,-0.00641032778111566,1
1049.0,266.4934808821145,376.7777131418717,0.013433163281654389,0.08197717207267823,5003000.0,790.9613539955319,4.187680870257132e-05,7.057384442920265e-05,1.3063872104988747e-08,4.528547101832137e-08,0.0015390043466272955,1.0679343035351887e-06,1.4403214984330634e-06,2.055800205162229e-09,0.0035886864516060583,-0.0064113135483939414,1
1050.0,266.48706956856614,376.5913068379412,0.013430139476014331,0.08204227661316273,5003000.0,793.0981395925377,4.1889860763860875e-05,7.061911920486725e-05,1.3052061289549716e-08,4.52747756646064e-08,0.001540443814513188,1.072881522273599e-06,1.4399164891099133e-06,2.063512152908192e-09,0.003587700712652861,-0.006412299287347139,1
1051.0,266.4806572692788,376.4049565345156,0.013427121801521745,0.08210740241782225,5003000.0,795.2399366951961,4.1902901033700443e-05,7.066438329017647e-05,1.304026983956669e-08,4.5264085309226674e-08,0.0015418828780437283,1.0778488093282827e-06,1.4395114630269055e-06,2.0712488321963223e-09,0.0035867150017489633,-0.006413284998251037,1
1052.0,266.4742439842806,376.21866222910825,0.013424110241912163,0.08217254947226003,5003000.0,797.386751822268,4.191592953139958e-05,7.070963669009374e-05,1.302849769913922e-08,4.5253399917276946e-08,0.0015433215372005547,1.082836230216044e-06,1.4391064200105827e-06,2.0790102989348953e-09,0.003585729318620536,-0.006414270681379465,1
1053.0,266.4678297135992,376.0324239192457,0.013421104780975435,0.08223771776214545,5003000.0,799.538591467693,4.192894627621216e-05,7.075487940954778e-05,1.3016744812583918e-08,4.524271945402987e-08,0.0015447597919651382,1.0878438505678564e-06,1.4387013598878557e-06,2.0867966090148563e-09,0.003584743662994614,-0.0064152563370053865,1
1054.0,266.4614144572622,375.8462416024672,0.013418105402560212,0.08230290727320339,5003000.0,801.6954621003691,4.19419512873366e-05,7.08001114534327e-05,1.3005011124437977e-08,4.5232043884929626e-08,0.0015461976423187809,1.0928717361283845e-06,1.4382962824865109e-06,2.0946078183085235e-09,0.003583758034600362,-0.006416241965399638,1
1055.0,266.4549982152968,375.66011527632486,0.013415112090573502,0.08236811799122105,5003000.0,803.8573701639142,4.195494458391606e-05,7.08453328266083e-05,1.2993296579457866e-08,4.5221373175594656e-08,0.0015476350882426184,1.0979199527554815e-06,1.4378911876351832e-06,2.1024439826686534e-09,0.003582772433168996,-0.006417227566831004,1
1056.0,266.44858098773,375.4740449383833,0.013412124828981154,0.08243334990204439,5003000.0,806.0243220764237,4.196792618503868e-05,7.089054353390012e-05,1.2981601122618991e-08,4.521070729181497e-08,0.0015490721297176195,1.10298856641967e-06,1.4374860751634382e-06,2.1103051579272395e-09,0.0035817868584339914,-0.006418213141566009,1
1057.0,266.44216277458844,375.2880305862199,0.013409143601802264,0.08249860299158782,5003000.0,808.1963242302111,4.1980896109737786e-05,7.093574358009967e-05,1.296992469910949e-08,4.5200046199556485e-08,0.0015505087667245898,1.1080776432036002e-06,1.4370809449012016e-06,2.118191399894592e-09,0.003580801310129657,-0.006419198689870343,1
1058.0,266.4357435758986,375.10207221742445,0.013406168393114629,0.08256387724581003,5003000.0,810.3733829915841,4.1993854376992124e-05,7.098093296996462e-05,1.2958267254334649e-08,4.518938986494751e-08,0.0015519449992441683,1.113187249301548e-06,1.436675796679364e-06,2.126102764357674e-09,0.0035798157879926365,-0.006420184212007364,1
1059.0,266.4293233916866,374.91616982959914,0.01340319918705366,0.08262917265074847,5003000.0,812.5555047006033,4.200680100572604e-05,7.102611170821891e-05,1.2946628733915061e-08,4.5178738254296e-08,0.0015533808272568306,1.1183174510188865e-06,1.4362706303296924e-06,2.13403930707982e-09,0.003578830291761687,-0.006421169708238313,1
1060.0,266.42290222197835,374.7303234203585,0.013400235967808658,0.08269448919248544,5003000.0,814.7426956708167,4.201973601480972e-05,7.107127979955298e-05,1.2935009083682202e-08,4.5168091334071095e-08,0.001554816250742889,1.1234683147715174e-06,1.435865445684456e-06,2.14200108379872e-09,0.003577844821176742,-0.006422155178823259,1
1061.0,266.4164800667995,374.54453298732926,0.013397278719626406,0.08275982685717065,5003000.0,816.9349621890374,4.20326594230594e-05,7.111643724862389e-05,1.2923408249681131e-08,4.515744907091404e-08,0.001556251269682494,1.1286399070853565e-06,1.4354602425768377e-06,2.1499881502258895e-09,0.0035768593759799346,-0.006423140624020066,1
1062.0,266.4100569261755,374.35879852815043,0.01339432742680649,0.0828251856309913,5003000.0,819.1323105150764,4.2045571249237564e-05,7.116158406005552e-05,1.2911826178165167e-08,4.514681143162193e-08,0.0015576858840556345,1.1338322945957533e-06,1.4350550208404607e-06,2.1580005620447295e-09,0.0035758739559144143,-0.006424126044085586,1
1063.0,266.40363280013145,374.17312004047295,0.013391382073707228,0.08289056550022905,5003000.0,821.3347468815181,4.2058471512053166e-05,7.12067202384387e-05,1.2900262815600771e-08,4.513617838317645e-08,0.0015591200938421374,1.1390455440469653e-06,1.4346497803100398e-06,2.1660383749108357e-09,0.003574888560725967,-0.006425111439274033,1
1064.0,266.39720768869216,373.98749752195977,0.013388442644743185,0.08295596645119864,5003000.0,823.542277493473,4.207136023016183e-05,7.12518457883314e-05,1.2888718108664393e-08,4.5125549892711305e-08,0.0015605538990216702,1.1442797222915925e-06,1.4342445208211462e-06,2.174101644449329e-09,0.0035739031901624225,-0.006426096809837578,1
1065.0,266.39078159188233,373.8019309702858,0.013385509124377535,0.08302138847027184,5003000.0,825.7549085282906,4.2084237422166067e-05,7.129696071425894e-05,1.2877192004234382e-08,4.511492592752383e-08,0.0015619872995737399,1.149534896289955e-06,1.433839242209419e-06,2.182190426254167e-09,0.0035729178439716934,-0.006427082156028307,1
1066.0,266.3843545097263,373.61642038313767,0.013382581497135778,0.08308683154389228,5003000.0,827.972646135371,4.209710310661547e-05,7.134206502071401e-05,1.2865684449403302e-08,4.5104306455081973e-08,0.001563420295477695,1.1548111331095984e-06,1.433433944312046e-06,2.1903047758875127e-09,0.003571932521905453,-0.0064280674780945474,1
1067.0,266.37792644224817,373.4309657582138,0.013379659747590469,0.08315229565854965,5003000.0,830.1954964358567,4.210995730200693e-05,7.138715871215702e-05,1.2854195391462586e-08,4.5093691443010153e-08,0.001564852886712727,1.1601084999246323e-06,1.4330286269661687e-06,2.1984447488777516e-09,0.003570947223715166,-0.006429052776284834,1
1068.0,266.37149738947187,373.2455670932243,0.013376743860371963,0.08321778080079326,5003000.0,832.4234655224225,4.2122800026784845e-05,7.143224179301611e-05,1.2842724777912006e-08,4.508308085909551e-08,0.0015662850732578685,1.165427064015194e-06,1.4326232900100433e-06,2.206610400718749e-09,0.0035699619491549703,-0.00643003805084503,1
1069.0,266.36506735142103,373.06022438589076,0.013373833820162658,0.08328328695723135,5003000.0,834.656559459005,4.2135631299341296e-05,7.14773142676874e-05,1.2831272556453439e-08,4.507247467128685e-08,0.0015677168550919949,1.1707668927668296e-06,1.4322179332824577e-06,2.2148017868685988e-09,0.003568976697980229,-0.006431023302019771,1
1070.0,266.358636328119,372.87493763394633,0.013370929611701669,0.08334881411451767,5003000.0,836.8947842805728,4.214845113801629e-05,7.152237614053508e-05,1.281983867499453e-08,4.506187284768697e-08,0.0015691482321938273,1.1761280536699182e-06,1.4318125566232488e-06,2.223018962748135e-09,0.003567991469948806,-0.006432008530051194,1
1071.0,266.35220431958896,372.6897068351355,0.013368031219779992,0.08341436225938374,5003000.0,839.1381459928532,4.2161259561097935e-05,7.156742741589165e-05,1.2808423081643337e-08,4.505127535656848e-08,0.0015705792045419302,1.1815106143190394e-06,1.431407159872813e-06,2.2312619837404947e-09,0.003567006264819854,-0.006432993735180146,1
1072.0,266.3457713258538,372.50453198721414,0.013365138629241121,0.08347993137860081,5003000.0,841.3866505720812,4.217405658682264e-05,7.1612468098058e-05,1.2797025724708163e-08,4.5040682166353596e-08,0.0015720097721147134,1.1869146424123585e-06,1.4310017428721959e-06,2.2395309051889527e-09,0.0035660210823540255,-0.006433978917645975,1
1073.0,266.33933734693613,372.31941308794933,0.013362251824980255,0.08354552145899577,5003000.0,843.6403039647455,4.218684223337534e-05,7.165749819130362e-05,1.2785646552696071e-08,4.503009324562155e-08,0.0015734399348904331,1.1923402057510064e-06,1.4305963054630328e-06,2.2478257823961e-09,0.0035650359223133262,-0.006434964077686674,1
1074.0,266.33290238285844,372.1343501351193,0.013359370791948218,0.0836111324874595,5003000.0,845.899112087356,4.219961651888966e-05,7.170251769986674e-05,1.277428551431585e-08,4.501950856311212e-08,0.0015748696928471926,1.1977873722384825e-06,1.4301908474879867e-06,2.2561466706228986e-09,0.0035640507844622014,-0.006435949215537799,1
1075.0,266.3264664336429,371.9493431265134,0.013356495515143932,0.08367676445092713,5003000.0,848.1630808261475,4.2212379461448125e-05,7.174752662795445e-05,1.2762942558470112e-08,4.500892808771486e-08,0.0015762990459629407,1.203256209879963e-06,1.42978536878997e-06,2.264493625086835e-09,0.0035630656685655933,-0.006436934331434407,1
1076.0,266.3200294993115,371.76439205993194,0.013353625979621931,0.08374241733639198,5003000.0,850.4322160368664,4.2225131079082386e-05,7.179252497974293e-05,1.275161763426172e-08,4.4998351788475515e-08,0.0015777279942154768,1.208746786781721e-06,1.4293798692129711e-06,2.272866700961159e-09,0.0035620805743909966,-0.006437919425609003,1
1077.0,266.3135915798859,371.5794969331862,0.013350762170487813,0.08380809113091468,5003000.0,852.7065235444935,4.2237871389773376e-05,7.183751275937753e-05,1.2740310690988718e-08,4.498777963459993e-08,0.0015791565375824475,1.21425917115045e-06,1.42897434860159e-06,2.2812659533738185e-09,0.0035610955017073005,-0.006438904498292699,1
1078.0,266.3071526753876,371.3946577440983,0.013347904072899177,0.08387378582159236,5003000.0,854.9860091429882,4.225060041145152e-05,7.188248997097296e-05,1.2729021678144483e-08,4.497721159543762e-08,0.0015805846760413482,1.219793431292611e-06,1.42856880680116e-06,2.2896914374054235e-09,0.0035601104502850814,-0.006439889549714918,1
1079.0,266.3007127858379,371.2098744905011,0.013345051672064345,0.08393950139558956,5003000.0,857.270678595032,4.226331816199694e-05,7.192745661861346e-05,1.2717750545415825e-08,4.496664764049689e-08,0.001582012409569527,1.2253496356137784e-06,1.4281632436576399e-06,2.2981432080887972e-09,0.0035591254198963414,-0.006440874580103659,1
1080.0,266.2942719112578,371.02514717023814,0.01334220495324269,0.08400523784011446,5003000.0,859.5605376317693,4.2276024659239616e-05,7.197241270635289e-05,1.2706497242682539e-08,4.495608773943199e-08,0.0015834397381441797,1.230927852617967e-06,1.4277576590176631e-06,2.3066213204070913e-09,0.0035581404103146182,-0.0064418595896853816,1
1081.0,266.2878300516681,370.84047578116366,0.013339363901745078,0.08407099514243098,5003000.0,861.8555919525497,4.228871992095963e-05,7.201735823821494e-05,1.2695261720017143e-08,4.494553186204859e-08,0.0015848666617423552,1.236528150906965e-06,1.4273520527286158e-06,2.3151258292928423e-09,0.00355715542131518,-0.00644284457868482,1
1082.0,266.28138720708944,370.6558603211424,0.013336528502928364,0.08413677328986201,5003000.0,864.1558472246492,4.230140396488731e-05,7.206229321819324e-05,1.2684043927678958e-08,4.493497997830479e-08,0.0015862931803409547,1.2421505991796241e-06,1.4269464246380715e-06,2.3236567896267316e-09,0.0035561704526736126,-0.006443829547326387,1
1083.0,266.2749433775421,370.4713007880496,0.013333698742209377,0.0842025722697811,5003000.0,866.4613090830698,4.2314076808703435e-05,7.210721765025155e-05,1.2672843816126571e-08,4.4924432058306106e-08,0.0015877192939167306,1.2477952662312615e-06,1.4265407745952915e-06,2.332214256236251e-09,0.0035551855041695544,-0.006444814495830446,1
1084.0,266.2684985630463,370.28679717977076,0.013330874605045881,0.08426839206960894,5003000.0,868.7719831301997,4.232673847003943e-05,7.215213153832385e-05,1.2661661335999225e-08,4.491388807230309e-08,0.00158914500244629,1.2534622209528535e-06,1.4261351024492375e-06,2.340798283894112e-09,0.003554200575581741,-0.0064457994244182595,1
1085.0,266.2620527636219,370.1023494942018,0.013328056076952442,0.08433423267682177,5003000.0,871.0878749356118,4.2339388966477566e-05,7.219703488631454e-05,1.2650496438131036e-08,4.490334799069492e-08,0.0015905703059060944,1.259151532330419e-06,1.4257294080502686e-06,2.3494089273173367e-09,0.0035532156666922277,-0.0064467843333077725,1
1086.0,266.2556059792886,369.9179577292489,0.013325243143491625,0.0844000940789644,5003000.0,873.4089900357832,4.235202831555111e-05,7.224192769809857e-05,1.2639349073542005e-08,4.489281178403529e-08,0.001591995204272459,1.2648632694442912e-06,1.4253236912492316e-06,2.358046241166263e-09,0.0035522307772841233,-0.006447769222715877,1
1087.0,266.2491582100659,369.73362188282834,0.013322435790269697,0.08446597626360111,5003000.0,875.7353339337903,4.236465653474454e-05,7.228680997752158e-05,1.262821919343332e-08,4.4882279423006915e-08,0.0015934196975215548,1.2705975014683424e-06,1.4249179518970283e-06,2.366710280041817e-09,0.0035512459071405066,-0.006448754092859494,1
1088.0,266.24270945597306,369.54934195286654,0.0133196340029505,0.08453187921837362,5003000.0,878.0669120991297,4.237727364149374e-05,7.233168172840003e-05,1.2617106749199681e-08,4.4871750878450206e-08,0.0015948437856294086,1.2763542976693827e-06,1.4245121898461069e-06,2.375401098485977e-09,0.0035502610560481356,-0.006449738943951865,1
1089.0,266.2362597170291,369.3651179372999,0.01331683776724424,0.0845978029309678,5003000.0,880.4037299673914,4.238987965318616e-05,7.237654295452138e-05,1.2606011692418092e-08,4.486122612134576e-08,0.001596267468571905,1.2821337274063488e-06,1.4241064049492948e-06,2.3841187509793986e-09,0.00354927622379454,-0.00645072377620546,1
1090.0,266.2298089932529,369.18094983407474,0.013314047068907155,0.08466374738911867,5003000.0,882.7457929399966,4.2402474587161004e-05,7.242139365964419e-05,1.2594933974846877e-08,4.485070512281627e-08,0.0015976907463247842,1.2879358601295694e-06,1.4237005970597848e-06,2.3928632919402393e-09,0.0035482914101679806,-0.00645170858983202,1
1091.0,266.22335728466305,368.99683764114735,0.013311261893748441,0.08472971258062312,5003000.0,885.0931063839729,4.241505846070944e-05,7.246623384749833e-05,1.2583873548431492e-08,4.4840187854132235e-08,0.0015991136188636464,1.2937607653800856e-06,1.4232947660318906e-06,2.4016347757232722e-09,0.0035473066149593296,-0.00645269338504067,1
1092.0,266.216904591278,368.81278135648375,0.013308482227619657,0.08479569849330552,5003000.0,887.4456756316271,4.242763129107473e-05,7.251106352178502e-05,1.2572830365293924e-08,4.482967428669403e-08,0.0016005360861639484,1.2996085127888153e-06,1.4228889117199436e-06,2.4104332566174665e-09,0.003546321837959317,-0.006453678162040684,1
1093.0,266.210450913116,368.62878097805975,0.013305708056426079,0.08486170511506384,5003000.0,889.8035059803426,4.2440193095452476e-05,7.255588268617708e-05,1.2561804377742675e-08,4.481916439205451e-08,0.0016019581482010076,1.30547917207589e-06,1.4224830339795198e-06,2.4192587888460607e-09,0.0035453370789615816,-0.006454662921038419,1
1094.0,266.20399625019496,368.44483650386076,0.01330293936612195,0.0849277324338392,5003000.0,892.1666026922911,4.2452743890990744e-05,7.260069134431898e-05,1.2550795538267629e-08,4.480865814190302e-08,0.0016033798049500008,1.3113728130498665e-06,1.4220771326669543e-06,2.4281114265643378e-09,0.003544352337761462,-0.0064556476622385384,1
1095.0,266.19754060253274,368.2609479318818,0.01330017614270334,0.08499378043762348,5003000.0,894.5349709941248,4.2465283694790276e-05,7.264548949982704e-05,1.253980379953271e-08,4.479815550806854e-08,0.0016048010563859652,1.3172895056068985e-06,1.421671207638606e-06,2.4369912238583674e-09,0.003543367614154159,-0.006456632385845842,1
1096.0,266.1910839701469,368.07711526012736,0.013297418372219202,0.0850598491144501,5003000.0,896.9086160767712,4.247781252390466e-05,7.269027715628956e-05,1.252882911438559e-08,4.4787656462514526e-08,0.0016062219024838,1.3232293197300556e-06,1.4212652587520528e-06,2.445898234743571e-09,0.003542382907937707,-0.006457617092062293,1
1097.0,266.18462635305485,367.89333848661147,0.013294666040763594,0.08512593845241445,5003000.0,899.2875430951223,4.249033039534051e-05,7.273505431726691e-05,1.251787143584974e-08,4.47771609773485e-08,0.0016076423432182661,1.3291923254884783e-06,1.420859285865283e-06,2.4548325131637947e-09,0.0035413982189109587,-0.006458601781089042,1
1098.0,266.17816775127375,367.70961760935745,0.0132919191344801,0.08519204843965612,5003000.0,901.6717571677889,4.250283732605764e-05,7.277982098629173e-05,1.2506930717127916e-08,4.47666690248125e-08,0.0016090623785639867,1.3351785930366281e-06,1.4204532888371866e-06,2.46379411298952e-09,0.0035404135468748046,-0.006459586453125195,1
1099.0,266.17170816482064,367.525952626398,0.013289177639552292,0.08525817906435929,5003000.0,904.0612633767879,4.2515333332969234e-05,7.2824577166869e-05,1.2496006911592639e-08,4.475618057728266e-08,0.0016104820084954477,1.3411881926134246e-06,1.4200472675265671e-06,2.4727830880163776e-09,0.003539428891629708,-0.006460571108370292,1
1100.0,266.16524759371225,367.342343535775,0.013286441542221947,0.08532433031477049,5003000.0,906.456066767357,4.252781843294204e-05,7.286932286247628e-05,1.2485099972802488e-08,4.474569560727751e-08,0.001611901232986999,1.347221194541573e-06,1.419641221794085e-06,2.4817994919644905e-09,0.003538444252980537,-0.006461555747019463,1
1101.0,266.1587860379652,367.15879033553955,0.013283710828765869,0.08539050217916852,5003000.0,908.8561723475796,4.254029264279652e-05,7.291405807656373e-05,1.2474209854479922e-08,4.473521408744234e-08,0.0016133200520128553,1.3532776692265998e-06,1.419235151499831e-06,2.490843378475966e-09,0.0035374596307305257,-0.0064625403692694745,1
1102.0,266.15232349759594,366.9752930237518,0.013280985485514422,0.08545669464589517,5003000.0,911.2615850881976,4.255275597930705e-05,7.29587828125543e-05,1.2463336510527864e-08,4.472473599056385e-08,0.0016147384655470958,1.3593576871561613e-06,1.4188290565053024e-06,2.499914801114578e-09,0.003536475024686184,-0.006463524975313816,1
1103.0,266.14585997262066,366.79185159848106,0.013278265498838333,0.08552290770332813,5003000.0,913.6723099222779,4.2565208459202065e-05,7.300349707384386e-05,1.2452479895016811e-08,4.4714261289556194e-08,0.001616156473563665,1.3654613188991271e-06,1.4184229366720275e-06,2.509013813363455e-09,0.0035354904346538716,-0.006464509565346129,1
1104.0,266.13939546305534,366.60846605780546,0.013275550855160904,0.08558914133990408,5003000.0,916.0883517450033,4.257765009916426e-05,7.304820086380132e-05,1.2441639962195552e-08,4.4703789957471714e-08,0.0016175740760363743,1.3715886351048488e-06,1.4180167918628793e-06,2.5181404686244755e-09,0.0035345058604430647,-0.006465494139556936,1
1105.0,266.1329299689158,366.42513639981206,0.01327284154094973,0.08565539554410277,5003000.0,918.5097154133578,4.259008091583074e-05,7.309289418576882e-05,1.2430816666482845e-08,4.469332196749255e-08,0.0016189912729389017,1.3777397065022592e-06,1.4176106219412163e-06,2.5272948202163113e-09,0.003533521301864213,-0.006466478698135787,1
1106.0,266.12646349021765,366.2418626225968,0.013270137542715868,0.08572167030444953,5003000.0,920.9364057458542,4.2602500925793206e-05,7.313757704306175e-05,1.2420009962466014e-08,4.468285729293118e-08,0.001620408064244794,1.383914603899027e-06,1.417204426770814e-06,2.5364769213730675e-09,0.0035325367587285637,-0.0064674632412714365,1
1107.0,266.11999602697637,366.0586447242643,0.013267438847015242,0.08578796560952823,5003000.0,923.3684275222614,4.2614910145598104e-05,7.318224943896898e-05,1.2409219804901672e-08,4.467239590723641e-08,0.001621824449927464,1.390113398180712e-06,1.4167982062160357e-06,2.5456868252432374e-09,0.0035315522308485858,-0.006468447769151415,1
1108.0,266.11352757920724,365.875482702928,0.013264745440447184,0.08585428144795611,5003000.0,925.805785483329,4.262730859174682e-05,7.322691137675296e-05,1.2398446148713726e-08,4.4661937783980195e-08,0.001623240429960195,1.3963361603099022e-06,1.4163919601416948e-06,2.5549245848875503e-09,0.0035305677180376203,-0.0064694322819623794,1
1109.0,266.1070581469253,365.69237655671,0.013262057309663008,0.08592061780839982,5003000.0,928.2484843305574,4.2639696280695816e-05,7.327156285964982e-05,1.238768894900072e-08,4.465148289686506e-08,0.001624656004316138,1.4025829613254174e-06,1.4159856884139798e-06,2.564190253278113e-09,0.0035295832201121782,-0.006470416779887822,1
1110.0,266.1005877301454,365.50932628374073,0.013259374441354362,0.08598697467958562,5003000.0,930.6965287258587,4.265207322885684e-05,7.331620389086955e-05,1.2376948161024445e-08,4.4641031219728555e-08,0.001626071172968316,1.4088538723413415e-06,1.4155793908992456e-06,2.5734838832970857e-09,0.0035285987368889335,-0.006471401263111067,1
1111.0,266.09411632888225,365.32633188215937,0.013256696822256216,0.08605335205026865,5003000.0,933.1499232913021,4.266443945259705e-05,7.336083447359607e-05,1.2366223740212078e-08,4.463058272652745e-08,0.0016274859358896214,1.4151489645461746e-06,1.4151730674643435e-06,2.582805527734412e-09,0.0035276142681855303,-0.00647238573181447,1
1112.0,266.08764394315045,365.14339335011346,0.013254024439145872,0.08611974990926093,5003000.0,935.6086726088395,4.26767949682392e-05,7.340545461098742e-05,1.2355515642154722e-08,4.462013739135115e-08,0.001628900293052817,1.4214683092019487e-06,1.4147667179765395e-06,2.592155239287172e-09,0.0035266298138203864,-0.006473370186179614,1
1113.0,266.08117057296425,364.96051068575895,0.013251357278854275,0.08618616824542136,5003000.0,938.0727812200718,4.268913979206182e-05,7.345006430617585e-05,1.234482382261719e-08,4.4609695188415934e-08,0.0016303142444305395,1.427811977643401e-06,1.4143603423047249e-06,2.601533070557948e-09,0.003525645373615695,-0.006474354626384305,1
1114.0,266.07469621833786,364.77768388726,0.01324869532824666,0.08625260704765746,5003000.0,940.5422536258867,4.270147394029934e-05,7.349466356226792e-05,1.2334148237519595e-08,4.45992560920655e-08,0.0016317277899952967,1.4341800412769413e-06,1.4139539403173923e-06,2.6109390740531845e-09,0.0035246609473923852,-0.0064753390526076145,1
1115.0,266.06822087928526,364.5949129527892,0.013246038574235145,0.08631906630490715,5003000.0,943.0170942862466,4.271379742914229e-05,7.353925238234468e-05,1.2323488842948366e-08,4.4588820076761314e-08,0.0016331409297194695,1.440572571579846e-06,1.4135475118839845e-06,2.6203733021813654e-09,0.0035236765349734764,-0.006476323465026523,1
1116.0,266.0617445558202,364.412197880527,0.013243387003779816,0.08638554600617501,5003000.0,945.4973076199109,4.272611027473745e-05,7.358383076946179e-05,1.2312845595156642e-08,4.4578387117099855e-08,0.0016345536635753123,1.4469896400993436e-06,1.4131410568750243e-06,2.629835807252578e-09,0.003522692136184393,-0.0064773078638156074,1
1117.0,266.0552672479564,364.2295386686624,0.013240740603874777,0.08645204614049673,5003000.0,947.9828980040942,4.2738412493188e-05,7.362839872664958e-05,1.2302218450550854e-08,4.456795718779471e-08,0.0016359659915349538,1.4534313184515935e-06,1.4127345751606622e-06,2.639326641475839e-09,0.0035217077508493512,-0.006478292249150649,1
1118.0,266.04878895570727,364.0469353153922,0.013238099361566521,0.08651856669695215,5003000.0,950.4738697742739,4.275070410055371e-05,7.367295625691326e-05,1.2291607365707071e-08,4.455753026368237e-08,0.0016373779135703988,1.4598976783208906e-06,1.4123280666126375e-06,2.64884585695821e-09,0.003520723378796232,-0.006479276621203768,1
1119.0,266.0423096790861,363.8643878189213,0.013235463263939177,0.08658510766467846,5003000.0,952.9702272238478,4.276298511285106e-05,7.371750336323298e-05,1.2281012297356815e-08,4.45471063197281e-08,0.0016387894296535253,1.466388791458631e-06,1.4119215311027301e-06,2.6583935057035164e-09,0.003519739019852725,-0.006480260980147276,1
1120.0,266.03582941810595,363.68189617746236,0.013232832298125037,0.08665166903285351,5003000.0,955.4719746038979,4.277525554605346e-05,7.3762040048564e-05,1.22704332023962e-08,4.4536685331017285e-08,0.0016402005397560897,1.4729047296824358e-06,1.411514968503899e-06,2.6679696396104814e-09,0.003518754673849158,-0.0064812453261508425,1
1121.0,266.0293481727798,363.49946038923616,0.0132302064512938,0.08671825079069181,5003000.0,957.9791161228687,4.278751541609133e-05,7.380656631583675e-05,1.2259870037875437e-08,4.452626727275297e-08,0.0016416112438497241,1.4794455648751346e-06,1.411108378689158e-06,2.6775743104709866e-09,0.003517770340615691,-0.006482229659384309,1
1122.0,266.0228659431204,363.3170804524711,0.013227585710662303,0.08678485292746448,5003000.0,960.4916559463297,4.279976473885234e-05,7.385108216795702e-05,1.224932276100725e-08,4.45158521202649e-08,0.0016430215419059385,1.486011368983875e-06,1.4107017615326247e-06,2.687207569969257e-09,0.00351678601998493,-0.006483213980015071,1
1123.0,266.0163827291404,363.13475636540346,0.013224970063481499,0.08685147543247312,5003000.0,963.0095981966315,4.28120035301815e-05,7.389558760780601e-05,1.2238791329154317e-08,4.45054398489965e-08,0.001644431433896119,1.4926022140190552e-06,1.4102951169081599e-06,2.6968694696794095e-09,0.0035158017117885285,-0.006484198288211472,1
1124.0,266.0098985308522,362.95248812627716,0.01322235949705326,0.08691811829507465,5003000.0,965.5329469527118,4.282423180588134e-05,7.394008263824053e-05,1.222827569984417e-08,4.4495030434516254e-08,0.0016458409197915311,1.4992181720534917e-06,1.4098884446911628e-06,2.706560061064897e-09,0.0035148174158616567,-0.0064851825841383435,1
1125.0,266.00341334826805,362.77027573334374,0.013219753998717677,0.08698478150466817,5003000.0,968.0617062497503,4.28364495817121e-05,7.398456726209304e-05,1.221777583075695e-08,4.4484623852510815e-08,0.0016472499995633203,1.505859315221336e-06,1.4094817447572467e-06,2.716279395476411e-09,0.0035138331320396987,-0.0064861668679603015,1
1126.0,265.9969271814001,362.58811918486236,0.013217153555857026,0.08705146505069492,5003000.0,970.5958800789091,4.284865687339183e-05,7.402904148217183e-05,1.2207291679728502e-08,4.4474220078784535e-08,0.0016486586731825116,1.5125257157171253e-06,1.4090750169826732e-06,2.7260275241504197e-09,0.0035128488601593286,-0.006487151139840672,1
1127.0,265.9904400302603,362.40601847909966,0.013214558155895895,0.08711816892262998,5003000.0,973.1354723870515,4.2860853696596575e-05,7.407350530126109e-05,1.2196823204749942e-08,4.446381908925481e-08,0.0016500669406200083,1.5192174457947853e-06,1.408668261244383e-06,2.7358044982073675e-09,0.0035118646000585844,-0.006488135399941416,1
1128.0,265.98395189486035,362.22397361432974,0.013211967786300504,0.08718489311001544,5003000.0,975.6804870764608,4.287304006696054e-05,7.411795872212106e-05,1.2186370363966479e-08,4.445342085996776e-08,0.0016514748018465971,1.525934577766633e-06,1.4082614774199452e-06,2.74561036865113e-09,0.0035108803515767366,-0.006489119648423264,1
1129.0,265.9774627752119,362.0419845888341,0.013209382434579796,0.0872516376024142,5003000.0,978.230928004558,4.288521600007622e-05,7.416240174748813e-05,1.2175933115677863e-08,4.444302536707523e-08,0.0016528822568329456,1.5326771840023674e-06,1.4078546653876843e-06,2.7554451863660855e-09,0.0035098961145545995,-0.006490103885445401,1
1130.0,265.9709726713265,361.8600514009016,0.013206802088275406,0.08731840238944463,5003000.0,980.7867989835757,4.289738151149455e-05,7.420683438007497e-05,1.2165511418328699e-08,4.443263258685116e-08,0.0016542893055496019,1.5394453369279864e-06,1.4074478250256429e-06,2.7653090021164735e-09,0.0035089118888319455,-0.006491088111168055,1
1131.0,265.96448158321533,361.67817404882834,0.013204226734980146,0.08738518746075875,5003000.0,983.3481037803645,4.290953661672507e-05,7.425125662257065e-05,1.2155105230524759e-08,4.4422242495680435e-08,0.0016556959479669985,1.546239109024901e-06,1.4070409562135446e-06,2.775201866544423e-09,0.0035079276742523862,-0.006492072325747614,1
1132.0,265.9579895108896,361.49635253091765,0.013201656362323315,0.08745199280605984,5003000.0,985.9148461160435,4.292168133123609e-05,7.429566847764072e-05,1.214471451101905e-08,4.4411855070066894e-08,0.0016571021840554492,1.553058572828804e-06,1.4066340588312643e-06,2.785123830168736e-09,0.003506943470659561,-0.006493056529340439,1
1133.0,265.95149645436027,361.31458684548005,0.01319909095797709,0.08751881841509598,5003000.0,988.48702966574,4.293381567045481e-05,7.434006994792736e-05,1.2134339218717119e-08,4.440147028662977e-08,0.0016585080137851542,1.559903800928667e-06,1.4062271327595219e-06,2.795074943383186e-09,0.0035059592778988588,-0.0064940407221011414,1
1134.0,265.9450024136382,361.13287699083315,0.013196530509650048,0.08758566427764428,5003000.0,991.0646580582835,4.2945939649767476e-05,7.438446103604945e-05,1.2123979312670589e-08,4.439108812209556e-08,0.0016599134371261964,1.5667748659656578e-06,1.4058201778792073e-06,2.8050552564543993e-09,0.0035049750958157317,-0.0064950249041842685,1
1135.0,265.93850738873397,360.95122296530155,0.013193975005097282,0.08765253038353336,5003000.0,993.6477348759681,4.295805328451956e-05,7.442884174460276e-05,1.2113634752085869e-08,4.438070855330833e-08,0.0016613184540485442,1.5736718406321663e-06,1.4054131940724712e-06,2.8150648195210822e-09,0.0035039909242584088,-0.0064960090757415915,1
1136.0,265.9320113796582,360.7696247672169,0.013191424432105511,0.08771941672263756,5003000.0,996.2362636541998,4.2970156590015874e-05,7.447321207615998e-05,1.2103305496310059e-08,4.4370331557226444e-08,0.0016627230645220514,1.5805947976706326e-06,1.4050061812211668e-06,2.825103682592068e-09,0.0035030067630740127,-0.006496993236925987,1
1137.0,265.9255143864213,360.5880823949178,0.013188878778504649,0.08778632328485143,5003000.0,998.8302478812593,4.2982249581520716e-05,7.45175720332709e-05,1.209299150484098e-08,4.435995711090992e-08,0.0016641272685164583,1.5875438098725556e-06,1.4045991392080898e-06,2.835171895544082e-09,0.0035020226121116383,-0.006497977387888362,1
1138.0,265.9190164090334,360.40659584674984,0.013186338032168591,0.0878532500601489,5003000.0,1001.4296909980394,4.2994332274258044e-05,7.456192161846245e-05,1.2082692737327345e-08,4.4349585191548143e-08,0.0016655310660013908,1.594518950077453e-06,1.404192067917075e-06,2.8452695081219995e-09,0.003501038471222592,-0.006498961528777408,1
1139.0,265.9125174475046,360.2251651210652,0.013183802181009343,0.0879201970385079,5003000.0,1004.0345963977167,4.3006404683411606e-05,7.460626083423888e-05,1.2072409153562895e-08,4.4339215776423364e-08,0.001666934456946364,1.6015202911717114e-06,1.403784967232394e-06,2.855396569934827e-09,0.003500054340258886,-0.006499945659741114,1
1140.0,265.9060175018449,360.0437902162229,0.013181271212975363,0.08798716420997532,5003000.0,1006.6449674254657,4.301846682412509e-05,7.465058968308182e-05,1.2062140713484403e-08,4.432884884294139e-08,0.0016683374413207796,1.6085479060874962e-06,1.4033778370385971e-06,2.8655531304560817e-09,0.003499070219072841,-0.006500929780927159,1
1141.0,265.89951657206393,359.8624711305887,0.013178745116055875,0.08805415156461617,5003000.0,1009.2608073781984,4.3030518711502265e-05,7.469490816745044e-05,1.2051887377175068e-08,4.4318484368606606e-08,0.001669740019093928,1.6156018678016933e-06,1.4029706772209828e-06,2.8757392390206733e-09,0.00349808610751825,-0.00650191389248175,1
1142.0,265.89301465817147,359.68120786253513,0.013176223878276787,0.08812115909254924,5003000.0,1011.8821195042551,4.3042560360607124e-05,7.473921628978147e-05,1.2041649104860313e-08,4.430812233103876e-08,0.0016711421902349888,1.6226822493347663e-06,1.4025634876651853e-06,2.8859549448243287e-09,0.0034971020054493486,-0.006502897994550652,1
1143.0,265.8865117601769,359.5000004104412,0.013173707487710027,0.08818818678394597,5003000.0,1014.5089070031671,4.305459178646404e-05,7.478351405248944e-05,1.2031425856915723e-08,4.4297762707971724e-08,0.0016725439547130327,1.6297891237497257e-06,1.4021562682581725e-06,2.896200296922068e-09,0.003496117912723292,-0.006503882087276708,1
1144.0,265.88000787808966,359.31884877269255,0.013171195932458768,0.08825523462898952,5003000.0,1017.1411730253009,4.306661300405789e-05,7.482780145796668e-05,1.202121759385317e-08,4.428740547723365e-08,0.0016739453124970168,1.6369225641508981e-06,1.4017490188867048e-06,2.906475344225104e-09,0.0034951338291963146,-0.006504866170803685,1
1145.0,265.87350301191884,359.1377529476811,0.013168689200672283,0.08832230261792295,5003000.0,1019.7789206716432,4.3078624028334225e-05,7.487207850858345e-05,1.2011024276333754e-08,4.427705061676939e-08,0.0016753462635557938,1.6440826436829086e-06,1.4013417394389184e-06,2.916780135500907e-09,0.0034941497547276673,-0.0065058502452723325,1
1146.0,265.86699716167357,358.95671293380553,0.013166187280531153,0.08838939074103155,5003000.0,1022.4221529934464,4.309062487419938e-05,7.491634520668808e-05,1.2000845865153926e-08,4.4266698104631715e-08,0.0016767468078581046,1.6512694355294438e-06,1.4009344298027791e-06,2.927114719370824e-09,0.003493165689175766,-0.006506834310824234,1
1147.0,265.86049032736275,358.7757287294707,0.013163690160256442,0.08845649898862656,5003000.0,1025.0708729919886,4.3102615556520634e-05,7.496060155460704e-05,1.19906823212533e-08,4.425634791897303e-08,0.0016781469453725844,1.658483012912182e-06,1.4005270898670673e-06,2.937479144308059e-09,0.003492181632400634,-0.006507818367599366,1
1148.0,265.85398250899516,358.59480033308785,0.013161197828110805,0.08852362735106883,5003000.0,1027.7250836182886,4.311459609012635e-05,7.50048475546451e-05,1.1980533605715133e-08,4.424600003805611e-08,0.0016795466760677578,1.665723449089648e-06,1.4001197195215072e-06,2.947873458636759e-09,0.0034911975842642235,-0.006508802415735777,1
1149.0,265.8474737065794,358.41392774307445,0.013158710272392436,0.08859077581876659,5003000.0,1030.3847877727967,4.312656648980611e-05,7.504908320908535e-05,1.1970399679760385e-08,4.423565444025269e-08,0.0016809459999120452,1.6729908173560212e-06,1.399712318656146e-06,2.9582977105302384e-09,0.003490213544628863,-0.006509786455371137,1
1150.0,265.84096392012407,358.2331109578543,0.013156227481434994,0.08865794438214686,5003000.0,1033.0499883051093,4.3138526770310856e-05,7.509330852018938e-05,1.1960280504747186e-08,4.42253111040294e-08,0.0016823449168737604,1.680285191039974e-06,1.3993048871613635e-06,2.968751948008413e-09,0.003489229513357278,-0.006510770486642722,1
1151.0,265.8344531496374,358.05234997585734,0.01315374944361815,0.08872513303169544,5003000.0,1035.7206880137294,4.3150476946353036e-05,7.513752349019735e-05,1.1950176042179813e-08,4.421497000796627e-08,0.0016837434269211108,1.6876066435035774e-06,1.398897424928994e-06,2.9792362189375364e-09,0.0034882454903153773,-0.0065117545096846224,1
1152.0,265.8279413951277,357.8716447955196,0.013151276147348156,0.08879234175792358,5003000.0,1038.3968896456877,4.316241703260673e-05,7.51817281213281e-05,1.1940086253690742e-08,4.42046311307405e-08,0.0016851415300221991,1.6949552481409744e-06,1.3984899318502985e-06,2.9897505710272154e-09,0.0034872614753672015,-0.006512738524632799,1
1153.0,265.8214286566031,357.6909954152832,0.013148807581075377,0.08885957055139532,5003000.0,1041.0785958963497,4.317434704370779e-05,7.522592241577923e-05,1.1930011101055943e-08,4.419429445113896e-08,0.0016865392261450236,1.7023310783773492e-06,1.3980824078178233e-06,3.0002950518298734e-09,0.0034862774683795464,-0.006513722531620454,1
1154.0,265.81491493407145,357.51040183359635,0.013146343733286922,0.08892681940269806,5003000.0,1043.7658094090834,4.318626699425397e-05,7.527010637572727e-05,1.1919950546187766e-08,4.418395994804381e-08,0.0016879365152574774,1.7097342076676557e-06,1.3976748527246407e-06,3.010869708738002e-09,0.003485293469220065,-0.006514706530779935,1
1155.0,265.8084002275407,357.3298640489131,0.013143884592505274,0.08899408830247904,5003000.0,1046.4585327749735,4.319817689880511e-05,7.531428000332771e-05,1.1909904551133233e-08,4.417362760044929e-08,0.0016893333973273523,1.717164709495427e-06,1.3972672664642196e-06,3.021474588983649e-09,0.0034843094777569444,-0.006515690522243055,1
1156.0,265.80188453701845,357.14938205969355,0.013141430147292653,0.08906137724139712,5003000.0,1049.1567685325572,4.3210076771883184e-05,7.535844330071515e-05,1.1899873078077494e-08,4.4163297387438536e-08,0.0016907298723223352,1.724622657371599e-06,1.3968596489308973e-06,3.0321097396352517e-09,0.0034833254938600694,-0.00651667450613993,1
1157.0,265.7953678625123,356.96895586440354,0.0131389803862477,0.08912868621017157,5003000.0,1051.8605191675179,4.322196662797252e-05,7.540259627000336e-05,1.1889856089340363e-08,4.415296928820618e-08,0.0016921259402100123,1.7321081248332652e-06,1.3964520000195487e-06,3.0427752075974573e-09,0.0034823415174002016,-0.006517658482599799,1
1158.0,265.7888502040297,356.78858546151486,0.013136535298003457,0.08919601519954772,5003000.0,1054.569787112396,4.323384648151989e-05,7.544673891328541e-05,1.1879853547374064e-08,4.414264328204169e-08,0.001693521600957868,1.7396211854424548e-06,1.3960443196253856e-06,3.053471039608309e-09,0.0034813575482484714,-0.006518642451751528,1
1159.0,265.78233156157796,356.60827084950495,0.013134094871229438,0.08926336420031994,5003000.0,1057.2845747463045,4.3245716346934655e-05,7.549087123263375e-05,1.186986541476461e-08,4.4132319348339785e-08,0.0016949168545332847,1.7471619127849015e-06,1.39563660764419e-06,3.064197282238308e-09,0.003480373586276954,-0.006519626413723046,1
1160.0,265.77581193516426,356.428012026857,0.013131659094634191,0.08933073320331202,5003000.0,1060.004884394667,4.325757623858889e-05,7.553499323010034e-05,1.185989165423362e-08,4.4121997466590745e-08,0.0016963117009035455,1.7547303804688545e-06,1.3952288639725975e-06,3.0749539818881282e-09,0.003479389631359368,-0.006520610368640632,1
1161.0,265.76929132479563,356.2478089920599,0.01312922795696247,0.08939812219938992,5003000.0,1062.7307183289072,4.326942617081753e-05,7.557910490771673e-05,1.1849932228635358e-08,4.411167761638599e-08,0.0016977061400358325,1.7623266621237922e-06,1.3948210885078147e-06,3.0857411847872677e-09,0.003478405683370372,-0.006521594316629628,1
1162.0,265.762769730479,356.06766174360814,0.013126801446993536,0.08946553117945275,5003000.0,1065.4620787661636,4.328126615791849e-05,7.562320626749414e-05,1.1839987100954736e-08,4.410135977741342e-08,0.0016991001718972287,1.7699508313991722e-06,1.394413281147457e-06,3.0965589369920306e-09,0.003477421742185152,-0.006522578257814849,1
1163.0,265.7562471522212,355.8875702800018,0.013124379553546348,0.08953296013444267,5003000.0,1068.1989678690275,4.3293096214152795e-05,7.56672973114236e-05,1.1830056234311492e-08,4.409104392946168e-08,0.0017004937964547177,1.7776029619632175e-06,1.3940054417901018e-06,3.1074072843842206e-09,0.0034764378076807953,-0.006523562192319205,1
1164.0,265.74972359002885,355.70753459974634,0.01312196226547131,0.0896004090553355,5003000.0,1070.94138774521,4.330491635374475e-05,7.571137804147602e-05,1.1820139591952382e-08,4.408073005241528e-08,0.0017018870136751873,1.7852831275015695e-06,1.3935975703344452e-06,3.118286272668964e-09,0.003475453879734186,-0.006524546120265814,1
1165.0,265.7431990439086,355.52755470135287,0.013119549571652846,0.08966787793314593,5003000.0,1073.6893404472796,4.3316726590882e-05,7.575544845960228e-05,1.1810237137253014e-08,4.407041812625666e-08,0.0017032798235254252,1.7929914017160574e-06,1.3931896666795763e-06,3.12919594737323e-09,0.0034744699582226835,-0.006525530041777317,1
1166.0,265.73667351386683,355.3476305833379,0.013117141461015551,0.08973536675892672,5003000.0,1076.4428279724004,4.332852693971572e-05,7.579950856773335e-05,1.1800348833722911e-08,4.4060108131065385e-08,0.001704672225972122,1.8007278583234592e-06,1.3927817307256434e-06,3.1401363538441452e-09,0.003473486043025774,-0.006526513956974227,1
1167.0,265.73014699990983,355.1677622442232,0.01311473792252301,0.08980287552377081,5003000.0,1079.201852262049,4.334031741436073e-05,7.584355836778037e-05,1.179047464500399e-08,4.404980004701868e-08,0.0017060642209818745,1.8084925710542186e-06,1.3923737623737462e-06,3.151107537247339e-09,0.0034725021340248005,-0.0065274978659752,1
1168.0,265.72361950204385,354.98794968253594,0.013112338945165596,0.08987040421879433,5003000.0,1081.9664152016546,4.335209802889559e-05,7.588759786163475e-05,1.1780614534859232e-08,4.4039493854383204e-08,0.0017074558085211804,1.8162856136510264e-06,1.3919657615246592e-06,3.162109542564427e-09,0.0034715182310997767,-0.006528481768900224,1
1169.0,265.71709102027495,354.8081928968086,0.01310994451797205,0.0899379528351632,5003000.0,1084.736518620387,4.336386879736277e-05,7.593162705116827e-05,1.1770768467182599e-08,4.4029189533526917e-08,0.0017088469885564428,1.8241070598676418e-06,1.39155772808007e-06,3.1731424145923627e-09,0.0034705343341324673,-0.006529465665867533,1
1170.0,265.71056155460906,354.62849188557874,0.013107554630010917,0.090005521364076,5003000.0,1087.5121642908723,4.337562973376877e-05,7.597564593823319e-05,1.1760936405999834e-08,4.401888706491078e-08,0.0017102377610539714,1.8319569834675888e-06,1.3911496619427406e-06,3.184206197941134e-09,0.0034695504430067832,-0.006530449556993217,1
1171.0,265.7040311050521,354.4488466473893,0.013105169270375852,0.09007310979677552,5003000.0,1090.293353928835,4.338738085208423e-05,7.601965452466228e-05,1.1751118315454968e-08,4.4008586429093703e-08,0.001711628125979981,1.8398354582227136e-06,1.390741563014976e-06,3.195300937032188e-09,0.0034685665576049646,-0.006531433442395035,1
1172.0,265.6974996716097,354.26925718078826,0.013102788428204965,0.090140718124523,5003000.0,1093.0800891929111,4.3399122166244056e-05,7.606365281226901e-05,1.1741314159827087e-08,4.3998287606720135e-08,0.0017130180833005914,1.8477425579120305e-06,1.390333431200673e-06,3.2064266760960902e-09,0.0034675826778126756,-0.006532417322187324,1
1173.0,265.6909672542875,354.08972348432866,0.013100412092670403,0.09020834633863473,5003000.0,1095.8723716843142,4.341085369014758e-05,7.610764080284755e-05,1.173152390352063e-08,4.398799057853673e-08,0.0017144076329818313,1.8556783563203042e-06,1.3899252664042371e-06,3.2175834591718682e-09,0.0034665988035163047,-0.006533401196483695,1
1174.0,265.68443385309104,353.9102455565686,0.01309804025297022,0.09027599443044575,5003000.0,1098.6702029465037,4.3422575437658636e-05,7.615161849817292e-05,1.1721747511057752e-08,4.397769532537508e-08,0.0017157967749896353,1.8636429272366386e-06,1.389517068529743e-06,3.228771330103881e-09,0.0034656149346008677,-0.0065343850653991325,1
1175.0,265.67789946802566,353.73082339607123,0.013095672898345602,0.09034366239134319,5003000.0,1101.4735844649974,4.3434287422605726e-05,7.61955859000011e-05,1.171198494709318e-08,4.3967401828166736e-08,0.001717185509289847,1.8716363444532921e-06,1.3891088374827547e-06,3.2399903325414733e-09,0.0034646310709545362,-0.0065353689290454636,1
1176.0,265.6713640990966,353.5514570014046,0.01309331001807225,0.09041135021274757,5003000.0,1104.28251766704,4.344598965878213e-05,7.623954301006902e-05,1.170223617640614e-08,4.395711006793421e-08,0.001718573835848219,1.8796586817642443e-06,1.3887005731694398e-06,3.251240509936428e-09,0.003463647212466427,-0.0065363527875335736,1
1177.0,265.6648277463091,353.3721463711416,0.01309095160145174,0.09047905788609767,5003000.0,1107.0970039212702,4.3457682159946024e-05,7.628348983009481e-05,1.1692501163892277e-08,4.39468200257836e-08,0.001719961754630412,1.887710012963759e-06,1.3882922754956665e-06,3.262521905540546e-09,0.003462663359024346,-0.006537336640975654,1
1178.0,265.6582904096681,353.1928915038601,0.013088597637828117,0.09054678540289723,5003000.0,1109.9170445375357,4.3469364939820605e-05,7.632742636177773e-05,1.1682779874577936e-08,4.3936531682925665e-08,0.0017213492656019981,1.895790411845178e-06,1.3878839443687669e-06,3.2738345624057424e-09,0.003461679510519179,-0.006538320489480821,1
1179.0,265.6517520891786,353.0136923981427,0.013086248116575619,0.09061453275465157,5003000.0,1112.7426407665364,4.348103801209421e-05,7.637135260679838e-05,1.1673072273608878e-08,4.39262450206464e-08,0.0017227363687284565,1.903899952199432e-06,1.387475579696256e-06,3.285178523379901e-09,0.0034606956668416906,-0.006539304333158309,1
1180.0,265.64521278484546,352.8345490525768,0.013083903027102753,0.09068229993292136,5003000.0,1115.5737937995673,4.3492701390420464e-05,7.64152685668187e-05,1.166337832625347e-08,4.3915960020331254e-08,0.0017241230639751816,1.9120387078136933e-06,1.3870671813862782e-06,3.296553831106993e-09,0.0034597118278836348,-0.0065402881721163654,1
1181.0,265.63867249667334,352.65546146575446,0.013081562358851892,0.09075008692931023,5003000.0,1118.4105047682344,4.350435508841837e-05,7.645917424348216e-05,1.1653697997901897e-08,4.3905676663459075e-08,0.0017255093513074762,1.9202067524699955e-06,1.3866587493475702e-06,3.307960528024877e-09,0.0034587279935376597,-0.00654127200646234,1
1182.0,265.63213122466686,352.47642963627254,0.013079226101300042,0.0908178937354348,5003000.0,1121.2527747441757,4.351599911967243e-05,7.650306963841375e-05,1.1644031254066452e-08,4.389539493158806e-08,0.0017268952306905556,1.9284041599438403e-06,1.3862502834895606e-06,3.319398656362489e-09,0.003457744163697545,-0.006542255836302455,1
1183.0,265.6255889688306,352.2974535627324,0.013076894243952983,0.09088572034296107,5003000.0,1124.1006047387511,4.3527633497732806e-05,7.654695475322012e-05,1.1634378060375934e-08,4.3885114806371986e-08,0.0017282807020895486,1.9366310040027444e-06,1.3858417837217652e-06,3.3308682581392165e-09,0.0034567603382566962,-0.0065432396617433036,1
1184.0,265.6190457291688,352.1185332437401,0.013074566776360432,0.09095356674358923,5003000.0,1126.953995702839,4.35392582361154e-05,7.659082958948967e-05,1.162473838258863e-08,4.387483626955288e-08,0.0017296657654694975,1.944887358404972e-06,1.3854332499553925e-06,3.3423693751628124e-09,0.003455776517112132,-0.006544223482887869,1
1185.0,265.61250150568594,351.9396686779061,0.013072243688091319,0.09102143292904946,5003000.0,1129.8129485264292,4.355087334830197e-05,7.663469414879263e-05,1.1615112186570097e-08,4.3864559302958755e-08,0.001731050420795357,1.9531732968978984e-06,1.385024682100759e-06,3.3539020490270913e-09,0.0034547927001580504,-0.00654520729984195,1
1186.0,265.6059562983861,351.76085986384555,0.013069924968758717,0.09108931889110672,5003000.0,1132.6774640384665,4.356247884774028e-05,7.667854843268113e-05,1.1605499438314735e-08,4.385428388850543e-08,0.0017324346680319962,1.9614888932168007e-06,1.3846160800699193e-06,3.3654663211106435e-09,0.003453808887292364,-0.0065461911127076364,1
1187.0,265.5994101072734,351.5821068001779,0.013067610608004208,0.09115722462156395,5003000.0,1135.5475430064978,4.357407474784421e-05,7.672239244268934e-05,1.1595900103931617e-08,4.384401000819759e-08,0.0017338185071442,1.9698342210833062e-06,1.3842074437750407e-06,3.3770622325749476e-09,0.003452825078412656,-0.006547174921587344,1
1188.0,265.5928629323518,351.403409485527,0.013065300595503291,0.09122515011225496,5003000.0,1138.4231861364149,4.358566106199386e-05,7.676622618033346e-05,1.1586314149648837e-08,4.383373764412524e-08,0.0017352019380966687,1.978209354203991e-06,1.383798773128978e-06,3.388689824362374e-09,0.0034518412734176,-0.0065481587265824,1
1189.0,265.58631477362525,351.2247679185212,0.013062994920960826,0.09129309535504126,5003000.0,1141.3043940721527,4.359723780353567e-05,7.681004964711192e-05,1.1576741541809123e-08,4.382346677846184e-08,0.0017365849608540185,1.9866143662689016e-06,1.3833900680448122e-06,3.400349137194201e-09,0.00345085747220581,-0.00654914252779419,1
1190.0,265.5797656310975,351.04618209779306,0.013060693574119936,0.09136106034183672,5003000.0,1144.1911673954573,4.360880498578255e-05,7.685386284450539e-05,1.1567182246877247e-08,4.38131973934752e-08,0.0017379675753807818,1.9950493309501846e-06,1.3829813284367939e-06,3.4120402115698077e-09,0.0034498736746781822,-0.006550126325321818,1
1191.0,265.5732155047722,350.86765202197955,0.013058396544752644,0.09142904506457733,5003000.0,1147.08350662556,4.362036262201398e-05,7.68976657739769e-05,1.1557636231431424e-08,4.380292947151332e-08,0.001739349781641408,2.0035143219005457e-06,1.382572554219375e-06,3.4237630877636623e-09,0.0034488898807354825,-0.006551110119264517,1
1192.0,265.5666643946529,350.68917768972165,0.013056103822669269,0.09149704951523162,5003000.0,1149.9814122189484,4.363191072547615e-05,7.694145843697192e-05,1.1548103462171143e-08,4.3792662995008834e-08,0.0017407315796002655,2.012009412751874e-06,1.3821637453082065e-06,3.4355178058240144e-09,0.0034479060902808177,-0.006552093909719182,1
1193.0,265.5601123007432,350.51075909966477,0.013053815397699588,0.09156507368580247,5003000.0,1152.8848845689893,4.364344930938205e-05,7.69852408349184e-05,1.153858390590027e-08,4.378239794647942e-08,0.0017421129692216394,2.020534677113593e-06,1.3817549016181712e-06,3.447304405570834e-09,0.0034469223032147418,-0.006553077696785259,1
1194.0,265.5535592230464,350.3323962504584,0.013051531259716519,0.09163311756832664,5003000.0,1155.7939240057754,4.3654978386911594e-05,7.702901296922693e-05,1.1529077529547438e-08,4.377213430852731e-08,0.0017434939504697353,2.029090188571402e-06,1.3813460230658869e-06,3.459122926594361e-09,0.0034459385194414785,-0.006554061480558522,1
1195.0,265.54700516156583,350.154089140756,0.013049251398626265,0.09170118115488082,5003000.0,1158.708530795801,4.366649797121175e-05,7.707277484129076e-05,1.1519584300156985e-08,4.376187206384157e-08,0.0017448745233086772,2.037676020685707e-06,1.3809371095686766e-06,3.470973408253337e-09,0.0034449547388663497,-0.00655504526113365,1
1196.0,265.5404501163047,349.97583776921533,0.013046975804354587,0.09176926443755523,5003000.0,1161.6287051416084,4.3678008075396625e-05,7.711652645248595e-05,1.1510104184876583e-08,4.375161119518591e-08,0.0017462546877025093,2.046292246989991e-06,1.380528161043147e-06,3.4828558896720136e-09,0.0034439709613922364,-0.006556029038607764,1
1197.0,265.5338940872661,349.79764213449806,0.013044704466874037,0.09183736740850675,5003000.0,1164.5544471816643,4.3689508712547606e-05,7.716026780417136e-05,1.150063715098067e-08,4.374135168542228e-08,0.001747634443615197,2.0549389409895863e-06,1.3801191774080517e-06,3.4947704097406755e-09,0.003442987186926701,-0.006557012813073299,1
1198.0,265.52733707445304,349.6195022352698,0.0130424373761779,0.09190549005989328,5003000.0,1167.4857569899348,4.370099989571345e-05,7.720399889768885e-05,1.1491183165847303e-08,4.373109351748092e-08,0.0017490137910106257,2.0636161761599014e-06,1.3797101585815757e-06,3.5067170071110094e-09,0.0034420034153752155,-0.006557996584624784,1
1199.0,265.52077907786844,349.44141807020026,0.013040174522295469,0.09197363238391536,5003000.0,1170.4226345757093,4.3712481637910426e-05,7.724771973436323e-05,1.1481742196971083e-08,4.3720836674378746e-08,0.0017503927298526038,2.0723240259450824e-06,1.3793011044829414e-06,3.5186957201960503e-09,0.0034410196466451632,-0.006558980353354837,1
1200.0,265.5142200975151,349.26338963796286,0.01303791589529096,0.09204179437282511,5003000.0,1173.3650798833041,4.372395395212239e-05,7.729143031550244e-05,1.1472314211961896e-08,4.371058113922312e-08,0.001751771260104861,2.0810625637564543e-06,1.3788920150323151e-06,3.5307065871686166e-09,0.003440035880645596,-0.0065599641193544046,1
