t_s,T_K,e_Pa,Sw,Si,Ncloud,Nice,r_cloud_m,r_ice_m,drcloud_dt,drice_dt,qcloud,qice,cond_rate_kgm3s,dep_rate_kgm3s,latent_heating_Ks,dT_dt_Ks,ice_active
0.0,273.15,580.5337140765147,-0.05000000000000009,-0.049927860781880086,0.0,0.0,1e-06,1e-06,0.0,0.0,0.0,0.0,0.0,0.0,0.0,-0.05,0
1.0,273.09999999999997,580.4274281530294,-0.0467206380733559,-0.04618174658604934,0.0,0.0,1e-06,1e-06,0.0,0.0,0.0,0.0,0.0,0.0,0.0,-0.05,0
2.0,273.04999999999995,580.3211422295441,-0.04342856174223579,-0.04241943499885785,0.0,0.0,1e-06,1e-06,0.0,0.0,0.0,0.0,0.0,0.0,0.0,-0.05,0
3.0,272.99999999999994,580.2148563060588,-0.04012371661522748,-0.03864085012631594,0.0,0.0,1e-06,1e-06,0.0,0.0,0.0,0.0,0.0,0.0,0.0,-0.05,0
4.0,272.94999999999993,580.1085703825735,-0.036806048047371046,-0.034845915692427176,0.0,0.0,1e-06,1e-06,0.0,0.0,0.0,0.0,0.0,0.0,0.0,-0.05,0
5.0,272.8999999999999,580.0022844590882,-0.03347550113888287,-0.031034555037170026,0.0,0.0,1e-06,1e-06,0.0,0.0,0.0,0.0,0.0,0.0,0.0,-0.05,0
6.0,272.8499999999999,579.8959985356029,-0.03013202073387319,-0.02720669111439202,0.0,0.0,1e-06,1e-06,0.0,0.0,0.0,0.0,0.0,0.0,0.0,-0.05,0
7.0,272.7999999999999,579.7897126121176,-0.02677555141905616,-0.02336224648976701,0.0,0.0,1e-06,1e-06,0.0,0.0,0.0,0.0,0.0,0.0,0.0,-0.05,0
8.0,272.7499999999999,579.6834266886323,-0.023406037522453252,-0.019501143338711144,0.0,0.0,1e-06,1e-06,0.0,0.0,0.0,0.0,0.0,0.0,0.0,-0.05,0
9.0,272.6999999999999,579.577140765147,-0.020023423112089576,-0.015623303444250718,0.0,0.0,1e-06,1e-06,0.0,0.0,0.0,0.0,0.0,0.0,0.0,-0.05,0
10.0,272.64999999999986,579.4708548416617,-0.01662765199468412,-0.011728648194955588,0.0,0.0,1e-06,1e-06,0.0,0.0,0.0,0.0,0.0,0.0,0.0,-0.05,0
11.0,272.59999999999985,579.3645689181764,-0.01321866771433014,-0.007817098582780213,0.0,0.0,1e-06,1e-06,0.0,0.0,0.0,0.0,0.0,0.0,0.0,-0.05,0
12.0,272.54999999999984,579.2582829946911,-0.009796413551172615,-0.0038885752009441476,0.0,0.0,1e-06,1e-06,0.0,0.0,0.0,0.0,0.0,0.0,0.0,-0.05,0
13.0,272.49999999999983,579.1519970712058,-0.006360832520073838,5.7001758191617534e-05,0.0,0.0,1e-06,1e-06,0.0,0.0,0.0,0.0,0.0,0.0,0.0,-0.05,0
14.0,272.4499999999998,579.0457111477205,-0.002911867369276239,0.004019712505340377,0.0,0.0,1e-06,1e-06,0.0,0.0,0.0,0.0,0.0,0.0,0.0,-0.05,0
15.0,272.3999999999998,578.9148068481867,0.0005505394209448527,0.007999637656408222,500003000.0,0.0,1.030630575311174e-06,1e-06,3.0630575311174175e-08,0.0,2.292821716370678e-06,0.0,2.0442955004663035e-07,0.0,0.0005085312190214685,-0.049491468780978536,0
16.0,272.35050853121885,578.5600405526718,0.003946457848378508,0.011911195592310618,500003000.0,0.0,1.2431638442249088e-06,1e-06,2.1253326891373463e-07,0.0,4.023892146409929e-06,0.0,2.063793012334627e-06,0.0,0.005133813463518972,-0.04486618653648103,0
17.0,272.3056423446824,577.9254749145465,0.006625426313105858,0.015057366061749426,500003000.0,0.0,1.538325511633897e-06,1e-06,2.9516166740898823e-07,0.0,7.624404811659418e-06,0.0,4.388730512868363e-06,0.0,0.010917240081762097,-0.039082759918237904,0
18.0,272.26655958476414,577.0466082537391,0.008397574503200968,0.01723368695531962,500003000.0,0.0,1.8400797101971777e-06,1e-06,3.0175419856328066e-07,0.0,1.3048816657212142e-05,0.0,6.419616265712156e-06,0.0,0.01596919469082626,-0.03403080530917374,0
19.0,272.232528779455,575.9842024056812,0.009372143539985863,0.018556262951496143,500003000.0,0.0,2.121159289770519e-06,1e-06,2.8107957957334134e-07,0.0,1.9988539809339273e-05,0.0,7.946178855575593e-06,0.0,0.019766614068596002,-0.030233385931404,0
20.0,272.20229539352357,574.7993097529912,0.009743695417662894,0.019233000461515305,500003000.0,0.0,2.3742851611378742e-06,1e-06,2.531258713673552e-07,0.0,2.8032372412131486e-05,0.0,8.96571162907118e-06,0.0,0.02230276524644572,-0.027697234753554283,0
21.0,272.17459815877004,573.5438286138119,0.00970995595104057,0.01947551087292693,500003000.0,0.0,2.599337163440522e-06,1e-06,2.2505200230264795e-07,0.0,3.6783162653550225e-05,0.0,9.55411770658687e-06,0.0,0.02376646195668376,-0.026233538043316244,0
22.0,272.14836462072674,572.2560113079247,0.009440032598878618,0.019464936230987485,500003000.0,0.0,2.7989334106301987e-06,1e-06,1.9959624718967673e-07,0.0,4.592391646429895e-05,0.0,9.824715387347252e-06,0.0,0.024439590515789186,-0.025560409484210816,0
23.0,272.1228042112425,570.9605337519131,0.009059034612205355,0.01933536873859969,500003000.0,0.0,2.9765926179027476e-06,1e-06,1.7765920727254892e-07,0.0,5.5235643818397577e-05,0.0,9.89028928743315e-06,0.0,0.024602709670231718,-0.025397290329768285,0
24.0,272.09740692091276,569.6711980641635,0.008647893900781837,0.01917359440180866,500003000.0,0.0,3.1358682203190564e-06,1e-06,1.592756024163087e-07,0.0,6.458544125327656e-05,0.0,9.841183691601785e-06,0.0,0.024480556446770607,-0.025519443553229396,0
25.0,272.07188747735955,568.3943370475006,0.008252010217163314,0.019028323984346982,500003000.0,0.0,3.2799526963388736e-06,1e-06,1.4408447601981728e-07,0.0,7.390332196106585e-05,0.0,9.739458833753753e-06,0.0,0.024227509536700876,-0.025772490463299127,0
26.0,272.04611498689627,567.1317901021351,0.00789231209332033,0.018922032817071197,500003000.0,0.0,3.4115366847376394e-06,1e-06,1.3158398839876588e-07,0.0,8.315940176177017e-05,0.0,9.622448856220283e-06,0.0,0.023936439940846474,-0.02606356005915353,0
27.0,272.02005142683714,565.8830531900381,0.007574972827249189,0.018861370004194477,500003000.0,0.0,3.5328034872879073e-06,1e-06,1.2126680255026785e-07,0.0,9.234633427737806e-05,0.0,9.509624346798442e-06,0.0,0.023655781957210055,-0.026344218042789948,0
28.0,271.9937072087944,564.6466311953982,0.007298448189402185,0.01884470218376006,500003000.0,0.0,3.6454869144276867e-06,1e-06,1.1268342713977945e-07,0.0,0.00010146770798750991,0.0,9.409219685962854e-06,0.0,0.023406019119310582,-0.02659398088068942,0
29.0,271.96711322791367,563.4207868569748,0.007057912579724445,0.018866870769883845,500003000.0,0.0,3.7509503871764906e-06,1e-06,1.0546347274880414e-07,0.0,0.0001105312748338056,0.0,9.323246821267928e-06,0.0,0.023192156271810767,-0.026807843728189236,0
30.0,271.9403053841855,562.2038973850083,0.0068477216036807766,0.018921834059241936,500003000.0,0.0,3.850265065239093e-06,1e-06,9.93146780626022e-08,0.0,0.00011954546507038054,0.0,9.250754825555087e-06,0.0,0.023011827924266388,-0.026988172075733615,0
31.0,271.91331721210975,560.9945858024328,0.006662588824788788,0.019003930656370197,500003000.0,0.0,3.9442772331595475e-06,1e-06,9.401216792045434e-08,0.0,0.00012851786959756486,0.0,9.189701552271635e-06,0.0,0.022859954110128443,-0.02714004588987156,0
32.0,271.88617716621985,559.791738594114,0.0064980225066898645,0.019108349075311382,500003000.0,0.0,4.033662260655381e-06,1e-06,8.93850274958335e-08,0.0,0.00013745476982124686,0.0,9.137898207106724e-06,0.0,0.02273109006742966,-0.02726890993257034,0
33.0,271.8589082562873,558.5944753531525,0.0063503877754711455,0.019231195284668358,500003000.0,0.0,4.118965948634075e-06,1e-06,8.530368797869458e-08,0.0,0.00014636115377916664,0.0,9.093408163512548e-06,0.0,0.022620418317195395,-0.027379581682804608,0
34.0,271.8315286746045,557.402104727048,0.0062168098268666275,0.019369389471891145,500003000.0,0.0,4.200635417542523e-06,1e-06,8.166946890844784e-08,0.0,0.000155240913191778,0.0,9.054660787952057e-06,0.0,0.022524031810826014,-0.02747596818917399,0
35.0,271.80405270641535,556.2140821474344,0.006095031093740938,0.01952051320523275,500003000.0,0.0,4.279041906405277e-06,1e-06,7.840648886275396e-08,0.0,0.00016409707450059386,0.0,9.020436625064495e-06,0.0,0.022438897077274863,-0.02756110292272514,0
36.0,271.7764916034926,555.0299747830874,0.00598327355264106,0.019682661960858158,500003000.0,0.0,4.3544975640872525e-06,1e-06,7.545565768197599e-08,0.0,0.00017293200437980735,0.0,8.98980738835884e-06,0.0,0.02236270494616627,-0.027637295053833732,0
37.0,271.7488543084388,553.8494344469972,0.005880124305458606,0.019854322525419674,500003000.0,0.0,4.427267878426508e-06,1e-06,7.277031433925545e-08,0.0,0.00018174757320160105,0.0,8.962069878395022e-06,0.0,0.022293706165161745,-0.027706293834838257,0
38.0,271.72114801460395,552.672177367764,0.005784447022766692,0.020034278086926288,500003000.0,0.0,4.497580968922262e-06,1e-06,7.031309049575361e-08,0.0,0.00019054527817834643,0.0,8.936688953908765e-06,0.0,0.02223056953708648,-0.02776943046291352,0
39.0,271.69337858414104,551.4979693004764,0.0056953157841238495,0.020221537320629843,500003000.0,0.0,4.565634624989095e-06,1e-06,6.805365606683359e-08,0.0,0.00019932633381300344,0.0,8.913253171067365e-06,0.0,0.022172271569819314,-0.02782772843018069,0
40.0,271.6655508557109,550.3266145813946,0.005611966372103869,0.02041528218046891,500003000.0,0.0,4.631601713215022e-06,1e-06,6.596708822592764e-08,0.0,0.0002080917378203953,0.0,8.891442018028723e-06,0.0,0.0221180149702207,-0.027881985029779302,0
41.0,271.6376688706811,549.1579480250356,0.005533760470756964,0.02061482952337101,500003000.0,0.0,4.69563439161044e-06,1e-06,6.403267839541809e-08,0.0,0.00021684231932854307,0.0,8.871002300065622e-06,0.0,0.022067169900660752,-0.02793283009933925,0
42.0,271.60973604058177,547.9918288539977,0.005460159169155878,0.020819602708760685,500003000.0,0.0,4.757867439320088e-06,1e-06,6.223304770964768e-08,0.0,0.00022557877447772575,0.0,8.851731251488353e-06,0.0,0.0220192319688765,-0.027980768031123503,0
43.0,271.58175527255065,546.828136086964,0.005390703120211254,0.021029110333153907,500003000.0,0.0,4.818420920905953e-06,1e-06,6.05534815858652e-08,0.0,0.00023430169307149531,0.0,8.833464421124669e-06,0.0,0.021973792092349922,-0.02802620790765008,0
44.0,271.553729064643,545.6667649830117,0.0053249974730046395,0.021242930082050856,500003000.0,0.0,4.877402342755313e-06,1e-06,5.89814218493601e-08,0.0,0.0002430115788282679,0.0,8.816066896616996e-06,0.0,0.021930514668201485,-0.028069485331798517,0
45.0,271.5256595793112,544.5076242615123,0.005262700261928021,0.02146069628759221,500003000.0,0.0,4.93490841652414e-06,1e-06,5.7506073768826765e-08,0.0,0.0002517088649989482,0.0,8.799426860950156e-06,0.0,0.02188912154465213,-0.028110878455347873,0
46.0,271.4975487008559,543.3506339000683,0.005203513332973079,0.021682090205798397,500003000.0,0.0,4.99102651466944e-06,1e-06,5.611809814530072e-08,0.0,0.0002603939265788395,0.0,8.783450790278582e-06,0.0,0.021849380075319856,-0.028150619924680147,0
47.0,271.46939808093117,542.1957233697384,0.005147175160047905,0.021906832319678337,500003000.0,0.0,5.045835881933939e-06,1e-06,5.4809367264498074e-08,0.0,0.00026906708997754587,0.0,8.768059821071765e-06,0.0,0.02181109408226807,-0.028188905917731932,0
48.0,271.44120917501346,541.0428302057886,0.005093455090419354,0.02213467617394692,500003000.0,0.0,5.099408651385312e-06,1e-06,5.357276945137314e-08,0.0,0.00027772864076298985,0.0,8.753186962725723e-06,0.0,0.02177409692220329,-0.028225903077796714,0
49.0,271.4129832719357,539.8918988392156,0.005042148686264949,0.022365403384493665,500003000.0,0.0,5.151810702459287e-06,1e-06,5.2402051073974916e-08,0.0,0.0002863788299262314,0.0,8.738774931192154e-06,0.0,0.02173824609749292,-0.028261753902507084,0
50.0,271.3847215180332,538.7428796333447,0.004993073917700616,0.022598819560248343,500003000.0,0.0,5.2031023901867485e-06,1e-06,5.1291687727461756e-08,0.0,0.00029501787899573455,0.0,8.724774445342523e-06,0.0,0.02170341901826498,-0.02829658098173502,0
51.0,271.35642493705143,537.5957280833877,0.004946068025188242,0.0228347509423364,500003000.0,0.0,5.253339168576819e-06,1e-06,5.023677839007106e-08,0.0,0.00030364598424673165,0.0,8.71114287321215e-06,0.0,0.021669509634856098,-0.028330490365143905,0
52.0,271.3280944466863,536.450404146733,0.00490098491361937,0.023073041612903272,500003000.0,0.0,5.3025721264080375e-06,1e-06,4.923295783121859e-08,0.0,0.0003122633201915904,0.0,8.69784314596942e-06,0.0,0.02163642573624234,-0.028363574263757664,0
53.0,271.2997308724225,535.3068716790052,0.004857692972823966,0.02331355116079029,500003000.0,0.0,5.3508484500543785e-06,1e-06,4.8276323646341224e-08,0.0,0.00032087004249377717,0.0,8.68484287927502e-06,0.0,0.02160408676436572,-0.02839591323563428,0
54.0,271.2713349591869,534.1650979563843,0.004816073242893332,0.023556152716688997,500003000.0,0.0,5.398211825157873e-06,1e-06,4.7363375103494386e-08,0.0,0.00032946629041574765,0.0,8.672113656707893e-06,0.0,0.021572422031611672,-0.02842757796838833,0
55.0,271.2429073812185,533.0250532687593,0.004776017860697264,0.023800731289435908,500003000.0,0.0,5.444702786757101e-06,1e-06,4.649096159922823e-08,0.0,0.0003380521888872933,0.0,8.659630441345893e-06,0.0,0.021541369257079338,-0.028458630742920665,0
56.0,271.2144487504756,531.8867105714545,0.004737428737162699,0.024047182349603093,500003000.0,0.0,5.490359025739394e-06,1e-06,4.565623898229204e-08,0.0,0.0003466278502624745,0.0,8.647371089199622e-06,0.0,0.021510873356217965,-0.028489126643782038,0
57.0,271.1859596238318,530.75004518567,0.00470021642536687,0.024295410617452603,500003000.0,0.0,5.535215658100709e-06,1e-06,4.485663236131509e-08,0.0,0.0003551933758195445,0.0,8.63531594455277e-06,0.0,0.02148088543421087,-0.028519114565789132,0
58.0,271.15744050926605,529.6150345396743,0.004664299147262449,0.024545329020762036,500003000.0,0.0,5.579305462386648e-06,1e-06,4.408980428594e-08,0.0,0.00036374885704743205,0.0,8.623447501436105e-06,0.0,0.021451361943870907,-0.028548638056129096,0
59.0,271.12889187120993,528.4816579442745,0.004629601953055221,0.024796857794793462,500003000.0,0.0,5.622659089792272e-06,1e-06,4.335362740562337e-08,0.0,0.00037229437675394977,0.0,8.611750118890355e-06,0.0,0.02142226397733919,-0.028577736022660814,0
60.0,271.10031413518726,527.3498963972553,0.004596055992146218,0.025049923701744692,500003000.0,0.0,5.665305250671484e-06,1e-06,4.2646160879212094e-08,0.0,0.00038083001002438,0.0,8.600209780332683e-06,0.0,0.021393556667494238,-0.028606443332505765,0
61.0,271.0717076918548,526.219732412418,0.004563597878323309,0.02530445935109005,500003000.0,0.0,5.7072708806126045e-06,1e-06,4.1965629941120544e-08,0.0,0.00038935582505384293,0.0,8.588813889209722e-06,0.0,0.021365208679626175,-0.028634791320373828,0
62.0,271.0430729005344,525.0911498695988,0.0045321691349845756,0.025560402605686407,500003000.0,0.0,5.748581288749121e-06,1e-06,4.131040813651671e-08,0.0,0.00039787188387272983,0.0,8.577551094734757e-06,0.0,0.021337191777947156,-0.028662808222052846,0
63.0,271.01441009231235,523.9641338826609,0.004501715708558832,0.025817696060866462,500003000.0,0.0,5.789260290571527e-06,1e-06,4.067900182240654e-08,0.0,0.0004063782429810724,0.0,8.566411142578684e-06,0.0,0.02130948045417583,-0.02869051954582417,0
64.0,270.9857195727665,522.838670682937,0.004472187540378793,0.02607628658619232,500003000.0,0.0,5.829330327172679e-06,1e-06,4.007003660115164e-08,0.0,0.00041487495390514094,0.0,8.55538474654071e-06,0.0,0.021282051608310225,-0.028717948391689778,0
65.0,270.9570016243748,521.7147475160048,0.004443538188772637,0.026336124920878105,500003000.0,0.0,5.868812572580365e-06,1e-06,3.948224540768541e-08,0.0,0.0004233620636873248,0.0,8.544463477792318e-06,0.0,0.02125488427311522,-0.028745115726884783,0
66.0,270.9282565086479,520.5923525500168,0.00441572449446166,0.026597165315709315,500003000.0,0.0,5.907727030597504e-06,1e-06,3.891445801713887e-08,0.0,0.00043183961531851874,0.0,8.533639668901699e-06,0.0,0.021227959375377362,-0.02877204062462264,0
67.0,270.8994844680233,519.4714747940642,0.004388706283515693,0.02685936521504353,500003000.0,0.0,5.946092622374997e-06,1e-06,3.8365591777493104e-08,0.0,0.00044030764812089595,0.0,8.52290633049393e-06,0.0,0.021201259528591865,-0.028798740471408138,0
68.0,270.87068572755186,518.3521040252915,0.004362446102884527,0.027122684973830805,500003000.0,0.0,5.983927265776334e-06,1e-06,3.7834643401337455e-08,0.0,0.0004487661980876338,0.0,8.512257078554315e-06,0.0,0.021174768852125166,-0.028825231147874837,0
69.0,270.84186049640397,517.2342307236652,0.004336908984346136,0.027387087604915688,500003000.0,0.0,6.021247947453183e-06,1e-06,3.7320681676849015e-08,0.0,0.0004572152981852054,0.0,8.50168607086164e-06,0.0,0.021148472813088657,-0.028851527186911346,0
70.0,270.81300896921704,516.1178460134522,0.004312062233301244,0.027652538553058277,500003000.0,0.0,6.058070788432038e-06,1e-06,3.682284097885396e-08,0.0,0.0004656549786230306,0.0,8.49118795124815e-06,0.0,0.021122358087681963,-0.02887764191231804,0
71.0,270.7841313273047,515.0029416106004,0.004287875239349448,0.027919005492198043,500003000.0,0.0,6.094411103910289e-06,1e-06,3.634031547825182e-08,0.0,0.0004740852670945741,0.0,8.480757800579301e-06,0.0,0.021096412439251994,-0.02890358756074801,0
72.0,270.75522773974393,513.8895097753252,0.00426431930600846,0.028186458143243533,500003000.0,0.0,6.13028345787297e-06,1e-06,3.5872353962680654e-08,0.0,0.00048250618899338177,0.0,8.47039109351084e-06,0.0,0.021070624610723482,-0.02892937538927652,0
73.0,270.72629836435465,512.7775432692957,0.004241367497332154,0.028454868109949873,500003000.0,0.0,6.165701713066825e-06,1e-06,3.5418255193855016e-08,0.0,0.0004909177676071009,0.0,8.4600836602866e-06,0.0,0.021044984229568655,-0.028955015770431348,0
74.0,270.69734334858424,511.66703531689967,0.004218994499437044,0.02872420873073933,500003000.0,0.0,6.200679076803742e-06,1e-06,3.49773637369164e-08,0.0,0.0004993200242920637,0.0,8.449831652854413e-06,0.0,0.021019481723518443,-0.02898051827648156,0
75.0,270.6683628303078,510.55797957012993,0.004197176495264631,0.028994454944713394,500003000.0,0.0,6.2352281430101264e-06,1e-06,3.4549066206384615e-08,0.0,0.0005077129786307109,0.0,8.439631514790917e-06,0.0,0.02099410824574855,-0.029005891754251452,0
76.0,270.63935693855353,509.45037007669725,0.0041758910510753386,0.029265583170211176,500003000.0,0.0,6.269360930890409e-06,1e-06,3.4132787880282604e-08,0.0,0.0005160966485737961,0.0,8.429479954502592e-06,0.0,0.020968855608215403,-0.0290311443917846,0
77.0,270.6103257941617,508.3442012510206,0.0041551170134008514,0.02953757119452921,500003000.0,0.0,6.303088920531095e-06,1e-06,3.372798964068655e-08,0.0,0.0005244710505690829,0.0,8.419373921323417e-06,0.0,0.020943716222197557,-0.029056283777802446,0
78.0,270.58126951038395,507.23946784779105,0.004134834415320643,0.029810398073700978,500003000.0,0.0,6.336423085735256e-06,1e-06,3.333416520416088e-08,0.0,0.000532836199678021,0.0,8.409310584141691e-06,0.0,0.020918683045128585,-0.029081316954871417,0
79.0,270.55218819342906,506.13616493783525,0.004115024391097499,0.030084044041123265,500003000.0,0.0,6.369373924345661e-06,1e-06,3.2950838610405e-08,0.0,0.0005411921096817532,0.0,8.399287312298929e-06,0.0,0.020893749533081915,-0.029106250466918088,0
80.0,270.52308194296216,505.034287886058,0.004095669098217069,0.030358490424182157,500003000.0,0.0,6.401951486286189e-06,1e-06,3.257756194052835e-08,0.0,0.0005495387931774649,0.0,8.389301658320199e-06,0.0,0.020868909597811437,-0.029131090402188566,0
81.0,270.49395085256,503.9338323312355,0.004076751646211924,0.030633719568119874,500003000.0,0.0,6.434165399527848e-06,1e-06,3.221391324165888e-08,0.0,0.0005578762616662531,0.0,8.379351342545425e-06,0.0,0.020844157568520958,-0.029155842431479045,0
82.0,270.4647950101285,502.83479416749356,0.00405825603143335,0.030909714766253215,500003000.0,0.0,6.466024894162917e-06,1e-06,3.185949463506908e-08,0.0,0.0005662045256332377,0.0,8.369434239132766e-06,0.0,0.02081948815704668,-0.029180511842953324,0
83.0,270.43561449828553,501.7371695272921,0.004040167077313003,0.031186460196045054,500003000.0,0.0,6.497538824752893e-06,1e-06,3.151393058997604e-08,0.0,0.0005745235946208254,0.0,8.359548363548008e-06,0.0,0.020794896426736337,-0.029205103573263665,0
84.0,270.4064093947123,500.64095476578507,0.004022470379465002,0.03146394086044154,500003000.0,0.0,6.528715691098212e-06,1e-06,3.117686634531844e-08,0.0,0.0005828334772957002,0.0,8.349691861142444e-06,0.0,0.020770377764035928,-0.029229622235964075,0
85.0,270.3771797724763,499.5461464464097,0.004005152255279541,0.0317421425339045,500003000.0,0.0,6.559563657563861e-06,1e-06,3.084796646564882e-08,0.0,0.0005911341815102859,0.0,8.33986299693923e-06,0.0,0.020745927853082657,-0.029254072146917345,0
86.0,270.3479257003294,498.45274132760824,0.00398819969745401,0.03202105171274419,500003000.0,0.0,6.590090571080806e-06,1e-06,3.052691351694505e-08,0.0,0.0005994257143590801,0.0,8.330060146231764e-06,0.0,0.020721542652317817,-0.029278457347682186,0
87.0,270.31864724298174,497.36073635056385,0.003971600331215765,0.03230065556935631,500003000.0,0.0,6.620303977932469e-06,1e-06,3.021340685166396e-08,0.0,0.0006077080822304643,0.0,8.320281786157935e-06,0.0,0.020697218373527202,-0.0293027816264728,0
88.0,270.28934446135526,496.27012862786904,0.003955342374804138,0.03258094190994545,500003000.0,0.0,6.650211139424353e-06,1e-06,2.9907161491883215e-08,0.0,0.0006159812908543338,0.0,8.31052648795474e-06,0.0,0.020672951462573978,-0.029327048537426025,0
89.0,270.26001741281783,495.1809154330371,0.003939414602982083,0.03286189913553989,500003000.0,0.0,6.6798190465261555e-06,1e-06,2.9607907101802732e-08,0.0,0.000624245345345994,0.0,8.300792909958622e-06,0.0,0.020648738581986622,-0.02935126141801338,0
90.0,270.2306661513998,494.093094190785,0.003923806313269187,0.03314351620583412,500003000.0,0.0,6.709134433567177e-06,1e-06,2.9315387041021878e-08,0.0,0.000632500250246641,0.0,8.291079791196654e-06,0.0,0.020624576595016552,-0.02937542340498345,0
91.0,270.20129072799483,493.00666246802234,0.0039085072946633366,0.033425782605772454,500003000.0,0.0,6.7381637910584315e-06,1e-06,2.9029357491254575e-08,0.0,0.0006407460095607261,0.0,8.281385945522429e-06,0.0,0.02060046255105082,-0.029399537448949183,0
92.0,270.17189119054586,491.9216179654839,0.003893507798649805,0.03370868831454717,500003000.0,0.0,6.766913377708396e-06,1e-06,2.874958664996401e-08,0.0,0.000648982626790501,0.0,8.271710256273413e-06,0.0,0.020576393672321922,-0.02942360632767808,0
93.0,270.1424675842182,490.83795850995375,0.0038787985122807215,0.03399222377678931,500003000.0,0.0,6.795389231693196e-06,1e-06,2.847585398480012e-08,0.0,0.0006572101049679693,0.0,8.26205167135362e-06,0.0,0.020552367341675672,-0.02944763265832433,0
94.0,270.11301995155986,489.7556820470269,0.0038643705331845466,0.034276379875863724,500003000.0,0.0,6.823597181236949e-06,1e-06,2.820794954375263e-08,0.0,0.0006654284466845176,0.0,8.25240919877335e-06,0.0,0.020528381091475995,-0.029471618908524008,0
95.0,270.08354833265133,488.6747866343733,0.0038502153462845012,0.03456114790897472,500003000.0,0.0,6.851542854552696e-06,1e-06,2.7945673315746737e-08,0.0,0.0006736376541183444,0.0,8.24278190247396e-06,0.0,0.020504432593218807,-0.029495567406781196,0
96.0,270.05405276524453,487.59527043545387,0.0038363248021628664,0.03484651956403911,500003000.0,0.0,6.87923168919063e-06,1e-06,2.7688834637933683e-08,0.0,0.000681837729059957,0.0,8.233168898575041e-06,0.0,0.02048051964819662,-0.029519480351803382,0
97.0,270.02453328489275,486.5171317136607,0.003822691096866633,0.03513248689806364,500003000.0,0.0,6.906668940835843e-06,1e-06,2.7437251645212584e-08,0.0,0.000690028672935832,0.0,8.223569351853707e-06,0.0,0.020456640178740566,-0.029543359821259437,0
98.0,269.9949899250715,485.44036882683804,0.0038093067531060998,0.03541904231708042,500003000.0,0.0,6.933859691594791e-06,1e-06,2.7190750758948113e-08,0.0,0.0006982104868304659,0.0,8.213982472577764e-06,0.0,0.020432792220342697,-0.029567207779657306,0
99.0,269.9654227172918,484.36498022216927,0.003796164602646669,0.03570617855730558,500003000.0,0.0,6.9608088578058025e-06,1e-06,2.6949166211011513e-08,0.0,0.00070638317150683,0.0,8.204407513468074e-06,0.0,0.020408973914099685,-0.029591026085900318,0
100.0,269.9358316912059,483.2909644313871,0.0037832577699118547,0.03599388866760294,500003000.0,0.0,6.987521197406873e-06,1e-06,2.671233960107072e-08,0.0,0.0007145467274254808,0.0,8.194843767017086e-06,0.0,0.0203851835000425,-0.0296148164999575,0
101.0,269.906216874706,482.21832006628756,0.003770579656624733,0.036282165993080456,500003000.0,0.0,7.0140013168907595e-06,1e-06,2.648011948388602e-08,0.0,0.000722701154762384,0.0,8.18529056296229e-06,0.0,0.020361419310851468,-0.029638580689148535,0
102.0,269.87657829401684,481.1470458145293,0.0037581239274162626,0.03657100415967538,500003000.0,0.0,7.040253677875048e-06,1e-06,2.6252360984288976e-08,0.0,0.0007308464534255205,0.0,8.175747265916047e-06,0.0,0.020337679765960317,-0.029662320234039686,0
103.0,269.8469159737828,480.0771404356944,0.0037458844963559126,0.03686039705979681,500003000.0,0.0,7.066282603312921e-06,1e-06,2.6028925437872604e-08,0.0,0.0007389826230703967,0.0,8.166213273198922e-06,0.0,0.020313963366166473,-0.02968603663383353,0
104.0,269.81722993714897,479.00860275758475,0.003733855514343962,0.03715033883881894,500003000.0,0.0,7.092092283368372e-06,1e-06,2.5809680055451632e-08,0.0,0.0007471096631145878,0.0,8.156688012877428e-06,0.0,0.02029026868874982,-0.02970973131125018,0
105.0,269.7875202058377,477.9414316727508,0.0037220313572330593,0.03744082388238312,500003000.0,0.0,7.117686780977365e-06,1e-06,2.5594497608992423e-08,0.0,0.0007552275727512844,0.0,8.147170941838064e-06,0.0,0.02026659438268175,-0.029733405617318253,0
106.0,269.7577868002204,476.8756261352204,0.0037104066147317077,0.037731846804545575,500003000.0,0.0,7.143070037115485e-06,1e-06,2.5383256138120235e-08,0.0,0.0007633363509620385,0.0,8.137661544124467e-06,0.0,0.020242939164488723,-0.02975706083551128,0
107.0,269.7280297393849,475.81118515742776,0.003698976079922362,0.03802340243657718,500003000.0,0.0,7.168245875790379e-06,1e-06,2.5175838674893814e-08,0.0,0.0007714359965286551,0.0,8.128159329273812e-06,0.0,0.020219301814113962,-0.02978069818588604,0
108.0,269.698249041199,474.7481078073168,0.003687734739451756,0.03831548581646148,500003000.0,0.0,7.193218008776572e-06,1e-06,2.4972132986192737e-08,0.0,0.0007795265080443902,0.0,8.118663830873306e-06,0.0,0.020195681171326633,-0.02980431882867337,0
109.0,269.66844472237034,473.68639320561823,0.003676677764251563,0.03860809217898917,500003000.0,0.0,7.217990040108351e-06,1e-06,2.4772031331779618e-08,0.0,0.0007876078839244066,0.0,8.109174605111744e-06,0.0,0.020172076132118764,-0.02982792386788124,0
110.0,269.6386167985025,472.6260405232756,0.003665800500852614,0.03890121694646895,500003000.0,0.0,7.242565470345934e-06,1e-06,2.4575430237583257e-08,0.0,0.000795680122415651,0.0,8.099691229545854e-06,0.0,0.020148485645636455,-0.029851514354363548,0
111.0,269.6087652841481,471.5670489790201,0.0036550984631607327,0.03919485571994346,500003000.0,0.0,7.266947700628427e-06,1e-06,2.4382230282492777e-08,0.0,0.0008037432216061116,0.0,8.090213301864607e-06,0.0,0.020124908711105987,-0.029875091288894016,0
112.0,269.5788901928592,470.50941783708566,0.0036445673246957118,0.03948900427088031,500003000.0,0.0,7.29114003652636e-06,1e-06,2.4192335897932808e-08,0.0,0.0008117971794334865,0.0,8.08074043872261e-06,0.0,0.020101344374931867,-0.029898655625068136,0
113.0,269.54899153723414,469.4531464050404,0.003634202911324644,0.03978365853341315,500003000.0,0.0,7.315145691706096e-06,1e-06,2.4005655179735835e-08,0.0,0.0008198419936934245,0.0,8.071272274776001e-06,0.0,0.02007779172829851,-0.029922208271701493,0
114.0,269.5190693289624,468.39823403174506,0.0036240011943309207,0.0400788145969386,500003000.0,0.0,7.338967791416717e-06,1e-06,2.3822099710620285e-08,0.0,0.0008278776620472207,0.0,8.061808461627135e-06,0.0,0.020054249904545112,-0.02994575009545489,0
115.0,269.48912357886695,467.3446801054207,0.0036139582839013347,0.04037446869915338,500003000.0,0.0,7.362609375809961e-06,1e-06,2.3641584393244863e-08,0.0,0.0008359041820290742,0.0,8.05234866691511e-06,0.0,0.020030718076903258,-0.029969281923096745,0
116.0,269.45915429694384,466.29248405181596,0.003604070422981956,0.04067061721946605,500003000.0,0.0,7.38607340310293e-06,1e-06,2.3464027292968824e-08,0.0,0.0008439215510529722,0.0,8.04289257349352e-06,0.0,0.020007195456451545,-0.029992804543548458,0
117.0,269.4291614924003,465.24164533247614,0.0035943339814305145,0.04096725667279556,500003000.0,0.0,7.4093627525922795e-06,1e-06,2.3289349489349035e-08,0.0,0.0008519297664191406,0.0,8.033439878580603e-06,0.0,0.0199836812900015,-0.0300163187099985,0
118.0,269.3991451736903,464.1921634430995,0.003584745450515158,0.04126438370362413,500003000.0,0.0,7.432480227528522e-06,1e-06,2.3117474936242897e-08,0.0,0.0008599288253201676,0.0,8.023990293036599e-06,0.0,0.019960174858299998,-0.030039825141700005,0
119.0,269.36910534854854,463.1440379119819,0.0035753014376802158,0.04156199508047497,500003000.0,0.0,7.455428557858097e-06,1e-06,2.2948330329574327e-08,0.0,0.0008679187248467659,0.0,8.014543540631273e-06,0.0,0.019936675474207147,-0.030063324525792856,0
120.0,269.3390420240228,462.09726829854077,0.0035659986615988954,0.04186008769056561,500003000.0,0.0,7.478210402840598e-06,1e-06,2.2781844982501674e-08,0.0,0.0008758994619932213,0.0,8.005099357383591e-06,0.0,0.01991318248105371,-0.030086817518946294,0
121.0,269.3089552065038,461.05185419190934,0.003556833947499682,0.042158658534855016,500003000.0,0.0,7.500828353548133e-06,1e-06,2.2617950707535156e-08,0.0,0.0008838710336625895,0.0,7.995657490979132e-06,0.0,0.01988969525119187,-0.030110304748808134,0
122.0,269.278844901755,460.00779520961146,0.003547804222678462,0.04245770472320614,500003000.0,0.0,7.523284935252839e-06,1e-06,2.2456581704706196e-08,0.0,0.000891833436671531,0.0,7.986217700099676e-06,0.0,0.019866213184327554,-0.03013378681567245,0
123.0,269.24871111493934,458.9650909962924,0.003538906512314194,0.04275722346996424,500003000.0,0.0,7.5455826097090675e-06,1e-06,2.229767445622808e-08,0.0,0.0008997866677549761,0.0,7.976779753960556e-06,0.0,0.01984273570636954,-0.030157264293630463,0
124.0,269.2185538506457,457.9237412225188,0.0035301379354330947,0.04305721208959658,500003000.0,0.0,7.567723777335437e-06,1e-06,2.2141167626368854e-08,0.0,0.0009077307235704883,0.0,7.96734343173494e-06,0.0,0.01981926226799736,-0.03018073773200264,0
125.0,269.1883731129137,456.8837455836342,0.0035214957011102895,0.043357667992660366,500003000.0,0.0,7.589710779302271e-06,1e-06,2.1987001966834588e-08,0.0,0.0009156656007024282,0.0,7.957908522091755e-06,0.0,0.01979579234351183,-0.030204207656488173,0
126.0,269.15816890525724,455.8451037986715,0.003512977104843872,0.0436585886819067,500003000.0,0.0,7.611545899529271e-06,1e-06,2.1835120226999607e-08,0.0,0.0009235912956658913,0.0,7.948474822725145e-06,0.0,0.01977232542966454,-0.030227674570335462,0
127.0,269.12794123068693,454.80781560931706,0.0035045795251123137,0.043959971748639165,500003000.0,0.0,7.633231366598092e-06,1e-06,2.1685467068820856e-08,0.0,0.000931507804910446,0.0,7.939042139923126e-06,0.0,0.01974886104458489,-0.030251138955415112,0
128.0,269.0976900917315,453.7718807789225,0.003496300420105043,0.04426181486917627,500003000.0,0.0,7.654769355584247e-06,1e-06,2.1537988986154645e-08,0.0,0.0009394151248236989,0.0,7.92961028817398e-06,0.0,0.019725398726800944,-0.03027460127319906,0
129.0,269.0674154904583,452.7372990915654,0.0034881373245940804,0.044564115801521295,500003000.0,0.0,7.676161989812322e-06,1e-06,2.139263422807516e-08,0.0,0.0009473132517346597,0.0,7.92017908975767e-06,0.0,0.019701938034223064,-0.03029806196577694,0
130.0,269.03711742849254,451.70407035115403,0.0034800878469650807,0.04486687238220019,500003000.0,0.0,7.697411342538444e-06,1e-06,2.1249352726120897e-08,0.0,0.0009552021819169383,0.0,7.910748374382572e-06,0.0,0.01967847854324023,-0.030321521456759773,0
131.0,269.0067959070358,450.6721943805684,0.003472149666406973,0.04517008252325531,500003000.0,0.0,7.718519438563729e-06,1e-06,2.1108096025285476e-08,0.0,0.0009630819115918265,0.0,7.901317978883753e-06,0.0,0.01965501984796953,-0.030344980152030472,0
132.0,268.97645092688373,449.6416710208462,0.003464320530193228,0.04547374420932519,500003000.0,0.0,7.739488255781908e-06,1e-06,2.0968817218179867e-08,0.0,0.0009709524369311817,0.0,7.89188774684665e-06,0.0,0.019631561559320027,-0.030368438440679976,0
133.0,268.94608248844304,448.61250013040456,0.0034565982511184116,0.04577785549492802,500003000.0,0.0,7.760319726664512e-06,1e-06,2.0831470882603653e-08,0.0,0.0009788137540601859,0.0,7.882457528316564e-06,0.0,0.01960810330427006,-0.030391896695729944,0
134.0,268.9156905917473,447.58468158429304,0.0034489807050559966,0.046082414501819324,500003000.0,0.0,7.781015739686683e-06,1e-06,2.0696013022171686e-08,0.0,0.0009866658590599962,0.0,7.873027179531248e-06,0.0,0.019584644725202112,-0.03041535527479789,0
135.0,268.8852752364725,446.55821527348394,0.0034414658286056428,0.04638741941651412,500003000.0,0.0,7.801578140696355e-06,1e-06,2.056240100967154e-08,0.0,0.000994508747970244,0.0,7.863596562617484e-06,0.0,0.01956118547914797,-0.030438814520852033,0
136.0,268.8548364219517,445.5331011041912,0.003434051616868011,0.04669286848786515,500003000.0,0.0,7.822008734229612e-06,1e-06,2.0430593533256787e-08,0.0,0.0010023424167914334,0.0,7.854165545351425e-06,0.0,0.0195377252371926,-0.0304622747628074,0
137.0,268.8243741471889,444.50933899722077,0.003426736121303868,0.04699876002481653,500003000.0,0.0,7.84230928477471e-06,1e-06,2.030055054509841e-08,0.0,0.0010101668614872202,0.0,7.844734000895955e-06,0.0,0.019514263683820785,-0.030485736316179218,0
138.0,268.79388841087274,443.48692888734746,0.0034195174477022407,0.047305092394215445,500003000.0,0.0,7.862481517987243e-06,1e-06,2.0172233212532916e-08,0.0,0.0010179820779865937,0.0,7.835301807582995e-06,0.0,0.019490800516375608,-0.030509199483624395,0
139.0,268.7633792113891,442.4658707227203,0.0034123937542248246,0.04761186401870421,500003000.0,0.0,7.882527121858652e-06,1e-06,2.0045603871408973e-08,0.0,0.001025788062185951,0.0,7.825868848676269e-06,0.0,0.019467335444468332,-0.03053266455553167,0
140.0,268.73284654683357,441.4461644642908,0.0034053632495508546,0.04791907337476649,500003000.0,0.0,7.902447747840332e-06,1e-06,1.9920625981679687e-08,0.0,0.0010335848099510927,0.0,7.816435012180184e-06,0.0,0.019443868189502948,-0.030556131810497055,0
141.0,268.70229041502307,440.4278100852684,0.003398424191083638,0.04822671899078598,500003000.0,0.0,7.922245011925253e-06,1e-06,1.979726408492109e-08,0.0,0.0010413723171191064,0.0,7.807000190615032e-06,0.0,0.019420398484116995,-0.030579601515883008,0
142.0,268.67171081350716,439.4108075705936,0.0033915748832634737,0.048534799445258583,500003000.0,0.0,7.941920495689207e-06,1e-06,1.967548376395409e-08,0.0,0.0010491505795002087,0.0,7.797564280870328e-06,0.0,0.01939692607181674,-0.030603073928183264,0
143.0,268.64110773957896,438.3951569164392,0.003384813675911483,0.048843313365008134,500003000.0,0.0,7.961475747293257e-06,1e-06,1.9555251604049188e-08,0.0,0.0010569195928794542,0.0,7.788127183971055e-06,0.0,0.019373450706395658,-0.030626549293604345,0
144.0,268.6104811902853,437.38085812972633,0.0033781389626869867,0.04915225942354154,500003000.0,0.0,7.980912282449378e-06,1e-06,1.9436535156120747e-08,0.0,0.0010646793530184183,0.0,7.778688804954788e-06,0.0,0.019349972151628824,-0.03065002784837118,0
145.0,268.57983116243696,436.3679112276639,0.0033715491795761865,0.04946163633944737,500003000.0,0.0,8.000231585350741e-06,1e-06,1.9319302901361647e-08,0.0,0.001072429855656776,0.0,7.769249052677947e-06,0.0,0.019326490180790912,-0.03067350981920909,0
146.0,268.54915765261774,435.3563162373026,0.00336504280347105,0.049771442874855576,500003000.0,0.0,8.019435109568334e-06,1e-06,1.9203524217593435e-08,0.0,0.0010801710965138464,0.0,7.759807839693831e-06,0.0,0.01930300457635281,-0.03069699542364719,0
147.0,268.5184606571941,434.34607319511304,0.003358618350771265,0.05008167783393871,500003000.0,0.0,8.038524278915217e-06,1e-06,1.908916934688347e-08,0.0,0.0010879030712900226,0.0,7.75036508205423e-06,0.0,0.019279515129488136,-0.030720484870511867,0
148.0,268.4877401723236,433.3371821465714,0.0033522743760973934,0.050392340061573934,500003000.0,0.0,8.057500488280091e-06,1e-06,1.8976209364874468e-08,0.0,0.0010956257756682159,0.0,7.740920699244392e-06,0.0,0.019256021639911424,-0.03074397836008858,0
149.0,268.4569961939635,432.32964314577254,0.0033460094709857036,0.05070342844189356,500003000.0,0.0,8.076365104431124e-06,1e-06,1.8864616151032298e-08,0.0,0.0011033392053151482,0.0,7.731474613958046e-06,0.0,0.019232523915318524,-0.03076747608468148,0
150.0,268.4262287178788,431.32345625504627,0.0033398222627161467,0.05101494189706276,500003000.0,0.0,8.095119466791746e-06,1e-06,1.8754362360621184e-08,0.0,0.0011110433558826902,0.0,7.722026752068175e-06,0.0,0.019209021771313867,-0.030790978228686136,0
151.0,268.3954377396501,430.318621544598,0.00333371141311309,0.05132687938600722,500003000.0,0.0,8.113764888189194e-06,1e-06,1.8645421397447355e-08,0.0,0.0011187382230090678,0.0,7.71257704242802e-06,0.0,0.019185515030915472,-0.03081448496908453,0
152.0,268.364623254681,429.31513909215846,0.003327675617441834,0.05163923990319805,500003000.0,0.0,8.132302655577215e-06,1e-06,1.853776738802169e-08,0.0,0.0011264238023200566,0.0,7.703125416791816e-06,0.0,0.01916200352435775,-0.030837996475642254,0
153.0,268.33378525820535,428.31300898264493,0.003321713603342003,0.05195202247754294,500003000.0,0.0,8.150734030733977e-06,1e-06,1.843137515676253e-08,0.0,0.0011341000894301467,0.0,7.693671809723861e-06,0.0,0.019138487088865327,-0.030861512911134675,0
154.0,268.3029237452942,427.3122313078417,0.003315824129769334,0.05226522617122694,500003000.0,0.0,8.169060250936018e-06,1e-06,1.8326220202041534e-08,0.0,0.0011417670799436055,0.0,7.68421615843424e-06,0.0,0.01911496556824438,-0.030885034431755623,0
155.0,268.27203871086243,426.3128061660843,0.0033100059860351957,0.05257885007870207,500003000.0,0.0,8.187282529609547e-06,1e-06,1.8222278673529662e-08,0.0,0.001149424769455568,0.0,7.67475840275265e-06,0.0,0.019091438812817538,-0.030908561187182465,0
156.0,268.24113014967526,425.31473366196263,0.003304257990823339,0.052892893325635855,500003000.0,0.0,8.205402056959684e-06,1e-06,1.811952735013723e-08,0.0,0.0011570731535530242,0.0,7.665298484964869e-06,0.0,0.019067906679017088,-0.030932093320982915,0
157.0,268.2101980563543,424.31801390602834,0.0032985789913000806,0.05320735506794851,500003000.0,0.0,8.22342000057884e-06,1e-06,1.8017943619156548e-08,0.0,0.0011647122278158261,0.0,7.655836349785348e-06,0.0,0.019044369029316787,-0.030955630970683216,0
158.0,268.17924242538356,423.32264701451834,0.0032929678622090693,0.05352223449084518,500003000.0,0.0,8.241337506034813e-06,1e-06,1.7917505455973512e-08,0.0,0.00117234198781761,0.0,7.646371944216841e-06,0.0,0.019020825731882688,-0.030979174268117315,0
159.0,268.14826325111545,422.3286331090866,0.0032874235050301976,0.053837530807929884,500003000.0,0.0,8.259155697439569e-06,1e-06,1.7818191404755507e-08,0.0,0.001179962429126698,0.0,7.636905217485252e-06,0.0,0.018997276660411073,-0.03100272333958893,0
160.0,268.11726052777584,421.33597231654113,0.003281944847177703,0.05415324326032858,500003000.0,0.0,8.276875677999515e-06,1e-06,1.771998055994635e-08,0.0,0.0011875735473070017,0.0,7.6274361209951584e-06,0.0,0.018973721694017804,-0.0310262783059822,0
161.0,268.08623424946984,420.34466476859797,0.0032765308411860225,0.054469371115819856,500003000.0,0.0,8.294498530547778e-06,1e-06,1.7622852548262904e-08,0.0,0.0011951753379188335,0.0,7.617964608189367e-06,0.0,0.018950160716888972,-0.03104983928311103,0
162.0,268.0551844101867,419.35471060163746,0.0032711804639757127,0.05478591366806664,500003000.0,0.0,8.312025318059445e-06,1e-06,1.752678751166721e-08,0.0,0.0012027677965197364,0.0,7.608490634530155e-06,0.0,0.018926593618234216,-0.031073406381765787,0
163.0,268.02411100380493,418.36610995647106,0.003265892716115654,0.05510287023579058,500003000.0,0.0,8.32945708415028e-06,1e-06,1.743176609083447e-08,0.0,0.0012103509186652706,0.0,7.5990141574102215e-06,0.0,0.018903020292065226,-0.031096979707934777,0
164.0,267.993014024097,417.378862978118,0.0032606666211152315,0.055420240162063976,500003000.0,0.0,8.346794853559556e-06,1e-06,1.7337769409276747e-08,0.0,0.001217924699909754,0.0,7.589535136074216e-06,0.0,0.018879440637000536,-0.031120559362999466,0
165.0,267.96189346473403,416.392969815584,0.003255501224764998,0.055738022813555194,500003000.0,0.0,8.364039632617753e-06,1e-06,1.7244779058196986e-08,0.0,0.0012254891358070277,0.0,7.5800535315966896e-06,0.0,0.01885585455621067,-0.031144145443789333,0
166.0,267.93074931929027,415.4084306216559,0.0032503955944565106,0.05605621757982849,500003000.0,0.0,8.381192409699435e-06,1e-06,1.715277708168321e-08,0.0,0.0012330442219111231,0.0,7.5705693067572104e-06,0.0,0.018832261957107486,-0.031167738042892516,0
167.0,267.8995815812474,414.4252455526944,0.0032453488185812023,0.05637482387267687,500003000.0,0.0,8.398254155662189e-06,1e-06,1.7061745962753416e-08,0.0,0.0012405899537769767,0.0,7.561082426047807e-06,0.0,0.018808662751362705,-0.031191337248637298,0
168.0,267.86839024399876,413.44341476844056,0.003240360005901116,0.056693841125480704,500003000.0,0.0,8.415225824271851e-06,1e-06,1.6971668609663013e-08,0.0,0.0012481263269610674,0.0,7.551592855565004e-06,0.0,0.018785056854639312,-0.03121494314536069,0
169.0,267.8371753008534,412.4629384318243,0.0032354282849788355,0.05701326879256784,500003000.0,0.0,8.43210835261477e-06,1e-06,1.6882528342918845e-08,0.0,0.0012556533370220709,0.0,7.542100562992217e-06,0.0,0.018761444186547807,-0.031238555813452196,0
170.0,267.80593674503996,411.4838167087811,0.0032305528036040577,0.057333106348608116,500003000.0,0.0,8.448902661497421e-06,1e-06,1.679430888265201e-08,0.0,0.0012631709795214697,0.0,7.532605517528532e-06,0.0,0.018737824670468986,-0.03126217532953102,0
171.0,267.77467456971044,410.50604976807386,0.0032257327282527374,0.05765335328803184,500003000.0,0.0,8.465609655833944e-06,1e-06,1.6706994336522236e-08,0.0,0.001270679250024157,0.0,7.523107689849644e-06,0.0,0.018714198233456825,-0.03128580176654318,0
172.0,267.7433887679439,409.52963778111996,0.0032209672435618633,0.05797400912446879,500003000.0,0.0,8.482230225021992e-06,1e-06,1.66205691880487e-08,0.0,0.0012781781440990207,0.0,7.513607052063142e-06,0.0,0.01869056480612722,-0.03130943519387278,0
173.0,267.71207933275,408.55458092182727,0.0032162555518084114,0.058295073390185546,500003000.0,0.0,8.498765243307287e-06,1e-06,1.6535018285294075e-08,0.0,0.0012856676573194832,0.0,7.5041035776331584e-06,0.0,0.018666924322470545,-0.03133307567752946,0
174.0,267.6807462570725,407.58087936642846,0.0032115968724446436,0.05861654563560097,500003000.0,0.0,8.515215570137444e-06,1e-06,1.645032683015606e-08,0.0,0.0012931477852640813,0.0,7.494597241397815e-06,0.0,0.018643276719895064,-0.03135672328010494,0
175.0,267.6493895337924,406.60853329332826,0.003206990441594107,0.05893842542870601,500003000.0,0.0,8.531582050505204e-06,1e-06,1.636648036776012e-08,0.0,0.0013006185235169602,0.0,7.485088019457653e-06,0.0,0.018619621938949386,-0.031380378061050616,0
176.0,267.61800915573133,405.6375428829499,0.0032024355116154913,0.059260712354661085,500003000.0,0.0,8.547865515281696e-06,1e-06,1.6283464776492182e-08,0.0,0.001308079867668406,0.0,7.475575889186799e-06,0.0,0.018595959923350246,-0.03140404007664976,0
177.0,267.58660511565466,404.6679083175875,0.0031979313506534123,0.05958340601523945,500003000.0,0.0,8.564066781539938e-06,1e-06,1.620126625824237e-08,0.0,0.0013155318133153432,0.0,7.466060829179281e-06,0.0,0.01857229061984896,-0.03142770938015105,0
178.0,267.55517740627454,403.69962978126665,0.0031934772421986298,0.059906506028413374,500003000.0,0.0,8.580186652868904e-06,1e-06,1.6119871328965438e-08,0.0,0.0013229743560617942,0.0,7.4565428191843585e-06,0.0,0.018548613978070543,-0.031451386021929456,0
179.0,267.5237260202526,402.7327074596001,0.003189072484706901,0.06023001202790213,500003000.0,0.0,8.596225919678698e-06,1e-06,1.6039266809794382e-08,0.0,0.0013304074915193964,0.0,7.447021840147184e-06,0.0,0.018524929950614884,-0.031475070049385115,0
180.0,267.4922509502032,401.76714153966134,0.0031847163911484697,0.06055392366273144,500003000.0,0.0,8.612185359496749e-06,1e-06,1.5959439818050092e-08,0.0,0.0013378312153077931,0.0,7.437497874056853e-06,0.0,0.018501238492678738,-0.03149876150732127,0
181.0,267.4607521886959,400.80293220984885,0.003180408288670254,0.06087824059681839,500003000.0,0.0,8.628065737255804e-06,1e-06,1.5880377759055845e-08,0.0,0.0013452455230551226,0.0,7.427970904028585e-06,0.0,0.018477539562260163,-0.03152246043773984,0
182.0,267.4292297282582,399.84007965975985,0.0031761475181994723,0.061202962508604866,500003000.0,0.0,8.643867805573686e-06,1e-06,1.5802068317882465e-08,0.0,0.0013526504103984467,0.0,7.418440914220827e-06,0.0,0.018453833119952304,-0.0315461668800477,0
183.0,267.39768356137813,398.87858408006946,0.0031719334340767156,0.06152808909059806,500003000.0,0.0,8.659592305025147e-06,1e-06,1.572449945146034e-08,0.0,0.0013600458729841544,0.0,7.408907889794057e-06,0.0,0.018430119128840936,-0.03156988087115907,0
184.0,267.366113680507,397.9184456624124,0.0031677654037075517,0.06185362004904664,500003000.0,0.0,8.67523996440614e-06,1e-06,1.564765938099325e-08,0.0,0.0013674319064683588,0.0,7.399371816886854e-06,0.0,0.01840639755444491,-0.03159360244555509,0
185.0,267.3345200780614,396.95966459926234,0.0031636428072442362,0.06217955510357898,500003000.0,0.0,8.69081150099086e-06,1e-06,1.5571536584721243e-08,0.0,0.0013748085065173382,0.0,7.38983268263727e-06,0.0,0.018382668364769327,-0.03161733163523067,0
186.0,267.3029027464262,396.00224108382633,0.003159565037214519,0.06250589398679857,500003000.0,0.0,8.706307620781476e-06,1e-06,1.5496119790615848e-08,0.0,0.0013821756688078598,0.0,7.38029047505629e-06,0.0,0.018358931529990772,-0.031641068470009234,0
187.0,267.27126167795615,395.0461753099283,0.0031555314982541233,0.06283263644400684,500003000.0,0.0,8.721729018751249e-06,1e-06,1.5421397969772085e-08,0.0,0.001389533389027617,0.0,7.370745183120501e-06,0.0,0.018335187022687813,-0.03166481297731219,0
188.0,267.2395968649788,394.0914674719076,0.0031515416067546317,0.06315978223281425,500003000.0,0.0,8.737076379080811e-06,1e-06,1.5347360329562336e-08,0.0,0.0013968816628755526,0.0,7.361196796644498e-06,0.0,0.018311434817523627,-0.031688565182476376,0
189.0,267.2079082997963,393.1381177645135,0.0031475947905914834,0.06348733112285218,500003000.0,0.0,8.752350375388166e-06,1e-06,1.5273996307355487e-08,0.0,0.001404220486062237,0.0,7.351645306319098e-06,0.0,0.01828767489134104,-0.03171232510865896,0
190.0,267.17619597468763,392.18612638280365,0.0031436904888277,0.06381528289545745,500003000.0,0.0,8.767551670952448e-06,1e-06,1.52012955642813e-08,0.0,0.0014115498543102207,0.0,7.342090703671971e-06,0.0,0.018263907223064604,-0.0317360927769354,0
191.0,267.1444598819107,391.23549352204833,0.0031398281514258435,0.0641436373433454,500003000.0,0.0,8.782680918931642e-06,1e-06,1.5129247979194435e-08,0.0,0.001418869763354357,0.0,7.3325329810274775e-06,0.0,0.018240131793600692,-0.03175986820639931,0
192.0,267.1127000137043,390.28621937763336,0.0031360072389869215,0.06447239427035927,500003000.0,0.0,8.797738762574563e-06,1e-06,1.505784364292178e-08,0.0,0.0014261802089421502,0.0,7.322972131510279e-06,0.0,0.018216348585846465,-0.03178365141415354,0
193.0,267.0809163622901,389.3383041449664,0.003132227222485991,0.06480155349114348,500003000.0,0.0,8.812725835427203e-06,1e-06,1.498707285264022e-08,0.0,0.001433481186834084,0.0,7.313408149022538e-06,0.0,0.01819255758463318,-0.03180744241536682,0
194.0,267.04910891987475,388.39174801939043,0.0031284875829989565,0.06513111483087346,500003000.0,0.0,8.827642761533558e-06,1e-06,1.491692610635459e-08,0.0,0.0014407726928039092,0.0,7.30384102818264e-06,0.0,0.018168758776573733,-0.031831241223426274,0
195.0,267.01727767865134,387.4465511960904,0.0031247878114868126,0.06546107812503883,500003000.0,0.0,8.842490155631345e-06,1e-06,1.4847394097786829e-08,0.0,0.0014480547226389934,0.0,7.294270764380898e-06,0.0,0.01814495215020124,-0.031855047849798764,0
196.0,266.98542263080157,386.50271387001146,0.0031211274085228527,0.06579144321910799,500003000.0,0.0,8.857268623342469e-06,1e-06,1.4778467711123624e-08,0.0,0.001455327272140594,0.0,7.2846973536852386e-06,0.0,0.018121137695734424,-0.03187886230426558,0
197.0,266.9535437684973,385.5602362357724,0.0031175058840841206,0.06612220996832302,500003000.0,0.0,8.871978761358665e-06,1e-06,1.4710138016197073e-08,0.0,0.0014625903371241755,0.0,7.275120792880937e-06,0.0,0.01809731540517646,-0.03190268459482354,0
198.0,266.9216410839025,384.61911848758774,0.0031139227573009497,0.06645337823745423,500003000.0,0.0,8.886621157622253e-06,1e-06,1.4642396263588211e-08,0.0,0.0014698439134196713,0.0,7.265541079396913e-06,0.0,0.018073485272131623,-0.03192651472786838,0
199.0,266.88971456917466,383.6793608191837,0.003110377556267431,0.06678494790053355,500003000.0,0.0,8.901196391502389e-06,1e-06,1.4575233880135878e-08,0.0,0.001477087996871803,0.0,7.255958211359335e-06,0.0,0.018049647291938645,-0.03195035270806136,0
200.0,266.8577642164666,382.74096342372343,0.0031068698178015877,0.06711691884066671,500003000.0,0.0,8.91570503396671e-06,1e-06,1.4508642464321476e-08,0.0,0.0014843225833403363,0.0,7.246372187513322e-06,0.0,0.018025801461475924,-0.03197419853852408,0
201.0,266.82579001792806,381.80392649373147,0.0031033990872470813,0.06744929094975585,500003000.0,0.0,8.930147647748668e-06,1e-06,1.444261378195901e-08,0.0,0.0014915476687003494,0.0,7.236783007227648e-06,0.0,0.018001947779173258,-0.031998052220826745,0
202.0,266.7937919657072,380.868250221019,0.003099964918278017,0.06778206412832963,500003000.0,0.0,8.944524787510673e-06,1e-06,1.4377139762004127e-08,0.0,0.0014987632488425106,0.0,7.227190670493216e-06,0.0,0.017978086245008,-0.032021913754992,0
203.0,266.7617700519522,379.93393479661233,0.003096566872696837,0.06811523828530176,500003000.0,0.0,8.958837000003104e-06,1e-06,1.4312212492432458e-08,0.0,0.0015059693196733314,0.0,7.217595177892354e-06,0.0,0.017954216860428744,-0.03204578313957126,0
204.0,266.7297242688127,379.00098041068156,0.003093204520249864,0.0684488133377883,500003000.0,0.0,8.973084824219402e-06,1e-06,1.4247824216298118e-08,0.0,0.0015131658771154334,0.0,7.207996530596747e-06,0.0,0.017930339628350115,-0.03206966037164989,0
205.0,266.69765460844104,378.0693872524722,0.0030898774384397164,0.06878278921088486,500003000.0,0.0,8.987268791547275e-06,1e-06,1.418396732787209e-08,0.0,0.0015203529171077938,0.0,7.198394730345884e-06,0.0,0.01790645455309921,-0.032093545446900795,0
206.0,266.66556106299413,377.1391555102386,0.003086585212345417,0.06911716583748463,500003000.0,0.0,9.001389425916182e-06,1e-06,1.4120634368907625e-08,0.0,0.0015275304356059903,0.0,7.188789779431734e-06,0.0,0.017882561640377447,-0.03211743835962255,0
207.0,266.6334436246345,376.21028537117866,0.00308332743444808,0.06945194315808088,500003000.0,0.0,9.015447243941201e-06,1e-06,1.4057818025019466e-08,0.0,0.0015346984285824377,0.0,7.17918168068511e-06,0.0,0.017858660897226642,-0.032141339102773364,0
208.0,266.6013022855317,375.2827770213694,0.003080103704465937,0.06978712112059267,500003000.0,0.0,9.029442755063392e-06,1e-06,1.3995511122190695e-08,0.0,0.0015418568920266312,0.0,7.169570437472781e-06,0.0,0.017834752332021843,-0.03216524766797816,0
209.0,266.5691370378637,374.3566306457039,0.0030769136291889736,0.07012269968018467,500003000.0,0.0,9.043376461686753e-06,1e-06,1.393370662335974e-08,0.0,0.00154900582194538,0.0,7.159956053683113e-06,0.0,0.017810835954435604,-0.0321891640455644,0
210.0,266.5369478738181,373.43184642783024,0.0030737568223177603,0.07045867879910081,500003000.0,0.0,9.057248859311859e-06,1e-06,1.3872397625105963e-08,0.0,0.0015561452143630368,0.0,7.150338533711203e-06,0.0,0.017786911775401,-0.03221308822459901,0
211.0,266.50473478559354,372.5084245500925,0.003070632904305177,0.07079505844646435,500003000.0,0.0,9.071060436666283e-06,1e-06,1.3811577354425191e-08,0.0,0.001563275065321715,0.0,7.14071788244088e-06,0.0,0.017762979807066866,-0.03223702019293313,0
212.0,266.4724977654006,371.58636519346953,0.003067541502218447,0.07113183859814129,500003000.0,0.0,9.084811675831954e-06,1e-06,1.3751239165670642e-08,0.0,0.0015703953708815334,0.0,7.131094105264357e-06,0.0,0.01773904006284666,-0.03226095993715335,0
213.0,266.4402368054634,370.6656685375223,0.0030644822495655396,0.07146901923657754,500003000.0,0.0,9.09850305236936e-06,1e-06,1.3691376537405381e-08,0.0,0.001577506127120792,0.0,7.121467208009697e-06,0.0,0.017715092557238053,-0.032284907442761954,0
214.0,266.40795189802066,369.7463347603336,0.003061454786184769,0.07180660035064018,500003000.0,0.0,9.112135035438967e-06,1e-06,1.363198306960773e-08,0.0,0.0015846073301362242,0.0,7.111837197006387e-06,0.0,0.017691137305986038,-0.032308862694013965,0
215.0,266.3756430353266,368.82836403845494,0.0030584587580829836,0.0721445819354469,500003000.0,0.0,9.125708087919679e-06,1e-06,1.3573052480712625e-08,0.0,0.0015916989760431904,0.0,7.102204079022561e-06,0.0,0.01766717432592677,-0.03233282567407324,0
216.0,266.34331020965254,367.91175654685384,0.003055493817304591,0.07248296399225271,500003000.0,0.0,9.139222666524535e-06,1e-06,1.3514578604856272e-08,0.0,0.0015987810609758792,0.0,7.092567861265609e-06,0.0,0.017643203634989075,-0.03235679636501093,0
217.0,266.3109534132875,366.99651245885815,0.003052559621813548,0.07282174652828463,500003000.0,0.0,9.152679221913774e-06,1e-06,1.3456555389240071e-08,0.0,0.001605853581087534,0.0,7.082928551404716e-06,0.0,0.017619225252250535,-0.03238077474774947,0
218.0,266.27857263853974,366.08263194610845,0.0030496558353397788,0.07316092955658444,500003000.0,0.0,9.166078198805172e-06,1e-06,1.3398976891397815e-08,0.0,0.0016129165325506228,0.0,7.073286157502915e-06,0.0,0.017595239197768446,-0.03240476080223156,0
219.0,266.2461678777375,365.17011517850466,0.0030467821272804146,0.07350051309591273,500003000.0,0.0,9.179420036081935e-06,1e-06,1.3341837276763682e-08,0.0,0.0016199699115570614,0.0,7.063640688068841e-06,0.0,0.01757124549270856,-0.03242875450729144,0
220.0,266.2137391232302,364.25896232415806,0.003043938172560455,0.07384049717058587,500003000.0,0.0,9.192705166898054e-06,1e-06,1.3285130816117606e-08,0.0,0.0016270137143183938,0.0,7.053992152006859e-06,0.0,0.017547244159221043,-0.03245275584077896,0
221.0,266.1812863673894,363.34917354934197,0.003041123651525379,0.07418088181035927,500003000.0,0.0,9.20593401878128e-06,1e-06,1.322885188322608e-08,0.0,0.0016340479370659919,0.0,7.044340558634214e-06,0.0,0.01752323522048312,-0.03247676477951689,0
222.0,266.1488096026099,362.440749018445,0.00303833824981754,0.07452166705029017,500003000.0,0.0,9.219107013733743e-06,1e-06,1.3172994952464857e-08,0.0,0.0016410725760512403,0.0,7.0346859176536174e-06,0.0,0.017499218700630887,-0.03250078129936912,0
223.0,266.11630882131055,361.5336888939246,0.003035581658268541,0.07486285293061673,500003000.0,0.0,9.232224568330307e-06,1e-06,1.3117554596562832e-08,0.0,0.0016480876275457219,0.0,7.025028239156211e-06,0.0,0.017475194624766693,-0.03252480537523331,0
224.0,266.0837840159353,360.627993336259,0.0030328535727971364,0.07520443949666192,500003000.0,0.0,9.245287093814725e-06,1e-06,1.306252548441908e-08,0.0,0.0016550930878414171,0.0,7.015367533630743e-06,0.0,0.017451163018981947,-0.032548836981018056,0
225.0,266.0512351789543,359.7236625039087,0.0030301536942734628,0.07554642679865867,500003000.0,0.0,9.258294996193548e-06,1e-06,1.300790237882319e-08,0.0,0.0016620889532508417,0.0,7.005703811888581e-06,0.0,0.0174271239101706,-0.0325728760898294,0
226.0,266.01866230286447,358.8206965532636,0.0030274817284683068,0.07588881489170991,500003000.0,0.0,9.271248676328136e-06,1e-06,1.2953680134588233e-08,0.0,0.0016690752201072945,0.0,6.996037085179397e-06,0.0,0.017403077326316907,-0.032596922673683096,0
227.0,265.9860653801908,357.91909563860753,0.003024837385892606,0.07623160383561534,500003000.0,0.0,9.284148530024393e-06,1e-06,1.2899853696256749e-08,0.0,0.0016760518847649707,0.0,6.986367365046892e-06,0.0,0.01737902329613655,-0.03262097670386345,0
228.0,265.9534444034869,357.0188599120724,0.003022220381740846,0.07657479369479042,500003000.0,0.0,9.29699494812069e-06,1e-06,1.2846418096297032e-08,0.0,0.0016830189435991672,0.0,6.9766946634192325e-06,0.0,0.017354961849301572,-0.03264503815069843,0
229.0,265.9207993653362,356.11998946342186,0.003019630435777214,0.07691838453815883,500003000.0,1.0007159348731098,9.309788316573786e-06,3.893798613795018e-06,1.2793368453095798e-08,2.8937986137950184e-06,0.0016899763930064513,2.2692859215025705e-13,6.967018992561433e-06,5.059473104759591e-13,0.017330894443043043,-0.03266910555695696,1
230.0,265.88813025977925,355.2224846156078,0.0030170669924386396,0.07726237612338124,500003000.0,1.013854653770578,9.322529015362349e-06,4.6388013340971965e-06,1.2740698788562421e-08,7.450027203021782e-07,0.0016969242287601684,3.887326009451882e-13,6.957339718659992e-06,1.8729418937101532e-13,0.01730681574869822,-0.032693184251301785,1
231.0,265.85543707552796,354.32634533123,0.0030145305780521726,0.07760676942656067,500003000.0,1.0271313975865297,9.335217423117541e-06,5.2656760038997215e-06,1.2688407755192765e-08,6.268746698025254e-07,0.0017038624484923318,5.760316556428742e-13,6.947658696741517e-06,2.057283739027056e-13,0.01728273365660498,-0.03271726634339502,1
232.0,265.82271980918455,353.43157183616603,0.003012020106949487,0.07795156360863262,500003000.0,1.0405465413599637,9.34785391037986e-06,5.819255073134104e-06,1.2636487262318588e-08,5.535790692343832e-07,0.001710791047972364,7.876288882787239e-13,6.93797405055284e-06,2.2477870177322614e-13,0.01725864255065168,-0.03274135744934832,1
233.0,265.7899784517352,352.5381642530149,0.003009535683040794,0.07829675916781992,500003000.0,1.0541004300909795,9.360438844680146e-06,6.321373195544825e-06,1.2584934300285164e-08,5.021181224107207e-07,0.0017177100238354864,1.02276116037283e-12,6.928286639850232e-06,2.4371931428583554e-13,0.01723454456748867,-0.03276545543251133,1
234.0,265.75721299630266,351.64612272420004,0.003007076966944119,0.07864235610336305,500003000.0,1.0677933746864878,9.372972588731095e-06,6.784706580261137e-06,1.2533744050949293e-08,4.633333847163125e-07,0.0017246193725535476,1.2809682867938846e-12,6.91859629256249e-06,2.624352424146939e-13,0.01721043927875393,-0.03278956072124607,1
235.0,265.7244234355814,350.755447384765,0.0030046437219798227,0.07898835452938908,500003000.0,1.0816256520955396,9.385455500917022e-06,7.217417614696031e-06,1.2482912185927044e-08,4.32711034434894e-07,0.0017315190906620262,1.5619978405315404e-12,6.908903064388867e-06,2.809427432819846e-13,0.017186326823048662,-0.032813673176951344,1
236.0,265.6916097624044,349.86613836839354,0.0030022356933979114,0.07933475453902596,500003000.0,1.095597504166435,9.397887935275376e-06,7.62513905171401e-06,1.2432434358353878e-08,4.07721437017979e-07,0.0017384091747095546,1.8657449844398766e-12,6.899206960559501e-06,2.9928800812907893e-13,0.0171622072135134,-0.0328377927864866,1
237.0,265.65877196961793,348.9781958060227,0.002999852635249352,0.07968155623470524,500003000.0,1.109709136791202,9.41027024158946e-06,8.0119567365114e-06,1.2382306314083478e-08,3.868176847973897e-07,0.001745289621269359,2.192213729158268e-12,6.889507997922624e-06,3.175205760022441e-13,0.01713808049219888,-0.032861919507801124,1
238.0,265.6259100501101,348.09161982611045,0.0029974943042928802,0.08002875972126468,500003000.0,1.1239607189887564,9.422602765454534e-06,8.380948447050382e-06,1.233252386507477e-08,3.689917105389812e-07,0.0017521604269368869,2.5414910585516675e-12,6.879806191085798e-06,3.3568604040675886e-13,0.01711394669557088,-0.03288605330442912,1
239.0,265.5930239968057,347.2064105545343,0.002995160461267118,0.080376365107381,500003000.0,1.1383523820064319,9.434885848348043e-06,8.734502322338301e-06,1.2283082893508225e-08,3.535538752879195e-07,0.0017590215883305236,2.9137290204921425e-12,6.870101555510826e-06,3.5382445915639344e-13,0.017089805862204564,-0.03291019413779544,1
240.0,265.5601138026679,346.32256811457023,0.002992850870527486,0.08072437250517785,500003000.0,1.1528842184233292,9.44711982769718e-06,9.074516215390783e-06,1.2233979349138169e-08,3.400138930524817e-07,0.0017658731020916375,3.309131931199845e-12,6.860394106841895e-06,3.719705173846835e-13,0.017065658031113616,-0.03293434196888639,1
241.0,265.527179460699,345.4400926268576,0.002990565300027512,0.08107278203020098,500003000.0,1.1675562812604614,9.459305036945281e-06,9.40252836736656e-06,1.2185209248101506e-08,3.280121519757759e-07,0.0017727149648847508,3.727946976649848e-12,6.8506838610219645e-06,3.9015417847816184e-13,0.017041503242041647,-0.03295849675795835,1
242.0,265.4942209639411,344.55898420936524,0.0029883035212456507,0.08142159380131733,500003000.0,1.1823685830981163,9.471441805616812e-06,9.719806338574698e-06,1.2136768671529337e-08,3.172779712081381e-07,0.0017795471733976968,4.1704571403164316e-12,6.840970834280038e-06,4.0840140257901143e-13,0.017017341535432506,-0.032982658464567494,1
243.0,265.4612383054765,343.67924297735857,0.00298606530911673,0.0817708079406628,500003000.0,1.1973210952016855,9.483530459381016e-06,1.002740945279115e-05,1.2088653764205362e-08,3.076031142164519e-07,0.0017863697243417711,4.6369757668451926e-12,6.831255043125405e-06,4.267347991950527e-13,0.016993172952417843,-0.03300682704758216,1
244.0,265.4282314784289,342.80086904336787,0.0029838504419619793,0.08212042457355208,500003000.0,1.2124137466571354,9.495571320114263e-06,1.0326233819498417e-05,1.2040860733245637e-08,2.9882436670726714e-07,0.0017931826144518825,5.127842303037163e-12,6.8215365043351406e-06,4.451741812837176e-13,0.016968997534787547,-0.033031002465212456,1
245.0,265.3952004759637,341.9238625171568,0.0029816587014259476,0.08247044382840546,500003000.0,1.2276464235174316,9.507564705961096e-06,1.0617045540542818e-05,1.1993385846832348e-08,2.908117210444012e-07,0.0017999858404866948,5.643418903349535e-12,6.811815234953846e-06,4.637370229572389e-13,0.016944815324990387,-0.03305518467500962,1
246.0,265.3621452912887,341.04822350569185,0.0029794898724104187,0.08282086583667472,500003000.0,1.2430189679610688,9.519510931394056e-06,1.0900505689689015e-05,1.1946225432960996e-08,2.834601491461964e-07,0.0018067793992287693,6.184087681513596e-12,6.8020912522832365e-06,4.824388335102121e-13,0.0169206263661092,-0.0330793736338908,1
247.0,265.3290659176548,340.1739521131083,0.0029773437430277317,0.08317169073280045,500003000.0,1.2585311774641719,9.531410307272346e-06,1.1177189430867317e-05,1.189937587828981e-08,2.7668374117830216e-07,0.0018135632874847396,6.7502484525695895e-12,6.7923645739127615e-06,5.012934621781048e-13,0.016896430701937887,-0.033103569298062116,1
248.0,265.29596234835674,339.30104844068364,0.002975220104515237,0.08352291865410483,500003000.0,1.274182803987158,9.543263140899204e-06,1.1447600875622378e-05,1.185283362685735e-08,2.704114447550607e-07,0.0018203375020854214,7.342316852228876e-12,6.7826352176582465e-06,5.203133467262927e-13,0.01687222837682949,-0.033127771623170515,1
249.0,265.26283457673355,338.42951258680694,0.002973118751190488,0.08387454974072768,500003000.0,1.2899735531775955,9.55506973607819e-06,1.1712184787451698e-05,1.1806595178987084e-08,2.6458391182932017e-07,0.00182710203988596,7.960722750046073e-12,6.772903201590569e-06,5.395097168683243e-13,0.01684801943576812,-0.03315198056423188,1
250.0,265.2296825961693,337.5593446469484,0.002971039480397649,0.08422658413560818,500003000.0,1.3059030835904801,9.566830393168369e-06,1.1971335915289723e-05,1.1760657090178645e-08,2.5915112783802406e-07,0.0018338568977659835,8.605908893786387e-12,6.763168544041197e-06,5.588927614288025e-13,0.016823803924383162,-0.03317619607561684,1
251.0,265.1965064000937,336.6905447136316,0.002968982092440196,0.08457902198434854,500003000.0,1.321971005927233,9.578545409138336e-06,1.2225406518638092e-05,1.1715015969966822e-08,2.540706033483687e-07,0.0018406020726297293,9.278329737402829e-12,6.753431263573571e-06,5.784717663629043e-13,0.01679958188887852,-0.03320041811112148,1
252.0,265.1633059819826,335.8231128764035,0.002966946390538018,0.08493186343523067,500003000.0,1.3381768822949334,9.590215077619236e-06,1.247471249544931e-05,1.1669668480898648e-08,2.4930597681121824e-07,0.001847337561406196,9.978450416015892e-12,6.743691379007248e-06,5.982552292731333e-13,0.016775353376092976,-0.03322464662390703,1
253.0,265.1300813353587,334.95704922180744,0.002964932180761911,0.08528510863908517,500003000.0,1.3545202254870137,9.601839688956677e-06,1.2719538417672515e-05,1.1624611337441833e-08,2.4482592222320507e-07,0.0018540633610492686,1.0706745839411418e-11,6.733948909387822e-06,6.18250954885599e-13,0.01675111843342563,-0.03324888156657437,1
254.0,265.0968324537921,334.0923538333568,0.0029629392719808575,0.08563875774925697,500003000.0,1.37100049828693,9.613419530261641e-06,1.2960141703649069e-05,1.1579841304964297e-08,2.406032859765541e-07,0.0018607794685378456,1.1463699881671487e-11,6.724203873983313e-06,6.384661350275033e-13,0.016726877108827178,-0.033273122891172825,1
255.0,265.06355933090094,333.22902679150513,0.002960967475826454,0.0859928109215635,500003000.0,1.3876171127962722,9.624954885460441e-06,1.3196756101744254e-05,1.1535355198800022e-08,2.366143980951856e-07,0.0018674858808759927,1.2249804649179938e-11,6.7144562923168396e-06,6.589074159216029e-13,0.016702629450881308,-0.033297370549118695,1
256.0,265.0302619603518,332.36706817361994,0.002959016606628346,0.08634726831421584,500003000.0,1.4043694297885705,9.636446035343662e-06,1.3429594619397233e-05,1.1491149883220388e-08,2.3283851765297837e-07,0.0018741825950930712,1.3065559812793142e-11,6.704706184130895e-06,6.795809550475372e-13,0.016678375508716085,-0.03332162449128392,1
257.0,264.99694033586053,331.50647805395744,0.0029570864813644603,0.08670213008776353,500003000.0,1.4212567580902964,9.647893257614145e-06,1.3658852001905595e-05,1.1447222270482466e-08,2.2925738250836197e-07,0.001880869608243859,1.391147199272232e-11,6.694953569382812e-06,7.004924693769917e-13,0.016654115331992726,-0.03334588466800728,1
258.0,264.96359445119253,330.647256503636,0.0029551769196187465,0.08705739640506226,500003000.0,1.438278353990539,9.659296826934068e-06,1.3884706842817604e-05,1.1403569319924401e-08,2.2585484091200846e-07,0.0018875469174086815,1.4788054186828912e-11,6.685198468254849e-06,7.216472764404366e-13,0.01662984897093085,-0.03337015102906915,1
259.0,264.93022430016345,329.78940359060766,0.002953287743542788,0.08741306743117588,500003000.0,1.4554334206807598,9.670657014971161e-06,1.4107323390759244e-05,1.1360188037092783e-08,2.2261654794164032e-07,0.0018942145196935716,1.5695825234735474e-11,6.675440901170623e-06,7.430503294071106e-13,0.016605576476349443,-0.03339442352365056,1
260.0,264.8968298766398,328.932919379638,0.0029514187777800903,0.08776914333336122,500003000.0,1.4727211077258207,9.681974090443905e-06,1.4326853104448781e-05,1.1317075472743592e-08,2.1952971368953792e-07,0.0019008724122303467,1.6635309311508968e-11,6.6656808887248405e-06,7.647062471433726e-13,0.016581297899492146,-0.03341870210050786,1
261.0,264.8634111745393,328.0778039322753,0.0029495698494621443,0.0881256242810093,500003000.0,1.49014051056818,9.693248319166042e-06,1.4543435997529812e-05,1.1274228722136126e-08,2.1658289308103105e-07,0.0019075205921767874,1.7607035445768293e-11,6.655918451773214e-06,7.866193400388582e-13,0.016557013292250993,-0.033442986707749006,1
262.0,264.8299681878315,327.22405730682874,0.0029477407881322235,0.08848251044558005,500003000.0,1.5076906700660881,9.704479964090106e-06,1.4757201806951405e-05,1.123164492406495e-08,2.1376580942159305e-07,0.0019141590567167393,1.861153705793739e-11,6.646153611356738e-06,8.08793632251314e-13,0.016532722706978108,-0.033467277293021895,1
263.0,264.7965009105385,326.3716795583451,0.0029459314257100416,0.08883980200056071,500003000.0,1.5253705720675501,9.715669285350171e-06,1.4968271012404444e-05,1.1189321260065199e-08,2.1106920545303967e-07,0.0019207878030602311,1.9649351515092943e-11,6.636386388716342e-06,8.31232880909456e-13,0.01650842619652223,-0.033491573803477774,1
264.0,264.763009336735,325.5206707385811,0.002944141596465194,0.08919749912142114,500003000.0,1.5431791470213714,9.726816540303837e-06,1.5176755729391325e-05,1.114725495366579e-08,2.0848471698688045e-07,0.001927406828443626,2.0721019699439638e-11,6.626616805325192e-06,8.539405927218882e-13,0.016484123814309075,-0.03351587618569093,1
265.0,264.72949346054935,324.67103089598237,0.0029423711369545875,0.08955560198555933,500003000.0,1.5611152696264499,9.737921983573357e-06,1.5382760494567727e-05,1.1105443269520739e-08,2.0600476517640066e-07,0.001934016130129726,2.1827085587929908e-11,6.616844882837804e-06,8.769200383665705e-13,0.016459815614214824,-0.03354018438578518,1
266.0,264.69595327616355,323.82276007565764,0.0029406198860002595,0.0899141107722582,500003000.0,1.579177758520884,9.748985867086066e-06,1.5586382958829317e-05,1.1063883512708414e-08,2.036224642615912e-07,0.0019406157054079136,2.2968095840954835e-11,6.607070643128283e-06,9.001742649757594e-13,0.01643550165066127,-0.03356449834933874,1
267.0,264.6623887778142,322.97585831935885,0.0029388876846282532,0.09027302566262482,500003000.0,1.5973653760119164,9.760008440113964e-06,1.578771450105528e-05,1.1022573027897786e-08,2.0133154222596046e-07,0.001947205551594243,2.4144599398363894e-11,6.597294108238983e-06,9.23706106981288e-13,0.016411181978488124,-0.03358881802151188,1
268.0,264.62879995979273,322.1303256654551,0.0029371743760562676,0.090632346839575,500003000.0,1.6156768278483522,9.770989949312675e-06,1.5986840773336927e-05,1.0981509198712218e-08,1.9912627228164824e-07,0.001953785666031593,2.5357147081364785e-11,6.587515300437067e-06,9.475181955457194e-13,0.016386856653093765,-0.03361314334690624,1
269.0,264.59518681644585,321.2861621489097,0.00293547980564252,0.09099207448776155,500003000.0,1.634110763036318,9.781930638759635e-06,1.6183842186814632e-05,1.0940689446960344e-08,1.970014134777031e-07,0.0019603560460897886,2.660629119908477e-11,6.577734242181987e-06,9.71612966769306e-13,0.016362525730354342,-0.03363747426964566,1
270.0,264.5615493421762,320.4433678012601,0.0029338038208427133,0.09135220879354984,500003000.0,1.6526657736997372,9.792830749991546e-06,1.6378794345844027e-05,1.0900111231911193e-08,1.9495215902939589e-07,0.0019669166891657023,2.7892585158787823e-11,6.567950956109547e-06,9.959926688370828e-13,0.01633818926658417,-0.03366181073341583,1
271.0,264.5278875314428,319.60194265059545,0.0029321462711802654,0.09171274994493718,500003000.0,1.671340394986652,9.803690522041178e-06,1.6571768437053116e-05,1.085977204963161e-08,1.9297409120909035e-07,0.001973467592683376,2.921658307891426e-11,6.55816546504405e-06,1.020659368245002e-12,0.016313847318565944,-0.03368615268143406,1
272.0,264.4942013787614,318.76188672153285,0.0029305070082191846,0.09207369813157376,500003000.0,1.6901331050225943,9.814510191473524e-06,1.676283157888923e-05,1.081966943234533e-08,1.9106314183611658e-07,0.0019800087540941566,3.057883940426379e-11,6.548377792014593e-06,1.0456149552272411e-12,0.01628949994359131,-0.03371050005640869,1
273.0,264.46049087870495,317.92320003519586,0.00292888588552097,0.09243505354467381,500003000.0,1.7090423249118813,9.82528999242127e-06,1.6952047136451073e-05,1.0779800947744869e-08,1.8921555756184272e-07,0.001986540170876811,3.1979908522767324e-11,6.538587960233999e-06,1.0708611484864501e-12,0.01626514719940845,-0.033734852800591554,1
274.0,264.42675602590435,317.08588260919686,0.002927282758597451,0.09279681637696856,500003000.0,1.7280664187878816,9.83603015661957e-06,1.713947500572815e-05,1.0740164198301042e-08,1.8742786927707663e-07,0.001993061840537617,3.342034438341114e-11,6.528795993067229e-06,1.0963994993187515e-12,0.016240789144143536,-0.03375921085585647,1
275.0,264.3929968150485,316.2499344576105,0.0029256974849123083,0.09315898682271667,500003000.0,1.7472036939135152,9.846730913440334e-06,1.7325171870803557e-05,1.0700756820762691e-08,1.8569686507540744e-07,0.0019995737606105218,3.490070011498289e-11,6.5190019141069325e-06,1.122231395212469e-12,0.016216425836488663,-0.03378357416351134,1
276.0,264.35921324088497,315.41535559095684,0.0029241299238124277,0.0935215650776178,500003000.0,1.7664524008323625,9.857392489925744e-06,1.750919143709731e-05,1.0661576485409654e-08,1.8401956629375147e-07,0.0020060759286572275,3.6421527645378603e-11,6.509205747090838e-06,1.148358062987098e-12,0.016192057335496363,-0.03380794266450364,1
277.0,264.32540529822046,314.58214601617897,0.0029225799365183236,0.09388455133878373,500003000.0,1.7858107335716804,9.868015110821277e-06,1.7691584643322074e-05,1.0622620895533708e-08,1.8239320622476627e-07,0.002012568342267322,3.798337732130747e-11,6.499407515949543e-06,1.1747805715346214e-12,0.016167683700698505,-0.0338323162993015,1
278.0,264.29157298192115,313.750305736623,0.0029210473860843515,0.09424794580472966,500003000.0,1.8052768298978505,9.878598998608096e-06,1.787239985447797e-05,1.0583887786819237e-08,1.8081521115589553e-07,0.0020190509990583873,3.9586797528285724e-11,6.489607244785486e-06,1.2014998342154774e-12,0.016143304992053978,-0.033856695007946025,1
279.0,264.2577162869132,312.9198347520179,0.002919532137369996,0.09461174867528592,500003000.0,1.824848771625024,9.88914437353487e-06,1.8051683037918144e-05,1.0545374926774883e-08,1.7928318344017248e-07,0.002025523896676117,4.123233431087623e-11,6.4798049578752166e-06,1.22851661095461e-12,0.01611892126995435,-0.03388107873004566,1
280.0,264.2238352081832,312.0907330584565,0.0029180340570069295,0.09497596015160484,500003000.0,1.844524584977591,9.89965145364903e-06,1.822947792426481e-05,1.0507080114159982e-08,1.7779488634666805e-07,0.002031987032794422,4.292053099318606e-11,6.470000679660942e-06,1.2558315100809315e-12,0.01609453259520284,-0.03390546740479716,1
281.0,264.1899297407784,311.2630006483723,0.0029165530133850323,0.09534058043613054,500003000.0,1.8643022410071382,9.910120454827519e-06,1.8405826154738225e-05,1.0469001178489062e-08,1.7634823047341524e-07,0.0020384404051155716,4.4651927799683407e-11,6.460194434782799e-06,1.2834449899452815e-12,0.016070139029094627,-0.033929860970905376,1
282.0,264.1559998798075,310.43663751052554,0.002915088876590352,0.09570560973250361,500003000.0,1.8841796560640298,9.920551590806892e-06,1.858076741627403e-05,1.043113597937317e-08,1.749412615358062e-07,0.0020448840113702605,4.642706147642832e-11,6.450386248003273e-06,1.3113573603488157e-12,0.016045740633228802,-0.0339542593667712,1
283.0,264.1220456204407,309.61164362997795,0.0029136415184208876,0.09607104824560428,500003000.0,1.9041546923245884,9.930945073213042e-06,1.8754339565643236e-05,1.039348240615021e-08,1.7357214936920776e-07,0.002051317849317769,4.824646491287481e-11,6.440576144302902e-06,1.33956878381388e-12,0.016021337469746454,-0.03397866253025355,1
284.0,264.0880669579104,308.7880189880795,0.002912210812313617,0.09643689618145,500003000.0,1.924225158373478,9.941301111590248e-06,1.8926578743648438e-05,1.0356038377206113e-08,1.722391780052019e-07,0.00205774191674603,5.0110666764403445e-11,6.430764148778122e-06,1.368079276719241e-12,0.015996929601076595,-0.034003070398923405,1
285.0,264.0540638875115,307.96576356244583,0.0029107966333541974,0.09680315374721335,500003000.0,1.9443888098422284,9.95161991342985e-06,1.9097519480348603e-05,1.0318801839600897e-08,1.7094073670016346e-07,0.0020641562114717647,5.2020191075812724e-11,6.42095028672096e-06,1.3968887103269565e-12,0.015972517090134333,-0.03402748290986567,1
286.0,264.0200364046016,307.1448773269381,0.0029093988582415027,0.09716982115118064,500003000.0,1.9646433501035707,9.961901684198391e-06,1.926719479215836e-05,1.0281770768541382e-08,1.6967531180975583e-07,0.002070560731340611,5.397555690599538e-11,6.41113458359752e-06,1.425996811719167e-12,0.015948100000267425,-0.03405189999973258,1
287.0,263.9859845046019,306.32536025165086,0.0029080173652324824,0.0975368986026647,500003000.0,1.9849864310215979,9.972146627365186e-06,1.9435636271575052e-05,1.0244943166793935e-08,1.684414794166925e-07,0.002076955474227176,5.5977277954061803e-11,6.4013170649821416e-06,1.4554031646637926e-12,0.015923678395092462,-0.03407632160490754,1
288.0,263.951908182997,305.50721230288616,0.002906652034169381,0.09790438631207023,500003000.0,2.005415653758283,9.982354944429582e-06,1.960287417020598e-05,1.0208317064396373e-08,1.672378986309282e-07,0.002083340438035209,5.8025862187215395e-11,6.39149775667202e-06,1.4851072104294037e-12,0.015899252338779986,-0.03410074766122002,1
289.0,263.91780743533576,304.69043344314116,0.002905302746404312,0.09827228449077081,500003000.0,2.025928569635375,9.992526834947597e-06,1.9768937475696452e-05,1.0171890518015391e-08,1.6606330549047405e-07,0.0020897156206976684,6.012181147066299e-11,6.381676684574469e-06,1.5151082485592707e-12,0.015874821895774077,-0.034125178104225926,1
290.0,263.88368225723156,303.87502363108814,0.002903969384804578,0.09864059335112069,500003000.0,2.046522681052186,1.0002662496558194e-05,1.9933853983097166e-05,1.0135661610596947e-08,1.6491650740071343e-07,0.002096081020176838,6.226562119990896e-11,6.3718538747710915e-06,1.5454054376236602e-12,0.01585038713095198,-0.034149612869048024,1
291.0,263.8495326443625,303.0609828215552,0.0029026518337264408,0.09900931310644694,500003000.0,2.067195442458561,1.0012762125009106e-05,2.0097650361153875e-05,1.009962845091257e-08,1.6379637805671022e-07,0.0021024366344644563,6.445777993576622e-11,6.362029353511316e-06,1.5759977959605864e-12,0.015825948109608003,-0.034174051890392,1
292.0,263.81535859247214,302.24831096551264,0.0029013499789715728,0.09937844397096926,500003000.0,2.0879442613825367,1.002282591418216e-05,2.0260352213953508e-05,1.0063789173053474e-08,1.6270185279963101e-07,0.002108782461581785,6.669876904243833e-11,6.352203147167061e-06,1.6068842024156165e-12,0.015801504897340776,-0.034198495102659224,1
293.0,263.7811600973695,301.4370080100514,0.0029000637077929775,0.09974798615980078,500003000.0,2.1087664995125537,1.0032854056118265e-05,2.0421984138317832e-05,1.0028141936104201e-08,1.6163192436432485e-07,0.0021151184995797543,6.89890623290556e-11,6.342375282294899e-06,1.6380633970937126e-12,0.015777057560207877,-0.034222942439792126,1
294.0,263.7469371549297,300.6270738983695,0.0028987929088448365,0.10011793988891426,500003000.0,2.1296594738330796,1.0042846741041892e-05,2.058256977729739e-05,9.992684923628427e-09,1.6058563897955516e-07,0.002121444746539035,7.13291256950316e-11,6.3325457855743615e-06,1.6695339821304406e-12,0.015752606164572348,-0.03424739383542766,1
295.0,263.7126897610943,299.8185085697526,0.002897537472181972,0.10048830537511455,500003000.0,2.1506204578134045,1.0052804157385226e-05,2.0742131870084296e-05,9.957416343333972e-09,1.595620927869065e-07,0.0021277612005701696,7.37194167796437e-11,6.322714683853985e-06,1.7012944224921185e-12,0.01572815077721727,-0.03427184922278273,1
296.0,263.6784179118715,299.01131195955844,0.0028962972892249326,0.10085908283601239,500003000.0,2.1716466826484018,1.0062726491811851e-05,2.0900692298632337e-05,9.922334426625543e-09,1.5856042854804175e-07,0.002134067859813661,7.616038461622532e-11,6.312882004121187e-06,1.7333430468122706e-12,0.01570369146527081,-0.03429630853472919,1
297.0,263.64412160333677,298.20548399919863,0.0028950722527479114,0.10123027248998638,500003000.0,2.192735338550595,1.0072613929240095e-05,2.10582721312456e-05,9.887437428242965e-09,1.5757983261326044e-07,0.002140364722440095,7.86524692913809e-11,6.3030477735211785e-06,1.7656780482714234e-12,0.01567922829625327,-0.034320771703746734,1
298.0,263.60980083163304,297.4010246161264,0.0028938622568376346,0.1016018745561692,500003000.0,2.2138835760922024,1.0082466652865902e-05,2.1214891663372858e-05,9.852723625806657e-09,1.566195321272604e-07,0.0021466517866502036,8.119610160962191e-11,6.293212019311751e-06,1.7982974855269203e-12,0.015654761337964628,-0.03434523866203537,1
299.0,263.575455592971,296.5979337338143,0.0028926671969102726,0.10197388925442347,500003000.0,2.235088507596538,1.009228484418547e-05,2.13705704558233e-05,9.818191319567462e-09,1.5567879245043985e-07,0.0021529290506750237,8.379170276385262e-11,6.283374768943554e-06,1.8311992836983285e-12,0.015630290658684234,-0.034369709341315766,1
300.0,263.5410858836297,295.7962112717415,0.0028914869696555733,0.10234631680527986,500003000.0,2.2563472085769036,1.0102068683017384e-05,2.1525327370599628e-05,9.783838831914279e-09,1.5475691477632864e-07,0.0021591965127759653,8.643968401209409e-11,6.2735360499810505e-06,1.864381235412511e-12,0.015605816326974177,-0.034394183673025824,1
301.0,263.50669169995666,294.9958571453787,0.002890321473028615,0.10271915742998546,500003000.0,2.2776567192221147,1.0111818347524435e-05,2.1679180604527604e-05,9.749664507050688e-09,1.5385323392797496e-07,0.0021654541712449126,8.914044636087674e-11,6.263695890126464e-06,1.8978410019158905e-12,0.015581338411738864,-0.03441866158826114,1
302.0,263.4722730383684,294.1968712661713,0.0028891706062341947,0.10309241135037506,500003000.0,2.2990140459270854,1.0121534014235086e-05,2.183214772084484e-05,9.715666710651953e-09,1.5296711631723866e-07,0.0021717020244043286,9.189438025570345e-11,6.2538543172267776e-06,1.9315761142528756e-12,0.015556856982242438,-0.03444314301775757,1
303.0,263.43782989535066,293.39925354152035,0.002888034269720217,0.10346607878896381,500003000.0,2.320416162867094,1.0131215858064643e-05,2.198424567889832e-05,9.681843829557701e-09,1.5209795805347832e-07,0.0021779400706073895,9.470186527900049e-11,6.244011359299399e-06,1.9655839745209833e-12,0.015532372108172618,-0.03446762789182738,1
304.0,263.4033622674588,292.60300387477355,0.002886912365119087,0.10384015996881392,500003000.0,2.3418600136136734,1.014086405233594e-05,2.213549086208662e-05,9.648194271296014e-09,1.5124518318830416e-07,0.002184168308238026,9.756326985593683e-11,6.234167044444568e-06,1.9998618571976137e-12,0.015507883859422809,-0.03449211614057719,1
305.0,263.3688701513182,291.80812216520474,0.0028858047952753014,0.10421465511358637,500003000.0,2.363342512791168,1.0150478768799841e-05,2.2285899104172134e-05,9.614716463902468e-09,1.5040824208551402e-07,0.00219038673571107,1.0047895096854326e-10,6.224321400943595e-06,2.034406910548995e-12,0.015483392306336491,-0.03451660769366351,1
306.0,263.33435354362456,291.0146083080016,0.0028847114641955434,0.10458956444747106,500003000.0,2.3848605477714835,1.0160060177655325e-05,2.2435485714077544e-05,9.581408855484535e-09,1.495866099054095e-07,0.002196595351472331,1.0344925387849214e-10,6.214474457188735e-06,2.069216158117475e-12,0.015458897519532765,-0.03454110248046724,1
307.0,263.29981244114407,290.2224621942474,0.0028836322770551706,0.10496488819521464,500003000.0,2.4064109804056875,1.0169608447569304e-05,2.2584265499271957e-05,9.548269913979838e-09,1.48779785194414e-07,0.0022027941539987162,1.0647451185894415e-10,6.2046262417341544e-06,2.104286500293463e-12,0.015434399570033163,-0.03456560042996684,1
308.0,263.2652468407141,289.43168371091065,0.0028825671401506124,0.10534062658200885,500003000.0,2.427990648790041,1.0179123745696045e-05,2.2732252787843113e-05,9.515298126739757e-09,1.4798728857115715e-07,0.0022089831417983,1.0955504593581381e-10,6.194776783229623e-06,2.1396147159686707e-12,0.015409898529096678,-0.03459010147090333,1
309.0,263.2306567392432,288.64227274082623,0.00288151596091621,0.10571677983358016,500003000.0,2.449596369064983,1.0188606237696377e-05,2.2879461449344873e-05,9.482492000331856e-09,1.472086615017602e-07,0.0022151623134104488,1.1269116463884436e-10,6.184926110492351e-06,2.1751974642786597e-12,0.015385394468398499,-0.034614605531601506,1
310.0,263.1960421337116,287.854229162682,0.0028804786478862847,0.10609334817608136,500003000.0,2.4712249372445165,1.0198056087756543e-05,2.3025904914501636e-05,9.449850060165563e-09,1.4644346515676108e-07,0.002221331667405911,1.1588316376282099e-10,6.175074252460183e-06,2.2110312864274954e-12,0.015360887459913557,-0.03463911254008645,1
311.0,263.1614030211715,287.06755285100536,0.0028794551106798806,0.10647033183610338,500003000.0,2.4928731310740084,1.0207473458606741e-05,2.3171596193845353e-05,9.417370850198213e-09,1.4569127934371838e-07,0.002227491202386906,1.191313261392719e-10,6.1652212381930626e-06,2.2471126076011557e-12,0.015336377575920187,-0.03466362242407982,1
312.0,263.1267393987474,286.28224367614894,0.0028784452599891664,0.10684773104064056,500003000.0,2.5145377119142602,1.0216858511539398e-05,2.3316547895354803e-05,9.385052932657654e-09,1.449517015094493e-07,0.002233640916987225,1.2243592141898713e-10,6.1553670968816915e-06,2.283437738966721e-12,0.015311864889021672,-0.03468813511097833,1
313.0,263.09205126363645,285.49830150427493,0.0028774490075675844,0.10722554601709368,500003000.0,2.5362154266494787,1.0226211406427166e-05,2.3460772241161502e-05,9.352894887768344e-09,1.4422434580669829e-07,0.0022397808098723318,1.2579720586566274e-10,6.1455118578549535e-06,2.320002879758684e-12,0.015287349472164723,-0.03471265052783528,1
314.0,263.05733861310864,284.7157261973416,0.002876466266208328,0.10760377699321529,500003000.0,2.5579030096167865,1.0235532301740617e-05,2.3604281083381773e-05,9.320895313450444e-09,1.435088422202688e-07,0.0022459108797394586,1.292154221609664e-10,6.135655550566024e-06,2.356804119450034e-12,0.015262831398604909,-0.03473716860139509,1
315.0,263.02260144450725,283.93451761308904,0.0028754969497322112,0.10798242419712441,500003000.0,2.579597184554941,1.024482135456567e-05,2.374708591913012e-05,9.289052825054058e-09,1.4280483574834477e-07,0.0022520311253177027,1.3269079922130735e-10,6.125798204598058e-06,2.3938374400099244e-12,0.015238310741920847,-0.034761689258079154,1
316.0,262.9878397552492,283.1546756050277,0.002874540972961177,0.10836148785724307,500003000.0,2.6012946665696863,1.0254078720620722e-05,2.388919790476488e-05,9.257366055051407e-09,1.4211198563476106e-07,0.002258141545368105,1.3622355202656545e-10,6.115939849638658e-06,2.4310987182437924e-12,0.01521378757595066,-0.03478621242404934,1
317.0,262.95305354282516,282.37620002242113,0.002873598251727814,0.10874096820231827,500003000.0,2.6229921641135827,1.0263304554273571e-05,2.403062786941359e-05,9.225833652849452e-09,1.41429964648712e-07,0.002264242138683768,1.398138814610428e-10,6.106080515530528e-06,2.4685837282182957e-12,0.015189261974918015,-0.034810738025081986,1
318.0,262.91824280480006,281.59909071027414,0.0028726687028400788,0.10912086546138593,500003000.0,2.6446863809774053,1.0272499008558032e-05,2.41713863278219e-05,9.19445428446187e-09,1.4075845840830775e-07,0.002270332904089943,1.434619741668421e-10,6.096220232226061e-06,2.5062881437661597e-12,0.015164734013319156,-0.034835265986680845,1
319.0,262.8834075388134,280.82334750932205,0.002871752244063162,0.1095011798637121,500003000.0,2.666374018290708,1.0281662235190273e-05,2.4311483492566802e-05,9.163226632241191e-09,1.4009716474490372e-07,0.002276413840444098,1.4716800240988484e-10,6.086359029778162e-06,2.5442075410700335e-12,0.015140203765900076,-0.034859796234099925,1
320.0,262.8485477425793,280.04897025601093,0.002870848794141299,0.10988191163885877,500003000.0,2.688051776529354,1.0290794384585015e-05,2.4450929285672303e-05,9.132149394741889e-09,1.3944579310550161e-07,0.002282484946636065,1.509321239587795e-10,6.07649693841509e-06,2.5823374013268536e-12,0.015115671307842707,-0.034884328692157296,1
321.0,262.8136634138871,279.27595878249235,0.002869958272728293,0.11026306101658435,500003000.0,2.709716357526586,1.0299895605871311e-05,2.4589733349662532e-05,9.101221286296111e-09,1.3880406399022897e-07,0.002288546221588066,1.547544819766551e-10,6.0666339884212444e-06,2.6206731134834165e-12,0.015091136714468373,-0.03490886328553163,1
322.0,262.7787545506016,278.50431291660374,0.0028690806004298816,0.1106446282268567,500003000.0,2.7313644664860592,1.030896604690826e-05,2.472790505808534e-05,9.070441036949813e-09,1.3817170842280656e-07,0.0022945976642548623,1.5863520492616498e-10,6.056770210254543e-06,2.659209977047776e-12,0.015066600061529784,-0.03493339993847022,1
323.0,262.7438211506631,277.73403248185843,0.0028682156987538954,0.11102661349985486,500003000.0,2.752992813993385,1.031800585430037e-05,2.4865453525536943e-05,9.039807392108831e-09,1.375484674516033e-07,0.002300639273623823,1.6257440648773615e-10,6.0469056344678895e-06,2.6979432049702653e-12,0.015042061425015688,-0.03495793857498432,1
324.0,262.70886321208815,276.9651172974349,0.0028673634901005903,0.1114090170658912,500003000.0,2.7745981180239516,1.0327015173412687e-05,2.5002387617216084e-05,9.009319112317082e-09,1.3693409167914198e-07,0.0023066710487149923,1.6657218549118516e-10,6.037040291715471e-06,2.7368679265902126e-12,0.015017520881166547,-0.034982479118833454,1
325.0,262.67388073296934,276.1975671781588,0.0028665238977791862,0.11179183915546827,500003000.0,2.796177105944621,1.0335994148385806e-05,2.513871595803448e-05,8.978974973119923e-09,1.3632834081839388e-07,0.002312692988581235,1.7062862586079432e-10,6.0271742128135325e-06,2.7759791906503573e-12,0.014992978506625728,-0.03500702149337427,1
326.0,262.638873711476,275.4313819344952,0.0028656968459547304,0.11217507999919304,500003000.0,2.817726516506106,1.0344942922150517e-05,2.5274446941308255e-05,8.948773764712039e-09,1.357309832737777e-07,0.00231870509230828,1.7474379657386684e-10,6.0173074286539715e-06,2.815271968368883e-12,0.014968434378224564,-0.03503156562177544,1
327.0,262.60384214585423,274.66656137253415,0.002864882259663434,0.11255873982781243,500003000.0,2.839243101824051,1.0353861636442321e-05,2.54095887370538e-05,8.918714291804101e-09,1.3514179574554342e-07,0.0023247073590148292,1.7891775163283304e-10,6.007439970261735e-06,2.8547411565725024e-12,0.01494388857312515,-0.035056111426874856,1
328.0,262.5687860344274,273.90310529397857,0.0028640800647906045,0.11294281887214656,500003000.0,2.8607236293459435,1.0362750431815696e-05,2.554414929990957e-05,8.8887953733751e-09,1.3456056285577333e-07,0.0023306997878526454,1.831505300508979e-10,5.99757186877297e-06,2.894381580881532e-12,0.014919341168765995,-0.035080658831234006,1
329.0,262.5337053755961,273.1410134961318,0.002863290188062729,0.11332731736311638,500003000.0,2.8821648838013885,1.0371609447658168e-05,2.56781363767044e-05,8.85901584247232e-09,1.339870767948303e-07,0.002336682378006643,1.8744215585122387e-10,5.987703155442516e-06,2.934187998948129e-12,0.014894792242880676,-0.035105207757119325,1
330.0,262.498600167839,272.380285771888,0.002862512557022417,0.11371223553169099,500003000.0,2.9035636691331894,1.038043882220413e-05,2.5811557513691165e-05,8.82937454596151e-09,1.334211369867631e-07,0.0023426551286949565,1.9179263807960967e-10,5.977833861615146e-06,2.974155103739757e-12,0.0148702418734263,-0.03512975812657371,1
331.0,262.46347040971244,271.620921909716,0.0028617471000454385,0.11409757360891151,500003000.0,2.9249168104070455,1.038923869254854e-05,2.594442006346381e-05,8.799870344410206e-09,1.328625497726452e-07,0.0023486180391690645,1.9620197083062615e-10,5.967964018784374e-06,3.0142775268681254e-12,0.014845690138729797,-0.0351543098612702,1
332.0,262.42831609985114,270.8629216936505,0.002860993746299545,0.11448333182580928,500003000.0,2.9462211556970024,1.0398009194660334e-05,2.607673119157434e-05,8.770502111794214e-09,1.3231112811053072e-07,0.002354571108713851,2.0067013328709936e-10,5.958093658529141e-06,3.0545498419547554e-12,0.014821137117330452,-0.035178862882669554,1
333.0,262.39313723696847,270.1062849032809,0.0028602524257432017,0.11486951041345005,500003000.0,2.967473577944639,1.0406750463395664e-05,2.6208497882865592e-05,8.741268735330725e-09,1.3176669129125136e-07,0.00236051433664769,2.0519708977286327e-10,5.948222812533649e-06,3.0949665680352723e-12,0.01479658288802923,-0.035203417111970774,1
334.0,262.3579338198565,269.3510113137366,0.0028595230691297615,0.11525610960290221,500003000.0,2.988670976789664,1.0415462632510994e-05,2.6339726947534463e-05,8.712169115330343e-09,1.3122906466886998e-07,0.0023664477223225553,2.097827898186574e-10,5.938351512617933e-06,3.1355221729933834e-12,0.014772027529964846,-0.03522797247003516,1
335.0,262.3227058473865,268.59710069567893,0.002858805607970731,0.11564312962520845,500003000.0,3.00981028036938,1.0424145834675921e-05,2.6470425026939447e-05,8.68320216492696e-09,1.306980794049835e-07,0.0023723712651240814,2.1442716824100196e-10,5.928479790682927e-06,3.1762110770219708e-12,0.014747471122477124,-0.03525252887752288,1
336.0,262.28745331850894,267.84455281528574,0.002858099974554053,0.11603057071136519,500003000.0,3.0308884470852444,1.04328002014859e-05,2.6600598599165498e-05,8.654366809978452e-09,1.3017357222605218e-07,0.002378284964471679,2.1913014523391538e-10,5.918607678769597e-06,3.217027656107775e-12,0.014722913745254099,-0.035277086254745904,1
337.0,262.2521762322542,267.0933674342472,0.0028574061018901507,0.11641843309232115,500003000.0,3.0519024673338446,1.0441425863474651e-05,2.6730253984358484e-05,8.62566198875064e-09,1.2965538519298695e-07,0.0023841888198185657,2.238916264732456e-10,5.908735208967808e-06,3.2579662455350628e-12,0.014698355478105331,-0.03530164452189467,1
338.0,262.2168745877323,266.34354430974525,0.0028567239237683954,0.11680671699896317,500003000.0,3.0728493652010744,1.045002295012659e-05,2.685939734984073e-05,8.597086651938375e-09,1.2914336548224445e-07,0.002390082830651927,2.2871150323346682e-10,5.898862413553607e-06,3.299021143404204e-12,0.014673796401303419,-0.035326203598696586,1
339.0,262.18154838413363,265.59508319445126,0.0028560533746721365,0.11719542266208569,500003000.0,3.0937262001164614,1.0458591589888851e-05,2.6988034715018474e-05,8.568639762261605e-09,1.2863736517774554e-07,0.0023959669964929296,2.335896525166364e-10,5.888989324833369e-06,3.340186614159467e-12,0.014649236595196305,-0.0353507634048037,1
340.0,262.14619762072886,264.8479838365094,0.0028553943898287143,0.11758455031239656,500003000.0,3.114530068466786,1.0467131910183323e-05,2.711617195609153e-05,8.540320294471668e-09,1.281372410730542e-07,0.002401841316896851,2.385259371933413e-10,5.879115975266851e-06,3.3814568921244746e-12,0.014624676140513394,-0.03537532385948661,1
341.0,262.11082229686934,264.1022459795277,0.002854746905169121,0.11797410018048334,500003000.0,3.135258105166492,1.047564403741841e-05,2.724381481057467e-05,8.512127235087509e-09,1.2764285448313997e-07,0.0024077057914531487,2.435202061553167e-10,5.8692423974030725e-06,3.422826185038035e-12,0.01460011511820606,-0.03539988488179394,1
342.0,262.0754224119876,263.3578693625705,0.00285411085731195,0.11836407249677844,500003000.0,3.155907485183312,1.0484128097000617e-05,2.7370968881639896e-05,8.484059582208408e-09,1.2715407106522632e-07,0.0024135604197855188,2.485722944794638e-10,5.8593686238663304e-06,3.4642886775874795e-12,0.014575553609412872,-0.03542444639058713,1
343.0,262.03999796559697,262.6148537201402,0.0028534861835991005,0.11875446749162283,500003000.0,3.176475425017932,1.04925842133461e-05,2.74976396422882e-05,8.456116345482564e-09,1.266707606483047e-07,0.002419405201552038,2.5368202360300586e-10,5.849494687448041e-06,3.5058385349383314e-12,0.01455099169568807,-0.035449008304311934,1
344.0,262.0045489572926,261.8731987821758,0.0028528728220180875,0.11914528539514621,500003000.0,3.196959184135226,1.0501012509891841e-05,2.7623832439358753e-05,8.428296545741016e-09,1.2619279707055335e-07,0.0024252401364451746,2.5884920150938846e-10,5.839620620965399e-06,3.547469906247444e-12,0.01452642945864996,-0.035473570541350044,1
345.0,261.9690753867513,261.1329042740372,0.0028522707112513756,0.11953652643733317,500003000.0,3.217356066346647,1.0509413109106853e-05,2.774955249738334e-05,8.400599215011493e-09,1.257200580245867e-07,0.002431065224191911,2.6407362292467784e-10,5.829746457380602e-06,3.5891769281667395e-12,0.014501866980277531,-0.035498133019722475,1
346.0,261.9335772537316,260.3939699164947,0.0028516797906469695,0.11992819084797464,500003000.0,3.2376634211417277,1.0517786132503152e-05,2.7874804922293146e-05,8.3730233963002e-09,1.2525242490980703e-07,0.0024368804645538288,2.6935506952405516e-10,5.819872229757949e-06,3.6309537283242952e-12,0.01447730434280372,-0.035522695657196283,1
347.0,261.89805455807436,259.65639542572035,0.0028511000002028855,0.12032027885666023,500003000.0,3.257878644967667,1.0526131700646571e-05,2.7999594704984772e-05,8.34556814341774e-09,1.2478978269162492e-07,0.0024426858573271793,2.7469331014806323e-10,5.809997971249372e-06,3.672794428783348e-12,0.014452741628679445,-0.035547258371320556,1
348.0,261.86250729970305,258.9201805132806,0.002850531280551732,0.1207127906927486,500003000.0,3.277999182455778,1.0534449933167378e-05,2.8123926724751888e-05,8.318232520807925e-09,1.2433201976711647e-07,0.002448481402342933,2.800881010282288e-10,5.800123715080011e-06,3.7146931494733945e-12,0.014428178920537724,-0.03557182107946228,1
349.0,261.82693547862357,258.1853248861196,0.0028499735729939717,0.12110572658539606,500003000.0,3.2980225275941084,1.0542740948770899e-05,2.8247805752588734e-05,8.291015603520548e-09,1.2387902783684718e-07,0.002454267099466927,2.855391860217076e-10,5.790249494632515e-06,3.756644011592174e-12,0.0144036163014034,-0.035596383698596606,1
350.0,261.791339094925,257.4518282465574,0.0028494268194255343,0.12149908676347916,500003000.0,3.317946224844555,1.0551004865247776e-05,2.837123645437111e-05,8.263916476877938e-09,1.23430701782377e-07,0.002460042948599865,2.910462968544918e-10,5.780375343316003e-06,3.79864114096908e-12,0.014379053854367165,-0.03562094614563284,1
351.0,261.75571814877935,256.7196902922731,0.0028488909623945336,0.12189287145564759,500003000.0,3.337767870204558,1.0559241799484296e-05,2.8494223393920487e-05,8.23693423652003e-09,1.2298693954937472e-07,0.0024658089496774668,2.9660915337285874e-10,5.770501294697442e-06,3.840678671394373e-12,0.014354491662912399,-0.0356455083370876,1
352.0,261.72007264044225,255.98891071629984,0.0028483659450437328,0.12228708089025866,500003000.0,3.3574851122117826,1.0567451867472416e-05,2.8616771035956295e-05,8.21006798811887e-09,1.2254764203580746e-07,0.0024715651026705,3.0222746380257094e-10,5.760627382400453e-06,3.882750747902094e-12,0.014329929810663432,-0.03567007018933657,1
353.0,261.6844025702529,255.25948920701438,0.0028478517111243094,0.12268171529539716,500003000.0,3.377095652891733,1.0575635184319719e-05,2.8738883748941433e-05,8.183316847302629e-09,1.2211271298513854e-07,0.002477311407584867,3.0790092501545895e-10,5.750753640148834e-06,3.924851530010066e-12,0.014305368381493853,-0.035694631618506154,1
354.0,261.6487079386344,254.53142544812542,0.00284734820499587,0.1230767748988405,500003000.0,3.3965972486476104,1.058379186425926e-05,2.8860565807825575e-05,8.15667993954091e-09,1.2168205888414116e-07,0.002483047864461703,3.136292228029436e-10,5.740880101781604e-06,3.966975194909096e-12,0.014280807459563892,-0.03571919254043611,1
355.0,261.61298874609395,253.80471911866826,0.0028468553715910623,0.12347225992804611,500003000.0,3.4159877110917787,1.059192202065919e-05,2.898182139669074e-05,8.130156399930667e-09,1.212555888651634e-07,0.0024887744733774184,3.1941203215604614e-10,5.73100680119647e-06,4.0091159406001605e-12,0.014256247129179852,-0.03574375287082015,1
356.0,261.57724499322313,253.07936989299267,0.002846373156437121,0.12386817061016511,500003000.0,3.4352649078189286,1.0600025766032339e-05,2.9102654611303362e-05,8.103745373147412e-09,1.208332146126248e-07,0.002494491234443799,3.2524901755148714e-10,5.721133772407957e-06,4.0512679889771875e-12,0.01423168747493868,-0.035768312525061324,1
357.0,261.54147668069805,252.35537744075373,0.002845901505637046,0.12426450717201236,500003000.0,3.454426763120402,1.060810321204562e-05,2.9223069461576825e-05,8.077446013282191e-09,1.2041485027346437e-07,0.0025001981478080825,3.3113983324340064e-10,5.711261049523733e-06,4.0934255888497464e-12,0.014207128581669105,-0.0357928714183309,1
358.0,261.50568380927973,251.6327414269057,0.002845440365848677,0.12466126984002587,500003000.0,3.4734712586395853,1.0616154469529296e-05,2.93430698739482e-05,8.051257483675155e-09,1.200004123713751e-07,0.002505895213653011,3.3708412356022345e-10,5.701388666716747e-06,4.1355830189039125e-12,0.01418257053436233,-0.03581742946563767,1
359.0,261.4698663798141,250.91146151168945,0.002844989684306378,0.12505845884030686,500003000.0,3.492396433968639,1.0624179648486168e-05,2.946265969367292e-05,8.025178956871623e-09,1.1958981972471785e-07,0.0025115824321969332,3.430815232063406e-10,5.691516658282585e-06,4.177734590601693e-12,0.01415801341831472,-0.03584198658168528,1
360.0,261.43402439323245,250.1915373506266,0.002844549408784919,0.12545607439856693,500003000.0,3.511200387186237,1.0632178858100584e-05,2.9581842687040695e-05,7.99920961441601e-09,1.1918299336777818e-07,0.002517259803693859,3.4913165756800087e-10,5.681645058580629e-06,4.2198746510105664e-12,0.014133457318981425,-0.035866542681018576,1
361.0,261.39815785055146,249.47296859450893,0.002844119487613219,0.12585411674013142,500003000.0,3.5298812753368547,1.0640152206747373e-05,2.9700622543516033e-05,7.973348646788677e-09,1.1877985647533695e-07,0.002522927328433543,3.5523414302309265e-10,5.671773902074984e-06,4.2619975855658094e-12,0.014108902322078226,-0.03589109767792178,1
362.0,261.36226675287355,248.75575488939114,0.0028436998696543094,0.12625258608992268,500003000.0,3.5484373148516357,1.0648099802000623e-05,2.9819002877806358e-05,7.947595253249005e-09,1.1838033429032427e-07,0.002528585006741552,3.6138858725430946e-10,5.661903223307501e-06,4.304097820760571e-12,0.014084348513514405,-0.035915651486485595,1
363.0,261.32635110138705,248.03989587658134,0.002843290504307398,0.12665148267247475,500003000.0,3.566866781911356,1.0656021750642365e-05,2.993698723186081e-05,7.921948641742384e-09,1.1798435405445501e-07,0.002534232838979342,3.6759458956528024e-10,5.652033056914826e-06,4.3461698267634575e-12,0.014059795979435177,-0.035940204020564824,1
364.0,261.2904108973665,247.32539119263518,0.0028428913414867787,0.1270508067118362,500003000.0,3.5851680127517884,1.0663918158671108e-05,3.0054579076802393e-05,7.896408028744104e-09,1.175918449415799e-07,0.0025398708255443135,3.7385174119920763e-10,5.642163437599086e-06,4.388208119956888e-12,0.014035244806148784,-0.03596475519385122,1
365.0,261.25444614217264,246.61224046934362,0.0028425023316429464,0.12745055843169176,500003000.0,3.6033394039122673,1.067178913131033e-05,3.01717818147963e-05,7.870972639222312e-09,1.1720273799390471e-07,0.002545498966869913,3.8015962565960715e-10,5.632294400182276e-06,4.430207265405215e-12,0.01401069508026177,-0.03598930491973823,1
366.0,261.2184568372529,245.9004433337279,0.002842123425725112,0.12785073805522204,500003000.0,3.621379412427715,1.067963477301677e-05,3.0288598780856836e-05,7.845641706439478e-09,1.1681696606053521e-07,0.002551117263425678,3.86517819032677e-10,5.622425979543977e-06,4.472161879235176e-12,0.013986146888524087,-0.03601385311147592,1
367.0,261.18244298414146,245.18999940803025,0.002841754575194436,0.12825134580517497,500003000.0,3.639286555965157,1.0687455187488667e-05,3.0405033244595476e-05,7.820414471896512e-09,1.1643446373863913e-07,0.002556725715717319,3.929258903109093e-10,5.612558210659695e-06,4.514066630942775e-12,0.013961600317924445,-0.03603839968207556,1
368.0,261.1464045844594,244.48090830970568,0.0028413957320123193,0.12865238190382083,500003000.0,3.657059412905321,1.0695250477673875e-05,3.05210884119123e-05,7.795290185208928e-09,1.1605516731682749e-07,0.002562324324286792,3.9938340171750175e-10,5.602691128589382e-06,4.555916245614417e-12,0.013937055455661788,-0.03606294454433821,1
369.0,261.1103416399151,243.77316965141608,0.002841046848625518,0.12905384657293834,500003000.0,3.67469662237021,1.0703020745777852e-05,3.0636767426633075e-05,7.770268103976155e-09,1.1567901472077636e-07,0.0025679130897123485,4.058899090311636e-10,5.59282476845968e-06,4.597705506065912e-12,0.013912512389101099,-0.0360874876108989,1
370.0,261.0742541523042,243.06678304101942,0.0028407078779815313,0.12945574003380803,500003000.0,3.6921968841976898,1.0710766093271586e-05,3.0752073372094045e-05,7.745347493735166e-09,1.1530594546096753e-07,0.002573492012608634,4.124449619109216e-10,5.582959165505605e-06,4.639429254897733e-12,0.013887971205877135,-0.03611202879412287,1
371.0,261.03814212351006,242.36174808156363,0.0028403787735021818,0.12985806250723392,500003000.0,3.7095589588638864,1.0718486620899386e-05,3.086700927267651e-05,7.720527627800882e-09,1.1493590058246583e-07,0.0025790610936267415,4.190481042205128e-10,5.573094355029617e-06,4.681082396466003e-12,0.013863431993792592,-0.03613656800620741,1
372.0,261.00200555550384,241.65806437128188,0.0028400594890729118,0.13026081421344368,500003000.0,3.726781667354519,1.0726182428686539e-05,3.098157809529304e-05,7.69580778715165e-09,1.1456882261652439e-07,0.0025846203334542557,4.2569887435197915e-10,5.563230372391714e-06,4.722659898763757e-12,0.01383889484079347,-0.036161105159206536,1
373.0,260.96584445034466,240.9557315035801,0.002839749979070161,0.13066399537219706,500003000.0,3.743863890986497,1.0733853615946957e-05,3.1095782750827235e-05,7.671187260419022e-09,1.1420465553419799e-07,0.0025901697328153603,4.3239680554811904e-10,5.553367253073873e-06,4.764156795222997e-12,0.013814359835129391,-0.03618564016487061,1
374.0,260.9296588101798,240.25474906703138,0.0028394501983270005,0.1310676062026723,500003000.0,3.7608045711806164,1.0741500281290669e-05,3.120962609552877e-05,7.646665343711069e-09,1.1384334470153036e-07,0.0025957092924708955,4.3914142622338124e-10,5.543505032623162e-06,4.805568186422361e-12,0.013789827065212085,-0.03621017293478792,1
375.0,260.893448637245,239.55511664537238,0.0028391601021183896,0.13147164692350916,500003000.0,3.777602709186663,1.074912252263116e-05,3.1323110932365315e-05,7.622241340491182e-09,1.134848368365494e-07,0.002601239013218388,4.4593226028286213e-10,5.533643746633484e-06,4.8468892417129546e-12,0.013765296619569971,-0.03623470338043003,1
376.0,260.85721393386456,238.8568338174897,0.0028388796462000413,0.13187611775280142,500003000.0,3.7942573657625402,1.0756720437192762e-05,3.1436240012333144e-05,7.597914561601914e-09,1.1312907996782688e-07,0.002606758895892174,4.527688274390984e-10,5.523783430831638e-06,4.888115200755724e-12,0.013740768587062262,-0.03625923141293774,1
377.0,260.8209547024516,238.15990015741932,0.002838608786746819,0.13228101890802973,500003000.0,3.8107676608080965,1.0764294121517783e-05,3.154901603572767e-05,7.573684325020037e-09,1.127760233945233e-07,0.002612268941363411,4.5965064352624383e-10,5.513924120967192e-06,4.929241374969025e-12,0.013716243056605014,-0.03628375694339499,1
378.0,260.7846709455082,237.46431523433446,0.002838347480397149,0.13268635060612338,500003000.0,3.827132772955702,1.077184367147368e-05,3.1661441653375676e-05,7.549549955897451e-09,1.124256176480069e-07,0.002617769150540181,4.665772208113967e-10,5.504065852908888e-06,4.970263148894149e-12,0.01369172011741093,-0.03630827988258907,1
379.0,260.7483626656256,236.7700786125435,0.002838095684205635,0.13309211306340635,500003000.0,3.84335193911836,1.0779369182260037e-05,3.177351946783046e-05,7.525510786357582e-09,1.1207781445478294e-07,0.0026232595243675205,4.735480683026908e-10,5.4942086625622e-06,5.011175981469625e-12,0.013667199858784309,-0.03633280014121569,1
380.0,260.7120298654844,236.0771898514776,0.0028378533556818446,0.13349830649559993,500003000.0,3.8594244539973186,1.078687074841556e-05,3.1885252034531277e-05,7.501566155522665e-09,1.1173256670081533e-07,0.002628740063827529,4.805626920539179e-10,5.484352585954075e-06,5.051975407221562e-12,0.013642682370331831,-0.03635731762966817,1
381.0,260.67567254785473,235.38564850569034,0.0028376204527342133,0.13390493111779497,500003000.0,3.8753496695500878,1.0794348463824851e-05,3.1996641862928385e-05,7.477715409290268e-09,1.1138982839710988e-07,0.0026342107699393776,4.876205954653356e-10,5.474497659133663e-06,5.092657037366595e-12,0.013618167741715622,-0.03638183225828438,1
382.0,260.6392907155965,234.69545412484632,0.0028373969337123542,0.13431198714448173,500003000.0,3.8911269944208864,1.0801802421725224e-05,3.2107691417574964e-05,7.453957900371751e-09,1.1104955464657822e-07,0.002639671643759413,4.947212795804509e-10,5.464643918263373e-06,5.13321656083212e-12,0.013593656062879768,-0.036406343937120236,1
383.0,260.60288437165934,234.00660625371611,0.0028371827573760466,0.13471947478949645,500003000.0,3.9067558933346347,1.080923271471336e-05,3.221840311918698e-05,7.430292988137641e-09,1.1071170161201641e-07,0.00264512268638121,5.018642433784758e-10,5.45479139956789e-06,5.173649745188887e-12,0.013569147423923487,-0.03643085257607652,1
384.0,260.56645351908327,233.31910443217242,0.002836977882884327,0.1351273942660205,500003000.0,3.922235886456092,1.0816639434751879e-05,3.232877934567224e-05,7.406720038517942e-09,1.1037622648525812e-07,0.0026505638989356086,5.090489840622208e-10,5.444940139322197e-06,5.213952437501835e-12,0.013544641915071345,-0.036455358084928655,1
385.0,260.52999816099833,232.63294819517978,0.0028367822698201106,0.13553574578660202,500003000.0,3.9375665487159006,1.0824022673175874e-05,3.2438822433129666e-05,7.383238423996135e-09,1.1004308745742991e-07,0.002655995282590811,5.162749973412243e-10,5.435090173907562e-06,5.254120565099396e-12,0.013520139626812522,-0.036479860373187484,1
386.0,260.49351830062517,231.94813707279243,0.0028365958781490694,0.13594452956309247,500003000.0,3.9527475091047126,1.0831382520699306e-05,3.254853467681985e-05,7.359847523432454e-09,1.0971224369018151e-07,0.0026614168385524074,5.235417777098494e-10,5.425241539741152e-06,5.294150136257922e-12,0.01349564064972574,-0.03650435935027426,1
387.0,260.4570139412749,231.26467059014396,0.0028364186682525707,0.13635374580670423,500003000.0,3.967778449937342,1.0838719067421389e-05,3.2657918332107856e-05,7.3365467220813474e-09,1.0938365528800675e-07,0.002666828568063471,5.308488187202001e-10,5.415394273347566e-06,5.334037240810397e-12,0.01347114507465717,-0.03652885492534283,1
388.0,260.4204850863496,230.58254826744562,0.002836250600884268,0.1367633947279161,500003000.0,3.9826591060881174,1.08460324028328e-05,3.276697561537926e-05,7.313335411411488e-09,1.0905728327140679e-07,0.002672230472404581,5.381956132496103e-10,5.405548411284018e-06,5.3737780506702916e-12,0.01344665299253437,-0.03655334700746563,1
389.0,260.38393173934213,229.9017696199784,0.0028360916371940833,0.13717347653654566,500003000.0,3.997389264199334,1.0853322615821901e-05,3.287570870493036e-05,7.290212989101789e-09,1.0873308955109753e-07,0.002677622552893902,5.455816537625794e-10,5.395703990194372e-06,5.41336882028394e-12,0.013422164494500663,-0.03657783550549934,1
390.0,260.3473539038366,229.2223341580861,0.0028359417387194665,0.13758399144169295,500003000.0,4.011968761864191,1.0860589794680853e-05,3.298411974183336e-05,7.267178858953197e-09,1.0841103690300219e-07,0.0026830048108872472,5.530064325669609e-10,5.385861046800309e-06,5.452805887001859e-12,0.01339767967189319,-0.03660232032810681,1
391.0,260.31075158350853,228.54424138717417,0.00283580086735563,0.13799493965172582,500003000.0,4.026397486785682,1.0867834027111601e-05,3.309221083077748e-05,7.244232430748099e-09,1.0809108894412182e-07,0.002688377247778102,5.604694420642501e-10,5.376019617852632e-06,5.492085671376632e-12,0.013373198616121764,-0.036626801383878235,1
392.0,260.27412478212466,227.86749080769778,0.002835668985399434,0.13840632137430917,500003000.0,4.040675375913327,1.0875055400231901e-05,3.319998404088673e-05,7.221373120299254e-09,1.0777321010925144e-07,0.0026937398649977324,5.679701749938743e-10,5.366179740222296e-06,5.531204677389497e-12,0.013348721418895322,-0.03665127858110468,1
393.0,260.2374735035435,227.1920819151619,0.0028355460554926847,0.13881813681636168,500003000.0,4.05480241455881,1.0882254000581143e-05,3.330744140651515e-05,7.198600349242245e-09,1.0745736562842172e-07,0.0026990926640151932,5.755081246712998e-10,5.356341450800363e-06,5.570159492602248e-12,0.013324248171973044,-0.03667575182802696,1
394.0,260.2007977517155,226.51801420011506,0.0028354320406456346,0.13923038618403902,500003000.0,4.06877863549242,1.0889429914126177e-05,3.341458492802027e-05,7.175913545034238e-09,1.0714352150511377e-07,0.002704435646337396,5.830827852198968e-10,5.346504786550137e-06,5.608946788240508e-12,0.01329977896729407,-0.03670022103270593,1
395.0,260.1640975306828,225.845287148139,0.002835326904251486,0.13964306968278906,500003000.0,4.082604118021761,1.0896583226267107e-05,3.352141657251551e-05,7.1533121409295186e-09,1.0683164449524343e-07,0.002709768813509203,5.906936517964569e-10,5.336669784541618e-06,5.647563319211545e-12,0.013275313897063176,-0.036724686102936825,1
396.0,260.12737284457984,225.17390023985212,0.002835230610021572,0.14005618751723253,500003000.0,4.096278987053857,1.0903714021842862e-05,3.362793827460222e-05,7.130795575755872e-09,1.0652170208671447e-07,0.0027150921671134096,5.983402208102259e-10,5.326836481836539e-06,5.686005924048856e-12,0.013250853053464812,-0.036749146946535194,1
397.0,260.0906236976333,224.50385295089757,0.002835143122050419,0.1404697398912675,500003000.0,4.109803412142721,1.0910822385136883e-05,3.373415193708202e-05,7.108363294020032e-09,1.062136624797991e-07,0.002720405708770859,6.060219901354653e-10,5.3170049156180226e-06,5.724271524801127e-12,0.01322639652898563,-0.036773603471014375,1
398.0,260.05385009416227,223.83514475194053,0.0028350644047704914,0.14088372700798138,500003000.0,4.123177606523319,1.0917908399882617e-05,3.384005943165004e-05,7.086014745735179e-09,1.0590749456802007e-07,0.002725709440140471,6.137384593174051e-10,5.307175123112211e-06,5.762357126850978e-12,0.013201944416219526,-0.03679805558378048,1
399.0,260.01705203857847,223.1677751086647,0.0028349944229520718,0.14129814906968277,500003000.0,4.136401826133572,1.092497214926898e-05,3.394566259956978e-05,7.063749386363727e-09,1.0560316791973513e-07,0.0027310033629192915,6.214891297715712e-10,5.297347141595023e-06,5.8002598186776074e-12,0.013177496807884461,-0.03682250319211554,1
400.0,259.98022953538634,222.50174348176614,0.002834933141712467,0.14171300627786498,500003000.0,4.1494763686258365,1.0932013715945764e-05,3.4050963252330046e-05,7.041566676783849e-09,1.053006527602669e-07,0.0027362874788425503,6.292735049764493e-10,5.287521008416064e-06,5.837976771558167e-12,0.013153053796881921,-0.03684694620311808,1
401.0,259.9433825891832,221.8370493269486,0.00283488052650509,0.14212829883322073,500003000.0,4.162401572369117,1.0939033182028971e-05,3.415596317228469e-05,7.019466083206442e-09,1.0499991995463793e-07,0.002741561789683715,6.370910906594532e-10,5.27769676098473e-06,5.8755052392142215e-12,0.013128615476262361,-0.036871384523737644,1
402.0,259.90651120465947,221.17369209491983,0.0028348365431120357,0.142544026935625,500003000.0,4.17517781544341,1.0946030629106073e-05,3.426066411327552e-05,6.997447077101848e-09,1.0470094099083299e-07,0.002746826297254534,6.449413949761738e-10,5.267874436762816e-06,5.912842557402196e-12,0.013104181939206812,-0.03689581806079319,1
403.0,259.8696153865987,220.51167123138737,0.0028348011576429365,0.14296019078410932,500003000.0,4.187805514627486,1.0953006138241216e-05,3.436506780123911e-05,6.975509135143049e-09,1.0440368796358537e-07,0.0027520810034050848,6.528239286829122e-10,5.258054073268805e-06,5.949986143450743e-12,0.013079753279037555,-0.036920246720962446,1
404.0,259.8326951398777,219.85098617705165,0.0028347743365440227,0.14337679057690017,500003000.0,4.200285124381428,1.095995978998039e-05,3.446917593479782e-05,6.953651739174439e-09,1.0410813355871469e-07,0.002757325910023847,6.607382053025039e-10,5.248235708100815e-06,5.986933495749845e-12,0.01305532958927519,-0.036944670410724814,1
405.0,259.795750469467,219.19163636760646,0.0028347560465611927,0.14379382651133274,500003000.0,4.21261713582499,1.0966891664356459e-05,3.4572990185835697e-05,6.93187437606851e-09,1.0381425103787132e-07,0.0027625610190377104,6.686837412834181e-10,5.238419378874279e-06,6.023682193186187e-12,0.013030910963483616,-0.036969089036516384,1
406.0,259.7587813804305,218.53362123373023,0.0028347462547789744,0.1442112987839183,500003000.0,4.22480207571332,1.0973801840894228e-05,3.467651220005955e-05,6.910176537769652e-09,1.035220142238577e-07,0.002767786332412062,6.766600561522047e-10,5.228605123300138e-06,6.060229894538059e-12,0.013006497495464543,-0.03699350250453546,1
407.0,259.721787877926,217.87694020108563,0.002834744928579185,0.14462920759029843,500003000.0,4.236840505410833,1.098069039861537e-05,3.477974359754588e-05,6.8885577211417514e-09,1.0323139748632686e-07,0.0027730018521508037,6.846666726592663e-10,5.218792979114272e-06,6.096574337820891e-12,0.012982089279081944,-0.03701791072091806,1
408.0,259.68476996720506,217.22159269031215,0.002834752035670076,0.14504755312523054,500003000.0,4.248733019864732,1.0987557416043358e-05,3.488268597327382e-05,6.867017427988873e-09,1.0294237572794289e-07,0.002778207580296428,6.927031169180406e-10,5.208982984137087e-06,6.132713339591632e-12,0.01295768640841027,-0.03704231359158973,1
409.0,259.64772765361346,216.5675781170261,0.002834767544049094,0.14546633558261307,500003000.0,4.2604802465789495,1.0994402971208274e-05,3.498534089764481e-05,6.845555164915031e-09,1.0265492437098852e-07,0.0027834035189300338,7.007689185376011e-10,5.199175176210634e-06,6.168644794213765e-12,0.012933288977578042,-0.03706671102242196,1
410.0,259.61066094259104,215.91489589181458,0.0028347914220283243,0.14588555515542578,500003000.0,4.272082844589866,1.1001227141651611e-05,3.508770991698913e-05,6.824170443336973e-09,1.0236901934432704e-07,0.00278858967017139,7.08863610748765e-10,5.189369593251065e-06,6.204366673080671e-12,0.012908897080898322,-0.037091102919101684,1
411.0,259.57356983967196,215.2635454202321,0.0028348236382180862,0.14630521203577207,500003000.0,4.283541503444638,1.1008030004431008e-05,3.5189794554059955e-05,6.802862779395984e-09,1.0208463707082192e-07,0.0027937660361789796,7.169867305237542e-10,5.179566273223929e-06,6.2398770238061604e-12,0.012884510812807271,-0.037115489187192735,1
412.0,259.53645435048475,214.61352610279647,0.0028348641615287594,0.14672530641484408,500003000.0,4.294856942183212,1.1014811636124923e-05,3.529159630851504e-05,6.781631693914552e-09,1.0180175445508638e-07,0.0027989326191500503,7.251378186894788e-10,5.169765254152907e-06,6.275173969377419e-12,0.012860130267885867,-0.03713986973211414,1
413.0,259.4993144807526,213.96483733498866,0.00283491296114892,0.1471458384829112,500003000.0,4.306029908324876,1.1021572112837221e-05,3.539311665738666e-05,6.760476712297108e-09,1.015203488716144e-07,0.002804089421320629,7.333164200345173e-10,5.1599665740852655e-06,6.310255707276089e-12,0.012835755540773968,-0.03716424445922603,1
414.0,259.4621502362934,213.3174785072456,0.002834970006574964,0.14756680842932862,500003000.0,4.317061176860461,1.1028311510201776e-05,3.5494357055539936e-05,6.7393973645544986e-09,1.0124039815327814e-07,0.0028092364449655996,7.415220834098976e-10,5.1501702711511154e-06,6.345120508569615e-12,0.012811386726317722,-0.03718861327368228,1
415.0,259.4249616230197,212.67144900495944,0.0028350352675790324,0.1479882164425017,500003000.0,4.3279515492507965,1.1035029903386957e-05,3.5595318936120075e-05,6.718393185181539e-09,1.0096188058013632e-07,0.0028143736923987245,7.497543618237312e-10,5.14037638351004e-06,6.379766716971707e-12,0.012787023919436794,-0.03721297608056321,1
416.0,259.38774864693914,212.02674820847182,0.0028351087142294623,0.14841006270993679,500003000.0,4.338701852432513,1.1041727367100117e-05,3.56960037109887e-05,6.697463713160516e-09,1.0068477486862718e-07,0.0028195011659727077,7.580128125298341e-10,5.130584949393296e-06,6.414192747879509e-12,0.012762667215229341,-0.03723733278477066,1
417.0,259.35051131415435,211.3833754930753,0.00283519031685409,0.14883234741812948,500003000.0,4.34931293783171,1.1048403975591948e-05,3.579641277114968e-05,6.676608491829827e-09,1.0040906016097733e-07,0.002824618868079201,7.662969971103842e-10,5.120796007042257e-06,6.448397087379017e-12,0.012738316708818895,-0.03726168329118111,1
418.0,259.31324963086314,210.7413302290065,0.002835280046077262,0.14925507075267683,500003000.0,4.359785680386544,1.1055059802660875e-05,3.589654748716474e-05,6.655827068927635e-09,1.0013471601505714e-07,0.002829726801148875,7.746064815527783e-10,5.11100959478033e-06,6.482378291236314e-12,0.012713972495533235,-0.037286027504466766,1
419.0,259.27596360335866,210.10061178144554,0.0028353778727870935,0.14967823289817797,500003000.0,4.370120977579203,1.1061694921657346e-05,3.599640920955914e-05,6.635118996471184e-09,9.986172239439976e-08,0.0028348249676514435,7.829408363207406e-10,5.101225750958445e-06,6.51613498385873e-12,0.012689634670768814,-0.03731036532923119,1
420.0,259.2386532380294,209.461219510512,0.002835483768149346,0.15010183403826782,500003000.0,4.380319748478095,1.1068309405488092e-05,3.609599926921773e-05,6.6144838307467865e-09,9.959005965858983e-08,0.0028399133700957135,7.912996364198326e-10,5.091444513984839e-06,6.5496658572416435e-12,0.012665303330064815,-0.03733469666993519,1
421.0,259.2013185413595,208.8231527712635,0.00283559770359321,0.15052587435560166,500003000.0,4.390382932790789,1.1074903326620327e-05,3.619531897777163e-05,6.593921132234337e-09,9.93197085538976e-08,0.002844992011029613,7.996824614574568e-10,5.081665922304033e-06,6.582969669895242e-12,0.012640978569050873,-0.03735902143094913,1
422.0,259.16395951992854,208.18641091369125,0.002835719650822495,0.15095035403185317,500003000.0,4.400311489928433,1.1081476757085919e-05,3.629436962797582e-05,6.573430465591756e-09,9.90506502041887e-08,0.0028500608930402457,8.080888956974911e-10,5.071890014421427e-06,6.616045245755547e-12,0.012616660483508253,-0.037383339516491754,1
423.0,259.12657618041203,207.5509932827218,0.002835849581784066,0.1513752732476762,500003000.0,4.410106398082018,1.108802976848546e-05,3.639315249407789e-05,6.553011399540741e-09,9.878286610207019e-08,0.002855120018753896,8.165185281096403e-10,5.062116828851241e-06,6.648891473079107e-12,0.012592349169240334,-0.03740765083075967,1
424.0,259.0891685295813,206.9168992182108,0.0028359874687037662,0.15180063218275436,500003000.0,4.419768653311287,1.109456243199237e-05,3.6491668832178226e-05,6.532663506909616e-09,9.851633810033999e-08,0.0028601693908360958,8.249709524136908e-10,5.052346404185178e-06,6.681507303328397e-12,0.012568044722243423,-0.03743195527775658,1
425.0,259.0517365743035,206.2841280549411,0.0028361332840625784,0.15222643101572986,500003000.0,4.42929926864655,1.1101074818356908e-05,3.658991988058183e-05,6.5123863645378736e-09,9.825104840360318e-08,0.002865209011991661,8.334457671187282e-10,5.042578779053938e-06,6.713891750040496e-12,0.01254374723861101,-0.03745625276138899,1
426.0,259.0142803215421,205.6526791226248,0.002836287000576696,0.15265266992422508,500003000.0,4.438699273203904,1.1107566997910099e-05,3.6687906860142e-05,6.492179553191281e-09,9.798697956017876e-08,0.0028702388849646916,8.419425755574754e-10,5.0328139920961106e-06,6.7460438876895314e-12,0.012519456814456374,-0.03748054318554363,1
427.0,258.97679977835656,205.02255174589544,0.0028364485912412292,0.15307934908487142,500003000.0,4.447969711314459,1.1114039040567722e-05,3.678563097459624e-05,6.472042657623229e-09,9.772411445423628e-08,0.002875259012538655,8.504609859159029e-10,5.023052082039992e-06,6.777962850541036e-12,0.012495173546116116,-0.03750482645388389,1
428.0,258.9392949519027,204.39374524431148,0.0028366180292751387,0.15350646867320877,500003000.0,4.457111641667676,1.1120491015834132e-05,3.6883093410894314e-05,6.451975266410147e-09,9.746243629807337e-08,0.0028802693975363758,8.59000611258188e-10,5.01329308760981e-06,6.8096478314935824e-12,0.012470897529916895,-0.037529102470083106,1
429.0,258.9017658494326,203.7662589323499,0.0028367952881648336,0.15393402886378196,500003000.0,4.466126136469447,1.1126922992806146e-05,3.698029533951904e-05,6.431976972013273e-09,9.720192862472169e-08,0.0028852700428201074,8.675610695472178e-10,5.003537047607031e-06,6.841098080922951e-12,0.012446628862377651,-0.03755337113762235,1
430.0,258.864212478295,203.14009211940962,0.002836980341616658,0.1543620298300461,500003000.0,4.475014280614996,1.1133335040176778e-05,3.707723791479968e-05,6.412047370633148e-09,9.694257528064402e-08,0.0028902609512915234,8.761419836607056e-10,4.993784000830234e-06,6.872312905513766e-12,0.012422367640010307,-0.0375776323599897,1
431.0,258.82663484593496,202.51524410980454,0.0028371731636034642,0.15479047174443808,500003000.0,4.483777170877151,1.1139727226239056e-05,3.7173922275218406e-05,6.3921860622783696e-09,9.668436041872756e-08,0.002895242125891795,8.847429814031196e-10,4.984033986161155e-06,6.903291667095105e-12,0.012398113959533804,-0.0376018860404662,1
432.0,258.7890329598945,201.8917142027675,0.0028373737283104074,0.1552193547782966,500003000.0,4.492415915109974,1.1146099618889663e-05,3.727034954370979e-05,6.372392650606576e-09,9.642726849137907e-08,0.002900213569601577,8.933636955134957e-10,4.974287042472961e-06,6.934033781467661e-12,0.01237386791764591,-0.03762613208235409,1
433.0,258.7514068278121,201.26950169244404,0.0028375820101821992,0.15564867910190408,500003000.0,4.50093163146824,1.1152452285632658e-05,3.736652082795366e-05,6.352666742995105e-09,9.617128424387802e-08,0.0029051752854410764,9.02003763669318e-10,4.964543208717047e-06,6.96453871723548e-12,0.012349629611239145,-0.03765037038876086,1
434.0,258.71375645742336,200.64860586789604,0.002837797983873092,0.1560784448844407,500003000.0,4.509325447642757,1.115878529358305e-05,3.746243722066152e-05,6.333007950393103e-09,9.591639270785642e-08,0.0029101272764700476,9.106628284865628e-10,4.9548025238389196e-06,6.994805994634274e-12,0.01232539913719153,-0.03767460086280847,1
435.0,258.67608185656053,200.02902601309472,0.002838021624296339,0.15650865229403543,500003000.0,4.517598500111902,1.1165098709470448e-05,3.755809979985653e-05,6.3134158873972435e-09,9.56625791950098e-08,0.0029150695457878665,9.193405375160828e-10,4.9450650268683226e-06,7.024835184365563e-12,0.012301176592590765,-0.03769882340740924,1
436.0,258.6383830331531,199.41076140692644,0.0028382529065611056,0.15693930149768107,500003000.0,4.525751933409276,1.1171392599642526e-05,3.765350962914743e-05,6.293890172076347e-09,9.540982929089747e-08,0.0029200020965335026,9.280365432364008e-10,4.9353307568125275e-06,7.054625906427446e-12,0.012276962074468793,-0.03772303792553121,1
437.0,258.60065999522755,198.79381132318605,0.0028384918060295524,0.15737039266129754,500003000.0,4.5337868994078985,1.117766703006859e-05,3.7748667757996425e-05,6.27443042606447e-09,9.515812884899241e-08,0.002924924931885595,9.36750503043125e-10,4.925599752759385e-06,7.084177828955574e-12,0.012252755680058139,-0.037747244319941864,1
438.0,258.5629127509076,198.17817503058095,0.002838738298263993,0.15780192594966744,500003000.0,4.5417045566207594,1.1183922066343e-05,3.7843575221981236e-05,6.255036274409894e-09,9.490746398481443e-08,0.0029298380550624404,9.454820792350396e-10,4.915872053788699e-06,7.113490667063022e-12,0.012228557506571439,-0.037771442493428564,1
439.0,258.5251413084142,197.56385179272465,0.002838992359076016,0.15823390152649516,500003000.0,4.549506069518042,1.119015777368865e-05,3.7938233043051526e-05,6.235707345650433e-09,9.465782107028732e-08,0.0029347414693220654,9.542309389970724e-10,4.906147699060778e-06,7.142564181691148e-12,0.012204367651421726,-0.03779563234857827,1
440.0,258.4873456760656,196.95084086814128,0.0028392539644710433,0.1586663195543259,500003000.0,4.557192607860859,1.1196374216960307e-05,3.803264222977969e-05,6.21644327165832e-09,9.440918672816528e-08,0.002939635177962211,9.629967543801998e-10,4.8964267277236045e-06,7.17139817846077e-12,0.012180186211991493,-0.03781981378800851,1
441.0,258.4495258622776,196.33914151026426,0.0028395230906749684,0.1590991801945817,500003000.0,4.56476534605166,1.1202571460647975e-05,3.812680377760636e-05,6.197243687666787e-09,9.416154782667008e-08,0.002944519184320367,9.717792022784678e-10,4.8867091789622915e-06,7.199992506535673e-12,0.012156013285755713,-0.03784398671424429,1
442.0,258.4116818755634,195.72875296743405,0.0028397997141371995,0.15953248360753614,500003000.0,4.57222546250134,1.120874956888022e-05,3.8220718669080596e-05,6.178108232244471e-09,9.391489147423246e-08,0.002949393491773804,9.805779644032424e-10,4.876995092007322e-06,7.228347057491598e-12,0.012131848970302355,-0.03786815102969765,1
443.0,258.3738137245337,195.1196744828984,0.002840083811516662,0.15996622995234713,500003000.0,4.5795741390129265,1.1214908605427453e-05,3.8314387874095e-05,6.159036547233151e-09,9.366920501439937e-08,0.002954258103739601,9.893927272548026e-10,4.8672845061134765e-06,7.256461764196318e-12,0.012107693363279931,-0.03789230663672007,1
444.0,258.335921417897,194.51190529481303,0.002840375359677882,0.1604004193870001,500003000.0,4.586812560181888,1.1221048633705161e-05,3.8407812350115825e-05,6.140028277708149e-09,9.342447602082549e-08,0.002959113023674657,9.982231820914052e-10,4.857577460556151e-06,7.284336599695663e-12,0.012083546562388359,-0.037916453437611644,1
445.0,258.2980049644594,193.90544463624158,0.0028406743356929986,0.1608350520683065,500003000.0,4.593941912812995,1.1227169716777113e-05,3.8500993042408246e-05,6.121083071952017e-09,9.318069229242203e-08,0.002963958255075715,1.0070690248959459e-09,4.8478739946378345e-06,7.311971576112023e-12,0.012059408665395059,-0.037940591334604944,1
446.0,258.26006437312475,193.30029173515496,0.002840980716843063,0.1612701281519326,500003000.0,4.600963385353692,1.123327191735854e-05,3.859393088425689e-05,6.10220058142688e-09,9.293784184864363e-08,0.0029687938014793867,1.015929956340337e-09,4.838174147693198e-06,7.339366743554942e-12,0.01203527977014761,-0.037964720229852394,1
447.0,258.2220996528949,192.69644581443276,0.0028412944806058987,0.16170564779236574,500003000.0,4.607878167343838,1.1239355297819259e-05,3.868662679718175e-05,6.083380460718302e-09,9.269591292486235e-08,0.0029736196664621652,1.0248056817477064e-09,4.828477959071238e-06,7.366522189040514e-12,0.012011159974529331,-0.03798884002547067,1
448.0,258.1841108128694,192.09390609186167,0.002841615604670529,0.16214161114290035,500003000.0,4.614687448881799,1.1245419920186796e-05,3.877908169114962e-05,6.0646223675365925e-09,9.245489396786887e-08,0.00297843585364046,1.0336959110525545e-09,4.818785468162626e-06,7.393438035423757e-12,0.01198704937652732,-0.03801295062347268,1
449.0,258.14609786224594,191.49267178013815,0.0028419440669127704,0.16257801835566138,500003000.0,4.62139242010668,1.1251465846149432e-05,3.8871296464781124e-05,6.045925962635287e-09,9.221477363150427e-08,0.002983242366670596,1.0426003587589543e-09,4.809096714360968e-06,7.420114440344804e-12,0.011962948074136065,-0.038037051925863936,1
450.0,258.10806081032007,190.89274208686547,0.002842279845423566,0.163014869581565,500003000.0,4.627994270696678,1.1257493137059275e-05,3.89632720055535e-05,6.02729090984265e-09,9.197554077237082e-08,0.0029880392092488588,1.0515187438969358e-09,4.799411737113522e-06,7.446551595185843e-12,0.011938856165483607,-0.03806114383451639,1
451.0,258.06999966648556,190.29411621455898,0.0028426229184644034,0.16345216497033266,500003000.0,4.634494189383273,1.1263501853935213e-05,3.905500918999917e-05,6.0087168759383485e-09,9.173718444567384e-08,0.002992826385111479,1.0604507899771256e-09,4.789730575848407e-06,7.472749724043336e-12,0.011914773748650484,-0.03808522625134952,1
452.0,258.03191444023423,189.696793360643,0.002842973264510068,0.1638899046704743,500003000.0,4.640893363481279,1.126949205746593e-05,3.9146508883900325e-05,5.990203530716058e-09,9.149969390115387e-08,0.0029976038980346763,1.0693962249437915e-09,4.780053270049476e-06,7.498709082713274e-12,0.011890700921855952,-0.03810929907814405,1
453.0,257.9938051411561,189.10077271745246,0.0028433308622214893,0.16432808882929456,500003000.0,4.647192978434428,1.1275463808012827e-05,3.923777194247945e-05,5.971750546897911e-09,9.126305857912761e-08,0.003002371751834669,1.078354781126358e-09,4.770379859212917e-06,7.524429957691297e-12,0.011866637783350042,-0.03813336221664996,1
454.0,257.95567177893946,188.50605347223623,0.002843695690436581,0.16476671759284908,500003000.0,4.653394217376386,1.1281417165612915e-05,3.932879921058606e-05,5.953357600087991e-09,9.102726810660253e-08,0.003007129950367671,1.0873261951895062e-09,4.7607103828345026e-06,7.54991266518551e-12,0.01184258443138184,-0.038157415568618167,1
455.0,257.91751436337086,187.91263480715415,0.0028440677282010407,0.16520579110600841,500003000.0,4.659498260707043,1.1287352189981725e-05,3.94195915228796e-05,5.935024368809752e-09,9.079231229354005e-08,0.0030118784975299395,1.0963102080819702e-09,4.751044880463654e-06,7.575157550148783e-12,0.011818540964333962,-0.03818145903566604,1
456.0,257.8793329043352,187.32051589928128,0.0028444469547296907,0.16564530951237436,500003000.0,4.665506285683795,1.1293268940516123e-05,3.951014970400873e-05,5.9167505343981205e-09,9.055818112913484e-08,0.0030166173972577624,1.1053065649841019e-09,4.741383391641028e-06,7.600164985319948e-12,0.011794507480567302,-0.0382054925194327,1
457.0,257.84112741181576,186.72969592060943,0.0028448333494191396,0.16608527295430622,500003000.0,4.671419466027676,1.1299167476297123e-05,3.960047456878697e-05,5.898535780999782e-09,9.032486477824026e-08,0.003021346653527469,1.1143150152543096e-09,4.731725955922212e-06,7.624935370285237e-12,0.01177048407847997,-0.03822951592152003,1
458.0,257.80289789589426,186.14017403804453,0.002845226891868215,0.16652568157294795,500003000.0,4.677238971544146,1.1305047856092711e-05,3.969056692236485e-05,5.880379795589157e-09,9.0092353577879e-08,0.003026066270355475,1.1233353123744728e-09,4.7220726129139115e-06,7.649469130555434e-12,0.011746470856597309,-0.038253529143402694,1
459.0,257.7646443667509,185.55194941341284,0.0028456275618307966,0.16696653550815233,500003000.0,4.682965967758218,1.1310910138360556e-05,3.9780427560398634e-05,5.8622822678447695e-09,8.986063803378673e-08,0.003030776251798258,1.1323672138943893e-09,4.712423402197734e-06,7.673766716654533e-12,0.011722467913382297,-0.0382775320866177,1
460.0,257.72636683466425,184.96502120345932,0.0028460353392551012,0.1674078348985365,500003000.0,4.688601615563813,1.1316754381250762e-05,3.987005726921574e-05,5.844242890205111e-09,8.962970881710375e-08,0.0030354766019523895,1.1414104813753749e-09,4.702778363397742e-06,7.697828603230203e-12,0.011698475347403597,-0.038301524652596404,1
461.0,257.68806531001167,184.3793885598518,0.002846450204252267,0.16784957988142438,500003000.0,4.694147070887015,1.1322580642608541e-05,3.995945682597683e-05,5.826261357778571e-09,8.939955676108895e-08,0.0030401673249545293,1.1504648803330713e-09,4.693137536130511e-06,7.721655288175572e-12,0.011674493257211307,-0.038325506742788694,1
462.0,257.64973980326886,183.7950506291794,0.002846872137125931,0.16829177059290645,500003000.0,4.6996034843630845,1.132838897997692e-05,4.0048626998834796e-05,5.8083373683792085e-09,8.917017285796895e-08,0.0030448484249814586,1.1595301801795691e-09,4.683500960056128e-06,7.745247291772497e-12,0.011650521741463825,-0.03834947825853618,1
463.0,257.61139032501035,183.21200655295934,0.0028473011183259333,0.16873440716774532,500003000.0,4.704972001026851,1.1334179450599327e-05,4.0137568547090584e-05,5.790470622407436e-09,8.894154825578664e-08,0.003049519906250053,1.1686061541648868e-09,4.673868674803949e-06,7.768605155844666e-12,0.01162656089874317,-0.03837343910125683,1
464.0,257.5730168859091,182.63025546763276,0.002847737128505196,0.16917748973945937,500003000.0,4.710253760016414,1.1339952111422268e-05,4.0226282221345995e-05,5.772660822941723e-09,8.871367425541035e-08,0.0030541817730173363,1.1776925793179271e-09,4.664240720068243e-06,7.791729442934989e-12,0.011602610827792886,-0.038397389172207114,1
465.0,257.5346194967369,182.0497965045723,0.002848180148457656,0.169621018440245,500003000.0,4.715449894289724,1.1345707019097857e-05,4.0314768763653526e-05,5.754907675588152e-09,8.84865423075333e-08,0.003058834029580447,1.1867892363869362e-09,4.654617135508174e-06,7.814620735492527e-12,0.011578671627269254,-0.03842132837273075,1
466.0,257.4961981683642,181.4706287900807,0.0028486301591631345,0.17006499340101044,500003000.0,4.720561530353921,1.1351444229986404e-05,4.0403028907663324e-05,5.737210888547873e-09,8.826014400979894e-08,0.00306347668027667,1.1958959097795741e-09,4.6449979608234e-06,7.837279635081139e-12,0.011554743395929337,-0.038445256604070666,1
467.0,257.4577529117601,180.89275144539667,0.002849087141748773,0.17050941475135478,500003000.0,4.725589788007094,1.135716380015892e-05,4.049106337876729e-05,5.719570172515663e-09,8.803447110396451e-08,0.0030681097294834162,1.2050123875026384e-09,4.6353832356929365e-06,7.859706761602211e-12,0.01153082623247891,-0.03846917376752109,1
468.0,257.4192837379926,180.31616358669282,0.0028495510775295462,0.1709542826195836,500003000.0,4.730535780092266,1.1362865785399659e-05,4.057887289424044e-05,5.70198524073829e-09,8.780951547314884e-08,0.003072733181618263,1.214138461101522e-09,4.625772999843077e-06,7.88190275253589e-12,0.011506920235741387,-0.038493079764258614,1
469.0,257.38079065822836,179.74086432508213,0.002850021947962008,0.1713995971326557,500003000.0,4.7354006122632715,1.1368550241208557e-05,4.066645816337955e-05,5.684455808898623e-09,8.75852691391095e-08,0.0030773470411389276,1.2232739255994562e-09,4.616167292973902e-06,7.903868262195832e-12,0.011483025504475034,-0.03851697449552497,1
470.0,257.34227368373286,179.1668527666181,0.0028504997346769792,0.17184535841623183,500003000.0,4.740185382762337,1.1374217222803716e-05,4.075381988763918e-05,5.666981595158579e-09,8.736172425963138e-08,0.003081951312543289,1.2324185794366102e-09,4.60656615481425e-06,7.925603961005143e-12,0.011459142137509702,-0.0385408578624903,1
471.0,257.3037328258704,178.59412801229888,0.0028509844194569587,0.17229156659461684,500003000.0,4.744891182209036,1.1379866785123807e-05,4.0840958760765104e-05,5.649562320091567e-09,8.713887312592415e-08,0.0030865460003693785,1.2415722244090921e-09,4.596969625086817e-06,7.947110534784261e-12,0.011435270233659997,-0.038564729766340004,1
472.0,257.26516809610405,178.02268915806948,0.0028514759842461425,0.17273822179080728,500003000.0,4.749519093400414,1.1385498982830487e-05,4.092787546892523e-05,5.632197706680363e-09,8.691670816012772e-08,0.0030911311091953906,1.2507346656079197e-09,4.5873777435261165e-06,7.968388684059874e-12,0.011411409891769973,-0.03858859010823003,1
473.0,257.2265795059958,177.45253529482517,0.002851974411142192,0.17318532412644375,500003000.0,4.754070191121969,1.1391113870310765e-05,4.101457069083806e-05,5.61488748027892e-09,8.669522191283048e-08,0.0030957066436396777,1.2599057113580066e-09,4.577790549866875e-06,7.989439123386301e-12,0.011387561210684242,-0.038612438789315764,1
474.0,257.1879670672065,176.883665508415,0.0028524796823952143,0.17363287372180608,500003000.0,4.758545541969255,1.1396711501679353e-05,4.110104509789873e-05,5.597631368588849e-09,8.647440706066305e-08,0.0031002726083607457,1.2690851731572096e-09,4.5682080838441e-06,8.010262580685025e-12,0.011363724289248164,-0.03863627571075184,1
475.0,257.14933079149574,176.3160788796426,0.0028529917804212502,0.17408087069585645,500003000.0,4.762946204179854,1.1402291930781017e-05,4.1187299354302696e-05,5.580429101664448e-09,8.625425640396668e-08,0.003104829008057277,1.2782728656155107e-09,4.558630385216246e-06,8.030859796602474e-12,0.011339899226365451,-0.03866010077363455,1
476.0,257.1106706907221,175.7497744842728,0.0028535106877700086,0.17452931516615333,500003000.0,4.7672732274753935,1.1407855211192846e-05,4.127333411716715e-05,5.563280411828331e-09,8.603476286445636e-08,0.003109375847468098,1.2874686063943378e-09,4.549057493715143e-06,8.051231523878517e-12,0.011316086120873628,-0.038683913879126376,1
477.0,257.07198677684295,175.18475139303303,0.0028540363871522086,0.17497820724891866,500003000.0,4.771527652913433,1.141340139622655e-05,4.135915003665015e-05,5.54618503370425e-09,8.581591948300446e-08,0.003113913131372194,1.296672216146112e-09,4.53948944909134e-06,8.071378526737465e-12,0.011292285071656812,-0.03870771492834319,1
478.0,257.0332790619146,174.62100867161698,0.0028545688614265625,0.1754275470589983,500003000.0,4.775710512748907,1.141893053893072e-05,4.144474775606758e-05,5.529142704170879e-09,8.559771941742506e-08,0.0031184408645887067,1.3058835184540383e-09,4.529926291094743e-06,8.091301580290381e-12,0.01126849617759755,-0.03873150382240245,1
479.0,256.99454755809217,174.0585453806889,0.00285510809359497,0.17587733470983932,500003000.0,4.779822830304853,1.1424442692093052e-05,4.1530127912007894e-05,5.512153162332203e-09,8.538015594031545e-08,0.003122959051976926,1.3151023397721798e-09,4.520368059468502e-06,8.111001469953848e-12,0.011244719537561614,-0.03875528046243839,1
480.0,256.9557922776297,173.49736057588672,0.002855654066809085,0.17632757031354404,500003000.0,4.783865619852237,1.1429937908242562e-05,4.1615291134444874e-05,5.495216149510107e-09,8.516322243697788e-08,0.0031274676984362863,1.324328509365875e-09,4.510814793960883e-06,8.130478990887528e-12,0.01122095525042753,-0.03877904474957247,1
481.0,256.91701323288015,172.93745330782644,0.0028562067643610385,0.1767782539807798,500003000.0,4.787839886498533,1.1435416239651768e-05,4.17002380468482e-05,5.478331409206553e-09,8.494691240332458e-08,0.00313196680890636,1.3335618592524993e-09,4.501266534311995e-06,8.149734947441061e-12,0.01119720341505356,-0.03880279658494644,1
482.0,256.8782104362952,172.37882262210485,0.0028567661696937705,0.17722938582086437,500003000.0,4.791746626084888,1.1440877738338872e-05,4.1784969266292104e-05,5.461498687103724e-09,8.473121944390354e-08,0.0031364563883668635,1.3428022241426464e-09,4.491723320271446e-06,8.168770152623494e-12,0.011173464130321619,-0.03882653586967838,1
483.0,256.8393839004255,171.82146755930518,0.0028573322663822363,0.17768096594168764,500003000.0,4.795586825091559,1.144632245606988e-05,4.1869485403562e-05,5.44471773100854e-09,8.451613726989708e-08,0.0031409364418376303,1.3520494413817247e-09,4.482185191570096e-06,8.187585427580927e-12,0.011149737495067008,-0.038850262504932995,1
484.0,256.8005336379206,171.26538715500135,0.002857905038141459,0.1781329944497192,500003000.0,4.7993614605514,1.1451750444360729e-05,4.19537870632592e-05,5.427988290849019e-09,8.430165969720091e-08,0.003145406974378609,1.3613033508920197e-09,4.4726521879341425e-06,8.206181601092613e-12,0.011126023608113447,-0.038873976391886556,1
485.0,256.7616596615287,170.71058043976,0.0028584844688377517,0.17858547145005865,500003000.0,4.803071499971196,1.1457161754479405e-05,4.2037874843903765e-05,5.411310118676433e-09,8.40877806445616e-08,0.003149867991089872,1.370563795115255e-09,4.463124349103893e-06,8.224559509083442e-12,0.01110232256831978,-0.038897677431680225,1
486.0,256.722761984097,170.1570464391467,0.002859070542464856,0.17903839704635083,500003000.0,4.806717901260518,1.1462556437448006e-05,4.212174933803546e-05,5.39468296860114e-09,8.387449413169694e-08,0.0031543194971115907,1.37983061895566e-09,4.453601714797647e-06,8.24271999414519e-12,0.011078634474490128,-0.03892136552550987,1
487.0,256.68384061857154,169.6047841737318,0.00285966324314573,0.17949177134082686,500003000.0,4.810301612667923,1.1467934544044783e-05,4.2205411132312975e-05,5.378106596777693e-09,8.366179427750997e-08,0.0031587614976240127,1.389103669723586e-09,4.4440843247158875e-06,8.260663905077323e-12,0.011054959425384304,-0.0389450405746157,1
488.0,256.6448955779969,169.05379265909025,0.002860262555163354,0.1799455944343104,500003000.0,4.813823572724281,1.1473296124806227e-05,4.22888608076113e-05,5.361580761444318e-09,8.344967529832628e-08,0.003163193997847493,1.3983827970796926e-09,4.43457221859033e-06,8.278392096440384e-12,0.011031297519839826,-0.038968702480160176,1
489.0,256.6059268755168,168.5040709058128,0.002860868462900414,0.18039986642614858,500003000.0,4.81728471019291,1.1478641230029018e-05,4.237209893911744e-05,5.345105222791392e-09,8.323813150613582e-08,0.0031676170030424285,1.4076678529797168e-09,4.425065436091367e-06,8.29590542811987e-12,0.011007648856541692,-0.03899235114345831,1
490.0,256.5669345243733,167.9556179195043,0.0028614809509061806,0.18085458741429475,500003000.0,4.820685944026421,1.1483969909772087e-05,4.245512609642438e-05,5.328679743068941e-09,8.302715730693703e-08,0.003172030518509299,1.4169586916198624e-09,4.415564016932999e-06,8.313204764910284e-12,0.010984013534283384,-0.03901598646571662,1
491.0,256.5279185379076,167.40843270079475,0.002862100003828579,0.18130975749521153,500003000.0,4.824028183329909,1.1489282213858529e-05,4.2537942843623416e-05,5.312304086441841e-09,8.281674719903913e-08,0.0031764345495886013,1.4262551693828062e-09,4.406068000768761e-06,8.330290976104749e-12,0.01096039165170799,-0.03903960834829201,1
492.0,256.48887892955935,166.86251424533882,0.0028627256064748105,0.18176537676395524,500003000.0,4.827312327330401,1.1494578191877614e-05,4.262054973939489e-05,5.295978019085299e-09,8.260689577147657e-08,0.0031808291016608846,1.4355571447843676e-09,4.396577427286488e-06,8.347164935105625e-12,0.010936783307543926,-0.039063216692456076,1
493.0,256.4498157128669,166.317861543825,0.00286335774375942,0.1822214453140804,500003000.0,4.830539265352245,1.1499857893186685e-05,4.270294733709727e-05,5.279701309070862e-09,8.239759770238079e-08,0.0031852141801467,1.4448644784208268e-09,4.387092336129254e-06,8.363827519040202e-12,0.010913188600408283,-0.03908681139959172,1
494.0,256.4107289014673,165.77447358197858,0.0028639964007362473,0.18267796323771976,500003000.0,4.833709876798291,1.1505121366913094e-05,4.2785136184854725e-05,5.263473726408608e-09,8.218884775745889e-08,0.0031895897905066034,1.4541770329169396e-09,4.377612766945649e-06,8.38027960839663e-12,0.010889607628931874,-0.03911039237106813,1
495.0,256.3716185090962,165.23234934056927,0.002864641562573674,0.18313493062550584,500003000.0,4.836825031136616,1.1510368661956079e-05,4.286711682564316e-05,5.247295042984455e-09,8.198064078843872e-08,0.0031939559382411246,1.463494672874626e-09,4.368138759352807e-06,8.396522086665547e-12,0.010866040491667275,-0.039133959508332726,1
496.0,256.3324845495879,164.69148779541374,0.002865293214580499,0.18359234756661677,500003000.0,4.839885587892634,1.1515599826988669e-05,4.294888979737476e-05,5.231165032590921e-09,8.177297173159635e-08,0.0031983126288907676,1.4728172648223872e-09,4.358670352976948e-06,8.412555839999136e-12,0.010842487287189671,-0.03915751271281033,1
497.0,256.2933270368751,164.1518879173833,0.0028659513421780717,0.18405021414876083,500003000.0,4.842892396646336,1.1520814910459528e-05,4.303045563298105e-05,5.215083470859362e-09,8.156583560628812e-08,0.0032026598680359817,1.4821446771654216e-09,4.3492075874117684e-06,8.428381756879478e-12,0.010818948113993353,-0.03918105188600665,1
498.0,256.25414598498907,163.61354867240814,0.0028666159309189633,0.18450853045814228,500003000.0,4.845846297034517,1.1526013960594805e-05,4.311181486049456e-05,5.19905013527771e-09,8.135922751350683e-08,0.0032069976612971503,1.491476780136483e-09,4.3397505022478255e-06,8.444000727798034e-12,0.010795423070564802,-0.0392045769294352,1
499.0,256.21494140805964,163.0764690214864,0.0028672869664580092,0.18496729657947883,500003000.0,4.848748118757743,1.1531197025399927e-05,4.3192968003129045e-05,5.183064805121692e-09,8.115314263448633e-08,0.0032113260143345475,1.5008134457474634e-09,4.330299137029578e-06,8.459413644948561e-12,0.010771912255275835,-0.039228087744724166,1
500.0,256.1757133203149,162.54064792068462,0.0028679644346017346,0.18542651259600998,500003000.0,4.85159868159195,1.1536364152661455e-05,4.327391557935838e-05,5.167127261528281e-09,8.094757622933227e-08,0.003215644932848358,1.5101545477417384e-09,4.320853531331042e-06,8.47462140193113e-12,0.010748415766571798,-0.039251584233428206,1
501.0,256.13646173608146,162.00608432114876,0.0028686483212475734,0.1858861785894633,500003000.0,4.854398795404396,1.1541515389948824e-05,4.335465810299404e-05,5.1512372873697905e-09,8.074252363566136e-08,0.003219954422578621,1.5194999615472482e-09,4.311413724664748e-06,8.489624893465077e-12,0.010724933702745092,-0.03927506629725491,1
502.0,256.0971866697842,161.47277716910878,0.0028693386124199667,0.18634629464005964,500003000.0,4.857149260173857,1.1546650784616128e-05,4.343519608326133e-05,5.135394667303605e-09,8.053798026728639e-08,0.003224254489305216,1.5288495642303494e-09,4.301979756537216e-06,8.504425015114703e-12,0.010701466162073167,-0.039298533837926836,1
503.0,256.05788813594626,160.9407254058822,0.002870035294275233,0.18680686082653367,500003000.0,4.859850866014883,1.1551770383803893e-05,4.351553002487426e-05,5.1195991877649715e-09,8.033394161293122e-08,0.003228545138847861,1.5382032344504303e-09,4.2925516664568404e-06,8.519022663025915e-12,0.010678013242838139,-0.039321986757161864,1
504.0,256.0185661491891,160.40992796788578,0.0028707383530553886,0.18726787722606889,500003000.0,4.862504393205887,1.1556874234440761e-05,4.35956604281092e-05,5.1038506368691986e-09,8.013040323493855e-08,0.00323282637706605,1.5475608524152862e-09,4.283129493865572e-06,8.533418733669619e-12,0.010654575043156835,-0.039345424956843164,1
505.0,255.97922072423225,159.88038378663606,0.002871447775151377,0.1877293439143583,500003000.0,4.865110612220999,1.156196238324527e-05,4.3675587788877254e-05,5.0881488045092445e-09,7.992736076805346e-08,0.0032370982098590753,1.556922299837283e-09,4.273713278234266e-06,8.547614123600623e-12,0.010631151661218002,-0.039368848338782,1
506.0,255.93985187589345,159.3520917887607,0.002872163547040089,0.1881912609655576,500003000.0,4.867670283765416,1.1567034876727497e-05,4.375531259879544e-05,5.0724934822285366e-09,7.972480991818675e-08,0.0032413606431659593,1.566287459890279e-09,4.2643030589693545e-06,8.561609729221523e-12,0.010607743195050107,-0.0393922568049499,1
507.0,255.9004596190885,158.82505089600286,0.0028728856553244973,0.1886536284522908,500003000.0,4.870184158814165,1.1572091761190775e-05,4.3834835345256665e-05,5.056884463277506e-09,7.952274646122615e-08,0.0032456136829654516,1.5756562171673368e-09,4.254898875473486e-06,8.575406446558821e-12,0.010584349742672224,-0.03941565025732778,1
508.0,255.86104396883118,158.29926002522785,0.0028736140867203558,0.18911644644565737,500003000.0,4.872652978654103,1.157713308273335e-05,4.391415651149853e-05,5.041321542575121e-09,7.932116624186849e-08,0.0032498573352759993,1.5850284576392065e-09,4.2455007671263275e-06,8.589005171048083e-12,0.010560971402046242,-0.03943902859795376,1
509.0,255.82160494023324,157.77471808843111,0.0028743488280470915,0.18957971501520987,500003000.0,4.875077474928976,1.1582158887250028e-05,4.399327657667099e-05,5.0258045166783885e-09,7.912006517246514e-08,0.003254091606155714,1.5944040686135906e-09,4.236108773271806e-06,8.602406797327258e-12,0.010537608271045152,-0.039462391728954854,1
510.0,255.78214254850428,157.25142399274398,0.0028750898662416695,0.1900434342289572,500003000.0,4.877458369687439,1.1587169220433821e-05,4.407219601590289e-05,5.0103331837922795e-09,7.891943923189924e-08,0.0032583165017023514,1.6037829386951872e-09,4.226722933239267e-06,8.615612219039908e-12,0.010514260447505669,-0.039485739552494334,1
511.0,255.74265680895178,156.7293766404423,0.002875837188340044,0.19050760415335355,500003000.0,4.879796375433844,1.1592164127777545e-05,4.415091530036737e-05,4.994907343723056e-09,7.871928446447892e-08,0.0032625320280532675,1.6131649577465075e-09,4.217343286316779e-06,8.62862232864648e-12,0.010490928029161819,-0.03950907197083818,1
512.0,255.70314773698095,156.2085749289527,0.0028765907814919116,0.19097222485330834,500003000.0,4.882092195181709,1.1597143654575434e-05,4.422943489734623e-05,4.979526797889969e-09,7.851959697886072e-08,0.003266738191385399,1.6225500168494746e-09,4.207969871773498e-06,8.641438017245065e-12,0.010467611113700582,-0.039532388886299424,1
513.0,255.66361534809465,155.6890177508591,0.002877350632958046,0.1914372963921598,500003000.0,4.884346522509685,1.1602107845924741e-05,4.430775527029321e-05,4.964191349306502e-09,7.832037294697908e-08,0.0032709349979152397,1.631938008267794e-09,4.198602728856252e-06,8.654060174398768e-12,0.010444309798753397,-0.03955569020124661,1
514.0,255.6240596578934,155.1707039939123,0.0028781167300926873,0.19190281883168883,500003000.0,4.88656004161991,1.1607056746727278e-05,4.438587687889622e-05,4.948900802536195e-09,7.812160860301157e-08,0.0032751224538987863,1.6413288254100917e-09,4.189241896764422e-06,8.666489687972785e-12,0.010421024181833662,-0.03957897581816634,1
515.0,255.58448068207525,154.65363254103534,0.0028788890603667744,0.19236879223212208,500003000.0,4.888733427398644,1.1611990401690997e-05,4.446380017913858e-05,4.933654963719117e-09,7.792330024236056e-08,0.0032793005656315283,1.6507223627938294e-09,4.17988741468444e-06,8.678727443978973e-12,0.010397754360422562,-0.03960224563957744,1
516.0,255.54487843643568,154.13780227033266,0.0028796676113467964,0.19283521665207684,500003000.0,4.890867345479016,1.161690885533152e-05,4.454152562335921e-05,4.918453640521904e-09,7.772544422063251e-08,0.003283469339448399,1.6601185160099747e-09,4.170539321759486e-06,8.690774326425584e-12,0.010374500431893688,-0.039625499568106314,1
517.0,255.50525293686758,153.6232120550968,0.0028804523707078164,0.1933020921486239,500003000.0,4.892962452305801,1.1621812151973666e-05,4.4619053660311885e-05,4.903296642146768e-09,7.752803695267908e-08,0.0032876287817237503,1.6695171816884347e-09,4.161197657108972e-06,8.702631217179128e-12,0.010351262493561492,-0.03964873750643851,1
518.0,255.46560419936114,153.10986076381727,0.002881243326220742,0.1937694187772299,500003000.0,4.895019395202095,1.1626700335752962e-05,4.46963847352235e-05,4.888183779296525e-09,7.733107491161369e-08,0.0032917788988713103,1.678918257464251e-09,4.151862459810593e-06,8.714298995828709e-12,0.010328040642636654,-0.03967195935736335,1
519.0,255.4259322400038,152.59774726018776,0.0028820404657622476,0.19423719659178662,500003000.0,4.897038812437776,1.163157345061714e-05,4.4773519289851374e-05,4.873114864178436e-09,7.713455462787707e-08,0.003295919697344152,1.6883216419445356e-09,4.142533768915186e-06,8.725778539560735e-12,0.010304834976263031,-0.039695165023736975,1
520.0,255.38623707498004,152.086870403114,0.0028828437773101225,0.19470542564458426,500003000.0,4.899021333299645,1.1636431540327624e-05,4.485045776253967e-05,4.858089710483264e-09,7.693847268830077e-08,0.0033000511836346626,1.6977272346761605e-09,4.133211623440434e-06,8.73707072303824e-12,0.010281645591502004,-0.039718354408498,1
521.0,255.34651872057154,151.57722904672323,0.0028836532489334246,0.1951741059863247,500003000.0,4.900967578163127,1.164127464846098e-05,4.492720058827487e-05,4.843108133355908e-09,7.674282573520181e-08,0.0033041733642744857,1.707134936114179e-09,4.123896062357218e-06,8.748176418288334e-12,0.010258472585298523,-0.03974152741470148,1
522.0,255.30677719315685,151.06882204037134,0.002884468868806341,0.1956432376661011,500003000.0,4.902878158565457,1.1646102818410385e-05,4.500374819874035e-05,4.828169949406127e-09,7.654761046548319e-08,0.0033082862458345026,1.7165446475909897e-09,4.114587124609972e-06,8.759096494594843e-12,0.010235316054531738,-0.03976468394546827,1
523.0,255.26701250921138,150.56164822865117,0.002885290625201364,0.1961128207313972,500003000.0,4.904753677280234,1.1650916093387069e-05,4.508010102237011e-05,4.8132749766843864e-09,7.635282362975722e-08,0.003312389834924788,1.7259562712862204e-09,4.1052848491072385e-06,8.769831818397843e-12,0.01021217609599151,-0.03978782390400849,1
524.0,255.22722468530736,150.05570645140162,0.0028861185064830513,0.1965828552280937,500003000.0,4.906594728393226,1.1655714516421728e-05,4.5156259484401596e-05,4.798423034659048e-09,7.615846203148735e-08,0.0033164841381945667,1.7353697101973272e-09,4.095989274713214e-06,8.78038325319946e-12,0.010189052806357386,-0.039810947193642615,1
525.0,255.18741373811372,149.55099554371662,0.002886952501110014,0.19705334120044798,500003000.0,4.9084018973793855,1.1660498130365935e-05,4.5232224006927736e-05,4.783613944207512e-09,7.596452252613745e-08,0.003320569162332167,1.7447848681109253e-09,4.086700440251035e-06,8.790751659474635e-12,0.010165946282206757,-0.03983405371779325,1
526.0,255.14757968439594,149.04751433595277,0.002887792597641912,0.19752427869110023,500003000.0,4.9101757611809385,1.1665266977893551e-05,4.530799500894808e-05,4.768847527615595e-09,7.577100202034505e-08,0.0033246449140649937,1.7542016495748016e-09,4.0774183845130215e-06,8.800937894588432e-12,0.010142856620040346,-0.03985714337995966,1
527.0,255.107722541016,148.54526165373858,0.0028886387847295294,0.19799566774106747,500003000.0,4.911916888286479,1.16700211015021e-05,4.5383572906419187e-05,4.754123608549003e-09,7.557789747110563e-08,0.0033287114001594744,1.7636199598706436e-09,4.068143146246954e-06,8.810942812718423e-12,0.010119783916248076,-0.039880216083751925,1
528.0,255.06784232493223,148.04423631798346,0.0028894910511163513,0.19846750838973906,500003000.0,4.9136258388109875,1.1674760543514145e-05,4.545895811230416e-05,4.739442012044063e-09,7.538520588497221e-08,0.0033327686274210225,1.7730397049874516e-09,4.058874764158665e-06,8.820767264782432e-12,0.010096728267115513,-0.03990327173288449,1
529.0,255.02793905319933,147.54443714488735,0.002890349385634564,0.1989398006748578,500003000.0,4.9153031645766845,1.1679485346078634e-05,4.553415103662142e-05,4.724802564489416e-09,7.519292431726494e-08,0.003336816602693982,1.7824607915956304e-09,4.0496132769067755e-06,8.830412098370847e-12,0.010073689768810772,-0.03992631023118923,1
530.0,254.98801274296815,147.0458629459493,0.0028912137772114134,0.1994125446325467,500003000.0,4.916949409194648,1.1684195551172259e-05,4.5609152086492736e-05,4.710205093624781e-09,7.500104987131012e-08,0.003340855332861592,1.7918831270217624e-09,4.04035872311194e-06,8.839878157685761e-12,0.010050668517407513,-0.03994933148259249,1
531.0,254.94806341148555,146.54851252797565,0.0028920842148704527,0.19988574029727105,500003000.0,4.918565108147116,1.168889120060079e-05,4.568396166619041e-05,4.695649428531302e-09,7.4809579697671e-08,0.0033448848248459465,1.8013066192240402e-09,4.031111141358799e-06,8.849166283482286e-12,0.010027664608889795,-0.03997233539111021,1
532.0,254.90809107609445,146.05238469309222,0.002892960687708433,0.20035938770186065,500003000.0,4.920150788870401,1.1693572336000372e-05,4.575858017718382e-05,4.681135399582602e-09,7.46185109934123e-08,0.0033489050856079254,1.8107311767683558e-09,4.021870570164052e-06,8.858277313016892e-12,0.01000467813907267,-0.03999532186092733,1
533.0,254.86809575423354,145.55747823875035,0.002893843184931718,0.20083348687748384,500003000.0,4.9217069708383505,1.1698238998838864e-05,4.583300801818518e-05,4.666662838492586e-09,7.442784100136314e-08,0.003352916122147176,1.8201567088050481e-09,4.012637048027477e-06,8.867212079998499e-12,0.009981709203729082,-0.04001829079627092,1
534.0,254.82807746343727,145.06379195773889,0.0028947316958197124,0.20130803785366386,500003000.0,4.923234165646285,1.1702891230417109e-05,4.590724558519459e-05,4.652231578244915e-09,7.423756700940478e-08,0.0033569179415020426,1.8295831250462795e-09,4.003410613381246e-06,8.8759714145453e-12,0.009958757898463785,-0.040041242101536215,1
535.0,254.78803622133574,144.57132463819335,0.002895626209742389,0.20178304065825894,500003000.0,4.92473287709534,1.1707529071870219e-05,4.598129327154435e-05,4.63784145311042e-09,7.404768634976128e-08,0.003360910550749522,1.839010335744045e-09,3.994191304614621e-06,8.884556143144596e-12,0.009935824318774789,-0.040064175681225216,1
536.0,254.7479720456545,144.08007506360454,0.002896526716163991,0.20225849531746015,500003000.0,4.926203601277168,1.171215256416886e-05,4.605515146794266e-05,4.623492298641881e-09,7.385819639830744e-08,0.003364893957005224,1.8484382516688104e-09,3.9849791600791745e-06,8.892967088617266e-12,0.009912908560066333,-0.04008709143993367,1
537.0,254.70788495421456,143.59004201283054,0.0028974332046208143,0.20273440185579936,500003000.0,4.927646826658922,1.1716761748120488e-05,4.612882056251655e-05,4.609183951627679e-09,7.366909457389184e-08,0.0033688681674233015,1.8578667840887544e-09,3.975774218058416e-06,8.901205070086447e-12,0.009890010717573342,-0.040109989282426664,1
538.0,254.66777496493214,143.10122426010471,0.0028983456647468362,0.20321076029612561,500003000.0,4.929063034168475,1.172135666437061e-05,4.6202300940854216e-05,4.594916250121975e-09,7.348037833766279e-08,0.003372833189196417,1.86729584474962e-09,3.9665765168032754e-06,8.909270902948946e-12,0.00986713088644968,-0.040132869113550323,1
539.0,254.62764209581857,142.6136205750465,0.002899264086256189,0.20368757065962434,500003000.0,4.930452697279823,1.1725937353404016e-05,4.627559298604663e-05,4.5806890334060455e-09,7.329204519241823e-08,0.003376789029555685,1.8767253458551594e-09,3.957386094508146e-06,8.917165398851693e-12,0.009844269161708562,-0.04015573083829144,1
540.0,254.5874863649803,142.1272297226725,0.002900188458940646,0.20416483296577354,500003000.0,4.931816282098592,1.173050385554599e-05,4.634869707872858e-05,4.566502141973905e-09,7.31040926819482e-08,0.003380735695770605,1.8861552000481594e-09,3.948202989307713e-06,8.924889365669412e-12,0.009821425638214672,-0.04017857436178533,1
541.0,254.5473077906185,141.64205046340467,0.0029011187726883554,0.20464254723240677,500003000.0,4.933154247447646,1.173505621096354e-05,4.6421613597119e-05,4.5523554175513846e-09,7.291651839042173e-08,0.0033846731951490336,1.8955853203920533e-09,3.939027239302637e-06,8.932443607489686e-12,0.009798600410748036,-0.040201399589251965,1
542.0,254.50710639102925,141.15808155308318,0.002902055017453767,0.20512071347563648,500003000.0,4.934467044952701,1.1739594459666578e-05,4.649434291706074e-05,4.538248703038438e-09,7.272931994174042e-08,0.003388601535037102,1.9050156203530866e-09,3.9298588825187475e-06,8.939828924595859e-12,0.009775793573902528,-0.040224206426097475,1
543.0,254.46688218460315,140.67532174297492,0.0029029971832857646,0.2055993317098969,500003000.0,4.935755119127919,1.1744118641509121e-05,4.6566885412059684e-05,4.524181842543148e-09,7.25424949989412e-08,0.003392520722819183,1.9144460137830464e-09,3.920697956945443e-06,8.947046113457702e-12,0.009753005222181386,-0.040246994777818616,1
544.0,254.42663518982533,140.1937697797855,0.00290394526030464,0.20607840194791732,500003000.0,4.9370189074614474,1.1748628796190457e-05,4.663924145332327e-05,4.510154681335493e-09,7.235604126358672e-08,0.0033964307659178155,1.92387641490254e-09,3.911544500504569e-06,8.954095966722278e-12,0.009730235449919793,-0.04026976455008021,1
545.0,254.38636542527524,139.71342440566886,0.0029048992387180664,0.2065579242007371,500003000.0,4.938258840500838,1.1753124963256318e-05,4.671141140979845e-05,4.496167065862283e-09,7.216995647517987e-08,0.003400331671793662,1.933306738284808e-09,3.902398551072145e-06,8.960979273209372e-12,0.009707484351338927,-0.04029251564866108,1
546.0,254.34607290962657,139.23428435823914,0.002905859108806345,0.20703789847767629,500003000.0,4.939475341938318,1.1757607182100032e-05,4.678339564820902e-05,4.482218843714272e-09,7.198423841057396e-08,0.0034042234479454395,1.9427368988400662e-09,3.893260146458566e-06,8.967696817907834e-12,0.009684752020496715,-0.04031524797950329,1
547.0,254.30575766164708,138.75634837058095,0.002906824860932127,0.20751832478635363,500003000.0,4.9406688286958875,1.1762075491963663e-05,4.685519453309243e-05,4.468309863631448e-09,7.179888488340806e-08,0.003408106101909866,1.9521668118003734e-09,3.884129324421809e-06,8.974249381976516e-12,0.009662038551320667,-0.040337961448679335,1
548.0,254.2654197001984,138.27961517126005,0.002907796485538624,0.20799920313268017,500003000.0,4.941839711010166,1.1766529931939153e-05,4.692680842683598e-05,4.454439975490433e-09,7.16138937435439e-08,0.0034119796412616027,1.9615963927049995e-09,3.875006122665032e-06,8.980637742746645e-12,0.009639344037601931,-0.04036065596239807,1
549.0,254.22505904423602,137.80408348433537,0.0029087739731401075,0.20848053352085347,500003000.0,4.942988392516999,1.1770970540969432e-05,4.699823768971249e-05,4.440609030280291e-09,7.142926287651226e-08,0.0034158440736131875,1.9710255573863e-09,3.865890578823985e-06,8.986862673726653e-12,0.00961666857296396,-0.04038333142703604,1
550.0,254.184675712809,137.3297520293696,0.002909757314331678,0.20896231595333237,500003000.0,4.944115270335766,1.177539735784954e-05,4.706948267991545e-05,4.426816880107987e-09,7.124499020296393e-08,0.0034196994066149765,1.9804542219560844e-09,3.85678273048012e-06,8.992924944608713e-12,0.009594012250895116,-0.04040598774910489,1
551.0,254.1442697250599,136.8566195214406,0.0029107464997836455,0.20944455043085816,500003000.0,4.94522073515336,1.177981042122772e-05,4.71405437535936e-05,4.413063378180307e-09,7.106107367814243e-08,0.003423545647955081,1.9898823027924642e-09,3.847682615153118e-06,8.998825321279052e-12,0.009571375164730105,-0.0404286248352699,1
552.0,254.10384110022463,136.38468467115308,0.002911741520240566,0.20992723695245705,500003000.0,4.946305171307801,1.1784209769606514e-05,4.7211421264884954e-05,4.399348378793056e-09,7.087751129136044e-08,0.0034273828053593067,1.999309716527165e-09,3.838590270299679e-06,9.004564565829713e-12,0.009548757407646942,-0.04045124259235306,1
553.0,254.06338985763227,135.91394618465023,0.0029127423665204584,0.2104103755154156,500003000.0,4.947368956871484,1.1788595441343834e-05,4.728211556595043e-05,4.38567173732064e-09,7.069430106547723e-08,0.003431210886591081,2.008736380033326e-09,3.829505733312532e-06,9.010143436571395e-12,0.009526159072664506,-0.0404738409273355,1
554.0,254.02291601670493,135.44440276362425,0.0029137490295224086,0.21089396611527955,500003000.0,4.948412463734002,1.1792967474654053e-05,4.7352627007006824e-05,4.372033310218297e-09,7.051144105639123e-08,0.0034350298994514053,2.018162210413725e-09,3.820429041530424e-06,9.015562688048973e-12,0.009503580252667381,-0.04049641974733262,1
555.0,253.98241959695758,134.97605310533,0.00291476150020627,0.21137800874585114,500003000.0,4.949436057684517,1.1797325907609035e-05,4.742295593635936e-05,4.35843295498251e-09,7.032892935254033e-08,0.0034388398517787655,2.027587124989468e-09,3.811360232211475e-06,9.020823071058771e-12,0.009481021040339573,-0.04051897895966043,1
556.0,253.94190061799793,134.5088959025952,0.0029157797696157156,0.21186250339920631,500003000.0,4.950440098493701,1.1801670778139211e-05,4.749310270043378e-05,4.344870530176642e-09,7.014676407441712e-08,0.0034426407514490877,2.037011041289116e-09,3.8022993425634446e-06,9.025925332668482e-12,0.009458481528239806,-0.0405415184717602,1
557.0,253.90135909952616,134.04292984383244,0.0029168038288656956,0.21234745006566938,500003000.0,4.951424939995151,1.1806002124034615e-05,4.756306764380786e-05,4.331345895403101e-09,6.99649433740782e-08,0.0034464326063756655,2.0464338770382288e-09,3.793246409727197e-06,9.030870216236893e-12,0.009435961808760383,-0.04056403819123962,1
558.0,253.86079506133493,133.57815361305265,0.002917833669133006,0.21283284873380187,500003000.0,4.952390930166326,1.1810319982945895e-05,4.7632851109242526e-05,4.317858911280616e-09,6.978346543466692e-08,0.0034502154245090776,2.0558555501493324e-09,3.7842014707644868e-06,9.03565846143587e-12,0.009413461974096812,-0.04058653802590319,1
559.0,253.82020852330902,133.11456588987525,0.002918869281678714,0.21331869939042808,500003000.0,4.953338411208935,1.1814624392385364e-05,4.770245343771248e-05,4.30440943946875e-09,6.96023284699541e-08,0.003453989213837139,2.0652759787123007e-09,3.77516456268707e-06,9.04029080427521e-12,0.009390982116320215,-0.040609017883679786,1
560.0,253.77959950542535,132.65216534954237,0.00291991065782087,0.21380500202060318,500003000.0,4.9542677196287785,1.1818915389727983e-05,4.777187496843635e-05,4.290997342618849e-09,6.942153072386897e-08,0.003457753982384816,2.074695080985133e-09,3.766135722421262e-06,9.044767977126575e-12,0.009368522327289157,-0.040631477672710845,1
561.0,253.73896802775263,132.1909506629289,0.002920957788962143,0.2142917566076229,500003000.0,4.955179186315036,1.1823193012212389e-05,4.78411160389064e-05,4.277622484406211e-09,6.92410704700509e-08,0.0034615097382141705,2.0841127753851297e-09,3.7571149868436253e-06,9.04909070875056e-12,0.009346082698738439,-0.04065391730126156,1
562.0,253.69831411045138,131.7309204965577,0.002922010666556274,0.21477896313302083,500003000.0,4.956073136618943,1.182745729694186e-05,4.7910176984917804e-05,4.26428472947231e-09,6.9060946011403e-08,0.0034652564894242697,2.0935289804804417e-09,3.7481023927376547e-06,9.05325972432423e-12,0.00932366332217134,-0.04067633667782866,1
563.0,253.65763777377356,131.27207351260935,0.002923069282142928,0.21526662157657214,500003000.0,4.956949890431893,1.1831708280885328e-05,4.797905814059746e-05,4.25098394346748e-09,6.888115567965693e-08,0.003468994244151133,2.1029436149820124e-09,3.73909797683859e-06,9.057275745470441e-12,0.009301264288971081,-0.04069873571102892,1
564.0,253.61693903806253,130.81440836893657,0.002924133627318928,0.2157547319162506,500003000.0,4.957809762262906,1.1835946000878328e-05,4.804775983843239e-05,4.237719993000457e-09,6.870169783492932e-08,0.003472723010567646,2.1123565977358694e-09,3.7301017757963332e-06,9.061139490286206e-12,0.009278885690308604,-0.0407211143096914,1
565.0,253.57621792375284,130.35792371907664,0.0029252036937496406,0.21624329412829532,500003000.0,4.958653061315469,1.1840170493623975e-05,4.811628240929771e-05,4.224492745646851e-09,6.852257086531721e-08,0.003476442796883494,2.1217678477157903e-09,3.721113826190056e-06,9.06485167337633e-12,0.00925652761717889,-0.04074347238282111,1
566.0,253.53547445137002,129.90261821226343,0.0029262794731727405,0.21673230818713637,500003000.0,4.959480091563741,1.184438179569392e-05,4.8184626182484165e-05,4.211302069946335e-09,6.834377318646073e-08,0.0034801536113450828,2.1311772840163068e-09,3.712134164532844e-06,9.06841300588287e-12,0.009234190160412506,-0.0407658098395875,1
567.0,253.49470864153042,129.44849049344106,0.002927360957387531,0.21722177406543242,500003000.0,4.960291151828089,1.18485799435293e-05,4.8252791485725306e-05,4.198147835379087e-09,6.816530324114254e-08,0.0034838554622354714,2.140584825846064e-09,3.703162827257997e-06,9.071824195519407e-12,0.009211873410641554,-0.040788126589358445,1
568.0,253.45392051494107,128.9955392032772,0.0029284481382559177,0.21771169173405375,500003000.0,4.961086535849973,1.185276497344166e-05,4.832077864522418e-05,4.1850299123593005e-09,6.798715949887981e-08,0.0034875483578742793,2.149990392521502e-09,3.694199850720239e-06,9.075085946604394e-12,0.009189577458302657,-0.040810422541697346,1
569.0,253.41311009239936,128.54376297817458,0.0029295410077167005,0.21820206116209676,500003000.0,4.961866532366135,1.1856936921613907e-05,4.8388587985679715e-05,4.1719481722476166e-09,6.780934045553068e-08,0.003491232306617633,2.1593939034608794e-09,3.6852452712136178e-06,9.07819896009635e-12,0.009167302393681489,-0.04083269760631851,1
570.0,253.37227739479306,128.09316045028692,0.0029306395577548285,0.2186928823168359,500003000.0,4.962631425182117,1.1861095824101206e-05,4.84562198303126e-05,4.15890248729938e-09,6.763184463288934e-08,0.003494907316858063,2.1687952781785978e-09,3.676299124932636e-06,9.081163933627427e-12,0.009145048306816098,-0.04085495169318391,1
571.0,253.33142244309988,127.6437302475288,0.0029317437804416563,0.21918415516378492,500003000.0,4.963381493245078,1.186524171683192e-05,4.852367450089092e-05,4.145892730714162e-09,6.745467057831831e-08,0.0034985733970244533,2.1781944362798592e-09,3.6673614480227714e-06,9.083981561541839e-12,0.00912281528762256,-0.040877184712377446,1
572.0,253.2905452583875,127.19547099359212,0.002932853667891956,0.21967587966663793,500003000.0,4.964117010715897,1.1869374635608486e-05,4.8590952317755274e-05,4.132918776566949e-09,6.72778168643521e-08,0.003502230555581935,2.1875912974556085e-09,3.658432276526347e-06,9.086652534930263e-12,0.00910060342576035,-0.04089939657423965,1
573.0,253.24964586181326,126.74838130795773,0.0029339692122962928,0.2201680557872845,500003000.0,4.964838247040585,1.1873494616108333e-05,4.8658053599843606e-05,4.119980499846422e-09,6.710128208832918e-08,0.003505878801031825,2.1969857814777827e-09,3.649511646423006e-06,9.089177541667808e-12,0.009078412810733004,-0.040921587189267,1
574.0,253.208724274624,126.30245980591,0.0029350904059001564,0.2206606834858306,500003000.0,4.9655454670209584,1.1877601693884751e-05,4.8724978664715636e-05,4.107077776417867e-09,6.6925064872029e-08,0.0035095181419115356,2.2063778081948482e-09,3.6405995936034598e-06,9.091557266452453e-12,0.009056243531822829,-0.040943756468177175,1
575.0,253.1677805181558,125.85770509854986,0.002936217241015969,0.22115376272054865,500003000.0,4.966238930884606,1.1881695904367784e-05,4.8791727828576936e-05,4.09421048303258e-09,6.674916386129744e-08,0.003513148586794496,2.215767297527622e-09,3.631696153884304e-06,9.09379239084158e-12,0.009034095678127756,-0.04096590432187225,1
576.0,253.12681461383394,125.41411579280896,0.0029373497100144753,0.22164729344791437,500003000.0,4.966918894354121,1.1885777282865092e-05,4.885830140630264e-05,4.0813784973083445e-09,6.657357772569976e-08,0.0035167701442900697,2.2251541694653614e-09,3.6228013629971627e-06,9.095883593291954e-12,0.00901196933853434,-0.04098803066146566,1
577.0,253.0858265831725,124.97169049146329,0.0029384878053294755,0.22214127562259192,500003000.0,4.9675856087155905,1.188984586456282e-05,4.8924699711460804e-05,4.068581697728676e-09,6.639830515816573e-08,0.003520382823043474,2.234538344062125e-09,3.6139152565943873e-06,9.097831549198234e-12,0.00898986460173192,-0.04101013539826808,1
578.0,253.04481644777422,124.53042779314698,0.002939631519456147,0.22263570919741787,500003000.0,4.968239320886369,1.1893901684526453e-05,4.8990923056335445e-05,4.055819963633148e-09,6.622334487463999e-08,0.0035239866317356944,2.2439197414333997e-09,3.6050378702467853e-06,9.099636930931858e-12,0.00896778155620699,-0.04103221844379301,1
579.0,253.00378422933042,124.09032629236708,0.0029407808449442674,0.2231305941234161,500003000.0,4.9688802734820925,1.1897944777701654e-05,4.905697175194919e-05,4.043093175200831e-09,6.604869561374523e-08,0.0035275815790833946,2.2532982817529755e-09,3.5961692394351474e-06,9.101300407881213e-12,0.008945720290222114,-0.04105427970977789,1
580.0,252.96272994962064,123.65138457951717,0.00294193577440681,0.22362593034978206,500003000.0,4.969508704882962,1.1901975178915109e-05,4.9122846108085635e-05,4.030401213455006e-09,6.587435613644328e-08,0.0035311676738388376,2.2626738852500677e-09,3.5873093995606255e-06,9.102822646491083e-12,0.008923680891841734,-0.04107631910815827,1
581.0,252.92165363051248,123.2136012408915,0.002943096300516722,0.22412171782388202,500003000.0,4.970124849299273,1.1905992922875362e-05,4.9188546433311337e-05,4.017743960251581e-09,6.570032522570461e-08,0.003534744924789799,2.272046472206682e-09,3.5784583859405715e-06,9.104204310302783e-12,0.008901663448921834,-0.04109833655107817,1
582.0,252.8805552939614,122.77697485869953,0.0029442624160036135,0.22461795649126548,500003000.0,4.970728936836207,1.190999804417363e-05,4.9254073034997524e-05,4.005121298267508e-09,6.55266016861859e-08,0.003538313340759475,2.2814159629552226e-09,3.569616233804287e-06,9.105446059994904e-12,0.008879668049099355,-0.041120331950900646,1
583.0,252.8394349620105,122.3415040110801,0.0029454341136567613,0.22511464629564043,500003000.0,4.971321193557869,1.1913990577284627e-05,4.931942621934143e-05,3.992533110997926e-09,6.535318434390362e-08,0.0035418729306064016,2.2907822778763056e-09,3.5607829782964977e-06,9.106548553422937e-12,0.008857694779800841,-0.04114230522019916,1
584.0,252.7982926567903,121.90718727211656,0.0029466113863188276,0.22561178717887215,500003000.0,4.971901841550578,1.1917970556567367e-05,4.938460629138735e-05,3.979979282740737e-09,6.518007204591813e-08,0.0035454237032243596,2.300145337396819e-09,3.5519586544695457e-06,9.10751244565985e-12,0.00883574372822302,-0.041164256271776986,1
585.0,252.75712840051852,121.47402321185078,0.0029477942268933723,0.22610937908100534,500003000.0,4.972471098985405,1.1921938016265967e-05,4.944961355504738e-05,3.967459698599959e-09,6.500726366002837e-08,0.00354896566754229,2.309505061988183e-09,3.543143297292282e-06,9.108338389037515e-12,0.008813814981354926,-0.04118618501864508,1
586.0,252.7159422154999,121.04201039629784,0.002948982628340773,0.2266074219402255,500003000.0,4.973029180179978,1.192589299051044e-05,4.9514448313121836e-05,3.954974244473367e-09,6.483475807445575e-08,0.0035524988325242,2.318861372164827e-09,3.5343369416448778e-06,9.10902703318607e-12,0.008791908625964982,-0.04120809137403502,1
587.0,252.67473412412585,120.61114738746085,0.0029501765836772234,0.22710591569289007,500003000.0,4.973576295659508,1.1929835513317485e-05,4.957911086731939e-05,3.942522807044432e-09,6.466255419754999e-08,0.0035560232071690794,2.3282141884828635e-09,3.5255396223174094e-06,9.109579025075672e-12,0.008770024748597494,-0.04122997525140251,1
588.0,252.63350414887444,120.18143274334656,0.00295137608596908,0.22760486027348906,500003000.0,4.974112652217107,1.1933765618591253e-05,4.964360151827687e-05,3.9301052737681415e-09,6.449065095748212e-08,0.0035595388005107953,2.337563431538968e-09,3.5167513740029044e-06,9.109995009055881e-12,0.00874816343555534,-0.041251836564444665,1
589.0,252.59225231231,119.75286501797932,0.002952581128345489,0.22810425561467876,500003000.0,4.974638452973322,1.1937683340124135e-05,4.9707920565578834e-05,3.9177215328812835e-09,6.431904730196012e-08,0.003563045621618013,2.346909021969444e-09,3.5079722313122065e-06,9.110275626897483e-12,0.008726324772936958,-0.041273675227063045,1
590.0,252.55097863708292,119.32544276141631,0.002953791703988407,0.2286041016472703,500003000.0,4.975153897434954,1.1941588711597517e-05,4.977206830777677e-05,3.9053714733825085e-09,6.41477421979366e-08,0.0035665436795941003,2.356250880449477e-09,3.499202228761773e-06,9.11042151783258e-12,0.008704508846605983,-0.04129549115339402,1
591.0,252.50968314592953,118.89916451976343,0.0029550078061291894,0.22910439830019808,500003000.0,4.975659181553119,1.1945481766582538e-05,4.9836045042408085e-05,3.893054985021433e-09,6.39767346313172e-08,0.003570032983577025,2.3655889276925676e-09,3.4904414007694633e-06,9.110433318594058e-12,0.00868271574218078,-0.04131728425781922,1
592.0,252.4683658616717,118.47402883518956,0.002956229428059876,0.22960514550054922,500003000.0,4.9761544977805725,1.1949362538540845e-05,4.989985106601477e-05,3.880771958307118e-09,6.380602360668728e-08,0.003573513542739271,2.374923084450147e-09,3.4816897816676497e-06,9.110311663456927e-12,0.008660945545067042,-0.04133905445493296,1
593.0,252.42702680721678,118.05003424594216,0.0029574565631237493,0.2301063431735593,500003000.0,4.976640035128301,1.1953231060825333e-05,4.996348667416181e-05,3.868522284489193e-09,6.363560814703409e-08,0.0035769853662877406,2.3842532715113473e-09,3.4729474056917673e-06,9.110057184278292e-12,0.008639198340429331,-0.04136080165957067,1
594.0,252.3856660055572,117.62717928636324,0.0029586892047131653,0.2306079912425728,500003000.0,4.977115979221373,1.1957087366680882e-05,5.002695216145528e-05,3.856305855548794e-09,6.346548729346536e-08,0.0035804484634636515,2.3935794097029536e-09,3.464214306977572e-06,9.109670510536102e-12,0.008617474213184236,-0.04138252578681577,1
595.0,252.34428347977038,117.20546248690425,0.002959927346277278,0.2311100896291031,500003000.0,4.977582512354063,1.1960931489245084e-05,5.009024782156023e-05,3.844122564202424e-09,6.329566010495508e-08,0.003583902843542446,2.402901419889506e-09,3.4554905195699645e-06,9.109152269370982e-12,0.008595773248022331,-0.04140422675197767,1
596.0,252.3028792530184,116.78488237414155,0.0029611709813180025,0.23161263825276585,500003000.0,4.978039813544248,1.1964763461548974e-05,5.0153373947218296e-05,3.831972303890423e-09,6.312612565806304e-08,0.003587348515833695,2.4122192229735534e-09,3.446776077417951e-06,9.108503085623582e-12,0.008574095529395644,-0.04142590447060436,1
597.0,252.2614533485478,116.36543747079264,0.002962420103384889,0.23211563703132712,500003000.0,4.978488058587076,1.1968583316517738e-05,5.021633083026498e-05,3.819854968764218e-09,6.29568830466851e-08,0.0035907854896809924,2.42153273989607e-09,3.4380710143684287e-06,9.107723581875527e-12,0.008552441141502193,-0.04144755885849781,1
598.0,252.2200057896893,115.94712629573128,0.0029636747060837357,0.23261908588066188,500003000.0,4.978927420107922,1.197239108697143e-05,5.027911876164677e-05,3.807770453691397e-09,6.278793138178687e-08,0.0035942137744618663,2.4308418916370014e-09,3.429375364175954e-06,9.106814378487214e-12,0.00853081016831028,-0.04146918983168972,1
599.0,252.1785365998576,115.52994736400359,0.002964934783068651,0.23312298471477694,500003000.0,4.979358067614623,1.197618680562567e-05,5.034173803143792e-05,3.795718654239398e-09,6.261926979115492e-08,0.0035976333795876697,2.440146599215958e-09,3.420689160493228e-06,9.105776093637313e-12,0.008509202693534846,-0.041490797306465155,1
600.0,252.13704580255114,115.1138991868445,0.002966200328040705,0.23362733344580344,500003000.0,4.979780167548996,1.1979970505092338e-05,5.040418892885707e-05,3.783699466667888e-09,6.245089741914571e-08,0.0036010443145034826,2.449446783693046e-09,3.4120124368693276e-06,9.104609343361145e-12,0.008487618800633033,-0.04151238119936697,1
