t_s,T_K,e_Pa,Sw,Si,Ncloud,Nice,r_cloud_m,r_ice_m,drcloud_dt,drice_dt,qcloud,qice,cond_rate_kgm3s,dep_rate_kgm3s,latent_heating_Ks,dT_dt_Ks,ice_active
0.0,273.15,580.4274281530295,-0.05000000000000009,-0.049927860781880086,0.0,0.0,1e-06,1e-06,0.0,0.0,0.0,0.0,0.0,0.0,0.0,-0.1,0
1.0,273.04999999999995,580.214856306059,-0.043428561742235604,-0.042419434998857655,0.0,0.0,1e-06,1e-06,0.0,0.0,0.0,0.0,0.0,0.0,0.0,-0.1,0
2.0,272.94999999999993,580.0022844590885,-0.03680604804737067,-0.034845915692426795,0.0,0.0,1e-06,1e-06,0.0,0.0,0.0,0.0,0.0,0.0,0.0,-0.1,0
3.0,272.8499999999999,579.789712612118,-0.03013202073387262,-0.027206691114391446,0.0,0.0,1e-06,1e-06,0.0,0.0,0.0,0.0,0.0,0.0,0.0,-0.1,0
4.0,272.7499999999999,579.5771407651475,-0.023406037522452485,-0.019501143338710374,0.0,0.0,1e-06,1e-06,0.0,0.0,0.0,0.0,0.0,0.0,0.0,-0.1,0
5.0,272.64999999999986,579.364568918177,-0.016627651994683156,-0.011728648194954618,0.0,0.0,1e-06,1e-06,0.0,0.0,0.0,0.0,0.0,0.0,0.0,-0.1,0
6.0,272.54999999999984,579.1519970712066,-0.009796413551171449,-0.003888575200942975,0.0,0.0,1e-06,1e-06,0.0,0.0,0.0,0.0,0.0,0.0,0.0,-0.1,0
7.0,272.4499999999998,578.9394252242361,-0.002911867369274869,0.004019712505341757,0.0,0.0,1e-06,1e-06,0.0,0.0,0.0,0.0,0.0,0.0,0.0,-0.1,0
8.0,272.3499999999998,578.4737835039554,0.004026445639637308,0.011996858234703955,500003000.0,0.0,1.223477383652823e-06,1e-06,2.2347738365282298e-07,0.0,3.8357390727028474e-06,0.0,2.1018801257689106e-06,0.0,0.005228557526788334,-0.09477144247321168,0
9.0,272.2552285575266,577.2748438852191,0.010190682676939374,0.019155615099380276,500003000.0,0.0,1.6836440381636158e-06,1e-06,4.601666545107929e-07,0.0,9.995673225024991e-06,0.0,8.195928717616256e-06,0.0,0.02038788238212999,-0.07961211761787002,0
10.0,272.17561643990877,575.4791295774164,0.013983021539133701,0.023779691588284656,500003000.0,0.0,2.140701561165681e-06,1e-06,4.570575230020653e-07,0.0,2.054610942450402e-05,0.0,1.31602938745646e-05,0.0,0.032737049439215425,-0.06726295056078457,0
11.0,272.10835348934796,573.2817786908295,0.01581612681833569,0.026306560763259854,500003000.0,0.0,2.5459628679695943e-06,1e-06,4.052613068039132e-07,0.0,3.456347623688284e-05,0.0,1.650523625894346e-05,0.0,0.04105780163916283,-0.058942198360837174,0
12.0,272.0494112909871,570.8485903326437,0.016313506882536116,0.02740220220270672,500003000.0,0.0,2.896417547662392e-06,1e-06,3.5045467969279793e-07,0.0,5.089143878148642e-05,0.0,1.8472967985916576e-05,0.0,0.04595265668138452,-0.054047343318615486,0
13.0,271.99536394766847,568.3071372713695,0.01601401338800377,0.027643488315230575,500003000.0,0.0,3.198012011147095e-06,1e-06,3.01594463484703e-07,0.0,6.850172232823345e-05,0.0,1.9380546528295768e-05,0.0,0.04821031474700439,-0.05178968525299561,0
14.0,271.9435742624155,565.7383803052055,0.015336471254336369,0.02747946859520294,500003000.0,0.0,3.458941925723966e-06,1e-06,2.609299145768706e-07,0.0,8.667443727467508e-05,0.0,1.961520661496425e-05,0.0,0.048794046305881224,-0.05120595369411878,0
15.0,271.89236830872136,563.1844182287881,0.014548344837566212,0.027197210957149255,500003000.0,0.0,3.6872145444814733e-06,1e-06,2.282726187575074e-07,0.0,0.00010499205690094668,0.0,1.949993266330539e-05,0.0,0.048507295182351716,-0.05149270481764829,0
16.0,271.8408756039037,560.6619405236868,0.013789494800540612,0.026946985329846743,500003000.0,0.0,3.889670545775216e-06,1e-06,2.024560012937425e-07,0.0,0.00012325361733253186,0.0,1.9245923954076375e-05,0.0,0.047875432721583025,-0.05212456727841698,0
17.0,271.7887510366253,558.1739859714027,0.01311587221662918,0.026789013374902,500003000.0,0.0,4.071744174357175e-06,1e-06,1.8207362858195904e-07,0.0,0.00014138478327054845,0.0,1.896664383666002e-05,0.0,0.047180706061343336,-0.05281929393865667,0
18.0,271.7359317426866,555.717698899156,0.012538135943703312,0.026734866085791377,500003000.0,0.0,4.237580827591339e-06,1e-06,1.6583665323416423e-07,0.0,0.00015937316758978196,0.0,1.8711085737642373e-05,0.0,0.04654498939712033,-0.053455010602879674,0
19.0,271.6824767320837,553.2885255603838,0.012047259204509497,0.026774942143667428,500003000.0,0.0,4.390284050416226e-06,1e-06,1.527032228248871e-07,0.0,0.00017723075155241653,0.0,1.8493363961153083e-05,0.0,0.046003392938191744,-0.05399660706180826,0
20.0,271.6284801250219,550.8820764286276,0.011628444475302372,0.026893413351231205,500003000.0,0.0,4.532171304963257e-06,1e-06,1.4188725454703164e-07,0.0,0.00019497555700372386,0.0,1.831211440975812e-05,0.0,0.04555252340735851,-0.05444747659264149,0
21.0,271.57403264842924,548.4947347005137,0.011267334362609106,0.027074903104110194,500003000.0,0.0,4.6649884430425515e-06,1e-06,1.3281713807929397e-07,0.0,0.00021262431912671286,0.0,1.8160915443158085e-05,0.0,0.04517640657502012,-0.05482359342497989,0
22.0,271.51920905500424,546.1237071337836,0.010952065843267342,0.02730670040050763,500003000.0,0.0,4.790071820236765e-06,1e-06,1.250833771942137e-07,0.0,0.0002301904461445504,0.0,1.8032922771613027e-05,0.0,0.04485801684480853,-0.055141983155191476,0
23.0,271.46406707184906,543.7668848685028,0.010673465217518214,0.027578974641588056,500003000.0,0.0,4.908464165382921e-06,1e-06,1.1839234514615543e-07,0.0,0.0002476840803447127,0.0,1.7922448737134675e-05,0.0,0.04458320581376785,-0.05541679418623215,0
24.0,271.40865027766284,541.4226757326867,0.010424602794834611,0.02788430059695398,500003000.0,0.0,5.020995199244939e-06,1e-06,1.1253103386201829e-07,0.0,0.00026511276412439095,0.0,1.7825199339817022e-05,0.0,0.044341291890092095,-0.05565870810990791,0
25.0,271.35299156955296,539.0898633202091,0.010200245961948538,0.02821707277117664,500003000.0,0.0,5.128337344961609e-06,1e-06,1.0734214571666979e-07,0.0,0.00028248212797611015,0.0,1.773805175279099e-05,0.0,0.044124506847738776,-0.05587549315226123,0
26.0,271.2971160764007,536.7675025323465,0.009996396931246874,0.028573009893290223,500003000.0,0.0,5.231044497024738e-06,1e-06,1.0270715206312887e-07,0.0,0.00029979643370180343,0.0,1.765875128095813e-05,0.0,0.043927241992433155,-0.05607275800756685,0
27.0,271.2410433183931,534.4548459397917,0.009809949255107296,0.028948786540551337,500003000.0,0.0,5.329579424783221e-06,1e-06,9.85349277584835e-08,0.0,0.0003170589635297094,0.0,1.7585655213976088e-05,0.0,0.04374541098004002,-0.056254589019959986,0
28.0,271.18478872937317,532.1512925724389,0.009638445459568266,0.029341773158791586,500003000.0,0.0,5.424333529442345e-06,1e-06,9.475410465912338e-08,0.0,0.00033427228927951884,0.0,1.7517546429132955e-05,0.0,0.04357598614212178,-0.05642401385787823,0
29.0,271.12836471551526,529.8563520822065,0.009479908488492415,0.029749855252110748,500003000.0,0.0,5.515641387037707e-06,1e-06,9.130785759536225e-08,0.0,0.0003514384578236354,0.0,1.7453505626330265e-05,0.0,0.04341668066251309,-0.05658331933748691,0
30.0,271.07178139617776,527.5696192537356,0.009332723805814881,0.030171306922466185,500003000.0,0.0,5.6037916676368985e-06,1e-06,8.815028059919156e-08,0.0,0.0003685591204273707,0.0,1.739282532790747e-05,0.0,0.04326573464653599,-0.056734265353464014,0
31.0,271.0150471308243,525.2907555103966,0.009195555605721826,0.030604701005176562,500003000.0,0.0,5.689035482641798e-06,1e-06,8.524381500489954e-08,0.0,0.00038563562469150464,0.0,1.733495174224314e-05,0.0,0.043121770503092384,-0.05687822949690762,0
32.0,270.9581689013274,523.0194752245502,0.009067286072267441,0.031048843934109567,500003000.0,0.0,5.771592868873538e-06,1e-06,8.255738623174011e-08,0.0,0.0004026690812861677,0.0,1.727944483745801e-05,0.0,0.04298369362551743,-0.05701630637448257,0
33.0,270.9011525949529,520.7555353952217,0.008946970458280057,0.031502727577527125,500003000.0,0.0,5.851657897033018e-06,1e-06,8.006502815947902e-08,0.0,0.00041966041335819146,0.0,1.7225950356724667e-05,0.0,0.04285062277792206,-0.05714937722207795,0
34.0,270.84400321773086,518.4987277359155,0.008833803243504981,0.03196549295803414,500003000.0,0.0,5.929402747114332e-06,1e-06,7.774485008131405e-08,0.0,0.00043661039376881246,0.0,1.717417978936554e-05,0.0,0.04272184027205358,-0.05727815972794643,0
35.0,270.7867250580029,516.2488725214065,0.0087270922157826,0.032436402469991986,500003000.0,0.0,6.004980996207912e-06,1e-06,7.557824909358054e-08,0.0,0.000453519673603413,0.0,1.71238957535835e-05,0.0,0.042596755605929106,-0.0574032443940709,0
36.0,270.7293218136088,514.00581374087,0.008626238330067777,0.032914818292861255,500003000.0,0.0,6.07853029766884e-06,1e-06,7.354930146092776e-08,0.0,0.00047038880430251,0.0,1.7074901140868922e-05,0.0,0.04247487845987294,-0.05752512154012707,0
37.0,270.67179669206865,511.7694152363024,0.008530719855246094,0.03340018540208378,500003000.0,0.0,6.150174584238783e-06,1e-06,7.164428656994315e-08,0.0,0.0004872182550523758,0.0,1.702703092845639e-05,0.0,0.042355798329493516,-0.05764420167050649,0
38.0,270.61415249039817,509.53955759433467,0.008440079752677857,0.03389201804472147,500003000.0,0.0,6.220025894744594e-06,1e-06,6.985131050581149e-08,0.0,0.0005040084266005599,0.0,1.6980145918894193e-05,0.0,0.042239168952473115,-0.05776083104752689,0
39.0,270.55639165935065,507.3161356212093,0.008353915524227852,0.0343898888624109,500003000.0,0.0,6.288185900186274e-06,1e-06,6.816000544167914e-08,0.0,0.0005207596623396767,0.0,1.69341278942602e-05,0.0,0.042124696254378605,-0.0578753037456214,0
40.0,270.49851635560503,505.09905627416146,0.008271870970549601,0.03489342006186752,500003000.0,0.0,6.354747187575915e-06,1e-06,6.656128738964109e-08,0.0,0.0005374722572791926,0.0,1.6888875823728633e-05,0.0,0.04201212891474784,-0.05798787108525216,0
41.0,270.4405284845198,502.8882369535753,0.008193629443539331,0.03540227618686702,500003000.0,0.0,6.419794346930723e-06,1e-06,6.504715935480746e-08,0.0,0.0005541464653670935,0.0,1.6844302865809048e-05,0.0,0.04190125090997275,-0.058098749090027255,0
42.0,270.38242973542975,500.68360408294546,0.008118908279187953,0.035916158155201564,500003000.0,0.0,6.483404897083254e-06,1e-06,6.36105501525308e-08,0.0,0.000570782505509764,0.0,1.680033397694326e-05,0.0,0.04179187556453547,-0.05820812443546453,0
43.0,270.3242216109943,498.4850919203713,0.008047454171532254,0.036434798304121954,500003000.0,0.0,6.545650078571451e-06,1e-06,6.22451814881967e-08,0.0,0.0005873805665557457,0.0,1.675690398770058e-05,0.0,0.04168384076542433,-0.05831615923457568,0
44.0,270.26590545175975,496.29264155774615,0.007979039303335815,0.036957956246658485,500003000.0,0.0,6.606595536191518e-06,1e-06,6.094545762006693e-08,0.0,0.000603940811448237,0.0,1.671395604325082e-05,0.0,0.04157700508271348,-0.05842299491728652,0
45.0,270.20748245684246,494.10620007321495,0.007913458089850594,0.037485415384746264,500003000.0,0.0,6.666301909395553e-06,1e-06,5.970637320403499e-08,0.0,0.0006204633807055236,0.0,1.6671440329890592e-05,0.0,0.04147124460171789,-0.05852875539828212,0
46.0,270.14895370144416,491.9257198096193,0.007850524422963764,0.03801697995845355,500003000.0,0.0,6.7248253452775756e-06,1e-06,5.852343588202294e-08,0.0,0.0006369483953543116,0.0,1.6629313028264306e-05,0.0,0.04136645031906544,-0.058633549680934566,0
47.0,270.0903201517632,489.7511577571436,0.007790069326475555,0.03855247253561774,500003000.0,0.0,6.78221794618297e-06,1e-06,5.739260090539437e-08,0.0,0.0006533959594148514,0.0,1.658753544760333e-05,0.0,0.041262525989063006,-0.058737474010937,0
48.0,270.0315826777523,487.5824750226596,0.007731938951216417,0.03909173186550382,500003000.0,0.0,6.838528161826041e-06,1e-06,5.6310215643070846e-08,0.0,0.0006698061620165293,0.0,1.654607330540135e-05,0.0,0.041159386331844156,-0.05884061366815585,0
49.0,269.9727420640841,485.4196363715854,0.0076759928528224485,0.03963461103523581,500003000.0,0.0,6.893801134082549e-06,1e-06,5.527297225650902e-08,0.0,0.0006861790792071944,0.0,1.6504896124943256e-05,0.0,0.04105695553468471,-0.05894304446531529,0
50.0,269.9137990196188,483.2626098307297,0.007622102505749401,0.040180975879168024,500003000.0,0.0,6.94807900124081e-06,1e-06,5.4277867158260376e-08,0.0,0.0007025147755071074,0.0,1.6463976728623987e-05,0.0,0.04095516599160196,-0.059044834008398044,0
51.0,269.85475418561043,481.11136634264363,0.007570150015952249,0.04073070360110174,500003000.0,0.0,7.00140116737665e-06,1e-06,5.332216613584066e-08,0.0,0.0007188133052491267,0.0,1.642329081001997e-05,0.0,0.04085395723885565,-0.05914604276114436,0
52.0,269.7956081428493,478.96587946370084,0.007520027001221356,0.04128368157593004,500003000.0,0.0,7.053804541605181e-06,1e-06,5.240337422853055e-08,0.0,0.0007350747137389019,0.0,1.6382816570598025e-05,0.0,0.040753275051238866,-0.05924672494876114,0
53.0,269.7363614179005,476.8261250994488,0.007471633613802842,0.04183980630373818,500003000.0,0.0,7.10532375121639e-06,1e-06,5.1519209611208437e-08,0.0,0.0007512990382629277,0.0,1.6342534410064338e-05,0.0,0.040653070671801836,-0.05934692932819817,0
54.0,269.67701448857235,474.6920812718573,0.007424877684255947,0.04239898249360486,500003000.0,0.0,7.155991332087302e-06,1e-06,5.0667580870912605e-08,0.0,0.0007674863089674716,0.0,1.6302426661374204e-05,0.0,0.04055330015267215,-0.05944669984732785,0
55.0,269.617567788725,472.5637279139729,0.007379673969013992,0.042961122258555154,500003000.0,0.0,7.205837899255105e-06,1e-06,4.984656716780355e-08,0.0,0.0007836365496274478,0.0,1.626247736305101e-05,0.0,0.0404539237886841,-0.059546076211315906,0
56.0,269.5580217125137,470.44104668821666,0.007335943486975945,0.04352614440564298,500003000.0,0.0,7.254892300113038e-06,1e-06,4.905440085793266e-08,0.0,0.0007997497783210546,0.0,1.622267206276482e-05,0.0,0.04035490562876821,-0.0596450943712318,0
57.0,269.4983766181425,468.32402082512573,0.0072936129329445884,0.04409397380850972,500003000.0,0.0,7.303181752338959e-06,1e-06,4.828945222592217e-08,0.0,0.0008158260080236384,0.0,1.6182997647500075e-05,0.0,0.04025621305348278,-0.059743786946517226,0
58.0,269.438632831196,466.21263497986337,0.007252614157405055,0.04466454085075865,500003000.0,0.0,7.350731968369904e-06,1e-06,4.755021603094478e-08,0.0,0.000831865247131819,0.0,1.6143442195944352e-05,0.0,0.04015781640782177,-0.05984218359217824,0
59.0,269.3787906476038,464.1068751041957,0.007212883703989728,0.045237780931192385,500003000.0,0.0,7.397567267987835e-06,1e-06,4.683529961793107e-08,0.0,0.0008478674999274131,0.0,1.6103994850002025e-05,0.0,0.04005968868159707,-0.05994031131840293,0
60.0,269.3188503362854,462.0067283319849,0.007174362397118611,0.045813634022703074,500003000.0,0.0,7.443710680371138e-06,1e-06,4.6143412383302424e-08,0.0,0.0008638327669891322,0.0,1.6064645702511906e-05,0.0,0.03996180523012912,-0.060038194769870885,0
61.0,269.25881214151553,459.91218287652606,0.007136994973471481,0.046392044278064884,500003000.0,0.0,7.489184036788068e-06,1e-06,4.547335641693031e-08,0.0,0.0008797610455588545,0.0,1.6025385698861745e-05,0.0,0.03986414352950683,-0.060135856470493174,0
62.0,269.19867628504505,457.82322793828615,0.0071007297518685085,0.046972959676856586,500003000.0,0.0,7.534008054956651e-06,1e-06,4.4824018168583244e-08,0.0,0.0008956523298683142,0.0,1.598620655057777e-05,0.0,0.03976668296163625,-0.06023331703836376,0
63.0,269.1384429680067,455.7398536218191,0.007065518336828333,0.047556331708388105,500003000.0,0.0,7.5782024159654444e-06,1e-06,4.4194361008793517e-08,0.0,0.0009115066114310776,0.0,1.5947100659103382e-05,0.0,0.03966940462463528,-0.060330595375364726,0
64.0,269.0781123726313,453.66205086077235,0.007031315351873326,0.04814211508645608,500003000.0,0.0,7.62178583453906e-06,1e-06,4.358341857361549e-08,0.0,0.0009273238793041815,0.0,1.5908061048582555e-05,0.0,0.03957229116562825,-0.060427708834371756,0
65.0,269.01768466379696,451.5898113500669,0.006998078199021256,0.04873026749215546,500003000.0,0.0,7.664776123336284e-06,1e-06,4.299028879722405e-08,0.0,0.0009431041203230373,0.0,1.586908130627489e-05,0.0,0.0394753266325246,-0.060524673367475405,0
66.0,268.9571599904295,449.52312748443796,0.006965766841506612,0.04932074934148398,500003000.0,0.0,7.707190251886649e-06,1e-06,4.241412855036514e-08,0.0,0.0009588473193128167,0.0,1.5830155529721686e-05,0.0,0.03937849634259126,-0.060621503657408746,0
67.0,268.8965384867721,447.46199230263943,0.006934343607069103,0.0499135235750004,500003000.0,0.0,7.749044400699839e-06,1e-06,4.185414881319107e-08,0.0,0.0009745534592790224,0.0,1.5791278279702682e-05,0.0,0.03928178676542955,-0.06071821323457045,0
68.0,268.83582027353754,445.4063994366914,0.006903773009570527,0.05050855546704341,500003000.0,0.0,7.790354011020863e-06,1e-06,4.130961032102338e-08,0.0,0.0009902225215796725,0.0,1.575244453834406e-05,0.0,0.03918518541876632,-0.06081481458123369,0
69.0,268.7750054589563,443.35634306563895,0.006874021586906044,0.051105812452407855,500003000.0,0.0,7.831133830650004e-06,1e-06,4.0779819629142004e-08,0.0,0.0010058544860811311,0.0,1.5713649671651908e-05,0.0,0.0390886807752535,-0.060911319224746505,0
70.0,268.7140941397315,441.31181787334395,0.006845057753502207,0.05170526396861928,500003000.0,0.0,7.871397956200079e-06,1e-06,4.0264125550074935e-08,0.0,0.001021449331299441,0.0,1.5674889396013423e-05,0.0,0.03899226217913787,-0.061007737820862135,0
71.0,268.6530864019106,439.2728190098966,0.006816851665842233,0.052306881312122716,500003000.0,0.0,7.911159872122455e-06,1e-06,3.9761915922376275e-08,0.0,0.0010370070345287164,0.0,1.5636159748133583e-05,0.0,0.03889591977147657,-0.061104080228523434,0
72.0,268.5919823216821,437.23934205627876,0.00678937509968178,0.05291063750697867,500003000.0,0.0,7.950432486797648e-06,1e-06,3.9272614675193e-08,0.0,0.001052527571957999,0.0,1.5597457058026975e-05,0.0,0.038799644422952674,-0.06120035557704733,0
73.0,268.53078196610505,435.2113829919535,0.006762601337768393,0.053516507184822176,500003000.0,0.0,7.989228165954884e-06,1e-06,3.879567915723678e-08,0.0,0.0010680109187778044,0.0,1.5558777924717247e-05,0.0,0.03870342767342599,-0.06129657232657402,0
74.0,268.4694853937785,433.1889381650988,0.006736505066986466,0.05412446647484019,500003000.0,0.0,8.027558763657271e-06,1e-06,3.83305977023866e-08,0.0,0.0010834570492773887,0.0,1.5520119194273958e-05,0.0,0.0386072616772984,-0.061392738322701604,0
75.0,268.4080926554558,431.17200426522066,0.006711062284056364,0.054734492902959855,500003000.0,0.0,8.065435651065188e-06,1e-06,3.7876887407918126e-08,0.0,0.0010988659369337652,0.0,1.5481477940056394e-05,0.0,0.038511139154369135,-0.06148886084563087,0
76.0,268.34660379461013,429.1605782979271,0.006686250208890421,0.055346565299162355,500003000.0,0.0,8.10286974316863e-06,1e-06,3.7434092103441827e-08,0.0,0.0011142375544932416,0.0,1.5442851444765874e-05,0.0,0.038415053345188736,-0.06158494665481127,0
77.0,268.2850188479553,427.1546575616588,0.006662047204913782,0.055960663712279875,500003000.0,0.0,8.13987152366039e-06,1e-06,3.7001780491759614e-08,0.0,0.0011295718740462271,0.0,1.5404237184199022e-05,0.0,0.03831899797064433,-0.061681002029355676,0
78.0,268.223337845926,425.1542396261895,0.006638432705707966,0.05657676933156087,500003000.0,0.0,8.176451068105211e-06,1e-06,3.657954444482148e-08,0.0,0.0011448688670960402,0.0,1.536563281255112e-05,0.0,0.03822296719540079,-0.061777032804599216,0
79.0,268.1615608131214,423.1593223127429,0.006615387147342981,0.057194864414261574,500003000.0,0.0,8.212618065544711e-06,1e-06,3.6166997439499745e-08,0.0,0.0011601285046222137,0.0,1.5327036148994226e-05,0.0,0.038126955594513005,-0.061873044405487,0
80.0,268.0996877687159,421.16990367557787,0.006592891905916989,0.05781493221886825,500003000.0,0.0,8.248381838664772e-06,1e-06,3.57637731200609e-08,0.0,0.0011753507571388641,0.0,1.5288445165486176e-05,0.0,0.03803095812309994,-0.06196904187690007,0
81.0,268.037718726839,419.1859819849139,0.006570929239815228,0.0584369569433074,500003000.0,0.0,8.283751362640085e-06,1e-06,3.53695239753124e-08,0.0,0.0011905355947485696,0.0,1.5249857975638964e-05,0.0,0.03793497008865414,-0.06206502991134587,0
82.0,267.9756536969276,417.2075557110743,0.006549482236302259,0.05906092366782334,500003000.0,0.0,8.318735282760055e-06,1e-06,3.498392011997009e-08,0.0,0.0012056829871922225,0.0,1.5211272824615591e-05,0.0,0.03783898712590943,-0.06216101287409057,0
83.0,267.91349268405355,415.23462350974944,0.006528534762012803,0.05968681830203048,500003000.0,0.0,8.353341930930472e-06,1e-06,3.4606648170416935e-08,0.0,0.0012207929038951701,0.0,1.5172688079824304e-05,0.0,0.03774300517369229,-0.06225699482630771,0
84.0,267.8512356892272,413.2671842082783,0.006508071417064842,0.06031462753577717,500003000.0,0.0,8.387579341137137e-06,1e-06,3.423741020666498e-08,0.0,0.0012358653140100318,0.0,1.513410222247046e-05,0.0,0.03764702045390662,-0.06235297954609339,0
85.0,267.7888827096811,411.30523679287404,0.006488077492415378,0.06094433879352187,500003000.0,0.0,8.421455263949611e-06,1e-06,3.387592281247293e-08,0.0,0.001250900186456405,0.0,1.5095513839717786e-05,0.0,0.0375510294520343,-0.06244897054796571,0
86.0,267.72643373913314,409.3487803967017,0.0064685389302792965,0.061575940192007024,500003000.0,0.0,8.45497718013686e-06,1e-06,3.352191618724916e-08,0.0,0.0012658974899578468,0.0,1.5056921617615463e-05,0.0,0.03745502889954096,-0.06254497110045905,0
87.0,267.6638887680327,407.3978142887461,0.006449442287280467,0.06220942050075768,500003000.0,0.0,8.488152313459973e-06,1e-06,3.3175133323112924e-08,0.0,0.001280857193076308,0.0,1.5018324334540732e-05,0.0,0.03735901575756401,-0.062640984242436,0
88.0,267.60124778379026,405.4523378634101,0.0064307747001234195,0.06284476910538554,500003000.0,0.0,8.520987642701583e-06,1e-06,3.283532924160969e-08,0.0,0.0012957792642442078,0.0,1.4979720855135405e-05,0.0,0.03726298720182937,-0.06273701279817064,0
89.0,267.5385107709921,403.5123506307757,0.006412523853633245,0.06348197597333013,500003000.0,0.0,8.55348991298689e-06,1e-06,3.2502270285307235e-08,0.0,0.0013106636717944346,0.0,1.49411101248099e-05,0.0,0.037166940608979855,-0.06283305939102016,0
90.0,267.47567771160107,401.57785220748366,0.006394677950906866,0.06412103162192198,500003000.0,0.0,8.585665646446237e-06,1e-06,3.2175733459347e-08,0.0,0.0013255103839883752,0.0,1.4902491164605262e-05,0.0,0.03707087354379419,-0.06292912645620583,0
91.0,267.41274858514487,399.6488423081836,0.006377225685445122,0.06476192708848466,500003000.0,0.0,8.617521152265262e-06,1e-06,3.185550581902476e-08,0.0,0.0013403193690421419,0.0,1.4863863066463156e-05,0.0,0.03697478374742079,-0.06302521625257922,0
92.0,267.3497233688923,397.72532073750136,0.0063601562151404355,0.06540465390253597,500003000.0,0.0,8.649062536165062e-06,1e-06,3.1541383899799305e-08,0.0,0.0013550905951512314,0.0,1.48252249889352e-05,0.0,0.03687866912670448,-0.06312133087329552,0
93.0,267.286602038019,395.80728738250053,0.006343459137886822,0.06604920405958366,500003000.0,0.0,8.68029570935093e-06,1e-06,3.12331731858682e-08,0.0,0.0013698240305136005,0.0,1.4786576153081706e-05,0.0,0.03678252774398434,-0.06321747225601566,0
94.0,267.22338456576296,393.8947422055849,0.006327124468806667,0.06669556999675734,500003000.0,0.0,8.711226396965767e-06,1e-06,3.093068761483744e-08,0.0,0.0013845196433514278,0.0,1.4747915838816456e-05,0.0,0.036686357808001134,-0.06331364219199886,0
95.0,267.16007092357097,391.9876852378253,0.006311142618855483,0.0673437445698195,500003000.0,0.0,8.741860146080838e-06,1e-06,3.063374911507137e-08,0.0,0.0013991774019315327,0.0,1.4709243381386255e-05,0.0,0.03659015766513994,-0.06340984233486006,0
96.0,267.0966610812361,390.0861165726609,0.006295504374828458,0.06799372103180142,500003000.0,0.0,8.772202333254646e-06,1e-06,3.0342187173809385e-08,0.0,0.001413797274584714,0.0,1.4670558168266219e-05,0.0,0.036493925791707016,-0.06350607420829299,0
97.0,267.0331550070278,388.1900363599696,0.006280200880521338,0.06864549301269805,500003000.0,0.0,8.802258171687633e-06,1e-06,3.005583843298591e-08,0.0,0.0014283792297239127,0.0,1.4631859636099626e-05,0.0,0.036397660786317475,-0.06360233921368252,0
98.0,266.9695526678141,386.29944480046447,0.006265223619099047,0.069299054500619,500003000.0,0.0,8.832032717998955e-06,1e-06,2.9774546311323123e-08,0.0,0.0014429232358614298,0.0,1.4593147267996379e-05,0.0,0.03630136136317508,-0.06369863863682493,0
99.0,266.9058540291773,384.4143421403986,0.006250564396505267,0.06995439982392658,500003000.0,0.0,8.861530878649292e-06,1e-06,2.9498160650337595e-08,0.0,0.0014574292616252292,0.0,1.4554420590974744e-05,0.0,0.03620502634570832,-0.06379497365429168,0
100.0,266.842059055523,382.53472866656176,0.006236215325844559,0.07061152363448543,500003000.0,0.0,8.890757416031813e-06,1e-06,2.922653738251976e-08,0.0,0.0014718972757743495,0.0,1.451567917354616e-05,0.0,0.03610865466056259,-0.06389134533943741,0
101.0,266.7781677101836,380.6606047015422,0.00622216881270497,0.07127042089188292,500003000.0,0.0,8.919716954252047e-06,1e-06,2.895953822023406e-08,0.0,0.0014863272472135463,0.0,1.4476922623515688e-05,0.0,0.03601224533212858,-0.06398775466787143,0
102.0,266.7141799555157,378.791970599235,0.006208417541339091,0.0719310868485719,500003000.0,0.0,8.948413984615804e-06,1e-06,2.869703036375599e-08,0.0,0.0015007191450072338,0.0,1.4438150585941477e-05,0.0,0.035915797477466364,-0.06408420252253363,0
103.0,266.6500957529932,376.9288267405936,0.00619495446159397,0.07259351703583244,500003000.0,0.0,8.976852870842646e-06,1e-06,2.8438886226842852e-08,0.0,0.0015150729383926601,0.0,1.4399362741122713e-05,0.0,0.035819310301300276,-0.06418068969869972,0
104.0,266.5859150632945,375.07117352958323,0.006181772776672397,0.07325770725056861,500003000.0,0.0,9.005037854021857e-06,1e-06,2.8184983179211107e-08,0.0,0.0015293885967925802,0.0,1.4360558802923005e-05,0.0,0.035722783091848266,-0.06427721690815175,0
105.0,266.5216378463864,373.2190113893518,0.006168865931485742,0.07392365354277944,500003000.0,0.0,9.032973057325742e-06,1e-06,2.7935203303885567e-08,0.0,0.0015436660898272257,0.0,1.4321738516976482e-05,0.0,0.035626215216359405,-0.0643737847836406,0
106.0,266.45726406160276,371.3723407585819,0.006156227601731798,0.07459135220381741,500003000.0,0.0,9.060662490494927e-06,1e-06,2.7689433169184147e-08,0.0,0.0015579053873258088,0.0,1.4282901659185498e-05,0.0,0.035529606117376863,-0.06447039388262314,0
107.0,266.3927936677201,369.5311620880254,0.006143851683530145,0.07526079975518193,500003000.0,0.0,9.08811005410871e-06,1e-06,2.7447563613783326e-08,0.0,0.001572106459337472,0.0,1.4244048034210384e-05,0.0,0.03543295530898106,-0.06456704469101895,0
108.0,266.3282266230291,367.6954758372004,0.0061317322836547585,0.0759319929379982,500003000.0,0.0,9.115319543653031e-06,1e-06,2.720948954432096e-08,0.0,0.0015862692761418092,0.0,1.4205177474127525e-05,0.0,0.035336262373451555,-0.06466373762654845,0
109.0,266.2635628854025,365.86528247124784,0.006119863710267937,0.07660492870301974,500003000.0,0.0,9.142294653397466e-06,1e-06,2.697510974443412e-08,0.0,0.0016003938082589137,0.0,1.4166289837110173e-05,0.0,0.035239526957985504,-0.0647604730420145,0
110.0,266.19880241236046,364.04058245793135,0.00610824046417321,0.0772796042011704,500003000.0,0.0,9.169038980092157e-06,1e-06,2.6744326694692383e-08,0.0,0.001614480026459044,0.0,1.4127385006244885e-05,0.0,0.03514274877175344,-0.06485725122824657,0
111.0,266.1339451611322,362.22137626477644,0.006096857230512697,0.07795601677457818,500003000.0,0.0,9.195556026494679e-06,1e-06,2.651704640252239e-08,0.0,0.0016285279017718905,0.0,1.408846288837713e-05,0.0,0.03504592758302769,-0.06495407241697232,0
112.0,266.0689910887152,360.407664356337,0.00608570887091598,0.07863416394806585,500003000.0,0.0,9.221849204736304e-06,1e-06,2.6293178241625346e-08,0.0,0.0016425374054955004,0.0,1.4049523413064193e-05,0.0,0.0349490632165776,-0.06505093678342241,0
113.0,266.0039401519318,358.59944719158415,0.006074790416045076,0.07931404342111223,500003000.0,0.0,9.247921839536457e-06,1e-06,2.6072634800152738e-08,0.0,0.001656508509204859,0.0,1.4010566531564213e-05,0.0,0.03485215555115476,-0.06514784444884525,0
114.0,265.9387923074829,356.79672522140993,0.006064097058522624,0.07999565306014421,500003000.0,0.0,9.273777171273589e-06,1e-06,2.5855331737130795e-08,0.0,0.0016704411847601511,0.0,1.3971592215885046e-05,0.0,0.03475520451712698,-0.06524479548287303,0
115.0,265.873547512,354.9994988176706,0.006053624146240934,0.08067899089131214,500003000.0,1.0197608584499462,9.299418358920286e-06,4.02644605147929e-06,2.5641187646698294e-08,3.0264460514792896e-06,0.0016843354043147654,2.556948241676953e-13,1.3932600457936622e-05,5.765729239325384e-13,0.03465821172024798,-0.06534178827975202,1
116.0,265.8082057237203,353.20776860867267,0.006043366855474397,0.08136405473171243,500003000.0,1.0465390055052157,9.324848481503487e-06,4.781416428799822e-06,2.5430122583201864e-08,7.549703773205326e-07,0.0016981911395874787,4.3942329147565216e-13,1.3893590529136588e-05,2.081506012552494e-13,0.03456117105745301,-0.06543882894254699,1
117.0,265.74276689477773,351.42153479607333,0.00603332174398252,0.08205084394134787,500003000.0,1.0738715301019124,9.350070545997028e-06,5.419953744754921e-06,2.5222064493540942e-08,6.385373159550992e-07,0.0017120083647106893,6.567453617183912e-13,1.3854564575462283e-05,2.3211808086560606e-13,0.03446409163828691,-0.0655359083617131,1
118.0,265.677230986416,349.6407978722443,0.006023483638194054,0.08273935591548458,500003000.0,1.101760665584557,9.37508748203334e-06,5.98568578643074e-06,2.5016936036313094e-08,5.657320416758186e-07,0.001725787051955371,9.075842567996847e-13,1.3815520454759848e-05,2.573386807687506e-13,0.034366967031042236,-0.06563303296895777,1
119.0,265.6115979534471,347.8655581920992,0.006013848877789845,0.08342958973852141,500003000.0,1.1302080835562955,9.39990215016883e-06,6.500118588579246e-06,2.481466813549008e-08,5.144328021485061e-07,0.0017395271749022709,1.1922853129469236e-12,1.3776459223171119e-05,2.8307976207270553e-13,0.03426979986087149,-0.06573020013912852,1
120.0,265.54586775330796,346.09581611613487,0.006004413400590457,0.08412154402873627,500003000.0,1.1592148612997801,9.424517342026238e-06,6.975815634309488e-06,2.461519185740927e-08,4.7569704573024175e-07,0.001753228707239879,1.5114955300073362e-12,1.3737380737637492e-05,3.0921715650966816e-13,0.03417258977155736,-0.06582741022844264,1
121.0,265.4800403430795,344.3315719758826,0.005995173385023788,0.08481521766147904,500003000.0,1.1887814545048143,9.448935783047996e-06,7.4208966865951436e-06,2.4418441021757367e-08,4.4508105228565515e-07,0.001766891623043301,1.866075119638093e-12,1.3698285144404662e-05,3.3576320206406655e-13,0.034075337126929915,-0.06592466287307008,1
122.0,265.41411568020646,342.5728260796,0.005986125098923655,0.08551060959903299,500003000.0,1.2189076688518843,9.473160134546996e-06,7.84097815232097e-06,2.4224351498999413e-08,4.2008146572582704e-07,0.0017805158967182145,2.2570411945856628e-12,1.3659172541915674e-05,3.627638624185409e-13,0.03397804217200196,-0.06602195782799805,1
123.0,265.34809372237845,340.8195787088146,0.005977264928717363,0.08620771892366909,500003000.0,1.2495926325255318,9.49719299580758e-06,8.240140109969675e-06,2.4032861260584382e-08,3.9916195764870435e-07,0.0017941015030215192,2.685531121611074e-12,1.362004305752944e-05,3.902707401292267e-13,0.03388070522373222,-0.0661192947762678,1
124.0,265.28197442760217,339.07183011707394,0.0059685893673075635,0.0869065448241051,500003000.0,1.2808347693686293,9.521036906069884e-06,8.621458877305172e-06,2.3843910262303306e-08,3.8131876733549636e-07,0.0018076484170639522,3.1527776013793782e-12,1.3580896829038447e-05,4.183328897406024e-13,0.033783326625026394,-0.06621667337497361,1
125.0,265.2157577542272,337.32958052824506,0.005960095011866156,0.08760708659314125,500003000.0,1.3126317729445636,9.544694346441479e-06,8.987322760132298e-06,2.365744037159444e-08,3.6586388282712674e-07,0.0018211566143168185,3.660090917325228e-12,1.354173400846444e-05,4.469946535534891e-13,0.03368590675417308,-0.06631409324582693,1
126.0,265.1494436609814,335.5928301349959,0.005951778559483998,0.08830934362286219,500003000.0,1.3449805816503435,9.568167741730745e-06,9.339630222747878e-06,2.347339528926646e-08,3.523074626155804e-07,0.0018346260706175374,4.208845703220989e-12,1.3502554760544775e-05,4.762954361824854e-13,0.033588446021077814,-0.06641155397892219,1
127.0,265.08303210700245,333.86157909729945,0.005943636803570366,0.08901331540067749,500003000.0,1.3778773550595793,9.591459462207969e-06,9.679920042706783e-06,2.3291720477222754e-08,3.4028981995890537e-07,0.001848056762175305,4.800470638046595e-12,1.3463359262549492e-05,5.062700772109166e-13,0.033490944866809085,-0.06650905513319091,1
128.0,265.0165230518693,332.13582754100185,0.005935666630261715,0.08971900150535339,500003000.0,1.4113174516701865,9.614571825297e-06,1.0009460027992133e-05,2.311236308903002e-08,3.2953998528535134e-07,0.0018614486655765302,5.436440079297829e-12,1.3424147703758884e-05,5.369493595238049e-13,0.0333934037623002,-0.06660659623769981,1
129.0,264.9499164556316,330.4155755564298,0.0059278650150689435,0.09042640160331676,500003000.0,1.4452954082366447,9.637507097201086e-06,1.0329309390848699e-05,2.2935271904085742e-08,3.1984936285656494e-07,0.0018748017577902235,6.118267000618799e-12,1.3384920285142336e-05,5.683604957175594e-13,0.033295823207551735,-0.06670417679244828,1
130.0,264.88321227883915,328.70082319705455,0.005920229019604058,0.09113551544500811,500003000.0,1.4798049208667092,9.660267494465696e-06,1.0640363766317656e-05,2.2760397264610463e-08,3.110543754689576e-07,0.001888116016173181,6.847496815774156e-12,1.3345677218895322e-05,6.005275455803581e-13,0.03319820373048096,-0.06680179626951904,1
131.0,264.8164104825696,326.99157047818983,0.005912755788524325,0.09184634286150917,500003000.0,1.5148388280637155,9.682855185481559e-06,1.0943388444846852e-05,2.258769101586303e-08,3.030246785291956e-07,0.001901391418475151,7.625701807000616e-12,1.3306418728163892e-05,6.33471757930879e-13,0.0331005458862375,-0.0668994541137625,1
132.0,264.74951102845586,325.2878173757444,0.005905442546528666,0.09255888376121225,500003000.0,1.5503890958928754,9.705272291930368e-06,1.1239043389248971e-05,2.2417106448808413e-08,2.9565494440211906e-07,0.001914627942843778,8.45447596398088e-12,1.3267145046598757e-05,6.672118438845669e-13,0.033002850256094785,-0.06699714974390522,1
133.0,264.682513878712,323.58956382500094,0.005898286595578595,0.09327313812668232,500003000.0,1.5864468054484737,9.727520890176145e-06,1.1527902392931048e-05,2.224859824577736e-08,2.8885900368207714e-07,0.0019278255678295718,9.335430098514659e-12,1.3227856418142653e-05,7.017641922924849e-13,0.03290511744692175,-0.06709488255307826,1
134.0,264.6154189961589,321.89680971944466,0.005891285312148347,0.0939891060116483,500003000.0,1.6230021427927632,9.7496030126044e-06,1.1810467975728314e-05,2.2082122428254413e-08,2.8256558279726604e-07,0.00194098427239068,1.0270187140220985e-11,1.318855309662436e-05,7.371430380262912e-13,0.032807348090173404,-0.0671926519098266,1
135.0,264.5482263442491,320.2095549096244,0.005884436144648344,0.09470678753806035,500003000.0,1.6600443915322705,9.771520648911637e-06,1.2087183123237619e-05,2.191763630723727e-08,2.767151475093051e-07,0.001954104035897598,1.1260377546865153e-11,1.3149235345497163e-05,7.733605924859958e-13,0.03270954284124063,-0.06729045715875938,1
136.0,264.4809358870903,318.527799202045,0.005877736610955468,0.09542618289336051,500003000.0,1.6975619281887135,9.793275747347445e-06,1.2358440651316386e-05,2.1755098435808924e-08,2.712575280787665e-07,0.00196718483813783,1.2307634783201644e-11,1.310990343758397e-05,8.10427144163672e-13,0.032611702378816367,-0.06738829762118365,1
137.0,264.41354758946915,316.85154235810234,0.005871184296001879,0.0961472923277572,500003000.0,1.7355422205115798,9.814870215911095e-06,1.2624590758249704e-05,2.159446856365e-08,2.661501069333176e-07,0.0019802266593203777,1.341359083713775e-11,1.3070557654732896e-05,8.483511356590548e-13,0.03251382740403916,-0.06748617259596085,1
138.0,264.34606141687317,315.180784093037,0.005864776849545357,0.09687011615170968,500003000.0,1.7739718288688318,9.836305923504952e-06,1.2885947175968169e-05,2.1435707593856398e-08,2.6135641771846624e-07,0.00199322948008027,1.4579871753233153e-11,1.3031198287668905e-05,8.871392223288479e-13,0.0324159186401242,-0.06758408135987581,1
139.0,264.2784773355133,313.51552407493256,0.005858511983931725,0.09759465473339142,500003000.0,1.8128364108373107,9.857584701046229e-06,1.314279222560895e-05,2.127877754127684e-08,2.568450496407808e-07,0.002006193281482885,1.5808093172123292e-11,1.2991825635628887e-05,9.267963167542133e-13,0.0323179768314557,-0.0676820231685443,1
140.0,264.2107953123447,311.85576192373134,0.005852387472045454,0.09832090849639977,500003000.0,1.852120729100995,9.878708342539242e-06,1.339538100701548e-05,2.1123641493012882e-08,2.5258878140652863e-07,0.0020191180450283043,1.70998558711718e-11,1.2952440006226913e-05,9.673256224211485e-13,0.03222000274325184,-0.06777999725674816,1
141.0,264.14301531508795,310.20149721028616,0.005846401145269365,0.09904887791740517,500003000.0,1.8918086627467616,9.89967860610959e-06,1.3643944896952135e-05,2.097026357034848e-08,2.4856388993665557e-07,0.0020320037526555257,1.8456741306961784e-11,1.291304171516006e-05,1.008728659371337e-12,0.032121997160833006,-0.067878002839167,1
142.0,264.0751373122488,308.5527294554331,0.005840550891579487,0.09977856352398858,500003000.0,1.9318832220301903,9.920497215002088e-06,1.38886944905716e-05,2.0818608892498394e-08,2.4474959361946566e-07,0.0020448503867466572,1.9880307164526417e-11,1.2873631086043434e-05,1.0510052840857917e-12,0.03202396088921151,-0.0679760391107885,1
143.0,264.007161273138,306.90945812909354,0.005834834653680823,0.10050996589252262,500003000.0,1.9723265666629843,9.941165858543854e-06,1.4129822090764908e-05,2.0668643541766267e-08,2.4112760019330824e-07,0.00205765793013101,2.137208292168379e-11,1.2834208450173454e-05,1.0941537054609206e-12,0.03192589475250272,-0.06807410524749728,1
144.0,263.93908716789053,305.27168264939786,0.005829250427241936,0.10124308564613296,500003000.0,2.0131200276528896,9.961686193074111e-06,1.4367503827539784e-05,2.0520334530257966e-08,2.3768173677487674e-07,0.0020704263660891605,2.2933565439681013e-11,1.2794774146355156e-05,1.138170498419221e-12,0.031827799593495604,-0.0681722004065044,1
145.0,263.87091496748405,303.6394023818379,0.0058237962591703284,0.10197792345272207,500003000.0,2.054244132703878,9.982059842841994e-06,1.4601901472488742e-05,2.037364976788367e-08,2.3439764494895762e-07,0.0020831556783569,2.4566214593656906e-11,1.275532852067277e-05,1.18305061643779e-12,0.031729676273081965,-0.06827032372691805,1
146.0,263.80264464375716,302.0126166384341,0.0058184702460024156,0.10271448002310501,500003000.0,2.0956786351614385,1.0002288400873846e-05,1.483316400029942e-05,2.0228558031852476e-08,2.3126252781067848e-07,0.0020958458511292004,2.6271448958306882e-11,1.2715871926372482e-05,1.22878740406793e-12,0.03163152566996488,-0.06836847433003512,1
147.0,263.7342761694271,300.39132467693173,0.005813270532302885,0.10345275610917812,500003000.0,2.1374025464625372,1.0022373429811082e-05,1.5061428939108183e-05,2.0085028937235848e-08,2.2826493880876278e-07,0.0021084968690640586,2.8050641565604345e-11,1.2676404723632738e-05,1.2753726103424447e-12,0.031533348680087385,-0.06846665131991261,1
148.0,263.6658095181072,298.7755257000157,0.005808195309157171,0.10419275250212706,500003000.0,2.1793941720254706,1.0042316462719927e-05,1.528682354356979e-05,1.994303290884481e-08,2.2539460446160734e-07,0.002121108717286302,2.990511575257477e-11,1.263692727941213e-05,1.3227964038216674e-12,0.03143514621625406,-0.06856485378374594,1
149.0,263.59724466432345,297.1652188545424,0.005803242812730187,0.10493447003079466,500003000.0,2.2216311504893067,1.0062119003874203e-05,1.5509465818274687e-05,1.9802541154276084e-08,2.226422747048948e-07,0.0021336813813913756,3.1836141117937207e-11,1.2597439967321103e-05,1.371047389905283e-12,0.031336919207812,-0.068663080792188,1
150.0,263.52858158353126,295.56040323079634,0.00579841132284391,0.10567790955996978,500003000.0,2.2640904961867085,1.0081782529512123e-05,1.5729465414194436e-05,1.9663525637920554e-08,2.19999595919748e-07,0.0021462148474490268,3.3844929606941524e-11,1.2557943167419799e-05,1.4201126309239125e-12,0.031238668600147953,-0.06876133139985205,1
151.0,263.4598202521314,293.96107786176105,0.005793699161648835,0.10642307198885059,500003000.0,2.306748644709394,1.0101308488568271e-05,1.5946924416882244e-05,1.9525959056148933e-08,2.1745900268780856e-07,0.0021587091020069814,3.5932631743985274e-11,1.2518437266110667e-05,1.4699776694350833e-12,0.031140395354421275,-0.06885960464557873,1
152.0,263.3909606474858,292.36724172241105,0.005789104692314592,0.10716995824950963,500003000.0,2.3495815014000296,1.0120698303381649e-05,1.616193804197591e-05,1.938981481337807e-08,2.1501362509366375e-07,0.002171164132094543,3.810033303256003e-11,1.2478922655967958e-05,1.520626555057327e-12,0.031042100447139852,-0.06895789955286015,1
153.0,263.32200274793297,290.7788937290195,0.005784626317789595,0.10791856930540993,500003000.0,2.3925644925807656,1.0139953370380798e-05,1.6374595250978543e-05,1.925506699914986e-08,2.1265720900263444e-07,0.00218357992522616,4.0349050541805275e-11,1.2439399735617144e-05,1.5720418751016963e-12,0.030943784869860234,-0.06905621513013976,1
154.0,263.2529465328028,289.19603273848327,0.005780262479597768,0.10866890614996497,500003000.0,2.4356726193054317,1.0159075060746876e-05,1.6584979298199295e-05,1.9121690366077662e-08,2.1038404722075084e-07,0.0021959564694049457,4.26797296984238e-11,1.2399868909599162e-05,1.6242047891884277e-12,0.030845449628850028,-0.06915455037114998,1
155.0,263.18379198243167,287.61865754766677,0.005776011656670412,0.10942096980515942,500003000.0,2.478880513400741,1.0178064721055497e-05,1.6793168218023356e-05,1.8989660308620803e-08,2.081889198240621e-07,0.0022082937531261275,4.5093241301957183e-11,1.236033058821984e-05,1.6770950679713831e-12,0.030747095744713456,-0.06925290425528655,1
156.0,263.1145390781764,286.0467668927552,0.005771872364256992,0.1101747613202368,500003000.0,2.5221624955422017,1.0196923673898295e-05,1.6999235260271565e-05,1.8858952842798234e-08,2.060670422482099e-07,0.0022205917653805108,4.759037878045427e-11,1.2320785187482076e-05,1.7306911360323484e-12,0.03064872425222276,-0.06935127574777725,1
157.0,263.04518780242864,284.48035944863125,0.0057678431528180064,0.11093028177037112,500003000.0,2.5654926350914753,1.0215653218484786e-05,1.7203249280244726e-05,1.872954458649127e-08,2.0401401997315926e-07,0.0022328504956578275,5.01718557023694e-11,1.2281233128896867e-05,1.7849701189486072e-12,0.030550336199848243,-0.06944966380015176,1
158.0,262.9757381386285,282.9194338282601,0.005763922607015401,0.11168753225542286,500003000.0,2.6088448114069163,1.0234254631225472e-05,1.740527508908031e-05,1.8601412740686275e-08,2.0202580883558477e-07,0.0022450699339500993,5.283830355917735e-11,1.2241674839424175e-05,1.8399078944876954e-12,0.030451932649611355,-0.06954806735038865,1
159.0,262.9061900712781,281.36398858209196,0.005760109344701167,0.11244651389874984,500003000.0,2.6521927763242936,1.0252729166296774e-05,1.7605373769241694e-05,1.8474535071302495e-08,2.0009868016138413e-07,0.0022572500707549303,5.5590269831628775e-11,1.2202110751334044e-05,1.895479147831221e-12,0.030353514676739315,-0.06964648532326069,1
160.0,262.83654358595487,279.8140221974816,0.0057564020159422994,0.11320722784596397,500003000.0,2.6955102174940606,1.027107805618848e-05,1.780360295928318e-05,1.834888989170587e-08,1.9822919004148486e-07,0.0022693908970787364,5.842821635087833e-11,1.2162541302073389e-05,1.9516574306827138e-12,0.030255083369333958,-0.06974491663066605,1
161.0,262.7667986693242,278.2695330981108,0.005752799302134666,0.1139696752638754,500003000.0,2.7387708222532066,1.0289302512234529e-05,1.8000017111465165e-05,1.822445604604899e-08,1.9641415218198661e-07,0.0022814924044400236,6.135251796389295e-11,1.2122966934252029e-05,2.0084152240776267e-12,0.030156639828337134,-0.06984336017166287,1
162.0,262.69695530915254,276.7305196434386,0.005749299915046892,0.114733857339302,500003000.0,2.7819483417027504,1.0307403725127436e-05,1.81946677253123e-05,1.8101212892906706e-08,1.9465061384713593e-07,0.0022935545848725017,6.436346151056806e-11,1.2083388095414723e-05,2.0657240046647018e-12,0.03005818516696382,-0.06994181483303619,1
163.0,262.6270134943195,275.1969801281522,0.005745902596006022,0.11549977527807084,500003000.0,2.825016654660901,1.0325382865417296e-05,1.838760355980019e-05,1.7979140289859882e-08,1.929358344878897e-07,0.0023055774309282615,6.74612451179861e-11,1.2043805238049742e-05,2.123554314204307e-12,0.02995972051072366,-0.07004027948927635,1
164.0,262.55697321483024,273.66891278163837,0.005742606115029169,0.11626743030388964,500003000.0,2.86794983116014,1.0343241083995678e-05,1.8578870826508726e-05,1.7858218578382714e-08,1.9126726670853652e-07,0.0023175609356808507,7.064597781510324e-11,1.2004218819422933e-05,2.1818758319855132e-12,0.029861246997008397,-0.0701387530029916,1
165.0,262.48683446182724,272.14631576746103,0.005739409270041628,0.11703682365744097,500003000.0,2.910722195160848,1.0360979512565136e-05,1.87685133657844e-05,1.773842856945757e-08,1.8964253927567134e-07,0.002329505092728358,7.391767946904019e-11,1.1964629301535792e-05,2.2406574498482794e-12,0.029762765774987755,-0.07023723422501225,1
166.0,262.4165972276022,270.62918718285647,0.005736310886074778,0.11780795659528386,500003000.0,2.953308386158944,1.03785992640947e-05,1.8956572807699476e-05,1.7619751529563174e-08,1.8805944191507732e-07,0.0023414098961964105,7.727628104196066e-11,1.19250371509858e-05,2.2998673494590546e-12,0.029664278005262258,-0.07033572199473775,1
167.0,262.34626150560746,269.11752505823677,0.0057333098145280455,0.11858083038898029,500003000.0,2.9956834193745516,1.039610143326198e-05,1.9143088719378553e-05,1.750216916728027e-08,1.8651591167907925e-07,0.0023532753407411655,8.072162516539367e-11,1.1885442838907827e-05,2.3594730814833318e-12,0.029565784859717694,-0.07043421514028231,1
168.0,262.2758272904672,267.61132735670486,0.005730404932440708,0.11935544632414455,500003000.0,3.0378227442195938,1.0413487096882308e-05,1.9328098740074482e-05,1.7385663620327907e-08,1.8501002069593014e-07,0.0023651014215522598,8.425346702671721e-11,1.184584684088508e-05,2.419441646269769e-12,0.029467287521303807,-0.07053271247869619,1
169.0,262.20529457798847,266.1105919735801,0.0057275951417920115,0.12013180569951631,500003000.0,3.079702300756508,1.043075731432538e-05,1.9511638705213393e-05,1.7270217443070793e-08,1.8353996513891178e-07,0.0023768881343557337,8.78714755604658e-11,1.1806249636870198e-05,2.479739575655941e-12,0.029368787183838264,-0.07063121281616175,1
170.0,262.1346633651723,264.61531673593964,0.005724879368801211,0.12090990982610135,500003000.0,3.1212985738763837,1.0447913127919776e-05,1.9693742760487768e-05,1.7155813594396475e-08,1.8210405527437402e-07,0.002388635475416861,9.157523493513422e-11,1.1766651711059939e-05,2.5403330154971174e-12,0.029270285051695138,-0.07072971494830486,1
171.0,262.063933650224,263.1254994021635,0.00572225656330094,0.12168976002632971,500003000.0,3.162588644944166,1.0464955563345944e-05,1.9874443466954e-05,1.704243542616788e-08,1.8070070646622948e-07,0.0024003434415430223,9.536424632428603e-11,1.1727053551876673e-05,2.6011878085146334e-12,0.029171782339759138,-0.07082821766024086,1
172.0,261.99310543256377,261.6411376614939,0.005719725698085119,0.12247135763318974,500003000.0,3.2035502406781715,1.0481885630017883e-05,2.0053771897984183e-05,1.6930066671938e-08,1.7932843103018328e-07,0.002412012030086493,9.923792994898838e-11,1.1687455651854269e-05,2.6622695770600956e-12,0.029073280273141943,-0.07092671972685806,1
173.0,261.9221787128369,260.16222913360434,0.005717285768297654,0.12325470398944917,500003000.0,3.244161779054216,1.0498704321453997e-05,2.0231757728828867e-05,1.681869143611352e-08,1.7798583084468233e-07,0.0024236412389472034,1.0319562737699549e-10,1.1647858507567029e-05,2.7235438053996514e-12,0.028974780087005686,-0.07102521991299432,1
174.0,261.8511534929239,258.6887713681804,0.005714935790831676,0.12403980044684056,500003000.0,3.2844024120479736,1.051541261563746e-05,2.040842931946569e-05,1.67082941834631e-08,1.7667159063682598e-07,0.0024352310665754543,1.0723660406262173e-10,1.1608262619540973e-05,2.7849759211255524e-12,0.02887628302634248,-0.07112371697365752,1
175.0,261.78002977595025,257.2207618445071,0.005712674803767512,0.12482664836531804,500003000.0,3.3242520650543077,1.05320114753665e-05,2.058381379133747e-05,1.6598859729040368e-08,1.7538447187177914e-07,0.0024467815119746184,1.1136005210995625e-10,1.1568668492206337e-05,2.8465313753184847e-12,0.028777790345856476,-0.07122220965414353,1
176.0,261.7088075662961,255.75819797106806,0.005710501865806716,0.12561524911227664,500003000.0,3.363691472847715,1.0548501848594883e-05,2.0757937098520026e-05,1.6490373228383982e-08,1.741233071825539e-07,0.0024582925747037854,1.1556509324093469e-10,1.1529076633805685e-05,2.908175721094139e-12,0.028679303309735525,-0.07132069669026447,1
177.0,261.6374868696059,254.30107708515445,0.005708416055735625,0.12640560406185097,500003000.0,3.4027022119745363,1.0564884668762965e-05,2.0930824093804818e-05,1.6382820168081894e-08,1.728869952847935e-07,0.00246976425488038,1.1985078194885824e-10,1.1489487556327391e-05,2.969874690190155e-12,0.028580823191485923,-0.07141917680851409,1
178.0,261.5660676927974,252.84939645248144,0.005706416471908169,0.12719771459418738,500003000.0,3.4412667294939787,1.0581160855119623e-05,2.110249859013219e-05,1.6276186356657893e-08,1.7167449632736982e-07,0.002481196553182745,1.2421610881719607e-10,1.144990177544457e-05,3.0315942672650568e-12,0.028482351273780678,-0.07151764872621932,1
179.0,261.49455004407116,251.40315326681656,0.005704502231731475,0.12799158209474268,500003000.0,3.47936836801138,1.0597331313035346e-05,2.127298341776764e-05,1.6170457915722987e-08,1.704848276354511e-07,0.0024925894708526784,1.286600039829508e-10,1.1410319810427646e-05,3.0933007616068002e-12,0.02838388884824226,-0.07161611115175774,1
180.0,261.4229339329194,249.96234464961717,0.005702672471176011,0.1287872079536075,500003000.0,3.516991386973429,1.061339693430679e-05,2.1442300477575173e-05,1.6065621271444385e-08,1.693170598075344e-07,0.002503943009697928,1.331813407235114e-10,1.1370742184075758e-05,3.15496087597227e-12,0.028285437215272158,-0.07171456278472785,1
181.0,261.3512193701347,248.52696764967178,0.0057009263443235135,0.12958459356487723,500003000.0,3.5541209802206835,1.0629358597453148e-05,2.161047079070743e-05,1.5961663146357982e-08,1.6817031313225639e-07,0.0025152571720946947,1.3777893914574566e-10,1.1331169422693884e-05,3.2165417723060603e-12,0.028186997683994124,-0.07181300231600588,1
182.0,261.2794063678187,247.09701924275936,0.005699263022869317,0.130383740325944,500003000.0,3.590743289816915,1.0645217168004429e-05,2.1777514545001802e-05,1.5858570551281165e-08,1.6704375429437278e-07,0.0025265319609900218,1.4245156995607787e-10,1.1291602055950749e-05,3.278011134110635e-12,0.028088571571900922,-0.07191142842809908,1
183.0,261.2074949393906,245.67249633130717,0.005697681695720332,0.13118464963691248,500003000.0,3.6268454161993837,1.0660973498782142e-05,2.1943451138344804e-05,1.5756330777713897e-08,1.659365933430006e-07,0.002537767379904235,1.4719795829052255e-10,1.1252040616899922e-05,3.339337225277067e-12,0.02799016020490697,-0.07200983979509304,1
184.0,261.1354850995955,244.25339574406752,0.005696181568520159,0.13198732289994924,500003000.0,3.6624154247154594,1.067662843017239e-05,2.2108299219242427e-05,1.5654931390247704e-08,1.6484808089762415e-07,0.002548963432933262,1.5201678758395965e-10,1.1212485641829955e-05,3.400488945204746e-12,0.02789176491697568,-0.07210823508302433,1
185.0,261.06337686451246,242.83971423579433,0.005694761863267693,0.13279176151873212,500003000.0,3.6974423486329977,1.0692182790391828e-05,2.227207672481279e-05,1.5554360219438235e-08,1.637775055703624e-07,0.0025601201247509833,1.569067034584959e-10,1.1172937670274527e-05,3.461435880077369e-12,0.027793387050144877,-0.07220661294985513,1
186.0,260.9911702515626,241.4314484869334,0.005693421817889736,0.13359796689778014,500003000.0,3.731916188730382,1.0707637395746575e-05,2.2434800916397567e-05,1.5454605354745986e-08,1.6272419158477966e-07,0.0025712374606115065,1.6186631761137658e-10,1.1133397244907197e-05,3.5221483501819112e-12,0.027695027954265095,-0.07230497204573491,1
187.0,260.91886527951687,240.02859510331982,0.005692160685852034,0.1344059404419447,500003000.0,3.7658279095902962,1.0722993050884347e-05,2.2596488412971672e-05,1.5355655137772276e-08,1.616874965741053e-07,0.002582315446351411,1.668942116837333e-10,1.1093864911488816e-05,3.582597453199083e-12,0.02759668898686888,-0.07240331101313113,1
188.0,260.8464619685037,238.63115061588329,0.005690977735780371,0.13521568355580782,500003000.0,3.799169432736931,1.0738250549040051e-05,2.275715522251454e-05,1.52574981557041e-08,1.6066680954286573e-07,0.0025933540883919673,1.7198894109234455e-10,1.1054341218812035e-05,3.6427551034091325e-12,0.027498371513032884,-0.07250162848696712,1
189.0,260.77396034001674,237.2391114803625,0.005689872251085665,0.1360271976431433,500003000.0,3.831933626770274,1.0753410672274997e-05,2.291681677149251e-05,1.5160123234945225e-08,1.596615489779724e-07,0.0026043533937412976,1.7714903880760244e-10,1.101482671863205e-05,3.702594066794387e-12,0.027400076905205684,-0.07259992309479432,1
190.0,260.70136041692194,235.85247407702627,0.005688843529611668,0.1368404841063661,500003000.0,3.86411429466321,1.0768474191709974e-05,2.3075487932588944e-05,1.506351943497691e-08,1.5867116109643362e-07,0.0026153133699965254,1.8237301906197346e-10,1.0975321965620586e-05,3.762087992040835e-12,0.027301806543093367,-0.07269819345690665,1
191.0,260.628662223465,234.47123471040436,0.005687890883278064,0.1376555443460253,500003000.0,3.8957061583971635,1.0783441867752343e-05,2.3233183050807188e-05,1.496767604236919e-08,1.5769511821824263e-07,0.002626234025345863,1.876593809744042e-10,1.0935827517290844e-05,3.821211437469316e-12,0.02720356181347296,-0.07279643818652705,1
192.0,260.5558657852785,233.09538960902645,0.005687013637742869,0.13847237976023577,500003000.0,3.9267048411202548,1.0798314450317344e-05,2.3389915968061113e-05,1.4872582565001008e-08,1.5673291725392417e-07,0.0026371153685706677,1.9300661207734648e-10,1.0896343933940828e-05,3.879939893946516e-12,0.02710534411005147,-0.07289465588994853,1
193.0,260.48297112938855,231.72493492516563,0.005686211132087746,0.1392909917442385,500003000.0,3.957106847018234,1.0813092679043837e-05,2.3545700046358632e-05,1.4778228726491364e-08,1.5578407829751932e-07,0.0026479574090474845,1.9841319173434234e-10,1.0856871778621848e-05,3.9382498038554226e-12,0.027007154833387625,-0.07299284516661238,1
194.0,260.40997828422195,230.359866734598,0.005685482718463425,0.14011138168983087,500003000.0,3.986909539092622,1.082777728350451e-05,2.3700548189674827e-05,1.4684604460673031e-08,1.54848143316194e-07,0.0026587601567499806,2.038775944373732e-10,1.0817411617013032e-05,3.996118576213287e-12,0.026908995390579726,-0.07309100460942028,1
195.0,260.33688727961254,229.0001810363581,0.005684827761832698,0.14093355098493476,500003000.0,4.016111115043754,1.084236898341097e-05,2.385447286460383e-05,1.4591699906460874e-08,1.5392467492900396e-07,0.002669523622250949,2.0939829297451233e-10,1.0777964017465076e-05,4.053524598057654e-12,0.026810867195374528,-0.07318913280462548,1
196.0,260.26369814680794,227.64587375251477,0.005684245639613493,0.14175750101308182,500003000.0,4.044710581456475,1.0856868488813566e-05,2.4007486119871363e-05,1.4499505402597056e-08,1.5301325526753236e-07,0.002680247816724162,2.1497376145966088e-10,1.0738529550836755e-05,4.1104472422235795e-12,0.02671277166776057,-0.07328722833223944,1
197.0,260.1904109184757,226.29694072794507,0.005683735741429778,0.14258323315296445,500003000.0,4.072707726486666,1.0871276500296373e-05,2.415959960478352e-05,1.4408011482806225e-08,1.5211348491215468e-07,0.002690932751946267,2.2060247821748064e-10,1.0699108790520838e-05,4.1668668716605614e-12,0.026614710234032647,-0.07338528976596737,1
198.0,260.11702562870977,224.95337773012213,0.005683297468799344,0.14341074877795756,500003000.0,4.100103091243802,1.0885593709167287e-05,2.4310824586681504e-05,1.4317208870914777e-08,1.5122498189798395e-07,0.0027015784402985928,2.262829285178437e-10,1.0659702312334588e-05,4.222764840442393e-12,0.02651668432651943,-0.07348331567348057,1
199.0,260.0435423130363,223.6151804489079,0.005682930234870429,0.1442400492556888,500003000.0,4.126897940061962,1.0899820797643505e-05,2.4461171967466758e-05,1.4227088476217625e-08,1.5034738078525472e-07,0.0027121848947689415,2.3201360715536797e-10,1.0620310694488014e-05,4.278123491639201e-12,0.026418695383504488,-0.07358130461649552,1
200.0,259.96996100841983,222.28234449635306,0.00568263346415536,0.14507113594756266,500003000.0,4.1530942298467295,1.091395843903246e-05,2.4610652299255948e-05,1.413764138895478e-08,1.4948033178918822e-07,0.002722752128953341,2.3779302087076127e-10,1.0580934517531842e-05,4.3329261522242624e-12,0.026320744849096838,-0.07367925515090316,1
201.0,259.8962817532689,220.95486540650768,0.005682406592256273,0.1459040102083609,500003000.0,4.1786945786797585,1.0928007297908342e-05,2.475927579922096e-05,1.404885887588261e-08,1.486234999650121e-07,0.0027332801570577325,2.4361969061182186e-10,1.0541574364277044e-05,4.387157125200927e-12,0.026222834173030746,-0.07377716582696926,1
202.0,259.8225045874419,219.63273863523662,0.005682249065622647,0.1467386733857846,500003000.0,4.203702233856133,1.0941968030284378e-05,2.49070523636649e-05,1.3960732376035101e-08,1.477765644439426e-07,0.0027437689938996476,2.4949215363300346e-10,1.0502230819760639e-05,4.440801679133002e-12,0.02612496481058065,-0.07387503518941935,1
203.0,259.7486295522525,218.3159595600436,0.005682160341301765,0.14757512682004587,500003000.0,4.228121039522169,1.0955841283780952e-05,2.5053991581381405e-05,1.3873253496573395e-08,1.469392177165037e-07,0.0027542186549098227,2.554089654334524e-10,1.0462904471185106e-05,4.493846035271609e-12,0.02602713822241038,-0.07397286177758963,1
204.0,259.67465669047493,217.00452347990205,0.005682139886700611,0.14841337184347295,500003000.0,4.251955404072917,1.096962769778972e-05,2.520010274634114e-05,1.378641400876671e-08,1.4611116495973546e-07,0.002764629156133792,2.613687015343431e-10,1.0423595907866817e-05,4.546277352469248e-12,0.025929355874444837,-0.07407064412555517,1
205.0,259.6005860463494,215.69842561509537,0.005682187179344529,0.14925340978005602,500003000.0,4.2752102674600145,1.0983327903633784e-05,2.5345394869746234e-05,1.3700205844065033e-08,1.452921234050919e-07,0.0027750005142334155,2.673699590971999e-10,1.0384305721166535e-05,4.59808371007088e-12,0.025831619237697088,-0.07416838076230292,1
206.0,259.5264176655871,214.39766110706154,0.005682301706665061,0.150095241945121,500003000.0,4.297891068551312,1.0996942524724122e-05,2.548987669149055e-05,1.361462109033875e-08,1.4448182174431913e-07,0.002785332746488399,2.73411358385682e-10,1.0345034504461986e-05,4.649254088977975e-12,0.025733929788200053,-0.07426607021179996,1
207.0,259.45215159537526,213.10222501825177,0.005682482965747815,0.1509388696448459,500003000.0,4.320003712673905,1.1010472176712238e-05,2.5633556691060962e-05,1.3529651988115321e-08,1.436799995704097e-07,0.0027956258707977077,2.794915440739951e-10,1.0305782853036325e-05,4.6997783510653346e-12,0.025636289006729013,-0.07436371099327099,1
208.0,259.377787884382,211.81211233198727,0.005682730463161927,0.15178429417597236,500003000.0,4.341554539462926,1.102391746763934e-05,2.5776443097912476e-05,1.3445290927101667e-08,1.428864068515133e-07,0.0028058799056810252,2.856091864057613e-10,1.0266551364104666e-05,4.749647217145524e-12,0.02553869837886754,-0.07446130162113246,1
209.0,259.30332658276086,210.52731795233126,0.005683043714713408,0.1526315168253451,500003000.0,4.362550291127941,1.1037278998081951e-05,2.5918543901347705e-05,1.3361530442610992e-08,1.4210080343522933e-07,0.0028160948702800996,2.917629822076982e-10,1.0227340636691448e-05,4.798852243649762e-12,0.02544115939470237,-0.07455884060529763,1
210.0,259.2287677421556,209.2478367039638,0.005683422245264553,0.153480538869599,500003000.0,4.3829980812394425,1.1050557361294183e-05,2.6059866859929205e-05,1.327836321223164e-08,1.4132295858149967e-07,0.002826270784360088,2.979516557629783e-10,1.0188151271617928e-05,4.847385798209141e-12,0.025343673548792207,-0.0746563264512078,1
211.0,259.1541114157044,207.9736633320677,0.005683865588517094,0.15433136157475746,500003000.0,4.402905364127715,1.1063753143346674e-05,2.6200419510451185e-05,1.3195782052491508e-08,1.4055265052198117e-07,0.002836407668310826,3.0417395954953083e-10,1.0148983871414409e-05,4.895241034297037e-12,0.025246242339949366,-0.07475375766005064,1
212.0,259.07935765804433,206.7047925022186,0.005684373286835479,0.1551839861958813,500003000.0,4.422279904976922,1.107686692326237e-05,2.6340209176495442e-05,1.3113779915695498e-08,1.3978966604425908e-07,0.002846505543148085,3.10428674848917e-10,1.010983904029532e-05,4.942411865098063e-12,0.025148867271177638,-0.07485113272882236,1
213.0,259.0045065253155,205.44121880028584,0.005684944891042101,0.1560384139767154,500003000.0,4.441129750687556,1.1089899273149143e-05,2.6479242976594663e-05,1.3032349886773942e-08,1.3903380009922167e-07,0.0028565644305147526,3.167146122316716e-10,1.0070717384075038e-05,4.988892936755366e-12,0.025051549849462867,-0.07494845015053714,1
214.0,258.92955807516495,204.18293673233714,0.005685579960252428,0.15689464614933385,500003000.0,4.459463201571386,1.110285075832944e-05,2.6617527832024758e-05,1.2951485180297187e-08,1.3828485543009355e-07,0.002866584352682001,3.2303061192524576e-10,1.003161951014612e-05,5.034679601142275e-12,0.0249542915857187,-0.0750457084142813,1
215.0,258.85451236675067,202.92994072455278,0.0056862780616849275,0.15775268393381375,500003000.0,4.477288783933984,1.1115721937466943e-05,2.675507047424651e-05,1.287117913750338e-08,1.375426422217511e-07,0.0028765653325503967,3.293755440708281e-10,9.992546027404145e-06,5.0797678882964375e-12,0.02485709399459956,-0.07514290600540044,1
216.0,258.7793694607453,201.6822251231474,0.005687038770487805,0.15861252853787408,500003000.0,4.494615223591475,1.1128513362690378e-05,2.689187745201549e-05,1.2791425223434493e-08,1.3680697776897977e-07,0.0028865073936509555,3.3574830887544586e-10,9.953497546194465e-06,5.12415447864386e-12,0.024759958594368116,-0.0752400414056319,1
217.0,258.70412941933967,200.43978419429848,0.005687861669572062,0.15947418115655373,500003000.0,4.511451420360018,1.1141225579714532e-05,2.7027955138178023e-05,1.271221702415365e-08,1.3607768616253213e-07,0.0028964105601461737,3.421478366657954e-10,9.914474678262107e-06,5.167836675135459e-12,0.024662886906770553,-0.07533711309322945,1
218.0,258.62879230624645,199.20261212408147,0.005688746349450977,0.16033764297188244,500003000.0,4.5278064235488555,1.1153859127958573e-05,2.716330973616986e-05,1.2633548244041605e-08,1.3535459799183503e-07,0.0029062748568310006,3.4857308785027265e-10,9.875478036705196e-06,5.210812375406685e-12,0.02456588045692066,-0.07543411954307935,1
219.0,258.55335818670335,197.97070301841424,0.005689692408068483,0.16120291515255766,500003000.0,4.543689408480455,1.1166414540661705e-05,2.7297947286233185e-05,1.255541270313158e-08,1.346375500633246e-07,0.0029161003091337677,3.5502305279563314e-10,9.836508235901767e-06,5.253080044063877e-12,0.024468940773117676,-0.07553105922688233,1
220.0,258.4778271274765,196.74405090300948,0.005690699450640961,0.1620699988536092,500003000.0,4.559109654054565,1.117889234499624e-05,2.7431873671366622e-05,1.2477804334535543e-08,1.3392638513343527e-07,0.002925886943117057,3.6149675162465406e-10,9.797565891453061e-06,5.294638685191635e-12,0.02437206938670516,-0.07562793061329484,1
221.0,258.4021991968632,195.52264972332875,0.005691767089531996,0.16293889521612265,500003000.0,4.574076521366736,1.1191293062178242e-05,2.7565094623022025e-05,1.2400717182001497e-08,1.3322095165540258e-07,0.002935634785478573,3.679932339410695e-10,9.75865162017655e-06,5.335487815169756e-12,0.02427526783205357,-0.07572473216794644,1
222.0,258.32647446469525,194.30649334455168,0.00569289494406525,0.1638096053669034,500003000.0,4.588599433385867,1.1203617207575634e-05,2.769761572656098e-05,1.2324145397392217e-08,1.3252110353895656e-07,0.002945343863551905,3.745115784879058e-10,9.719766039985593e-06,5.375627435874185e-12,0.024178537646260833,-0.07582146235373917,1
223.0,258.2506530023415,193.09557555154697,0.0056940826404061244,0.16468213041815893,500003000.0,4.602687855690157,1.1215865290814005e-05,2.782944242648318e-05,1.2248083238370683e-08,1.3182669992219876e-07,0.0029550142053072887,3.810508927452017e-10,9.680909769881348e-06,5.415058008334907e-12,0.024081880369132103,-0.0759181196308679,1
224.0,258.17473488271065,191.8898900488554,0.005695329811398141,0.16555647146722613,500003000.0,4.616351278255899,1.1228037815880046e-05,2.7960580031438133e-05,1.217252506604059e-08,1.3113760495495194e-07,0.002964645839352282,3.876103124729115e-10,9.642083429860653e-06,5.453780426913812e-12,0.023985297542950607,-0.0760147024570494,1
225.0,258.0987201802536,190.68943046067264,0.0056966360964613326,0.1664326295962806,500003000.0,4.6295991982891636,1.1240135281222818e-05,2.8091033719031e-05,1.2097465342772496e-08,1.3045368759286987e-07,0.0029742387949324564,3.9418900120459976e-10,9.603287640923429e-06,5.491795994056153e-12,0.02388879071249594,-0.07611120928750406,1
226.0,258.02260897096613,189.4941903308494,0.005698001141408979,0.16731060587199906,500003000.0,4.642441104086284,1.1252158179852724e-05,2.8220808540432656e-05,1.2022898629905762e-08,1.2977482140165412e-07,0.0029837931019319626,4.007861496972972e-10,9.56452302493572e-06,5.529106395662394e-12,0.023792361424703312,-0.0762076385752967,1
227.0,257.94640133239085,188.30416312289069,0.0056994245983556825,0.16819040134531832,500003000.0,4.654886459905841,1.1264106999438419e-05,2.834990942480356e-05,1.1948819585695012e-08,1.291008843709032e-07,0.0029933087908741063,4.074009753427029e-10,9.525790204641898e-06,5.5657136771267725e-12,0.02369601122869384,-0.07630398877130616,1
228.0,257.87009734361953,187.11934221996674,0.0057009061255694025,0.16907201705113248,500003000.0,4.666944691831361,1.1275982222401603e-05,2.8478341183540483e-05,1.1875222963184509e-08,1.284317587369242e-07,0.003002785892921851,4.140327215446385e-10,9.487089803576507e-06,5.601620220072345e-12,0.023599741675555196,-0.0764002583244448,1
229.0,257.7936970852951,185.93972092493084,0.005702445387347317,0.16995545400800705,500003000.0,4.678625174601484,1.1287784326009783e-05,2.8606108514354542e-05,1.180210360817983e-08,1.2776733081405884e-07,0.0030122244398782744,4.2068065706744924e-10,9.44842244601123e-06,5.636828719814272e-12,0.023503554318209618,-0.07649644568179038,1
230.0,257.7172006396133,184.7652924603412,0.005704042053910904,0.17084071321791586,500003000.0,4.689937219381895,1.1299513782467086e-05,2.873321600518859e-05,1.1729456457303835e-08,1.271074908340464e-07,0.003021624464186999,4.273440753597841e-10,9.409788756928403e-06,5.671342163574976e-12,0.023407450711347956,-0.07659254928865206,1
231.0,257.64060809032463,183.59604996849677,0.005705695801252978,0.1717277956659503,500003000.0,4.700890062451267,1.1311171059003084e-05,2.885966813798153e-05,1.1657276535997066e-08,1.2645213279293994e-07,0.0030309859989325217,4.340222938579341e-10,9.371189361910105e-06,5.7051638094676755e-12,0.02331143241115373,-0.07668856758884628,1
232.0,257.5639195227358,182.43198651147188,0.005707406311066118,0.17261670232009557,500003000.0,4.71149285477199,1.1322756617959811e-05,2.8985469292286758e-05,1.1585558956728095e-08,1.258011543052253e-07,0.003040309077840572,4.407146532726774e-10,9.332624887156945e-06,5.738297166264987e-12,0.023215500975349784,-0.07678449902465022,1
233.0,257.4871350237111,181.27309507116692,0.005709173270582106,0.17350743413088074,500003000.0,4.721754652414859,1.1334270916876874e-05,2.9110623748751374e-05,1.1514298917062358e-08,1.2515445646461461e-07,0.0030495937352783354,4.474205168633003e-10,9.294095959355551e-06,5.770745973955141e-12,0.023119657962868627,-0.07688034203713137,1
234.0,257.41025468167396,180.11936854935882,0.00571099637250279,0.17439999203121961,500003000.0,4.731684407806077,1.1345714408574832e-05,2.9235135692462736e-05,1.1443491697957557e-08,1.2451194371136344e-07,0.003058840006254703,4.541392697022479e-10,9.25560320569176e-06,5.802514185100671e-12,0.023023904933885175,-0.07697609506611483,1
235.0,257.33327858660783,178.97079976776521,0.005712875314856806,0.17529437693606317,500003000.0,4.7412909617639425,1.1357087541236778e-05,2.9359009216168245e-05,1.1373132661947264e-08,1.2387352370551005e-07,0.0030680479264204113,4.608703179335904e-10,9.217147253738181e-06,5.833605946988787e-12,0.022928243449537023,-0.07707175655046299,1
236.0,257.25620683005735,177.82738146811022,0.005714809800924745,0.1761905897422171,500003000.0,4.750583036292185,1.1368390758488279e-05,2.9482248323374193e-05,1.1303217251500098e-08,1.2323910720594886e-07,0.003077217532068185,4.676130880282749e-10,9.178728731448943e-06,5.864025584581936e-12,0.022832675071911307,-0.0771673249280887,1
237.0,257.17903950512925,176.68910631220263,0.005716799539109262,0.17708863132802932,500003000.0,4.759569228096481,1.1379624499475584e-05,2.960485693132903e-05,1.1233740987305107e-08,1.2260860795483924e-07,0.0030863488601327793,4.743670260388838e-10,9.140348267061127e-06,5.893777584253996e-12,0.022737201363799493,-0.07726279863620052,1
238.0,257.10177670649307,175.55596688201757,0.005718844242854241,0.17798850255319285,500003000.0,4.768258002790633,1.1390789198942274e-05,2.9726838873896254e-05,1.1164699466690464e-08,1.2198194256722352e-07,0.0030954419481910166,4.811315968564119e-10,9.10200648907154e-06,5.9228665783113294e-12,0.022641823888639535,-0.07735817611136048,1
239.0,257.0244185303817,174.42795567978663,0.0057209436305414125,0.1788902042584675,500003000.0,4.776657689758906,1.1401885287304305e-05,2.9848197904321714e-05,1.1096088362031425e-08,1.2135903042545949e-07,0.0031044968344617527,4.87906283471351e-10,9.063704026173057e-06,5.951297330281968e-12,0.02254654421035749,-0.07745345578964252,1
240.0,256.9469650745921,173.30506512809887,0.005723097425373198,0.1797937372654322,500003000.0,4.784776477641241,1.141291319072347e-05,2.99689376979e-05,1.1027903419165914e-08,1.2073979357828575e-07,0.003113513557805766,4.946905862411621e-10,9.025441507165907e-06,5.979074720963277e-12,0.02245136389314679,-0.07754863610685321,1
241.0,256.86941643848525,172.1872875700012,0.0057253053553233966,0.18069910237630424,500003000.0,4.792622410408517,1.1423873331179444e-05,3.0089061854544306e-05,1.0960140455973901e-08,1.2012415664430528e-07,0.0031224921577256634,5.01484022166031e-10,8.987219560972755e-06,6.006203735214552e-12,0.02235628450150574,-0.07764371549849426,1
242.0,256.79177272298676,171.0746152691143,0.005727567152999659,0.18160630037362302,500003000.0,4.8002033839953375,1.143476612654026e-05,3.0208573901263842e-05,1.0892795360817629e-08,1.1951204671953585e-07,0.0031314326743656674,5.082861241745873e-10,8.949038816510594e-06,6.032689449471525e-12,0.022261307599918793,-0.07773869240008122,1
243.0,256.7140340305867,169.9670404097513,0.0057298825555797475,0.18251533202009554,500003000.0,4.807527143458671,1.1445591990631417e-05,3.0327477294552845e-05,1.0825864091155434e-08,1.189033932890031e-07,0.003140335148511389,5.150964404211182e-10,8.910899902676127e-06,6.058537019974132e-12,0.022166434752820135,-0.07783356524717987,1
244.0,256.63620046533947,168.864555097045,0.005732251304715019,0.1834261980583007,500003000.0,4.814601280631145,1.1456351333303538e-05,3.0445775422694835e-05,1.0759342672122136e-08,1.1829812814199098e-07,0.0031491996215895325,5.219145335956121e-10,8.872803448276039e-06,6.0837516716790136e-12,0.022071667524420233,-0.07792833247557977,1
245.0,256.55827213286386,167.76715135708204,0.005734673146449529,0.18433889921050559,500003000.0,4.821433232238752,1.1467044560498707e-05,3.056347160798575e-05,1.0693227195168276e-08,1.1769618529091514e-07,0.003158026135667568,5.287399802478224e-10,8.834750081978568e-06,6.108338687844212e-12,0.021977007478585334,-0.07802299252141467,1
246.0,256.48024914034244,166.6748211370447,0.005737147831131263,0.18525343617842352,500003000.0,4.82803027845348,1.147767207431542e-05,3.068056910887929e-05,1.0627513816712895e-08,1.1709750089354157e-07,0.003166814733453329,5.355723701263826e-10,8.796740432249866e-06,6.1323034002599496e-12,0.0218824561786791,-0.07811754382132091,1
247.0,256.40213159652114,165.5875563053595,0.005739675113335156,0.18616980964301463,500003000.0,4.834399541852309,1.1488234273072266e-05,3.079707112205774e-05,1.0562198756845888e-08,1.1650201317844393e-07,0.0031755654582945794,5.424113055338639e-10,8.758775127305613e-06,6.15565118010686e-12,0.021788015187442264,-0.07821198481255774,1
248.0,256.32391961170856,164.5053486518518,0.00574225475178969,0.18708802026424773,500003000.0,4.840547986755025,1.1498731551370329e-05,3.091298078443123e-05,1.0497278298063318e-08,1.1590966237349452e-07,0.0031842783541785303,5.492564006985336e-10,8.720854795065007e-06,6.17838742941714e-12,0.0216936860668781,-0.0783063139331219,1
249.0,256.24561329777544,163.42818988791382,0.005744886509263267,0.18800806868086978,500003000.0,4.84648241891416,1.1509164300154285e-05,3.1028301175068495e-05,1.0432748783955592e-08,1.1532039063726852e-07,0.0031929534657312558,5.56107281163443e-10,8.682980063041067e-06,6.20051757311744e-12,0.021599470377979574,-0.07840052962202043,1
250.0,256.16721276815343,162.35607164667005,0.0057475701525444445,0.1889299555102552,500003000.0,4.852209485531604,1.1519532906772378e-05,3.114303531706176e-05,1.0368606618092522e-08,1.1473414199326209e-07,0.0032015908382171357,5.629635831933777e-10,8.64515155837087e-06,6.2220470516332354e-12,0.021505369680804496,-0.07849463031919551,1
251.0,256.08871813783423,161.28898548315738,0.005750305452323751,0.18985368134813244,500003000.0,4.857735675577207,1.152983775503513e-05,3.125718617932843e-05,1.0304848262752892e-08,1.1415086226667462e-07,0.0032101905175381897,5.698249532000621e-10,8.607369907693493e-06,6.2429813140255085e-12,0.021411385534171917,-0.07858861446582809,1
252.0,256.0101295233684,160.22692287451085,0.005753092183130394,0.19077924676840752,500003000.0,4.863067320385956,1.1540079225272909e-05,3.137075667835219e-05,1.024147023777893e-08,1.1357049902375859e-07,0.0032187525502333685,5.766910471859476e-10,8.569635737109205e-06,6.263325811643978e-12,0.021317519495560558,-0.07868248050443945,1
253.0,255.93144704286397,159.1698752201554,0.005755930123267038,0.19170665232295,500003000.0,4.868210594511214,1.155025769439236e-05,3.148374967986573e-05,1.017846911944999e-08,1.1299300151353992e-07,0.003227276983477803,5.835615302067982e-10,8.531949672132918e-06,6.283085992270056e-12,0.021223773120993033,-0.07877622687900697,1
254.0,255.85267081598496,158.11783384200376,0.00575881905474678,0.19263589854141477,500003000.0,4.87317151681265,1.1560373535931742e-05,3.1596168000477564e-05,1.0115841539382372e-08,1.1241832061183737e-07,0.003235763865082008,5.904360758532166e-10,8.494312337648233e-06,6.302267294729424e-12,0.02113014796492149,-0.07886985203507851,1
255.0,255.7738009639499,157.07078998466557,0.0057617587632000635,0.19356698593101102,500003000.0,4.877955951758447,1.1570427120115141e-05,3.170801440924499e-05,1.0053584183398611e-08,1.1184640876742759e-07,0.003244213243491007,5.973143657511707e-10,8.45672435781496e-06,6.320875143949417e-12,0.021036645579997567,-0.07896335442000244,1
256.0,255.69483760952988,156.02873481565908,0.005764749037835857,0.19449991497633834,500003000.0,4.882569610922465,1.1580418813905654e-05,3.1819291629195315e-05,9.991693790513935e-09,1.1127721995032133e-07,0.00325262516778343,6.041960890815157e-10,8.419186356054657e-06,6.338914946443266e-12,0.020943267517036415,-0.07905673248296359,1
257.0,255.61578087704692,154.99165942563408,0.005767789671351105,0.1954346861391561,500003000.0,4.8870180546579896,1.1590348981057506e-05,3.1930002338797295e-05,9.930167151852944e-09,1.1071070960198201e-07,0.0032609996876705374,6.110809421184413e-10,8.381698954957814e-06,6.356392086195689e-12,0.020850015324785778,-0.07914998467521422,1
258.0,255.5366308923717,153.95955482859816,0.0057708804598899785,0.1963712998582315,500003000.0,4.891306693930753,1.160021798216718e-05,3.204014917338477e-05,9.869001109673511e-09,1.1014683458747469e-07,0.003269336853495217,6.179686277867236e-10,8.344262776261976e-06,6.3733119209334415e-12,0.02075689054987157,-0.07924310945012844,1
259.0,255.4573877829216,152.932411962153,0.005774021202963014,0.19730975654913605,500003000.0,4.895440792294788,1.1610026174723522e-05,3.214973472653416e-05,9.808192556341031e-09,1.0958555314939025e-07,0.0032776367162308997,6.248588552375958e-10,8.306878440769286e-06,6.389679778756474e-12,0.020663894736592744,-0.07933610526340726,1
260.0,255.3780516776582,151.91022168773588,0.005777211703397514,0.19825005660403897,500003000.0,4.899425467995703,1.1619773913156897e-05,3.2258761551397656e-05,9.747738433376045e-09,1.0902682486349281e-07,0.003285899327480443,6.317513394430227e-10,8.269546568307603e-06,6.4055009551115766e-12,0.020571029426824594,-0.07942897057317541,1
261.0,255.29862270708503,150.89297479086983,0.005780451767268701,0.1991922003915687,500003000.0,4.903265696186832,1.1629461548887385e-05,3.23672321619937e-05,9.687635730487798e-09,1.08470610596044e-07,0.0032941247394749538,6.386458008081155e-10,8.232267777661939e-06,6.420780710091038e-12,0.020478296159848138,-0.07952170384015186,1
262.0,255.21910100324487,149.88066198141902,0.00578374120385044,0.20013618825659218,500003000.0,4.906966311244586,1.1639089430372045e-05,3.247514903445636e-05,9.627881484659402e-09,1.0791687246266119e-07,0.0033023130050725607,6.455419648013849e-10,8.19504268653216e-06,6.435524266033563e-12,0.020385696472244946,-0.07961430352775506,1
263.0,255.1394866997171,148.8732738938538,0.0057870798255438526,0.20108202052004684,500003000.0,4.910532009170236,1.1648657903151258e-05,3.258251460824507e-05,9.568472779213876e-09,1.073655737887038e-07,0.0033104641777571206,6.524395616025076e-10,8.157871911457492e-06,6.44973680541318e-12,0.020293231897709287,-0.07970676810229071,1
264.0,255.05977993161483,147.8708010875195,0.005790467447838255,0.20202969747877786,500003000.0,4.9139673500661365,1.165816730989421e-05,3.268933128731617e-05,9.509406742951656e-09,1.0681667907110052e-07,0.003318578311636896,6.593383257672477e-10,8.120756067785251e-06,6.463423468997404e-12,0.02020090396697039,-0.07979909603302962,1
265.0,254.97998083558178,146.87323404691418,0.005793903889247335,0.20297921940537453,500003000.0,4.917276760675186,1.1667617990443474e-05,3.279560144125772e-05,9.450680549263627e-09,1.0627015394154905e-07,0.0033266554614431666,6.66237995909154e-10,8.083695769602648e-06,6.476589354257594e-12,0.020108714207622738,-0.07989128579237727,1
266.0,254.9000895497894,145.88056318197434,0.0057973889712462185,0.203930586547933,500003000.0,4.920464536973115,1.1677010281858737e-05,3.290132740638872e-05,9.39229141526306e-09,1.0572596513100002e-07,0.0033346956825287743,6.731383143976322e-10,8.046691629668813e-06,6.489239514013488e-12,0.02001666414395703,-0.07998333585604298,1
267.0,254.82010621393337,144.8927788283641,0.005800922518241666,0.20488379912998914,500003000.0,4.923534846803884,1.1686344518459725e-05,3.30065114868242e-05,9.334236600987437e-09,1.0518408043547785e-07,0.003342699030866647,6.800390270719806e-10,8.009744259391329e-06,6.5013789553031305e-12,0.019924755296901773,-0.08007524470309824,1
268.0,254.74003096923028,143.9098712477753,0.005804504357495285,0.20583885735026938,500003000.0,4.9264917325491835,1.1695621031868264e-05,3.311115595550722e-05,9.276513408539713e-09,1.0464446868302282e-07,0.003350665563048237,6.86939882970954e-10,7.972854268735855e-06,6.5130126384534e-12,0.019832989183798465,-0.08016701081620153,1
269.0,254.65986395841406,142.93183062823138,0.005808134319092302,0.20679576138256,500003000.0,4.929339113823669,1.1704840151049583e-05,3.3215263055209064e-05,9.219119181318901e-09,1.0410709970184391e-07,0.003358595336281933,6.938406340774224e-10,7.936022266197753e-06,6.524145476345451e-12,0.019741367318331007,-0.080258632681669,1
270.0,254.5796053257324,141.9586470844003,0.005811812235877759,0.20775451137553705,500003000.0,4.932080790188235,1.1714002202352795e-05,3.3318834999498624e-05,9.162051303213171e-09,1.0357194428955856e-07,0.0033664884083913957,7.007410350776706e-10,7.899248858727203e-06,6.534782333856891e-12,0.019649891210339446,-0.08035010878966056,1
271.0,254.49925521694271,140.9903106579125,0.005815537943420182,0.20871510745263924,500003000.0,4.934720443874158,1.1723107509550647e-05,3.342187397368213e-05,9.105307197851534e-09,1.0303897418351192e-07,0.003374344837813863,7.076408431348903e-10,7.86253465169085e-06,6.544928027470042e-12,0.019558562365724532,-0.08044143763427547,1
272.0,254.41881377930844,140.0268113176872,0.005819311279953437,0.20967754971184133,500003000.0,4.937261642511609,1.1732156393878483e-05,3.35243821357142e-05,9.048884327835213e-09,1.0250816203206845e-07,0.003382164683598382,7.145398176764052e-10,7.825880248802317e-06,6.554587325029952e-12,0.0194673822862749,-0.08053261771372511,1
273.0,254.33828116159472,139.0681389602642,0.0058231320863393705,0.21064183822558108,500003000.0,4.939707841856437,1.1741149174072498e-05,3.362636161708114e-05,8.992780194015778e-09,1.019794813669448e-07,0.003389948005404005,7.214377201941674e-10,7.789286252079824e-06,6.563764945647291e-12,0.019376352469561608,-0.0806236475304384,1
274.0,254.25765751406428,138.11428341014283,0.005827000206018697,0.21160797304054468,500003000.0,4.94206238850978,1.1750086166407267e-05,3.372781452365756e-05,8.93699233476828e-09,1.0145290657641518e-07,0.0033976948634979317,7.283343140580692e-10,7.752753261786616e-06,6.572465559726785e-12,0.019285474408789985,-0.08071452559121002,1
275.0,254.17694298847306,137.16523442012868,0.005830915484959093,0.21257595417754233,500003000.0,4.944328522625406,1.1758967684732541e-05,3.382874293653701e-05,8.881518325273797e-09,1.0092841287945201e-07,0.003405405318753575,7.352293643416093e-10,7.71628187636677e-06,6.580693789116892e-12,0.019194749592639924,-0.08080525040736009,1
276.0,254.0961377380657,136.22098167168525,0.0058348777716242676,0.2135457816313607,500003000.0,4.946509380600249,1.1767794040509388e-05,3.392914891283773e-05,8.826355776847076e-09,1.0040597630071713e-07,0.0034130794326486095,7.421226376594636e-10,7.67987269240786e-06,6.588454207367536e-12,0.01910417950517301,-0.08089582049482699,1
277.0,254.01524191757088,135.28151477529332,0.0058388869169225584,0.21451745537060435,500003000.0,4.948607997743931,1.1776565542845633e-05,3.4029034486484105e-05,8.771502336245351e-09,9.988557364637317e-08,0.003420717267262946,7.49013902016501e-10,7.64352630457526e-06,6.59575134008657e-12,0.019013765625669105,-0.0809862343743309,1
278.0,253.93425568319654,134.3468232708158,0.005842942774172853,0.21549097533757977,500003000.0,4.95062731092355,1.1785282498530648e-05,3.412840166896481e-05,8.716955685015908e-09,9.936718248070465e-08,0.003428318885276662,7.55902926667805e-10,7.607243305568375e-06,6.60258966538735e-12,0.018923509428517463,-0.08107649057148254,1
279.0,253.85317919262505,133.41689662787175,0.005847045199047066,0.2164663414481134,500003000.0,4.952570161180324,1.1793945212069468e-05,3.4227252450068285e-05,8.662713538820634e-09,9.885078110347377e-08,0.0034358843499678678,7.627894819892598e-10,7.571024286045312e-06,6.608973614416022e-12,0.018833412383029356,-0.08116658761697065,1
280.0,253.7720126050081,132.49172424621355,0.00585119404955042,0.2174435535914436,500003000.0,4.9544392963150505,1.1802553985716297e-05,3.4325588798596326e-05,8.60877364682892e-09,9.833634852803807e-08,0.0034434137252105416,7.696733393582631e-10,7.534869834596002e-06,6.614907571954146e-12,0.018743475953371207,-0.0812565240466288,1
281.0,253.69075608096145,131.5712954561122,0.005855389185972861,0.2184226116300807,500003000.0,4.956237373439705,1.1811109119507376e-05,3.442341266305648e-05,8.555133791078658e-09,9.782386446015527e-08,0.0034509070754722977,7.765542710441472e-10,7.498780537676594e-06,6.620395877086083e-12,0.018653701598401393,-0.08134629840159861,1
282.0,253.60940978255985,130.6555995187504,0.005859630470840386,0.2194035153996477,500003000.0,4.957966961492738,1.1819610911293226e-05,3.452072597233394e-05,8.501791785849086e-09,9.731330927745753e-08,0.003458364465812099,7.834320501078855e-10,7.462756979543412e-06,6.625442823924494e-12,0.018564090771505965,-0.08143590922849404,1
283.0,253.52797387333135,129.74462562661844,0.005863917768901088,0.22038626470878056,500003000.0,4.959630543715991,1.182805965677032e-05,3.461753063634354e-05,8.448745477095081e-09,9.680466400959773e-08,0.003465785961877942,7.903064503106802e-10,7.4267997422304056e-06,6.630052662389217e-12,0.018474644920542547,-0.08152535507945746,1
284.0,253.44644851825188,128.83836290392077,0.005868250947060357,0.22137085933897077,500003000.0,4.96123052009136,1.1836455649512138e-05,3.471382854666253e-05,8.39599274181821e-09,9.629791031899627e-08,0.0034731716299044603,7.971772460310254e-10,7.390909405460921e-06,6.6342295990299775e-12,0.018385365487620882,-0.08161463451237913,1
285.0,253.3648338837395,127.93680040698494,0.005872629874369286,0.22235729904446153,500003000.0,4.96276920973563,1.1844799180999663e-05,3.480962157714474e-05,8.343531487525398e-09,9.579303048221009e-08,0.0034805215367105014,8.040442121898674e-10,7.3550865466264895e-06,6.6379777978901804e-12,0.018296253909050052,-0.08170374609094995,1
286.0,253.28313013764856,127.03992712468026,0.0058770544219666114,0.22334558355208364,500003000.0,4.964248853252091,1.1853090540651294e-05,3.4904911584516595e-05,8.291359651630965e-09,9.529000737185502e-08,0.0034878357496966332,8.109071241834678e-10,7.319331740706089e-06,6.64130138140293e-12,0.01820731161513765,-0.08179268838486235,1
287.0,253.2013374492637,126.14773197883859,0.005881524463071856,0.22433571256119453,500003000.0,4.9656716150377935,1.1861330015852235e-05,3.4999700408955716e-05,8.239475200941586e-09,9.478882443912345e-08,0.003495114336842625,8.177657578236141e-10,7.283645560249025e-06,6.644204431318628e-12,0.018118540030147186,-0.08188145996985283,1
288.0,253.11945598929384,125.26020382468673,0.005886039872913367,0.22532768574346373,500003000.0,4.9670395855454865,1.1869517891983294e-05,3.509398987465249e-05,8.187876131059107e-09,9.428946569677866e-08,0.0035023573667048425,8.246198892848085e-10,7.248028575276015e-06,6.646690989652365e-12,0.018029940572052042,-0.08197005942794797,1
289.0,253.03748592986588,124.37733145127913,0.0058906005287349674,0.22632150274284973,500003000.0,4.9683547834994535,1.1877654452449197e-05,3.518778179035523e-05,8.136560465903489e-09,9.37919157027364e-08,0.0035095649084136323,8.314692950580899e-10,7.212481353277363e-06,6.64876505965579e-12,0.017941514652530934,-0.08205848534746907,1
290.0,252.95542744451842,123.4991035819418,0.005895206309727819,0.22731716317542197,500003000.0,4.969619158064654,1.1885739978706337e-05,3.528107794989931e-05,8.085526257140394e-09,9.329615954408308e-08,0.0035167370316706178,8.383137519111525e-10,7.177004459117982e-06,6.650430606799951e-12,0.017853263676731637,-0.08214673632326837,1
291.0,252.87328070819515,122.62550887471757,0.005899857097030281,0.22831466662924715,500003000.0,4.970834590968712,1.189377475029005e-05,3.537388013272091e-05,8.03477158371247e-09,9.280218282159835e-08,0.0035238738067459876,8.451530368544312e-10,7.141598455025612e-06,6.651691559771316e-12,0.017765189043241703,-0.0822348109567583,1
292.0,252.7910458972384,121.75653592282188,0.005904552773665066,0.22931401266430107,500003000.0,4.972002898576434,1.1901759044841343e-05,3.5466190104355654e-05,7.984294551293046e-09,9.230997163474327e-08,0.003530975304475686,8.519869271128343e-10,7.10626390050178e-06,6.652551811475719e-12,0.01767729214386695,-0.08232270785613305,1
293.0,252.70872318938228,120.89217325510046,0.00590929322453626,0.23031520081235188,500003000.0,4.973125833916706,1.1909693138133174e-05,3.555800961692274e-05,7.934093291830703e-09,9.18195125670853e-08,0.003538041596258602,8.588152001028238e-10,7.07100135230524e-06,6.653015220046178e-12,0.017589574363590283,-0.08241042563640973,1
294.0,252.6263127637459,120.0324093364957,0.0059140783363788064,0.23131823057682738,500003000.0,4.97420508866167,1.1917577304096212e-05,3.564934040959488e-05,7.884165963037508e-09,9.133079267214256e-08,0.0035450727540536735,8.6563763341454e-10,7.0358113643772776e-06,6.653085609851196e-12,0.017502037080385884,-0.08249796291961412,1
295.0,252.54381480082628,119.1772325685176,0.005918907997738237,0.23232310143272591,500003000.0,4.975242295058279,1.1925411814844138e-05,3.574018420905454e-05,7.83451074792678e-09,9.084379945965736e-08,0.003552068850376959,8.724540047986881e-10,7.0006944878032114e-06,6.65276677250262e-12,0.017414681665123444,-0.08258531833487656,1
296.0,252.4612294824914,118.32663128972015,0.005923782098943213,0.23332981282651313,500003000.0,4.976239027812327,1.1933196940698486e-05,3.58305427299368e-05,7.785125854349067e-09,9.035852088226135e-08,0.0035590299582986674,8.792640921579104e-10,6.965651270764673e-06,6.652062467858683e-12,0.01732750948144947,-0.08267249051855054,1
297.0,252.37855699197286,117.48059377618515,0.005928700532064999,0.2343383641759895,500003000.0,4.977196805925249,1.1940932950213006e-05,3.5920417675259316e-05,7.736009514519098e-09,8.987494532251476e-08,0.0035659561514401156,8.860676735423811e-10,6.930682258476265e-06,6.650976425019629e-12,0.0172405218856297,-0.0827594781143703,1
298.0,252.29579751385847,116.63910824200882,0.005933663190909427,0.2353487548702455,500003000.0,4.978117094483954,1.1948620110197598e-05,3.600981073683966e-05,7.687159984593203e-09,8.939306158034519e-08,0.003572847503970667,8.9286452714936e-10,6.895787993160029e-06,6.649512343316479e-12,0.017153720226485626,-0.08284627977351439,1
299.0,252.21295123408495,115.80216283979733,0.0059386699709657945,0.23636098426949365,500003000.0,4.979001306404138,1.1956258685741797e-05,3.609872359570047e-05,7.638575544198082e-09,8.891285886080176e-08,0.003579704090604601,8.996544313264719e-10,6.860969013969187e-06,6.647673893285753e-12,0.01706710584520476,-0.08293289415479524,1
300.0,252.13001833993016,114.96974566116478,0.005943720769402398,0.23737505170501938,500003000.0,4.9798508041275,1.1963848940237825e-05,3.618715792246266e-05,7.59025449602781e-09,8.843432676219474e-08,0.0035865259865979497,9.064371645784622e-10,6.826225856966024e-06,6.645464717634325e-12,0.016980680075285637,-0.08301931992471437,1
301.0,252.04699902000544,114.14184473723867,0.005948815485024722,0.23839095647905728,500003000.0,4.980666901273397,1.1971391135403225e-05,3.62751153777272e-05,7.542195165399731e-09,8.79574552645423e-08,0.0035933132677452755,9.132125055772112e-10,6.791559055056042e-06,6.642888432187871e-12,0.016894444242374053,-0.08310555575762596,1
302.0,251.96389346424783,113.31844803917033,0.0059539540182534795,0.2394086978647276,500003000.0,4.981450864245508,1.1978885531303068e-05,3.636259761244556e-05,7.494395899843385e-09,8.748223471835867e-08,0.003600066010376415,9.199802331747852e-10,6.7569691379450745e-06,6.6399486268248e-12,0.01680839966415631,-0.08319160033584369,1
303.0,251.88070186391198,112.49954347864954,0.005959136271107952,0.24042827510590878,500003000.0,4.982203913794118,1.1986332386371772e-05,3.6449606268279296e-05,7.44685506870281e-09,8.7008655833733e-08,0.003606784291353169,9.267401264193143e-10,6.72245663210193e-06,6.6366488663913e-12,0.01672254765026638,-0.08327745234973363,1
304.0,251.79742441156225,111.6851189084269,0.005964362147161462,0.24144968741716938,500003000.0,4.982927226534688,1.1993731957434483e-05,3.6536142977949024e-05,7.399571062710885e-09,8.653670966972625e-08,0.003613468188065942,9.334919645735001e-10,6.688022060689397e-06,6.632992691599166e-12,0.01663688950211421,-0.08336311049788579,1
305.0,251.71406130106436,110.87516212283845,0.005969631551540753,0.24247293398367845,500003000.0,4.983621936423403,1.2001084499728108e-05,3.662220936557308e-05,7.352542293625414e-09,8.606638762405261e-08,0.0036201177784303505,9.402355271355583e-10,6.653665943544717e-06,6.628983619903573e-12,0.016551426512837183,-0.08344857348716282,1
306.0,251.6306127275772,110.06966085833751,0.0059749443908853755,0.24349801396111356,500003000.0,4.984289136190417,1.200839026692193e-05,3.670780704699612e-05,7.305767193821757e-09,8.559768142303908e-08,0.0036267331408837773,9.469705938624138e-10,6.619388797114725e-06,6.624625146360047e-12,0.016466159967138783,-0.08353384003286123,1
307.0,251.54707888754433,109.2686027940316,0.005980300573325353,0.2445249264755534,500003000.0,4.984929878731557,1.2015649511137844e-05,3.679293763010797e-05,7.259244215915049e-09,8.513058311185327e-08,0.003633314354381874,9.536969447949738e-10,6.585191134411701e-06,6.619920744459797e-12,0.01638109114117875,-0.08361890885882126,1
308.0,251.4634599786855,108.47197555222198,0.005985700008474944,0.2455536706234765,500003000.0,4.985545178459262,1.2022862482970252e-05,3.687760271515299e-05,7.212971832408024e-09,8.46650850450239e-08,0.0036398614983950456,9.604143602853107e-10,6.5510734649866385e-06,6.614873866945236e-12,0.0162962213025066,-0.0837037786974934,1
309.0,251.379756199988,107.67976669895202,0.005991142607381947,0.24658424547156818,500003000.0,4.986136012613519,1.2030029431505544e-05,3.6961803895030155e-05,7.166948535291158e-09,8.420117987715838e-08,0.003646374652904852,9.671226210255891e-10,6.517036294853521e-06,6.609487946598344e-12,0.016211551709873276,-0.08378844829012673,1
310.0,251.29596775169787,106.8919637445568,0.005996628282533046,0.2476166500567208,500003000.0,4.986703322533662,1.203715060434126e-05,3.704554275558412e-05,7.1211728357168004e-09,8.373886055396392e-08,0.003652853898400404,9.738215080785946e-10,6.4830801264751795e-06,6.60376639701025e-12,0.01612708361319594,-0.08387291638680407,1
311.0,251.21209483531106,106.1085541442199,0.006002156947813448,0.24865088338593735,500003000.0,4.987248014891783,1.2044226247604885e-05,3.7128820875887596e-05,7.075643263624095e-09,8.327812030347633e-08,0.003659299315874692,9.805108029097081e-10,6.4492054586989895e-06,6.59771261332474e-12,0.01604281825339803,-0.08395718174660198,1
312.0,251.12813765356447,105.3295252985338,0.006007728518494578,0.2496869444362565,500003000.0,4.9877709628886455,1.2051256605972289e-05,3.721163982851512e-05,7.030358367403519e-09,8.281895262752634e-08,0.0036657109868208837,9.871902874201918e-10,6.4154127867232484e-06,6.59132997295831e-12,0.015958756862325636,-0.08404124313767437,1
313.0,251.0440964104268,104.5548645540649,0.006013342911214634,0.2507248321546555,500003000.0,4.988273007412893,1.2058241922685847e-05,3.729400117980854e-05,6.985316713558379e-09,8.236135129342208e-08,0.0036720889932285758,9.938597439816537e-10,6.381702602055584e-06,6.5846218362953166e-12,0.015874900662644024,-0.08412509933735599,1
314.0,250.95997131108945,103.78455920392442,0.006019000043946644,0.2517645454580318,500003000.0,4.988754958164418,1.2065182439572205e-05,3.737590649013441e-05,6.9405168863576e-09,8.19053103258687e-08,0.0036784334175800036,1.000518955471564e-09,6.348075392458302e-06,6.577591547360308e-12,0.015791250867701695,-0.08420874913229831,1
315.0,250.87576256195715,103.01859648834154,0.006024699835997241,0.25280608323306714,500003000.0,4.9892175947427155,1.2072078397059734e-05,3.745735731413347e-05,6.895957487529622e-09,8.145082399906608e-08,0.003684744342846213,1.0071677053097011e-09,6.314531641926272e-06,6.570242434463225e-12,0.015707808681475362,-0.08429219131852464,1
316.0,250.79147037063862,102.2569635952439,0.00603044220796399,0.25384944433622714,500003000.0,4.989661667701065,1.2078930034195648e-05,3.7538355200962514e-05,6.851637135913823e-09,8.09978868290441e-08,0.0036910218524831857,1.0138057774954186e-09,6.28107183062112e-06,6.56257781082263e-12,0.015624575298406284,-0.08437542470159372,1
317.0,250.70709494593703,101.49964766083953,0.006036227081739411,0.25489462759364007,500003000.0,4.990087899567382,1.2085737588662819e-05,3.761890169452868e-05,6.807554467170979e-09,8.054649356616363e-08,0.0036972660304279313,1.0204329566456173e-09,6.24769643485465e-06,6.554600975161775e-12,0.015541551903358994,-0.084458448096641,1
318.0,250.62263649784038,100.746635770205,0.006042054380476774,0.25594163180107515,500003000.0,4.9904969858325705,1.2092501296796275e-05,3.7698998333716514e-05,6.763708133455026e-09,8.009663918783263e-08,0.003703476961094536,1.0270490280333282e-09,6.214405927032192e-06,6.546315212281918e-12,0.015458739671480388,-0.08454126032851962,1
319.0,250.53809523751187,99.99791495787807,0.006047924028569509,0.25699045572383483,500003000.0,4.99088959590721,1.209922139359938e-05,3.77786466526079e-05,6.7200968031058616e-09,7.964831889138537e-08,0.0037096547293701617,1.0336537776267997e-09,6.181200775610603e-06,6.537723793609311e-12,0.015376139768095263,-0.08462386023190474,1
320.0,250.45347137727995,99.2534722084515,0.0060538359516575805,0.2580410980967711,500003000.0,4.991266374047383,1.2105898112759757e-05,3.785784818069507e-05,6.676719160376889e-09,7.92015280871729e-08,0.0037157994206110435,1.0402469921290056e-09,6.148081445083804e-06,6.528829977720347e-12,0.015293753348670315,-0.0847062466513297,1
321.0,250.36876513062862,98.51329445717579,0.006059790076568983,0.2590935576241177,500003000.0,4.991627940250477,1.2112531686664853e-05,3.793660444308685e-05,6.633573905095423e-09,7.875626239177797e-08,0.00372191112063839,1.0468284590174775e-09,6.1150483959021504e-06,6.519637010838338e-12,0.015211581558613596,-0.0847884184413864,1
322.0,250.28397671218724,97.7773685905613,0.006065786331341549,0.2601478329795319,500003000.0,4.991974891121752,1.211912234641727e-05,3.8014916960708304e-05,6.59065975241705e-09,7.831251762145548e-08,0.0037279899157343,1.0533979665843861e-09,6.082102084474012e-06,6.510148127310922e-12,0.01512962553327843,-0.08487037446672158,1
323.0,250.1991063377205,97.04568144698645,0.006071824645187232,0.261203922805995,500003000.0,4.992307800712476,1.2125670321849792e-05,3.8092787250494e-05,6.547975432520799e-09,7.787028978569703e-08,0.0037340358926376133,1.0599553039767887e-09,6.049242963108704e-06,6.5003665500603706e-12,0.015047886397821454,-0.08495211360217855,1
324.0,250.11415422411832,96.31821981731068,0.006077904948467578,0.26226182571575773,500003000.0,4.992627221330402,1.2132175841540114e-05,3.8170216825574966e-05,6.505519690321948e-09,7.742957508096751e-08,0.003740049138539728,1.0665002612369695e-09,6.0164714799715175e-06,6.49029549101144e-12,0.014966365267090763,-0.08503363473290924,1
325.0,250.0291205893854,95.59497044548841,0.006084027172700662,0.26332154029030874,500003000.0,4.992933684323368,1.2138639132825336e-05,3.824720719545957e-05,6.463291285223051e-09,7.699036988460219e-08,0.0037460297410803964,1.0730326293428063e-09,5.983788079070084e-06,6.479938151496495e-12,0.014885063245591973,-0.08511493675440804,1
326.0,249.944005652631,94.8759200291899,0.006090191250517572,0.2643830650802803,500003000.0,4.993227700836782,1.2145060421816152e-05,3.8323759866208406e-05,6.42128899081526e-09,7.655267074883608e-08,0.003751977788343457,1.079552200248092e-09,5.951193200190883e-06,6.4692977226362666e-12,0.014803981427330304,-0.0851960185726697,1
327.0,249.85880963405833,94.1610552204218,0.006096397115680045,0.26544639860549096,500003000.0,4.993509762545733,1.2151439933410801e-05,3.839987634060342e-05,6.379511594649206e-09,7.611647439501436e-08,0.0037578933688525696,1.0860587669227551e-09,5.9186872788963e-06,6.458377385701059e-12,0.014723120895803245,-0.08527687910419676,1
328.0,249.77353275495415,93.45036262615635,0.006102644703020731,0.2665115393547839,500003000.0,4.993780342362455,1.215777789130873e-05,3.847555811831131e-05,6.3379578979284635e-09,7.568177770789266e-08,0.0037637765715668736,1.0925521233929156e-09,5.886270746446216e-06,6.447180312445421e-12,0.014642482723805519,-0.08535751727619449,1
329.0,249.68817523767794,92.74382880895813,0.0061089339484788775,0.267578485786073,500003000.0,4.994039895119885,1.2164074518024037e-05,3.855080669604144e-05,6.296626715307452e-09,7.524857773012725e-08,0.0037696274858766525,1.0990320647807255e-09,5.853944029812781e-06,6.435709665425502e-12,0.014562067973465815,-0.08543793202653419,1
330.0,249.6027373056514,92.0414402876198,0.006115264789035816,0.26864723632624943,500003000.0,4.994288858231998,1.2170330034898626e-05,3.86256235676983e-05,6.255516874588873e-09,7.481687165686256e-08,0.0037754462015989264,1.1054983873439402e-09,5.82170755159836e-06,6.423968598291975e-12,0.014481877696042693,-0.0855181223039573,1
331.0,249.51721918334744,91.34318353779646,0.006121637162742433,0.26971778937116936,500003000.0,4.9945276523316355,1.2176544662115146e-05,3.870001022452877e-05,6.214627216520727e-09,7.438665683047103e-08,0.0037812328089730507,1.1119508885151737e-09,5.7895617300424985e-06,6.411960256063943e-12,0.014401912931941903,-0.0855980870680581,1
332.0,249.43162109627937,90.64904499264638,0.006128051008675,0.2707901432855946,500003000.0,4.994756681886475,1.218271861870967e-05,3.877396815526417e-05,6.173956594523356e-09,7.395793073540527e-08,0.003786987398656248,1.1183893669407926e-09,5.757506978960404e-06,6.3996877753811656e-12,0.01432217471056335,-0.08567782528943665,1
333.0,249.34594327098995,89.95901104347294,0.006134506266938755,0.2718642964031666,500003000.0,4.994976335793833,1.218885212258414e-05,3.8847498846257355e-05,6.133503874469503e-09,7.353069099318315e-08,0.0037927100617191293,1.1248136225194076e-09,5.7255437077273894e-06,6.387154284737111e-12,0.014242664050262406,-0.0857573359497376,1
334.0,249.2601859350402,89.27306804037003,0.006141002878650707,0.2729402470263753,500003000.0,4.995186987954937,1.2194945390518586e-05,3.892060378161485e-05,6.093267934446806e-09,7.310493535748997e-08,0.0037984008896411827,1.1312234564399204e-09,5.693672321243733e-06,6.374362904692241e-12,0.014163381958262491,-0.08583661804173752,1
335.0,249.17434931699847,88.59120229287207,0.006147540785909415,0.2740179934264973,500003000.0,4.995388997829286,1.2200998638183098e-05,3.899328444332424e-05,6.053247664511565e-09,7.268066170939074e-08,0.003804059974306212,1.1376186712190902e-09,5.661893219888116e-06,6.361316748067643e-12,0.014084329430539257,-0.08591567056946076,1
336.0,249.08843364642902,87.913400070603,0.006154119931818019,0.27509753384359525,500003000.0,4.995582710969751,1.2207012080149596e-05,3.906554231137691e-05,6.0134419664988445e-09,7.225786805267024e-08,0.003809687407997778,1.1439990707385937e-09,5.630206799520582e-06,6.3480189201213045e-12,0.014005507451827935,-0.08599449254817207,1
337.0,249.00243915388086,87.23964760393247,0.006160740260430311,0.27617886648646,500003000.0,4.995768459538984,1.2212985929903356e-05,3.913737886388618e-05,5.973849753760185e-09,7.183655250926859e-08,0.00381528328339458,1.1503644602815321e-09,5.5986134514147665e-06,6.334472518704979e-12,0.013926916995454761,-0.08607308300454525,1
338.0,248.9163660708763,86.5699310846314,0.006167401716768103,0.27726198953261594,500003000.0,4.9959465628077435,1.2218920399854331e-05,3.920879557720102e-05,5.93446995097529e-09,7.14167133148407e-08,0.0038208476935658268,1.1567146465683691e-09,5.567113562256276e-06,6.320680634404812e-12,0.013848559023332943,-0.08615144097666706,1
339.0,248.83021462989964,85.90423666653216,0.00617410424679054,0.27834690112824295,500003000.0,4.9961173276357185,1.222481570134825e-05,3.9279793926015426e-05,5.89530149392007e-09,7.099834881440097e-08,0.0038263807319665675,1.1630494377922688e-09,5.535707514097321e-06,6.3066463506631395e-12,0.01377043448584981,-0.0862295655141502,1
340.0,248.7439850643855,85.24255046618937,0.00618084779739796,0.2794335993881984,500003000.0,4.996281048935381,1.2230672044677522e-05,3.935037538347352e-05,5.856343329271693e-09,7.058145745809186e-08,0.003831882492433012,1.1693686436538046e-09,5.504395684343136e-06,6.292372743885527e-12,0.013692544321833032,-0.08630745567816697,1
341.0,248.65767760870733,84.58485856354484,0.006187632316405626,0.28052208239595205,500003000.0,4.996438010119448,1.2236489639091909e-05,3.9420541421270554e-05,5.817594414388087e-09,7.016603779703325e-08,0.003837353069177804,1.1756720753950234e-09,5.473178445711614e-06,6.277862883529997e-12,0.013614889458450196,-0.0863851105415498,1
342.0,248.57129249816577,83.93114700259409,0.006194457752536993,0.2816123482035942,500003000.0,4.996588483532454,1.2242268692809019e-05,3.949029350974984e-05,5.779053717109666e-09,6.975208847928458e-08,0.00384279255678528,1.18195954583284e-09,5.442056166211065e-06,6.2631198321819876e-12,0.013537470811153498,-0.0864625291888465,1
343.0,248.48482996897692,83.28140179205468,0.006201324055417375,0.28270439483180276,500003000.0,4.996732730866963,1.2248009413024583e-05,3.955963311799573e-05,5.740720215564514e-09,6.933960824589286e-08,0.0038482010502067002,1.1882308693917428e-09,5.41102920911852e-06,6.2481466456133666e-12,0.013460289283625766,-0.08653971071637424,1
344.0,248.39829025826054,82.6356089060374,0.0062082311755557425,0.28379822026981333,500003000.0,4.996871003564935,1.2253712005922548e-05,3.9628561713922765e-05,5.702592897965739e-09,6.892859592703311e-08,0.003853578644755455,1.194485862135797e-09,5.380097932948058e-06,6.232946372826762e-12,0.013383345767701655,-0.08661665423229835,1
345.0,248.31167360402824,81.99375428471902,0.006215179064337457,0.28489382247539957,500003000.0,4.997003543204698,1.225937667668497e-05,3.969708076436101e-05,5.664670762422295e-09,6.851905043824165e-08,0.003858925436102247,1.2007243417999234e-09,5.3492626914292094e-06,6.217522056085963e-12,0.01330664114331396,-0.08669335885668604,1
346.0,248.22498024517157,81.35582383501726,0.006222167674011783,0.28599119937487955,500003000.0,4.997130581874056,1.2265003629501719e-05,3.976519173513775e-05,5.62695281674811e-09,6.811097077674172e-08,0.003864241520270246,1.2069461278204481e-09,5.318523833481255e-06,6.2018767309330074e-12,0.013230176278429644,-0.08676982372157035,1
347.0,248.13821042145,80.72180343126713,0.0062291969576864165,0.2870903488630711,500003000.0,4.997252342529932,1.2270593067579998e-05,3.98328960911556e-05,5.589438078280646e-09,6.770435601784507e-08,0.0038695269936302235,1.2131510413649022e-09,5.287881703193952e-06,6.186013426191174e-12,0.013153952029001919,-0.08684604797099808,1
348.0,248.051364373479,80.09167891590015,0.00623626686930507,0.2881912688033025,500003000.0,4.997369039345052,1.2276145193153686e-05,3.990019529646704e-05,5.552125573687303e-09,6.729920531144744e-08,0.0038747819528956668,1.2193389053610652e-09,5.257336639794353e-06,6.169935163956147e-12,0.013077969238887696,-0.08692203076111231,1
349.0,247.9644423427179,79.46543610012344,0.006243377363656452,0.2892939570273698,500003000.0,4.997480878042053,1.228166020749249e-05,3.996709081434564e-05,5.5150143388029736e-09,6.689551787859649e-08,0.00388000649511787,1.2255095445252405e-09,5.226888977640723e-06,6.1536449595740575e-12,0.01300222873983246,-0.08699777126016754,1
350.0,247.87744457145772,78.84306076460294,0.006250528396338617,0.29039841133553884,500003000.0,4.997588056215499,1.228713831091092e-05,4.003358410735379e-05,5.4781034184307696e-09,6.649329300814667e-08,0.0038852007176809916,1.231662785389759e-09,5.1965390461792674e-06,6.1371458216083805e-12,0.012926731351362615,-0.08707326864863739,1
351.0,247.7903713028091,78.22453866014523,0.006257719923778775,0.2915046294965632,500003000.0,4.997690763642144,1.2292579702777115e-05,4.009967663740728e-05,5.441391866194835e-09,6.609253005349647e-08,0.003890364718297125,1.2377984563296941e-09,5.166287169947951e-06,6.1204407517959026e-12,0.012851477880794994,-0.08714852211920501,1
352.0,247.70322278068988,77.6098555083828,0.006264951903202481,0.29261260924762794,500003000.0,4.997789182579895,1.2297984581521465e-05,4.016536986583667e-05,5.404878744351222e-09,6.569322842938616e-08,0.0038954985950013033,1.2439163875887975e-09,5.13613366853834e-06,6.103532744990361e-12,0.01277646912314194,-0.08722353087685807,1
353.0,247.61599924981303,76.99899700246029,0.006272224292628715,0.2937223482943624,500003000.0,4.997883488055843,1.230335314464509e-05,4.023066525344545e-05,5.368563123624614e-09,6.5295387608784e-08,0.003900602446146525,1.2500164113046317e-09,5.106078856579777e-06,6.086424789096938e-12,0.012701705861071933,-0.08729829413892808,1
354.0,247.5287009556741,76.39194880772129,0.006279537050866905,0.2948338443108518,500003000.0,4.9979738481437295,1.230868558872814e-05,4.0295564260565294e-05,5.332444083049288e-09,6.489900711984462e-08,0.003905676370398737,1.2560983615329152e-09,5.076123043725469e-06,6.06911986499674e-12,0.012627188864874994,-0.08737281113512502,1
355.0,247.441328144539,75.7886965623968,0.006286890137503991,0.29594709493958415,500003000.0,4.998060424231224,1.2313982109437944e-05,4.036006834710822e-05,5.296520709804163e-09,6.450408654292663e-08,0.0039107204667318115,1.2621620742710648e-09,5.046266534630885e-06,6.051620946460603e-12,0.01255291889240893,-0.08744708110759107,1
356.0,247.3538810634314,75.18922587829454,0.0062942835128958746,0.29706209779150783,500003000.0,4.998143371277349,1.2319242901536999e-05,4.042417897261592e-05,5.2607920990544075e-09,6.41106255076992e-08,0.003915734834422497,1.2682073874809346e-09,5.016509628936338e-06,6.0339310000556094e-12,0.01247889668905602,-0.08752110331094398,1
357.0,247.26635996012047,74.59352234148984,0.006301717138153637,0.2981788504459812,500003000.0,4.998222838060414,1.232446815889079e-05,4.0487897596306215e-05,5.225257353791355e-09,6.371862369029796e-08,0.003920719573045361,1.2742341411107568e-09,4.986852621245962e-06,6.016052985041164e-12,0.012405122987670712,-0.08759487701232929,1
358.0,247.17876508310815,74.00157151301586,0.006309190975152128,0.2992973504507962,500003000.0,4.998298967416766,1.2329658074475484e-05,4.055122567711678e-05,5.189915584693569e-09,6.332808081056042e-08,0.003925674782467715,1.2802421771162793e-09,4.957295801124913e-06,5.997989853258022e-12,0.012331598508572664,-0.08766840149142734,1
359.0,247.09109668161673,73.41335892955661,0.006316704986497853,0.30041759532217693,500003000.0,4.998371896470703,1.233481284038544e-05,4.0614164673746096e-05,5.154765909956699e-09,6.293899662932089e-08,0.003930600562844518,1.2862313394811013e-09,4.927839453064877e-06,5.979744549008919e-12,0.01225832395946094,-0.08774167604053906,1
360.0,247.0033550055762,72.82887010413872,0.006324259135544671,0.3015395825447578,500003000.0,4.998441756855824,1.2339932647840605e-05,4.0676716044691864e-05,5.119807455165445e-09,6.255137094576743e-08,0.0039354970146132755,1.2922014742362114e-09,4.898483856487901e-06,5.961320008931594e-12,0.012185300035423539,-0.08781469996457647,1
361.0,246.91554030561161,72.24809052682545,0.0063318533863657624,0.30266330957161863,500003000.0,4.998508674928156,1.2345017687193737e-05,4.0738881248286734e-05,5.085039353132e-09,6.216520359486873e-08,0.003940364238488914,1.2981524294787242e-09,4.869229285716378e-06,5.94271916186546e-12,0.012112527418862738,-0.08788747258113727,1
362.0,246.82765283303047,71.67100566541006,0.006339487703760329,0.30378877382427116,500003000.0,4.998572771971323,1.2350068147937502e-05,4.080066174273159e-05,5.050460743765402e-09,6.178049444485553e-08,0.003945202335458652,1.304084055389826e-09,4.840076009970777e-06,5.923944928710992e-12,0.012040006779489422,-0.08795999322051058,1
363.0,246.73969283980995,71.0976009661102,0.006347162053238232,0.3049159726926511,500003000.0,4.9986341643940335,1.2355084218711428e-05,4.086205898612635e-05,5.016070773925307e-09,6.13972433947614e-08,0.003950011406776851,1.309996204251927e-09,4.811024293350725e-06,5.9050002222827615e-12,0.011967738774276064,-0.08803226122572394,1
364.0,246.65166057858423,70.52786185426221,0.006354876401017599,0.3060449035351736,500003000.0,4.998692963920188,1.2360066087308716e-05,4.092307443649838e-05,4.981868597288618e-09,6.101545037203288e-08,0.003954791553959858,1.315888730465031e-09,4.78207439482668e-06,5.885887947157606e-12,0.011895724047435963,-0.08810427595256404,1
365.0,246.56355630263167,69.96177373501581,0.006362630714016663,0.30717556367867044,500003000.0,4.998749277771834,1.236501394068293e-05,4.098370955182856e-05,4.947853374213775e-09,6.063511533017749e-08,0.003959542878780843,1.3217614905623124e-09,4.75322656822768e-06,5.866610999515341e-12,0.011823963230392809,-0.0881760367696072,1
366.0,246.47538026586207,69.39932199402935,0.006370424959841098,0.30830795041846437,500003000.0,4.998803208845244,1.2369927964954535e-05,4.104396579007505e-05,4.9140242716039695e-09,6.025623824648984e-08,0.003964265483264611,1.327614343224927e-09,4.724481062226397e-06,5.847172266976403e-12,0.01175245694174348,-0.08824754305825652,1
367.0,246.3871327228038,68.84049199816421,0.006378259106788163,0.309442061018329,500003000.0,4.998854855880364,1.2374808345417321e-05,4.110384460919486e-05,4.880380462785638e-09,5.987881911981466e-08,0.003968959469682422,1.3334471492960423e-09,4.69583812033727e-06,5.8275746284328575e-12,0.011681205787253405,-0.0883187942127466,1
368.0,246.29881392859107,68.28526909618041,0.006386133123825472,0.31057789271053565,500003000.0,4.998904313623857,1.237965526654469e-05,4.116334746716324e-05,4.846921127369608e-09,5.9502857968376946e-08,0.003973624940546782,1.3392597717941103e-09,4.667297980896359e-06,5.8078209538762034e-12,0.01161021035980645,-0.08838978964019356,1
369.0,246.21042413895088,67.73363861943068,0.006394046980601112,0.3117154426958357,500003000.0,4.998951672985978,1.2384468911995828e-05,4.12224758219909e-05,4.813645451138532e-09,5.91283548276554e-08,0.00397826199860625,1.3450520759253685e-09,4.638860877064967e-06,5.787914104219999e-12,0.011539471239413918,-0.08846052876058609,1
370.0,246.1219636101903,67.18558588255549,0.006402000647422819,0.3128547081435026,500003000.0,4.998997021191513,1.2389249464621741e-05,4.1281231131739216e-05,4.780552625912813e-09,5.875530974831596e-08,0.003982870746840215,1.3508239290956027e-09,4.610527036811017e-06,5.767856931119497e-12,0.011468988993168243,-0.08853101100683176,1
371.0,246.03343259918347,66.6410961841769,0.006409994095263723,0.3139956861913307,500003000.0,4.999040441924975,1.239399710647118e-05,4.133961485453341e-05,4.747641849438869e-09,5.8383722794190075e-08,0.003987451288453676,1.356575200921154e-09,4.5822966829104696e-06,5.747652276787082e-12,0.011398764175246493,-0.08860123582475352,1
372.0,245.94483136335873,66.10015480759317,0.006418027295740912,0.315138373945627,500003000.0,4.999082015470286,1.2398712018796439e-05,4.139762844857371e-05,4.714912325259157e-09,5.801359404030119e-08,0.0039920037268720175,1.3623057632391896e-09,4.554170032929705e-06,5.727302973804333e-12,0.011328797326866558,-0.08867120267313344,1
373.0,245.8561601606856,65.56274702147101,0.006426100221133438,0.31628276848128223,500003000.0,4.999121818845129,1.2403394382059052e-05,4.145527337214466e-05,4.6823632626134614e-09,5.764492357095248e-08,0.003996528165735778,1.3680154901172489e-09,4.526147299236642e-06,5.706811844932348e-12,0.0112590889763148,-0.0887409110236852,1
374.0,245.7674192496619,65.02885808053975,0.006434212844345295,0.31742886684173777,500003000.0,4.999159925930186,1.2408044375935354e-05,4.151255108362251e-05,4.649993876301771e-09,5.7277711477845626e-08,0.004001024708895402,1.3737042578620604e-09,4.49822868897337e-06,5.686181702917766e-12,0.011189639638877981,-0.08881036036112203,1
375.0,245.6786088893008,64.49847322628224,0.0064423651389324205,0.31857666603903434,500003000.0,4.999196407593413,1.241266217932195e-05,4.156946304148077e-05,4.6178033865960136e-09,5.69119578582602e-08,0.0040054934604060125,1.3793719450276502e-09,4.470414404074628e-06,5.6654153502977475e-12,0.011120449816889227,-0.08887955018311078,1
376.0,245.58972933911767,63.97157768762731,0.006450557079069603,0.3197261630538099,500003000.0,4.999231331809573,1.241724797034106e-05,4.162601070429404e-05,4.585791019110055e-09,5.654766281326995e-08,0.004009934524522151,1.3850184324227416e-09,4.4427046412445825e-06,5.644515579201946e-12,0.011051519999670256,-0.08894848000032975,1
377.0,245.50078085911733,63.44815668163971,0.006458788639564272,0.32087735483533686,500003000.0,4.999264763775173,1.2421801926345766e-05,4.1682195530740055e-05,4.553956004705575e-09,5.618482644601138e-08,0.004014348005692543,1.3906436031174623e-09,4.4150995919670094e-06,5.6234851711533625e-12,0.010982850663556715,-0.0890171493364433,1
378.0,245.41176370978087,62.92819541421023,0.006467059795839198,0.32203023830153127,500003000.0,4.999296766018986,1.2426324223925144e-05,4.173801897960005e-05,4.522297579377555e-09,5.582344885999126e-08,0.004018734008554829,1.396247342449362e-09,4.387599442494454e-06,5.60232689686708e-12,0.010914442271871204,-0.0890855577281288,1
379.0,245.32267815205273,62.411679080744236,0.0064753705239342894,0.3231848103389804,500003000.0,4.999327398508325,1.24308150389093e-05,4.179348250975749e-05,4.4908149841552835e-09,5.546353015744137e-08,0.00402309263793033,1.4018295380287539e-09,4.360204373851153e-06,5.5810435160480525e-12,0.010846295274930553,-0.08915370472506945,1
380.0,245.23352444732765,61.89859286684918,0.0064837208005009955,0.32434106780296723,500003000.0,4.999356718751203,1.24352745463743e-05,4.18485875801952e-05,4.459507464999936e-09,5.510507043771459e-08,0.004027423998818783,1.407390079743385e-09,4.332914561831417e-06,5.559637777187671e-12,0.010778410110041796,-0.08922158988995821,1
381.0,245.1443028574377,61.38892194902145,0.006492110602790454,0.3254990075174771,500003000.0,4.999384781894562,1.2439702920647e-05,4.1903335649990923e-05,4.428374272699777e-09,5.474806979572068e-08,0.004031728196393088,1.4129288597624512e-09,4.30573017699449e-06,5.53811241735927e-12,0.010710787201489368,-0.08928921279851064,1
382.0,245.0550136446392,60.88265149533078,0.006500539908665581,0.3266586262752685,500003000.0,4.999411640818699,1.2444100335309783e-05,4.1957728178311335e-05,4.3974146627835845e-09,5.439252832041217e-08,0.00403600533599406,1.4184457725399602e-09,4.278651384675914e-06,5.516470162013943e-12,0.010643426960563406,-0.0893565730394366,1
383.0,244.96565707159976,60.37976666610554,0.006509008696565043,0.3278199208378319,500003000.0,4.99943734622803,1.2448466963205186e-05,4.201176662440463e-05,4.366627895403117e-09,5.4038446093294797e-08,0.004040255523125166,1.4239407148174581e-09,4.251678344967643e-06,5.494713724774339e-12,0.010576329785510253,-0.08942367021448976,1
384.0,244.87623340138526,59.880252614613376,0.006517516945544686,0.32898288793546565,500003000.0,4.9994619467383306,1.2452802976440457e-05,4.2065452447591624e-05,4.336013235269803e-09,5.368582318699467e-08,0.004044478863447292,1.4294135856261222e-09,4.224811212749765e-06,5.472845807230032e-12,0.010509496061611372,-0.08949050393838863,1
385.0,244.78674289744689,59.38409448774419,0.00652606463521875,0.33014752426727356,500003000.0,4.999485488960592,1.2457108546391982e-05,4.211878710725548e-05,4.305569951525693e-09,5.3334659663851664e-08,0.004048675462773469,1.4348642862882396e-09,4.198050137657115e-06,5.450869098731654e-12,0.010442926161100312,-0.08955707383889969,1
386.0,244.69718582360798,58.89127742668753,0.006534651745812358,0.33131382650123303,500003000.0,4.999508017581609,1.2461383843709674e-05,4.217177206283004e-05,4.275297317690595e-09,5.2984955574563005e-08,0.004052845427063653,1.440292720418074e-09,4.171395264118996e-06,5.428786276186441e-12,0.010376620443261488,-0.08962337955673852,1
387.0,244.60756244405124,58.40178656761207,0.0065432782581040716,0.3324817912741763,500003000.0,4.99952957544142,1.2465629038321211e-05,4.2224408773786895e-05,4.245194611537828e-09,5.263671095685027e-08,0.0040569888624194675,1.4456987939221317e-09,4.14484673132826e-06,5.406600003852812e-12,0.010310579254353294,-0.08968942074564672,1
388.0,244.51787302330558,57.91560704234033,0.00655194415346522,0.33365141519184216,500003000.0,4.999550203607741,1.2469844299436246e-05,4.227669869962107e-05,4.215261115035602e-09,5.2289925834175185e-08,0.004061105875078971,1.4510824149988426e-09,4.118404673273333e-06,5.384312933136763e-12,0.010244802927687745,-0.08975519707231226,1
389.0,244.42811782623326,57.43272397902375,0.00656064941382468,0.33482269482889726,500003000.0,4.999569941447464,1.2474029795550487e-05,4.232864329983555e-05,4.185496114241107e-09,5.194460021448539e-08,0.004065196571411427,1.456443494137659e-09,4.092069218723056e-06,5.36192770238843e-12,0.010179291783592786,-0.08982070821640722,1
390.0,244.33829711801687,56.95312250281448,0.006569394021684167,0.33599562672899214,500003000.0,4.999588826695379,1.2478185694449715e-05,4.2380244033924555e-05,4.155898899229181e-09,5.160073408900166e-08,0.004069261057912071,1.4617819441175902e-09,4.0658404912442865e-06,5.339446936700237e-12,0.010114046129456055,-0.08988595387054395,1
391.0,244.24841116414632,56.476787736535414,0.006578177960112922,0.3371702074047573,500003000.0,4.999606895520184,1.2482312163213725e-05,4.2431502361355586e-05,4.126468764009026e-09,5.125832743103187e-08,0.0040732994411969,1.4670976800051753e-09,4.039718609206834e-06,5.316873247705341e-12,0.010049066259737184,-0.08995093374026282,1
392.0,244.15846023040606,56.00370480134944,0.006587001212724197,0.3383464333378535,500003000.0,4.999624182587913,1.2486409368220156e-05,4.2482419741550413e-05,4.0972050064313245e-09,5.091738019482601e-08,0.004077311827997444,1.4723906191519111e-09,4.013703685778012e-06,5.29420923337808e-12,0.009984352455954226,-0.09001564754404578,1
393.0,244.068444582862,55.53385881742441,0.006595863763703809,0.3395243009790132,500003000.0,4.999640721122859,1.2490477475148286e-05,4.253299763386488e-05,4.0681069281295495e-09,5.0577892314464876e-08,0.004081298325155576,1.4776606811911417e-09,3.98779582894972e-06,5.271457477835887e-12,0.009919904986751037,-0.09008009501324897,1
394.0,243.97836448784878,55.06723490459799,0.006604765597775432,0.3407038067480396,500003000.0,4.9996565429661075,1.249451664898271e-05,4.2583237497567655e-05,4.039173834423211e-09,5.023986370277517e-08,0.004085259039618301,1.4829077880344198e-09,3.961995141527297e-06,5.248620551142117e-12,0.009855724107869538,-0.09014427589213046,1
395.0,243.88822021195665,54.60381818303844,0.006613706700224616,0.34188494703388117,500003000.0,4.999671678631755,1.249852705401697e-05,4.2633140791817945e-05,4.010405034259135e-09,4.990329425028791e-08,0.004089194078432576,1.4881318638673584e-09,3.93630172115473e-06,5.225701009111755e-12,0.009791810062212422,-0.09020818993778758,1
396.0,243.79801202201887,54.1435937739047,0.006622687056870053,0.343067718194643,500003000.0,4.999686157360906,1.2502508853857091e-05,4.268270897564217e-05,3.981799840121747e-09,4.9568183824219795e-08,0.004093103548740125,1.4933328351449667e-09,3.910715660308577e-06,5.20270139311808e-12,0.00972816307982805,-0.09027183692017196,1
397.0,243.7077401850987,53.68654680000258,0.006631706654081948,0.3442521165576199,500003000.0,4.999700007173536,1.2506462211425066e-05,4.273194350790966e-05,3.953357567973631e-09,4.923453226749029e-08,0.0040969875577722735,1.498510630586498e-09,3.885237046320692e-06,5.179624229901817e-12,0.009664783377966965,-0.09033521662203305,1
398.0,243.61740496847665,53.232662386439586,0.0066407654787631575,0.3454381384193447,500003000.0,4.999713254918303,1.251038728896224e-05,4.278084584730743e-05,3.925077537174941e-09,4.8902339397769904e-08,0.004100846212844781,1.5036651811698097e-09,3.859865961379327e-06,5.1564720313824696e-12,0.009601671161084633,-0.09039832883891537,1
399.0,243.52700663963773,52.78192566127624,0.0066498635183588626,0.34662578004562367,500003000.0,4.999725926320375,1.2514284248032661e-05,4.282941745231399e-05,3.896959070421389e-09,4.8571605006558506e-08,0.004104679621352707,1.5087964201252465e-09,3.834602482547634e-06,5.133247294471914e-12,0.00953882662088748,-0.09046117337911252,1
400.0,243.43654546625862,52.33432175617555,0.006659000760842297,0.34781503767154526,500003000.0,4.999738046027366,1.2518153249526331e-05,4.287765978117228e-05,3.869001493669405e-09,4.8242328858289924e-08,0.00410848789076526,1.5139042829290635e-09,3.8094466817687164e-06,5.109952500890013e-12,0.00947624993634545,-0.09052375006365455,1
401.0,243.34602171619497,51.88983580704905,0.006668177194722391,0.349005907501549,500003000.0,4.999749637653436,1.2521994453662407e-05,4.292557429186175e-05,3.841204136075616e-09,4.7914510689472986e-08,0.004112271128620685,1.518988707296387e-09,3.784398625883942e-06,5.086590116983488e-12,0.009413941273737559,-0.09058605872626245,1
402.0,243.2554356574687,51.44845295470069,0.006677392809031945,0.35019838570947015,500003000.0,4.999760723821647,1.2525808019992334e-05,4.297316244206961e-05,3.8135663299263144e-09,4.7588150207858415e-08,0.0041160294425211475,1.5240496331737414e-09,3.7594583766405923e-06,5.063162593547114e-12,0.009351900786670916,-0.09064809921332909,1
403.0,243.16478755825537,51.01015834546766,0.006686647593326786,0.3513924684385207,500003000.0,4.999771326204616,1.2529594107402908e-05,4.302042568916124e-05,3.786087410574746e-09,4.726324709162787e-08,0.004119762940127637,1.5290870027311314e-09,3.734625990706423e-06,5.0396723656469576e-12,0.009290128616116958,-0.09070987138388305,1
404.0,243.07407768687148,50.57493713185751,0.006695941537696958,0.35258815180139774,500003000.0,4.9997814655635535,1.2533352874119295e-05,4.306736549014986e-05,3.758766716386405e-09,4.6939800988624104e-08,0.004123471729154886,1.5341007603537063e-09,3.709901519691344e-06,5.016121852447864e-12,0.009228624890465362,-0.09077137510953465,1
405.0,242.98330631176194,50.14277447318395,0.006705274632736671,0.3537854318802754,500003000.0,4.999791161785737,1.2537084477707958e-05,4.311398330166546e-05,3.731603588662367e-09,4.661781151559581e-08,0.0041271559173663005,1.53909085263301e-09,3.685285010146671e-06,4.992513457042488e-12,0.009167389725522205,-0.0908326102744778,1
406.0,242.89247370148746,49.71365553619782,0.0067146468695705695,0.35498430472685594,500003000.0,4.999800433920484,1.2540789075079554e-05,4.3160280579922936e-05,3.7045973715957343e-09,4.629727825747701e-08,0.004130815612568909,1.5440572283578207e-09,3.6607765035962847e-06,4.968849566284148e-12,0.009106423224587447,-0.09089357677541256,1
407.0,242.80158012471205,49.28756549571606,0.006724058239833454,0.35618476636242463,500003000.0,4.999809300213686,1.2544466822491757e-05,4.3206258780689625e-05,3.677747412203091e-09,4.59782007666919e-08,0.004134450922608323,1.548999838504603e-09,3.6363760365424098e-06,4.94513255062265e-12,0.009045725478469326,-0.09095427452153068,1
408.0,242.71062585019052,48.86448953524715,0.0067335087356728725,0.3573868127778426,500003000.0,4.99981777814095,1.2548117875552027e-05,4.325191935925211e-05,3.6510530602701507e-09,4.566057856248038e-08,0.00413806195536372,1.5539186362275738e-09,3.6120836404846588e-06,4.921364763942702e-12,0.008985296565531728,-0.09101470343446828,1
409.0,242.61961114675606,48.44441284761301,0.006742998349752434,0.35859043993367473,500003000.0,4.9998258844394154,1.2551742389220327e-05,4.329726377038237e-05,3.624513668298875e-09,4.534441113026242e-08,0.004141648818742839,1.5588135768483876e-09,3.587899341939834e-06,4.897548543406992e-12,0.008925136551743441,-0.09107486344825656,1
410.0,242.5285362833078,48.02732063556828,0.0067525270752372,0.35979564376011874,500003000.0,4.999833635138282,1.2555340517811774e-05,4.3342293468303376e-05,3.598128591446143e-09,4.502969792100792e-08,0.004145211620676992,1.5636846178454632e-09,3.563823162452667e-06,4.873686209300464e-12,0.00886524549070486,-0.09113475450929515,1
411.0,242.43740152879852,47.613198112415525,0.006762094905804419,0.3610024201571286,500003000.0,4.999841045588115,1.2558912414999251e-05,4.3387009906654025e-05,3.5718971874773346e-09,4.4716438350650764e-08,0.004148750469116098,1.5685317188429523e-09,3.539855118620624e-06,4.849780064880039e-12,0.008805623423709715,-0.09119437657629029,1
412.0,242.34620715222223,47.202030502617085,0.00677170183563891,0.36221076499441884,500003000.0,4.99984813048896,1.2562458233815965e-05,4.343141453845354e-05,3.545818816712724e-09,4.440463179951526e-08,0.004152265472023743,1.5733548415993607e-09,3.5159952221109263e-06,4.825832396226525e-12,0.008746270379787391,-0.09125372962021261,1
413.0,242.25495342260203,46.79380304240417,0.006781347859419491,0.36342067411151974,500003000.0,4.999854903917332,1.2565978126657935e-05,4.347550881606532e-05,3.5198928419704925e-09,4.4094277611771356e-08,0.004155756737372232,1.5781539499958314e-09,3.49224347967354e-06,4.801845472100511e-12,0.008687186375735243,-0.09131281362426476,1
414.0,242.16364060897777,46.3885009803812,0.0067910329723367725,0.3646321433178016,500003000.0,4.999861379352105,1.2569472245286463e-05,4.351929419116023e-05,3.49411862852732e-09,4.378537509491116e-08,0.004159224373137694,1.5829290100241032e-09,3.468599893170951e-06,4.777821543801601e-12,0.008628371416192668,-0.09137162858380733,1
415.0,242.07226898039397,45.986109578127575,0.0068007571700742205,0.3658451683925429,500003000.0,4.999867569699351,1.2572940740830524e-05,4.3562772114679485e-05,3.468495544060875e-09,4.347792351925169e-08,0.004162668487295188,1.5876799897741476e-09,3.445064459589328e-06,4.753762845031556e-12,0.00856982549366888,-0.09143017450633112,1
416.0,241.98083880588763,45.5866141107951,0.006810520448817071,0.3670597450849363,500003000.0,4.999873487316181,1.2576383763789132e-05,4.360594403679694e-05,3.4430229586079612e-09,4.317192211745547e-08,0.004166089187813834,1.5924068594215004e-09,3.421637171064606e-06,4.729671591760592e-12,0.008511548588607767,-0.09148845141139224,1
417.0,241.88935035447625,45.189999867702355,0.00682032280523928,0.3682758691141548,500003000.0,4.999879144033609,1.2579801464033645e-05,4.364881140688102e-05,3.41770024451251e-09,4.286737008407852e-08,0.004169486582651961,1.5971095912142862e-09,3.3983180148978368e-06,4.705549982097873e-12,0.00845354066942611,-0.0915464593305739,1
418.0,241.79780389514568,44.796252152923905,0.006830164236526882,0.3694935361694034,500003000.0,4.999884551178492,1.2583193990810037e-05,4.369137567345616e-05,3.3925267763929666e-09,4.256426657513939e-08,0.0041728607797522875,1.6017881594599571e-09,3.3751069735892273e-06,4.68140019616569e-12,0.008395801692598232,-0.09160419830740177,1
419.0,241.70619969683827,44.40535628587776,0.006840044740338072,0.37071274190991915,500003000.0,4.999889719594573,1.2586561492741116e-05,4.373363828416387e-05,3.3675019310790533e-09,4.226261070770409e-08,0.004176211887037114,1.6064425405117473e-09,3.352004024841109e-06,4.657224395976719e-12,0.008338331602663392,-0.09166166839733661,1
420.0,241.61453802844093,44.01729760190688,0.0068499643148389475,0.3719334819650505,500003000.0,4.999894659662672,1.2589904117828704e-05,4.377560068572337e-05,3.3426250875874387e-09,4.1962401559501175e-08,0.0041795400124035416,1.6110727127548516e-09,3.3290091415990114e-06,4.633024725316125e-12,0.00828113033232796,-0.09171886966767205,1
421.0,241.52281915877327,43.63206145285829,0.006859922958675298,0.3731557519342691,500003000.0,4.999899381320048,1.259322201345577e-05,4.381726432389192e-05,3.317895627066584e-09,4.166363816854987e-08,0.004182845263718713,1.6156786565923403e-09,3.3061222920614797e-06,4.6088033096265856e-12,0.008224197802489829,-0.09177580219751018,1
422.0,241.43104335657577,43.24963320765677,0.006869920670994937,0.37437954738727575,500003000.0,4.999903894078968,1.2596515326388539e-05,4.3858630643424735e-05,3.293312932767506e-09,4.1366319532817917e-08,0.004186127748815087,1.6202603544308162e-09,3.2833434397151348e-06,4.584562255898215e-12,0.008167533922325642,-0.09183246607767437,1
423.0,241.3392108904981,42.86999825287604,0.006879957451420583,0.3756048638639384,500003000.0,4.9999082070445295,1.259978420277853e-05,4.389970108803462e-05,3.2688763899914997e-09,4.107044460988444e-08,0.004189387575485712,1.6248177906658275e-09,3.2606725433461836e-06,4.560303652560697e-12,0.008111138589319413,-0.09188886141068059,1
424.0,241.2473220290874,42.49314199330455,0.006890033300070431,0.37683169687442036,500003000.0,4.999912328931737,1.260302878816459e-05,4.394047710035126e-05,3.2445853860619286e-09,4.077601231663966e-08,0.004192624851479559,1.6293509516670314e-09,3.2381095570753823e-06,4.5360295693811884e-12,0.008055011689349507,-0.0919449883106505,1
425.0,241.15537704077676,42.119049852508155,0.006900148217538969,0.3780600418991896,500003000.0,4.999916268081888,1.260624922747487e-05,4.398096012188025e-05,3.2204393102779365e-09,4.048302152899312e-08,0.004195839684496849,1.6338598257631342e-09,3.215654430374405e-06,4.511742057364949e-12,0.007999153096729356,-0.09200084690327065,1
426.0,241.0633761938735,41.74770727338722,0.006910302204922095,0.37928989438907484,500003000.0,4.9999200324782835,1.2609445665028758e-05,4.4021151592961854e-05,3.1964375538899887e-09,4.01914710816055e-08,0.004199032182184415,1.6383444032266046e-09,3.1933071081034587e-06,4.487443148660386e-12,0.007943562674301024,-0.09205643732569899,1
427.0,240.97131975654779,41.379099718731055,0.006920495263784956,0.38052124976526014,500003000.0,4.999923629761297,1.2612618244538808e-05,4.4061052952729485e-05,3.1725795100495364e-09,3.990135976763331e-08,0.00420220245213111,1.642804676258171e-09,3.171067530522542e-06,4.463134856467402e-12,0.007888240273463222,-0.09211175972653679,1
428.0,240.87920799682124,41.013212671767285,0.006930727396176885,0.3817541034193924,500003000.0,4.999927067242818,1.2615767109112589e-05,4.410066563906799e-05,3.148864573781767e-09,3.961268633850229e-08,0.004205350601863204,1.6472406389711107e-09,3.148935633325196e-06,4.438819174950828e-12,0.007833185734255255,-0.09216681426574475,1
429.0,240.7870411825555,40.650031636706714,0.006940998604633439,0.38298845071358073,500003000.0,4.999930351920103,1.2618892401254542e-05,4.413999108857168e-05,3.1252921419530463e-09,3.9325449503689417e-08,0.004208476738839843,1.6516522873753384e-09,3.1269113476664708e-06,4.414498079156756e-12,0.0077783988854266,-0.0922216011145734,1
430.0,240.69481958144092,40.28954213928396,0.006951308892173105,0.3842242869804642,500003000.0,4.999933490489057,1.2621994262867779e-05,4.41790307365022e-05,3.1018616132368237e-09,3.9039647930528136e-08,0.00421158097044851,1.6560396193613065e-09,3.104994600188824e-06,4.390173524933463e-12,0.007723879544501323,-0.09227612045549868,1
431.0,240.60254346098543,39.931729727294055,0.0069616582622884695,0.38546160752320563,500003000.0,4.999936489356967,1.2625072835255856e-05,4.4217786016746225e-05,3.0785723880780663e-09,3.875528024402528e-08,0.004214663404000533,1.6604026346837151e-09,3.0831853130460468e-06,4.3658474488556366e-12,0.007669627517837599,-0.0923303724821624,1
432.0,240.51021308850326,39.57657997112416,0.0069720467189542295,0.38670040761560803,500003000.0,4.999939354654702,1.2628128259124523e-05,4.425625836177293e-05,3.0554238686661285e-09,3.847234502670475e-08,0.0042177241467266065,1.6647413349450477e-09,3.0614834039351234e-06,4.341521768153643e-12,0.007615642600706965,-0.09238435739929304,1
433.0,240.41782873110398,39.22407846428098,0.006982474266622482,0.3879406825020749,500003000.0,4.999942092248421,1.2631160674583425e-05,4.429444920259139e-05,3.032415458902754e-09,3.8190840818455945e-08,0.004220763305772344,1.6690557235789357e-09,3.0398887861227347e-06,4.317198380645408e-12,0.007561924577360247,-0.09243807542263976,1
434.0,240.32539065568133,38.87421082391321,0.006992940910230662,0.3891824273977061,500003000.0,4.999944707750791,1.2634170221147802e-05,4.43323599687078e-05,3.0095465643764474e-09,3.791076611640887e-08,0.004223780988193869,1.6733458058333626e-09,3.0184013684776623e-06,4.292879164673405e-12,0.007508473221108167,-0.09249152677889184,1
435.0,240.23289912890243,38.526962691330596,0.007003446655177082,0.3904256374883278,500003000.0,4.9999472065317265,1.2637157037740126e-05,4.436999208808262e-05,2.9868165923237147e-09,3.763211937482013e-08,0.004226777300953423,1.6776115887537103e-09,2.9970210554895254e-06,4.268565979044968e-12,0.007455288294367958,-0.09254471170563205,1
436.0,240.1403544171968,38.18231973251658,0.007013991507356735,0.3916703079305026,500003000.0,4.99994959372871,1.2640121262691743e-05,4.440734698708759e-05,2.9642249516170838e-09,3.735489900497437e-08,0.0042297523509150095,1.6818530811656576e-09,2.9757477473139314e-06,4.244260662976511e-12,0.007402369548775669,-0.09259763045122434,1
437.0,240.04775678674557,37.84026763863804,0.007024575473125541,0.39291643385160574,500003000.0,4.9999518742566575,1.2643063033744466e-05,4.4444426090462694e-05,2.9417710527231826e-09,3.7079103375104643e-08,0.0042327062448400685,1.6860702936579395e-09,2.9545813397870992e-06,4.219965036042044e-12,0.007349716725222548,-0.09265028327477745,1
438.0,239.9551065034708,37.500792126549214,0.007035198559322587,0.3941640103498571,500003000.0,4.999954052817391,1.2645982488052152e-05,4.448123082127302e-05,2.91945430768646e-09,3.6804730810326163e-08,0.004235639089383177,1.6902632385649672e-09,2.933521724465765e-06,4.195680898125382e-12,0.007297329553954307,-0.0927026704460457,1
439.0,239.86240383302476,37.163878939291145,0.007045860773265706,0.39541303249435894,500003000.0,4.999956133908709,1.2648879762182255e-05,4.451776260086561e-05,2.8972741301022063e-09,3.6531779592584506e-08,0.004238550991087785,1.6944319299493265e-09,2.9125687886558866e-06,4.1714100293761925e-12,0.0072452077546425265,-0.09275479224535747,1
440.0,239.7696490407794,36.829513846587126,0.007056562122734313,0.3966634953251057,500003000.0,4.999958121833084,1.265175499211734e-05,4.4554022848826225e-05,2.875229935085275e-09,3.626024796061676e-08,0.004241442056381975,1.6985763835841512e-09,2.8917224154365755e-06,4.1471541901697195e-12,0.007193351036444192,-0.09280664896355581,1
441.0,239.67684239181585,36.49768264533208,0.007067302615997092,0.3979153938530744,500003000.0,4.999960020705988,1.2654608313256598e-05,4.4590012982936156e-05,2.853321139258009e-09,3.5990134109933484e-08,0.0042443123915742636,1.7026966169353816e-09,2.8709824837028914e-06,4.12291512107108e-12,0.0071417590981081415,-0.09285824090189186,1
442.0,239.58398415091395,36.16837116007811,0.007078082261790317,0.39916872306022877,500003000.0,4.999961834463874,1.2657439860417317e-05,4.462573441912896e-05,2.8315471607185457e-09,3.572143619280729e-08,0.004247162102849424,1.7067926491439157e-09,2.8503488681884664e-06,4.098694542802572e-12,0.007090431628031343,-0.09290956837196866,1
443.0,239.49107458254198,35.84156524351515,0.007088901069319059,0.4004234778995535,500003000.0,4.99996356687184,1.2660249767836336e-05,4.466118857144724e-05,2.8099074190194365e-09,3.5454152318278595e-08,0.004249991296264346,1.710864501007665e-09,2.829821439498065e-06,4.074494156215145e-12,0.007039368304339902,-0.0929606316956601,1
444.0,239.39811395084632,35.517250776945914,0.00709975904827478,0.4016796532951197,500003000.0,4.999965221530941,1.266303816917149e-05,4.4696376851999415e-05,2.788401335153319e-09,3.518828055217672e-08,0.004252800077743934,1.7149121949635002e-09,2.809400064146817e-06,4.050315642263882e-12,0.00698856879498664,-0.09301143120501337,1
445.0,239.3051025196413,35.19541367075709,0.00711065620881044,0.40293724414209414,500003000.0,4.99996680188522,1.2665805197503013e-05,4.4731300670916566e-05,2.767028331522443e-09,3.492381891714984e-08,0.0042555885530770185,1.7189357550691234e-09,2.789084604582774e-06,4.0261606619867315e-12,0.006938032757807215,-0.09306196724219279,1
446.0,239.21204055239912,34.87603986488473,0.007121592561559898,0.40419624530681325,500003000.0,4.999968311228436,1.266855098533494e-05,4.476596143630928e-05,2.7457878319264626e-09,3.466076539271318e-08,0.004258356827912321,1.7229352069848483e-09,2.768874919227431e-06,4.002030856487576e-12,0.00688775984062092,-0.09311224015937908,1
447.0,239.11892831223975,34.559115329275265,0.007132568117624294,0.40545665162676126,500003000.0,4.999969752710503,1.2671275664596477e-05,4.4800360554224584e-05,2.7246792615378997e-09,3.439911791530297e-08,0.004261105007754445,1.7269105779553018e-09,2.748770862503423e-06,3.97792784692221e-12,0.006837749681299577,-0.09316225031870043,1
448.0,239.02576606192105,34.24462606434096,0.007143582888586387,0.4067184579106623,500003000.0,4.999971129343675,1.2673979366643366e-05,4.483449942860294e-05,2.703702046889119e-09,3.413887437835076e-08,0.004263833197959897,1.7308618967910653e-09,2.7287722848734086e-06,3.953853234488896e-12,0.0067880019078642665,-0.09321199809213573,1
449.0,238.93255406382892,33.932558101411196,0.0071546368864907305,0.40798165893847627,500003000.0,4.999972444008449,1.2676662222259214e-05,4.48683794612353e-05,2.6828556158468865e-09,3.38800326323631e-08,0.004266541503733138,1.7347891938502324e-09,2.708879032866025e-06,3.929808600421775e-12,0.006738516138549887,-0.09326148386145011,1
450.0,238.83929257996746,33.622897503177846,0.007165730123864484,0.4092462494614838,500003000.0,4.999973699459238,1.2679324361656817e-05,4.4902002051720316e-05,2.6621393976030546e-09,3.362259048501967e-08,0.004269230030122684,1.7386925010199243e-09,2.6890909491177087e-06,3.905795505988658e-12,0.00668929198190919,-0.09331070801809081,1
451.0,238.74598187194937,33.31563036413628,0.007176862613702572,0.4105122242022523,500003000.0,4.999974898329793,1.268196591447947e-05,4.493536859742159e-05,2.6415528226523356e-09,3.336654570127488e-08,0.004271898882017221,1.7425718516977424e-09,2.6694078724010942e-06,3.881815492491424e-12,0.006640329036883425,-0.09335967096311658,1
452.0,238.65262220098626,33.01074281102109,0.007188034369471444,0.4117795778547124,500003000.0,4.999976043138404,1.2684587009802248e-05,4.496848049342507e-05,2.621095322777805e-09,3.31118960034783e-08,0.0042745481641417735,1.7464272807731688e-09,2.6498296376608156e-06,3.8578700812708345e-12,0.0065916268928913925,-0.09340837310710862,1
453.0,238.55921382787915,32.70822100323633,0.007199245405120416,0.4130483050842111,500003000.0,4.999977136292876,1.2687187776133288e-05,4.500133913249657e-05,2.600766331039632e-09,3.285863907150449e-08,0.004277177981053892,1.750258824608929e-09,2.630356076052176e-06,3.833960773714639e-12,0.006543185129925645,-0.09345681487007436,1
454.0,238.46575701300907,32.40805113328164,0.0072104957350577,0.41431840052749125,500003000.0,4.999978180095298,1.268976834141504e-05,4.503394590503946e-05,2.580565281751622e-09,3.2606772542889286e-08,0.004279788437139883,1.7540665210223172e-09,2.61098701496713e-06,3.8100890512686485e-12,0.006495003318617111,-0.0935049966813829,1
455.0,238.37225201632768,32.110219427172154,0.007221785374176188,0.4155898587927583,500003000.0,4.999979176746606,1.2692328833025516e-05,4.506630219905245e-05,2.5604916104764e-09,3.2356294012982576e-08,0.004282379636611076,1.7578504092664797e-09,2.591722278078704e-06,3.7862563754518914e-12,0.0064470810203456,-0.09355291897965441,1
456.0,238.278699097348,31.814712144854106,0.007233114337835717,0.4168626744597224,500003000.0,4.999980128350957,1.2694869377779521e-05,4.5098409400087556e-05,2.5405447540054185e-09,3.210720103510913e-08,0.00428495168350012,1.7616105300116804e-09,2.5725616853697057e-06,3.762464187874907e-12,0.006399417787311217,-0.09360058221268878,1
457.0,238.1850985151353,31.521515580614857,0.007244482641871746,0.4181368420795923,500003000.0,4.999981036919915,1.269739010192987e-05,4.5130268891208293e-05,2.5207241503490674e-09,3.185949112073774e-08,0.0042875046816573175,1.765346925326539e-09,2.553505053171276e-06,3.738713910261175e-12,0.006352013162630261,-0.09364798683736975,1
458.0,238.09145052829794,31.23061606348786,0.007255890302594488,0.4194123561751374,500003000.0,4.999981904376464,1.2699891131168594e-05,4.516188205294796e-05,2.501029238723877e-09,3.161316173966367e-08,0.004290038734746999,1.7690596386592481e-09,2.5345521941981272e-06,3.715006944472228e-12,0.006304866680422885,-0.09369513331957711,1
459.0,237.99775539497836,30.941999957652488,0.007267337336788414,0.420689211240701,500003000.0,4.99998273255884,1.2702372590628135e-05,4.5193250263268157e-05,2.481459459540421e-09,3.136821032019824e-08,0.004292553946243925,1.7727487148187813e-09,2.515702917584113e-06,3.691344672535755e-12,0.006257977865901576,-0.09374202213409843,1
460.0,237.90401337284425,30.65565366282878,0.0072788237617088785,0.4219674017422458,500003000.0,4.999983523224211,1.2704834604882525e-05,4.522437489751753e-05,2.4620142543908058e-09,3.1124634249369754e-08,0.004295050419429731,1.77641419995609e-09,2.4969570289170207e-06,3.6677284566771385e-12,0.006211346235457709,-0.09378865376454229,1
461.0,237.8102247190797,30.371563614666833,0.007290349595087459,0.4232469221173676,500003000.0,4.999984278052194,1.2707277297948564e-05,4.5255257328390665e-05,2.4426930660396625e-09,3.088243087313201e-08,0.004297528257389405,1.7800561415452976e-09,2.478314330276553e-06,3.644159639353993e-12,0.006164971296756021,-0.09383502870324398,1
462.0,237.71638969037647,30.08971628513092,0.007301914855134431,0.42452776677533116,500003000.0,4.999984998648226,1.2709700793286978e-05,4.528589892588725e-05,2.4234953384146046e-09,3.0641597496582937e-08,0.004299987563007808,1.7836745883648927e-09,2.459774620271401e-06,3.620639543293961e-12,0.006118852548826835,-0.09388114745117317,1
463.0,237.6225085429253,29.810098182878665,0.007313519560530857,0.4258099300971012,500003000.0,4.999985686546786,1.2712105213803573e-05,4.531630105727144e-05,2.4044205165937435e-09,3.040213138419174e-08,0.004302428438966217,1.787269590478928e-09,2.441337694072978e-06,3.597169471535591e-12,0.006072989482149978,-0.09392701051785003,1
464.0,237.52858153240743,29.532695853634966,0.007325163730430826,0.427093406435347,500003000.0,4.999986343214488,1.271449068185037e-05,4.534646508703148e-05,2.385468046797173e-09,3.016402976003351e-08,0.004304850987738919,1.7908411992182303e-09,2.4230033434528317e-06,3.5737507074721165e-12,0.006027381578747845,-0.09397261842125217,1
465.0,237.43460891398618,29.25749588056035,0.007336847384470334,0.4283781901145026,500003000.0,4.999986970053029,1.271685731922675e-05,4.537639237683951e-05,2.3666373763810103e-09,2.9927289808035064e-08,0.0043072553115898376,1.794389467161616e-09,2.4047713568222938e-06,3.5503845148986003e-12,0.00598202831228403,-0.09401797168771597,1
466.0,237.34059094229846,28.984484884614343,0.0073485705427615115,0.42966427543076885,500003000.0,4.999987568402025,1.2719205247180577e-05,4.5406084285511735e-05,2.3479279538270937e-09,2.969190867222563e-08,0.004309641512569195,1.7979144481171382e-09,2.386641519267379e-06,3.5270721380616426e-12,0.005936929148150136,-0.09406307085184987,1
467.0,237.2465278714466,28.71364952491381,0.007360333225887151,0.4309516566521515,500003000.0,4.999988139541715,1.272153458640931e-05,4.543554216896873e-05,2.329339228733364e-09,2.9457883456997566e-08,0.004312009692510208,1.8014161971033407e-09,2.3686136125840245e-06,3.503814801712253e-12,0.005892083543553443,-0.09410791645644656,1
468.0,237.15241995499017,28.444976499085673,0.007372135454910998,0.4322403280184675,500003000.0,4.999988684695557,1.272384545706112e-05,4.546476738019611e-05,2.310870651809734e-09,2.9225211227373484e-08,0.004314359953025836,1.8048947703305483e-09,2.350687415318566e-06,3.4806137111614434e-12,0.0058474909476175846,-0.09415250905238243,1
469.0,237.0582674459378,28.178452543614426,0.007383977251378171,0.43353028374137725,500003000.0,4.999989205032705,1.272613797873599e-05,4.549376126920539e-05,2.2925216748711513e-09,2.8993889009281737e-08,0.004316692395505539,1.80835022518218e-09,2.3328627028050287e-06,3.4574700523387314e-12,0.0058031508014753245,-0.09419684919852468,1
470.0,236.96407059673928,27.91406443418479,0.007395858637303793,0.43482151800442465,500003000.0,4.999989701670382,1.2728412270486818e-05,4.5522525182995226e-05,2.274291750827506e-09,2.8763913789839728e-08,0.004319007121112107,1.8117826201960989e-09,2.3151392471988578e-06,3.4343849918534954e-12,0.005759062538352448,-0.09424093746164755,1
471.0,236.86982965927763,27.65179898601847,0.0074077796351922276,0.4361140249630489,500003000.0,4.999990175676158,1.2730668450820502e-05,4.555106046551287e-05,2.2561803336834547e-09,2.8535282517643262e-08,0.004321304230778497,1.815192015046002e-09,2.297516817520415e-06,3.4113596770589236e-12,0.0057152255836759825,-0.09428477441632402,1
472.0,236.7755448848613,27.39164305420651,0.007419740268013133,0.43740779874455776,500003000.0,4.9999906280701225,1.2732906637699027e-05,4.557936845761593e-05,2.238186878525354e-09,2.8307992103060466e-08,0.00432358382520473,1.8185784705228418e-09,2.2799951796850105e-06,3.388395236118358e-12,0.005671639355148882,-0.09432836064485112,1
473.0,236.68121652421644,27.133583534035516,0.007431740559227629,0.43870283344823874,500003000.0,4.999991059826962,1.2735126948540551e-05,4.560745049703447e-05,2.220310841523957e-09,2.8082039418539767e-08,0.0043258460048548105,1.8219420485163021e-09,2.2625740965486654e-06,3.3654927780751562e-12,0.005628303262863877,-0.09437169673713613,1
474.0,236.5868448274793,26.877607361309177,0.0074437805327727995,0.4399991231452912,500003000.0,4.999991471877954,1.2737329500220476e-05,4.563530791833339e-05,2.2025516799247556e-09,2.7857421298915026e-08,0.004328090869953693,1.8252828119963177e-09,2.2452533279409546e-06,3.3426533929240144e-12,0.005585216709385176,-0.09441478329061483,1
475.0,236.4924300441887,26.62370151266443,0.0074558602130654125,0.4412966618789174,500003000.0,4.999991865112873,1.2739514409072521e-05,4.566294205287511e-05,2.1849088520446272e-09,2.763413454172503e-08,0.004330318520484283,1.8286008249946417e-09,2.228032630703949e-06,3.319878151685782e-12,0.005542379089845327,-0.09445762091015468,1
476.0,236.39797242327853,26.371853005882144,0.007467979625009462,0.4425954436642857,500003000.0,4.999992240381815,1.2741681790889791e-05,4.569035422878264e-05,2.1673818172698907e-09,2.7412175907533093e-08,0.004332529056184476,1.8318961525864753e-09,2.2109117587322743e-06,3.2971681064840474e-12,0.005499789792044875,-0.09450021020795513,1
477.0,236.30347221307056,26.122048900193032,0.0074801387939833425,0.4438954624885606,500003000.0,4.999992598496934,1.2743831760925839e-05,4.57175457709029e-05,2.149970036048805e-09,2.7191542120255493e-08,0.004334722576544236,1.8351688608721487e-09,2.1938904630071757e-06,3.2745242906245012e-12,0.005457448196537094,-0.09454255180346291,1
478.0,236.2089296612671,25.874276296578007,0.00749233774584872,0.4451967123109545,500003000.0,4.999992940234123,1.274596443389573e-05,4.57445180007704e-05,2.132672969890805e-09,2.6972229867496947e-08,0.004336899180802713,1.8384190169588656e-09,2.176968491637136e-06,3.251947718676839e-12,0.005415353676729028,-0.09458464632327097,1
479.0,236.1143450149438,25.62852233806304,0.007504576506960787,0.44649918706268144,500003000.0,4.999993266334601,1.2748079923977097e-05,4.5771272236571284e-05,2.1154900813663254e-09,2.6754235800887176e-08,0.004339058967945393,1.8416466889425121e-09,2.1601455898987765e-06,3.229439386558466e-12,0.005373505598983247,-0.09462649440101675,1
480.0,236.0197185205428,25.384774210009564,0.007516855104143961,0.4478028806470261,500003000.0,4.999993577506447,1.2750178344811194e-05,4.5797809793107715e-05,2.098420834097223e-09,2.6537556536427573e-08,0.004341202036701294,1.8448519458895347e-09,2.1434215002678515e-06,3.2070002716210558e-12,0.0053319033226949235,-0.09466809667730508,1
481.0,235.92505042386549,25.14301914039875,0.007529173564722172,0.44910778693933084,500003000.0,4.999993874426056,1.2752259809503958e-05,4.5824131981762555e-05,2.081464692762967e-09,2.632218865484019e-08,0.0043433284855402,1.8480348578188821e-09,2.1267959624660207e-06,3.1846313327389967e-12,0.005290546200408208,-0.0947094537995918,1
482.0,235.8303409700659,24.903244400111365,0.007541531916493219,0.4504138997869993,500003000.0,4.99999415773954,1.2754324430627049e-05,4.585024011046448e-05,2.0646211230914278e-09,2.6108128701921823e-08,0.0043454384126699165,1.8511954956840274e-09,2.110268713491581e-06,3.1623335104000355e-12,0.005249433577892658,-0.09475056642210734,1
483.0,235.73559040364378,24.665437303201944,0.007553930187745532,0.45172121300954093,500003000.0,4.999994428064067,1.275637232021891e-05,4.587613548365338e-05,2.0478895918618716e-09,2.589537318890524e-08,0.004347531916033599,1.8543339313550615e-09,2.093839487662364e-06,3.1401077267983366e-12,0.005208564794249958,-0.09479143520575005,1
484.0,235.64079896843802,24.429585207167783,0.007566368407258694,0.4530297203985483,500003000.0,4.999994685989135,1.2758403589785814e-05,4.59018194022462e-05,2.03126956690365e-09,2.568391859282191e-08,0.004349609093307082,1.8574502376008673e-09,2.077508016653919e-06,3.1179548859292414e-12,0.0051679391820089,-0.0948320608179911,1
485.0,235.54596690762003,24.195675513213214,0.007578846604288178,0.4543394157177257,500003000.0,4.9999949320778025,1.2760418350302905e-05,4.5927293163603076e-05,2.0147605170910325e-09,2.5473761356871326e-08,0.0043516700418962705,1.8605444880713749e-09,2.0612740295334505e-06,3.0958758736863245e-12,0.005127556067209803,-0.0948724439327902,1
486.0,235.45109446368724,23.963695666507945,0.007591364808592314,0.4556502927028978,500003000.0,4.999995166867851,1.2762416712215254e-05,4.595255806149387e-05,1.9983619123496613e-09,2.5264897890794413e-08,0.004353714858934559,1.8636167572798967e-09,2.0451372528053354e-06,3.073871557960401e-12,0.005087414769517746,-0.09491258523048227,1
487.0,235.35618187845677,23.73363315644095,0.00760392305040845,0.4569623450619969,500003000.0,4.999995390872909,1.2764398785438904e-05,4.597761538606512e-05,1.9820732236496758e-09,2.505732457124937e-08,0.004355743641280303,1.8666671205855542e-09,2.0290974104427046e-06,3.051942788740271e-12,0.00504751460230112,-0.09495248539769889,1
488.0,235.26122939305907,23.50547551686877,0.007616521360468853,0.4582755664751082,500003000.0,4.999995604583524,1.2766364679361913e-05,4.600246642380732e-05,1.9658939230097403e-09,2.4851037742194605e-08,0.0043577564855143015,1.8696956541757927e-09,2.013154223929871e-06,3.0300903982157196e-12,0.00500785487273718,-0.09499214512726283,1
489.0,235.1662372479318,23.279210326358932,0.007629159769993525,0.45958995059442165,500003000.0,4.999995808468183,1.2768314502845408e-05,4.602711245752259e-05,1.9498234834952248e-09,2.46460337152715e-08,0.004359753487937349,1.8727024350489837e-09,1.997307412298485e-06,3.0083152008818782e-12,0.004968434881901982,-0.09503156511809803,1
490.0,235.0712056828137,23.05482520842812,0.007641838310693902,0.46090549104429257,500003000.0,4.999996002974289,1.2770248364224628e-05,4.605155476629278e-05,1.933861379219516e-09,2.4442308770195108e-08,0.004361734744567809,1.875687540997121e-09,1.98155669216659e-06,2.9866179936458838e-12,0.004929253924867532,-0.09507074607513247,1
491.0,234.9761349367386,22.832307831775136,0.007654557014778774,0.46222218142122945,500003000.0,4.999996188529105,1.2772166371309974e-05,4.607579462544793e-05,1.9180070853460992e-09,2.4239859155145657e-08,0.0043637003511392235,1.8786510505886203e-09,1.9659017777781735e-06,2.9649995559349645e-12,0.004890311290800174,-0.09510968870919984,1
492.0,234.8810252480294,22.611645910509086,0.0076673159149428585,0.4635400152938546,500003000.0,4.9999963655406425,1.277406863138806e-05,4.609983330653509e-05,1.902260078086525e-09,2.4038681087162243e-08,0.0043656504030979695,1.881593043151203e-09,1.9503423810382055e-06,2.943460649806056e-12,0.004851606263047757,-0.09514839373695225,1
493.0,234.78587685429244,22.392827204372043,0.007680115044384522,0.46485898620297594,500003000.0,4.999996534398521,1.2775955251222767e-05,4.612367207728763e-05,1.8866198347059377e-09,2.3838770752544214e-08,0.004367584995600954,1.8845135987548926e-09,1.934878211555141e-06,2.922002020057625e-12,0.0048131381192453495,-0.09518686188075466,1
494.0,234.69068999241168,22.175839518957286,0.007692954436782808,0.466179087661516,500003000.0,4.999996695474787,1.2777826337056286e-05,4.614731220159488e-05,1.8710858335187356e-09,2.364012430724991e-08,0.004369504223513333,1.887412798195106e-09,1.9195089766730015e-06,2.9006243943423846e-12,0.004774906131395062,-0.09522509386860495,1
495.0,234.59546489854307,21.96067070592173,0.0077058341263265455,0.46750031315457835,500003000.0,4.9999968491246936,1.2779681994610183e-05,4.617075493947218e-05,1.8556575538972993e-09,2.3442737877303942e-08,0.004371408181406288,1.8902907229758493e-09,1.904234381516581e-06,2.8793284832822436e-12,0.004736909565978482,-0.09526309043402152,1
496.0,234.50020180810904,21.74730866319388,0.007718754147695345,0.4688226561394159,500003000.0,4.999996995687449,1.2781522329086452e-05,4.619400154703139e-05,1.8403344762690962e-09,2.3246607559202956e-08,0.004373296963554831,1.893147455293023e-09,1.8890541290244316e-06,2.858114980584239e-12,0.00469914768403874,-0.09530085231596126,1
497.0,234.40490095579307,21.53574133517667,0.007731714536064493,0.47014611004540474,500003000.0,4.999997135486937,1.2783347445168572e-05,4.621705327645171e-05,1.8251160821199203e-09,2.3051729420324784e-08,0.0043751706639356455,1.8959830780178316e-09,1.8739679199878631e-06,2.836984563158009e-12,0.004661619741277522,-0.09533838025872249,1
498.0,234.30956257553436,21.325956712945228,0.007744715327108529,0.4714706682740823,500003000.0,4.999997268832395,1.278515744702257e-05,4.6239911375951055e-05,1.8100018539969772e-09,2.2858099499342268e-08,0.004377029376224965,1.8987976746803027e-09,1.8589754530894908e-06,2.815937891234943e-12,0.004624324988150955,-0.09537567501184906,1
499.0,234.21418690052252,21.11794283443952,0.007757756557008311,0.4727963241991386,500003000.0,4.999997396019073,1.2786952438298083e-05,4.626257708975769e-05,1.7949912755129231e-09,2.266571380663756e-08,0.004378873193796501,1.901591329452919e-09,1.84407642494249e-06,2.794975608488463e-12,0.004587262669967264,-0.09541273733003275,1
500.0,234.11877416319248,20.9116877846525,0.007770838262435716,0.47412307116637076,500003000.0,4.999997517328854,1.2788732522129428e-05,4.628505165808241e-05,1.780083831344914e-09,2.2474568324717415e-08,0.004380702209719391,1.904364127134363e-09,1.829270530124433e-06,2.774098342155461e-12,0.004550432026970929,-0.09544956797302907,1
501.0,234.02332459521946,20.707179695812993,0.0077839604805654316,0.4754509024937191,500003000.0,4.999997633030857,1.2790497801136668e-05,4.630733631709104e-05,1.765279007240212e-09,2.2284659008633636e-08,0.0043825165167562016,1.9071161531333746e-09,1.8145574612175853e-06,2.753306703159393e-12,0.0045138322944429455,-0.09548616770555705,1
502.0,233.9278384275139,20.504406747563614,0.007797123249080522,0.4767798114712557,500003000.0,4.999997743381999,1.2792248377426687e-05,4.6329432298877444e-05,1.7505762900203958e-09,2.209598178640354e-08,0.004384316207360955,1.9098474934527253e-09,1.799936908847489e-06,2.7326012862343472e-12,0.004477462702796783,-0.09552253729720322,1
503.0,233.8323158902167,20.303357167134166,0.007810326606157841,0.47810979136114773,500003000.0,4.9999978486275545,1.2793984352594269e-05,4.6351340831436876e-05,1.735975167581248e-09,2.1908532559431368e-08,0.004386101373677202,1.9125582346733103e-09,1.7854085617168227e-06,2.711982670050187e-12,0.004441322477662631,-0.09555867752233738,1
504.0,233.73675721269436,20.10401922950968,0.007823570590488962,0.47944083539769966,500003000.0,4.999997949001667,1.279570582772317e-05,4.637306313863981e-05,1.721475128900798e-09,2.172230720293423e-08,0.004387872107536131,1.9152484639383617e-09,1.7709721066473704e-06,2.6914514173391704e-12,0.004405410839991784,-0.09559458916000822,1
505.0,233.64116262353434,19.906381257594255,0.007836855241256543,0.48077293678725314,500003000.0,4.99999804472785,1.2797412903387208e-05,4.639460044020617e-05,1.707075664037589e-09,2.153730156636463e-08,0.004389628500454709,1.9179182689377746e-09,1.7566272286116583e-06,2.6710080750230496e-12,0.004369727006135353,-0.09563027299386465,1
506.0,233.54553235054047,19.710431622369335,0.007850180598164254,0.4821060887082753,500003000.0,4.9999981360194665,1.2799105679651349e-05,4.6415953951680014e-05,1.6927762641409448e-09,2.13535114738409e-08,0.004391370643633865,1.920567737892567e-09,1.7423736107766661e-06,2.6506531743420013e-12,0.004334270187952996,-0.095665729812047,1
507.0,233.44986662072841,19.516158743047864,0.007863546701411454,0.4834402843113066,500003000.0,4.999998223080183,1.2800784256072797e-05,4.6437124884404585e-05,1.678576421449242e-09,2.1170932724573834e-08,0.004393098627956712,1.9231969595394476e-09,1.7282109345349196e-06,2.630387230983927e-12,0.00429903959289026,-0.09570096040710975,1
508.0,233.3541656603213,19.32355108722335,0.007876953591708204,0.48477551671891045,500003000.0,4.999998306104406,1.2802448731702094e-05,4.645811444549788e-05,1.6644756292971763e-09,2.098956109329519e-08,0.004394812543986799,1.925806023115524e-09,1.714138879544572e-06,2.6102107452147986e-12,0.004264034424078291,-0.09573596557592172,1
509.0,233.2584296947454,19.132597171014055,0.007890401310280647,0.48611177902572994,500003000.0,4.999998385277695,1.2804099205084216e-05,4.647892383782857e-05,1.6504733821209748e-09,2.0809392330690216e-08,0.004396512481966411,1.9283950183431194e-09,1.700157123767097e-06,2.5901242020102644e-12,0.0042292538804275925,-0.09577074611957241,1
510.0,233.16265894862582,18.943285559202977,0.00790388989885168,0.487449064298396,500003000.0,4.999998460777164,1.2805735774259674e-05,4.64995542599924e-05,1.636569175458584e-09,2.0630422163826445e-08,0.004398198531814888,1.930964035414731e-09,1.6862653434995402e-06,2.570128071187558e-12,0.0041946971567082625,-0.09580530284329174,1
511.0,233.06685364578252,18.75560486537257,0.007917419399666729,0.4887873655755853,500003000.0,4.999998532771864,1.2807358536765633e-05,4.6520006906288985e-05,1.6227625059594693e-09,2.045264629658826e-08,0.004399870783127,1.933513164978104e-09,1.6724632134164045e-06,2.550222807538833e-12,0.004160363443654177,-0.09583963655634582,1
512.0,232.97101400922617,18.569543752035294,0.007930989855473048,0.4901266758679156,500003000.0,4.999998601423134,1.2808967589637018e-05,4.6540282966699095e-05,1.6090528713848173e-09,2.0276060410106938e-08,0.0044015293251713486,1.9360424981214404e-09,1.6587504066013805e-06,2.5304088509646352e-12,0.004126251928041925,-0.09587374807195809,1
513.0,232.8751402611542,18.385090930759063,0.007944601309541314,0.49146698815803214,500003000.0,4.9999986668849665,1.2810563029407635e-05,4.6560383626862293e-05,1.5954397706165933e-09,2.0100660163197067e-08,0.004403174246888804,1.9385521263587384e-09,1.6451265945879358e-06,2.5106866266088357e-12,0.00409236179279178,-0.09590763820720823,1
514.0,232.779232622947,18.202235162288638,0.007958253805643224,0.4928082954004839,500003000.0,4.999998729304323,1.2812144952111292e-05,4.658031006805508e-05,1.581922703657744e-09,1.9926441192787155e-08,0.004404805636890976,1.941042141615253e-09,1.6315914473905141e-06,2.491056544993472e-12,0.004058692217045308,-0.0959413077829547,1
515.0,232.68329131516404,18.02096525666175,0.00797194738808288,0.4941505905217749,500003000.0,4.999998788821459,1.2813713453282935e-05,4.6600063467169435e-05,1.5685011716433394e-09,1.9753399114356052e-08,0.004406423583458739,1.9435126362131004e-09,1.6181446335467539e-06,2.471519002154928e-12,0.004025242376270384,-0.09597475762372962,1
516.0,232.5873165575403,17.84127007332152,0.007985682101660336,0.49549386642031396,500003000.0,4.999998845570229,1.2815268627959774e-05,4.66196449966918e-05,1.5551746768382761e-09,1.9581529522366004e-08,0.004408028174540766,1.9459637028569843e-09,1.6047858201455807e-06,2.452074379780286e-12,0.003992011442331089,-0.09600798855766891,1
517.0,232.49130856898265,17.663138521223665,0.007999457991703436,0.4968381159663753,500003000.0,4.999998899678363,1.2816810570682424e-05,4.66390558246825e-05,1.5419427226486709e-09,1.9410827990697192e-08,0.004409619497752115,1.9483954346200603e-09,1.5915146728691638e-06,2.4327230453443992e-12,0.00395899858359206,-0.09604100141640795,1
518.0,232.39526756756624,17.486559558939366,0.008013275104063187,0.49818333200212095,500003000.0,4.99999895126776,1.281833937549605e-05,4.665829711475558e-05,1.5288048136260042e-09,1.9241290073083104e-08,0.004411197640372848,1.9508079249299283e-09,1.5783308560271376e-06,2.4134653522476322e-12,0.0039262029650036345,-0.09607379703499637,1
519.0,232.29919377053125,17.31152219475411,0.00802713348509359,0.4995295073414977,500003000.0,4.999999000454741,1.2819855135951518e-05,4.6677370026059124e-05,1.5157604554685273e-09,1.9072911303542816e-08,0.004412762689346686,1.953201267554768e-09,1.5652340325877346e-06,2.394301639953688e-12,0.0038936237481792878,-0.09610637625182072,1
520.0,232.20308739427944,17.138015486761446,0.008041033181685203,0.5008766347703144,500003000.0,4.999999047350304,1.2821357945106552e-05,4.6696275713255945e-05,1.5028091550329993e-09,1.890568719681826e-08,0.004414314731279702,1.9555755565895997e-09,1.5522238642193312e-06,2.3752322341285623e-12,0.003861260091498984,-0.09613873990850103,1
521.0,232.10694865437094,16.966028542952877,0.008054974241238643,0.5022247070461109,500003000.0,4.9999990920603645,1.2822847895526887e-05,4.671501532650475e-05,1.4899504203350371e-09,1.8739613248805053e-08,0.004415853852439032,1.957930886442685e-09,1.5393000113199772e-06,2.3562574467791268e-12,0.003829111150182634,-0.09617088884981737,1
522.0,232.0107777655211,16.7955505213031,0.008068956711681879,0.5035737168982094,500003000.0,4.999999134685989,1.2824325079287444e-05,4.6733590011441737e-05,1.477183760557866e-09,1.8574684936988453e-08,0.004417380138751645,1.9602673518220637e-09,1.5264621330553514e-06,2.337377576392804e-12,0.0037971760763845074,-0.0962028239236155,1
523.0,231.9145749415975,16.62657062985107,0.008082980641461152,0.5049236570276129,500003000.0,4.99999917532361,1.28257895879735e-05,4.675200090916261e-05,1.4645086860561808e-09,1.841089772087446e-08,0.004418893675803136,1.9625850477222263e-09,1.5137098873914073e-06,2.318592908077009e-12,0.0037654540192744476,-0.09623454598072556,1
524.0,231.81834039561676,16.459078126776575,0.008097046079553572,0.5062745201070384,500003000.0,4.999999214065237,1.2827241512681865e-05,4.6770249156205034e-05,1.4519247083640512e-09,1.824824704242414e-08,0.004420394548836547,1.9648840694109193e-09,1.5010429311309537e-06,2.2999037136994035e-12,0.0037339441251288646,-0.09626605587487114,1
525.0,231.72207433974188,16.29306232047275,0.008111153075456201,0.5076262987808318,500003000.0,4.999999250998663,1.2828680944022064e-05,4.678833588453152e-05,1.4394313401986084e-09,1.8086728326484046e-08,0.0044218828427512345,1.9671645124160966e-09,1.4884609199456204e-06,2.281310252027997e-12,0.003702645537410254,-0.09629735446258975,1
526.0,231.6257769852793,16.128512569614248,0.008125301679192707,0.5089789856649889,500003000.0,4.999999286207646,1.283010797211753e-05,4.680626222151274e-05,1.4270280954669967e-09,1.7926336981218887e-08,0.004423358642101766,1.9694264725129988e-09,1.4759635084109506e-06,2.2628127688718624e-12,0.003671557396854491,-0.09632844260314552,1
527.0,231.52944854267614,15.965418283221119,0.008139491941319021,0.5103325733470643,500003000.0,4.999999319772103,1.2831522686606804e-05,4.682402928991128e-05,1.414714489273132e-09,1.7767068398540484e-08,0.004424822031096851,1.971670045711377e-09,1.4635503500410493e-06,2.244411497221698e-12,0.0036406788415570216,-0.09635932115844298,1
528.0,231.4330892215177,15.80376892071874,0.008153723912913094,0.5116870543861527,500003000.0,4.999999351768277,1.2832925176644725e-05,4.6841638207865815e-05,1.4024900379217312e-09,1.7608917954537594e-08,0.004426273093598297,1.9738953282428496e-09,1.4512210973201583e-06,2.2261066573907753e-12,0.003610009007051406,-0.0963899909929486,1
529.0,231.33669923052474,15.643553991993386,0.008167997645587203,0.5130424213128849,500003000.0,4.999999382268905,1.2834315530903652e-05,4.685909008887572e-05,1.3903542589263434e-09,1.745188100990528e-08,0.004427711913120018,1.976102416548406e-09,1.4389754017381275e-06,2.2078984571560952e-12,0.003579547026397559,-0.09642045297360245,1
530.0,231.24027877755114,15.484763057443836,0.00818231319148132,0.5143986666293472,500003000.0,4.999999411343382,1.2835693837574666e-05,4.6876386041786086e-05,1.3783066710141057e-09,1.7295952910371258e-08,0.004429138572827057,1.978291407266036e-09,1.426812913822256e-06,2.1897870918993993e-12,0.0035492920302609534,-0.09645070796973905,1
531.0,231.1438280695814,15.3273857280288,0.008196670603270572,0.5157557828090678,500003000.0,4.999999439057911,1.28370601843688e-05,4.689352717077321e-05,1.3663467941329599e-09,1.714112898712282e-08,0.004430553155534655,1.980462397218513e-09,1.4147332831714318e-06,2.171772744748468e-12,0.00351924314699755,-0.09648075685300246,1
532.0,231.0473473127284,15.171411665310524,0.008211069934154068,0.5171137622969424,500003000.0,4.999999465475644,1.2838414658518256e-05,4.6910514575330435e-05,1.354474149455778e-09,1.698740455723113e-08,0.004431955743707343,1.982615483401299e-09,1.4027361584868343e-06,2.1538555867182785e-12,0.003489399502730168,-0.09651060049726984,1
533.0,230.9508367122311,15.016830581493961,0.008225511237879865,0.5184725975092389,500003000.0,4.999999490656825,1.2839757346777646e-05,4.692734935025451e-05,1.3426882593905051e-09,1.683477492407613e-08,0.004433346419458076,1.9847507629706077e-09,1.390821187608627e-06,2.136035776852417e-12,0.0034597602214397603,-0.09654023977856024,1
534.0,230.85429647245255,14.863632239462527,0.00823999456871538,0.5198322808335275,500003000.0,4.999999514658927,1.2841088335425227e-05,4.6944032585632275e-05,1.3309886475813038e-09,1.6683235377768115e-08,0.004434725264547393,1.986868333231591e-09,1.3789880175430893e-06,2.118313462364217e-12,0.003430324425032911,-0.0965696755749671,1
535.0,230.7577267968776,14.711806452809503,0.00825451998147173,0.5211928046286276,500003000.0,4.999999537536769,1.2842407710264145e-05,4.696056536682784e-05,1.3193748389186301e-09,1.6532781195568806e-08,0.0044360923603826066,1.9889682916266726e-09,1.3672362944987634e-06,2.1006887787779618e-12,0.003401091233431749,-0.09659890876656825,1
536.0,230.66112788811103,14.561343085865582,0.008269087531502408,0.5225541612245975,500003000.0,4.999999559342642,1.284371555662369e-05,4.6976948774470154e-05,1.3078463595450255e-09,1.6383407642311383e-08,0.0044374477880170385,1.9910507357240197e-09,1.3555656639179297e-06,2.083161850070063e-12,0.003372059764652246,-0.09662794023534776,1
537.0,230.56449994787567,14.412232053722882,0.008283697274686209,0.52391634292264,500003000.0,4.999999580126432,1.2845011959360548e-05,4.6993183884440974e-05,1.2964027368585014e-09,1.623510997081729e-08,0.0044387916281492705,1.9931157632061524e-09,1.3439757705053443e-06,2.0657327888099277e-12,0.0033432291348757057,-0.0966567708651243,1
538.0,230.46784317701054,14.264463322254686,0.008298349267452723,0.5252793419950919,500003000.0,4.999999599935711,1.284629700286007e-05,4.700927176786329e-05,1.2850434995226825e-09,1.6087883422313492e-08,0.0044401239611224315,1.9951634718586913e-09,1.3324662582637556e-06,2.0484016963009305e-12,0.003314598458537111,-0.09668540154146289,1
539.0,230.37115777546907,14.11802690813179,0.008313043566760934,0.5266431506853597,500003000.0,4.9999996188158615,1.2847570771037541e-05,4.7025213491090134e-05,1.273768177469549e-09,1.5941723226846477e-08,0.004441444866923527,1.9971939595592472e-09,1.3210367705215113e-06,2.0311686627210496e-12,0.0032861668483937993,-0.09671383315160621,1
540.0,230.27444394231748,13.97291287883467,0.00832778023012511,0.5280077612078778,500003000.0,4.99999963681017,1.284883334733945e-05,4.704101011569383e-05,1.2625763019095453e-09,1.5796624603695352e-08,0.004442754425182779,1.9992073242664522e-09,1.3096869499675716e-06,2.0140337672633917e-12,0.0032579334156125628,-0.09674206658438744,1
541.0,230.17770187573308,13.829111352662288,0.008342559315594116,0.5293731657480567,500003000.0,4.999999653959916,1.2850084814744784e-05,4.705666269845561e-05,1.251467405334479e-09,1.5652582761782546e-08,0.004444052715173023,2.0012036640091156e-09,1.2984164386788188e-06,1.996997078276433e-12,0.003229897269837579,-0.09677010273016243,1
542.0,230.0809317730029,13.68661249873716,0.008357380881756374,0.5307393564622117,500003000.0,4.999999670304478,1.2851325255766308e-05,4.7072172291355695e-05,1.2404410215244338e-09,1.5509592900082558e-08,0.004445339815809112,2.00318307687554e-09,1.2872248781512974e-06,1.980058653404008e-12,0.0032020575192681267,-0.09679794248073188,1
543.0,229.98413383052218,13.54540653700659,0.00837224498775117,0.5321063254775337,500003000.0,4.999999685881407,1.2852554752451863e-05,4.708753994156372e-05,1.2294966855555578e-09,1.5367650208029634e-08,0.004446615805647355,2.0051456610029548e-09,1.276111909332134e-06,1.963218539725127e-12,0.0031744132707379863,-0.09682558672926202,1
544.0,229.88730824379292,13.4054837382403,0.008387151693270402,0.5334740648920426,500003000.0,4.999999700726518,1.285377338638567e-05,4.710276669142965e-05,1.2186339338063472e-09,1.5226749865922805e-08,0.00444788076288501,2.007091514567102e-09,1.2650771726496738e-06,1.9464767738934167e-12,0.0031469636297904095,-0.0968530363702096,1
545.0,229.7904552074227,13.266834424024836,0.008402101058536927,0.5348425667744702,500003000.0,4.999999714873969,1.285498123868963e-05,4.7117853578474974e-05,1.2078523039605772e-09,1.508688704532762e-08,0.004449134765359766,2.009020735771953e-09,1.2541203080399088e-06,1.929833382276077e-12,0.003119707700743858,-0.09688029229925615,1
546.0,229.69357491512343,13.129448966754017,0.008417093144332137,0.5362118231642826,500003000.0,4.999999728356335,1.2856178390024647e-05,4.713280163538445e-05,1.1971513350174055e-09,1.494805690947882e-08,0.004450377890549288,2.010933422839565e-09,1.243240954980124e-06,1.9132883810928804e-12,0.003092644586775703,-0.0969073554132243,1
547.0,229.5966675597102,12.993317789615997,0.008432128011989606,0.5375818260716022,500003000.0,4.999999741204681,1.2857364920591944e-05,4.714761188999813e-05,1.1865305672964351e-09,1.4810254613678416e-08,0.0044516102155707825,2.012829674000077e-09,1.2324387525170971e-06,1.896841776554485e-12,0.0030657733899923756,-0.09693422661000763,1
548.0,229.49973333310018,12.8584313665771,0.008447205723381234,0.5389525674770729,500003000.0,4.9999997534486305,1.2858540910134386e-05,4.716228536530382e-05,1.1759895424417995e-09,1.467347530569072e-08,0.004452831817180579,2.0147095874818347e-09,1.2217133392940495e-06,1.8804935650002465e-12,0.0030390932114964047,-0.0969609067885036,1
549.0,229.40277242631169,12.724780222361822,0.008462326340943887,0.5403240393319207,500003000.0,4.999999765116438,1.2859706437937817e-05,4.717682307942996e-05,1.1655278034319138e-09,1.4537714126138963e-08,0.004454042771773761,2.0165732615016635e-09,1.2110643535832712e-06,1.8642437330361088e-12,0.0030126031514675793,-0.09698739684853243,1
550.0,229.30578502946315,12.592354932429743,0.008477489927661426,0.541696233557813,500003000.0,4.999999776235039,1.2860861582832401e-05,4.7191226045638854e-05,1.1551448945829006e-09,1.4402966208895437e-08,0.004455243155383813,2.0184207942552658e-09,1.200491433311951e-06,1.848092257671514e-12,0.0029863023092271995,-0.09701369769077281,1
551.0,229.20877133177237,12.461146122949021,0.008492696547069132,0.5430691420468009,500003000.0,4.999999786830127,1.2862006423193957e-05,4.720549527232033e-05,1.1448403615551789e-09,1.4269226681471192e-08,0.004456433043682294,2.0202522839077672e-09,1.189994216091074e-06,1.832039106456102e-12,0.002960189783309963,-0.09703981021669005,1
552.0,229.11173152155567,12.331144470766498,0.008507946263260503,0.544442756661282,500003000.0,4.999999796926199,1.2863141036945317e-05,4.721963176298573e-05,1.1346137513603006e-09,1.413649066540359e-08,0.004457612511978549,2.0220678285843824e-09,1.1795723392443659e-06,1.8160842376159554e-12,0.0029342646715359642,-0.09706573532846405,1
553.0,229.0146657862272,12.202340703374583,0.008523239140883366,0.5458170692339317,500003000.0,4.99999980654661,1.2864265501557682e-05,4.723363651626237e-05,1.1244646123662954e-09,1.4004753276640775e-08,0.0044587816352194415,2.0238675263612274e-09,1.1692254398354633e-06,1.8002276001892595e-12,0.002908526071078286,-0.09709147392892171,1
554.0,228.91757431229829,12.074725598874865,0.00853857524514341,0.547192071567622,500003000.0,4.999999815713637,1.2865379894051986e-05,4.72475105258883e-05,1.1143924943039864e-09,1.3874009625923475e-08,0.004459940487989118,2.0256514752562663e-09,1.1589531546958877e-06,1.7844691341614224e-12,0.002882973078532583,-0.09711702692146743,1
555.0,228.82045728537682,11.948289985938459,0.00855395464180977,0.5485677554353563,500003000.0,4.999999824448516,1.286648429100026e-05,4.7261254780707464e-05,1.10439694827351e-09,1.374425481916461e-08,0.004461089144508794,2.027419773220383e-09,1.148755120453012e-06,1.7688087705996838e-12,0.0028576047899866526,-0.09714239521001335,1
556.0,228.72331489016682,11.823024743763417,0.008569377397198772,0.5499441125802018,500003000.0,4.999999832771497,1.2867578768527008e-05,4.727487026466529e-05,1.094477526747982e-09,1.3615483957826122e-08,0.004462227678636571,2.0291725181285924e-09,1.1386309735548504e-06,1.7532464317871413e-12,0.0028324203010821032,-0.0971675796989179,1
557.0,228.6261473104679,11.698920802028617,0.008584843578203754,0.5513211347152542,500003000.0,4.999999840701887,1.2868663402310592e-05,4.7288357956804584e-05,1.084633783583057e-09,1.3487692139294051e-08,0.0044633561638672825,2.0309098077713866e-09,1.1285803503007703e-06,1.7377820313563053e-12,0.0028074187070907487,-0.09719258129290925,1
558.0,228.52895472917498,11.575969140844983,0.008600353252265002,0.5526988135235188,500003000.0,4.999999848258096,1.286973826758461e-05,4.7301718831261835e-05,1.0748652740187508e-09,1.336087445724909e-08,0.004464474673332361,2.032631739846209e-09,1.118602886863941e-06,1.7224154744218115e-12,0.0027825991029704553,-0.09721740089702954,1
559.0,228.43173732827796,11.454160790703364,0.008615906487391505,0.5540771406578405,500003000.0,4.9999998554576734,1.2870803439139299e-05,4.7314953857263874e-05,1.0651715546878582e-09,1.3235026002035818e-08,0.0044655832797997385,2.0343384119490596e-09,1.1086982193204432e-06,1.70714665771269e-12,0.0027579605834375485,-0.09724203941656245,1
560.0,228.3344952888614,11.333486832419414,0.008631503352160865,0.5554561077408919,500003000.0,4.999999862317354,1.287185899132292e-05,4.7328063999124906e-05,1.0555521836214802e-09,1.311014186102974e-08,0.004466682055673766,2.0360299215662323e-09,1.0988659836751574e-06,1.6919754697040705e-12,0.002733502243031218,-0.09726649775696879,1
561.0,228.23722879110443,11.213938397075626,0.008647143915710325,0.5568357063650388,500003000.0,4.999999868853093,1.2872904998043175e-05,4.73410502162439e-05,1.0460067202534424e-09,1.298621711899965e-08,0.004467771072995164,2.037706366066185e-09,1.0891058158862992e-06,1.6769017907479872e-12,0.0027092231761745504,-0.09729077682382546,1
562.0,228.1399380142806,11.095506665960356,0.008662828247742158,0.5582159280922607,500003000.0,4.9999998750801,1.2873941532768602e-05,4.735391346310237e-05,1.0365347254264608e-09,1.2863246858468322e-08,0.004468850403440997,2.0393678426915415e-09,1.0794173518915656e-06,1.6619254932036605e-12,0.0026851224772395637,-0.09731487752276044,1
563.0,228.04262313675784,10.978182870503822,0.0086785564185341,0.5595967644541293,500003000.0,4.999999881012875,1.287496866853e-05,4.7366654689262445e-05,1.0271357613987977e-09,1.2741226160071056e-08,0.004469920118324667,2.0410144485512092e-09,1.0698002276345922e-06,1.6470464415671785e-12,0.0026611992406130307,-0.09733880075938697,1
564.0,227.94528433599845,10.861958292211494,0.008694328498921013,0.5609782069516989,500003000.0,4.999999886665242,1.2875986477921847e-05,4.737927483936535e-05,1.017809391847443e-09,1.2620150102910003e-08,0.004470980288595952,2.042646280612642e-09,1.0602540790875874e-06,1.6322644926003055e-12,0.002637452560752777,-0.09736254743924723,1
565.0,227.8479217885592,10.7468242625943,0.008710144560321664,0.5623602470554134,500003000.0,4.999999892050382,1.2876995033103723e-05,4.739177485313026e-05,1.008555181876584e-09,1.25000137649061e-08,0.004472030984841043,2.044263435694223e-09,1.050778542279278e-06,1.6175794954586437e-12,0.002613881532257199,-0.09738611846774281,1
566.0,227.75053567009147,10.632772163096424,0.008726004674711456,0.563742876205064,500003000.0,4.999999897180856,1.2877994405801743e-05,4.740415566535341e-05,9.99372698019656e-10,1.2380812223148482e-08,0.004473072277282624,2.0458660104577703e-09,1.0413732533159676e-06,1.6029912918191041e-12,0.0025904852499176517,-0.09740951475008236,1
567.0,227.6531261553414,10.519793425020008,0.00874190891464861,0.5651260858096793,500003000.0,4.999999902068642,1.287898466730999e-05,4.741641820590765e-05,9.902615082475756e-10,1.2262540554240363e-08,0.004474104235779967,2.0474541014011783e-09,1.0320378484088377e-06,1.5884997160065715e-12,0.0025672628087863576,-0.09743273719121365,1
568.0,227.55569341815018,10.4078795294473,0.008757857353262411,0.566509867247446,500003000.0,4.999999906725156,1.2879965888491964e-05,4.742856339974229e-05,9.812211819724826e-10,1.2145193834642079e-08,0.0044751269298290595,2.049027804851177e-09,1.022771963896377e-06,1.5741045951198218e-12,0.0025442133042322046,-0.09745578669576781,1
569.0,227.4582376314544,10.297022007160159,0.008773850064251451,0.5678942118656594,500003000.0,4.999999911161284,1.2880938139782017e-05,4.7440592166883305e-05,9.722512900526234e-10,1.2028767141011684e-08,0.004476140428562744,2.0505872169562227e-09,1.0135752362678014e-06,1.5598057491567408e-12,0.002521335831999002,-0.09747866416800101,1
570.0,227.36075896728642,10.187212438556802,0.008789887121893268,0.5692791109805952,500003000.0,4.999999915387398,1.2881901491186816e-05,4.7452505422433844e-05,9.633514047984307e-10,1.1913255550541514e-08,0.004477144800750898,2.052132433679502e-09,1.004447302187529e-06,1.5456029911386293e-12,0.0024986294882663675,-0.09750137051173363,1
571.0,227.26325759677468,10.07844245356593,0.008805968601046354,0.5706645558774577,500003000.0,4.999999919413388,1.2882856012286794e-05,4.7464304076575136e-05,9.54521099977642e-10,1.1798654141292652e-08,0.004478140114800615,2.0536635507920743e-09,9.953877985184602e-07,1.531496127233837e-12,0.0024760933697076373,-0.09752390663029237,1
572.0,227.16573369014438,9.970703731558423,0.008822094577139717,0.57205053781027,500003000.0,4.99999992324868,1.2883801772237613e-05,4.747598903456766e-05,9.457599508190158e-10,1.1684957992525507e-08,0.004479126438756432,2.0551806638661222e-09,9.863963623436077e-07,1.5174849568804782e-12,0.002453726573543669,-0.09754627342645633,1
573.0,227.06818741671793,9.86398800125635,0.008838265126186094,0.573437048001821,500003000.0,4.999999926902261,1.2884738839771631e-05,4.7487561196752685e-05,9.370675340185662e-10,1.1572162185028285e-08,0.004480103840300558,2.056683868268334e-09,9.774726309901584e-07,1.5035692729084623e-12,0.002431528197602702,-0.0975684718023973,1
574.0,226.97061894491554,9.75828704063953,0.008854480324779484,0.5748240776435382,500003000.0,4.9999999303826925,1.2885667283199375e-05,4.7499021458554125e-05,9.284434277439836e-10,1.1460261801441141e-08,0.004481072386753148,2.0581732591534015e-09,9.686162420514598e-07,1.4897488616605285e-12,0.002409497340375048,-0.09759050265962496,1
575.0,226.87302844225593,9.65359267684968,0.008870740250090613,0.5762116178954243,500003000.0,4.999999933698139,1.2886587170411014e-05,4.75103707104807e-05,9.198872116388093e-10,1.1349251926578195e-08,0.004482032145072572,2.0596489314576374e-09,9.598268334085587e-07,1.4760235031125783e-12,0.002387633101066671,-0.09761236689893334,1
576.0,226.775416075357,9.549896786092008,0.0088870449798806,0.5775996598859718,500003000.0,4.9999999368563826,1.2887498568877842e-05,4.752160983812845e-05,9.113984668284243e-10,1.1239127647746107e-08,0.004482983181855734,2.0611109798927204e-09,9.511040432534515e-07,1.4623929709931093e-12,0.002365934579657023,-0.09763406542034299,1
577.0,226.67778200993664,9.447191293534623,0.0089033945924831,0.5789881947120511,500003000.0,4.999999939864837,1.2888401545653764e-05,4.753273972218351e-05,9.029767759226964e-10,1.1129884055059068e-08,0.004483925563338388,2.0625594989395423e-09,9.424475101086585e-07,1.4488570329017404e-12,0.002344400876947739,-0.09765559912305227,1
578.0,226.5801264108136,9.345468173205374,0.008919789166824302,0.5803772134388294,500003000.0,4.999999942730572,1.2889296167376786e-05,4.7543761238425264e-05,8.946217230224623e-10,1.1021516241751242e-08,0.004484859355395495,2.0639945828421923e-09,9.338568728506213e-07,1.4354154504269463e-12,0.002323031094620835,-0.09767696890537916,1
579.0,226.48244944190822,9.244719447886418,0.0089362287824213,0.581766707099689,500003000.0,4.999999945460322,1.289018250027051e-05,4.755467525772975e-05,8.863328937236553e-10,1.091401930448578e-08,0.004485784623541588,2.065416325602041e-09,9.253317707304587e-07,1.4220679792628816e-12,0.0023018243352903485,-0.09769817566470966,1
580.0,226.3847512662435,9.144937189006678,0.008952713519366029,0.5831566666961185,500003000.0,4.999999948060511,1.289106061014563e-05,4.756548264607341e-05,8.781098751199773e-10,1.0807388343660308e-08,0.004486701432931164,2.0668248209719542e-09,9.16871843393024e-07,1.4088143693252765e-12,0.002280779702549734,-0.09771922029745027,1
581.0,226.28703204594606,9.046113516531792,0.008969243458351117,0.5845470831976277,500003000.0,4.999999950537254,1.289193056240144e-05,4.757618426453712e-05,8.699522558096477e-10,1.0701618463709794e-08,0.004487609848359097,2.0682201624506053e-09,9.08476730900039e-07,1.3956543648665146e-12,0.002259896301029421,-0.09774010369897058,1
582.0,226.18929194224708,8.948240598852083,0.008985818680649994,0.585937947541644,500003000.0,4.999999952896387,1.2892792422027338e-05,4.7586780969310524e-05,8.618596258975369e-10,1.0596704773405582e-08,0.004488509934261066,2.0696024432769236e-09,9.001460737482318e-07,1.3825877045897301e-12,0.0022391732364419243,-0.09776082676355809,1
583.0,226.09153111548352,8.851310652668209,0.00900243926813085,0.5873292506334156,500003000.0,4.999999955143465,1.2893646253604338e-05,4.759727361169667e-05,8.53831577000558e-10,1.0492642386151596e-08,0.004489401754714007,2.070971756424631e-09,8.918795128906973e-07,1.369614121762045e-12,0.0022186096156349895,-0.09778139038436502,1
584.0,225.99374972509915,8.755315942874702,0.009019105303255582,0.5887209833459423,500003000.0,4.9999999572837845,1.289449212130659e-05,4.760766303811695e-05,8.458677022514833e-10,1.0389426420277441e-08,0.004490285373436593,2.0723281945969123e-09,8.836766897564449e-07,1.3567333443269097e-12,0.0021982045466402093,-0.09780179545335979,1
585.0,225.89594792964579,8.66024878244147,0.009035816869075,0.5901131365198065,500003000.0,4.999999959322395,1.2895330088902893e-05,4.7617950090116276e-05,8.379675963023517e-10,1.0287051999327146e-08,0.0044911608537897135,2.073671850221182e-09,8.755372462693362e-07,1.343945095015375e-12,0.002177957138720139,-0.09782204286127986,1
586.0,225.7981258867845,8.566101532293105,0.009052574049240187,0.5915057009631774,500003000.0,4.999999961264105,1.2896160219758222e-05,4.762813560436862e-05,8.301308553293034e-10,1.0185514252346704e-08,0.004492028258776988,2.075002815443971e-09,8.674608248683469e-07,1.331249091456702e-12,0.002157866502418699,-0.09784213349758131,1
587.0,225.70028375328693,8.472866601186317,0.009069376927991394,0.5928986674516159,500003000.0,4.999999963113501,1.2896982576835257e-05,4.763822041268279e-05,8.223570770352348e-10,1.0084808314165962e-08,0.004492887651045304,2.0763211821259195e-09,8.594470685253793e-07,1.3186450462877287e-12,0.002137931749605482,-0.09786206825039452,1
588.0,225.60242168503652,8.380536445585188,0.009086225590173013,0.5942920267280367,500003000.0,4.999999964874949,1.2897797222695913e-05,4.764820534200847e-05,8.146458606547746e-10,9.984929325679146e-09,0.004493739092885353,2.077627041836871e-09,8.514956207653285e-07,1.3061326672615375e-12,0.002118151993525672,-0.09788184800647433,1
589.0,225.50453983703005,8.289103569534669,0.009103120121217423,0.5956857695025343,500003000.0,4.999999966552613,1.2898604219502869e-05,4.7658091214442585e-05,8.069968069563422e-10,9.885872434120485e-09,0.0044945826462322045,2.078920485851088e-09,8.436061256829315e-07,1.293711657354971e-12,0.002098526348841956,-0.09790147365115805,1
590.0,225.4066383633789,8.198560524531887,0.009120060607171082,0.5970798864523841,500003000.0,4.99999996815046,1.2899403629021117e-05,4.766787884723592e-05,7.994095182479054e-10,9.787632793338599e-09,0.004495418372665893,2.080201605142566e-09,8.357782279633187e-07,1.2813817148754617e-12,0.0020790539316856487,-0.09792094606831436,1
591.0,225.3087174173106,8.108899909395832,0.009137047134667122,0.5984743682218524,500003000.0,4.99999996967227,1.2900195512619495e-05,4.767756905279999e-05,7.91883598377889e-10,9.690205564065304e-09,0.004496246333412012,2.081470490380453e-09,8.28011572897325e-07,1.2691425335666023e-12,0.0020597338596947787,-0.09794026614030522,1
592.0,225.21077715117028,8.020114370134973,0.00915407979094944,0.5998692054221092,500003000.0,4.999999971121646,1.2900979931272236e-05,4.7687162638714175e-05,7.844186527405633e-10,9.593585914182556e-09,0.004497066589342348,2.082727231924574e-09,8.203058064013243e-07,1.256993802712946e-12,0.0020405652520634303,-0.09795943474793657,1
593.0,225.11281771642234,7.932196599813225,0.009171158663853431,0.601264388631156,500003000.0,4.999999972502018,1.2901756945560513e-05,4.7696660407733164e-05,7.770142882775425e-10,9.497769018985981e-09,0.004497879200975503,2.083971919821061e-09,8.12660575032831e-07,1.244935207243825e-12,0.002021547229580552,-0.09797845277041946,1
594.0,225.01483926365194,7.845139338413881,0.00918828384183526,0.6026599083936677,500003000.0,4.999999973816659,1.2902526615673997e-05,4.770606315779461e-05,7.696701134833692e-10,9.402750061444445e-09,0.004498684228477568,2.0852046437980864e-09,8.05075526010213e-07,1.2329664278361148e-12,0.0020026789146789935,-0.09799732108532101,1
595.0,224.9168419425666,7.758935372702011,0.009205455413946328,0.6040557552209564,500003000.0,4.9999999750686825,1.2903289001412403e-05,4.771537168202707e-05,7.623857384063188e-10,9.308524232457298e-09,0.004499481731662777,2.0864254932616974e-09,7.97550307227246e-07,1.2210871410161529e-12,0.001983959431471714,-0.09801604056852829,1
596.0,224.81882590199808,7.673577536085092,0.009222673469840941,0.6054519195907575,500003000.0,4.999999976261061,1.2904044162187054e-05,4.7724586768758174e-05,7.551607746519883e-10,9.215086731106815e-09,0.004500271769994213,2.0876345572917484e-09,7.900845672704174e-07,1.2092970192604866e-12,0.001965387905794822,-0.09803461209420518,1
597.0,224.72079128990387,7.5890587084717875,0.009239938099793307,0.6068483919472356,500003000.0,4.999999977396621,1.2904792157022441e-05,4.773370920152308e-05,7.479948353874964e-10,9.122432764909456e-09,0.004501054402584506,2.0888319246379367e-09,7.826779554367159e-07,1.197595731095918e-12,0.0019469634652518326,-0.09805303653474817,1
598.0,224.62273825336914,7.505371816129307,0.009257249394673544,0.6082451627007828,500003000.0,4.99999997847806,1.2905533044557784e-05,4.774273975907314e-05,7.408875353422463e-10,9.030557550061609e-09,0.0045018296881965516,2.0900176837159395e-09,7.753301217476642e-07,1.1859829411982828e-12,0.001928685239248573,-0.09807131476075143,1
599.0,224.5246669386084,7.422509831538904,0.00927460744597363,0.6096422222279693,500003000.0,4.999999979507946,1.2906266883048597e-05,4.775167921538483e-05,7.338384908126693e-10,8.93945631168385e-09,0.004502597685244257,2.0911919226036394e-09,7.680407169673641e-07,1.1744583104904787e-12,0.0019105523590380719,-0.09808944764096193,1
600.0,224.42657749096742,7.340465773249944,0.009292012345792019,0.61103956087139,500003000.0,4.999999980488726,1.2906993730368261e-05,4.776052833966889e-05,7.268473196635212e-10,8.849124284060562e-09,0.004503358451793289,2.0923547290374594e-09,7.60809392616779e-07,1.1630214962393381e-12,0.0018925639577560874,-0.09810743604224392,1
