time,height,w,temperature,qv,vapour_pressure,cloud_mass,rain_mass,surface_rain_rate,liquid_water_path,cond_rate,n_droplets,S,Sc,droplet_radius,dr_dt
0.0,0.0,0.0,297.9,0.015,2354.7880690737834,0.0,0.0,0.0,0.0,0.0,0.0,-0.2453755690468165,0.0021279635784531943,1e-06,0.0
1.0,0.01047192766283916,0.01047192766283916,297.9,0.015,2354.7880690737834,0.0,0.0,0.0,0.0,0.0,0.0,-0.2453755690468165,0.0021279635784531943,1e-06,0.0
2.0,0.03141549589533074,0.020943568232491584,297.9,0.015,2354.7880690737834,0.0,0.0,0.0,0.0,0.0,0.0,-0.2453755690468165,0.0021279635784531943,1e-06,0.0
3.0,0.0628301305189721,0.03141463462364135,297.9,0.015,2354.7880690737834,0.0,0.0,0.0,0.0,0.0,0.0,-0.2453755690468165,0.0021279635784531943,1e-06,0.0
4.0,0.10471497028568602,0.041884839766713915,297.9,0.015,2354.7880690737834,0.0,0.0,0.0,0.0,0.0,0.0,-0.2453755690468165,0.0021279635784531943,1e-06,0.0
5.0,0.15706886690143232,0.0523538966157463,297.9,0.015,2354.7880690737834,0.0,0.0,0.0,0.0,0.0,0.0,-0.2453755690468165,0.0021279635784531943,1e-06,0.0
6.0,0.2198903850576889,0.06282151815625658,297.9,0.015,2354.7880690737834,0.0,0.0,0.0,0.0,0.0,0.0,-0.2453755690468165,0.0021279635784531943,1e-06,0.0
7.0,0.29317780247080144,0.07328741741311255,297.9,0.015,2354.7880690737834,0.0,0.0,0.0,0.0,0.0,0.0,-0.2453755690468165,0.0021279635784531943,1e-06,0.0
8.0,0.3769291099292007,0.08375130745839925,297.9,0.015,2354.7880690737834,0.0,0.0,0.0,0.0,0.0,0.0,-0.2453755690468165,0.0021279635784531943,1e-06,0.0
9.0,0.471142011348486,0.09421290141928532,297.9,0.015,2354.7880690737834,0.0,0.0,0.0,0.0,0.0,0.0,-0.2453755690468165,0.0021279635784531943,1e-06,0.0
10.0,0.5758139238343737,0.10467191248588766,297.9,0.015,2354.7880690737834,0.0,0.0,0.0,0.0,0.0,0.0,-0.2453755690468165,0.0021279635784531943,1e-06,0.0
11.0,0.6909419777535082,0.11512805391913454,297.9,0.015,2354.7880690737834,0.0,0.0,0.0,0.0,0.0,0.0,-0.2453755690468165,0.0021279635784531943,1e-06,0.0
12.0,0.8165230168121349,0.12558103905862675,297.9,0.015,2354.7880690737834,0.0,0.0,0.0,0.0,0.0,0.0,-0.2453755690468165,0.0021279635784531943,1e-06,0.0
13.0,0.9525535981426312,0.13603058133049634,297.9,0.015,2354.7880690737834,0.0,0.0,0.0,0.0,0.0,0.0,-0.2453755690468165,0.0021279635784531943,1e-06,0.0
14.0,1.0990299923978946,0.14647639425526338,297.9,0.015,2354.7880690737834,0.0,0.0,0.0,0.0,0.0,0.0,-0.2453755690468165,0.0021279635784531943,1e-06,0.0
15.0,1.2559481838535844,0.1569181914556899,297.9,0.015,2354.7880690737834,0.0,0.0,0.0,0.0,0.0,0.0,-0.2453755690468165,0.0021279635784531943,1e-06,0.0
16.0,1.4233038705182155,0.16735568666463096,297.9,0.015,2354.7880690737834,0.0,0.0,0.0,0.0,0.0,0.0,-0.2453755690468165,0.0021279635784531943,1e-06,0.0
17.0,1.6010924642510984,0.17778859373288303,297.9,0.015,2354.7880690737834,0.0,0.0,0.0,0.0,0.0,0.0,-0.2453755690468165,0.0021279635784531943,1e-06,0.0
18.0,1.789309090888127,0.18821662663702862,297.9,0.015,2354.7880690737834,0.0,0.0,0.0,0.0,0.0,0.0,-0.2453755690468165,0.0021279635784531943,1e-06,0.0
19.0,1.987948590375405,0.198639499487278,297.9,0.015,2354.7880690737834,0.0,0.0,0.0,0.0,0.0,0.0,-0.2453755690468165,0.0021279635784531943,1e-06,0.0
20.0,2.197005516910712,0.20905692653530691,297.9,0.015,2354.7880690737834,0.0,0.0,0.0,0.0,0.0,0.0,-0.2453755690468165,0.0021279635784531943,1e-06,0.0
21.0,2.4164741390928026,0.21946862218209054,297.9,0.015,2354.7880690737834,0.0,0.0,0.0,0.0,0.0,0.0,-0.2453755690468165,0.0021279635784531943,1e-06,0.0
22.0,2.646348440078536,0.22987430098573317,297.9,0.015,2354.7880690737834,0.0,0.0,0.0,0.0,0.0,0.0,-0.2453755690468165,0.0021279635784531943,1e-06,0.0
23.0,2.88662211774783,0.24027367766929417,297.9,0.015,2354.7880690737834,0.0,0.0,0.0,0.0,0.0,0.0,-0.2453755690468165,0.0021279635784531943,1e-06,0.0
24.0,3.1372885848764387,0.2506664671286085,297.9,0.015,2354.7880690737834,0.0,0.0,0.0,0.0,0.0,0.0,-0.2453755690468165,0.0021279635784531943,1e-06,0.0
25.0,3.398340969316542,0.2610523844401032,297.9,0.015,2354.7880690737834,0.0,0.0,0.0,0.0,0.0,0.0,-0.2453755690468165,0.0021279635784531943,1e-06,0.0
26.0,3.6697721141851507,0.27143114486860875,297.9,0.015,2354.7880690737834,0.0,0.0,0.0,0.0,0.0,0.0,-0.2453755690468165,0.0021279635784531943,1e-06,0.0
27.0,3.951574578060316,0.28180246387516533,297.9,0.015,2354.7880690737834,0.0,0.0,0.0,0.0,0.0,0.0,-0.2453755690468165,0.0021279635784531943,1e-06,0.0
28.0,4.243740635185139,0.29216605712482324,297.9,0.015,2354.7880690737834,0.0,0.0,0.0,0.0,0.0,0.0,-0.2453755690468165,0.0021279635784531943,1e-06,0.0
29.0,4.546262275679577,0.3025216404944384,297.9,0.015,2354.7880690737834,0.0,0.0,0.0,0.0,0.0,0.0,-0.2453755690468165,0.0021279635784531943,1e-06,0.0
30.0,4.859131205760039,0.31286893008046174,297.9,0.015,2354.7880690737834,0.0,0.0,0.0,0.0,0.0,0.0,-0.2453755690468165,0.0021279635784531943,1e-06,0.0
31.0,5.182338847966761,0.32320764220672227,297.9,0.015,2354.7880690737834,0.0,0.0,0.0,0.0,0.0,0.0,-0.2453755690468165,0.0021279635784531943,1e-06,0.0
32.0,5.5158763413989655,0.3335374934322045,297.9,0.015,2354.7880690737834,0.0,0.0,0.0,0.0,0.0,0.0,-0.2453755690468165,0.0021279635784531943,1e-06,0.0
33.0,5.859734541957785,0.34385820055881905,297.9,0.015,2354.7880690737834,0.0,0.0,0.0,0.0,0.0,0.0,-0.2453755690468165,0.0021279635784531943,1e-06,0.0
34.0,6.213904022596951,0.3541694806391666,297.9,0.015,2354.7880690737834,0.0,0.0,0.0,0.0,0.0,0.0,-0.2453755690468165,0.0021279635784531943,1e-06,0.0
35.0,6.578375073581246,0.3644710509842949,297.9,0.015,2354.7880690737834,0.0,0.0,0.0,0.0,0.0,0.0,-0.2453755690468165,0.0021279635784531943,1e-06,0.0
36.0,6.953137702752695,0.3747626291714492,297.9,0.015,2354.7880690737834,0.0,0.0,0.0,0.0,0.0,0.0,-0.2453755690468165,0.0021279635784531943,1e-06,0.0
37.0,7.33818163580451,0.38504393305181484,297.9,0.015,2354.7880690737834,0.0,0.0,0.0,0.0,0.0,0.0,-0.2453755690468165,0.0021279635784531943,1e-06,0.0
38.0,7.733496316562762,0.39531468075825227,297.9,0.015,2354.7880690737834,0.0,0.0,0.0,0.0,0.0,0.0,-0.2453755690468165,0.0021279635784531943,1e-06,0.0
39.0,8.139070907275787,0.40557459071302493,297.9,0.015,2354.7880690737834,0.0,0.0,0.0,0.0,0.0,0.0,-0.2453755690468165,0.0021279635784531943,1e-06,0.0
40.0,8.554894288911306,0.41582338163551863,297.9,0.015,2354.7880690737834,0.0,0.0,0.0,0.0,0.0,0.0,-0.2453755690468165,0.0021279635784531943,1e-06,0.0
41.0,8.980955061461259,0.42606077254995306,297.9,0.015,2354.7880690737834,0.0,0.0,0.0,0.0,0.0,0.0,-0.2453755690468165,0.0021279635784531943,1e-06,0.0
42.0,9.417241544254344,0.4362864827930851,297.9,0.015,2354.7880690737834,0.0,0.0,0.0,0.0,0.0,0.0,-0.2453755690468165,0.0021279635784531943,1e-06,0.0
43.0,9.863741776276246,0.4465002320219027,297.9,0.015,2354.7880690737834,0.0,0.0,0.0,0.0,0.0,0.0,-0.2453755690468165,0.0021279635784531943,1e-06,0.0
44.0,10.320443516497557,0.4567017402213114,297.9,0.015,2354.7880690737834,0.0,0.0,0.0,0.0,0.0,0.0,-0.2453755690468165,0.0021279635784531943,1e-06,0.0
45.0,10.787334244209367,0.4668907277118108,297.9,0.015,2354.7880690737834,0.0,0.0,0.0,0.0,0.0,0.0,-0.2453755690468165,0.0021279635784531943,1e-06,0.0
46.0,11.264401159366528,0.4770669151571617,297.9,0.015,2354.7880690737834,0.0,0.0,0.0,0.0,0.0,0.0,-0.2453755690468165,0.0021279635784531943,1e-06,0.0
47.0,11.751631182938574,0.48723002357204503,297.9,0.015,2354.7880690737834,0.0,0.0,0.0,0.0,0.0,0.0,-0.2453755690468165,0.0021279635784531943,1e-06,0.0
48.0,12.249010957268284,0.4973797743297096,297.9,0.015,2354.7880690737834,0.0,0.0,0.0,0.0,0.0,0.0,-0.2453755690468165,0.0021279635784531943,1e-06,0.0
49.0,12.756526846437895,0.5075158891696112,297.9,0.015,2354.7880690737834,0.0,0.0,0.0,0.0,0.0,0.0,-0.2453755690468165,0.0021279635784531943,1e-06,0.0
50.0,13.274164936642936,0.5176380902050416,297.9,0.015,2354.7880690737834,0.0,0.0,0.0,0.0,0.0,0.0,-0.2453755690468165,0.0021279635784531943,1e-06,0.0
51.0,13.801911036573681,0.5277460999307457,297.9,0.015,2354.7880690737834,0.0,0.0,0.0,0.0,0.0,0.0,-0.2453755690468165,0.0021279635784531943,1e-06,0.0
52.0,14.339750677804213,0.5378396412305314,297.9,0.015,2354.7880690737834,0.0,0.0,0.0,0.0,0.0,0.0,-0.2453755690468165,0.0021279635784531943,1e-06,0.0
53.0,14.887669115189079,0.5479184373848649,297.9,0.015,2354.7880690737834,0.0,0.0,0.0,0.0,0.0,0.0,-0.2453755690468165,0.0021279635784531943,1e-06,0.0
54.0,15.445651327267537,0.5579822120784586,297.9,0.015,2354.7880690737834,0.0,0.0,0.0,0.0,0.0,0.0,-0.2453755690468165,0.0021279635784531943,1e-06,0.0
55.0,16.013682016675382,0.5680306894078453,297.9,0.015,2354.7880690737834,0.0,0.0,0.0,0.0,0.0,0.0,-0.2453755690468165,0.0021279635784531943,1e-06,0.0
56.0,16.591745610564324,0.5780635938889432,297.9,0.015,2354.7880690737834,0.0,0.0,0.0,0.0,0.0,0.0,-0.2453755690468165,0.0021279635784531943,1e-06,0.0
57.0,17.179826261028932,0.5880806504646079,297.9,0.015,2354.7880690737834,0.0,0.0,0.0,0.0,0.0,0.0,-0.2453755690468165,0.0021279635784531943,1e-06,0.0
58.0,17.777907845541105,0.5980815845121733,297.9,0.015,2354.7880690737834,0.0,0.0,0.0,0.0,0.0,0.0,-0.2453755690468165,0.0021279635784531943,1e-06,0.0
59.0,18.385973967392086,0.6080661218509805,297.9,0.015,2354.7880690737834,0.0,0.0,0.0,0.0,0.0,0.0,-0.2453755690468165,0.0021279635784531943,1e-06,0.0
60.0,19.00400795614198,0.6180339887498948,297.9,0.015,2354.7880690737834,0.0,0.0,0.0,0.0,0.0,0.0,-0.2453755690468165,0.0021279635784531943,1e-06,0.0
61.0,19.63199286807679,0.6279849119348099,297.9,0.015,2354.7880690737834,0.0,0.0,0.0,0.0,0.0,0.0,-0.2453755690468165,0.0021279635784531943,1e-06,0.0
62.0,20.269911486672928,0.63791861859614,297.9,0.015,2354.7880690737834,0.0,0.0,0.0,0.0,0.0,0.0,-0.2453755690468165,0.0021279635784531943,1e-06,0.0
63.0,20.917746323069228,0.6478348363962988,297.9,0.015,2354.7880690737834,0.0,0.0,0.0,0.0,0.0,0.0,-0.2453755690468165,0.0021279635784531943,1e-06,0.0
64.0,21.575479616546396,0.6577332934771665,297.9,0.015,2354.7880690737834,0.0,0.0,0.0,0.0,0.0,0.0,-0.2453755690468165,0.0021279635784531943,1e-06,0.0
65.0,22.24309333501394,0.6676137184675418,297.9,0.015,2354.7880690737834,0.0,0.0,0.0,0.0,0.0,0.0,-0.2453755690468165,0.0021279635784531943,1e-06,0.0
66.0,22.92056917550452,0.6774758404905827,297.9,0.015,2354.7880690737834,0.0,0.0,0.0,0.0,0.0,0.0,-0.2453755690468165,0.0021279635784531943,1e-06,0.0
67.0,23.607888564675754,0.6873193891712321,297.9,0.015,2354.7880690737834,0.0,0.0,0.0,0.0,0.0,0.0,-0.2453755690468165,0.0021279635784531943,1e-06,0.0
68.0,24.305032659319384,0.6971440946436304,297.9,0.015,2354.7880690737834,0.0,0.0,0.0,0.0,0.0,0.0,-0.2453755690468165,0.0021279635784531943,1e-06,0.0
69.0,25.011982346877897,0.7069496875585143,297.9,0.015,2354.7880690737834,0.0,0.0,0.0,0.0,0.0,0.0,-0.2453755690468165,0.0021279635784531943,1e-06,0.0
70.0,25.728718245968498,0.7167358990906004,297.9,0.015,2354.7880690737834,0.0,0.0,0.0,0.0,0.0,0.0,-0.2453755690468165,0.0021279635784531943,1e-06,0.0
71.0,26.455220706914453,0.7265024609459567,297.9,0.015,2354.7880690737834,0.0,0.0,0.0,0.0,0.0,0.0,-0.2453755690468165,0.0021279635784531943,1e-06,0.0
72.0,27.19146981228381,0.7362491053693558,297.9,0.015,2354.7880690737834,0.0,0.0,0.0,0.0,0.0,0.0,-0.2453755690468165,0.0021279635784531943,1e-06,0.0
73.0,27.937445377435427,0.7459755651516178,297.9,0.015,2354.7880690737834,0.0,0.0,0.0,0.0,0.0,0.0,-0.2453755690468165,0.0021279635784531943,1e-06,0.0
74.0,28.69312695107236,0.7556815736369342,297.9,0.015,2354.7880690737834,0.0,0.0,0.0,0.0,0.0,0.0,-0.2453755690468165,0.0021279635784531943,1e-06,0.0
75.0,29.45849381580254,0.7653668647301796,297.9,0.015,2354.7880690737834,0.0,0.0,0.0,0.0,0.0,0.0,-0.2453755690468165,0.0021279635784531943,1e-06,0.0
76.0,30.233524988706748,0.7750311729042059,297.9,0.015,2354.7880690737834,0.0,0.0,0.0,0.0,0.0,0.0,-0.2453755690468165,0.0021279635784531943,1e-06,0.0
77.0,31.01819922191387,0.7846742332071229,297.9,0.015,2354.7880690737834,0.0,0.0,0.0,0.0,0.0,0.0,-0.2453755690468165,0.0021279635784531943,1e-06,0.0
78.0,31.812495003183432,0.7942957812695611,297.9,0.015,2354.7880690737834,0.0,0.0,0.0,0.0,0.0,0.0,-0.2453755690468165,0.0021279635784531943,1e-06,0.0
79.0,32.616390556495354,0.8038955533119203,297.9,0.015,2354.7880690737834,0.0,0.0,0.0,0.0,0.0,0.0,-0.2453755690468165,0.0021279635784531943,1e-06,0.0
80.0,33.42986384264695,0.8134732861516003,297.9,0.015,2354.7880690737834,0.0,0.0,0.0,0.0,0.0,0.0,-0.2453755690468165,0.0021279635784531943,1e-06,0.0
81.0,34.25289255985717,0.8230287172102175,297.9,0.015,2354.7880690737834,0.0,0.0,0.0,0.0,0.0,0.0,-0.2453755690468165,0.0021279635784531943,1e-06,0.0
82.0,35.08545414437798,0.8325615845208022,297.9,0.015,2354.7880690737834,0.0,0.0,0.0,0.0,0.0,0.0,-0.2453755690468165,0.0021279635784531943,1e-06,0.0
83.0,35.92752577111296,0.8420716267349821,297.9,0.015,2354.7880690737834,0.0,0.0,0.0,0.0,0.0,0.0,-0.2453755690468165,0.0021279635784531943,1e-06,0.0
84.0,36.7790843542431,0.8515585831301453,297.9,0.015,2354.7880690737834,0.0,0.0,0.0,0.0,0.0,0.0,-0.2453755690468165,0.0021279635784531943,1e-06,0.0
85.0,37.640106547859695,0.8610221936165903,297.9,0.015,2354.7880690737834,0.0,0.0,0.0,0.0,0.0,0.0,-0.2453755690468165,0.0021279635784531943,1e-06,0.0
86.0,38.51056874660435,0.8704621987446549,297.9,0.015,2354.7880690737834,0.0,0.0,0.0,0.0,0.0,0.0,-0.2453755690468165,0.0021279635784531943,1e-06,0.0
87.0,39.39044708631618,0.8798783397118302,297.9,0.015,2354.7880690737834,0.0,0.0,0.0,0.0,0.0,0.0,-0.2453755690468165,0.0021279635784531943,1e-06,0.0
88.0,40.279717444686035,0.8892703583698548,297.9,0.015,2354.7880690737834,0.0,0.0,0.0,0.0,0.0,0.0,-0.2453755690468165,0.0021279635784531943,1e-06,0.0
89.0,41.17835544191783,0.8986379972317933,297.9,0.015,2354.7880690737834,0.0,0.0,0.0,0.0,0.0,0.0,-0.2453755690468165,0.0021279635784531943,1e-06,0.0
90.0,42.086336441396924,0.9079809994790935,297.9,0.015,2354.7880690737834,0.0,0.0,0.0,0.0,0.0,0.0,-0.2453755690468165,0.0021279635784531943,1e-06,0.0
91.0,43.00363555036555,0.9172991089686299,297.9,0.015,2354.7880690737834,0.0,0.0,0.0,0.0,0.0,0.0,-0.2453755690468165,0.0021279635784531943,1e-06,0.0
92.0,43.93022762060527,0.9265920702397233,297.9,0.015,2354.7880690737834,0.0,0.0,0.0,0.0,0.0,0.0,-0.2453755690468165,0.0021279635784531943,1e-06,0.0
93.0,44.866087249126416,0.9358596285211467,297.9,0.015,2354.7880690737834,0.0,0.0,0.0,0.0,0.0,0.0,-0.2453755690468165,0.0021279635784531943,1e-06,0.0
94.0,45.811188778864526,0.945101529738108,297.9,0.015,2354.7880690737834,0.0,0.0,0.0,0.0,0.0,0.0,-0.2453755690468165,0.0021279635784531943,1e-06,0.0
95.0,46.765506299383745,0.9543175205192168,297.9,0.015,2354.7880690737834,0.0,0.0,0.0,0.0,0.0,0.0,-0.2453755690468165,0.0021279635784531943,1e-06,0.0
96.0,47.72901364758717,0.9635073482034306,297.9,0.015,2354.7880690737834,0.0,0.0,0.0,0.0,0.0,0.0,-0.2453755690468165,0.0021279635784531943,1e-06,0.0
97.0,48.701684408434154,0.9726707608469809,297.9,0.015,2354.7880690737834,0.0,0.0,0.0,0.0,0.0,0.0,-0.2453755690468165,0.0021279635784531943,1e-06,0.0
98.0,49.68349191566443,0.9818075072302815,297.9,0.015,2354.7880690737834,0.0,0.0,0.0,0.0,0.0,0.0,-0.2453755690468165,0.0021279635784531943,1e-06,0.0
99.0,50.67440925252925,0.9909173368648152,297.9,0.015,2354.7880690737834,0.0,0.0,0.0,0.0,0.0,0.0,-0.2453755690468165,0.0021279635784531943,1e-06,0.0
100.0,51.67440925252925,1.0,297.9,0.015,2354.7880690737834,0.0,0.0,0.0,0.0,0.0,0.0,-0.2453755690468165,0.0021279635784531943,1e-06,0.0
101.0,52.68346450015929,1.0090552476300385,297.9,0.015,2354.7880690737834,0.0,0.0,0.0,0.0,0.0,0.0,-0.2453755690468165,0.0021279635784531943,1e-06,0.0
102.0,53.70154733166003,1.0180828315007426,297.9,0.015,2354.7880690737834,0.0,0.0,0.0,0.0,0.0,0.0,-0.2453755690468165,0.0021279635784531943,1e-06,0.0
103.0,54.728629835776374,1.02708250411634,297.9,0.015,2354.7880690737834,0.0,0.0,0.0,0.0,0.0,0.0,-0.2453755690468165,0.0021279635784531943,1e-06,0.0
104.0,55.76468385452264,1.0360540187462604,297.9,0.015,2354.7880690737834,0.0,0.0,0.0,0.0,0.0,0.0,-0.2453755690468165,0.0021279635784531943,1e-06,0.0
105.0,56.809680983954536,1.0449971294318976,297.9,0.015,2354.7880690737834,0.0,0.0,0.0,0.0,0.0,0.0,-0.2453755690468165,0.0021279635784531943,1e-06,0.0
106.0,57.863592574947894,1.0539115909933552,297.9,0.015,2354.7880690737834,0.0,0.0,0.0,0.0,0.0,0.0,-0.2453755690468165,0.0021279635784531943,1e-06,0.0
107.0,58.92638973398406,1.0627971590361658,297.9,0.015,2354.7880690737834,0.0,0.0,0.0,0.0,0.0,0.0,-0.2453755690468165,0.0021279635784531943,1e-06,0.0
108.0,59.998043323942056,1.0716535899579933,297.9,0.015,2354.7880690737834,0.0,0.0,0.0,0.0,0.0,0.0,-0.2453755690468165,0.0021279635784531943,1e-06,0.0
109.0,61.078523964897364,1.0804806409553098,297.9,0.015,2354.7880690737834,0.0,0.0,0.0,0.0,0.0,0.0,-0.2453755690468165,0.0021279635784531943,1e-06,0.0
110.0,62.16780203492742,1.0892780700300542,297.9,0.015,2354.7880690737834,0.0,0.0,0.0,0.0,0.0,0.0,-0.2453755690468165,0.0021279635784531943,1e-06,0.0
111.0,63.265847670923684,1.0980456359962636,297.9,0.015,2354.7880690737834,0.0,0.0,0.0,0.0,0.0,0.0,-0.2453755690468165,0.0021279635784531943,1e-06,0.0
112.0,64.37263076941038,1.1067830984866882,297.9,0.015,2354.7880690737834,0.0,0.0,0.0,0.0,0.0,0.0,-0.2453755690468165,0.0021279635784531943,1e-06,0.0
113.0,65.48812098736975,1.1154902179593802,297.9,0.015,2354.7880690737834,0.0,0.0,0.0,0.0,0.0,0.0,-0.2453755690468165,0.0021279635784531943,1e-06,0.0
114.0,66.61228774307402,1.1241667557042612,297.9,0.015,2354.7880690737834,0.0,0.0,0.0,0.0,0.0,0.0,-0.2453755690468165,0.0021279635784531943,1e-06,0.0
115.0,67.74510021692369,1.1328124738496657,297.9,0.015,2354.7880690737834,0.0,0.0,0.0,0.0,0.0,0.0,-0.2453755690468165,0.0021279635784531943,1e-06,0.0
116.0,68.88652735229255,1.1414271353688632,297.9,0.015,2354.7880690737834,0.0,0.0,0.0,0.0,0.0,0.0,-0.2453755690468165,0.0021279635784531943,1e-06,0.0
117.0,70.0365378563791,1.1500105040865571,297.9,0.015,2354.7880690737834,0.0,0.0,0.0,0.0,0.0,0.0,-0.2453755690468165,0.0021279635784531943,1e-06,0.0
118.0,71.19510020106446,1.1585623446853577,297.9,0.015,2354.7880690737834,0.0,0.0,0.0,0.0,0.0,0.0,-0.2453755690468165,0.0021279635784531943,1e-06,0.0
119.0,72.3621826237767,1.167082422712235,297.9,0.015,2354.7880690737834,0.0,0.0,0.0,0.0,0.0,0.0,-0.2453755690468165,0.0021279635784531943,1e-06,0.0
120.0,73.53775312836164,1.1755705045849463,297.9,0.015,2354.7880690737834,0.0,0.0,0.0,0.0,0.0,0.0,-0.2453755690468165,0.0021279635784531943,1e-06,0.0
121.0,74.72177948596008,1.184026357598439,297.9,0.015,2354.7880690737834,0.0,0.0,0.0,0.0,0.0,0.0,-0.2453755690468165,0.0021279635784531943,1e-06,0.0
122.0,75.91422923589131,1.1924497499312317,297.9,0.015,2354.7880690737834,0.0,0.0,0.0,0.0,0.0,0.0,-0.2453755690468165,0.0021279635784531943,1e-06,0.0
123.0,77.11506968654308,1.200840450651768,297.9,0.015,2354.7880690737834,0.0,0.0,0.0,0.0,0.0,0.0,-0.2453755690468165,0.0021279635784531943,1e-06,0.0
124.0,78.32426791626783,1.2091982297247497,297.9,0.015,2354.7880690737834,0.0,0.0,0.0,0.0,0.0,0.0,-0.2453755690468165,0.0021279635784531943,1e-06,0.0
125.0,79.54179077428527,1.217522858017441,297.9,0.015,2354.7880690737834,0.0,0.0,0.0,0.0,0.0,0.0,-0.2453755690468165,0.0021279635784531943,1e-06,0.0
126.0,80.76760488159123,1.225814107305953,297.9,0.015,2354.7880690737834,0.0,0.0,0.0,0.0,0.0,0.0,-0.2453755690468165,0.0021279635784531943,1e-06,0.0
127.0,82.00167663187273,1.2340717502814973,297.9,0.015,2354.7880690737834,0.0,0.0,0.0,0.0,0.0,0.0,-0.2453755690468165,0.0021279635784531943,1e-06,0.0
128.0,83.24397219242935,1.2422955605566206,297.9,0.015,2354.7880690737834,0.0,0.0,0.0,0.0,0.0,0.0,-0.2453755690468165,0.0021279635784531943,1e-06,0.0
129.0,84.49445750510077,1.2504853126714102,297.9,0.015,2354.7880690737834,0.0,0.0,0.0,0.0,0.0,0.0,-0.2453755690468165,0.0021279635784531943,1e-06,0.0
130.0,85.75309828720044,1.2586407820996748,297.9,0.015,2354.7880690737834,0.0,0.0,0.0,0.0,0.0,0.0,-0.2453755690468165,0.0021279635784531943,1e-06,0.0
131.0,87.01986003245554,1.2667617452551003,297.9,0.015,2354.7880690737834,0.0,0.0,0.0,0.0,0.0,0.0,-0.2453755690468165,0.0021279635784531943,1e-06,0.0
132.0,88.29470801195292,1.2748479794973793,297.9,0.015,2354.7880690737834,0.0,0.0,0.0,0.0,0.0,0.0,-0.2453755690468165,0.0021279635784531943,1e-06,0.0
133.0,89.57760727509124,1.2828992631383156,297.9,0.015,2354.7880690737834,0.0,0.0,0.0,0.0,0.0,0.0,-0.2453755690468165,0.0021279635784531943,1e-06,0.0
134.0,90.86852265053913,1.290915375447901,297.9,0.015,2354.7880690737834,0.0,0.0,0.0,0.0,0.0,0.0,-0.2453755690468165,0.0021279635784531943,1e-06,0.0
135.0,92.1674187471995,1.2988960966603673,297.9,0.015,2354.7880690737834,0.0,0.0,0.0,0.0,0.0,0.0,-0.2453755690468165,0.0021279635784531943,1e-06,0.0
136.0,93.47425995517972,1.3068412079802108,297.9,0.015,2354.7880690737834,0.0,0.0,0.0,0.0,0.0,0.0,-0.2453755690468165,0.0021279635784531943,1e-06,0.0
137.0,94.7890104467679,1.3147504915881916,297.9,0.015,2354.7880690737834,0.0,0.0,0.0,0.0,0.0,0.0,-0.2453755690468165,0.0021279635784531943,1e-06,0.0
138.0,96.11163417741521,1.3226237306473037,297.9,0.015,2354.7880690737834,0.0,0.0,0.0,0.0,0.0,0.0,-0.2453755690468165,0.0021279635784531943,1e-06,0.0
139.0,97.44209488672394,1.3304607093087217,297.9,0.015,2354.7880690737834,0.0,0.0,0.0,0.0,0.0,0.0,-0.2453755690468165,0.0021279635784531943,1e-06,0.0
140.0,98.78035609944165,1.3382612127177163,297.9,0.015,2354.7880690737834,0.0,0.0,0.0,0.0,0.0,0.0,-0.2453755690468165,0.0021279635784531943,1e-06,0.0
141.0,100.1263811264612,1.3460250270195466,297.9,0.015,2354.7880690737834,0.0,0.0,0.0,0.0,0.0,0.0,-0.2453755690468165,0.0021279635784531943,1e-06,0.0
142.0,101.48013306582652,1.3537519393653215,297.9,0.015,2354.7880690737834,0.0,0.0,0.0,0.0,0.0,0.0,-0.2453755690468165,0.0021279635784531943,1e-06,0.0
143.0,102.84157480374435,1.3614417379178356,297.9,0.015,2354.7880690737834,0.0,0.0,0.0,0.0,0.0,0.0,-0.2453755690468165,0.0021279635784531943,1e-06,0.0
144.0,104.21066901560172,1.3690942118573772,297.9,0.015,2354.7880690737834,0.0,0.0,0.0,0.0,0.0,0.0,-0.2453755690468165,0.0021279635784531943,1e-06,0.0
145.0,105.58737816698923,1.3767091513875078,297.9,0.015,2354.7880690737834,0.0,0.0,0.0,0.0,0.0,0.0,-0.2453755690468165,0.0021279635784531943,1e-06,0.0
146.0,106.97166451473004,1.3842863477408136,297.9,0.015,2354.7880690737834,0.0,0.0,0.0,0.0,0.0,0.0,-0.2453755690468165,0.0021279635784531943,1e-06,0.0
147.0,108.36349010791467,1.3918255931846288,297.9,0.015,2354.7880690737834,0.0,0.0,0.0,0.0,0.0,0.0,-0.2453755690468165,0.0021279635784531943,1e-06,0.0
148.0,109.76281678894141,1.3993266810267309,297.9,0.015,2354.7880690737834,0.0,0.0,0.0,0.0,0.0,0.0,-0.2453755690468165,0.0021279635784531943,1e-06,0.0
149.0,111.16960619456242,1.4067894056210077,297.9,0.015,2354.7880690737834,0.0,0.0,0.0,0.0,0.0,0.0,-0.2453755690468165,0.0021279635784531943,1e-06,0.0
150.0,112.58381975693551,1.414213562373095,297.9,0.015,2354.7880690737834,0.0,0.0,0.0,0.0,0.0,0.0,-0.2453755690468165,0.0021279635784531943,1e-06,0.0
151.0,114.0054187046815,1.421598947745985,297.9,0.015,2354.7880690737834,0.0,0.0,0.0,0.0,0.0,0.0,-0.2453755690468165,0.0021279635784531943,1e-06,0.0
152.0,115.43436406394711,1.4289453592656065,297.9,0.015,2354.7880690737834,0.0,0.0,0.0,0.0,0.0,0.0,-0.2453755690468165,0.0021279635784531943,1e-06,0.0
153.0,116.8706166594735,1.4362525955263776,297.9,0.015,2354.7880690737834,0.0,0.0,0.0,0.0,0.0,0.0,-0.2453755690468165,0.0021279635784531943,1e-06,0.0
154.0,118.31413711567022,1.4435204561967243,297.9,0.015,2354.7880690737834,0.0,0.0,0.0,0.0,0.0,0.0,-0.2453755690468165,0.0021279635784531943,1e-06,0.0
155.0,119.7648858576948,1.4507487420245753,297.9,0.015,2354.7880690737834,0.0,0.0,0.0,0.0,0.0,0.0,-0.2453755690468165,0.0021279635784531943,1e-06,0.0
156.0,121.22282311253761,1.4579372548428229,297.9,0.015,2354.7880690737834,0.0,0.0,0.0,0.0,0.0,0.0,-0.2453755690468165,0.0021279635784531943,1e-06,0.0
157.0,122.68790891011237,1.4650857975747573,297.9,0.015,2354.7880690737834,0.0,0.0,0.0,0.0,0.0,0.0,-0.2453755690468165,0.0021279635784531943,1e-06,0.0
158.0,124.16010308435183,1.4721941742394686,297.9,0.015,2354.7880690737834,0.0,0.0,0.0,0.0,0.0,0.0,-0.2453755690468165,0.0021279635784531943,1e-06,0.0
159.0,125.63936527430906,1.4792621899572194,297.9,0.015,2354.7880690737834,0.0,0.0,0.0,0.0,0.0,0.0,-0.2453755690468165,0.0021279635784531943,1e-06,0.0
160.0,127.12565492526385,1.4862896509547883,297.9,0.015,2354.7880690737834,0.0,0.0,0.0,0.0,0.0,0.0,-0.2453755690468165,0.0021279635784531943,1e-06,0.0
161.0,128.61893128983462,1.4932763645707827,297.9,0.015,2354.7880690737834,0.0,0.0,0.0,0.0,0.0,0.0,-0.2453755690468165,0.0021279635784531943,1e-06,0.0
162.0,130.11915342909555,1.500222139260919,297.9,0.015,2354.7880690737834,0.0,0.0,0.0,0.0,0.0,0.0,-0.2453755690468165,0.0021279635784531943,1e-06,0.0
163.0,131.62628021369883,1.5071267846032756,297.9,0.015,2354.7880690737834,0.0,0.0,0.0,0.0,0.0,0.0,-0.2453755690468165,0.0021279635784531943,1e-06,0.0
164.0,133.14027032500235,1.5139901113035126,297.9,0.015,2354.7880690737834,0.0,0.0,0.0,0.0,0.0,0.0,-0.2453755690468165,0.0021279635784531943,1e-06,0.0
165.0,134.6610822562024,1.5208119312000616,297.9,0.015,2354.7880690737834,0.0,0.0,0.0,0.0,0.0,0.0,-0.2453755690468165,0.0021279635784531943,1e-06,0.0
166.0,136.1886743134717,1.5275920572692845,297.9,0.015,2354.7880690737834,0.0,0.0,0.0,0.0,0.0,0.0,-0.2453755690468165,0.0021279635784531943,1e-06,0.0
167.0,137.7230046171023,1.534330303630599,297.9,0.015,2354.7880690737834,0.0,0.0,0.0,0.0,0.0,0.0,-0.2453755690468165,0.0021279635784531943,1e-06,0.0
168.0,139.2640311026539,1.5410264855515785,297.9,0.015,2354.7880690737834,0.0,0.0,0.0,0.0,0.0,0.0,-0.2453755690468165,0.0021279635784531943,1e-06,0.0
169.0,140.8117115221069,1.5476804194530123,297.9,0.015,2354.7880690737834,0.0,0.0,0.0,0.0,0.0,0.0,-0.2453755690468165,0.0021279635784531943,1e-06,0.0
170.0,142.36600344502082,1.5542919229139418,297.9,0.015,2354.7880690737834,0.0,0.0,0.0,0.0,0.0,0.0,-0.2453755690468165,0.0021279635784531943,1e-06,0.0
171.0,143.92686425969748,1.5608608146766594,297.9,0.015,2354.7880690737834,0.0,0.0,0.0,0.0,0.0,0.0,-0.2453755690468165,0.0021279635784531943,1e-06,0.0
172.0,145.49425117434916,1.5673869146516795,297.9,0.015,2354.7880690737834,0.0,0.0,0.0,0.0,0.0,0.0,-0.2453755690468165,0.0021279635784531943,1e-06,0.0
173.0,147.06812121827184,1.5738700439226745,297.9,0.015,2354.7880690737834,0.0,0.0,0.0,0.0,0.0,0.0,-0.2453755690468165,0.0021279635784531943,1e-06,0.0
174.0,148.64843124302323,1.5803100247513806,297.9,0.015,2354.7880690737834,0.0,0.0,0.0,0.0,0.0,0.0,-0.2453755690468165,0.0021279635784531943,1e-06,0.0
175.0,150.2351379236057,1.5867066805824703,297.9,0.015,2354.7880690737834,0.0,0.0,0.0,0.0,0.0,0.0,-0.2453755690468165,0.0021279635784531943,1e-06,0.0
176.0,151.82819775965407,1.5930598360483923,297.9,0.015,2354.7880690737834,0.0,0.0,0.0,0.0,0.0,0.0,-0.2453755690468165,0.0021279635784531943,1e-06,0.0
177.0,153.42756707662826,1.5993693169741812,297.9,0.015,2354.7880690737834,0.0,0.0,0.0,0.0,0.0,0.0,-0.2453755690468165,0.0021279635784531943,1e-06,0.0
178.0,155.0332020270105,1.6056349503822291,297.9,0.015,2354.7880690737834,0.0,0.0,0.0,0.0,0.0,0.0,-0.2453755690468165,0.0021279635784531943,1e-06,0.0
179.0,156.64505859150754,1.6118565644970315,297.9,0.015,2354.7880690737834,0.0,0.0,0.0,0.0,0.0,0.0,-0.2453755690468165,0.0021279635784531943,1e-06,0.0
180.0,158.26309258025742,1.618033988749895,297.9,0.015,2354.7880690737834,0.0,0.0,0.0,0.0,0.0,0.0,-0.2453755690468165,0.0021279635784531943,1e-06,0.0
181.0,159.88725963404104,1.6241670537836124,297.9,0.015,2354.7880690737834,0.0,0.0,0.0,0.0,0.0,0.0,-0.2453755690468165,0.0021279635784531943,1e-06,0.0
182.0,161.51751522549816,1.6302555914571084,297.9,0.015,2354.7880690737834,0.0,0.0,0.0,0.0,0.0,0.0,-0.2453755690468165,0.0021279635784531943,1e-06,0.0
183.0,163.15381466034822,1.6362994348500468,297.9,0.015,2354.7880690737834,0.0,0.0,0.0,0.0,0.0,0.0,-0.2453755690468165,0.0021279635784531943,1e-06,0.0
184.0,164.79611307861563,1.6422984182674079,297.9,0.015,2354.7880690737834,0.0,0.0,0.0,0.0,0.0,0.0,-0.2453755690468165,0.0021279635784531943,1e-06,0.0
185.0,166.44436545585967,1.6482523772440312,297.9,0.015,2354.7880690737834,0.0,0.0,0.0,0.0,0.0,0.0,-0.2453755690468165,0.0021279635784531943,1e-06,0.0
186.0,168.0985266044088,1.6541611485491234,297.9,0.015,2354.7880690737834,0.0,0.0,0.0,0.0,0.0,0.0,-0.2453755690468165,0.0021279635784531943,1e-06,0.0
187.0,169.75855117459952,1.660024570190735,297.9,0.015,2354.7880690737834,0.0,0.0,0.0,0.0,0.0,0.0,-0.2453755690468165,0.0021279635784531943,1e-06,0.0
188.0,171.4243936560197,1.665842481420199,297.9,0.015,2354.7880690737834,0.0,0.0,0.0,0.0,0.0,0.0,-0.2453755690468165,0.0021279635784531943,1e-06,0.0
189.0,173.09600837875624,1.6716147227365405,297.9,0.015,2354.7880690737834,0.0,0.0,0.0,0.0,0.0,0.0,-0.2453755690468165,0.0021279635784531943,1e-06,0.0
190.0,174.7733495146471,1.677341135890848,297.9,0.015,2354.7880690737834,0.0,0.0,0.0,0.0,0.0,0.0,-0.2453755690468165,0.0021279635784531943,1e-06,0.0
191.0,176.4563710785377,1.6830215638906123,297.9,0.015,2354.7880690737834,0.0,0.0,0.0,0.0,0.0,0.0,-0.2453755690468165,0.0021279635784531943,1e-06,0.0
192.0,178.14502692954173,1.6886558510040302,297.9,0.015,2354.7880690737834,0.0,0.0,0.0,0.0,0.0,0.0,-0.2453755690468165,0.0021279635784531943,1e-06,0.0
193.0,179.839270772306,1.6942438427642743,297.9,0.015,2354.7880690737834,0.0,0.0,0.0,0.0,0.0,0.0,-0.2453755690468165,0.0021279635784531943,1e-06,0.0
194.0,181.53905615827975,1.6997853859737277,297.9,0.015,2354.7880690737834,0.0,0.0,0.0,0.0,0.0,0.0,-0.2453755690468165,0.0021279635784531943,1e-06,0.0
195.0,183.24433648698795,1.7052803287081844,297.9,0.015,2354.7880690737834,0.0,0.0,0.0,0.0,0.0,0.0,-0.2453755690468165,0.0021279635784531943,1e-06,0.0
196.0,184.95506500730897,1.7107285203210132,297.9,0.015,2354.7880690737834,0.0,0.0,0.0,0.0,0.0,0.0,-0.2453755690468165,0.0021279635784531943,1e-06,0.0
197.0,186.67119481875628,1.7161298114472892,297.9,0.015,2354.7880690737834,0.0,0.0,0.0,0.0,0.0,0.0,-0.2453755690468165,0.0021279635784531943,1e-06,0.0
198.0,188.39267887276415,1.7214840540078873,297.9,0.015,2354.7880690737834,0.0,0.0,0.0,0.0,0.0,0.0,-0.2453755690468165,0.0021279635784531943,1e-06,0.0
199.0,190.1194699739777,1.7267911012135433,297.9,0.015,2354.7880690737834,0.0,0.0,0.0,0.0,0.0,0.0,-0.2453755690468165,0.0021279635784531943,1e-06,0.0
200.0,191.85152078154655,1.7320508075688774,297.9,0.015,2354.7880690737834,0.0,0.0,0.0,0.0,0.0,0.0,-0.2453755690468165,0.0021279635784531943,1e-06,0.0
201.0,193.58878381042294,1.7372630288763824,297.9,0.015,2354.7880690737834,0.0,0.0,0.0,0.0,0.0,0.0,-0.2453755690468165,0.0021279635784531943,1e-06,0.0
202.0,195.3312114326633,1.7424276222403787,297.9,0.015,2354.7880690737834,0.0,0.0,0.0,0.0,0.0,0.0,-0.2453755690468165,0.0021279635784531943,1e-06,0.0
203.0,197.07875587873423,1.7475444460709304,297.9,0.015,2354.7880690737834,0.0,0.0,0.0,0.0,0.0,0.0,-0.2453755690468165,0.0021279635784531943,1e-06,0.0
204.0,198.83136923882196,1.7526133600877272,297.9,0.015,2354.7880690737834,0.0,0.0,0.0,0.0,0.0,0.0,-0.2453755690468165,0.0021279635784531943,1e-06,0.0
205.0,200.5890034641459,1.7576342253239305,297.9,0.015,2354.7880690737834,0.0,0.0,0.0,0.0,0.0,0.0,-0.2453755690468165,0.0021279635784531943,1e-06,0.0
206.0,202.35161036827589,1.7626069041299843,297.9,0.015,2354.7880690737834,0.0,0.0,0.0,0.0,0.0,0.0,-0.2453755690468165,0.0021279635784531943,1e-06,0.0
207.0,204.11914162845326,1.7675312601773867,297.9,0.015,2354.7880690737834,0.0,0.0,0.0,0.0,0.0,0.0,-0.2453755690468165,0.0021279635784531943,1e-06,0.0
208.0,205.8915487869157,1.7724071584624295,297.9,0.015,2354.7880690737834,0.0,0.0,0.0,0.0,0.0,0.0,-0.2453755690468165,0.0021279635784531943,1e-06,0.0
209.0,207.6687832522256,1.7772344653098977,297.9,0.015,2354.7880690737834,0.0,0.0,0.0,0.0,0.0,0.0,-0.2453755690468165,0.0021279635784531943,1e-06,0.0
210.0,209.45079630060235,1.7820130483767356,297.9,0.015,2354.7880690737834,0.0,0.0,0.0,0.0,0.0,0.0,-0.2453755690468165,0.0021279635784531943,1e-06,0.0
211.0,211.23753907725802,1.7867427766556752,297.9,0.015,2354.7880690737834,0.0,0.0,0.0,0.0,0.0,0.0,-0.2453755690468165,0.0021279635784531943,1e-06,0.0
212.0,213.02896259773684,1.7914235204788258,297.9,0.015,2354.7880690737834,0.0,0.0,0.0,0.0,0.0,0.0,-0.2453755690468165,0.0021279635784531943,1e-06,0.0
213.0,214.82501774925808,1.796055151521231,297.9,0.015,2354.7880690737834,0.0,0.0,0.0,0.0,0.0,0.0,-0.2453755690468165,0.0021279635784531943,1e-06,0.0
214.0,216.62565529206248,1.800637542804387,297.9,0.015,2354.7880690737834,0.0,0.0,0.0,0.0,0.0,0.0,-0.2453755690468165,0.0021279635784531943,1e-06,0.0
215.0,218.43082586076218,1.805170568699721,297.9,0.015,2354.7880690737834,0.0,0.0,0.0,0.0,0.0,0.0,-0.2453755690468165,0.0021279635784531943,1e-06,0.0
216.0,220.24047996569422,1.8096541049320392,297.9,0.015,2354.7880690737834,0.0,0.0,0.0,0.0,0.0,0.0,-0.2453755690468165,0.0021279635784531943,1e-06,0.0
217.0,222.05456799427714,1.8140880285829297,297.9,0.015,2354.7880690737834,0.0,0.0,0.0,0.0,0.0,0.0,-0.2453755690468165,0.0021279635784531943,1e-06,0.0
218.0,223.87304021237128,1.8184722180941368,297.9,0.015,2354.7880690737834,0.0,0.0,0.0,0.0,0.0,0.0,-0.2453755690468165,0.0021279635784531943,1e-06,0.0
219.0,225.69584676564216,1.8228065532708906,297.9,0.015,2354.7880690737834,0.0,0.0,0.0,0.0,0.0,0.0,-0.2453755690468165,0.0021279635784531943,1e-06,0.0
220.0,227.52293768092736,1.8270909152852017,297.9,0.015,2354.7880690737834,0.0,0.0,0.0,0.0,0.0,0.0,-0.2453755690468165,0.0021279635784531943,1e-06,0.0
221.0,229.35426286760648,1.831325186679122,297.9,0.015,2354.7880690737834,0.0,0.0,0.0,0.0,0.0,0.0,-0.2453755690468165,0.0021279635784531943,1e-06,0.0
222.0,231.18977211897445,1.8355092513679623,297.9,0.015,2354.7880690737834,0.0,0.0,0.0,0.0,0.0,0.0,-0.2453755690468165,0.0021279635784531943,1e-06,0.0
223.0,233.02941511361792,1.8396429946434751,297.9,0.015,2354.7880690737834,0.0,0.0,0.0,0.0,0.0,0.0,-0.2453755690468165,0.0021279635784531943,1e-06,0.0
224.0,234.8731414167949,1.843726303177001,297.9,0.015,2354.7880690737834,0.0,0.0,0.0,0.0,0.0,0.0,-0.2453755690468165,0.0021279635784531943,1e-06,0.0
225.0,236.7209004818175,1.8477590650225735,297.9,0.015,2354.7880690737834,0.0,0.0,0.0,0.0,0.0,0.0,-0.2453755690468165,0.0021279635784531943,1e-06,0.0
226.0,238.5726416514375,1.8517411696199895,297.9,0.015,2354.7880690737834,0.0,0.0,0.0,0.0,0.0,0.0,-0.2453755690468165,0.0021279635784531943,1e-06,0.0
227.0,240.42831415923533,1.85567250779784,297.9,0.015,2354.7880690737834,0.0,0.0,0.0,0.0,0.0,0.0,-0.2453755690468165,0.0021279635784531943,1e-06,0.0
228.0,242.28786713101184,1.8595529717765027,297.9,0.015,2354.7880690737834,0.0,0.0,0.0,0.0,0.0,0.0,-0.2453755690468165,0.0021279635784531943,1e-06,0.0
229.0,244.15124958618293,1.8633824551710978,297.9,0.015,2354.7880690737834,0.0,0.0,0.0,0.0,0.0,0.0,-0.2453755690468165,0.0021279635784531943,1e-06,0.0
230.0,246.01841043917733,1.8671608529944035,297.9,0.015,2354.7880690737834,0.0,0.0,0.0,0.0,0.0,0.0,-0.2453755690468165,0.0021279635784531943,1e-06,0.0
231.0,247.88929850083707,1.8708880616597348,297.9,0.015,2354.7880690737834,0.0,0.0,0.0,0.0,0.0,0.0,-0.2453755690468165,0.0021279635784531943,1e-06,0.0
232.0,249.76386247982086,1.874563978983783,297.9,0.015,2354.7880690737834,0.0,0.0,0.0,0.0,0.0,0.0,-0.2453755690468165,0.0021279635784531943,1e-06,0.0
233.0,251.64205098401027,1.8781885041894182,297.9,0.015,2354.7880690737834,0.0,0.0,0.0,0.0,0.0,0.0,-0.2453755690468165,0.0021279635784531943,1e-06,0.0
234.0,253.52381252191873,1.881761537908451,297.9,0.015,2354.7880690737834,0.0,0.0,0.0,0.0,0.0,0.0,-0.2453755690468165,0.0021279635784531943,1e-06,0.0
235.0,255.40909550410308,1.8852829821843569,297.9,0.015,2354.7880690737834,0.0,0.0,0.0,0.0,0.0,0.0,-0.2453755690468165,0.0021279635784531943,1e-06,0.0
236.0,257.29784824457806,1.888752740474962,297.9,0.015,2354.7880690737834,0.0,0.0,0.0,0.0,0.0,0.0,-0.2453755690468165,0.0021279635784531943,1e-06,0.0
237.0,259.1900189622331,1.8921707176550906,297.9,0.015,2354.7880690737834,0.0,0.0,0.0,0.0,0.0,0.0,-0.2453755690468165,0.0021279635784531943,1e-06,0.0
238.0,261.0855557822523,1.8955368200191713,297.9,0.015,2354.7880690737834,0.0,0.0,0.0,0.0,0.0,0.0,-0.2453755690468165,0.0021279635784531943,1e-06,0.0
239.0,262.9844067375361,1.8988509552838075,297.9,0.015,2354.7880690737834,0.0,0.0,0.0,0.0,0.0,0.0,-0.2453755690468165,0.0021279635784531943,1e-06,0.0
240.0,264.8865197701264,1.902113032590307,297.9,0.015,2354.7880690737834,0.0,0.0,0.0,0.0,0.0,0.0,-0.2453755690468165,0.0021279635784531943,1e-06,0.0
241.0,266.7918427326336,1.9053229625071726,297.9,0.015,2354.7880690737834,0.0,0.0,0.0,0.0,0.0,0.0,-0.2453755690468165,0.0021279635784531943,1e-06,0.0
242.0,268.70032338966615,1.9084806570325537,297.9,0.015,2354.7880690737834,0.0,0.0,0.0,0.0,0.0,0.0,-0.2453755690468165,0.0021279635784531943,1e-06,0.0
243.0,270.6119094192628,1.9115860295966602,297.9,0.015,2354.7880690737834,0.0,0.0,0.0,0.0,0.0,0.0,-0.2453755690468165,0.0021279635784531943,1e-06,0.0
244.0,272.52654841432695,1.9146389950641345,297.9,0.015,2354.7880690737834,0.0,0.0,0.0,0.0,0.0,0.0,-0.2453755690468165,0.0021279635784531943,1e-06,0.0
245.0,274.44418788406335,1.917639469736386,297.9,0.015,2354.7880690737834,0.0,0.0,0.0,0.0,0.0,0.0,-0.2453755690468165,0.0021279635784531943,1e-06,0.0
246.0,276.3647752554172,1.9205873713538861,297.9,0.015,2354.7880690737834,0.0,0.0,0.0,0.0,0.0,0.0,-0.2453755690468165,0.0021279635784531943,1e-06,0.0
247.0,278.28825787451564,1.9234826190984227,297.9,0.015,2354.7880690737834,0.0,0.0,0.0,0.0,0.0,0.0,-0.2453755690468165,0.0021279635784531943,1e-06,0.0
248.0,280.21458300811094,1.9263251335953164,297.9,0.015,2354.7880690737834,0.0,0.0,0.0,0.0,0.0,0.0,-0.2453755690468165,0.0021279635784531943,1e-06,0.0
249.0,282.1436978450265,1.9291148369155962,297.9,0.015,2354.7880690737834,0.0,0.0,0.0,0.0,0.0,0.0,-0.2453755690468165,0.0021279635784531943,1e-06,0.0
250.0,284.07554949760464,1.9318516525781364,297.9,0.015,2354.7880690737834,0.0,0.0,0.0,0.0,0.0,0.0,-0.2453755690468165,0.0021279635784531943,1e-06,0.0
251.0,286.0100850031564,1.9345355055517537,297.9,0.015,2354.7880690737834,0.0,0.0,0.0,0.0,0.0,0.0,-0.2453755690468165,0.0021279635784531943,1e-06,0.0
252.0,287.9472513254137,1.9371663222572622,297.9,0.015,2354.7880690737834,0.0,0.0,0.0,0.0,0.0,0.0,-0.2453755690468165,0.0021279635784531943,1e-06,0.0
253.0,289.8869953559832,1.9397440305694935,297.9,0.015,2354.7880690737834,0.0,0.0,0.0,0.0,0.0,0.0,-0.2453755690468165,0.0021279635784531943,1e-06,0.0
254.0,291.82926391580247,1.9422685598192722,297.9,0.015,2354.7880690737834,0.0,0.0,0.0,0.0,0.0,0.0,-0.2453755690468165,0.0021279635784531943,1e-06,0.0
255.0,293.77400375659784,1.9447398407953531,297.9,0.015,2354.7880690737834,0.0,0.0,0.0,0.0,0.0,0.0,-0.2453755690468165,0.0021279635784531943,1e-06,0.0
256.0,295.72116156234415,1.9471578057463204,297.9,0.015,2354.7880690737834,0.0,0.0,0.0,0.0,0.0,0.0,-0.2453755690468165,0.0021279635784531943,1e-06,0.0
257.0,297.6706839507266,1.9495223883824435,297.9,0.015,2354.7880690737834,0.0,0.0,0.0,0.0,0.0,0.0,-0.2453755690468165,0.0021279635784531943,1e-06,0.0
258.0,299.6225174746041,1.9518335238774946,297.9,0.015,2354.7880690737834,0.0,0.0,0.0,0.0,0.0,0.0,-0.2453755690468165,0.0021279635784531943,1e-06,0.0
259.0,301.5766086234746,1.9540911488705273,297.9,0.015,2354.7880690737834,0.0,0.0,0.0,0.0,0.0,0.0,-0.2453755690468165,0.0021279635784531943,1e-06,0.0
260.0,303.5329038249422,1.9562952014676112,297.9,0.015,2354.7880690737834,0.0,0.0,0.0,0.0,0.0,0.0,-0.2453755690468165,0.0021279635784531943,1e-06,0.0
261.0,305.4913494461857,1.9584456212435315,297.9,0.015,2354.7880690737834,0.0,0.0,0.0,0.0,0.0,0.0,-0.2453755690468165,0.0021279635784531943,1e-06,0.0
262.0,307.45189179542916,1.9605423492434437,297.9,0.015,2354.7880690737834,0.0,0.0,0.0,0.0,0.0,0.0,-0.2453755690468165,0.0021279635784531943,1e-06,0.0
263.0,309.41447712341363,1.9625853279844903,297.9,0.015,2354.7880690737834,0.0,0.0,0.0,0.0,0.0,0.0,-0.2453755690468165,0.0021279635784531943,1e-06,0.0
264.0,311.379051624871,1.9645745014573772,297.9,0.015,2354.7880690737834,0.0,0.0,0.0,0.0,0.0,0.0,-0.2453755690468165,0.0021279635784531943,1e-06,0.0
265.0,313.3455614399989,1.9665098151279092,297.9,0.015,2354.7880690737834,0.0,0.0,0.0,0.0,0.0,0.0,-0.2453755690468165,0.0021279635784531943,1e-06,0.0
266.0,315.3139526559374,1.9683912159384838,297.9,0.015,2354.7880690737834,0.0,0.0,0.0,0.0,0.0,0.0,-0.2453755690468165,0.0021279635784531943,1e-06,0.0
267.0,317.2841713082469,1.970218652309548,297.9,0.015,2354.7880690737834,0.0,0.0,0.0,0.0,0.0,0.0,-0.2453755690468165,0.0021279635784531943,1e-06,0.0
268.0,319.2561633823879,1.9719920741410097,297.9,0.015,2354.7880690737834,0.0,0.0,0.0,0.0,0.0,0.0,-0.2453755690468165,0.0021279635784531943,1e-06,0.0
269.0,321.2298748152015,1.9737114328136145,297.9,0.015,2354.7880690737834,0.0,0.0,0.0,0.0,0.0,0.0,-0.2453755690468165,0.0021279635784531943,1e-06,0.0
270.0,323.2052514963918,1.9753766811902755,297.9,0.015,2354.7880690737834,0.0,0.0,0.0,0.0,0.0,0.0,-0.2453755690468165,0.0021279635784531943,1e-06,0.0
271.0,325.1822392700092,1.976987773617367,297.9,0.015,2354.7880690737834,0.0,0.0,0.0,0.0,0.0,0.0,-0.2453755690468165,0.0021279635784531943,1e-06,0.0
272.0,327.16078393593517,1.9785446659259767,297.9,0.015,2354.7880690737834,0.0,0.0,0.0,0.0,0.0,0.0,-0.2453755690468165,0.0021279635784531943,1e-06,0.0
273.0,329.1408312513683,1.980047315433115,297.9,0.015,2354.7880690737834,0.0,0.0,0.0,0.0,0.0,0.0,-0.2453755690468165,0.0021279635784531943,1e-06,0.0
274.0,331.1223269323112,1.9814956809428872,297.9,0.015,2354.7880690737834,0.0,0.0,0.0,0.0,0.0,0.0,-0.2453755690468165,0.0021279635784531943,1e-06,0.0
275.0,333.1052166550588,1.9828897227476208,297.9,0.015,2354.7880690737834,0.0,0.0,0.0,0.0,0.0,0.0,-0.2453755690468165,0.0021279635784531943,1e-06,0.0
276.0,335.0894460576878,1.9842294026289558,297.9,0.015,2354.7880690737834,0.0,0.0,0.0,0.0,0.0,0.0,-0.2453755690468165,0.0021279635784531943,1e-06,0.0
277.0,337.07496074154665,1.985514683858891,297.9,0.015,2354.7880690737834,0.0,0.0,0.0,0.0,0.0,0.0,-0.2453755690468165,0.0021279635784531943,1e-06,0.0
278.0,339.0617062727474,1.986745531200793,297.9,0.015,2354.7880690737834,0.0,0.0,0.0,0.0,0.0,0.0,-0.2453755690468165,0.0021279635784531943,1e-06,0.0
279.0,341.0496281836578,1.9879219109103594,297.9,0.015,2354.7880690737834,0.0,0.0,0.0,0.0,0.0,0.0,-0.2453755690468165,0.0021279635784531943,1e-06,0.0
280.0,343.03867197439433,1.9890437907365466,297.9,0.015,2354.7880690737834,0.0,0.0,0.0,0.0,0.0,0.0,-0.2453755690468165,0.0021279635784531943,1e-06,0.0
281.0,345.0287831143168,1.9901111399224525,297.9,0.015,2354.7880690737834,0.0,0.0,0.0,0.0,0.0,0.0,-0.2453755690468165,0.0021279635784531943,1e-06,0.0
282.0,347.01990704352295,1.99112392920616,297.9,0.015,2354.7880690737834,0.0,0.0,0.0,0.0,0.0,0.0,-0.2453755690468165,0.0021279635784531943,1e-06,0.0
283.0,349.0119891743445,1.992082130821539,297.9,0.015,2354.7880690737834,0.0,0.0,0.0,0.0,0.0,0.0,-0.2453755690468165,0.0021279635784531943,1e-06,0.0
284.0,351.0049748928435,1.9929857184990087,297.9,0.015,2354.7880690737834,0.0,0.0,0.0,0.0,0.0,0.0,-0.2453755690468165,0.0021279635784531943,1e-06,0.0
285.0,352.9988095603098,1.993834667466256,297.9,0.015,2354.7880690737834,0.0,0.0,0.0,0.0,0.0,0.0,-0.2453755690468165,0.0021279635784531943,1e-06,0.0
286.0,354.9934385147587,1.9946289544489162,297.9,0.015,2354.7880690737834,0.0,0.0,0.0,0.0,0.0,0.0,-0.2453755690468165,0.0021279635784531943,1e-06,0.0
287.0,356.9888070724299,1.9953685576712106,297.9,0.015,2354.7880690737834,0.0,0.0,0.0,0.0,0.0,0.0,-0.2453755690468165,0.0021279635784531943,1e-06,0.0
288.0,358.98486052928644,1.9960534568565431,297.9,0.015,2354.7880690737834,0.0,0.0,0.0,0.0,0.0,0.0,-0.2453755690468165,0.0021279635784531943,1e-06,0.0
289.0,360.98154416251447,1.9966836332280566,297.9,0.015,2354.7880690737834,0.0,0.0,0.0,0.0,0.0,0.0,-0.2453755690468165,0.0021279635784531943,1e-06,0.0
290.0,362.9788032320236,1.9972590695091477,297.9,0.015,2354.7880690737834,0.0,0.0,0.0,0.0,0.0,0.0,-0.2453755690468165,0.0021279635784531943,1e-06,0.0
291.0,364.97658298194756,1.99777974992394,297.9,0.015,2354.7880690737834,0.0,0.0,0.0,0.0,0.0,0.0,-0.2453755690468165,0.0021279635784531943,1e-06,0.0
292.0,366.97482864214527,1.9982456601977168,297.9,0.015,2354.7880690737834,0.0,0.0,0.0,0.0,0.0,0.0,-0.2453755690468165,0.0021279635784531943,1e-06,0.0
293.0,368.9734854297026,1.9986567875573125,297.9,0.015,2354.7880690737834,0.0,0.0,0.0,0.0,0.0,0.0,-0.2453755690468165,0.0021279635784531943,1e-06,0.0
294.0,370.97249855043407,1.9990131207314632,297.9,0.015,2354.7880690737834,0.0,0.0,0.0,0.0,0.0,0.0,-0.2453755690468165,0.0021279635784531943,1e-06,0.0
295.0,372.97181320038516,1.9993146499511145,297.9,0.015,2354.7880690737834,0.0,0.0,0.0,0.0,0.0,0.0,-0.2453755690468165,0.0021279635784531943,1e-06,0.0
296.0,374.97137456733486,1.999561366949691,297.9,0.015,2354.7880690737834,0.0,0.0,0.0,0.0,0.0,0.0,-0.2453755690468165,0.0021279635784531943,1e-06,0.0
297.0,376.9711278322982,1.9997532649633212,297.9,0.015,2354.7880690737834,0.0,0.0,0.0,0.0,0.0,0.0,-0.2453755690468165,0.0021279635784531943,1e-06,0.0
298.0,378.9710181710292,1.9998903387310243,297.9,0.015,2354.7880690737834,0.0,0.0,0.0,0.0,0.0,0.0,-0.2453755690468165,0.0021279635784531943,1e-06,0.0
299.0,380.97099075552404,1.9999725844948535,297.9,0.015,2354.7880690737834,0.0,0.0,0.0,0.0,0.0,0.0,-0.2453755690468165,0.0021279635784531943,1e-06,0.0
300.0,382.97099075552404,2.0,297.9,0.015,2354.7880690737834,0.0,0.0,0.0,0.0,0.0,0.0,-0.2453755690468165,0.0021279635784531943,1e-06,0.0
301.0,384.9709633400189,1.9999725844948535,297.9,0.015,2354.7880690737834,0.0,0.0,0.0,0.0,0.0,0.0,-0.2453755690468165,0.0021279635784531943,1e-06,0.0
302.0,386.9708536787499,1.9998903387310243,297.9,0.015,2354.7880690737834,0.0,0.0,0.0,0.0,0.0,0.0,-0.2453755690468165,0.0021279635784531943,1e-06,0.0
303.0,388.9706069437132,1.9997532649633212,297.9,0.015,2354.7880690737834,0.0,0.0,0.0,0.0,0.0,0.0,-0.2453755690468165,0.0021279635784531943,1e-06,0.0
304.0,390.9701683106629,1.999561366949691,297.9,0.015,2354.7880690737834,0.0,0.0,0.0,0.0,0.0,0.0,-0.2453755690468165,0.0021279635784531943,1e-06,0.0
305.0,392.969482960614,1.9993146499511145,297.9,0.015,2354.7880690737834,0.0,0.0,0.0,0.0,0.0,0.0,-0.2453755690468165,0.0021279635784531943,1e-06,0.0
306.0,394.9684960813455,1.9990131207314632,297.9,0.015,2354.7880690737834,0.0,0.0,0.0,0.0,0.0,0.0,-0.2453755690468165,0.0021279635784531943,1e-06,0.0
307.0,396.9671528689028,1.9986567875573125,297.9,0.015,2354.7880690737834,0.0,0.0,0.0,0.0,0.0,0.0,-0.2453755690468165,0.0021279635784531943,1e-06,0.0
308.0,398.9653985291005,1.9982456601977168,297.9,0.015,2354.7880690737834,0.0,0.0,0.0,0.0,0.0,0.0,-0.2453755690468165,0.0021279635784531943,1e-06,0.0
309.0,400.9631782790245,1.99777974992394,297.9,0.015,2354.7880690737834,0.0,0.0,0.0,0.0,0.0,0.0,-0.2453755690468165,0.0021279635784531943,1e-06,0.0
310.0,402.9604373485336,1.9972590695091477,297.9,0.015,2354.7880690737834,0.0,0.0,0.0,0.0,0.0,0.0,-0.2453755690468165,0.0021279635784531943,1e-06,0.0
311.0,404.95712098176165,1.9966836332280566,297.9,0.015,2354.7880690737834,0.0,0.0,0.0,0.0,0.0,0.0,-0.2453755690468165,0.0021279635784531943,1e-06,0.0
312.0,406.9531744386182,1.9960534568565431,297.9,0.015,2354.7880690737834,0.0,0.0,0.0,0.0,0.0,0.0,-0.2453755690468165,0.0021279635784531943,1e-06,0.0
313.0,408.9485429962894,1.9953685576712106,297.9,0.015,2354.7880690737834,0.0,0.0,0.0,0.0,0.0,0.0,-0.2453755690468165,0.0021279635784531943,1e-06,0.0
314.0,410.9431719507383,1.9946289544489162,297.9,0.015,2354.7880690737834,0.0,0.0,0.0,0.0,0.0,0.0,-0.2453755690468165,0.0021279635784531943,1e-06,0.0
315.0,412.9370066182046,1.993834667466256,297.9,0.015,2354.7880690737834,0.0,0.0,0.0,0.0,0.0,0.0,-0.2453755690468165,0.0021279635784531943,1e-06,0.0
316.0,414.9299923367036,1.9929857184990087,297.9,0.015,2354.7880690737834,0.0,0.0,0.0,0.0,0.0,0.0,-0.2453755690468165,0.0021279635784531943,1e-06,0.0
317.0,416.92207446752514,1.992082130821539,297.9,0.015,2354.7880690737834,0.0,0.0,0.0,0.0,0.0,0.0,-0.2453755690468165,0.0021279635784531943,1e-06,0.0
318.0,418.9131983967313,1.99112392920616,297.9,0.015,2354.7880690737834,0.0,0.0,0.0,0.0,0.0,0.0,-0.2453755690468165,0.0021279635784531943,1e-06,0.0
319.0,420.90330953665375,1.9901111399224527,297.9,0.015,2354.7880690737834,0.0,0.0,0.0,0.0,0.0,0.0,-0.2453755690468165,0.0021279635784531943,1e-06,0.0
320.0,422.8923533273903,1.9890437907365468,297.9,0.015,2354.7880690737834,0.0,0.0,0.0,0.0,0.0,0.0,-0.2453755690468165,0.0021279635784531943,1e-06,0.0
321.0,424.88027523830067,1.9879219109103594,297.9,0.015,2354.7880690737834,0.0,0.0,0.0,0.0,0.0,0.0,-0.2453755690468165,0.0021279635784531943,1e-06,0.0
322.0,426.86702076950144,1.986745531200793,297.9,0.015,2354.7880690737834,0.0,0.0,0.0,0.0,0.0,0.0,-0.2453755690468165,0.0021279635784531943,1e-06,0.0
323.0,428.8525354533603,1.985514683858891,297.9,0.015,2354.7880690737834,0.0,0.0,0.0,0.0,0.0,0.0,-0.2453755690468165,0.0021279635784531943,1e-06,0.0
324.0,430.83676485598926,1.9842294026289558,297.9,0.015,2354.7880690737834,0.0,0.0,0.0,0.0,0.0,0.0,-0.2453755690468165,0.0021279635784531943,1e-06,0.0
325.0,432.8196545787369,1.982889722747621,297.9,0.015,2354.7880690737834,0.0,0.0,0.0,0.0,0.0,0.0,-0.2453755690468165,0.0021279635784531943,1e-06,0.0
326.0,434.8011502596798,1.9814956809428872,297.9,0.015,2354.7880690737834,0.0,0.0,0.0,0.0,0.0,0.0,-0.2453755690468165,0.0021279635784531943,1e-06,0.0
327.0,436.7811975751129,1.980047315433115,297.9,0.015,2354.7880690737834,0.0,0.0,0.0,0.0,0.0,0.0,-0.2453755690468165,0.0021279635784531943,1e-06,0.0
328.0,438.7597422410389,1.9785446659259767,297.9,0.015,2354.7880690737834,0.0,0.0,0.0,0.0,0.0,0.0,-0.2453755690468165,0.0021279635784531943,1e-06,0.0
329.0,440.7367300146563,1.976987773617367,297.9,0.015,2354.7880690737834,0.0,0.0,0.0,0.0,0.0,0.0,-0.2453755690468165,0.0021279635784531943,1e-06,0.0
330.0,442.71210669584656,1.9753766811902755,297.9,0.015,2354.7880690737834,0.0,0.0,0.0,0.0,0.0,0.0,-0.2453755690468165,0.0021279635784531943,1e-06,0.0
331.0,444.6858181286602,1.9737114328136147,297.9,0.015,2354.7880690737834,0.0,0.0,0.0,0.0,0.0,0.0,-0.2453755690468165,0.0021279635784531943,1e-06,0.0
332.0,446.65781020280116,1.9719920741410097,297.9,0.015,2354.7880690737834,0.0,0.0,0.0,0.0,0.0,0.0,-0.2453755690468165,0.0021279635784531943,1e-06,0.0
333.0,448.6280288551107,1.970218652309548,297.9,0.015,2354.7880690737834,0.0,0.0,0.0,0.0,0.0,0.0,-0.2453755690468165,0.0021279635784531943,1e-06,0.0
334.0,450.5964200710492,1.968391215938484,297.9,0.015,2354.7880690737834,0.0,0.0,0.0,0.0,0.0,0.0,-0.2453755690468165,0.0021279635784531943,1e-06,0.0
335.0,452.5629298861771,1.9665098151279092,297.9,0.015,2354.7880690737834,0.0,0.0,0.0,0.0,0.0,0.0,-0.2453755690468165,0.0021279635784531943,1e-06,0.0
336.0,454.52750438763445,1.9645745014573774,297.9,0.015,2354.7880690737834,0.0,0.0,0.0,0.0,0.0,0.0,-0.2453755690468165,0.0021279635784531943,1e-06,0.0
337.0,456.4900897156189,1.9625853279844905,297.9,0.015,2354.7880690737834,0.0,0.0,0.0,0.0,0.0,0.0,-0.2453755690468165,0.0021279635784531943,1e-06,0.0
338.0,458.45063206486236,1.9605423492434437,297.9,0.015,2354.7880690737834,0.0,0.0,0.0,0.0,0.0,0.0,-0.2453755690468165,0.0021279635784531943,1e-06,0.0
339.0,460.4090776861059,1.9584456212435315,297.9,0.015,2354.7880690737834,0.0,0.0,0.0,0.0,0.0,0.0,-0.2453755690468165,0.0021279635784531943,1e-06,0.0
340.0,462.36537288757347,1.9562952014676114,297.9,0.015,2354.7880690737834,0.0,0.0,0.0,0.0,0.0,0.0,-0.2453755690468165,0.0021279635784531943,1e-06,0.0
341.0,464.319464036444,1.9540911488705275,297.9,0.015,2354.7880690737834,0.0,0.0,0.0,0.0,0.0,0.0,-0.2453755690468165,0.0021279635784531943,1e-06,0.0
342.0,466.2712975603215,1.9518335238774949,297.9,0.015,2354.7880690737834,0.0,0.0,0.0,0.0,0.0,0.0,-0.2453755690468165,0.0021279635784531943,1e-06,0.0
343.0,468.22081994870393,1.9495223883824435,297.9,0.015,2354.7880690737834,0.0,0.0,0.0,0.0,0.0,0.0,-0.2453755690468165,0.0021279635784531943,1e-06,0.0
344.0,470.16797775445025,1.9471578057463206,297.9,0.015,2354.7880690737834,0.0,0.0,0.0,0.0,0.0,0.0,-0.2453755690468165,0.0021279635784531943,1e-06,0.0
345.0,472.1127175952456,1.9447398407953531,297.9,0.015,2354.7880690737834,0.0,0.0,0.0,0.0,0.0,0.0,-0.2453755690468165,0.0021279635784531943,1e-06,0.0
346.0,474.0549861550649,1.9422685598192722,297.9,0.015,2354.7880690737834,0.0,0.0,0.0,0.0,0.0,0.0,-0.2453755690468165,0.0021279635784531943,1e-06,0.0
347.0,475.9947301856344,1.9397440305694935,297.9,0.015,2354.7880690737834,0.0,0.0,0.0,0.0,0.0,0.0,-0.2453755690468165,0.0021279635784531943,1e-06,0.0
348.0,477.9318965078917,1.9371663222572624,297.9,0.015,2354.7880690737834,0.0,0.0,0.0,0.0,0.0,0.0,-0.2453755690468165,0.0021279635784531943,1e-06,0.0
349.0,479.86643201344344,1.9345355055517537,297.9,0.015,2354.7880690737834,0.0,0.0,0.0,0.0,0.0,0.0,-0.2453755690468165,0.0021279635784531943,1e-06,0.0
350.0,481.7982836660216,1.9318516525781366,297.9,0.015,2354.7880690737834,0.0,0.0,0.0,0.0,0.0,0.0,-0.2453755690468165,0.0021279635784531943,1e-06,0.0
351.0,483.72739850293715,1.9291148369155962,297.9,0.015,2354.7880690737834,0.0,0.0,0.0,0.0,0.0,0.0,-0.2453755690468165,0.0021279635784531943,1e-06,0.0
352.0,485.65372363653245,1.9263251335953164,297.9,0.015,2354.7880690737834,0.0,0.0,0.0,0.0,0.0,0.0,-0.2453755690468165,0.0021279635784531943,1e-06,0.0
353.0,487.57720625563087,1.9234826190984227,297.9,0.015,2354.7880690737834,0.0,0.0,0.0,0.0,0.0,0.0,-0.2453755690468165,0.0021279635784531943,1e-06,0.0
354.0,489.49779362698473,1.9205873713538861,297.9,0.015,2354.7880690737834,0.0,0.0,0.0,0.0,0.0,0.0,-0.2453755690468165,0.0021279635784531943,1e-06,0.0
355.0,491.41543309672113,1.9176394697363863,297.9,0.015,2354.7880690737834,0.0,0.0,0.0,0.0,0.0,0.0,-0.2453755690468165,0.0021279635784531943,1e-06,0.0
356.0,493.33007209178527,1.9146389950641345,297.9,0.015,2354.7880690737834,0.0,0.0,0.0,0.0,0.0,0.0,-0.2453755690468165,0.0021279635784531943,1e-06,0.0
357.0,495.24165812138193,1.9115860295966605,297.9,0.015,2354.7880690737834,0.0,0.0,0.0,0.0,0.0,0.0,-0.2453755690468165,0.0021279635784531943,1e-06,0.0
358.0,497.1501387784145,1.9084806570325539,297.9,0.015,2354.7880690737834,0.0,0.0,0.0,0.0,0.0,0.0,-0.2453755690468165,0.0021279635784531943,1e-06,0.0
359.0,499.05546174092166,1.9053229625071726,297.9,0.015,2354.7880690737834,0.0,0.0,0.0,0.0,0.0,0.0,-0.2453755690468165,0.0021279635784531943,1e-06,0.0
360.0,500.95757477351196,1.9021130325903073,297.9,0.015,2354.7880690737834,0.0,0.0,0.0,0.0,0.0,0.0,-0.2453755690468165,0.0021279635784531943,1e-06,0.0
361.0,502.8564257287958,1.8988509552838078,297.9,0.015,2354.7880690737834,0.0,0.0,0.0,0.0,0.0,0.0,-0.2453755690468165,0.0021279635784531943,1e-06,0.0
362.0,504.75196254881496,1.8955368200191713,297.9,0.015,2354.7880690737834,0.0,0.0,0.0,0.0,0.0,0.0,-0.2453755690468165,0.0021279635784531943,1e-06,0.0
363.0,506.64413326647,1.8921707176550906,297.9,0.015,2354.7880690737834,0.0,0.0,0.0,0.0,0.0,0.0,-0.2453755690468165,0.0021279635784531943,1e-06,0.0
364.0,508.532886006945,1.8887527404749622,297.9,0.015,2354.7880690737834,0.0,0.0,0.0,0.0,0.0,0.0,-0.2453755690468165,0.0021279635784531943,1e-06,0.0
365.0,510.41816898912936,1.8852829821843566,297.9,0.015,2354.7880690737834,0.0,0.0,0.0,0.0,0.0,0.0,-0.2453755690468165,0.0021279635784531943,1e-06,0.0
366.0,512.2999305270378,1.881761537908451,297.9,0.015,2354.7880690737834,0.0,0.0,0.0,0.0,0.0,0.0,-0.2453755690468165,0.0021279635784531943,1e-06,0.0
367.0,514.1781190312272,1.8781885041894182,297.9,0.015,2354.7880690737834,0.0,0.0,0.0,0.0,0.0,0.0,-0.2453755690468165,0.0021279635784531943,1e-06,0.0
368.0,516.052683010211,1.8745639789837831,297.9,0.015,2354.7880690737834,0.0,0.0,0.0,0.0,0.0,0.0,-0.2453755690468165,0.0021279635784531943,1e-06,0.0
369.0,517.9235710718707,1.8708880616597345,297.9,0.015,2354.7880690737834,0.0,0.0,0.0,0.0,0.0,0.0,-0.2453755690468165,0.0021279635784531943,1e-06,0.0
370.0,519.7907319248651,1.8671608529944037,297.9,0.015,2354.7880690737834,0.0,0.0,0.0,0.0,0.0,0.0,-0.2453755690468165,0.0021279635784531943,1e-06,0.0
371.0,521.6541143800362,1.863382455171098,297.9,0.015,2354.7880690737834,0.0,0.0,0.0,0.0,0.0,0.0,-0.2453755690468165,0.0021279635784531943,1e-06,0.0
372.0,523.5136673518126,1.859552971776503,297.9,0.015,2354.7880690737834,0.0,0.0,0.0,0.0,0.0,0.0,-0.2453755690468165,0.0021279635784531943,1e-06,0.0
373.0,525.3693398596105,1.85567250779784,297.9,0.015,2354.7880690737834,0.0,0.0,0.0,0.0,0.0,0.0,-0.2453755690468165,0.0021279635784531943,1e-06,0.0
374.0,527.2210810292305,1.8517411696199895,297.9,0.015,2354.7880690737834,0.0,0.0,0.0,0.0,0.0,0.0,-0.2453755690468165,0.0021279635784531943,1e-06,0.0
375.0,529.0688400942531,1.8477590650225735,297.9,0.015,2354.7880690737834,0.0,0.0,0.0,0.0,0.0,0.0,-0.2453755690468165,0.0021279635784531943,1e-06,0.0
376.0,530.9125663974302,1.843726303177001,297.9,0.015,2354.7880690737834,0.0,0.0,0.0,0.0,0.0,0.0,-0.2453755690468165,0.0021279635784531943,1e-06,0.0
377.0,532.7522093920736,1.8396429946434754,297.9,0.015,2354.7880690737834,0.0,0.0,0.0,0.0,0.0,0.0,-0.2453755690468165,0.0021279635784531943,1e-06,0.0
378.0,534.5877186434416,1.8355092513679623,297.9,0.015,2354.7880690737834,0.0,0.0,0.0,0.0,0.0,0.0,-0.2453755690468165,0.0021279635784531943,1e-06,0.0
379.0,536.4190438301207,1.8313251866791223,297.9,0.015,2354.7880690737834,0.0,0.0,0.0,0.0,0.0,0.0,-0.2453755690468165,0.0021279635784531943,1e-06,0.0
380.0,538.2461347454059,1.8270909152852017,297.9,0.015,2354.7880690737834,0.0,0.0,0.0,0.0,0.0,0.0,-0.2453755690468165,0.0021279635784531943,1e-06,0.0
381.0,540.0689412986768,1.8228065532708908,297.9,0.015,2354.7880690737834,0.0,0.0,0.0,0.0,0.0,0.0,-0.2453755690468165,0.0021279635784531943,1e-06,0.0
382.0,541.887413516771,1.8184722180941373,297.9,0.015,2354.7880690737834,0.0,0.0,0.0,0.0,0.0,0.0,-0.2453755690468165,0.0021279635784531943,1e-06,0.0
383.0,543.7015015453538,1.8140880285829304,297.9,0.015,2354.7880690737834,0.0,0.0,0.0,0.0,0.0,0.0,-0.2453755690468165,0.0021279635784531943,1e-06,0.0
384.0,545.5111556502859,1.809654104932039,297.9,0.015,2354.7880690737834,0.0,0.0,0.0,0.0,0.0,0.0,-0.2453755690468165,0.0021279635784531943,1e-06,0.0
385.0,547.3163262189856,1.805170568699721,297.9,0.015,2354.7880690737834,0.0,0.0,0.0,0.0,0.0,0.0,-0.2453755690468165,0.0021279635784531943,1e-06,0.0
386.0,549.11696376179,1.800637542804387,297.9,0.015,2354.7880690737834,0.0,0.0,0.0,0.0,0.0,0.0,-0.2453755690468165,0.0021279635784531943,1e-06,0.0
387.0,550.9130189133112,1.7960551515212313,297.9,0.015,2354.7880690737834,0.0,0.0,0.0,0.0,0.0,0.0,-0.2453755690468165,0.0021279635784531943,1e-06,0.0
388.0,552.7044424337901,1.791423520478826,297.9,0.015,2354.7880690737834,0.0,0.0,0.0,0.0,0.0,0.0,-0.2453755690468165,0.0021279635784531943,1e-06,0.0
389.0,554.4911852104458,1.7867427766556752,297.9,0.015,2354.7880690737834,0.0,0.0,0.0,0.0,0.0,0.0,-0.2453755690468165,0.0021279635784531943,1e-06,0.0
390.0,556.2731982588225,1.7820130483767358,297.9,0.015,2354.7880690737834,0.0,0.0,0.0,0.0,0.0,0.0,-0.2453755690468165,0.0021279635784531943,1e-06,0.0
391.0,558.0504327241324,1.7772344653098975,297.9,0.015,2354.7880690737834,0.0,0.0,0.0,0.0,0.0,0.0,-0.2453755690468165,0.0021279635784531943,1e-06,0.0
392.0,559.8228398825948,1.7724071584624297,297.9,0.015,2354.7880690737834,0.0,0.0,0.0,0.0,0.0,0.0,-0.2453755690468165,0.0021279635784531943,1e-06,0.0
393.0,561.5903711427723,1.767531260177387,297.9,0.015,2354.7880690737834,0.0,0.0,0.0,0.0,0.0,0.0,-0.2453755690468165,0.0021279635784531943,1e-06,0.0
394.0,563.3529780469022,1.7626069041299846,297.9,0.015,2354.7880690737834,0.0,0.0,0.0,0.0,0.0,0.0,-0.2453755690468165,0.0021279635784531943,1e-06,0.0
395.0,565.1106122722261,1.7576342253239308,297.9,0.015,2354.7880690737834,0.0,0.0,0.0,0.0,0.0,0.0,-0.2453755690468165,0.0021279635784531943,1e-06,0.0
396.0,566.8632256323139,1.752613360087727,297.9,0.015,2354.7880690737834,0.0,0.0,0.0,0.0,0.0,0.0,-0.2453755690468165,0.0021279635784531943,1e-06,0.0
397.0,568.6107700783848,1.7475444460709306,297.9,0.015,2354.7880690737834,0.0,0.0,0.0,0.0,0.0,0.0,-0.2453755690468165,0.0021279635784531943,1e-06,0.0
398.0,570.3531977006252,1.742427622240379,297.9,0.015,2354.7880690737834,0.0,0.0,0.0,0.0,0.0,0.0,-0.2453755690468165,0.0021279635784531943,1e-06,0.0
399.0,572.0904607295015,1.7372630288763828,297.9,0.015,2354.7880690737834,0.0,0.0,0.0,0.0,0.0,0.0,-0.2453755690468165,0.0021279635784531943,1e-06,0.0
400.0,573.8225115370703,1.732050807568877,297.9,0.015,2354.7880690737834,0.0,0.0,0.0,0.0,0.0,0.0,-0.2453755690468165,0.0021279635784531943,1e-06,0.0
401.0,575.5493026382838,1.7267911012135435,297.9,0.015,2354.7880690737834,0.0,0.0,0.0,0.0,0.0,0.0,-0.2453755690468165,0.0021279635784531943,1e-06,0.0
402.0,577.2707866922917,1.7214840540078873,297.9,0.015,2354.7880690737834,0.0,0.0,0.0,0.0,0.0,0.0,-0.2453755690468165,0.0021279635784531943,1e-06,0.0
403.0,578.986916503739,1.7161298114472894,297.9,0.015,2354.7880690737834,0.0,0.0,0.0,0.0,0.0,0.0,-0.2453755690468165,0.0021279635784531943,1e-06,0.0
404.0,580.6976450240601,1.7107285203210134,297.9,0.015,2354.7880690737834,0.0,0.0,0.0,0.0,0.0,0.0,-0.2453755690468165,0.0021279635784531943,1e-06,0.0
405.0,582.4029253527683,1.7052803287081846,297.9,0.015,2354.7880690737834,0.0,0.0,0.0,0.0,0.0,0.0,-0.2453755690468165,0.0021279635784531943,1e-06,0.0
406.0,584.1027107387421,1.6997853859737277,297.9,0.015,2354.7880690737834,0.0,0.0,0.0,0.0,0.0,0.0,-0.2453755690468165,0.0021279635784531943,1e-06,0.0
407.0,585.7969545815064,1.694243842764274,297.9,0.015,2354.7880690737834,0.0,0.0,0.0,0.0,0.0,0.0,-0.2453755690468165,0.0021279635784531943,1e-06,0.0
408.0,587.4856104325104,1.6886558510040304,297.9,0.015,2354.7880690737834,0.0,0.0,0.0,0.0,0.0,0.0,-0.2453755690468165,0.0021279635784531943,1e-06,0.0
409.0,589.168631996401,1.6830215638906123,297.9,0.015,2354.7880690737834,0.0,0.0,0.0,0.0,0.0,0.0,-0.2453755690468165,0.0021279635784531943,1e-06,0.0
410.0,590.8459731322919,1.6773411358908485,297.9,0.015,2354.7880690737834,0.0,0.0,0.0,0.0,0.0,0.0,-0.2453755690468165,0.0021279635784531943,1e-06,0.0
411.0,592.5175878550284,1.6716147227365403,297.9,0.015,2354.7880690737834,0.0,0.0,0.0,0.0,0.0,0.0,-0.2453755690468165,0.0021279635784531943,1e-06,0.0
412.0,594.1834303364486,1.665842481420199,297.9,0.015,2354.7880690737834,0.0,0.0,0.0,0.0,0.0,0.0,-0.2453755690468165,0.0021279635784531943,1e-06,0.0
413.0,595.8434549066394,1.660024570190735,297.9,0.015,2354.7880690737834,0.0,0.0,0.0,0.0,0.0,0.0,-0.2453755690468165,0.0021279635784531943,1e-06,0.0
414.0,597.4976160551886,1.654161148549124,297.9,0.015,2354.7880690737834,0.0,0.0,0.0,0.0,0.0,0.0,-0.2453755690468165,0.0021279635784531943,1e-06,0.0
415.0,599.1458684324326,1.6482523772440316,297.9,0.015,2354.7880690737834,0.0,0.0,0.0,0.0,0.0,0.0,-0.2453755690468165,0.0021279635784531943,1e-06,0.0
416.0,600.7881668507,1.6422984182674083,297.9,0.015,2354.7880690737834,0.0,0.0,0.0,0.0,0.0,0.0,-0.2453755690468165,0.0021279635784531943,1e-06,0.0
417.0,602.42446628555,1.6362994348500468,297.9,0.015,2354.7880690737834,0.0,0.0,0.0,0.0,0.0,0.0,-0.2453755690468165,0.0021279635784531943,1e-06,0.0
418.0,604.0547218770071,1.6302555914571084,297.9,0.015,2354.7880690737834,0.0,0.0,0.0,0.0,0.0,0.0,-0.2453755690468165,0.0021279635784531943,1e-06,0.0
419.0,605.6788889307907,1.6241670537836128,297.9,0.015,2354.7880690737834,0.0,0.0,0.0,0.0,0.0,0.0,-0.2453755690468165,0.0021279635784531943,1e-06,0.0
420.0,607.2969229195405,1.618033988749895,297.9,0.015,2354.7880690737834,0.0,0.0,0.0,0.0,0.0,0.0,-0.2453755690468165,0.0021279635784531943,1e-06,0.0
421.0,608.9087794840375,1.6118565644970315,297.9,0.015,2354.7880690737834,0.0,0.0,0.0,0.0,0.0,0.0,-0.2453755690468165,0.0021279635784531943,1e-06,0.0
422.0,610.5144144344197,1.605634950382229,297.9,0.015,2354.7880690737834,0.0,0.0,0.0,0.0,0.0,0.0,-0.2453755690468165,0.0021279635784531943,1e-06,0.0
423.0,612.1137837513938,1.5993693169741814,297.9,0.015,2354.7880690737834,0.0,0.0,0.0,0.0,0.0,0.0,-0.2453755690468165,0.0021279635784531943,1e-06,0.0
424.0,613.7068435874422,1.5930598360483927,297.9,0.015,2354.7880690737834,0.0,0.0,0.0,0.0,0.0,0.0,-0.2453755690468165,0.0021279635784531943,1e-06,0.0
425.0,615.2935502680247,1.5867066805824708,297.9,0.015,2354.7880690737834,0.0,0.0,0.0,0.0,0.0,0.0,-0.2453755690468165,0.0021279635784531943,1e-06,0.0
426.0,616.873860292776,1.580310024751381,297.9,0.015,2354.7880690737834,0.0,0.0,0.0,0.0,0.0,0.0,-0.2453755690468165,0.0021279635784531943,1e-06,0.0
427.0,618.4477303366987,1.5738700439226743,297.9,0.015,2354.7880690737834,0.0,0.0,0.0,0.0,0.0,0.0,-0.2453755690468165,0.0021279635784531943,1e-06,0.0
428.0,620.0151172513504,1.5673869146516797,297.9,0.015,2354.7880690737834,0.0,0.0,0.0,0.0,0.0,0.0,-0.2453755690468165,0.0021279635784531943,1e-06,0.0
429.0,621.575978066027,1.5608608146766594,297.9,0.015,2354.7880690737834,0.0,0.0,0.0,0.0,0.0,0.0,-0.2453755690468165,0.0021279635784531943,1e-06,0.0
430.0,623.130269988941,1.554291922913942,297.9,0.015,2354.7880690737834,0.0,0.0,0.0,0.0,0.0,0.0,-0.2453755690468165,0.0021279635784531943,1e-06,0.0
431.0,624.677950408394,1.5476804194530125,297.9,0.015,2354.7880690737834,0.0,0.0,0.0,0.0,0.0,0.0,-0.2453755690468165,0.0021279635784531943,1e-06,0.0
432.0,626.2189768939456,1.5410264855515785,297.9,0.015,2354.7880690737834,0.0,0.0,0.0,0.0,0.0,0.0,-0.2453755690468165,0.0021279635784531943,1e-06,0.0
433.0,627.7533071975762,1.534330303630599,297.9,0.015,2354.7880690737834,0.0,0.0,0.0,0.0,0.0,0.0,-0.2453755690468165,0.0021279635784531943,1e-06,0.0
434.0,629.2808992548455,1.5275920572692847,297.9,0.015,2354.7880690737834,0.0,0.0,0.0,0.0,0.0,0.0,-0.2453755690468165,0.0021279635784531943,1e-06,0.0
435.0,630.8017111860456,1.520811931200062,297.9,0.015,2354.7880690737834,0.0,0.0,0.0,0.0,0.0,0.0,-0.2453755690468165,0.0021279635784531943,1e-06,0.0
436.0,632.3157012973492,1.5139901113035135,297.9,0.015,2354.7880690737834,0.0,0.0,0.0,0.0,0.0,0.0,-0.2453755690468165,0.0021279635784531943,1e-06,0.0
437.0,633.8228280819525,1.507126784603276,297.9,0.015,2354.7880690737834,0.0,0.0,0.0,0.0,0.0,0.0,-0.2453755690468165,0.0021279635784531943,1e-06,0.0
438.0,635.3230502212134,1.5002221392609187,297.9,0.015,2354.7880690737834,0.0,0.0,0.0,0.0,0.0,0.0,-0.2453755690468165,0.0021279635784531943,1e-06,0.0
439.0,636.8163265857842,1.4932763645707827,297.9,0.015,2354.7880690737834,0.0,0.0,0.0,0.0,0.0,0.0,-0.2453755690468165,0.0021279635784531943,1e-06,0.0
440.0,638.3026162367389,1.4862896509547885,297.9,0.015,2354.7880690737834,0.0,0.0,0.0,0.0,0.0,0.0,-0.2453755690468165,0.0021279635784531943,1e-06,0.0
441.0,639.7818784266962,1.4792621899572198,297.9,0.015,2354.7880690737834,0.0,0.0,0.0,0.0,0.0,0.0,-0.2453755690468165,0.0021279635784531943,1e-06,0.0
442.0,641.2540726009356,1.4721941742394689,297.9,0.015,2354.7880690737834,0.0,0.0,0.0,0.0,0.0,0.0,-0.2453755690468165,0.0021279635784531943,1e-06,0.0
443.0,642.7191583985103,1.4650857975747575,297.9,0.015,2354.7880690737834,0.0,0.0,0.0,0.0,0.0,0.0,-0.2453755690468165,0.0021279635784531943,1e-06,0.0
444.0,644.1770956533531,1.4579372548428229,297.9,0.015,2354.7880690737834,0.0,0.0,0.0,0.0,0.0,0.0,-0.2453755690468165,0.0021279635784531943,1e-06,0.0
445.0,645.6278443953777,1.4507487420245757,297.9,0.015,2354.7880690737834,0.0,0.0,0.0,0.0,0.0,0.0,-0.2453755690468165,0.0021279635784531943,1e-06,0.0
446.0,647.0713648515745,1.4435204561967245,297.9,0.015,2354.7880690737834,0.0,0.0,0.0,0.0,0.0,0.0,-0.2453755690468165,0.0021279635784531943,1e-06,0.0
447.0,648.5076174471009,1.4362525955263783,297.9,0.015,2354.7880690737834,0.0,0.0,0.0,0.0,0.0,0.0,-0.2453755690468165,0.0021279635784531943,1e-06,0.0
448.0,649.9365628063665,1.4289453592656065,297.9,0.015,2354.7880690737834,0.0,0.0,0.0,0.0,0.0,0.0,-0.2453755690468165,0.0021279635784531943,1e-06,0.0
449.0,651.3581617541125,1.4215989477459845,297.9,0.015,2354.7880690737834,0.0,0.0,0.0,0.0,0.0,0.0,-0.2453755690468165,0.0021279635784531943,1e-06,0.0
450.0,652.7723753164856,1.4142135623730951,297.9,0.015,2354.7880690737834,0.0,0.0,0.0,0.0,0.0,0.0,-0.2453755690468165,0.0021279635784531943,1e-06,0.0
451.0,654.1791647221066,1.4067894056210077,297.9,0.015,2354.7880690737834,0.0,0.0,0.0,0.0,0.0,0.0,-0.2453755690468165,0.0021279635784531943,1e-06,0.0
452.0,655.5784914031334,1.3993266810267313,297.9,0.015,2354.7880690737834,0.0,0.0,0.0,0.0,0.0,0.0,-0.2453755690468165,0.0021279635784531943,1e-06,0.0
453.0,656.970316996318,1.3918255931846288,297.9,0.015,2354.7880690737834,0.0,0.0,0.0,0.0,0.0,0.0,-0.2453755690468165,0.0021279635784531943,1e-06,0.0
454.0,658.3546033440589,1.3842863477408136,297.9,0.015,2354.7880690737834,0.0,0.0,0.0,0.0,0.0,0.0,-0.2453755690468165,0.0021279635784531943,1e-06,0.0
455.0,659.7313124954464,1.3767091513875078,297.9,0.015,2354.7880690737834,0.0,0.0,0.0,0.0,0.0,0.0,-0.2453755690468165,0.0021279635784531943,1e-06,0.0
456.0,661.1004067073038,1.3690942118573777,297.9,0.015,2354.7880690737834,0.0,0.0,0.0,0.0,0.0,0.0,-0.2453755690468165,0.0021279635784531943,1e-06,0.0
457.0,662.4618484452217,1.3614417379178358,297.9,0.015,2354.7880690737834,0.0,0.0,0.0,0.0,0.0,0.0,-0.2453755690468165,0.0021279635784531943,1e-06,0.0
458.0,663.815600384587,1.3537519393653221,297.9,0.015,2354.7880690737834,0.0,0.0,0.0,0.0,0.0,0.0,-0.2453755690468165,0.0021279635784531943,1e-06,0.0
459.0,665.1616254116066,1.3460250270195466,297.9,0.015,2354.7880690737834,0.0,0.0,0.0,0.0,0.0,0.0,-0.2453755690468165,0.0021279635784531943,1e-06,0.0
460.0,666.4998866243243,1.338261212717716,297.9,0.015,2354.7880690737834,0.0,0.0,0.0,0.0,0.0,0.0,-0.2453755690468165,0.0021279635784531943,1e-06,0.0
461.0,667.830347333633,1.330460709308722,297.9,0.015,2354.7880690737834,0.0,0.0,0.0,0.0,0.0,0.0,-0.2453755690468165,0.0021279635784531943,1e-06,0.0
462.0,669.1529710642802,1.3226237306473037,297.9,0.015,2354.7880690737834,0.0,0.0,0.0,0.0,0.0,0.0,-0.2453755690468165,0.0021279635784531943,1e-06,0.0
463.0,670.4677215558684,1.314750491588192,297.9,0.015,2354.7880690737834,0.0,0.0,0.0,0.0,0.0,0.0,-0.2453755690468165,0.0021279635784531943,1e-06,0.0
464.0,671.7745627638486,1.3068412079802112,297.9,0.015,2354.7880690737834,0.0,0.0,0.0,0.0,0.0,0.0,-0.2453755690468165,0.0021279635784531943,1e-06,0.0
465.0,673.0734588605089,1.2988960966603675,297.9,0.015,2354.7880690737834,0.0,0.0,0.0,0.0,0.0,0.0,-0.2453755690468165,0.0021279635784531943,1e-06,0.0
466.0,674.3643742359568,1.290915375447901,297.9,0.015,2354.7880690737834,0.0,0.0,0.0,0.0,0.0,0.0,-0.2453755690468165,0.0021279635784531943,1e-06,0.0
467.0,675.6472734990951,1.2828992631383163,297.9,0.015,2354.7880690737834,0.0,0.0,0.0,0.0,0.0,0.0,-0.2453755690468165,0.0021279635784531943,1e-06,0.0
468.0,676.9221214785925,1.2748479794973797,297.9,0.015,2354.7880690737834,0.0,0.0,0.0,0.0,0.0,0.0,-0.2453755690468165,0.0021279635784531943,1e-06,0.0
469.0,678.1888832238476,1.2667617452551003,297.9,0.015,2354.7880690737834,0.0,0.0,0.0,0.0,0.0,0.0,-0.2453755690468165,0.0021279635784531943,1e-06,0.0
470.0,679.4475240059472,1.2586407820996748,297.9,0.015,2354.7880690737834,0.0,0.0,0.0,0.0,0.0,0.0,-0.2453755690468165,0.0021279635784531943,1e-06,0.0
471.0,680.6980093186187,1.2504853126714102,297.9,0.015,2354.7880690737834,0.0,0.0,0.0,0.0,0.0,0.0,-0.2453755690468165,0.0021279635784531943,1e-06,0.0
472.0,681.9403048791753,1.242295560556621,297.9,0.015,2354.7880690737834,0.0,0.0,0.0,0.0,0.0,0.0,-0.2453755690468165,0.0021279635784531943,1e-06,0.0
473.0,683.1743766294568,1.2340717502814973,297.9,0.015,2354.7880690737834,0.0,0.0,0.0,0.0,0.0,0.0,-0.2453755690468165,0.0021279635784531943,1e-06,0.0
474.0,684.4001907367627,1.2258141073059536,297.9,0.015,2354.7880690737834,0.0,0.0,0.0,0.0,0.0,0.0,-0.2453755690468165,0.0021279635784531943,1e-06,0.0
475.0,685.6177135947802,1.2175228580174409,297.9,0.015,2354.7880690737834,0.0,0.0,0.0,0.0,0.0,0.0,-0.2453755690468165,0.0021279635784531943,1e-06,0.0
476.0,686.8269118245049,1.2091982297247499,297.9,0.015,2354.7880690737834,0.0,0.0,0.0,0.0,0.0,0.0,-0.2453755690468165,0.0021279635784531943,1e-06,0.0
477.0,688.0277522751567,1.200840450651768,297.9,0.015,2354.7880690737834,0.0,0.0,0.0,0.0,0.0,0.0,-0.2453755690468165,0.0021279635784531943,1e-06,0.0
478.0,689.2202020250879,1.192449749931232,297.9,0.015,2354.7880690737834,0.0,0.0,0.0,0.0,0.0,0.0,-0.2453755690468165,0.0021279635784531943,1e-06,0.0
479.0,690.4042283826864,1.1840263575984393,297.9,0.015,2354.7880690737834,0.0,0.0,0.0,0.0,0.0,0.0,-0.2453755690468165,0.0021279635784531943,1e-06,0.0
480.0,691.5797988872713,1.1755705045849465,297.9,0.015,2354.7880690737834,0.0,0.0,0.0,0.0,0.0,0.0,-0.2453755690468165,0.0021279635784531943,1e-06,0.0
481.0,692.7468813099836,1.167082422712235,297.9,0.015,2354.7880690737834,0.0,0.0,0.0,0.0,0.0,0.0,-0.2453755690468165,0.0021279635784531943,1e-06,0.0
482.0,693.9054436546689,1.1585623446853575,297.9,0.015,2354.7880690737834,0.0,0.0,0.0,0.0,0.0,0.0,-0.2453755690468165,0.0021279635784531943,1e-06,0.0
483.0,695.0554541587555,1.1500105040865574,297.9,0.015,2354.7880690737834,0.0,0.0,0.0,0.0,0.0,0.0,-0.2453755690468165,0.0021279635784531943,1e-06,0.0
484.0,696.1968812941244,1.1414271353688634,297.9,0.015,2354.7880690737834,0.0,0.0,0.0,0.0,0.0,0.0,-0.2453755690468165,0.0021279635784531943,1e-06,0.0
485.0,697.329693767974,1.1328124738496663,297.9,0.015,2354.7880690737834,0.0,0.0,0.0,0.0,0.0,0.0,-0.2453755690468165,0.0021279635784531943,1e-06,0.0
486.0,698.4538605236783,1.124166755704261,297.9,0.015,2354.7880690737834,0.0,0.0,0.0,0.0,0.0,0.0,-0.2453755690468165,0.0021279635784531943,1e-06,0.0
487.0,699.5693507416377,1.1154902179593806,297.9,0.015,2354.7880690737834,0.0,0.0,0.0,0.0,0.0,0.0,-0.2453755690468165,0.0021279635784531943,1e-06,0.0
488.0,700.6761338401244,1.1067830984866882,297.9,0.015,2354.7880690737834,0.0,0.0,0.0,0.0,0.0,0.0,-0.2453755690468165,0.0021279635784531943,1e-06,0.0
489.0,701.7741794761207,1.098045635996264,297.9,0.015,2354.7880690737834,0.0,0.0,0.0,0.0,0.0,0.0,-0.2453755690468165,0.0021279635784531943,1e-06,0.0
490.0,702.8634575461508,1.0892780700300546,297.9,0.015,2354.7880690737834,0.0,0.0,0.0,0.0,0.0,0.0,-0.2453755690468165,0.0021279635784531943,1e-06,0.0
491.0,703.9439381871061,1.0804806409553103,297.9,0.015,2354.7880690737834,0.0,0.0,0.0,0.0,0.0,0.0,-0.2453755690468165,0.0021279635784531943,1e-06,0.0
492.0,705.0155917770642,1.0716535899579933,297.9,0.015,2354.7880690737834,0.0,0.0,0.0,0.0,0.0,0.0,-0.2453755690468165,0.0021279635784531943,1e-06,0.0
493.0,706.0783889361004,1.0627971590361656,297.9,0.015,2354.7880690737834,0.0,0.0,0.0,0.0,0.0,0.0,-0.2453755690468165,0.0021279635784531943,1e-06,0.0
494.0,707.1323005270938,1.0539115909933554,297.9,0.015,2354.7880690737834,0.0,0.0,0.0,0.0,0.0,0.0,-0.2453755690468165,0.0021279635784531943,1e-06,0.0
495.0,708.1772976565256,1.0449971294318978,297.9,0.015,2354.7880690737834,0.0,0.0,0.0,0.0,0.0,0.0,-0.2453755690468165,0.0021279635784531943,1e-06,0.0
496.0,709.213351675272,1.0360540187462604,297.9,0.015,2354.7880690737834,0.0,0.0,0.0,0.0,0.0,0.0,-0.2453755690468165,0.0021279635784531943,1e-06,0.0
497.0,710.2404341793883,1.02708250411634,297.9,0.015,2354.7880690737834,0.0,0.0,0.0,0.0,0.0,0.0,-0.2453755690468165,0.0021279635784531943,1e-06,0.0
498.0,711.258517010889,1.0180828315007429,297.9,0.015,2354.7880690737834,0.0,0.0,0.0,0.0,0.0,0.0,-0.2453755690468165,0.0021279635784531943,1e-06,0.0
499.0,712.2675722585191,1.0090552476300387,297.9,0.015,2354.7880690737834,0.0,0.0,0.0,0.0,0.0,0.0,-0.2453755690468165,0.0021279635784531943,1e-06,0.0
500.0,713.2675722585191,1.0000000000000007,297.9,0.015,2354.7880690737834,0.0,0.0,0.0,0.0,0.0,0.0,-0.2453755690468165,0.0021279635784531943,1e-06,0.0
501.0,714.2584895953839,0.9909173368648155,297.9,0.015,2354.7880690737834,0.0,0.0,0.0,0.0,0.0,0.0,-0.2453755690468165,0.0021279635784531943,1e-06,0.0
502.0,715.2402971026142,0.9818075072302812,297.9,0.015,2354.7880690737834,0.0,0.0,0.0,0.0,0.0,0.0,-0.2453755690468165,0.0021279635784531943,1e-06,0.0
503.0,716.2129678634612,0.9726707608469811,297.9,0.015,2354.7880690737834,0.0,0.0,0.0,0.0,0.0,0.0,-0.2453755690468165,0.0021279635784531943,1e-06,0.0
504.0,717.1764752116646,0.9635073482034304,297.9,0.015,2354.7880690737834,0.0,0.0,0.0,0.0,0.0,0.0,-0.2453755690468165,0.0021279635784531943,1e-06,0.0
505.0,718.1307927321839,0.9543175205192173,297.9,0.015,2354.7880690737834,0.0,0.0,0.0,0.0,0.0,0.0,-0.2453755690468165,0.0021279635784531943,1e-06,0.0
506.0,719.0758942619219,0.9451015297381082,297.9,0.015,2354.7880690737834,0.0,0.0,0.0,0.0,0.0,0.0,-0.2453755690468165,0.0021279635784531943,1e-06,0.0
507.0,720.0117538904431,0.9358596285211468,297.9,0.015,2354.7880690737834,0.0,0.0,0.0,0.0,0.0,0.0,-0.2453755690468165,0.0021279635784531943,1e-06,0.0
508.0,720.9383459606828,0.9265920702397232,297.9,0.015,2354.7880690737834,0.0,0.0,0.0,0.0,0.0,0.0,-0.2453755690468165,0.0021279635784531943,1e-06,0.0
509.0,721.8556450696515,0.9172991089686303,297.9,0.015,2354.7880690737834,0.0,0.0,0.0,0.0,0.0,0.0,-0.2453755690468165,0.0021279635784531943,1e-06,0.0
510.0,722.7636260691306,0.9079809994790937,297.9,0.015,2354.7880690737834,0.0,0.0,0.0,0.0,0.0,0.0,-0.2453755690468165,0.0021279635784531943,1e-06,0.0
511.0,723.6622640663625,0.8986379972317939,297.9,0.015,2354.7880690737834,0.0,0.0,0.0,0.0,0.0,0.0,-0.2453755690468165,0.0021279635784531943,1e-06,0.0
512.0,724.5515344247323,0.8892703583698556,297.9,0.015,2354.7880690737834,0.0,0.0,0.0,0.0,0.0,0.0,-0.2453755690468165,0.0021279635784531943,1e-06,0.0
513.0,725.4314127644441,0.8798783397118298,297.9,0.015,2354.7880690737834,0.0,0.0,0.0,0.0,0.0,0.0,-0.2453755690468165,0.0021279635784531943,1e-06,0.0
514.0,726.3018749631888,0.8704621987446551,297.9,0.015,2354.7880690737834,0.0,0.0,0.0,0.0,0.0,0.0,-0.2453755690468165,0.0021279635784531943,1e-06,0.0
515.0,727.1628971568053,0.8610221936165902,297.9,0.015,2354.7880690737834,0.0,0.0,0.0,0.0,0.0,0.0,-0.2453755690468165,0.0021279635784531943,1e-06,0.0
516.0,728.0144557399354,0.8515585831301458,297.9,0.015,2354.7880690737834,0.0,0.0,0.0,0.0,0.0,0.0,-0.2453755690468165,0.0021279635784531943,1e-06,0.0
517.0,728.8565273666704,0.8420716267349824,297.9,0.015,2354.7880690737834,0.0,0.0,0.0,0.0,0.0,0.0,-0.2453755690468165,0.0021279635784531943,1e-06,0.0
518.0,729.6890889511913,0.8325615845208024,297.9,0.015,2354.7880690737834,0.0,0.0,0.0,0.0,0.0,0.0,-0.2453755690468165,0.0021279635784531943,1e-06,0.0
519.0,730.5121176684015,0.8230287172102174,297.9,0.015,2354.7880690737834,0.0,0.0,0.0,0.0,0.0,0.0,-0.2453755690468165,0.0021279635784531943,1e-06,0.0
520.0,731.3255909545531,0.8134732861516009,297.9,0.015,2354.7880690737834,0.0,0.0,0.0,0.0,0.0,0.0,-0.2453755690468165,0.0021279635784531943,1e-06,0.0
521.0,732.1294865078651,0.8038955533119205,297.9,0.015,2354.7880690737834,0.0,0.0,0.0,0.0,0.0,0.0,-0.2453755690468165,0.0021279635784531943,1e-06,0.0
522.0,732.9237822891346,0.7942957812695621,297.9,0.015,2354.7880690737834,0.0,0.0,0.0,0.0,0.0,0.0,-0.2453755690468165,0.0021279635784531943,1e-06,0.0
523.0,733.7084565223417,0.7846742332071228,297.9,0.015,2354.7880690737834,0.0,0.0,0.0,0.0,0.0,0.0,-0.2453755690468165,0.0021279635784531943,1e-06,0.0
524.0,734.4834876952459,0.7750311729042055,297.9,0.015,2354.7880690737834,0.0,0.0,0.0,0.0,0.0,0.0,-0.2453755690468165,0.0021279635784531943,1e-06,0.0
525.0,735.248854559976,0.7653668647301798,297.9,0.015,2354.7880690737834,0.0,0.0,0.0,0.0,0.0,0.0,-0.2453755690468165,0.0021279635784531943,1e-06,0.0
526.0,736.004536133613,0.7556815736369342,297.9,0.015,2354.7880690737834,0.0,0.0,0.0,0.0,0.0,0.0,-0.2453755690468165,0.0021279635784531943,1e-06,0.0
527.0,736.7505116987646,0.7459755651516184,297.9,0.015,2354.7880690737834,0.0,0.0,0.0,0.0,0.0,0.0,-0.2453755690468165,0.0021279635784531943,1e-06,0.0
528.0,737.486760804134,0.7362491053693563,297.9,0.015,2354.7880690737834,0.0,0.0,0.0,0.0,0.0,0.0,-0.2453755690468165,0.0021279635784531943,1e-06,0.0
529.0,738.21326326508,0.7265024609459568,297.9,0.015,2354.7880690737834,0.0,0.0,0.0,0.0,0.0,0.0,-0.2453755690468165,0.0021279635784531943,1e-06,0.0
530.0,738.9299991641706,0.7167358990906004,297.9,0.015,2354.7880690737834,0.0,0.0,0.0,0.0,0.0,0.0,-0.2453755690468165,0.0021279635784531943,1e-06,0.0
531.0,739.6369488517291,0.7069496875585148,297.9,0.015,2354.7880690737834,0.0,0.0,0.0,0.0,0.0,0.0,-0.2453755690468165,0.0021279635784531943,1e-06,0.0
532.0,740.3340929463727,0.6971440946436307,297.9,0.015,2354.7880690737834,0.0,0.0,0.0,0.0,0.0,0.0,-0.2453755690468165,0.0021279635784531943,1e-06,0.0
533.0,741.0214123355439,0.687319389171233,297.9,0.015,2354.7880690737834,0.0,0.0,0.0,0.0,0.0,0.0,-0.2453755690468165,0.0021279635784531943,1e-06,0.0
534.0,741.6988881760345,0.6774758404905826,297.9,0.015,2354.7880690737834,0.0,0.0,0.0,0.0,0.0,0.0,-0.2453755690468165,0.0021279635784531943,1e-06,0.0
535.0,742.3665018945021,0.6676137184675415,297.9,0.015,2354.7880690737834,0.0,0.0,0.0,0.0,0.0,0.0,-0.2453755690468165,0.0021279635784531943,1e-06,0.0
536.0,743.0242351879792,0.6577332934771668,297.9,0.015,2354.7880690737834,0.0,0.0,0.0,0.0,0.0,0.0,-0.2453755690468165,0.0021279635784531943,1e-06,0.0
537.0,743.6720700243756,0.6478348363962989,297.9,0.015,2354.7880690737834,0.0,0.0,0.0,0.0,0.0,0.0,-0.2453755690468165,0.0021279635784531943,1e-06,0.0
538.0,744.3099886429717,0.6379186185961406,297.9,0.015,2354.7880690737834,0.0,0.0,0.0,0.0,0.0,0.0,-0.2453755690468165,0.0021279635784531943,1e-06,0.0
539.0,744.9379735549065,0.6279849119348103,297.9,0.015,2354.7880690737834,0.0,0.0,0.0,0.0,0.0,0.0,-0.2453755690468165,0.0021279635784531943,1e-06,0.0
540.0,745.5560075436564,0.618033988749895,297.9,0.015,2354.7880690737834,0.0,0.0,0.0,0.0,0.0,0.0,-0.2453755690468165,0.0021279635784531943,1e-06,0.0
541.0,746.1640736655073,0.6080661218509805,297.9,0.015,2354.7880690737834,0.0,0.0,0.0,0.0,0.0,0.0,-0.2453755690468165,0.0021279635784531943,1e-06,0.0
542.0,746.7621552500195,0.598081584512174,297.9,0.015,2354.7880690737834,0.0,0.0,0.0,0.0,0.0,0.0,-0.2453755690468165,0.0021279635784531943,1e-06,0.0
543.0,747.3502359004841,0.5880806504646083,297.9,0.015,2354.7880690737834,0.0,0.0,0.0,0.0,0.0,0.0,-0.2453755690468165,0.0021279635784531943,1e-06,0.0
544.0,747.928299494373,0.5780635938889434,297.9,0.015,2354.7880690737834,0.0,0.0,0.0,0.0,0.0,0.0,-0.2453755690468165,0.0021279635784531943,1e-06,0.0
545.0,748.4963301837809,0.5680306894078452,297.9,0.015,2354.7880690737834,0.0,0.0,0.0,0.0,0.0,0.0,-0.2453755690468165,0.0021279635784531943,1e-06,0.0
546.0,749.0543123958594,0.5579822120784582,297.9,0.015,2354.7880690737834,0.0,0.0,0.0,0.0,0.0,0.0,-0.2453755690468165,0.0021279635784531943,1e-06,0.0
547.0,749.6022308332442,0.5479184373848652,297.9,0.015,2354.7880690737834,0.0,0.0,0.0,0.0,0.0,0.0,-0.2453755690468165,0.0021279635784531943,1e-06,0.0
548.0,750.1400704744748,0.5378396412305315,297.9,0.015,2354.7880690737834,0.0,0.0,0.0,0.0,0.0,0.0,-0.2453755690468165,0.0021279635784531943,1e-06,0.0
549.0,750.6678165744055,0.5277460999307465,297.9,0.015,2354.7880690737834,0.0,0.0,0.0,0.0,0.0,0.0,-0.2453755690468165,0.0021279635784531943,1e-06,0.0
550.0,751.1854546646106,0.5176380902050411,297.9,0.015,2354.7880690737834,0.0,0.0,0.0,0.0,0.0,0.0,-0.2453755690468165,0.0021279635784531943,1e-06,0.0
551.0,751.6929705537802,0.5075158891696115,297.9,0.015,2354.7880690737834,0.0,0.0,0.0,0.0,0.0,0.0,-0.2453755690468165,0.0021279635784531943,1e-06,0.0
552.0,752.19035032811,0.49737977432970965,297.9,0.015,2354.7880690737834,0.0,0.0,0.0,0.0,0.0,0.0,-0.2453755690468165,0.0021279635784531943,1e-06,0.0
553.0,752.677580351682,0.4872300235720457,297.9,0.015,2354.7880690737834,0.0,0.0,0.0,0.0,0.0,0.0,-0.2453755690468165,0.0021279635784531943,1e-06,0.0
554.0,753.1546472668391,0.4770669151571622,297.9,0.015,2354.7880690737834,0.0,0.0,0.0,0.0,0.0,0.0,-0.2453755690468165,0.0021279635784531943,1e-06,0.0
555.0,753.6215379945509,0.46689072771181106,297.9,0.015,2354.7880690737834,0.0,0.0,0.0,0.0,0.0,0.0,-0.2453755690468165,0.0021279635784531943,1e-06,0.0
556.0,754.0782397347722,0.4567017402213115,297.9,0.015,2354.7880690737834,0.0,0.0,0.0,0.0,0.0,0.0,-0.2453755690468165,0.0021279635784531943,1e-06,0.0
557.0,754.5247399667941,0.4465002320219025,297.9,0.015,2354.7880690737834,0.0,0.0,0.0,0.0,0.0,0.0,-0.2453755690468165,0.0021279635784531943,1e-06,0.0
558.0,754.9610264495872,0.4362864827930855,297.9,0.015,2354.7880690737834,0.0,0.0,0.0,0.0,0.0,0.0,-0.2453755690468165,0.0021279635784531943,1e-06,0.0
559.0,755.3870872221371,0.42606077254995334,297.9,0.015,2354.7880690737834,0.0,0.0,0.0,0.0,0.0,0.0,-0.2453755690468165,0.0021279635784531943,1e-06,0.0
560.0,755.8029106037726,0.41582338163551946,297.9,0.015,2354.7880690737834,0.0,0.0,0.0,0.0,0.0,0.0,-0.2453755690468165,0.0021279635784531943,1e-06,0.0
561.0,756.2084851944857,0.40557459071302465,297.9,0.015,2354.7880690737834,0.0,0.0,0.0,0.0,0.0,0.0,-0.2453755690468165,0.0021279635784531943,1e-06,0.0
562.0,756.6037998752439,0.39531468075825266,297.9,0.015,2354.7880690737834,0.0,0.0,0.0,0.0,0.0,0.0,-0.2453755690468165,0.0021279635784531943,1e-06,0.0
563.0,756.9888438082958,0.385043933051815,297.9,0.015,2354.7880690737834,0.0,0.0,0.0,0.0,0.0,0.0,-0.2453755690468165,0.0021279635784531943,1e-06,0.0
564.0,757.3636064374672,0.37476262917145003,297.9,0.015,2354.7880690737834,0.0,0.0,0.0,0.0,0.0,0.0,-0.2453755690468165,0.0021279635784531943,1e-06,0.0
565.0,757.7280774884515,0.36447105098429544,297.9,0.015,2354.7880690737834,0.0,0.0,0.0,0.0,0.0,0.0,-0.2453755690468165,0.0021279635784531943,1e-06,0.0
566.0,758.0822469690906,0.35416948063916687,297.9,0.015,2354.7880690737834,0.0,0.0,0.0,0.0,0.0,0.0,-0.2453755690468165,0.0021279635784531943,1e-06,0.0
567.0,758.4261051696494,0.34385820055881916,297.9,0.015,2354.7880690737834,0.0,0.0,0.0,0.0,0.0,0.0,-0.2453755690468165,0.0021279635784531943,1e-06,0.0
568.0,758.7596426630816,0.33353749343220435,297.9,0.015,2354.7880690737834,0.0,0.0,0.0,0.0,0.0,0.0,-0.2453755690468165,0.0021279635784531943,1e-06,0.0
569.0,759.0828503052884,0.32320764220672277,297.9,0.015,2354.7880690737834,0.0,0.0,0.0,0.0,0.0,0.0,-0.2453755690468165,0.0021279635784531943,1e-06,0.0
570.0,759.3957192353688,0.31286893008046196,297.9,0.015,2354.7880690737834,0.0,0.0,0.0,0.0,0.0,0.0,-0.2453755690468165,0.0021279635784531943,1e-06,0.0
571.0,759.6982408758632,0.3025216404944384,297.9,0.015,2354.7880690737834,0.0,0.0,0.0,0.0,0.0,0.0,-0.2453755690468165,0.0021279635784531943,1e-06,0.0
572.0,759.9904069329881,0.29216605712482296,297.9,0.015,2354.7880690737834,0.0,0.0,0.0,0.0,0.0,0.0,-0.2453755690468165,0.0021279635784531943,1e-06,0.0
573.0,760.2722093968632,0.2818024638751657,297.9,0.015,2354.7880690737834,0.0,0.0,0.0,0.0,0.0,0.0,-0.2453755690468165,0.0021279635784531943,1e-06,0.0
574.0,760.5436405417319,0.2714311448686089,297.9,0.015,2354.7880690737834,0.0,0.0,0.0,0.0,0.0,0.0,-0.2453755690468165,0.0021279635784531943,1e-06,0.0
575.0,760.8046929261719,0.261052384440104,297.9,0.015,2354.7880690737834,0.0,0.0,0.0,0.0,0.0,0.0,-0.2453755690468165,0.0021279635784531943,1e-06,0.0
576.0,761.0553593933005,0.25066646712860907,297.9,0.015,2354.7880690737834,0.0,0.0,0.0,0.0,0.0,0.0,-0.2453755690468165,0.0021279635784531943,1e-06,0.0
577.0,761.2956330709698,0.24027367766929367,297.9,0.015,2354.7880690737834,0.0,0.0,0.0,0.0,0.0,0.0,-0.2453755690468165,0.0021279635784531943,1e-06,0.0
578.0,761.5255073719555,0.22987430098573333,297.9,0.015,2354.7880690737834,0.0,0.0,0.0,0.0,0.0,0.0,-0.2453755690468165,0.0021279635784531943,1e-06,0.0
579.0,761.7449759941376,0.21946862218209043,297.9,0.015,2354.7880690737834,0.0,0.0,0.0,0.0,0.0,0.0,-0.2453755690468165,0.0021279635784531943,1e-06,0.0
580.0,761.9540329206728,0.20905692653530747,297.9,0.015,2354.7880690737834,0.0,0.0,0.0,0.0,0.0,0.0,-0.2453755690468165,0.0021279635784531943,1e-06,0.0
581.0,762.1526724201601,0.19863949948727833,297.9,0.015,2354.7880690737834,0.0,0.0,0.0,0.0,0.0,0.0,-0.2453755690468165,0.0021279635784531943,1e-06,0.0
582.0,762.3408890467971,0.1882166266370287,297.9,0.015,2354.7880690737834,0.0,0.0,0.0,0.0,0.0,0.0,-0.2453755690468165,0.0021279635784531943,1e-06,0.0
583.0,762.51867764053,0.17778859373288286,297.9,0.015,2354.7880690737834,0.0,0.0,0.0,0.0,0.0,0.0,-0.2453755690468165,0.0021279635784531943,1e-06,0.0
584.0,762.6860333271947,0.16735568666463146,297.9,0.015,2354.7880690737834,0.0,0.0,0.0,0.0,0.0,0.0,-0.2453755690468165,0.0021279635784531943,1e-06,0.0
585.0,762.8429515186504,0.15691819145569014,297.9,0.015,2354.7880690737834,0.0,0.0,0.0,0.0,0.0,0.0,-0.2453755690468165,0.0021279635784531943,1e-06,0.0
586.0,762.9894279129056,0.14647639425526426,297.9,0.015,2354.7880690737834,0.0,0.0,0.0,0.0,0.0,0.0,-0.2453755690468165,0.0021279635784531943,1e-06,0.0
587.0,763.1254584942361,0.13603058133049697,297.9,0.015,2354.7880690737834,0.0,0.0,0.0,0.0,0.0,0.0,-0.2453755690468165,0.0021279635784531943,1e-06,0.0
588.0,763.2510395332947,0.12558103905862628,297.9,0.015,2354.7880690737834,0.0,0.0,0.0,0.0,0.0,0.0,-0.2453755690468165,0.0021279635784531943,1e-06,0.0
589.0,763.3661675872138,0.11512805391913475,297.9,0.015,2354.7880690737834,0.0,0.0,0.0,0.0,0.0,0.0,-0.2453755690468165,0.0021279635784531943,1e-06,0.0
590.0,763.4708394996997,0.10467191248588761,297.9,0.015,2354.7880690737834,0.0,0.0,0.0,0.0,0.0,0.0,-0.2453755690468165,0.0021279635784531943,1e-06,0.0
591.0,763.5650524011189,0.09421290141928591,297.9,0.015,2354.7880690737834,0.0,0.0,0.0,0.0,0.0,0.0,-0.2453755690468165,0.0021279635784531943,1e-06,0.0
592.0,763.6488037085774,0.08375130745839962,297.9,0.015,2354.7880690737834,0.0,0.0,0.0,0.0,0.0,0.0,-0.2453755690468165,0.0021279635784531943,1e-06,0.0
593.0,763.7220911259905,0.07328741741311268,297.9,0.015,2354.7880690737834,0.0,0.0,0.0,0.0,0.0,0.0,-0.2453755690468165,0.0021279635784531943,1e-06,0.0
594.0,763.7849126441467,0.06282151815625647,297.9,0.015,2354.7880690737834,0.0,0.0,0.0,0.0,0.0,0.0,-0.2453755690468165,0.0021279635784531943,1e-06,0.0
595.0,763.8372665407625,0.052353896615746846,297.9,0.015,2354.7880690737834,0.0,0.0,0.0,0.0,0.0,0.0,-0.2453755690468165,0.0021279635784531943,1e-06,0.0
596.0,763.8791513805292,0.04188483976671422,297.9,0.015,2354.7880690737834,0.0,0.0,0.0,0.0,0.0,0.0,-0.2453755690468165,0.0021279635784531943,1e-06,0.0
597.0,763.9105660151528,0.03141463462364231,297.9,0.015,2354.7880690737834,0.0,0.0,0.0,0.0,0.0,0.0,-0.2453755690468165,0.0021279635784531943,1e-06,0.0
598.0,763.9315095833853,0.020943568232491418,297.9,0.015,2354.7880690737834,0.0,0.0,0.0,0.0,0.0,0.0,-0.2453755690468165,0.0021279635784531943,1e-06,0.0
599.0,763.9419815110481,0.010471927662838753,297.9,0.015,2354.7880690737834,0.0,0.0,0.0,0.0,0.0,0.0,-0.2453755690468165,0.0021279635784531943,1e-06,0.0
600.0,763.9419815110481,0.0,297.9,0.015,2354.7880690737834,0.0,0.0,0.0,0.0,0.0,0.0,-0.2453755690468165,0.0021279635784531943,1e-06,0.0
601.0,763.9419815110481,0.0,297.9,0.015,2354.7880690737834,0.0,0.0,0.0,0.0,0.0,0.0,-0.2453755690468165,0.0021279635784531943,1e-06,0.0
602.0,763.9419815110481,0.0,297.9,0.015,2354.7880690737834,0.0,0.0,0.0,0.0,0.0,0.0,-0.2453755690468165,0.0021279635784531943,1e-06,0.0
603.0,763.9419815110481,0.0,297.9,0.015,2354.7880690737834,0.0,0.0,0.0,0.0,0.0,0.0,-0.2453755690468165,0.0021279635784531943,1e-06,0.0
604.0,763.9419815110481,0.0,297.9,0.015,2354.7880690737834,0.0,0.0,0.0,0.0,0.0,0.0,-0.2453755690468165,0.0021279635784531943,1e-06,0.0
605.0,763.9419815110481,0.0,297.9,0.015,2354.7880690737834,0.0,0.0,0.0,0.0,0.0,0.0,-0.2453755690468165,0.0021279635784531943,1e-06,0.0
606.0,763.9419815110481,0.0,297.9,0.015,2354.7880690737834,0.0,0.0,0.0,0.0,0.0,0.0,-0.2453755690468165,0.0021279635784531943,1e-06,0.0
607.0,763.9419815110481,0.0,297.9,0.015,2354.7880690737834,0.0,0.0,0.0,0.0,0.0,0.0,-0.2453755690468165,0.0021279635784531943,1e-06,0.0
608.0,763.9419815110481,0.0,297.9,0.015,2354.7880690737834,0.0,0.0,0.0,0.0,0.0,0.0,-0.2453755690468165,0.0021279635784531943,1e-06,0.0
609.0,763.9419815110481,0.0,297.9,0.015,2354.7880690737834,0.0,0.0,0.0,0.0,0.0,0.0,-0.2453755690468165,0.0021279635784531943,1e-06,0.0
610.0,763.9419815110481,0.0,297.9,0.015,2354.7880690737834,0.0,0.0,0.0,0.0,0.0,0.0,-0.2453755690468165,0.0021279635784531943,1e-06,0.0
611.0,763.9419815110481,0.0,297.9,0.015,2354.7880690737834,0.0,0.0,0.0,0.0,0.0,0.0,-0.2453755690468165,0.0021279635784531943,1e-06,0.0
612.0,763.9419815110481,0.0,297.9,0.015,2354.7880690737834,0.0,0.0,0.0,0.0,0.0,0.0,-0.2453755690468165,0.0021279635784531943,1e-06,0.0
613.0,763.9419815110481,0.0,297.9,0.015,2354.7880690737834,0.0,0.0,0.0,0.0,0.0,0.0,-0.2453755690468165,0.0021279635784531943,1e-06,0.0
614.0,763.9419815110481,0.0,297.9,0.015,2354.7880690737834,0.0,0.0,0.0,0.0,0.0,0.0,-0.2453755690468165,0.0021279635784531943,1e-06,0.0
615.0,763.9419815110481,0.0,297.9,0.015,2354.7880690737834,0.0,0.0,0.0,0.0,0.0,0.0,-0.2453755690468165,0.0021279635784531943,1e-06,0.0
616.0,763.9419815110481,0.0,297.9,0.015,2354.7880690737834,0.0,0.0,0.0,0.0,0.0,0.0,-0.2453755690468165,0.0021279635784531943,1e-06,0.0
617.0,763.9419815110481,0.0,297.9,0.015,2354.7880690737834,0.0,0.0,0.0,0.0,0.0,0.0,-0.2453755690468165,0.0021279635784531943,1e-06,0.0
618.0,763.9419815110481,0.0,297.9,0.015,2354.7880690737834,0.0,0.0,0.0,0.0,0.0,0.0,-0.2453755690468165,0.0021279635784531943,1e-06,0.0
619.0,763.9419815110481,0.0,297.9,0.015,2354.7880690737834,0.0,0.0,0.0,0.0,0.0,0.0,-0.2453755690468165,0.0021279635784531943,1e-06,0.0
620.0,763.9419815110481,0.0,297.9,0.015,2354.7880690737834,0.0,0.0,0.0,0.0,0.0,0.0,-0.2453755690468165,0.0021279635784531943,1e-06,0.0
621.0,763.9419815110481,0.0,297.9,0.015,2354.7880690737834,0.0,0.0,0.0,0.0,0.0,0.0,-0.2453755690468165,0.0021279635784531943,1e-06,0.0
622.0,763.9419815110481,0.0,297.9,0.015,2354.7880690737834,0.0,0.0,0.0,0.0,0.0,0.0,-0.2453755690468165,0.0021279635784531943,1e-06,0.0
623.0,763.9419815110481,0.0,297.9,0.015,2354.7880690737834,0.0,0.0,0.0,0.0,0.0,0.0,-0.2453755690468165,0.0021279635784531943,1e-06,0.0
624.0,763.9419815110481,0.0,297.9,0.015,2354.7880690737834,0.0,0.0,0.0,0.0,0.0,0.0,-0.2453755690468165,0.0021279635784531943,1e-06,0.0
625.0,763.9419815110481,0.0,297.9,0.015,2354.7880690737834,0.0,0.0,0.0,0.0,0.0,0.0,-0.2453755690468165,0.0021279635784531943,1e-06,0.0
626.0,763.9419815110481,0.0,297.9,0.015,2354.7880690737834,0.0,0.0,0.0,0.0,0.0,0.0,-0.2453755690468165,0.0021279635784531943,1e-06,0.0
627.0,763.9419815110481,0.0,297.9,0.015,2354.7880690737834,0.0,0.0,0.0,0.0,0.0,0.0,-0.2453755690468165,0.0021279635784531943,1e-06,0.0
628.0,763.9419815110481,0.0,297.9,0.015,2354.7880690737834,0.0,0.0,0.0,0.0,0.0,0.0,-0.2453755690468165,0.0021279635784531943,1e-06,0.0
629.0,763.9419815110481,0.0,297.9,0.015,2354.7880690737834,0.0,0.0,0.0,0.0,0.0,0.0,-0.2453755690468165,0.0021279635784531943,1e-06,0.0
630.0,763.9419815110481,0.0,297.9,0.015,2354.7880690737834,0.0,0.0,0.0,0.0,0.0,0.0,-0.2453755690468165,0.0021279635784531943,1e-06,0.0
631.0,763.9419815110481,0.0,297.9,0.015,2354.7880690737834,0.0,0.0,0.0,0.0,0.0,0.0,-0.2453755690468165,0.0021279635784531943,1e-06,0.0
632.0,763.9419815110481,0.0,297.9,0.015,2354.7880690737834,0.0,0.0,0.0,0.0,0.0,0.0,-0.2453755690468165,0.0021279635784531943,1e-06,0.0
633.0,763.9419815110481,0.0,297.9,0.015,2354.7880690737834,0.0,0.0,0.0,0.0,0.0,0.0,-0.2453755690468165,0.0021279635784531943,1e-06,0.0
634.0,763.9419815110481,0.0,297.9,0.015,2354.7880690737834,0.0,0.0,0.0,0.0,0.0,0.0,-0.2453755690468165,0.0021279635784531943,1e-06,0.0
635.0,763.9419815110481,0.0,297.9,0.015,2354.7880690737834,0.0,0.0,0.0,0.0,0.0,0.0,-0.2453755690468165,0.0021279635784531943,1e-06,0.0
636.0,763.9419815110481,0.0,297.9,0.015,2354.7880690737834,0.0,0.0,0.0,0.0,0.0,0.0,-0.2453755690468165,0.0021279635784531943,1e-06,0.0
637.0,763.9419815110481,0.0,297.9,0.015,2354.7880690737834,0.0,0.0,0.0,0.0,0.0,0.0,-0.2453755690468165,0.0021279635784531943,1e-06,0.0
638.0,763.9419815110481,0.0,297.9,0.015,2354.7880690737834,0.0,0.0,0.0,0.0,0.0,0.0,-0.2453755690468165,0.0021279635784531943,1e-06,0.0
639.0,763.9419815110481,0.0,297.9,0.015,2354.7880690737834,0.0,0.0,0.0,0.0,0.0,0.0,-0.2453755690468165,0.0021279635784531943,1e-06,0.0
640.0,763.9419815110481,0.0,297.9,0.015,2354.7880690737834,0.0,0.0,0.0,0.0,0.0,0.0,-0.2453755690468165,0.0021279635784531943,1e-06,0.0
641.0,763.9419815110481,0.0,297.9,0.015,2354.7880690737834,0.0,0.0,0.0,0.0,0.0,0.0,-0.2453755690468165,0.0021279635784531943,1e-06,0.0
642.0,763.9419815110481,0.0,297.9,0.015,2354.7880690737834,0.0,0.0,0.0,0.0,0.0,0.0,-0.2453755690468165,0.0021279635784531943,1e-06,0.0
643.0,763.9419815110481,0.0,297.9,0.015,2354.7880690737834,0.0,0.0,0.0,0.0,0.0,0.0,-0.2453755690468165,0.0021279635784531943,1e-06,0.0
644.0,763.9419815110481,0.0,297.9,0.015,2354.7880690737834,0.0,0.0,0.0,0.0,0.0,0.0,-0.2453755690468165,0.0021279635784531943,1e-06,0.0
645.0,763.9419815110481,0.0,297.9,0.015,2354.7880690737834,0.0,0.0,0.0,0.0,0.0,0.0,-0.2453755690468165,0.0021279635784531943,1e-06,0.0
646.0,763.9419815110481,0.0,297.9,0.015,2354.7880690737834,0.0,0.0,0.0,0.0,0.0,0.0,-0.2453755690468165,0.0021279635784531943,1e-06,0.0
647.0,763.9419815110481,0.0,297.9,0.015,2354.7880690737834,0.0,0.0,0.0,0.0,0.0,0.0,-0.2453755690468165,0.0021279635784531943,1e-06,0.0
648.0,763.9419815110481,0.0,297.9,0.015,2354.7880690737834,0.0,0.0,0.0,0.0,0.0,0.0,-0.2453755690468165,0.0021279635784531943,1e-06,0.0
649.0,763.9419815110481,0.0,297.9,0.015,2354.7880690737834,0.0,0.0,0.0,0.0,0.0,0.0,-0.2453755690468165,0.0021279635784531943,1e-06,0.0
650.0,763.9419815110481,0.0,297.9,0.015,2354.7880690737834,0.0,0.0,0.0,0.0,0.0,0.0,-0.2453755690468165,0.0021279635784531943,1e-06,0.0
651.0,763.9419815110481,0.0,297.9,0.015,2354.7880690737834,0.0,0.0,0.0,0.0,0.0,0.0,-0.2453755690468165,0.0021279635784531943,1e-06,0.0
652.0,763.9419815110481,0.0,297.9,0.015,2354.7880690737834,0.0,0.0,0.0,0.0,0.0,0.0,-0.2453755690468165,0.0021279635784531943,1e-06,0.0
653.0,763.9419815110481,0.0,297.9,0.015,2354.7880690737834,0.0,0.0,0.0,0.0,0.0,0.0,-0.2453755690468165,0.0021279635784531943,1e-06,0.0
654.0,763.9419815110481,0.0,297.9,0.015,2354.7880690737834,0.0,0.0,0.0,0.0,0.0,0.0,-0.2453755690468165,0.0021279635784531943,1e-06,0.0
655.0,763.9419815110481,0.0,297.9,0.015,2354.7880690737834,0.0,0.0,0.0,0.0,0.0,0.0,-0.2453755690468165,0.0021279635784531943,1e-06,0.0
656.0,763.9419815110481,0.0,297.9,0.015,2354.7880690737834,0.0,0.0,0.0,0.0,0.0,0.0,-0.2453755690468165,0.0021279635784531943,1e-06,0.0
657.0,763.9419815110481,0.0,297.9,0.015,2354.7880690737834,0.0,0.0,0.0,0.0,0.0,0.0,-0.2453755690468165,0.0021279635784531943,1e-06,0.0
658.0,763.9419815110481,0.0,297.9,0.015,2354.7880690737834,0.0,0.0,0.0,0.0,0.0,0.0,-0.2453755690468165,0.0021279635784531943,1e-06,0.0
659.0,763.9419815110481,0.0,297.9,0.015,2354.7880690737834,0.0,0.0,0.0,0.0,0.0,0.0,-0.2453755690468165,0.0021279635784531943,1e-06,0.0
660.0,763.9419815110481,0.0,297.9,0.015,2354.7880690737834,0.0,0.0,0.0,0.0,0.0,0.0,-0.2453755690468165,0.0021279635784531943,1e-06,0.0
661.0,763.9419815110481,0.0,297.9,0.015,2354.7880690737834,0.0,0.0,0.0,0.0,0.0,0.0,-0.2453755690468165,0.0021279635784531943,1e-06,0.0
662.0,763.9419815110481,0.0,297.9,0.015,2354.7880690737834,0.0,0.0,0.0,0.0,0.0,0.0,-0.2453755690468165,0.0021279635784531943,1e-06,0.0
663.0,763.9419815110481,0.0,297.9,0.015,2354.7880690737834,0.0,0.0,0.0,0.0,0.0,0.0,-0.2453755690468165,0.0021279635784531943,1e-06,0.0
664.0,763.9419815110481,0.0,297.9,0.015,2354.7880690737834,0.0,0.0,0.0,0.0,0.0,0.0,-0.2453755690468165,0.0021279635784531943,1e-06,0.0
665.0,763.9419815110481,0.0,297.9,0.015,2354.7880690737834,0.0,0.0,0.0,0.0,0.0,0.0,-0.2453755690468165,0.0021279635784531943,1e-06,0.0
666.0,763.9419815110481,0.0,297.9,0.015,2354.7880690737834,0.0,0.0,0.0,0.0,0.0,0.0,-0.2453755690468165,0.0021279635784531943,1e-06,0.0
667.0,763.9419815110481,0.0,297.9,0.015,2354.7880690737834,0.0,0.0,0.0,0.0,0.0,0.0,-0.2453755690468165,0.0021279635784531943,1e-06,0.0
668.0,763.9419815110481,0.0,297.9,0.015,2354.7880690737834,0.0,0.0,0.0,0.0,0.0,0.0,-0.2453755690468165,0.0021279635784531943,1e-06,0.0
669.0,763.9419815110481,0.0,297.9,0.015,2354.7880690737834,0.0,0.0,0.0,0.0,0.0,0.0,-0.2453755690468165,0.0021279635784531943,1e-06,0.0
670.0,763.9419815110481,0.0,297.9,0.015,2354.7880690737834,0.0,0.0,0.0,0.0,0.0,0.0,-0.2453755690468165,0.0021279635784531943,1e-06,0.0
671.0,763.9419815110481,0.0,297.9,0.015,2354.7880690737834,0.0,0.0,0.0,0.0,0.0,0.0,-0.2453755690468165,0.0021279635784531943,1e-06,0.0
672.0,763.9419815110481,0.0,297.9,0.015,2354.7880690737834,0.0,0.0,0.0,0.0,0.0,0.0,-0.2453755690468165,0.0021279635784531943,1e-06,0.0
673.0,763.9419815110481,0.0,297.9,0.015,2354.7880690737834,0.0,0.0,0.0,0.0,0.0,0.0,-0.2453755690468165,0.0021279635784531943,1e-06,0.0
674.0,763.9419815110481,0.0,297.9,0.015,2354.7880690737834,0.0,0.0,0.0,0.0,0.0,0.0,-0.2453755690468165,0.0021279635784531943,1e-06,0.0
675.0,763.9419815110481,0.0,297.9,0.015,2354.7880690737834,0.0,0.0,0.0,0.0,0.0,0.0,-0.2453755690468165,0.0021279635784531943,1e-06,0.0
676.0,763.9419815110481,0.0,297.9,0.015,2354.7880690737834,0.0,0.0,0.0,0.0,0.0,0.0,-0.2453755690468165,0.0021279635784531943,1e-06,0.0
677.0,763.9419815110481,0.0,297.9,0.015,2354.7880690737834,0.0,0.0,0.0,0.0,0.0,0.0,-0.2453755690468165,0.0021279635784531943,1e-06,0.0
678.0,763.9419815110481,0.0,297.9,0.015,2354.7880690737834,0.0,0.0,0.0,0.0,0.0,0.0,-0.2453755690468165,0.0021279635784531943,1e-06,0.0
679.0,763.9419815110481,0.0,297.9,0.015,2354.7880690737834,0.0,0.0,0.0,0.0,0.0,0.0,-0.2453755690468165,0.0021279635784531943,1e-06,0.0
680.0,763.9419815110481,0.0,297.9,0.015,2354.7880690737834,0.0,0.0,0.0,0.0,0.0,0.0,-0.2453755690468165,0.0021279635784531943,1e-06,0.0
681.0,763.9419815110481,0.0,297.9,0.015,2354.7880690737834,0.0,0.0,0.0,0.0,0.0,0.0,-0.2453755690468165,0.0021279635784531943,1e-06,0.0
682.0,763.9419815110481,0.0,297.9,0.015,2354.7880690737834,0.0,0.0,0.0,0.0,0.0,0.0,-0.2453755690468165,0.0021279635784531943,1e-06,0.0
683.0,763.9419815110481,0.0,297.9,0.015,2354.7880690737834,0.0,0.0,0.0,0.0,0.0,0.0,-0.2453755690468165,0.0021279635784531943,1e-06,0.0
684.0,763.9419815110481,0.0,297.9,0.015,2354.7880690737834,0.0,0.0,0.0,0.0,0.0,0.0,-0.2453755690468165,0.0021279635784531943,1e-06,0.0
685.0,763.9419815110481,0.0,297.9,0.015,2354.7880690737834,0.0,0.0,0.0,0.0,0.0,0.0,-0.2453755690468165,0.0021279635784531943,1e-06,0.0
686.0,763.9419815110481,0.0,297.9,0.015,2354.7880690737834,0.0,0.0,0.0,0.0,0.0,0.0,-0.2453755690468165,0.0021279635784531943,1e-06,0.0
687.0,763.9419815110481,0.0,297.9,0.015,2354.7880690737834,0.0,0.0,0.0,0.0,0.0,0.0,-0.2453755690468165,0.0021279635784531943,1e-06,0.0
688.0,763.9419815110481,0.0,297.9,0.015,2354.7880690737834,0.0,0.0,0.0,0.0,0.0,0.0,-0.2453755690468165,0.0021279635784531943,1e-06,0.0
689.0,763.9419815110481,0.0,297.9,0.015,2354.7880690737834,0.0,0.0,0.0,0.0,0.0,0.0,-0.2453755690468165,0.0021279635784531943,1e-06,0.0
690.0,763.9419815110481,0.0,297.9,0.015,2354.7880690737834,0.0,0.0,0.0,0.0,0.0,0.0,-0.2453755690468165,0.0021279635784531943,1e-06,0.0
691.0,763.9419815110481,0.0,297.9,0.015,2354.7880690737834,0.0,0.0,0.0,0.0,0.0,0.0,-0.2453755690468165,0.0021279635784531943,1e-06,0.0
692.0,763.9419815110481,0.0,297.9,0.015,2354.7880690737834,0.0,0.0,0.0,0.0,0.0,0.0,-0.2453755690468165,0.0021279635784531943,1e-06,0.0
693.0,763.9419815110481,0.0,297.9,0.015,2354.7880690737834,0.0,0.0,0.0,0.0,0.0,0.0,-0.2453755690468165,0.0021279635784531943,1e-06,0.0
694.0,763.9419815110481,0.0,297.9,0.015,2354.7880690737834,0.0,0.0,0.0,0.0,0.0,0.0,-0.2453755690468165,0.0021279635784531943,1e-06,0.0
695.0,763.9419815110481,0.0,297.9,0.015,2354.7880690737834,0.0,0.0,0.0,0.0,0.0,0.0,-0.2453755690468165,0.0021279635784531943,1e-06,0.0
696.0,763.9419815110481,0.0,297.9,0.015,2354.7880690737834,0.0,0.0,0.0,0.0,0.0,0.0,-0.2453755690468165,0.0021279635784531943,1e-06,0.0
697.0,763.9419815110481,0.0,297.9,0.015,2354.7880690737834,0.0,0.0,0.0,0.0,0.0,0.0,-0.2453755690468165,0.0021279635784531943,1e-06,0.0
698.0,763.9419815110481,0.0,297.9,0.015,2354.7880690737834,0.0,0.0,0.0,0.0,0.0,0.0,-0.2453755690468165,0.0021279635784531943,1e-06,0.0
699.0,763.9419815110481,0.0,297.9,0.015,2354.7880690737834,0.0,0.0,0.0,0.0,0.0,0.0,-0.2453755690468165,0.0021279635784531943,1e-06,0.0
700.0,763.9419815110481,0.0,297.9,0.015,2354.7880690737834,0.0,0.0,0.0,0.0,0.0,0.0,-0.2453755690468165,0.0021279635784531943,1e-06,0.0
701.0,763.9419815110481,0.0,297.9,0.015,2354.7880690737834,0.0,0.0,0.0,0.0,0.0,0.0,-0.2453755690468165,0.0021279635784531943,1e-06,0.0
702.0,763.9419815110481,0.0,297.9,0.015,2354.7880690737834,0.0,0.0,0.0,0.0,0.0,0.0,-0.2453755690468165,0.0021279635784531943,1e-06,0.0
703.0,763.9419815110481,0.0,297.9,0.015,2354.7880690737834,0.0,0.0,0.0,0.0,0.0,0.0,-0.2453755690468165,0.0021279635784531943,1e-06,0.0
704.0,763.9419815110481,0.0,297.9,0.015,2354.7880690737834,0.0,0.0,0.0,0.0,0.0,0.0,-0.2453755690468165,0.0021279635784531943,1e-06,0.0
705.0,763.9419815110481,0.0,297.9,0.015,2354.7880690737834,0.0,0.0,0.0,0.0,0.0,0.0,-0.2453755690468165,0.0021279635784531943,1e-06,0.0
706.0,763.9419815110481,0.0,297.9,0.015,2354.7880690737834,0.0,0.0,0.0,0.0,0.0,0.0,-0.2453755690468165,0.0021279635784531943,1e-06,0.0
707.0,763.9419815110481,0.0,297.9,0.015,2354.7880690737834,0.0,0.0,0.0,0.0,0.0,0.0,-0.2453755690468165,0.0021279635784531943,1e-06,0.0
708.0,763.9419815110481,0.0,297.9,0.015,2354.7880690737834,0.0,0.0,0.0,0.0,0.0,0.0,-0.2453755690468165,0.0021279635784531943,1e-06,0.0
709.0,763.9419815110481,0.0,297.9,0.015,2354.7880690737834,0.0,0.0,0.0,0.0,0.0,0.0,-0.2453755690468165,0.0021279635784531943,1e-06,0.0
710.0,763.9419815110481,0.0,297.9,0.015,2354.7880690737834,0.0,0.0,0.0,0.0,0.0,0.0,-0.2453755690468165,0.0021279635784531943,1e-06,0.0
711.0,763.9419815110481,0.0,297.9,0.015,2354.7880690737834,0.0,0.0,0.0,0.0,0.0,0.0,-0.2453755690468165,0.0021279635784531943,1e-06,0.0
712.0,763.9419815110481,0.0,297.9,0.015,2354.7880690737834,0.0,0.0,0.0,0.0,0.0,0.0,-0.2453755690468165,0.0021279635784531943,1e-06,0.0
713.0,763.9419815110481,0.0,297.9,0.015,2354.7880690737834,0.0,0.0,0.0,0.0,0.0,0.0,-0.2453755690468165,0.0021279635784531943,1e-06,0.0
714.0,763.9419815110481,0.0,297.9,0.015,2354.7880690737834,0.0,0.0,0.0,0.0,0.0,0.0,-0.2453755690468165,0.0021279635784531943,1e-06,0.0
715.0,763.9419815110481,0.0,297.9,0.015,2354.7880690737834,0.0,0.0,0.0,0.0,0.0,0.0,-0.2453755690468165,0.0021279635784531943,1e-06,0.0
716.0,763.9419815110481,0.0,297.9,0.015,2354.7880690737834,0.0,0.0,0.0,0.0,0.0,0.0,-0.2453755690468165,0.0021279635784531943,1e-06,0.0
717.0,763.9419815110481,0.0,297.9,0.015,2354.7880690737834,0.0,0.0,0.0,0.0,0.0,0.0,-0.2453755690468165,0.0021279635784531943,1e-06,0.0
718.0,763.9419815110481,0.0,297.9,0.015,2354.7880690737834,0.0,0.0,0.0,0.0,0.0,0.0,-0.2453755690468165,0.0021279635784531943,1e-06,0.0
719.0,763.9419815110481,0.0,297.9,0.015,2354.7880690737834,0.0,0.0,0.0,0.0,0.0,0.0,-0.2453755690468165,0.0021279635784531943,1e-06,0.0
720.0,763.9419815110481,0.0,297.9,0.015,2354.7880690737834,0.0,0.0,0.0,0.0,0.0,0.0,-0.2453755690468165,0.0021279635784531943,1e-06,0.0
721.0,763.9419815110481,0.0,297.9,0.015,2354.7880690737834,0.0,0.0,0.0,0.0,0.0,0.0,-0.2453755690468165,0.0021279635784531943,1e-06,0.0
722.0,763.9419815110481,0.0,297.9,0.015,2354.7880690737834,0.0,0.0,0.0,0.0,0.0,0.0,-0.2453755690468165,0.0021279635784531943,1e-06,0.0
723.0,763.9419815110481,0.0,297.9,0.015,2354.7880690737834,0.0,0.0,0.0,0.0,0.0,0.0,-0.2453755690468165,0.0021279635784531943,1e-06,0.0
724.0,763.9419815110481,0.0,297.9,0.015,2354.7880690737834,0.0,0.0,0.0,0.0,0.0,0.0,-0.2453755690468165,0.0021279635784531943,1e-06,0.0
725.0,763.9419815110481,0.0,297.9,0.015,2354.7880690737834,0.0,0.0,0.0,0.0,0.0,0.0,-0.2453755690468165,0.0021279635784531943,1e-06,0.0
726.0,763.9419815110481,0.0,297.9,0.015,2354.7880690737834,0.0,0.0,0.0,0.0,0.0,0.0,-0.2453755690468165,0.0021279635784531943,1e-06,0.0
727.0,763.9419815110481,0.0,297.9,0.015,2354.7880690737834,0.0,0.0,0.0,0.0,0.0,0.0,-0.2453755690468165,0.0021279635784531943,1e-06,0.0
728.0,763.9419815110481,0.0,297.9,0.015,2354.7880690737834,0.0,0.0,0.0,0.0,0.0,0.0,-0.2453755690468165,0.0021279635784531943,1e-06,0.0
729.0,763.9419815110481,0.0,297.9,0.015,2354.7880690737834,0.0,0.0,0.0,0.0,0.0,0.0,-0.2453755690468165,0.0021279635784531943,1e-06,0.0
730.0,763.9419815110481,0.0,297.9,0.015,2354.7880690737834,0.0,0.0,0.0,0.0,0.0,0.0,-0.2453755690468165,0.0021279635784531943,1e-06,0.0
731.0,763.9419815110481,0.0,297.9,0.015,2354.7880690737834,0.0,0.0,0.0,0.0,0.0,0.0,-0.2453755690468165,0.0021279635784531943,1e-06,0.0
732.0,763.9419815110481,0.0,297.9,0.015,2354.7880690737834,0.0,0.0,0.0,0.0,0.0,0.0,-0.2453755690468165,0.0021279635784531943,1e-06,0.0
733.0,763.9419815110481,0.0,297.9,0.015,2354.7880690737834,0.0,0.0,0.0,0.0,0.0,0.0,-0.2453755690468165,0.0021279635784531943,1e-06,0.0
734.0,763.9419815110481,0.0,297.9,0.015,2354.7880690737834,0.0,0.0,0.0,0.0,0.0,0.0,-0.2453755690468165,0.0021279635784531943,1e-06,0.0
735.0,763.9419815110481,0.0,297.9,0.015,2354.7880690737834,0.0,0.0,0.0,0.0,0.0,0.0,-0.2453755690468165,0.0021279635784531943,1e-06,0.0
736.0,763.9419815110481,0.0,297.9,0.015,2354.7880690737834,0.0,0.0,0.0,0.0,0.0,0.0,-0.2453755690468165,0.0021279635784531943,1e-06,0.0
737.0,763.9419815110481,0.0,297.9,0.015,2354.7880690737834,0.0,0.0,0.0,0.0,0.0,0.0,-0.2453755690468165,0.0021279635784531943,1e-06,0.0
738.0,763.9419815110481,0.0,297.9,0.015,2354.7880690737834,0.0,0.0,0.0,0.0,0.0,0.0,-0.2453755690468165,0.0021279635784531943,1e-06,0.0
739.0,763.9419815110481,0.0,297.9,0.015,2354.7880690737834,0.0,0.0,0.0,0.0,0.0,0.0,-0.2453755690468165,0.0021279635784531943,1e-06,0.0
740.0,763.9419815110481,0.0,297.9,0.015,2354.7880690737834,0.0,0.0,0.0,0.0,0.0,0.0,-0.2453755690468165,0.0021279635784531943,1e-06,0.0
741.0,763.9419815110481,0.0,297.9,0.015,2354.7880690737834,0.0,0.0,0.0,0.0,0.0,0.0,-0.2453755690468165,0.0021279635784531943,1e-06,0.0
742.0,763.9419815110481,0.0,297.9,0.015,2354.7880690737834,0.0,0.0,0.0,0.0,0.0,0.0,-0.2453755690468165,0.0021279635784531943,1e-06,0.0
743.0,763.9419815110481,0.0,297.9,0.015,2354.7880690737834,0.0,0.0,0.0,0.0,0.0,0.0,-0.2453755690468165,0.0021279635784531943,1e-06,0.0
744.0,763.9419815110481,0.0,297.9,0.015,2354.7880690737834,0.0,0.0,0.0,0.0,0.0,0.0,-0.2453755690468165,0.0021279635784531943,1e-06,0.0
745.0,763.9419815110481,0.0,297.9,0.015,2354.7880690737834,0.0,0.0,0.0,0.0,0.0,0.0,-0.2453755690468165,0.0021279635784531943,1e-06,0.0
746.0,763.9419815110481,0.0,297.9,0.015,2354.7880690737834,0.0,0.0,0.0,0.0,0.0,0.0,-0.2453755690468165,0.0021279635784531943,1e-06,0.0
747.0,763.9419815110481,0.0,297.9,0.015,2354.7880690737834,0.0,0.0,0.0,0.0,0.0,0.0,-0.2453755690468165,0.0021279635784531943,1e-06,0.0
748.0,763.9419815110481,0.0,297.9,0.015,2354.7880690737834,0.0,0.0,0.0,0.0,0.0,0.0,-0.2453755690468165,0.0021279635784531943,1e-06,0.0
749.0,763.9419815110481,0.0,297.9,0.015,2354.7880690737834,0.0,0.0,0.0,0.0,0.0,0.0,-0.2453755690468165,0.0021279635784531943,1e-06,0.0
750.0,763.9419815110481,0.0,297.9,0.015,2354.7880690737834,0.0,0.0,0.0,0.0,0.0,0.0,-0.2453755690468165,0.0021279635784531943,1e-06,0.0
751.0,763.9419815110481,0.0,297.9,0.015,2354.7880690737834,0.0,0.0,0.0,0.0,0.0,0.0,-0.2453755690468165,0.0021279635784531943,1e-06,0.0
752.0,763.9419815110481,0.0,297.9,0.015,2354.7880690737834,0.0,0.0,0.0,0.0,0.0,0.0,-0.2453755690468165,0.0021279635784531943,1e-06,0.0
753.0,763.9419815110481,0.0,297.9,0.015,2354.7880690737834,0.0,0.0,0.0,0.0,0.0,0.0,-0.2453755690468165,0.0021279635784531943,1e-06,0.0
754.0,763.9419815110481,0.0,297.9,0.015,2354.7880690737834,0.0,0.0,0.0,0.0,0.0,0.0,-0.2453755690468165,0.0021279635784531943,1e-06,0.0
755.0,763.9419815110481,0.0,297.9,0.015,2354.7880690737834,0.0,0.0,0.0,0.0,0.0,0.0,-0.2453755690468165,0.0021279635784531943,1e-06,0.0
756.0,763.9419815110481,0.0,297.9,0.015,2354.7880690737834,0.0,0.0,0.0,0.0,0.0,0.0,-0.2453755690468165,0.0021279635784531943,1e-06,0.0
757.0,763.9419815110481,0.0,297.9,0.015,2354.7880690737834,0.0,0.0,0.0,0.0,0.0,0.0,-0.2453755690468165,0.0021279635784531943,1e-06,0.0
758.0,763.9419815110481,0.0,297.9,0.015,2354.7880690737834,0.0,0.0,0.0,0.0,0.0,0.0,-0.2453755690468165,0.0021279635784531943,1e-06,0.0
759.0,763.9419815110481,0.0,297.9,0.015,2354.7880690737834,0.0,0.0,0.0,0.0,0.0,0.0,-0.2453755690468165,0.0021279635784531943,1e-06,0.0
760.0,763.9419815110481,0.0,297.9,0.015,2354.7880690737834,0.0,0.0,0.0,0.0,0.0,0.0,-0.2453755690468165,0.0021279635784531943,1e-06,0.0
761.0,763.9419815110481,0.0,297.9,0.015,2354.7880690737834,0.0,0.0,0.0,0.0,0.0,0.0,-0.2453755690468165,0.0021279635784531943,1e-06,0.0
762.0,763.9419815110481,0.0,297.9,0.015,2354.7880690737834,0.0,0.0,0.0,0.0,0.0,0.0,-0.2453755690468165,0.0021279635784531943,1e-06,0.0
763.0,763.9419815110481,0.0,297.9,0.015,2354.7880690737834,0.0,0.0,0.0,0.0,0.0,0.0,-0.2453755690468165,0.0021279635784531943,1e-06,0.0
764.0,763.9419815110481,0.0,297.9,0.015,2354.7880690737834,0.0,0.0,0.0,0.0,0.0,0.0,-0.2453755690468165,0.0021279635784531943,1e-06,0.0
765.0,763.9419815110481,0.0,297.9,0.015,2354.7880690737834,0.0,0.0,0.0,0.0,0.0,0.0,-0.2453755690468165,0.0021279635784531943,1e-06,0.0
766.0,763.9419815110481,0.0,297.9,0.015,2354.7880690737834,0.0,0.0,0.0,0.0,0.0,0.0,-0.2453755690468165,0.0021279635784531943,1e-06,0.0
767.0,763.9419815110481,0.0,297.9,0.015,2354.7880690737834,0.0,0.0,0.0,0.0,0.0,0.0,-0.2453755690468165,0.0021279635784531943,1e-06,0.0
768.0,763.9419815110481,0.0,297.9,0.015,2354.7880690737834,0.0,0.0,0.0,0.0,0.0,0.0,-0.2453755690468165,0.0021279635784531943,1e-06,0.0
769.0,763.9419815110481,0.0,297.9,0.015,2354.7880690737834,0.0,0.0,0.0,0.0,0.0,0.0,-0.2453755690468165,0.0021279635784531943,1e-06,0.0
770.0,763.9419815110481,0.0,297.9,0.015,2354.7880690737834,0.0,0.0,0.0,0.0,0.0,0.0,-0.2453755690468165,0.0021279635784531943,1e-06,0.0
771.0,763.9419815110481,0.0,297.9,0.015,2354.7880690737834,0.0,0.0,0.0,0.0,0.0,0.0,-0.2453755690468165,0.0021279635784531943,1e-06,0.0
772.0,763.9419815110481,0.0,297.9,0.015,2354.7880690737834,0.0,0.0,0.0,0.0,0.0,0.0,-0.2453755690468165,0.0021279635784531943,1e-06,0.0
773.0,763.9419815110481,0.0,297.9,0.015,2354.7880690737834,0.0,0.0,0.0,0.0,0.0,0.0,-0.2453755690468165,0.0021279635784531943,1e-06,0.0
774.0,763.9419815110481,0.0,297.9,0.015,2354.7880690737834,0.0,0.0,0.0,0.0,0.0,0.0,-0.2453755690468165,0.0021279635784531943,1e-06,0.0
775.0,763.9419815110481,0.0,297.9,0.015,2354.7880690737834,0.0,0.0,0.0,0.0,0.0,0.0,-0.2453755690468165,0.0021279635784531943,1e-06,0.0
776.0,763.9419815110481,0.0,297.9,0.015,2354.7880690737834,0.0,0.0,0.0,0.0,0.0,0.0,-0.2453755690468165,0.0021279635784531943,1e-06,0.0
777.0,763.9419815110481,0.0,297.9,0.015,2354.7880690737834,0.0,0.0,0.0,0.0,0.0,0.0,-0.2453755690468165,0.0021279635784531943,1e-06,0.0
778.0,763.9419815110481,0.0,297.9,0.015,2354.7880690737834,0.0,0.0,0.0,0.0,0.0,0.0,-0.2453755690468165,0.0021279635784531943,1e-06,0.0
779.0,763.9419815110481,0.0,297.9,0.015,2354.7880690737834,0.0,0.0,0.0,0.0,0.0,0.0,-0.2453755690468165,0.0021279635784531943,1e-06,0.0
780.0,763.9419815110481,0.0,297.9,0.015,2354.7880690737834,0.0,0.0,0.0,0.0,0.0,0.0,-0.2453755690468165,0.0021279635784531943,1e-06,0.0
781.0,763.9419815110481,0.0,297.9,0.015,2354.7880690737834,0.0,0.0,0.0,0.0,0.0,0.0,-0.2453755690468165,0.0021279635784531943,1e-06,0.0
782.0,763.9419815110481,0.0,297.9,0.015,2354.7880690737834,0.0,0.0,0.0,0.0,0.0,0.0,-0.2453755690468165,0.0021279635784531943,1e-06,0.0
783.0,763.9419815110481,0.0,297.9,0.015,2354.7880690737834,0.0,0.0,0.0,0.0,0.0,0.0,-0.2453755690468165,0.0021279635784531943,1e-06,0.0
784.0,763.9419815110481,0.0,297.9,0.015,2354.7880690737834,0.0,0.0,0.0,0.0,0.0,0.0,-0.2453755690468165,0.0021279635784531943,1e-06,0.0
785.0,763.9419815110481,0.0,297.9,0.015,2354.7880690737834,0.0,0.0,0.0,0.0,0.0,0.0,-0.2453755690468165,0.0021279635784531943,1e-06,0.0
786.0,763.9419815110481,0.0,297.9,0.015,2354.7880690737834,0.0,0.0,0.0,0.0,0.0,0.0,-0.2453755690468165,0.0021279635784531943,1e-06,0.0
787.0,763.9419815110481,0.0,297.9,0.015,2354.7880690737834,0.0,0.0,0.0,0.0,0.0,0.0,-0.2453755690468165,0.0021279635784531943,1e-06,0.0
788.0,763.9419815110481,0.0,297.9,0.015,2354.7880690737834,0.0,0.0,0.0,0.0,0.0,0.0,-0.2453755690468165,0.0021279635784531943,1e-06,0.0
789.0,763.9419815110481,0.0,297.9,0.015,2354.7880690737834,0.0,0.0,0.0,0.0,0.0,0.0,-0.2453755690468165,0.0021279635784531943,1e-06,0.0
790.0,763.9419815110481,0.0,297.9,0.015,2354.7880690737834,0.0,0.0,0.0,0.0,0.0,0.0,-0.2453755690468165,0.0021279635784531943,1e-06,0.0
791.0,763.9419815110481,0.0,297.9,0.015,2354.7880690737834,0.0,0.0,0.0,0.0,0.0,0.0,-0.2453755690468165,0.0021279635784531943,1e-06,0.0
792.0,763.9419815110481,0.0,297.9,0.015,2354.7880690737834,0.0,0.0,0.0,0.0,0.0,0.0,-0.2453755690468165,0.0021279635784531943,1e-06,0.0
793.0,763.9419815110481,0.0,297.9,0.015,2354.7880690737834,0.0,0.0,0.0,0.0,0.0,0.0,-0.2453755690468165,0.0021279635784531943,1e-06,0.0
794.0,763.9419815110481,0.0,297.9,0.015,2354.7880690737834,0.0,0.0,0.0,0.0,0.0,0.0,-0.2453755690468165,0.0021279635784531943,1e-06,0.0
795.0,763.9419815110481,0.0,297.9,0.015,2354.7880690737834,0.0,0.0,0.0,0.0,0.0,0.0,-0.2453755690468165,0.0021279635784531943,1e-06,0.0
796.0,763.9419815110481,0.0,297.9,0.015,2354.7880690737834,0.0,0.0,0.0,0.0,0.0,0.0,-0.2453755690468165,0.0021279635784531943,1e-06,0.0
797.0,763.9419815110481,0.0,297.9,0.015,2354.7880690737834,0.0,0.0,0.0,0.0,0.0,0.0,-0.2453755690468165,0.0021279635784531943,1e-06,0.0
798.0,763.9419815110481,0.0,297.9,0.015,2354.7880690737834,0.0,0.0,0.0,0.0,0.0,0.0,-0.2453755690468165,0.0021279635784531943,1e-06,0.0
799.0,763.9419815110481,0.0,297.9,0.015,2354.7880690737834,0.0,0.0,0.0,0.0,0.0,0.0,-0.2453755690468165,0.0021279635784531943,1e-06,0.0
800.0,763.9419815110481,0.0,297.9,0.015,2354.7880690737834,0.0,0.0,0.0,0.0,0.0,0.0,-0.2453755690468165,0.0021279635784531943,1e-06,0.0
801.0,763.9419815110481,0.0,297.9,0.015,2354.7880690737834,0.0,0.0,0.0,0.0,0.0,0.0,-0.2453755690468165,0.0021279635784531943,1e-06,0.0
802.0,763.9419815110481,0.0,297.9,0.015,2354.7880690737834,0.0,0.0,0.0,0.0,0.0,0.0,-0.2453755690468165,0.0021279635784531943,1e-06,0.0
803.0,763.9419815110481,0.0,297.9,0.015,2354.7880690737834,0.0,0.0,0.0,0.0,0.0,0.0,-0.2453755690468165,0.0021279635784531943,1e-06,0.0
804.0,763.9419815110481,0.0,297.9,0.015,2354.7880690737834,0.0,0.0,0.0,0.0,0.0,0.0,-0.2453755690468165,0.0021279635784531943,1e-06,0.0
805.0,763.9419815110481,0.0,297.9,0.015,2354.7880690737834,0.0,0.0,0.0,0.0,0.0,0.0,-0.2453755690468165,0.0021279635784531943,1e-06,0.0
806.0,763.9419815110481,0.0,297.9,0.015,2354.7880690737834,0.0,0.0,0.0,0.0,0.0,0.0,-0.2453755690468165,0.0021279635784531943,1e-06,0.0
807.0,763.9419815110481,0.0,297.9,0.015,2354.7880690737834,0.0,0.0,0.0,0.0,0.0,0.0,-0.2453755690468165,0.0021279635784531943,1e-06,0.0
808.0,763.9419815110481,0.0,297.9,0.015,2354.7880690737834,0.0,0.0,0.0,0.0,0.0,0.0,-0.2453755690468165,0.0021279635784531943,1e-06,0.0
809.0,763.9419815110481,0.0,297.9,0.015,2354.7880690737834,0.0,0.0,0.0,0.0,0.0,0.0,-0.2453755690468165,0.0021279635784531943,1e-06,0.0
810.0,763.9419815110481,0.0,297.9,0.015,2354.7880690737834,0.0,0.0,0.0,0.0,0.0,0.0,-0.2453755690468165,0.0021279635784531943,1e-06,0.0
811.0,763.9419815110481,0.0,297.9,0.015,2354.7880690737834,0.0,0.0,0.0,0.0,0.0,0.0,-0.2453755690468165,0.0021279635784531943,1e-06,0.0
812.0,763.9419815110481,0.0,297.9,0.015,2354.7880690737834,0.0,0.0,0.0,0.0,0.0,0.0,-0.2453755690468165,0.0021279635784531943,1e-06,0.0
813.0,763.9419815110481,0.0,297.9,0.015,2354.7880690737834,0.0,0.0,0.0,0.0,0.0,0.0,-0.2453755690468165,0.0021279635784531943,1e-06,0.0
814.0,763.9419815110481,0.0,297.9,0.015,2354.7880690737834,0.0,0.0,0.0,0.0,0.0,0.0,-0.2453755690468165,0.0021279635784531943,1e-06,0.0
815.0,763.9419815110481,0.0,297.9,0.015,2354.7880690737834,0.0,0.0,0.0,0.0,0.0,0.0,-0.2453755690468165,0.0021279635784531943,1e-06,0.0
816.0,763.9419815110481,0.0,297.9,0.015,2354.7880690737834,0.0,0.0,0.0,0.0,0.0,0.0,-0.2453755690468165,0.0021279635784531943,1e-06,0.0
817.0,763.9419815110481,0.0,297.9,0.015,2354.7880690737834,0.0,0.0,0.0,0.0,0.0,0.0,-0.2453755690468165,0.0021279635784531943,1e-06,0.0
818.0,763.9419815110481,0.0,297.9,0.015,2354.7880690737834,0.0,0.0,0.0,0.0,0.0,0.0,-0.2453755690468165,0.0021279635784531943,1e-06,0.0
819.0,763.9419815110481,0.0,297.9,0.015,2354.7880690737834,0.0,0.0,0.0,0.0,0.0,0.0,-0.2453755690468165,0.0021279635784531943,1e-06,0.0
820.0,763.9419815110481,0.0,297.9,0.015,2354.7880690737834,0.0,0.0,0.0,0.0,0.0,0.0,-0.2453755690468165,0.0021279635784531943,1e-06,0.0
821.0,763.9419815110481,0.0,297.9,0.015,2354.7880690737834,0.0,0.0,0.0,0.0,0.0,0.0,-0.2453755690468165,0.0021279635784531943,1e-06,0.0
822.0,763.9419815110481,0.0,297.9,0.015,2354.7880690737834,0.0,0.0,0.0,0.0,0.0,0.0,-0.2453755690468165,0.0021279635784531943,1e-06,0.0
823.0,763.9419815110481,0.0,297.9,0.015,2354.7880690737834,0.0,0.0,0.0,0.0,0.0,0.0,-0.2453755690468165,0.0021279635784531943,1e-06,0.0
824.0,763.9419815110481,0.0,297.9,0.015,2354.7880690737834,0.0,0.0,0.0,0.0,0.0,0.0,-0.2453755690468165,0.0021279635784531943,1e-06,0.0
825.0,763.9419815110481,0.0,297.9,0.015,2354.7880690737834,0.0,0.0,0.0,0.0,0.0,0.0,-0.2453755690468165,0.0021279635784531943,1e-06,0.0
826.0,763.9419815110481,0.0,297.9,0.015,2354.7880690737834,0.0,0.0,0.0,0.0,0.0,0.0,-0.2453755690468165,0.0021279635784531943,1e-06,0.0
827.0,763.9419815110481,0.0,297.9,0.015,2354.7880690737834,0.0,0.0,0.0,0.0,0.0,0.0,-0.2453755690468165,0.0021279635784531943,1e-06,0.0
828.0,763.9419815110481,0.0,297.9,0.015,2354.7880690737834,0.0,0.0,0.0,0.0,0.0,0.0,-0.2453755690468165,0.0021279635784531943,1e-06,0.0
829.0,763.9419815110481,0.0,297.9,0.015,2354.7880690737834,0.0,0.0,0.0,0.0,0.0,0.0,-0.2453755690468165,0.0021279635784531943,1e-06,0.0
830.0,763.9419815110481,0.0,297.9,0.015,2354.7880690737834,0.0,0.0,0.0,0.0,0.0,0.0,-0.2453755690468165,0.0021279635784531943,1e-06,0.0
831.0,763.9419815110481,0.0,297.9,0.015,2354.7880690737834,0.0,0.0,0.0,0.0,0.0,0.0,-0.2453755690468165,0.0021279635784531943,1e-06,0.0
832.0,763.9419815110481,0.0,297.9,0.015,2354.7880690737834,0.0,0.0,0.0,0.0,0.0,0.0,-0.2453755690468165,0.0021279635784531943,1e-06,0.0
833.0,763.9419815110481,0.0,297.9,0.015,2354.7880690737834,0.0,0.0,0.0,0.0,0.0,0.0,-0.2453755690468165,0.0021279635784531943,1e-06,0.0
834.0,763.9419815110481,0.0,297.9,0.015,2354.7880690737834,0.0,0.0,0.0,0.0,0.0,0.0,-0.2453755690468165,0.0021279635784531943,1e-06,0.0
835.0,763.9419815110481,0.0,297.9,0.015,2354.7880690737834,0.0,0.0,0.0,0.0,0.0,0.0,-0.2453755690468165,0.0021279635784531943,1e-06,0.0
836.0,763.9419815110481,0.0,297.9,0.015,2354.7880690737834,0.0,0.0,0.0,0.0,0.0,0.0,-0.2453755690468165,0.0021279635784531943,1e-06,0.0
837.0,763.9419815110481,0.0,297.9,0.015,2354.7880690737834,0.0,0.0,0.0,0.0,0.0,0.0,-0.2453755690468165,0.0021279635784531943,1e-06,0.0
838.0,763.9419815110481,0.0,297.9,0.015,2354.7880690737834,0.0,0.0,0.0,0.0,0.0,0.0,-0.2453755690468165,0.0021279635784531943,1e-06,0.0
839.0,763.9419815110481,0.0,297.9,0.015,2354.7880690737834,0.0,0.0,0.0,0.0,0.0,0.0,-0.2453755690468165,0.0021279635784531943,1e-06,0.0
840.0,763.9419815110481,0.0,297.9,0.015,2354.7880690737834,0.0,0.0,0.0,0.0,0.0,0.0,-0.2453755690468165,0.0021279635784531943,1e-06,0.0
841.0,763.9419815110481,0.0,297.9,0.015,2354.7880690737834,0.0,0.0,0.0,0.0,0.0,0.0,-0.2453755690468165,0.0021279635784531943,1e-06,0.0
842.0,763.9419815110481,0.0,297.9,0.015,2354.7880690737834,0.0,0.0,0.0,0.0,0.0,0.0,-0.2453755690468165,0.0021279635784531943,1e-06,0.0
843.0,763.9419815110481,0.0,297.9,0.015,2354.7880690737834,0.0,0.0,0.0,0.0,0.0,0.0,-0.2453755690468165,0.0021279635784531943,1e-06,0.0
844.0,763.9419815110481,0.0,297.9,0.015,2354.7880690737834,0.0,0.0,0.0,0.0,0.0,0.0,-0.2453755690468165,0.0021279635784531943,1e-06,0.0
845.0,763.9419815110481,0.0,297.9,0.015,2354.7880690737834,0.0,0.0,0.0,0.0,0.0,0.0,-0.2453755690468165,0.0021279635784531943,1e-06,0.0
846.0,763.9419815110481,0.0,297.9,0.015,2354.7880690737834,0.0,0.0,0.0,0.0,0.0,0.0,-0.2453755690468165,0.0021279635784531943,1e-06,0.0
847.0,763.9419815110481,0.0,297.9,0.015,2354.7880690737834,0.0,0.0,0.0,0.0,0.0,0.0,-0.2453755690468165,0.0021279635784531943,1e-06,0.0
848.0,763.9419815110481,0.0,297.9,0.015,2354.7880690737834,0.0,0.0,0.0,0.0,0.0,0.0,-0.2453755690468165,0.0021279635784531943,1e-06,0.0
849.0,763.9419815110481,0.0,297.9,0.015,2354.7880690737834,0.0,0.0,0.0,0.0,0.0,0.0,-0.2453755690468165,0.0021279635784531943,1e-06,0.0
850.0,763.9419815110481,0.0,297.9,0.015,2354.7880690737834,0.0,0.0,0.0,0.0,0.0,0.0,-0.2453755690468165,0.0021279635784531943,1e-06,0.0
851.0,763.9419815110481,0.0,297.9,0.015,2354.7880690737834,0.0,0.0,0.0,0.0,0.0,0.0,-0.2453755690468165,0.0021279635784531943,1e-06,0.0
852.0,763.9419815110481,0.0,297.9,0.015,2354.7880690737834,0.0,0.0,0.0,0.0,0.0,0.0,-0.2453755690468165,0.0021279635784531943,1e-06,0.0
853.0,763.9419815110481,0.0,297.9,0.015,2354.7880690737834,0.0,0.0,0.0,0.0,0.0,0.0,-0.2453755690468165,0.0021279635784531943,1e-06,0.0
854.0,763.9419815110481,0.0,297.9,0.015,2354.7880690737834,0.0,0.0,0.0,0.0,0.0,0.0,-0.2453755690468165,0.0021279635784531943,1e-06,0.0
855.0,763.9419815110481,0.0,297.9,0.015,2354.7880690737834,0.0,0.0,0.0,0.0,0.0,0.0,-0.2453755690468165,0.0021279635784531943,1e-06,0.0
856.0,763.9419815110481,0.0,297.9,0.015,2354.7880690737834,0.0,0.0,0.0,0.0,0.0,0.0,-0.2453755690468165,0.0021279635784531943,1e-06,0.0
857.0,763.9419815110481,0.0,297.9,0.015,2354.7880690737834,0.0,0.0,0.0,0.0,0.0,0.0,-0.2453755690468165,0.0021279635784531943,1e-06,0.0
858.0,763.9419815110481,0.0,297.9,0.015,2354.7880690737834,0.0,0.0,0.0,0.0,0.0,0.0,-0.2453755690468165,0.0021279635784531943,1e-06,0.0
859.0,763.9419815110481,0.0,297.9,0.015,2354.7880690737834,0.0,0.0,0.0,0.0,0.0,0.0,-0.2453755690468165,0.0021279635784531943,1e-06,0.0
860.0,763.9419815110481,0.0,297.9,0.015,2354.7880690737834,0.0,0.0,0.0,0.0,0.0,0.0,-0.2453755690468165,0.0021279635784531943,1e-06,0.0
861.0,763.9419815110481,0.0,297.9,0.015,2354.7880690737834,0.0,0.0,0.0,0.0,0.0,0.0,-0.2453755690468165,0.0021279635784531943,1e-06,0.0
862.0,763.9419815110481,0.0,297.9,0.015,2354.7880690737834,0.0,0.0,0.0,0.0,0.0,0.0,-0.2453755690468165,0.0021279635784531943,1e-06,0.0
863.0,763.9419815110481,0.0,297.9,0.015,2354.7880690737834,0.0,0.0,0.0,0.0,0.0,0.0,-0.2453755690468165,0.0021279635784531943,1e-06,0.0
864.0,763.9419815110481,0.0,297.9,0.015,2354.7880690737834,0.0,0.0,0.0,0.0,0.0,0.0,-0.2453755690468165,0.0021279635784531943,1e-06,0.0
865.0,763.9419815110481,0.0,297.9,0.015,2354.7880690737834,0.0,0.0,0.0,0.0,0.0,0.0,-0.2453755690468165,0.0021279635784531943,1e-06,0.0
866.0,763.9419815110481,0.0,297.9,0.015,2354.7880690737834,0.0,0.0,0.0,0.0,0.0,0.0,-0.2453755690468165,0.0021279635784531943,1e-06,0.0
867.0,763.9419815110481,0.0,297.9,0.015,2354.7880690737834,0.0,0.0,0.0,0.0,0.0,0.0,-0.2453755690468165,0.0021279635784531943,1e-06,0.0
868.0,763.9419815110481,0.0,297.9,0.015,2354.7880690737834,0.0,0.0,0.0,0.0,0.0,0.0,-0.2453755690468165,0.0021279635784531943,1e-06,0.0
869.0,763.9419815110481,0.0,297.9,0.015,2354.7880690737834,0.0,0.0,0.0,0.0,0.0,0.0,-0.2453755690468165,0.0021279635784531943,1e-06,0.0
870.0,763.9419815110481,0.0,297.9,0.015,2354.7880690737834,0.0,0.0,0.0,0.0,0.0,0.0,-0.2453755690468165,0.0021279635784531943,1e-06,0.0
871.0,763.9419815110481,0.0,297.9,0.015,2354.7880690737834,0.0,0.0,0.0,0.0,0.0,0.0,-0.2453755690468165,0.0021279635784531943,1e-06,0.0
872.0,763.9419815110481,0.0,297.9,0.015,2354.7880690737834,0.0,0.0,0.0,0.0,0.0,0.0,-0.2453755690468165,0.0021279635784531943,1e-06,0.0
873.0,763.9419815110481,0.0,297.9,0.015,2354.7880690737834,0.0,0.0,0.0,0.0,0.0,0.0,-0.2453755690468165,0.0021279635784531943,1e-06,0.0
874.0,763.9419815110481,0.0,297.9,0.015,2354.7880690737834,0.0,0.0,0.0,0.0,0.0,0.0,-0.2453755690468165,0.0021279635784531943,1e-06,0.0
875.0,763.9419815110481,0.0,297.9,0.015,2354.7880690737834,0.0,0.0,0.0,0.0,0.0,0.0,-0.2453755690468165,0.0021279635784531943,1e-06,0.0
876.0,763.9419815110481,0.0,297.9,0.015,2354.7880690737834,0.0,0.0,0.0,0.0,0.0,0.0,-0.2453755690468165,0.0021279635784531943,1e-06,0.0
877.0,763.9419815110481,0.0,297.9,0.015,2354.7880690737834,0.0,0.0,0.0,0.0,0.0,0.0,-0.2453755690468165,0.0021279635784531943,1e-06,0.0
878.0,763.9419815110481,0.0,297.9,0.015,2354.7880690737834,0.0,0.0,0.0,0.0,0.0,0.0,-0.2453755690468165,0.0021279635784531943,1e-06,0.0
879.0,763.9419815110481,0.0,297.9,0.015,2354.7880690737834,0.0,0.0,0.0,0.0,0.0,0.0,-0.2453755690468165,0.0021279635784531943,1e-06,0.0
880.0,763.9419815110481,0.0,297.9,0.015,2354.7880690737834,0.0,0.0,0.0,0.0,0.0,0.0,-0.2453755690468165,0.0021279635784531943,1e-06,0.0
881.0,763.9419815110481,0.0,297.9,0.015,2354.7880690737834,0.0,0.0,0.0,0.0,0.0,0.0,-0.2453755690468165,0.0021279635784531943,1e-06,0.0
882.0,763.9419815110481,0.0,297.9,0.015,2354.7880690737834,0.0,0.0,0.0,0.0,0.0,0.0,-0.2453755690468165,0.0021279635784531943,1e-06,0.0
883.0,763.9419815110481,0.0,297.9,0.015,2354.7880690737834,0.0,0.0,0.0,0.0,0.0,0.0,-0.2453755690468165,0.0021279635784531943,1e-06,0.0
884.0,763.9419815110481,0.0,297.9,0.015,2354.7880690737834,0.0,0.0,0.0,0.0,0.0,0.0,-0.2453755690468165,0.0021279635784531943,1e-06,0.0
885.0,763.9419815110481,0.0,297.9,0.015,2354.7880690737834,0.0,0.0,0.0,0.0,0.0,0.0,-0.2453755690468165,0.0021279635784531943,1e-06,0.0
886.0,763.9419815110481,0.0,297.9,0.015,2354.7880690737834,0.0,0.0,0.0,0.0,0.0,0.0,-0.2453755690468165,0.0021279635784531943,1e-06,0.0
887.0,763.9419815110481,0.0,297.9,0.015,2354.7880690737834,0.0,0.0,0.0,0.0,0.0,0.0,-0.2453755690468165,0.0021279635784531943,1e-06,0.0
888.0,763.9419815110481,0.0,297.9,0.015,2354.7880690737834,0.0,0.0,0.0,0.0,0.0,0.0,-0.2453755690468165,0.0021279635784531943,1e-06,0.0
889.0,763.9419815110481,0.0,297.9,0.015,2354.7880690737834,0.0,0.0,0.0,0.0,0.0,0.0,-0.2453755690468165,0.0021279635784531943,1e-06,0.0
890.0,763.9419815110481,0.0,297.9,0.015,2354.7880690737834,0.0,0.0,0.0,0.0,0.0,0.0,-0.2453755690468165,0.0021279635784531943,1e-06,0.0
891.0,763.9419815110481,0.0,297.9,0.015,2354.7880690737834,0.0,0.0,0.0,0.0,0.0,0.0,-0.2453755690468165,0.0021279635784531943,1e-06,0.0
892.0,763.9419815110481,0.0,297.9,0.015,2354.7880690737834,0.0,0.0,0.0,0.0,0.0,0.0,-0.2453755690468165,0.0021279635784531943,1e-06,0.0
893.0,763.9419815110481,0.0,297.9,0.015,2354.7880690737834,0.0,0.0,0.0,0.0,0.0,0.0,-0.2453755690468165,0.0021279635784531943,1e-06,0.0
894.0,763.9419815110481,0.0,297.9,0.015,2354.7880690737834,0.0,0.0,0.0,0.0,0.0,0.0,-0.2453755690468165,0.0021279635784531943,1e-06,0.0
895.0,763.9419815110481,0.0,297.9,0.015,2354.7880690737834,0.0,0.0,0.0,0.0,0.0,0.0,-0.2453755690468165,0.0021279635784531943,1e-06,0.0
896.0,763.9419815110481,0.0,297.9,0.015,2354.7880690737834,0.0,0.0,0.0,0.0,0.0,0.0,-0.2453755690468165,0.0021279635784531943,1e-06,0.0
897.0,763.9419815110481,0.0,297.9,0.015,2354.7880690737834,0.0,0.0,0.0,0.0,0.0,0.0,-0.2453755690468165,0.0021279635784531943,1e-06,0.0
898.0,763.9419815110481,0.0,297.9,0.015,2354.7880690737834,0.0,0.0,0.0,0.0,0.0,0.0,-0.2453755690468165,0.0021279635784531943,1e-06,0.0
899.0,763.9419815110481,0.0,297.9,0.015,2354.7880690737834,0.0,0.0,0.0,0.0,0.0,0.0,-0.2453755690468165,0.0021279635784531943,1e-06,0.0
900.0,763.9419815110481,0.0,297.9,0.015,2354.7880690737834,0.0,0.0,0.0,0.0,0.0,0.0,-0.2453755690468165,0.0021279635784531943,1e-06,0.0
901.0,763.9419815110481,0.0,297.9,0.015,2354.7880690737834,0.0,0.0,0.0,0.0,0.0,0.0,-0.2453755690468165,0.0021279635784531943,1e-06,0.0
902.0,763.9419815110481,0.0,297.9,0.015,2354.7880690737834,0.0,0.0,0.0,0.0,0.0,0.0,-0.2453755690468165,0.0021279635784531943,1e-06,0.0
903.0,763.9419815110481,0.0,297.9,0.015,2354.7880690737834,0.0,0.0,0.0,0.0,0.0,0.0,-0.2453755690468165,0.0021279635784531943,1e-06,0.0
904.0,763.9419815110481,0.0,297.9,0.015,2354.7880690737834,0.0,0.0,0.0,0.0,0.0,0.0,-0.2453755690468165,0.0021279635784531943,1e-06,0.0
905.0,763.9419815110481,0.0,297.9,0.015,2354.7880690737834,0.0,0.0,0.0,0.0,0.0,0.0,-0.2453755690468165,0.0021279635784531943,1e-06,0.0
906.0,763.9419815110481,0.0,297.9,0.015,2354.7880690737834,0.0,0.0,0.0,0.0,0.0,0.0,-0.2453755690468165,0.0021279635784531943,1e-06,0.0
907.0,763.9419815110481,0.0,297.9,0.015,2354.7880690737834,0.0,0.0,0.0,0.0,0.0,0.0,-0.2453755690468165,0.0021279635784531943,1e-06,0.0
908.0,763.9419815110481,0.0,297.9,0.015,2354.7880690737834,0.0,0.0,0.0,0.0,0.0,0.0,-0.2453755690468165,0.0021279635784531943,1e-06,0.0
909.0,763.9419815110481,0.0,297.9,0.015,2354.7880690737834,0.0,0.0,0.0,0.0,0.0,0.0,-0.2453755690468165,0.0021279635784531943,1e-06,0.0
910.0,763.9419815110481,0.0,297.9,0.015,2354.7880690737834,0.0,0.0,0.0,0.0,0.0,0.0,-0.2453755690468165,0.0021279635784531943,1e-06,0.0
911.0,763.9419815110481,0.0,297.9,0.015,2354.7880690737834,0.0,0.0,0.0,0.0,0.0,0.0,-0.2453755690468165,0.0021279635784531943,1e-06,0.0
912.0,763.9419815110481,0.0,297.9,0.015,2354.7880690737834,0.0,0.0,0.0,0.0,0.0,0.0,-0.2453755690468165,0.0021279635784531943,1e-06,0.0
913.0,763.9419815110481,0.0,297.9,0.015,2354.7880690737834,0.0,0.0,0.0,0.0,0.0,0.0,-0.2453755690468165,0.0021279635784531943,1e-06,0.0
914.0,763.9419815110481,0.0,297.9,0.015,2354.7880690737834,0.0,0.0,0.0,0.0,0.0,0.0,-0.2453755690468165,0.0021279635784531943,1e-06,0.0
915.0,763.9419815110481,0.0,297.9,0.015,2354.7880690737834,0.0,0.0,0.0,0.0,0.0,0.0,-0.2453755690468165,0.0021279635784531943,1e-06,0.0
916.0,763.9419815110481,0.0,297.9,0.015,2354.7880690737834,0.0,0.0,0.0,0.0,0.0,0.0,-0.2453755690468165,0.0021279635784531943,1e-06,0.0
917.0,763.9419815110481,0.0,297.9,0.015,2354.7880690737834,0.0,0.0,0.0,0.0,0.0,0.0,-0.2453755690468165,0.0021279635784531943,1e-06,0.0
918.0,763.9419815110481,0.0,297.9,0.015,2354.7880690737834,0.0,0.0,0.0,0.0,0.0,0.0,-0.2453755690468165,0.0021279635784531943,1e-06,0.0
919.0,763.9419815110481,0.0,297.9,0.015,2354.7880690737834,0.0,0.0,0.0,0.0,0.0,0.0,-0.2453755690468165,0.0021279635784531943,1e-06,0.0
920.0,763.9419815110481,0.0,297.9,0.015,2354.7880690737834,0.0,0.0,0.0,0.0,0.0,0.0,-0.2453755690468165,0.0021279635784531943,1e-06,0.0
921.0,763.9419815110481,0.0,297.9,0.015,2354.7880690737834,0.0,0.0,0.0,0.0,0.0,0.0,-0.2453755690468165,0.0021279635784531943,1e-06,0.0
922.0,763.9419815110481,0.0,297.9,0.015,2354.7880690737834,0.0,0.0,0.0,0.0,0.0,0.0,-0.2453755690468165,0.0021279635784531943,1e-06,0.0
923.0,763.9419815110481,0.0,297.9,0.015,2354.7880690737834,0.0,0.0,0.0,0.0,0.0,0.0,-0.2453755690468165,0.0021279635784531943,1e-06,0.0
924.0,763.9419815110481,0.0,297.9,0.015,2354.7880690737834,0.0,0.0,0.0,0.0,0.0,0.0,-0.2453755690468165,0.0021279635784531943,1e-06,0.0
925.0,763.9419815110481,0.0,297.9,0.015,2354.7880690737834,0.0,0.0,0.0,0.0,0.0,0.0,-0.2453755690468165,0.0021279635784531943,1e-06,0.0
926.0,763.9419815110481,0.0,297.9,0.015,2354.7880690737834,0.0,0.0,0.0,0.0,0.0,0.0,-0.2453755690468165,0.0021279635784531943,1e-06,0.0
927.0,763.9419815110481,0.0,297.9,0.015,2354.7880690737834,0.0,0.0,0.0,0.0,0.0,0.0,-0.2453755690468165,0.0021279635784531943,1e-06,0.0
928.0,763.9419815110481,0.0,297.9,0.015,2354.7880690737834,0.0,0.0,0.0,0.0,0.0,0.0,-0.2453755690468165,0.0021279635784531943,1e-06,0.0
929.0,763.9419815110481,0.0,297.9,0.015,2354.7880690737834,0.0,0.0,0.0,0.0,0.0,0.0,-0.2453755690468165,0.0021279635784531943,1e-06,0.0
930.0,763.9419815110481,0.0,297.9,0.015,2354.7880690737834,0.0,0.0,0.0,0.0,0.0,0.0,-0.2453755690468165,0.0021279635784531943,1e-06,0.0
931.0,763.9419815110481,0.0,297.9,0.015,2354.7880690737834,0.0,0.0,0.0,0.0,0.0,0.0,-0.2453755690468165,0.0021279635784531943,1e-06,0.0
932.0,763.9419815110481,0.0,297.9,0.015,2354.7880690737834,0.0,0.0,0.0,0.0,0.0,0.0,-0.2453755690468165,0.0021279635784531943,1e-06,0.0
933.0,763.9419815110481,0.0,297.9,0.015,2354.7880690737834,0.0,0.0,0.0,0.0,0.0,0.0,-0.2453755690468165,0.0021279635784531943,1e-06,0.0
934.0,763.9419815110481,0.0,297.9,0.015,2354.7880690737834,0.0,0.0,0.0,0.0,0.0,0.0,-0.2453755690468165,0.0021279635784531943,1e-06,0.0
935.0,763.9419815110481,0.0,297.9,0.015,2354.7880690737834,0.0,0.0,0.0,0.0,0.0,0.0,-0.2453755690468165,0.0021279635784531943,1e-06,0.0
936.0,763.9419815110481,0.0,297.9,0.015,2354.7880690737834,0.0,0.0,0.0,0.0,0.0,0.0,-0.2453755690468165,0.0021279635784531943,1e-06,0.0
937.0,763.9419815110481,0.0,297.9,0.015,2354.7880690737834,0.0,0.0,0.0,0.0,0.0,0.0,-0.2453755690468165,0.0021279635784531943,1e-06,0.0
938.0,763.9419815110481,0.0,297.9,0.015,2354.7880690737834,0.0,0.0,0.0,0.0,0.0,0.0,-0.2453755690468165,0.0021279635784531943,1e-06,0.0
939.0,763.9419815110481,0.0,297.9,0.015,2354.7880690737834,0.0,0.0,0.0,0.0,0.0,0.0,-0.2453755690468165,0.0021279635784531943,1e-06,0.0
940.0,763.9419815110481,0.0,297.9,0.015,2354.7880690737834,0.0,0.0,0.0,0.0,0.0,0.0,-0.2453755690468165,0.0021279635784531943,1e-06,0.0
941.0,763.9419815110481,0.0,297.9,0.015,2354.7880690737834,0.0,0.0,0.0,0.0,0.0,0.0,-0.2453755690468165,0.0021279635784531943,1e-06,0.0
942.0,763.9419815110481,0.0,297.9,0.015,2354.7880690737834,0.0,0.0,0.0,0.0,0.0,0.0,-0.2453755690468165,0.0021279635784531943,1e-06,0.0
943.0,763.9419815110481,0.0,297.9,0.015,2354.7880690737834,0.0,0.0,0.0,0.0,0.0,0.0,-0.2453755690468165,0.0021279635784531943,1e-06,0.0
944.0,763.9419815110481,0.0,297.9,0.015,2354.7880690737834,0.0,0.0,0.0,0.0,0.0,0.0,-0.2453755690468165,0.0021279635784531943,1e-06,0.0
945.0,763.9419815110481,0.0,297.9,0.015,2354.7880690737834,0.0,0.0,0.0,0.0,0.0,0.0,-0.2453755690468165,0.0021279635784531943,1e-06,0.0
946.0,763.9419815110481,0.0,297.9,0.015,2354.7880690737834,0.0,0.0,0.0,0.0,0.0,0.0,-0.2453755690468165,0.0021279635784531943,1e-06,0.0
947.0,763.9419815110481,0.0,297.9,0.015,2354.7880690737834,0.0,0.0,0.0,0.0,0.0,0.0,-0.2453755690468165,0.0021279635784531943,1e-06,0.0
948.0,763.9419815110481,0.0,297.9,0.015,2354.7880690737834,0.0,0.0,0.0,0.0,0.0,0.0,-0.2453755690468165,0.0021279635784531943,1e-06,0.0
949.0,763.9419815110481,0.0,297.9,0.015,2354.7880690737834,0.0,0.0,0.0,0.0,0.0,0.0,-0.2453755690468165,0.0021279635784531943,1e-06,0.0
950.0,763.9419815110481,0.0,297.9,0.015,2354.7880690737834,0.0,0.0,0.0,0.0,0.0,0.0,-0.2453755690468165,0.0021279635784531943,1e-06,0.0
951.0,763.9419815110481,0.0,297.9,0.015,2354.7880690737834,0.0,0.0,0.0,0.0,0.0,0.0,-0.2453755690468165,0.0021279635784531943,1e-06,0.0
952.0,763.9419815110481,0.0,297.9,0.015,2354.7880690737834,0.0,0.0,0.0,0.0,0.0,0.0,-0.2453755690468165,0.0021279635784531943,1e-06,0.0
953.0,763.9419815110481,0.0,297.9,0.015,2354.7880690737834,0.0,0.0,0.0,0.0,0.0,0.0,-0.2453755690468165,0.0021279635784531943,1e-06,0.0
954.0,763.9419815110481,0.0,297.9,0.015,2354.7880690737834,0.0,0.0,0.0,0.0,0.0,0.0,-0.2453755690468165,0.0021279635784531943,1e-06,0.0
955.0,763.9419815110481,0.0,297.9,0.015,2354.7880690737834,0.0,0.0,0.0,0.0,0.0,0.0,-0.2453755690468165,0.0021279635784531943,1e-06,0.0
956.0,763.9419815110481,0.0,297.9,0.015,2354.7880690737834,0.0,0.0,0.0,0.0,0.0,0.0,-0.2453755690468165,0.0021279635784531943,1e-06,0.0
957.0,763.9419815110481,0.0,297.9,0.015,2354.7880690737834,0.0,0.0,0.0,0.0,0.0,0.0,-0.2453755690468165,0.0021279635784531943,1e-06,0.0
958.0,763.9419815110481,0.0,297.9,0.015,2354.7880690737834,0.0,0.0,0.0,0.0,0.0,0.0,-0.2453755690468165,0.0021279635784531943,1e-06,0.0
959.0,763.9419815110481,0.0,297.9,0.015,2354.7880690737834,0.0,0.0,0.0,0.0,0.0,0.0,-0.2453755690468165,0.0021279635784531943,1e-06,0.0
960.0,763.9419815110481,0.0,297.9,0.015,2354.7880690737834,0.0,0.0,0.0,0.0,0.0,0.0,-0.2453755690468165,0.0021279635784531943,1e-06,0.0
961.0,763.9419815110481,0.0,297.9,0.015,2354.7880690737834,0.0,0.0,0.0,0.0,0.0,0.0,-0.2453755690468165,0.0021279635784531943,1e-06,0.0
962.0,763.9419815110481,0.0,297.9,0.015,2354.7880690737834,0.0,0.0,0.0,0.0,0.0,0.0,-0.2453755690468165,0.0021279635784531943,1e-06,0.0
963.0,763.9419815110481,0.0,297.9,0.015,2354.7880690737834,0.0,0.0,0.0,0.0,0.0,0.0,-0.2453755690468165,0.0021279635784531943,1e-06,0.0
964.0,763.9419815110481,0.0,297.9,0.015,2354.7880690737834,0.0,0.0,0.0,0.0,0.0,0.0,-0.2453755690468165,0.0021279635784531943,1e-06,0.0
965.0,763.9419815110481,0.0,297.9,0.015,2354.7880690737834,0.0,0.0,0.0,0.0,0.0,0.0,-0.2453755690468165,0.0021279635784531943,1e-06,0.0
966.0,763.9419815110481,0.0,297.9,0.015,2354.7880690737834,0.0,0.0,0.0,0.0,0.0,0.0,-0.2453755690468165,0.0021279635784531943,1e-06,0.0
967.0,763.9419815110481,0.0,297.9,0.015,2354.7880690737834,0.0,0.0,0.0,0.0,0.0,0.0,-0.2453755690468165,0.0021279635784531943,1e-06,0.0
968.0,763.9419815110481,0.0,297.9,0.015,2354.7880690737834,0.0,0.0,0.0,0.0,0.0,0.0,-0.2453755690468165,0.0021279635784531943,1e-06,0.0
969.0,763.9419815110481,0.0,297.9,0.015,2354.7880690737834,0.0,0.0,0.0,0.0,0.0,0.0,-0.2453755690468165,0.0021279635784531943,1e-06,0.0
970.0,763.9419815110481,0.0,297.9,0.015,2354.7880690737834,0.0,0.0,0.0,0.0,0.0,0.0,-0.2453755690468165,0.0021279635784531943,1e-06,0.0
971.0,763.9419815110481,0.0,297.9,0.015,2354.7880690737834,0.0,0.0,0.0,0.0,0.0,0.0,-0.2453755690468165,0.0021279635784531943,1e-06,0.0
972.0,763.9419815110481,0.0,297.9,0.015,2354.7880690737834,0.0,0.0,0.0,0.0,0.0,0.0,-0.2453755690468165,0.0021279635784531943,1e-06,0.0
973.0,763.9419815110481,0.0,297.9,0.015,2354.7880690737834,0.0,0.0,0.0,0.0,0.0,0.0,-0.2453755690468165,0.0021279635784531943,1e-06,0.0
974.0,763.9419815110481,0.0,297.9,0.015,2354.7880690737834,0.0,0.0,0.0,0.0,0.0,0.0,-0.2453755690468165,0.0021279635784531943,1e-06,0.0
975.0,763.9419815110481,0.0,297.9,0.015,2354.7880690737834,0.0,0.0,0.0,0.0,0.0,0.0,-0.2453755690468165,0.0021279635784531943,1e-06,0.0
976.0,763.9419815110481,0.0,297.9,0.015,2354.7880690737834,0.0,0.0,0.0,0.0,0.0,0.0,-0.2453755690468165,0.0021279635784531943,1e-06,0.0
977.0,763.9419815110481,0.0,297.9,0.015,2354.7880690737834,0.0,0.0,0.0,0.0,0.0,0.0,-0.2453755690468165,0.0021279635784531943,1e-06,0.0
978.0,763.9419815110481,0.0,297.9,0.015,2354.7880690737834,0.0,0.0,0.0,0.0,0.0,0.0,-0.2453755690468165,0.0021279635784531943,1e-06,0.0
979.0,763.9419815110481,0.0,297.9,0.015,2354.7880690737834,0.0,0.0,0.0,0.0,0.0,0.0,-0.2453755690468165,0.0021279635784531943,1e-06,0.0
980.0,763.9419815110481,0.0,297.9,0.015,2354.7880690737834,0.0,0.0,0.0,0.0,0.0,0.0,-0.2453755690468165,0.0021279635784531943,1e-06,0.0
981.0,763.9419815110481,0.0,297.9,0.015,2354.7880690737834,0.0,0.0,0.0,0.0,0.0,0.0,-0.2453755690468165,0.0021279635784531943,1e-06,0.0
982.0,763.9419815110481,0.0,297.9,0.015,2354.7880690737834,0.0,0.0,0.0,0.0,0.0,0.0,-0.2453755690468165,0.0021279635784531943,1e-06,0.0
983.0,763.9419815110481,0.0,297.9,0.015,2354.7880690737834,0.0,0.0,0.0,0.0,0.0,0.0,-0.2453755690468165,0.0021279635784531943,1e-06,0.0
984.0,763.9419815110481,0.0,297.9,0.015,2354.7880690737834,0.0,0.0,0.0,0.0,0.0,0.0,-0.2453755690468165,0.0021279635784531943,1e-06,0.0
985.0,763.9419815110481,0.0,297.9,0.015,2354.7880690737834,0.0,0.0,0.0,0.0,0.0,0.0,-0.2453755690468165,0.0021279635784531943,1e-06,0.0
986.0,763.9419815110481,0.0,297.9,0.015,2354.7880690737834,0.0,0.0,0.0,0.0,0.0,0.0,-0.2453755690468165,0.0021279635784531943,1e-06,0.0
987.0,763.9419815110481,0.0,297.9,0.015,2354.7880690737834,0.0,0.0,0.0,0.0,0.0,0.0,-0.2453755690468165,0.0021279635784531943,1e-06,0.0
988.0,763.9419815110481,0.0,297.9,0.015,2354.7880690737834,0.0,0.0,0.0,0.0,0.0,0.0,-0.2453755690468165,0.0021279635784531943,1e-06,0.0
989.0,763.9419815110481,0.0,297.9,0.015,2354.7880690737834,0.0,0.0,0.0,0.0,0.0,0.0,-0.2453755690468165,0.0021279635784531943,1e-06,0.0
990.0,763.9419815110481,0.0,297.9,0.015,2354.7880690737834,0.0,0.0,0.0,0.0,0.0,0.0,-0.2453755690468165,0.0021279635784531943,1e-06,0.0
991.0,763.9419815110481,0.0,297.9,0.015,2354.7880690737834,0.0,0.0,0.0,0.0,0.0,0.0,-0.2453755690468165,0.0021279635784531943,1e-06,0.0
992.0,763.9419815110481,0.0,297.9,0.015,2354.7880690737834,0.0,0.0,0.0,0.0,0.0,0.0,-0.2453755690468165,0.0021279635784531943,1e-06,0.0
993.0,763.9419815110481,0.0,297.9,0.015,2354.7880690737834,0.0,0.0,0.0,0.0,0.0,0.0,-0.2453755690468165,0.0021279635784531943,1e-06,0.0
994.0,763.9419815110481,0.0,297.9,0.015,2354.7880690737834,0.0,0.0,0.0,0.0,0.0,0.0,-0.2453755690468165,0.0021279635784531943,1e-06,0.0
995.0,763.9419815110481,0.0,297.9,0.015,2354.7880690737834,0.0,0.0,0.0,0.0,0.0,0.0,-0.2453755690468165,0.0021279635784531943,1e-06,0.0
996.0,763.9419815110481,0.0,297.9,0.015,2354.7880690737834,0.0,0.0,0.0,0.0,0.0,0.0,-0.2453755690468165,0.0021279635784531943,1e-06,0.0
997.0,763.9419815110481,0.0,297.9,0.015,2354.7880690737834,0.0,0.0,0.0,0.0,0.0,0.0,-0.2453755690468165,0.0021279635784531943,1e-06,0.0
998.0,763.9419815110481,0.0,297.9,0.015,2354.7880690737834,0.0,0.0,0.0,0.0,0.0,0.0,-0.2453755690468165,0.0021279635784531943,1e-06,0.0
999.0,763.9419815110481,0.0,297.9,0.015,2354.7880690737834,0.0,0.0,0.0,0.0,0.0,0.0,-0.2453755690468165,0.0021279635784531943,1e-06,0.0
1000.0,763.9419815110481,0.0,297.9,0.015,2354.7880690737834,0.0,0.0,0.0,0.0,0.0,0.0,-0.2453755690468165,0.0021279635784531943,1e-06,0.0
1001.0,763.9419815110481,0.0,297.9,0.015,2354.7880690737834,0.0,0.0,0.0,0.0,0.0,0.0,-0.2453755690468165,0.0021279635784531943,1e-06,0.0
1002.0,763.9419815110481,0.0,297.9,0.015,2354.7880690737834,0.0,0.0,0.0,0.0,0.0,0.0,-0.2453755690468165,0.0021279635784531943,1e-06,0.0
1003.0,763.9419815110481,0.0,297.9,0.015,2354.7880690737834,0.0,0.0,0.0,0.0,0.0,0.0,-0.2453755690468165,0.0021279635784531943,1e-06,0.0
1004.0,763.9419815110481,0.0,297.9,0.015,2354.7880690737834,0.0,0.0,0.0,0.0,0.0,0.0,-0.2453755690468165,0.0021279635784531943,1e-06,0.0
1005.0,763.9419815110481,0.0,297.9,0.015,2354.7880690737834,0.0,0.0,0.0,0.0,0.0,0.0,-0.2453755690468165,0.0021279635784531943,1e-06,0.0
1006.0,763.9419815110481,0.0,297.9,0.015,2354.7880690737834,0.0,0.0,0.0,0.0,0.0,0.0,-0.2453755690468165,0.0021279635784531943,1e-06,0.0
1007.0,763.9419815110481,0.0,297.9,0.015,2354.7880690737834,0.0,0.0,0.0,0.0,0.0,0.0,-0.2453755690468165,0.0021279635784531943,1e-06,0.0
1008.0,763.9419815110481,0.0,297.9,0.015,2354.7880690737834,0.0,0.0,0.0,0.0,0.0,0.0,-0.2453755690468165,0.0021279635784531943,1e-06,0.0
1009.0,763.9419815110481,0.0,297.9,0.015,2354.7880690737834,0.0,0.0,0.0,0.0,0.0,0.0,-0.2453755690468165,0.0021279635784531943,1e-06,0.0
1010.0,763.9419815110481,0.0,297.9,0.015,2354.7880690737834,0.0,0.0,0.0,0.0,0.0,0.0,-0.2453755690468165,0.0021279635784531943,1e-06,0.0
1011.0,763.9419815110481,0.0,297.9,0.015,2354.7880690737834,0.0,0.0,0.0,0.0,0.0,0.0,-0.2453755690468165,0.0021279635784531943,1e-06,0.0
1012.0,763.9419815110481,0.0,297.9,0.015,2354.7880690737834,0.0,0.0,0.0,0.0,0.0,0.0,-0.2453755690468165,0.0021279635784531943,1e-06,0.0
1013.0,763.9419815110481,0.0,297.9,0.015,2354.7880690737834,0.0,0.0,0.0,0.0,0.0,0.0,-0.2453755690468165,0.0021279635784531943,1e-06,0.0
1014.0,763.9419815110481,0.0,297.9,0.015,2354.7880690737834,0.0,0.0,0.0,0.0,0.0,0.0,-0.2453755690468165,0.0021279635784531943,1e-06,0.0
1015.0,763.9419815110481,0.0,297.9,0.015,2354.7880690737834,0.0,0.0,0.0,0.0,0.0,0.0,-0.2453755690468165,0.0021279635784531943,1e-06,0.0
1016.0,763.9419815110481,0.0,297.9,0.015,2354.7880690737834,0.0,0.0,0.0,0.0,0.0,0.0,-0.2453755690468165,0.0021279635784531943,1e-06,0.0
1017.0,763.9419815110481,0.0,297.9,0.015,2354.7880690737834,0.0,0.0,0.0,0.0,0.0,0.0,-0.2453755690468165,0.0021279635784531943,1e-06,0.0
1018.0,763.9419815110481,0.0,297.9,0.015,2354.7880690737834,0.0,0.0,0.0,0.0,0.0,0.0,-0.2453755690468165,0.0021279635784531943,1e-06,0.0
1019.0,763.9419815110481,0.0,297.9,0.015,2354.7880690737834,0.0,0.0,0.0,0.0,0.0,0.0,-0.2453755690468165,0.0021279635784531943,1e-06,0.0
1020.0,763.9419815110481,0.0,297.9,0.015,2354.7880690737834,0.0,0.0,0.0,0.0,0.0,0.0,-0.2453755690468165,0.0021279635784531943,1e-06,0.0
1021.0,763.9419815110481,0.0,297.9,0.015,2354.7880690737834,0.0,0.0,0.0,0.0,0.0,0.0,-0.2453755690468165,0.0021279635784531943,1e-06,0.0
1022.0,763.9419815110481,0.0,297.9,0.015,2354.7880690737834,0.0,0.0,0.0,0.0,0.0,0.0,-0.2453755690468165,0.0021279635784531943,1e-06,0.0
1023.0,763.9419815110481,0.0,297.9,0.015,2354.7880690737834,0.0,0.0,0.0,0.0,0.0,0.0,-0.2453755690468165,0.0021279635784531943,1e-06,0.0
1024.0,763.9419815110481,0.0,297.9,0.015,2354.7880690737834,0.0,0.0,0.0,0.0,0.0,0.0,-0.2453755690468165,0.0021279635784531943,1e-06,0.0
1025.0,763.9419815110481,0.0,297.9,0.015,2354.7880690737834,0.0,0.0,0.0,0.0,0.0,0.0,-0.2453755690468165,0.0021279635784531943,1e-06,0.0
1026.0,763.9419815110481,0.0,297.9,0.015,2354.7880690737834,0.0,0.0,0.0,0.0,0.0,0.0,-0.2453755690468165,0.0021279635784531943,1e-06,0.0
1027.0,763.9419815110481,0.0,297.9,0.015,2354.7880690737834,0.0,0.0,0.0,0.0,0.0,0.0,-0.2453755690468165,0.0021279635784531943,1e-06,0.0
1028.0,763.9419815110481,0.0,297.9,0.015,2354.7880690737834,0.0,0.0,0.0,0.0,0.0,0.0,-0.2453755690468165,0.0021279635784531943,1e-06,0.0
1029.0,763.9419815110481,0.0,297.9,0.015,2354.7880690737834,0.0,0.0,0.0,0.0,0.0,0.0,-0.2453755690468165,0.0021279635784531943,1e-06,0.0
1030.0,763.9419815110481,0.0,297.9,0.015,2354.7880690737834,0.0,0.0,0.0,0.0,0.0,0.0,-0.2453755690468165,0.0021279635784531943,1e-06,0.0
1031.0,763.9419815110481,0.0,297.9,0.015,2354.7880690737834,0.0,0.0,0.0,0.0,0.0,0.0,-0.2453755690468165,0.0021279635784531943,1e-06,0.0
1032.0,763.9419815110481,0.0,297.9,0.015,2354.7880690737834,0.0,0.0,0.0,0.0,0.0,0.0,-0.2453755690468165,0.0021279635784531943,1e-06,0.0
1033.0,763.9419815110481,0.0,297.9,0.015,2354.7880690737834,0.0,0.0,0.0,0.0,0.0,0.0,-0.2453755690468165,0.0021279635784531943,1e-06,0.0
1034.0,763.9419815110481,0.0,297.9,0.015,2354.7880690737834,0.0,0.0,0.0,0.0,0.0,0.0,-0.2453755690468165,0.0021279635784531943,1e-06,0.0
1035.0,763.9419815110481,0.0,297.9,0.015,2354.7880690737834,0.0,0.0,0.0,0.0,0.0,0.0,-0.2453755690468165,0.0021279635784531943,1e-06,0.0
1036.0,763.9419815110481,0.0,297.9,0.015,2354.7880690737834,0.0,0.0,0.0,0.0,0.0,0.0,-0.2453755690468165,0.0021279635784531943,1e-06,0.0
1037.0,763.9419815110481,0.0,297.9,0.015,2354.7880690737834,0.0,0.0,0.0,0.0,0.0,0.0,-0.2453755690468165,0.0021279635784531943,1e-06,0.0
1038.0,763.9419815110481,0.0,297.9,0.015,2354.7880690737834,0.0,0.0,0.0,0.0,0.0,0.0,-0.2453755690468165,0.0021279635784531943,1e-06,0.0
1039.0,763.9419815110481,0.0,297.9,0.015,2354.7880690737834,0.0,0.0,0.0,0.0,0.0,0.0,-0.2453755690468165,0.0021279635784531943,1e-06,0.0
1040.0,763.9419815110481,0.0,297.9,0.015,2354.7880690737834,0.0,0.0,0.0,0.0,0.0,0.0,-0.2453755690468165,0.0021279635784531943,1e-06,0.0
1041.0,763.9419815110481,0.0,297.9,0.015,2354.7880690737834,0.0,0.0,0.0,0.0,0.0,0.0,-0.2453755690468165,0.0021279635784531943,1e-06,0.0
1042.0,763.9419815110481,0.0,297.9,0.015,2354.7880690737834,0.0,0.0,0.0,0.0,0.0,0.0,-0.2453755690468165,0.0021279635784531943,1e-06,0.0
1043.0,763.9419815110481,0.0,297.9,0.015,2354.7880690737834,0.0,0.0,0.0,0.0,0.0,0.0,-0.2453755690468165,0.0021279635784531943,1e-06,0.0
1044.0,763.9419815110481,0.0,297.9,0.015,2354.7880690737834,0.0,0.0,0.0,0.0,0.0,0.0,-0.2453755690468165,0.0021279635784531943,1e-06,0.0
1045.0,763.9419815110481,0.0,297.9,0.015,2354.7880690737834,0.0,0.0,0.0,0.0,0.0,0.0,-0.2453755690468165,0.0021279635784531943,1e-06,0.0
1046.0,763.9419815110481,0.0,297.9,0.015,2354.7880690737834,0.0,0.0,0.0,0.0,0.0,0.0,-0.2453755690468165,0.0021279635784531943,1e-06,0.0
1047.0,763.9419815110481,0.0,297.9,0.015,2354.7880690737834,0.0,0.0,0.0,0.0,0.0,0.0,-0.2453755690468165,0.0021279635784531943,1e-06,0.0
1048.0,763.9419815110481,0.0,297.9,0.015,2354.7880690737834,0.0,0.0,0.0,0.0,0.0,0.0,-0.2453755690468165,0.0021279635784531943,1e-06,0.0
1049.0,763.9419815110481,0.0,297.9,0.015,2354.7880690737834,0.0,0.0,0.0,0.0,0.0,0.0,-0.2453755690468165,0.0021279635784531943,1e-06,0.0
1050.0,763.9419815110481,0.0,297.9,0.015,2354.7880690737834,0.0,0.0,0.0,0.0,0.0,0.0,-0.2453755690468165,0.0021279635784531943,1e-06,0.0
1051.0,763.9419815110481,0.0,297.9,0.015,2354.7880690737834,0.0,0.0,0.0,0.0,0.0,0.0,-0.2453755690468165,0.0021279635784531943,1e-06,0.0
1052.0,763.9419815110481,0.0,297.9,0.015,2354.7880690737834,0.0,0.0,0.0,0.0,0.0,0.0,-0.2453755690468165,0.0021279635784531943,1e-06,0.0
1053.0,763.9419815110481,0.0,297.9,0.015,2354.7880690737834,0.0,0.0,0.0,0.0,0.0,0.0,-0.2453755690468165,0.0021279635784531943,1e-06,0.0
1054.0,763.9419815110481,0.0,297.9,0.015,2354.7880690737834,0.0,0.0,0.0,0.0,0.0,0.0,-0.2453755690468165,0.0021279635784531943,1e-06,0.0
1055.0,763.9419815110481,0.0,297.9,0.015,2354.7880690737834,0.0,0.0,0.0,0.0,0.0,0.0,-0.2453755690468165,0.0021279635784531943,1e-06,0.0
1056.0,763.9419815110481,0.0,297.9,0.015,2354.7880690737834,0.0,0.0,0.0,0.0,0.0,0.0,-0.2453755690468165,0.0021279635784531943,1e-06,0.0
1057.0,763.9419815110481,0.0,297.9,0.015,2354.7880690737834,0.0,0.0,0.0,0.0,0.0,0.0,-0.2453755690468165,0.0021279635784531943,1e-06,0.0
1058.0,763.9419815110481,0.0,297.9,0.015,2354.7880690737834,0.0,0.0,0.0,0.0,0.0,0.0,-0.2453755690468165,0.0021279635784531943,1e-06,0.0
1059.0,763.9419815110481,0.0,297.9,0.015,2354.7880690737834,0.0,0.0,0.0,0.0,0.0,0.0,-0.2453755690468165,0.0021279635784531943,1e-06,0.0
1060.0,763.9419815110481,0.0,297.9,0.015,2354.7880690737834,0.0,0.0,0.0,0.0,0.0,0.0,-0.2453755690468165,0.0021279635784531943,1e-06,0.0
1061.0,763.9419815110481,0.0,297.9,0.015,2354.7880690737834,0.0,0.0,0.0,0.0,0.0,0.0,-0.2453755690468165,0.0021279635784531943,1e-06,0.0
1062.0,763.9419815110481,0.0,297.9,0.015,2354.7880690737834,0.0,0.0,0.0,0.0,0.0,0.0,-0.2453755690468165,0.0021279635784531943,1e-06,0.0
1063.0,763.9419815110481,0.0,297.9,0.015,2354.7880690737834,0.0,0.0,0.0,0.0,0.0,0.0,-0.2453755690468165,0.0021279635784531943,1e-06,0.0
1064.0,763.9419815110481,0.0,297.9,0.015,2354.7880690737834,0.0,0.0,0.0,0.0,0.0,0.0,-0.2453755690468165,0.0021279635784531943,1e-06,0.0
1065.0,763.9419815110481,0.0,297.9,0.015,2354.7880690737834,0.0,0.0,0.0,0.0,0.0,0.0,-0.2453755690468165,0.0021279635784531943,1e-06,0.0
1066.0,763.9419815110481,0.0,297.9,0.015,2354.7880690737834,0.0,0.0,0.0,0.0,0.0,0.0,-0.2453755690468165,0.0021279635784531943,1e-06,0.0
1067.0,763.9419815110481,0.0,297.9,0.015,2354.7880690737834,0.0,0.0,0.0,0.0,0.0,0.0,-0.2453755690468165,0.0021279635784531943,1e-06,0.0
1068.0,763.9419815110481,0.0,297.9,0.015,2354.7880690737834,0.0,0.0,0.0,0.0,0.0,0.0,-0.2453755690468165,0.0021279635784531943,1e-06,0.0
1069.0,763.9419815110481,0.0,297.9,0.015,2354.7880690737834,0.0,0.0,0.0,0.0,0.0,0.0,-0.2453755690468165,0.0021279635784531943,1e-06,0.0
1070.0,763.9419815110481,0.0,297.9,0.015,2354.7880690737834,0.0,0.0,0.0,0.0,0.0,0.0,-0.2453755690468165,0.0021279635784531943,1e-06,0.0
1071.0,763.9419815110481,0.0,297.9,0.015,2354.7880690737834,0.0,0.0,0.0,0.0,0.0,0.0,-0.2453755690468165,0.0021279635784531943,1e-06,0.0
1072.0,763.9419815110481,0.0,297.9,0.015,2354.7880690737834,0.0,0.0,0.0,0.0,0.0,0.0,-0.2453755690468165,0.0021279635784531943,1e-06,0.0
1073.0,763.9419815110481,0.0,297.9,0.015,2354.7880690737834,0.0,0.0,0.0,0.0,0.0,0.0,-0.2453755690468165,0.0021279635784531943,1e-06,0.0
1074.0,763.9419815110481,0.0,297.9,0.015,2354.7880690737834,0.0,0.0,0.0,0.0,0.0,0.0,-0.2453755690468165,0.0021279635784531943,1e-06,0.0
1075.0,763.9419815110481,0.0,297.9,0.015,2354.7880690737834,0.0,0.0,0.0,0.0,0.0,0.0,-0.2453755690468165,0.0021279635784531943,1e-06,0.0
1076.0,763.9419815110481,0.0,297.9,0.015,2354.7880690737834,0.0,0.0,0.0,0.0,0.0,0.0,-0.2453755690468165,0.0021279635784531943,1e-06,0.0
1077.0,763.9419815110481,0.0,297.9,0.015,2354.7880690737834,0.0,0.0,0.0,0.0,0.0,0.0,-0.2453755690468165,0.0021279635784531943,1e-06,0.0
1078.0,763.9419815110481,0.0,297.9,0.015,2354.7880690737834,0.0,0.0,0.0,0.0,0.0,0.0,-0.2453755690468165,0.0021279635784531943,1e-06,0.0
1079.0,763.9419815110481,0.0,297.9,0.015,2354.7880690737834,0.0,0.0,0.0,0.0,0.0,0.0,-0.2453755690468165,0.0021279635784531943,1e-06,0.0
1080.0,763.9419815110481,0.0,297.9,0.015,2354.7880690737834,0.0,0.0,0.0,0.0,0.0,0.0,-0.2453755690468165,0.0021279635784531943,1e-06,0.0
1081.0,763.9419815110481,0.0,297.9,0.015,2354.7880690737834,0.0,0.0,0.0,0.0,0.0,0.0,-0.2453755690468165,0.0021279635784531943,1e-06,0.0
1082.0,763.9419815110481,0.0,297.9,0.015,2354.7880690737834,0.0,0.0,0.0,0.0,0.0,0.0,-0.2453755690468165,0.0021279635784531943,1e-06,0.0
1083.0,763.9419815110481,0.0,297.9,0.015,2354.7880690737834,0.0,0.0,0.0,0.0,0.0,0.0,-0.2453755690468165,0.0021279635784531943,1e-06,0.0
1084.0,763.9419815110481,0.0,297.9,0.015,2354.7880690737834,0.0,0.0,0.0,0.0,0.0,0.0,-0.2453755690468165,0.0021279635784531943,1e-06,0.0
1085.0,763.9419815110481,0.0,297.9,0.015,2354.7880690737834,0.0,0.0,0.0,0.0,0.0,0.0,-0.2453755690468165,0.0021279635784531943,1e-06,0.0
1086.0,763.9419815110481,0.0,297.9,0.015,2354.7880690737834,0.0,0.0,0.0,0.0,0.0,0.0,-0.2453755690468165,0.0021279635784531943,1e-06,0.0
1087.0,763.9419815110481,0.0,297.9,0.015,2354.7880690737834,0.0,0.0,0.0,0.0,0.0,0.0,-0.2453755690468165,0.0021279635784531943,1e-06,0.0
1088.0,763.9419815110481,0.0,297.9,0.015,2354.7880690737834,0.0,0.0,0.0,0.0,0.0,0.0,-0.2453755690468165,0.0021279635784531943,1e-06,0.0
1089.0,763.9419815110481,0.0,297.9,0.015,2354.7880690737834,0.0,0.0,0.0,0.0,0.0,0.0,-0.2453755690468165,0.0021279635784531943,1e-06,0.0
1090.0,763.9419815110481,0.0,297.9,0.015,2354.7880690737834,0.0,0.0,0.0,0.0,0.0,0.0,-0.2453755690468165,0.0021279635784531943,1e-06,0.0
1091.0,763.9419815110481,0.0,297.9,0.015,2354.7880690737834,0.0,0.0,0.0,0.0,0.0,0.0,-0.2453755690468165,0.0021279635784531943,1e-06,0.0
1092.0,763.9419815110481,0.0,297.9,0.015,2354.7880690737834,0.0,0.0,0.0,0.0,0.0,0.0,-0.2453755690468165,0.0021279635784531943,1e-06,0.0
1093.0,763.9419815110481,0.0,297.9,0.015,2354.7880690737834,0.0,0.0,0.0,0.0,0.0,0.0,-0.2453755690468165,0.0021279635784531943,1e-06,0.0
1094.0,763.9419815110481,0.0,297.9,0.015,2354.7880690737834,0.0,0.0,0.0,0.0,0.0,0.0,-0.2453755690468165,0.0021279635784531943,1e-06,0.0
1095.0,763.9419815110481,0.0,297.9,0.015,2354.7880690737834,0.0,0.0,0.0,0.0,0.0,0.0,-0.2453755690468165,0.0021279635784531943,1e-06,0.0
1096.0,763.9419815110481,0.0,297.9,0.015,2354.7880690737834,0.0,0.0,0.0,0.0,0.0,0.0,-0.2453755690468165,0.0021279635784531943,1e-06,0.0
1097.0,763.9419815110481,0.0,297.9,0.015,2354.7880690737834,0.0,0.0,0.0,0.0,0.0,0.0,-0.2453755690468165,0.0021279635784531943,1e-06,0.0
1098.0,763.9419815110481,0.0,297.9,0.015,2354.7880690737834,0.0,0.0,0.0,0.0,0.0,0.0,-0.2453755690468165,0.0021279635784531943,1e-06,0.0
1099.0,763.9419815110481,0.0,297.9,0.015,2354.7880690737834,0.0,0.0,0.0,0.0,0.0,0.0,-0.2453755690468165,0.0021279635784531943,1e-06,0.0
1100.0,763.9419815110481,0.0,297.9,0.015,2354.7880690737834,0.0,0.0,0.0,0.0,0.0,0.0,-0.2453755690468165,0.0021279635784531943,1e-06,0.0
1101.0,763.9419815110481,0.0,297.9,0.015,2354.7880690737834,0.0,0.0,0.0,0.0,0.0,0.0,-0.2453755690468165,0.0021279635784531943,1e-06,0.0
1102.0,763.9419815110481,0.0,297.9,0.015,2354.7880690737834,0.0,0.0,0.0,0.0,0.0,0.0,-0.2453755690468165,0.0021279635784531943,1e-06,0.0
1103.0,763.9419815110481,0.0,297.9,0.015,2354.7880690737834,0.0,0.0,0.0,0.0,0.0,0.0,-0.2453755690468165,0.0021279635784531943,1e-06,0.0
1104.0,763.9419815110481,0.0,297.9,0.015,2354.7880690737834,0.0,0.0,0.0,0.0,0.0,0.0,-0.2453755690468165,0.0021279635784531943,1e-06,0.0
1105.0,763.9419815110481,0.0,297.9,0.015,2354.7880690737834,0.0,0.0,0.0,0.0,0.0,0.0,-0.2453755690468165,0.0021279635784531943,1e-06,0.0
1106.0,763.9419815110481,0.0,297.9,0.015,2354.7880690737834,0.0,0.0,0.0,0.0,0.0,0.0,-0.2453755690468165,0.0021279635784531943,1e-06,0.0
1107.0,763.9419815110481,0.0,297.9,0.015,2354.7880690737834,0.0,0.0,0.0,0.0,0.0,0.0,-0.2453755690468165,0.0021279635784531943,1e-06,0.0
1108.0,763.9419815110481,0.0,297.9,0.015,2354.7880690737834,0.0,0.0,0.0,0.0,0.0,0.0,-0.2453755690468165,0.0021279635784531943,1e-06,0.0
1109.0,763.9419815110481,0.0,297.9,0.015,2354.7880690737834,0.0,0.0,0.0,0.0,0.0,0.0,-0.2453755690468165,0.0021279635784531943,1e-06,0.0
1110.0,763.9419815110481,0.0,297.9,0.015,2354.7880690737834,0.0,0.0,0.0,0.0,0.0,0.0,-0.2453755690468165,0.0021279635784531943,1e-06,0.0
1111.0,763.9419815110481,0.0,297.9,0.015,2354.7880690737834,0.0,0.0,0.0,0.0,0.0,0.0,-0.2453755690468165,0.0021279635784531943,1e-06,0.0
1112.0,763.9419815110481,0.0,297.9,0.015,2354.7880690737834,0.0,0.0,0.0,0.0,0.0,0.0,-0.2453755690468165,0.0021279635784531943,1e-06,0.0
1113.0,763.9419815110481,0.0,297.9,0.015,2354.7880690737834,0.0,0.0,0.0,0.0,0.0,0.0,-0.2453755690468165,0.0021279635784531943,1e-06,0.0
1114.0,763.9419815110481,0.0,297.9,0.015,2354.7880690737834,0.0,0.0,0.0,0.0,0.0,0.0,-0.2453755690468165,0.0021279635784531943,1e-06,0.0
1115.0,763.9419815110481,0.0,297.9,0.015,2354.7880690737834,0.0,0.0,0.0,0.0,0.0,0.0,-0.2453755690468165,0.0021279635784531943,1e-06,0.0
1116.0,763.9419815110481,0.0,297.9,0.015,2354.7880690737834,0.0,0.0,0.0,0.0,0.0,0.0,-0.2453755690468165,0.0021279635784531943,1e-06,0.0
1117.0,763.9419815110481,0.0,297.9,0.015,2354.7880690737834,0.0,0.0,0.0,0.0,0.0,0.0,-0.2453755690468165,0.0021279635784531943,1e-06,0.0
1118.0,763.9419815110481,0.0,297.9,0.015,2354.7880690737834,0.0,0.0,0.0,0.0,0.0,0.0,-0.2453755690468165,0.0021279635784531943,1e-06,0.0
1119.0,763.9419815110481,0.0,297.9,0.015,2354.7880690737834,0.0,0.0,0.0,0.0,0.0,0.0,-0.2453755690468165,0.0021279635784531943,1e-06,0.0
1120.0,763.9419815110481,0.0,297.9,0.015,2354.7880690737834,0.0,0.0,0.0,0.0,0.0,0.0,-0.2453755690468165,0.0021279635784531943,1e-06,0.0
1121.0,763.9419815110481,0.0,297.9,0.015,2354.7880690737834,0.0,0.0,0.0,0.0,0.0,0.0,-0.2453755690468165,0.0021279635784531943,1e-06,0.0
1122.0,763.9419815110481,0.0,297.9,0.015,2354.7880690737834,0.0,0.0,0.0,0.0,0.0,0.0,-0.2453755690468165,0.0021279635784531943,1e-06,0.0
1123.0,763.9419815110481,0.0,297.9,0.015,2354.7880690737834,0.0,0.0,0.0,0.0,0.0,0.0,-0.2453755690468165,0.0021279635784531943,1e-06,0.0
1124.0,763.9419815110481,0.0,297.9,0.015,2354.7880690737834,0.0,0.0,0.0,0.0,0.0,0.0,-0.2453755690468165,0.0021279635784531943,1e-06,0.0
1125.0,763.9419815110481,0.0,297.9,0.015,2354.7880690737834,0.0,0.0,0.0,0.0,0.0,0.0,-0.2453755690468165,0.0021279635784531943,1e-06,0.0
1126.0,763.9419815110481,0.0,297.9,0.015,2354.7880690737834,0.0,0.0,0.0,0.0,0.0,0.0,-0.2453755690468165,0.0021279635784531943,1e-06,0.0
1127.0,763.9419815110481,0.0,297.9,0.015,2354.7880690737834,0.0,0.0,0.0,0.0,0.0,0.0,-0.2453755690468165,0.0021279635784531943,1e-06,0.0
1128.0,763.9419815110481,0.0,297.9,0.015,2354.7880690737834,0.0,0.0,0.0,0.0,0.0,0.0,-0.2453755690468165,0.0021279635784531943,1e-06,0.0
1129.0,763.9419815110481,0.0,297.9,0.015,2354.7880690737834,0.0,0.0,0.0,0.0,0.0,0.0,-0.2453755690468165,0.0021279635784531943,1e-06,0.0
1130.0,763.9419815110481,0.0,297.9,0.015,2354.7880690737834,0.0,0.0,0.0,0.0,0.0,0.0,-0.2453755690468165,0.0021279635784531943,1e-06,0.0
1131.0,763.9419815110481,0.0,297.9,0.015,2354.7880690737834,0.0,0.0,0.0,0.0,0.0,0.0,-0.2453755690468165,0.0021279635784531943,1e-06,0.0
1132.0,763.9419815110481,0.0,297.9,0.015,2354.7880690737834,0.0,0.0,0.0,0.0,0.0,0.0,-0.2453755690468165,0.0021279635784531943,1e-06,0.0
1133.0,763.9419815110481,0.0,297.9,0.015,2354.7880690737834,0.0,0.0,0.0,0.0,0.0,0.0,-0.2453755690468165,0.0021279635784531943,1e-06,0.0
1134.0,763.9419815110481,0.0,297.9,0.015,2354.7880690737834,0.0,0.0,0.0,0.0,0.0,0.0,-0.2453755690468165,0.0021279635784531943,1e-06,0.0
1135.0,763.9419815110481,0.0,297.9,0.015,2354.7880690737834,0.0,0.0,0.0,0.0,0.0,0.0,-0.2453755690468165,0.0021279635784531943,1e-06,0.0
1136.0,763.9419815110481,0.0,297.9,0.015,2354.7880690737834,0.0,0.0,0.0,0.0,0.0,0.0,-0.2453755690468165,0.0021279635784531943,1e-06,0.0
1137.0,763.9419815110481,0.0,297.9,0.015,2354.7880690737834,0.0,0.0,0.0,0.0,0.0,0.0,-0.2453755690468165,0.0021279635784531943,1e-06,0.0
1138.0,763.9419815110481,0.0,297.9,0.015,2354.7880690737834,0.0,0.0,0.0,0.0,0.0,0.0,-0.2453755690468165,0.0021279635784531943,1e-06,0.0
1139.0,763.9419815110481,0.0,297.9,0.015,2354.7880690737834,0.0,0.0,0.0,0.0,0.0,0.0,-0.2453755690468165,0.0021279635784531943,1e-06,0.0
1140.0,763.9419815110481,0.0,297.9,0.015,2354.7880690737834,0.0,0.0,0.0,0.0,0.0,0.0,-0.2453755690468165,0.0021279635784531943,1e-06,0.0
1141.0,763.9419815110481,0.0,297.9,0.015,2354.7880690737834,0.0,0.0,0.0,0.0,0.0,0.0,-0.2453755690468165,0.0021279635784531943,1e-06,0.0
1142.0,763.9419815110481,0.0,297.9,0.015,2354.7880690737834,0.0,0.0,0.0,0.0,0.0,0.0,-0.2453755690468165,0.0021279635784531943,1e-06,0.0
1143.0,763.9419815110481,0.0,297.9,0.015,2354.7880690737834,0.0,0.0,0.0,0.0,0.0,0.0,-0.2453755690468165,0.0021279635784531943,1e-06,0.0
1144.0,763.9419815110481,0.0,297.9,0.015,2354.7880690737834,0.0,0.0,0.0,0.0,0.0,0.0,-0.2453755690468165,0.0021279635784531943,1e-06,0.0
1145.0,763.9419815110481,0.0,297.9,0.015,2354.7880690737834,0.0,0.0,0.0,0.0,0.0,0.0,-0.2453755690468165,0.0021279635784531943,1e-06,0.0
1146.0,763.9419815110481,0.0,297.9,0.015,2354.7880690737834,0.0,0.0,0.0,0.0,0.0,0.0,-0.2453755690468165,0.0021279635784531943,1e-06,0.0
1147.0,763.9419815110481,0.0,297.9,0.015,2354.7880690737834,0.0,0.0,0.0,0.0,0.0,0.0,-0.2453755690468165,0.0021279635784531943,1e-06,0.0
1148.0,763.9419815110481,0.0,297.9,0.015,2354.7880690737834,0.0,0.0,0.0,0.0,0.0,0.0,-0.2453755690468165,0.0021279635784531943,1e-06,0.0
1149.0,763.9419815110481,0.0,297.9,0.015,2354.7880690737834,0.0,0.0,0.0,0.0,0.0,0.0,-0.2453755690468165,0.0021279635784531943,1e-06,0.0
1150.0,763.9419815110481,0.0,297.9,0.015,2354.7880690737834,0.0,0.0,0.0,0.0,0.0,0.0,-0.2453755690468165,0.0021279635784531943,1e-06,0.0
1151.0,763.9419815110481,0.0,297.9,0.015,2354.7880690737834,0.0,0.0,0.0,0.0,0.0,0.0,-0.2453755690468165,0.0021279635784531943,1e-06,0.0
1152.0,763.9419815110481,0.0,297.9,0.015,2354.7880690737834,0.0,0.0,0.0,0.0,0.0,0.0,-0.2453755690468165,0.0021279635784531943,1e-06,0.0
1153.0,763.9419815110481,0.0,297.9,0.015,2354.7880690737834,0.0,0.0,0.0,0.0,0.0,0.0,-0.2453755690468165,0.0021279635784531943,1e-06,0.0
1154.0,763.9419815110481,0.0,297.9,0.015,2354.7880690737834,0.0,0.0,0.0,0.0,0.0,0.0,-0.2453755690468165,0.0021279635784531943,1e-06,0.0
1155.0,763.9419815110481,0.0,297.9,0.015,2354.7880690737834,0.0,0.0,0.0,0.0,0.0,0.0,-0.2453755690468165,0.0021279635784531943,1e-06,0.0
1156.0,763.9419815110481,0.0,297.9,0.015,2354.7880690737834,0.0,0.0,0.0,0.0,0.0,0.0,-0.2453755690468165,0.0021279635784531943,1e-06,0.0
1157.0,763.9419815110481,0.0,297.9,0.015,2354.7880690737834,0.0,0.0,0.0,0.0,0.0,0.0,-0.2453755690468165,0.0021279635784531943,1e-06,0.0
1158.0,763.9419815110481,0.0,297.9,0.015,2354.7880690737834,0.0,0.0,0.0,0.0,0.0,0.0,-0.2453755690468165,0.0021279635784531943,1e-06,0.0
1159.0,763.9419815110481,0.0,297.9,0.015,2354.7880690737834,0.0,0.0,0.0,0.0,0.0,0.0,-0.2453755690468165,0.0021279635784531943,1e-06,0.0
1160.0,763.9419815110481,0.0,297.9,0.015,2354.7880690737834,0.0,0.0,0.0,0.0,0.0,0.0,-0.2453755690468165,0.0021279635784531943,1e-06,0.0
1161.0,763.9419815110481,0.0,297.9,0.015,2354.7880690737834,0.0,0.0,0.0,0.0,0.0,0.0,-0.2453755690468165,0.0021279635784531943,1e-06,0.0
1162.0,763.9419815110481,0.0,297.9,0.015,2354.7880690737834,0.0,0.0,0.0,0.0,0.0,0.0,-0.2453755690468165,0.0021279635784531943,1e-06,0.0
1163.0,763.9419815110481,0.0,297.9,0.015,2354.7880690737834,0.0,0.0,0.0,0.0,0.0,0.0,-0.2453755690468165,0.0021279635784531943,1e-06,0.0
1164.0,763.9419815110481,0.0,297.9,0.015,2354.7880690737834,0.0,0.0,0.0,0.0,0.0,0.0,-0.2453755690468165,0.0021279635784531943,1e-06,0.0
1165.0,763.9419815110481,0.0,297.9,0.015,2354.7880690737834,0.0,0.0,0.0,0.0,0.0,0.0,-0.2453755690468165,0.0021279635784531943,1e-06,0.0
1166.0,763.9419815110481,0.0,297.9,0.015,2354.7880690737834,0.0,0.0,0.0,0.0,0.0,0.0,-0.2453755690468165,0.0021279635784531943,1e-06,0.0
1167.0,763.9419815110481,0.0,297.9,0.015,2354.7880690737834,0.0,0.0,0.0,0.0,0.0,0.0,-0.2453755690468165,0.0021279635784531943,1e-06,0.0
1168.0,763.9419815110481,0.0,297.9,0.015,2354.7880690737834,0.0,0.0,0.0,0.0,0.0,0.0,-0.2453755690468165,0.0021279635784531943,1e-06,0.0
1169.0,763.9419815110481,0.0,297.9,0.015,2354.7880690737834,0.0,0.0,0.0,0.0,0.0,0.0,-0.2453755690468165,0.0021279635784531943,1e-06,0.0
1170.0,763.9419815110481,0.0,297.9,0.015,2354.7880690737834,0.0,0.0,0.0,0.0,0.0,0.0,-0.2453755690468165,0.0021279635784531943,1e-06,0.0
1171.0,763.9419815110481,0.0,297.9,0.015,2354.7880690737834,0.0,0.0,0.0,0.0,0.0,0.0,-0.2453755690468165,0.0021279635784531943,1e-06,0.0
1172.0,763.9419815110481,0.0,297.9,0.015,2354.7880690737834,0.0,0.0,0.0,0.0,0.0,0.0,-0.2453755690468165,0.0021279635784531943,1e-06,0.0
1173.0,763.9419815110481,0.0,297.9,0.015,2354.7880690737834,0.0,0.0,0.0,0.0,0.0,0.0,-0.2453755690468165,0.0021279635784531943,1e-06,0.0
1174.0,763.9419815110481,0.0,297.9,0.015,2354.7880690737834,0.0,0.0,0.0,0.0,0.0,0.0,-0.2453755690468165,0.0021279635784531943,1e-06,0.0
1175.0,763.9419815110481,0.0,297.9,0.015,2354.7880690737834,0.0,0.0,0.0,0.0,0.0,0.0,-0.2453755690468165,0.0021279635784531943,1e-06,0.0
1176.0,763.9419815110481,0.0,297.9,0.015,2354.7880690737834,0.0,0.0,0.0,0.0,0.0,0.0,-0.2453755690468165,0.0021279635784531943,1e-06,0.0
1177.0,763.9419815110481,0.0,297.9,0.015,2354.7880690737834,0.0,0.0,0.0,0.0,0.0,0.0,-0.2453755690468165,0.0021279635784531943,1e-06,0.0
1178.0,763.9419815110481,0.0,297.9,0.015,2354.7880690737834,0.0,0.0,0.0,0.0,0.0,0.0,-0.2453755690468165,0.0021279635784531943,1e-06,0.0
1179.0,763.9419815110481,0.0,297.9,0.015,2354.7880690737834,0.0,0.0,0.0,0.0,0.0,0.0,-0.2453755690468165,0.0021279635784531943,1e-06,0.0
1180.0,763.9419815110481,0.0,297.9,0.015,2354.7880690737834,0.0,0.0,0.0,0.0,0.0,0.0,-0.2453755690468165,0.0021279635784531943,1e-06,0.0
1181.0,763.9419815110481,0.0,297.9,0.015,2354.7880690737834,0.0,0.0,0.0,0.0,0.0,0.0,-0.2453755690468165,0.0021279635784531943,1e-06,0.0
1182.0,763.9419815110481,0.0,297.9,0.015,2354.7880690737834,0.0,0.0,0.0,0.0,0.0,0.0,-0.2453755690468165,0.0021279635784531943,1e-06,0.0
1183.0,763.9419815110481,0.0,297.9,0.015,2354.7880690737834,0.0,0.0,0.0,0.0,0.0,0.0,-0.2453755690468165,0.0021279635784531943,1e-06,0.0
1184.0,763.9419815110481,0.0,297.9,0.015,2354.7880690737834,0.0,0.0,0.0,0.0,0.0,0.0,-0.2453755690468165,0.0021279635784531943,1e-06,0.0
1185.0,763.9419815110481,0.0,297.9,0.015,2354.7880690737834,0.0,0.0,0.0,0.0,0.0,0.0,-0.2453755690468165,0.0021279635784531943,1e-06,0.0
1186.0,763.9419815110481,0.0,297.9,0.015,2354.7880690737834,0.0,0.0,0.0,0.0,0.0,0.0,-0.2453755690468165,0.0021279635784531943,1e-06,0.0
1187.0,763.9419815110481,0.0,297.9,0.015,2354.7880690737834,0.0,0.0,0.0,0.0,0.0,0.0,-0.2453755690468165,0.0021279635784531943,1e-06,0.0
1188.0,763.9419815110481,0.0,297.9,0.015,2354.7880690737834,0.0,0.0,0.0,0.0,0.0,0.0,-0.2453755690468165,0.0021279635784531943,1e-06,0.0
1189.0,763.9419815110481,0.0,297.9,0.015,2354.7880690737834,0.0,0.0,0.0,0.0,0.0,0.0,-0.2453755690468165,0.0021279635784531943,1e-06,0.0
1190.0,763.9419815110481,0.0,297.9,0.015,2354.7880690737834,0.0,0.0,0.0,0.0,0.0,0.0,-0.2453755690468165,0.0021279635784531943,1e-06,0.0
1191.0,763.9419815110481,0.0,297.9,0.015,2354.7880690737834,0.0,0.0,0.0,0.0,0.0,0.0,-0.2453755690468165,0.0021279635784531943,1e-06,0.0
1192.0,763.9419815110481,0.0,297.9,0.015,2354.7880690737834,0.0,0.0,0.0,0.0,0.0,0.0,-0.2453755690468165,0.0021279635784531943,1e-06,0.0
1193.0,763.9419815110481,0.0,297.9,0.015,2354.7880690737834,0.0,0.0,0.0,0.0,0.0,0.0,-0.2453755690468165,0.0021279635784531943,1e-06,0.0
1194.0,763.9419815110481,0.0,297.9,0.015,2354.7880690737834,0.0,0.0,0.0,0.0,0.0,0.0,-0.2453755690468165,0.0021279635784531943,1e-06,0.0
1195.0,763.9419815110481,0.0,297.9,0.015,2354.7880690737834,0.0,0.0,0.0,0.0,0.0,0.0,-0.2453755690468165,0.0021279635784531943,1e-06,0.0
1196.0,763.9419815110481,0.0,297.9,0.015,2354.7880690737834,0.0,0.0,0.0,0.0,0.0,0.0,-0.2453755690468165,0.0021279635784531943,1e-06,0.0
1197.0,763.9419815110481,0.0,297.9,0.015,2354.7880690737834,0.0,0.0,0.0,0.0,0.0,0.0,-0.2453755690468165,0.0021279635784531943,1e-06,0.0
1198.0,763.9419815110481,0.0,297.9,0.015,2354.7880690737834,0.0,0.0,0.0,0.0,0.0,0.0,-0.2453755690468165,0.0021279635784531943,1e-06,0.0
1199.0,763.9419815110481,0.0,297.9,0.015,2354.7880690737834,0.0,0.0,0.0,0.0,0.0,0.0,-0.2453755690468165,0.0021279635784531943,1e-06,0.0
1200.0,763.9419815110481,0.0,297.9,0.015,2354.7880690737834,0.0,0.0,0.0,0.0,0.0,0.0,-0.2453755690468165,0.0021279635784531943,1e-06,0.0
1201.0,763.9419815110481,0.0,297.9,0.015,2354.7880690737834,0.0,0.0,0.0,0.0,0.0,0.0,-0.2453755690468165,0.0021279635784531943,1e-06,0.0
1202.0,763.9419815110481,0.0,297.9,0.015,2354.7880690737834,0.0,0.0,0.0,0.0,0.0,0.0,-0.2453755690468165,0.0021279635784531943,1e-06,0.0
1203.0,763.9419815110481,0.0,297.9,0.015,2354.7880690737834,0.0,0.0,0.0,0.0,0.0,0.0,-0.2453755690468165,0.0021279635784531943,1e-06,0.0
1204.0,763.9419815110481,0.0,297.9,0.015,2354.7880690737834,0.0,0.0,0.0,0.0,0.0,0.0,-0.2453755690468165,0.0021279635784531943,1e-06,0.0
1205.0,763.9419815110481,0.0,297.9,0.015,2354.7880690737834,0.0,0.0,0.0,0.0,0.0,0.0,-0.2453755690468165,0.0021279635784531943,1e-06,0.0
1206.0,763.9419815110481,0.0,297.9,0.015,2354.7880690737834,0.0,0.0,0.0,0.0,0.0,0.0,-0.2453755690468165,0.0021279635784531943,1e-06,0.0
1207.0,763.9419815110481,0.0,297.9,0.015,2354.7880690737834,0.0,0.0,0.0,0.0,0.0,0.0,-0.2453755690468165,0.0021279635784531943,1e-06,0.0
1208.0,763.9419815110481,0.0,297.9,0.015,2354.7880690737834,0.0,0.0,0.0,0.0,0.0,0.0,-0.2453755690468165,0.0021279635784531943,1e-06,0.0
1209.0,763.9419815110481,0.0,297.9,0.015,2354.7880690737834,0.0,0.0,0.0,0.0,0.0,0.0,-0.2453755690468165,0.0021279635784531943,1e-06,0.0
1210.0,763.9419815110481,0.0,297.9,0.015,2354.7880690737834,0.0,0.0,0.0,0.0,0.0,0.0,-0.2453755690468165,0.0021279635784531943,1e-06,0.0
1211.0,763.9419815110481,0.0,297.9,0.015,2354.7880690737834,0.0,0.0,0.0,0.0,0.0,0.0,-0.2453755690468165,0.0021279635784531943,1e-06,0.0
1212.0,763.9419815110481,0.0,297.9,0.015,2354.7880690737834,0.0,0.0,0.0,0.0,0.0,0.0,-0.2453755690468165,0.0021279635784531943,1e-06,0.0
1213.0,763.9419815110481,0.0,297.9,0.015,2354.7880690737834,0.0,0.0,0.0,0.0,0.0,0.0,-0.2453755690468165,0.0021279635784531943,1e-06,0.0
1214.0,763.9419815110481,0.0,297.9,0.015,2354.7880690737834,0.0,0.0,0.0,0.0,0.0,0.0,-0.2453755690468165,0.0021279635784531943,1e-06,0.0
1215.0,763.9419815110481,0.0,297.9,0.015,2354.7880690737834,0.0,0.0,0.0,0.0,0.0,0.0,-0.2453755690468165,0.0021279635784531943,1e-06,0.0
1216.0,763.9419815110481,0.0,297.9,0.015,2354.7880690737834,0.0,0.0,0.0,0.0,0.0,0.0,-0.2453755690468165,0.0021279635784531943,1e-06,0.0
1217.0,763.9419815110481,0.0,297.9,0.015,2354.7880690737834,0.0,0.0,0.0,0.0,0.0,0.0,-0.2453755690468165,0.0021279635784531943,1e-06,0.0
1218.0,763.9419815110481,0.0,297.9,0.015,2354.7880690737834,0.0,0.0,0.0,0.0,0.0,0.0,-0.2453755690468165,0.0021279635784531943,1e-06,0.0
1219.0,763.9419815110481,0.0,297.9,0.015,2354.7880690737834,0.0,0.0,0.0,0.0,0.0,0.0,-0.2453755690468165,0.0021279635784531943,1e-06,0.0
1220.0,763.9419815110481,0.0,297.9,0.015,2354.7880690737834,0.0,0.0,0.0,0.0,0.0,0.0,-0.2453755690468165,0.0021279635784531943,1e-06,0.0
1221.0,763.9419815110481,0.0,297.9,0.015,2354.7880690737834,0.0,0.0,0.0,0.0,0.0,0.0,-0.2453755690468165,0.0021279635784531943,1e-06,0.0
1222.0,763.9419815110481,0.0,297.9,0.015,2354.7880690737834,0.0,0.0,0.0,0.0,0.0,0.0,-0.2453755690468165,0.0021279635784531943,1e-06,0.0
1223.0,763.9419815110481,0.0,297.9,0.015,2354.7880690737834,0.0,0.0,0.0,0.0,0.0,0.0,-0.2453755690468165,0.0021279635784531943,1e-06,0.0
1224.0,763.9419815110481,0.0,297.9,0.015,2354.7880690737834,0.0,0.0,0.0,0.0,0.0,0.0,-0.2453755690468165,0.0021279635784531943,1e-06,0.0
1225.0,763.9419815110481,0.0,297.9,0.015,2354.7880690737834,0.0,0.0,0.0,0.0,0.0,0.0,-0.2453755690468165,0.0021279635784531943,1e-06,0.0
1226.0,763.9419815110481,0.0,297.9,0.015,2354.7880690737834,0.0,0.0,0.0,0.0,0.0,0.0,-0.2453755690468165,0.0021279635784531943,1e-06,0.0
1227.0,763.9419815110481,0.0,297.9,0.015,2354.7880690737834,0.0,0.0,0.0,0.0,0.0,0.0,-0.2453755690468165,0.0021279635784531943,1e-06,0.0
1228.0,763.9419815110481,0.0,297.9,0.015,2354.7880690737834,0.0,0.0,0.0,0.0,0.0,0.0,-0.2453755690468165,0.0021279635784531943,1e-06,0.0
1229.0,763.9419815110481,0.0,297.9,0.015,2354.7880690737834,0.0,0.0,0.0,0.0,0.0,0.0,-0.2453755690468165,0.0021279635784531943,1e-06,0.0
1230.0,763.9419815110481,0.0,297.9,0.015,2354.7880690737834,0.0,0.0,0.0,0.0,0.0,0.0,-0.2453755690468165,0.0021279635784531943,1e-06,0.0
1231.0,763.9419815110481,0.0,297.9,0.015,2354.7880690737834,0.0,0.0,0.0,0.0,0.0,0.0,-0.2453755690468165,0.0021279635784531943,1e-06,0.0
1232.0,763.9419815110481,0.0,297.9,0.015,2354.7880690737834,0.0,0.0,0.0,0.0,0.0,0.0,-0.2453755690468165,0.0021279635784531943,1e-06,0.0
1233.0,763.9419815110481,0.0,297.9,0.015,2354.7880690737834,0.0,0.0,0.0,0.0,0.0,0.0,-0.2453755690468165,0.0021279635784531943,1e-06,0.0
1234.0,763.9419815110481,0.0,297.9,0.015,2354.7880690737834,0.0,0.0,0.0,0.0,0.0,0.0,-0.2453755690468165,0.0021279635784531943,1e-06,0.0
1235.0,763.9419815110481,0.0,297.9,0.015,2354.7880690737834,0.0,0.0,0.0,0.0,0.0,0.0,-0.2453755690468165,0.0021279635784531943,1e-06,0.0
1236.0,763.9419815110481,0.0,297.9,0.015,2354.7880690737834,0.0,0.0,0.0,0.0,0.0,0.0,-0.2453755690468165,0.0021279635784531943,1e-06,0.0
1237.0,763.9419815110481,0.0,297.9,0.015,2354.7880690737834,0.0,0.0,0.0,0.0,0.0,0.0,-0.2453755690468165,0.0021279635784531943,1e-06,0.0
1238.0,763.9419815110481,0.0,297.9,0.015,2354.7880690737834,0.0,0.0,0.0,0.0,0.0,0.0,-0.2453755690468165,0.0021279635784531943,1e-06,0.0
1239.0,763.9419815110481,0.0,297.9,0.015,2354.7880690737834,0.0,0.0,0.0,0.0,0.0,0.0,-0.2453755690468165,0.0021279635784531943,1e-06,0.0
1240.0,763.9419815110481,0.0,297.9,0.015,2354.7880690737834,0.0,0.0,0.0,0.0,0.0,0.0,-0.2453755690468165,0.0021279635784531943,1e-06,0.0
1241.0,763.9419815110481,0.0,297.9,0.015,2354.7880690737834,0.0,0.0,0.0,0.0,0.0,0.0,-0.2453755690468165,0.0021279635784531943,1e-06,0.0
1242.0,763.9419815110481,0.0,297.9,0.015,2354.7880690737834,0.0,0.0,0.0,0.0,0.0,0.0,-0.2453755690468165,0.0021279635784531943,1e-06,0.0
1243.0,763.9419815110481,0.0,297.9,0.015,2354.7880690737834,0.0,0.0,0.0,0.0,0.0,0.0,-0.2453755690468165,0.0021279635784531943,1e-06,0.0
1244.0,763.9419815110481,0.0,297.9,0.015,2354.7880690737834,0.0,0.0,0.0,0.0,0.0,0.0,-0.2453755690468165,0.0021279635784531943,1e-06,0.0
1245.0,763.9419815110481,0.0,297.9,0.015,2354.7880690737834,0.0,0.0,0.0,0.0,0.0,0.0,-0.2453755690468165,0.0021279635784531943,1e-06,0.0
1246.0,763.9419815110481,0.0,297.9,0.015,2354.7880690737834,0.0,0.0,0.0,0.0,0.0,0.0,-0.2453755690468165,0.0021279635784531943,1e-06,0.0
1247.0,763.9419815110481,0.0,297.9,0.015,2354.7880690737834,0.0,0.0,0.0,0.0,0.0,0.0,-0.2453755690468165,0.0021279635784531943,1e-06,0.0
1248.0,763.9419815110481,0.0,297.9,0.015,2354.7880690737834,0.0,0.0,0.0,0.0,0.0,0.0,-0.2453755690468165,0.0021279635784531943,1e-06,0.0
1249.0,763.9419815110481,0.0,297.9,0.015,2354.7880690737834,0.0,0.0,0.0,0.0,0.0,0.0,-0.2453755690468165,0.0021279635784531943,1e-06,0.0
1250.0,763.9419815110481,0.0,297.9,0.015,2354.7880690737834,0.0,0.0,0.0,0.0,0.0,0.0,-0.2453755690468165,0.0021279635784531943,1e-06,0.0
1251.0,763.9419815110481,0.0,297.9,0.015,2354.7880690737834,0.0,0.0,0.0,0.0,0.0,0.0,-0.2453755690468165,0.0021279635784531943,1e-06,0.0
1252.0,763.9419815110481,0.0,297.9,0.015,2354.7880690737834,0.0,0.0,0.0,0.0,0.0,0.0,-0.2453755690468165,0.0021279635784531943,1e-06,0.0
1253.0,763.9419815110481,0.0,297.9,0.015,2354.7880690737834,0.0,0.0,0.0,0.0,0.0,0.0,-0.2453755690468165,0.0021279635784531943,1e-06,0.0
1254.0,763.9419815110481,0.0,297.9,0.015,2354.7880690737834,0.0,0.0,0.0,0.0,0.0,0.0,-0.2453755690468165,0.0021279635784531943,1e-06,0.0
1255.0,763.9419815110481,0.0,297.9,0.015,2354.7880690737834,0.0,0.0,0.0,0.0,0.0,0.0,-0.2453755690468165,0.0021279635784531943,1e-06,0.0
1256.0,763.9419815110481,0.0,297.9,0.015,2354.7880690737834,0.0,0.0,0.0,0.0,0.0,0.0,-0.2453755690468165,0.0021279635784531943,1e-06,0.0
1257.0,763.9419815110481,0.0,297.9,0.015,2354.7880690737834,0.0,0.0,0.0,0.0,0.0,0.0,-0.2453755690468165,0.0021279635784531943,1e-06,0.0
1258.0,763.9419815110481,0.0,297.9,0.015,2354.7880690737834,0.0,0.0,0.0,0.0,0.0,0.0,-0.2453755690468165,0.0021279635784531943,1e-06,0.0
1259.0,763.9419815110481,0.0,297.9,0.015,2354.7880690737834,0.0,0.0,0.0,0.0,0.0,0.0,-0.2453755690468165,0.0021279635784531943,1e-06,0.0
1260.0,763.9419815110481,0.0,297.9,0.015,2354.7880690737834,0.0,0.0,0.0,0.0,0.0,0.0,-0.2453755690468165,0.0021279635784531943,1e-06,0.0
1261.0,763.9419815110481,0.0,297.9,0.015,2354.7880690737834,0.0,0.0,0.0,0.0,0.0,0.0,-0.2453755690468165,0.0021279635784531943,1e-06,0.0
1262.0,763.9419815110481,0.0,297.9,0.015,2354.7880690737834,0.0,0.0,0.0,0.0,0.0,0.0,-0.2453755690468165,0.0021279635784531943,1e-06,0.0
1263.0,763.9419815110481,0.0,297.9,0.015,2354.7880690737834,0.0,0.0,0.0,0.0,0.0,0.0,-0.2453755690468165,0.0021279635784531943,1e-06,0.0
1264.0,763.9419815110481,0.0,297.9,0.015,2354.7880690737834,0.0,0.0,0.0,0.0,0.0,0.0,-0.2453755690468165,0.0021279635784531943,1e-06,0.0
1265.0,763.9419815110481,0.0,297.9,0.015,2354.7880690737834,0.0,0.0,0.0,0.0,0.0,0.0,-0.2453755690468165,0.0021279635784531943,1e-06,0.0
1266.0,763.9419815110481,0.0,297.9,0.015,2354.7880690737834,0.0,0.0,0.0,0.0,0.0,0.0,-0.2453755690468165,0.0021279635784531943,1e-06,0.0
1267.0,763.9419815110481,0.0,297.9,0.015,2354.7880690737834,0.0,0.0,0.0,0.0,0.0,0.0,-0.2453755690468165,0.0021279635784531943,1e-06,0.0
1268.0,763.9419815110481,0.0,297.9,0.015,2354.7880690737834,0.0,0.0,0.0,0.0,0.0,0.0,-0.2453755690468165,0.0021279635784531943,1e-06,0.0
1269.0,763.9419815110481,0.0,297.9,0.015,2354.7880690737834,0.0,0.0,0.0,0.0,0.0,0.0,-0.2453755690468165,0.0021279635784531943,1e-06,0.0
1270.0,763.9419815110481,0.0,297.9,0.015,2354.7880690737834,0.0,0.0,0.0,0.0,0.0,0.0,-0.2453755690468165,0.0021279635784531943,1e-06,0.0
1271.0,763.9419815110481,0.0,297.9,0.015,2354.7880690737834,0.0,0.0,0.0,0.0,0.0,0.0,-0.2453755690468165,0.0021279635784531943,1e-06,0.0
1272.0,763.9419815110481,0.0,297.9,0.015,2354.7880690737834,0.0,0.0,0.0,0.0,0.0,0.0,-0.2453755690468165,0.0021279635784531943,1e-06,0.0
1273.0,763.9419815110481,0.0,297.9,0.015,2354.7880690737834,0.0,0.0,0.0,0.0,0.0,0.0,-0.2453755690468165,0.0021279635784531943,1e-06,0.0
1274.0,763.9419815110481,0.0,297.9,0.015,2354.7880690737834,0.0,0.0,0.0,0.0,0.0,0.0,-0.2453755690468165,0.0021279635784531943,1e-06,0.0
1275.0,763.9419815110481,0.0,297.9,0.015,2354.7880690737834,0.0,0.0,0.0,0.0,0.0,0.0,-0.2453755690468165,0.0021279635784531943,1e-06,0.0
1276.0,763.9419815110481,0.0,297.9,0.015,2354.7880690737834,0.0,0.0,0.0,0.0,0.0,0.0,-0.2453755690468165,0.0021279635784531943,1e-06,0.0
1277.0,763.9419815110481,0.0,297.9,0.015,2354.7880690737834,0.0,0.0,0.0,0.0,0.0,0.0,-0.2453755690468165,0.0021279635784531943,1e-06,0.0
1278.0,763.9419815110481,0.0,297.9,0.015,2354.7880690737834,0.0,0.0,0.0,0.0,0.0,0.0,-0.2453755690468165,0.0021279635784531943,1e-06,0.0
1279.0,763.9419815110481,0.0,297.9,0.015,2354.7880690737834,0.0,0.0,0.0,0.0,0.0,0.0,-0.2453755690468165,0.0021279635784531943,1e-06,0.0
1280.0,763.9419815110481,0.0,297.9,0.015,2354.7880690737834,0.0,0.0,0.0,0.0,0.0,0.0,-0.2453755690468165,0.0021279635784531943,1e-06,0.0
1281.0,763.9419815110481,0.0,297.9,0.015,2354.7880690737834,0.0,0.0,0.0,0.0,0.0,0.0,-0.2453755690468165,0.0021279635784531943,1e-06,0.0
1282.0,763.9419815110481,0.0,297.9,0.015,2354.7880690737834,0.0,0.0,0.0,0.0,0.0,0.0,-0.2453755690468165,0.0021279635784531943,1e-06,0.0
1283.0,763.9419815110481,0.0,297.9,0.015,2354.7880690737834,0.0,0.0,0.0,0.0,0.0,0.0,-0.2453755690468165,0.0021279635784531943,1e-06,0.0
1284.0,763.9419815110481,0.0,297.9,0.015,2354.7880690737834,0.0,0.0,0.0,0.0,0.0,0.0,-0.2453755690468165,0.0021279635784531943,1e-06,0.0
1285.0,763.9419815110481,0.0,297.9,0.015,2354.7880690737834,0.0,0.0,0.0,0.0,0.0,0.0,-0.2453755690468165,0.0021279635784531943,1e-06,0.0
1286.0,763.9419815110481,0.0,297.9,0.015,2354.7880690737834,0.0,0.0,0.0,0.0,0.0,0.0,-0.2453755690468165,0.0021279635784531943,1e-06,0.0
1287.0,763.9419815110481,0.0,297.9,0.015,2354.7880690737834,0.0,0.0,0.0,0.0,0.0,0.0,-0.2453755690468165,0.0021279635784531943,1e-06,0.0
1288.0,763.9419815110481,0.0,297.9,0.015,2354.7880690737834,0.0,0.0,0.0,0.0,0.0,0.0,-0.2453755690468165,0.0021279635784531943,1e-06,0.0
1289.0,763.9419815110481,0.0,297.9,0.015,2354.7880690737834,0.0,0.0,0.0,0.0,0.0,0.0,-0.2453755690468165,0.0021279635784531943,1e-06,0.0
1290.0,763.9419815110481,0.0,297.9,0.015,2354.7880690737834,0.0,0.0,0.0,0.0,0.0,0.0,-0.2453755690468165,0.0021279635784531943,1e-06,0.0
1291.0,763.9419815110481,0.0,297.9,0.015,2354.7880690737834,0.0,0.0,0.0,0.0,0.0,0.0,-0.2453755690468165,0.0021279635784531943,1e-06,0.0
1292.0,763.9419815110481,0.0,297.9,0.015,2354.7880690737834,0.0,0.0,0.0,0.0,0.0,0.0,-0.2453755690468165,0.0021279635784531943,1e-06,0.0
1293.0,763.9419815110481,0.0,297.9,0.015,2354.7880690737834,0.0,0.0,0.0,0.0,0.0,0.0,-0.2453755690468165,0.0021279635784531943,1e-06,0.0
1294.0,763.9419815110481,0.0,297.9,0.015,2354.7880690737834,0.0,0.0,0.0,0.0,0.0,0.0,-0.2453755690468165,0.0021279635784531943,1e-06,0.0
1295.0,763.9419815110481,0.0,297.9,0.015,2354.7880690737834,0.0,0.0,0.0,0.0,0.0,0.0,-0.2453755690468165,0.0021279635784531943,1e-06,0.0
1296.0,763.9419815110481,0.0,297.9,0.015,2354.7880690737834,0.0,0.0,0.0,0.0,0.0,0.0,-0.2453755690468165,0.0021279635784531943,1e-06,0.0
1297.0,763.9419815110481,0.0,297.9,0.015,2354.7880690737834,0.0,0.0,0.0,0.0,0.0,0.0,-0.2453755690468165,0.0021279635784531943,1e-06,0.0
1298.0,763.9419815110481,0.0,297.9,0.015,2354.7880690737834,0.0,0.0,0.0,0.0,0.0,0.0,-0.2453755690468165,0.0021279635784531943,1e-06,0.0
1299.0,763.9419815110481,0.0,297.9,0.015,2354.7880690737834,0.0,0.0,0.0,0.0,0.0,0.0,-0.2453755690468165,0.0021279635784531943,1e-06,0.0
1300.0,763.9419815110481,0.0,297.9,0.015,2354.7880690737834,0.0,0.0,0.0,0.0,0.0,0.0,-0.2453755690468165,0.0021279635784531943,1e-06,0.0
1301.0,763.9419815110481,0.0,297.9,0.015,2354.7880690737834,0.0,0.0,0.0,0.0,0.0,0.0,-0.2453755690468165,0.0021279635784531943,1e-06,0.0
1302.0,763.9419815110481,0.0,297.9,0.015,2354.7880690737834,0.0,0.0,0.0,0.0,0.0,0.0,-0.2453755690468165,0.0021279635784531943,1e-06,0.0
1303.0,763.9419815110481,0.0,297.9,0.015,2354.7880690737834,0.0,0.0,0.0,0.0,0.0,0.0,-0.2453755690468165,0.0021279635784531943,1e-06,0.0
1304.0,763.9419815110481,0.0,297.9,0.015,2354.7880690737834,0.0,0.0,0.0,0.0,0.0,0.0,-0.2453755690468165,0.0021279635784531943,1e-06,0.0
1305.0,763.9419815110481,0.0,297.9,0.015,2354.7880690737834,0.0,0.0,0.0,0.0,0.0,0.0,-0.2453755690468165,0.0021279635784531943,1e-06,0.0
1306.0,763.9419815110481,0.0,297.9,0.015,2354.7880690737834,0.0,0.0,0.0,0.0,0.0,0.0,-0.2453755690468165,0.0021279635784531943,1e-06,0.0
1307.0,763.9419815110481,0.0,297.9,0.015,2354.7880690737834,0.0,0.0,0.0,0.0,0.0,0.0,-0.2453755690468165,0.0021279635784531943,1e-06,0.0
1308.0,763.9419815110481,0.0,297.9,0.015,2354.7880690737834,0.0,0.0,0.0,0.0,0.0,0.0,-0.2453755690468165,0.0021279635784531943,1e-06,0.0
1309.0,763.9419815110481,0.0,297.9,0.015,2354.7880690737834,0.0,0.0,0.0,0.0,0.0,0.0,-0.2453755690468165,0.0021279635784531943,1e-06,0.0
1310.0,763.9419815110481,0.0,297.9,0.015,2354.7880690737834,0.0,0.0,0.0,0.0,0.0,0.0,-0.2453755690468165,0.0021279635784531943,1e-06,0.0
1311.0,763.9419815110481,0.0,297.9,0.015,2354.7880690737834,0.0,0.0,0.0,0.0,0.0,0.0,-0.2453755690468165,0.0021279635784531943,1e-06,0.0
1312.0,763.9419815110481,0.0,297.9,0.015,2354.7880690737834,0.0,0.0,0.0,0.0,0.0,0.0,-0.2453755690468165,0.0021279635784531943,1e-06,0.0
1313.0,763.9419815110481,0.0,297.9,0.015,2354.7880690737834,0.0,0.0,0.0,0.0,0.0,0.0,-0.2453755690468165,0.0021279635784531943,1e-06,0.0
1314.0,763.9419815110481,0.0,297.9,0.015,2354.7880690737834,0.0,0.0,0.0,0.0,0.0,0.0,-0.2453755690468165,0.0021279635784531943,1e-06,0.0
1315.0,763.9419815110481,0.0,297.9,0.015,2354.7880690737834,0.0,0.0,0.0,0.0,0.0,0.0,-0.2453755690468165,0.0021279635784531943,1e-06,0.0
1316.0,763.9419815110481,0.0,297.9,0.015,2354.7880690737834,0.0,0.0,0.0,0.0,0.0,0.0,-0.2453755690468165,0.0021279635784531943,1e-06,0.0
1317.0,763.9419815110481,0.0,297.9,0.015,2354.7880690737834,0.0,0.0,0.0,0.0,0.0,0.0,-0.2453755690468165,0.0021279635784531943,1e-06,0.0
1318.0,763.9419815110481,0.0,297.9,0.015,2354.7880690737834,0.0,0.0,0.0,0.0,0.0,0.0,-0.2453755690468165,0.0021279635784531943,1e-06,0.0
1319.0,763.9419815110481,0.0,297.9,0.015,2354.7880690737834,0.0,0.0,0.0,0.0,0.0,0.0,-0.2453755690468165,0.0021279635784531943,1e-06,0.0
1320.0,763.9419815110481,0.0,297.9,0.015,2354.7880690737834,0.0,0.0,0.0,0.0,0.0,0.0,-0.2453755690468165,0.0021279635784531943,1e-06,0.0
1321.0,763.9419815110481,0.0,297.9,0.015,2354.7880690737834,0.0,0.0,0.0,0.0,0.0,0.0,-0.2453755690468165,0.0021279635784531943,1e-06,0.0
1322.0,763.9419815110481,0.0,297.9,0.015,2354.7880690737834,0.0,0.0,0.0,0.0,0.0,0.0,-0.2453755690468165,0.0021279635784531943,1e-06,0.0
1323.0,763.9419815110481,0.0,297.9,0.015,2354.7880690737834,0.0,0.0,0.0,0.0,0.0,0.0,-0.2453755690468165,0.0021279635784531943,1e-06,0.0
1324.0,763.9419815110481,0.0,297.9,0.015,2354.7880690737834,0.0,0.0,0.0,0.0,0.0,0.0,-0.2453755690468165,0.0021279635784531943,1e-06,0.0
1325.0,763.9419815110481,0.0,297.9,0.015,2354.7880690737834,0.0,0.0,0.0,0.0,0.0,0.0,-0.2453755690468165,0.0021279635784531943,1e-06,0.0
1326.0,763.9419815110481,0.0,297.9,0.015,2354.7880690737834,0.0,0.0,0.0,0.0,0.0,0.0,-0.2453755690468165,0.0021279635784531943,1e-06,0.0
1327.0,763.9419815110481,0.0,297.9,0.015,2354.7880690737834,0.0,0.0,0.0,0.0,0.0,0.0,-0.2453755690468165,0.0021279635784531943,1e-06,0.0
1328.0,763.9419815110481,0.0,297.9,0.015,2354.7880690737834,0.0,0.0,0.0,0.0,0.0,0.0,-0.2453755690468165,0.0021279635784531943,1e-06,0.0
1329.0,763.9419815110481,0.0,297.9,0.015,2354.7880690737834,0.0,0.0,0.0,0.0,0.0,0.0,-0.2453755690468165,0.0021279635784531943,1e-06,0.0
1330.0,763.9419815110481,0.0,297.9,0.015,2354.7880690737834,0.0,0.0,0.0,0.0,0.0,0.0,-0.2453755690468165,0.0021279635784531943,1e-06,0.0
1331.0,763.9419815110481,0.0,297.9,0.015,2354.7880690737834,0.0,0.0,0.0,0.0,0.0,0.0,-0.2453755690468165,0.0021279635784531943,1e-06,0.0
1332.0,763.9419815110481,0.0,297.9,0.015,2354.7880690737834,0.0,0.0,0.0,0.0,0.0,0.0,-0.2453755690468165,0.0021279635784531943,1e-06,0.0
1333.0,763.9419815110481,0.0,297.9,0.015,2354.7880690737834,0.0,0.0,0.0,0.0,0.0,0.0,-0.2453755690468165,0.0021279635784531943,1e-06,0.0
1334.0,763.9419815110481,0.0,297.9,0.015,2354.7880690737834,0.0,0.0,0.0,0.0,0.0,0.0,-0.2453755690468165,0.0021279635784531943,1e-06,0.0
1335.0,763.9419815110481,0.0,297.9,0.015,2354.7880690737834,0.0,0.0,0.0,0.0,0.0,0.0,-0.2453755690468165,0.0021279635784531943,1e-06,0.0
1336.0,763.9419815110481,0.0,297.9,0.015,2354.7880690737834,0.0,0.0,0.0,0.0,0.0,0.0,-0.2453755690468165,0.0021279635784531943,1e-06,0.0
1337.0,763.9419815110481,0.0,297.9,0.015,2354.7880690737834,0.0,0.0,0.0,0.0,0.0,0.0,-0.2453755690468165,0.0021279635784531943,1e-06,0.0
1338.0,763.9419815110481,0.0,297.9,0.015,2354.7880690737834,0.0,0.0,0.0,0.0,0.0,0.0,-0.2453755690468165,0.0021279635784531943,1e-06,0.0
1339.0,763.9419815110481,0.0,297.9,0.015,2354.7880690737834,0.0,0.0,0.0,0.0,0.0,0.0,-0.2453755690468165,0.0021279635784531943,1e-06,0.0
1340.0,763.9419815110481,0.0,297.9,0.015,2354.7880690737834,0.0,0.0,0.0,0.0,0.0,0.0,-0.2453755690468165,0.0021279635784531943,1e-06,0.0
1341.0,763.9419815110481,0.0,297.9,0.015,2354.7880690737834,0.0,0.0,0.0,0.0,0.0,0.0,-0.2453755690468165,0.0021279635784531943,1e-06,0.0
1342.0,763.9419815110481,0.0,297.9,0.015,2354.7880690737834,0.0,0.0,0.0,0.0,0.0,0.0,-0.2453755690468165,0.0021279635784531943,1e-06,0.0
1343.0,763.9419815110481,0.0,297.9,0.015,2354.7880690737834,0.0,0.0,0.0,0.0,0.0,0.0,-0.2453755690468165,0.0021279635784531943,1e-06,0.0
1344.0,763.9419815110481,0.0,297.9,0.015,2354.7880690737834,0.0,0.0,0.0,0.0,0.0,0.0,-0.2453755690468165,0.0021279635784531943,1e-06,0.0
1345.0,763.9419815110481,0.0,297.9,0.015,2354.7880690737834,0.0,0.0,0.0,0.0,0.0,0.0,-0.2453755690468165,0.0021279635784531943,1e-06,0.0
1346.0,763.9419815110481,0.0,297.9,0.015,2354.7880690737834,0.0,0.0,0.0,0.0,0.0,0.0,-0.2453755690468165,0.0021279635784531943,1e-06,0.0
1347.0,763.9419815110481,0.0,297.9,0.015,2354.7880690737834,0.0,0.0,0.0,0.0,0.0,0.0,-0.2453755690468165,0.0021279635784531943,1e-06,0.0
1348.0,763.9419815110481,0.0,297.9,0.015,2354.7880690737834,0.0,0.0,0.0,0.0,0.0,0.0,-0.2453755690468165,0.0021279635784531943,1e-06,0.0
1349.0,763.9419815110481,0.0,297.9,0.015,2354.7880690737834,0.0,0.0,0.0,0.0,0.0,0.0,-0.2453755690468165,0.0021279635784531943,1e-06,0.0
1350.0,763.9419815110481,0.0,297.9,0.015,2354.7880690737834,0.0,0.0,0.0,0.0,0.0,0.0,-0.2453755690468165,0.0021279635784531943,1e-06,0.0
1351.0,763.9419815110481,0.0,297.9,0.015,2354.7880690737834,0.0,0.0,0.0,0.0,0.0,0.0,-0.2453755690468165,0.0021279635784531943,1e-06,0.0
1352.0,763.9419815110481,0.0,297.9,0.015,2354.7880690737834,0.0,0.0,0.0,0.0,0.0,0.0,-0.2453755690468165,0.0021279635784531943,1e-06,0.0
1353.0,763.9419815110481,0.0,297.9,0.015,2354.7880690737834,0.0,0.0,0.0,0.0,0.0,0.0,-0.2453755690468165,0.0021279635784531943,1e-06,0.0
1354.0,763.9419815110481,0.0,297.9,0.015,2354.7880690737834,0.0,0.0,0.0,0.0,0.0,0.0,-0.2453755690468165,0.0021279635784531943,1e-06,0.0
1355.0,763.9419815110481,0.0,297.9,0.015,2354.7880690737834,0.0,0.0,0.0,0.0,0.0,0.0,-0.2453755690468165,0.0021279635784531943,1e-06,0.0
1356.0,763.9419815110481,0.0,297.9,0.015,2354.7880690737834,0.0,0.0,0.0,0.0,0.0,0.0,-0.2453755690468165,0.0021279635784531943,1e-06,0.0
1357.0,763.9419815110481,0.0,297.9,0.015,2354.7880690737834,0.0,0.0,0.0,0.0,0.0,0.0,-0.2453755690468165,0.0021279635784531943,1e-06,0.0
1358.0,763.9419815110481,0.0,297.9,0.015,2354.7880690737834,0.0,0.0,0.0,0.0,0.0,0.0,-0.2453755690468165,0.0021279635784531943,1e-06,0.0
1359.0,763.9419815110481,0.0,297.9,0.015,2354.7880690737834,0.0,0.0,0.0,0.0,0.0,0.0,-0.2453755690468165,0.0021279635784531943,1e-06,0.0
1360.0,763.9419815110481,0.0,297.9,0.015,2354.7880690737834,0.0,0.0,0.0,0.0,0.0,0.0,-0.2453755690468165,0.0021279635784531943,1e-06,0.0
1361.0,763.9419815110481,0.0,297.9,0.015,2354.7880690737834,0.0,0.0,0.0,0.0,0.0,0.0,-0.2453755690468165,0.0021279635784531943,1e-06,0.0
1362.0,763.9419815110481,0.0,297.9,0.015,2354.7880690737834,0.0,0.0,0.0,0.0,0.0,0.0,-0.2453755690468165,0.0021279635784531943,1e-06,0.0
1363.0,763.9419815110481,0.0,297.9,0.015,2354.7880690737834,0.0,0.0,0.0,0.0,0.0,0.0,-0.2453755690468165,0.0021279635784531943,1e-06,0.0
1364.0,763.9419815110481,0.0,297.9,0.015,2354.7880690737834,0.0,0.0,0.0,0.0,0.0,0.0,-0.2453755690468165,0.0021279635784531943,1e-06,0.0
1365.0,763.9419815110481,0.0,297.9,0.015,2354.7880690737834,0.0,0.0,0.0,0.0,0.0,0.0,-0.2453755690468165,0.0021279635784531943,1e-06,0.0
1366.0,763.9419815110481,0.0,297.9,0.015,2354.7880690737834,0.0,0.0,0.0,0.0,0.0,0.0,-0.2453755690468165,0.0021279635784531943,1e-06,0.0
1367.0,763.9419815110481,0.0,297.9,0.015,2354.7880690737834,0.0,0.0,0.0,0.0,0.0,0.0,-0.2453755690468165,0.0021279635784531943,1e-06,0.0
1368.0,763.9419815110481,0.0,297.9,0.015,2354.7880690737834,0.0,0.0,0.0,0.0,0.0,0.0,-0.2453755690468165,0.0021279635784531943,1e-06,0.0
1369.0,763.9419815110481,0.0,297.9,0.015,2354.7880690737834,0.0,0.0,0.0,0.0,0.0,0.0,-0.2453755690468165,0.0021279635784531943,1e-06,0.0
1370.0,763.9419815110481,0.0,297.9,0.015,2354.7880690737834,0.0,0.0,0.0,0.0,0.0,0.0,-0.2453755690468165,0.0021279635784531943,1e-06,0.0
1371.0,763.9419815110481,0.0,297.9,0.015,2354.7880690737834,0.0,0.0,0.0,0.0,0.0,0.0,-0.2453755690468165,0.0021279635784531943,1e-06,0.0
1372.0,763.9419815110481,0.0,297.9,0.015,2354.7880690737834,0.0,0.0,0.0,0.0,0.0,0.0,-0.2453755690468165,0.0021279635784531943,1e-06,0.0
1373.0,763.9419815110481,0.0,297.9,0.015,2354.7880690737834,0.0,0.0,0.0,0.0,0.0,0.0,-0.2453755690468165,0.0021279635784531943,1e-06,0.0
1374.0,763.9419815110481,0.0,297.9,0.015,2354.7880690737834,0.0,0.0,0.0,0.0,0.0,0.0,-0.2453755690468165,0.0021279635784531943,1e-06,0.0
1375.0,763.9419815110481,0.0,297.9,0.015,2354.7880690737834,0.0,0.0,0.0,0.0,0.0,0.0,-0.2453755690468165,0.0021279635784531943,1e-06,0.0
1376.0,763.9419815110481,0.0,297.9,0.015,2354.7880690737834,0.0,0.0,0.0,0.0,0.0,0.0,-0.2453755690468165,0.0021279635784531943,1e-06,0.0
1377.0,763.9419815110481,0.0,297.9,0.015,2354.7880690737834,0.0,0.0,0.0,0.0,0.0,0.0,-0.2453755690468165,0.0021279635784531943,1e-06,0.0
1378.0,763.9419815110481,0.0,297.9,0.015,2354.7880690737834,0.0,0.0,0.0,0.0,0.0,0.0,-0.2453755690468165,0.0021279635784531943,1e-06,0.0
1379.0,763.9419815110481,0.0,297.9,0.015,2354.7880690737834,0.0,0.0,0.0,0.0,0.0,0.0,-0.2453755690468165,0.0021279635784531943,1e-06,0.0
1380.0,763.9419815110481,0.0,297.9,0.015,2354.7880690737834,0.0,0.0,0.0,0.0,0.0,0.0,-0.2453755690468165,0.0021279635784531943,1e-06,0.0
1381.0,763.9419815110481,0.0,297.9,0.015,2354.7880690737834,0.0,0.0,0.0,0.0,0.0,0.0,-0.2453755690468165,0.0021279635784531943,1e-06,0.0
1382.0,763.9419815110481,0.0,297.9,0.015,2354.7880690737834,0.0,0.0,0.0,0.0,0.0,0.0,-0.2453755690468165,0.0021279635784531943,1e-06,0.0
1383.0,763.9419815110481,0.0,297.9,0.015,2354.7880690737834,0.0,0.0,0.0,0.0,0.0,0.0,-0.2453755690468165,0.0021279635784531943,1e-06,0.0
1384.0,763.9419815110481,0.0,297.9,0.015,2354.7880690737834,0.0,0.0,0.0,0.0,0.0,0.0,-0.2453755690468165,0.0021279635784531943,1e-06,0.0
1385.0,763.9419815110481,0.0,297.9,0.015,2354.7880690737834,0.0,0.0,0.0,0.0,0.0,0.0,-0.2453755690468165,0.0021279635784531943,1e-06,0.0
1386.0,763.9419815110481,0.0,297.9,0.015,2354.7880690737834,0.0,0.0,0.0,0.0,0.0,0.0,-0.2453755690468165,0.0021279635784531943,1e-06,0.0
1387.0,763.9419815110481,0.0,297.9,0.015,2354.7880690737834,0.0,0.0,0.0,0.0,0.0,0.0,-0.2453755690468165,0.0021279635784531943,1e-06,0.0
1388.0,763.9419815110481,0.0,297.9,0.015,2354.7880690737834,0.0,0.0,0.0,0.0,0.0,0.0,-0.2453755690468165,0.0021279635784531943,1e-06,0.0
1389.0,763.9419815110481,0.0,297.9,0.015,2354.7880690737834,0.0,0.0,0.0,0.0,0.0,0.0,-0.2453755690468165,0.0021279635784531943,1e-06,0.0
1390.0,763.9419815110481,0.0,297.9,0.015,2354.7880690737834,0.0,0.0,0.0,0.0,0.0,0.0,-0.2453755690468165,0.0021279635784531943,1e-06,0.0
1391.0,763.9419815110481,0.0,297.9,0.015,2354.7880690737834,0.0,0.0,0.0,0.0,0.0,0.0,-0.2453755690468165,0.0021279635784531943,1e-06,0.0
1392.0,763.9419815110481,0.0,297.9,0.015,2354.7880690737834,0.0,0.0,0.0,0.0,0.0,0.0,-0.2453755690468165,0.0021279635784531943,1e-06,0.0
1393.0,763.9419815110481,0.0,297.9,0.015,2354.7880690737834,0.0,0.0,0.0,0.0,0.0,0.0,-0.2453755690468165,0.0021279635784531943,1e-06,0.0
1394.0,763.9419815110481,0.0,297.9,0.015,2354.7880690737834,0.0,0.0,0.0,0.0,0.0,0.0,-0.2453755690468165,0.0021279635784531943,1e-06,0.0
1395.0,763.9419815110481,0.0,297.9,0.015,2354.7880690737834,0.0,0.0,0.0,0.0,0.0,0.0,-0.2453755690468165,0.0021279635784531943,1e-06,0.0
1396.0,763.9419815110481,0.0,297.9,0.015,2354.7880690737834,0.0,0.0,0.0,0.0,0.0,0.0,-0.2453755690468165,0.0021279635784531943,1e-06,0.0
1397.0,763.9419815110481,0.0,297.9,0.015,2354.7880690737834,0.0,0.0,0.0,0.0,0.0,0.0,-0.2453755690468165,0.0021279635784531943,1e-06,0.0
1398.0,763.9419815110481,0.0,297.9,0.015,2354.7880690737834,0.0,0.0,0.0,0.0,0.0,0.0,-0.2453755690468165,0.0021279635784531943,1e-06,0.0
1399.0,763.9419815110481,0.0,297.9,0.015,2354.7880690737834,0.0,0.0,0.0,0.0,0.0,0.0,-0.2453755690468165,0.0021279635784531943,1e-06,0.0
1400.0,763.9419815110481,0.0,297.9,0.015,2354.7880690737834,0.0,0.0,0.0,0.0,0.0,0.0,-0.2453755690468165,0.0021279635784531943,1e-06,0.0
1401.0,763.9419815110481,0.0,297.9,0.015,2354.7880690737834,0.0,0.0,0.0,0.0,0.0,0.0,-0.2453755690468165,0.0021279635784531943,1e-06,0.0
1402.0,763.9419815110481,0.0,297.9,0.015,2354.7880690737834,0.0,0.0,0.0,0.0,0.0,0.0,-0.2453755690468165,0.0021279635784531943,1e-06,0.0
1403.0,763.9419815110481,0.0,297.9,0.015,2354.7880690737834,0.0,0.0,0.0,0.0,0.0,0.0,-0.2453755690468165,0.0021279635784531943,1e-06,0.0
1404.0,763.9419815110481,0.0,297.9,0.015,2354.7880690737834,0.0,0.0,0.0,0.0,0.0,0.0,-0.2453755690468165,0.0021279635784531943,1e-06,0.0
1405.0,763.9419815110481,0.0,297.9,0.015,2354.7880690737834,0.0,0.0,0.0,0.0,0.0,0.0,-0.2453755690468165,0.0021279635784531943,1e-06,0.0
1406.0,763.9419815110481,0.0,297.9,0.015,2354.7880690737834,0.0,0.0,0.0,0.0,0.0,0.0,-0.2453755690468165,0.0021279635784531943,1e-06,0.0
1407.0,763.9419815110481,0.0,297.9,0.015,2354.7880690737834,0.0,0.0,0.0,0.0,0.0,0.0,-0.2453755690468165,0.0021279635784531943,1e-06,0.0
1408.0,763.9419815110481,0.0,297.9,0.015,2354.7880690737834,0.0,0.0,0.0,0.0,0.0,0.0,-0.2453755690468165,0.0021279635784531943,1e-06,0.0
1409.0,763.9419815110481,0.0,297.9,0.015,2354.7880690737834,0.0,0.0,0.0,0.0,0.0,0.0,-0.2453755690468165,0.0021279635784531943,1e-06,0.0
1410.0,763.9419815110481,0.0,297.9,0.015,2354.7880690737834,0.0,0.0,0.0,0.0,0.0,0.0,-0.2453755690468165,0.0021279635784531943,1e-06,0.0
1411.0,763.9419815110481,0.0,297.9,0.015,2354.7880690737834,0.0,0.0,0.0,0.0,0.0,0.0,-0.2453755690468165,0.0021279635784531943,1e-06,0.0
1412.0,763.9419815110481,0.0,297.9,0.015,2354.7880690737834,0.0,0.0,0.0,0.0,0.0,0.0,-0.2453755690468165,0.0021279635784531943,1e-06,0.0
1413.0,763.9419815110481,0.0,297.9,0.015,2354.7880690737834,0.0,0.0,0.0,0.0,0.0,0.0,-0.2453755690468165,0.0021279635784531943,1e-06,0.0
1414.0,763.9419815110481,0.0,297.9,0.015,2354.7880690737834,0.0,0.0,0.0,0.0,0.0,0.0,-0.2453755690468165,0.0021279635784531943,1e-06,0.0
1415.0,763.9419815110481,0.0,297.9,0.015,2354.7880690737834,0.0,0.0,0.0,0.0,0.0,0.0,-0.2453755690468165,0.0021279635784531943,1e-06,0.0
1416.0,763.9419815110481,0.0,297.9,0.015,2354.7880690737834,0.0,0.0,0.0,0.0,0.0,0.0,-0.2453755690468165,0.0021279635784531943,1e-06,0.0
1417.0,763.9419815110481,0.0,297.9,0.015,2354.7880690737834,0.0,0.0,0.0,0.0,0.0,0.0,-0.2453755690468165,0.0021279635784531943,1e-06,0.0
1418.0,763.9419815110481,0.0,297.9,0.015,2354.7880690737834,0.0,0.0,0.0,0.0,0.0,0.0,-0.2453755690468165,0.0021279635784531943,1e-06,0.0
1419.0,763.9419815110481,0.0,297.9,0.015,2354.7880690737834,0.0,0.0,0.0,0.0,0.0,0.0,-0.2453755690468165,0.0021279635784531943,1e-06,0.0
1420.0,763.9419815110481,0.0,297.9,0.015,2354.7880690737834,0.0,0.0,0.0,0.0,0.0,0.0,-0.2453755690468165,0.0021279635784531943,1e-06,0.0
1421.0,763.9419815110481,0.0,297.9,0.015,2354.7880690737834,0.0,0.0,0.0,0.0,0.0,0.0,-0.2453755690468165,0.0021279635784531943,1e-06,0.0
1422.0,763.9419815110481,0.0,297.9,0.015,2354.7880690737834,0.0,0.0,0.0,0.0,0.0,0.0,-0.2453755690468165,0.0021279635784531943,1e-06,0.0
1423.0,763.9419815110481,0.0,297.9,0.015,2354.7880690737834,0.0,0.0,0.0,0.0,0.0,0.0,-0.2453755690468165,0.0021279635784531943,1e-06,0.0
1424.0,763.9419815110481,0.0,297.9,0.015,2354.7880690737834,0.0,0.0,0.0,0.0,0.0,0.0,-0.2453755690468165,0.0021279635784531943,1e-06,0.0
1425.0,763.9419815110481,0.0,297.9,0.015,2354.7880690737834,0.0,0.0,0.0,0.0,0.0,0.0,-0.2453755690468165,0.0021279635784531943,1e-06,0.0
1426.0,763.9419815110481,0.0,297.9,0.015,2354.7880690737834,0.0,0.0,0.0,0.0,0.0,0.0,-0.2453755690468165,0.0021279635784531943,1e-06,0.0
1427.0,763.9419815110481,0.0,297.9,0.015,2354.7880690737834,0.0,0.0,0.0,0.0,0.0,0.0,-0.2453755690468165,0.0021279635784531943,1e-06,0.0
1428.0,763.9419815110481,0.0,297.9,0.015,2354.7880690737834,0.0,0.0,0.0,0.0,0.0,0.0,-0.2453755690468165,0.0021279635784531943,1e-06,0.0
1429.0,763.9419815110481,0.0,297.9,0.015,2354.7880690737834,0.0,0.0,0.0,0.0,0.0,0.0,-0.2453755690468165,0.0021279635784531943,1e-06,0.0
1430.0,763.9419815110481,0.0,297.9,0.015,2354.7880690737834,0.0,0.0,0.0,0.0,0.0,0.0,-0.2453755690468165,0.0021279635784531943,1e-06,0.0
1431.0,763.9419815110481,0.0,297.9,0.015,2354.7880690737834,0.0,0.0,0.0,0.0,0.0,0.0,-0.2453755690468165,0.0021279635784531943,1e-06,0.0
1432.0,763.9419815110481,0.0,297.9,0.015,2354.7880690737834,0.0,0.0,0.0,0.0,0.0,0.0,-0.2453755690468165,0.0021279635784531943,1e-06,0.0
1433.0,763.9419815110481,0.0,297.9,0.015,2354.7880690737834,0.0,0.0,0.0,0.0,0.0,0.0,-0.2453755690468165,0.0021279635784531943,1e-06,0.0
1434.0,763.9419815110481,0.0,297.9,0.015,2354.7880690737834,0.0,0.0,0.0,0.0,0.0,0.0,-0.2453755690468165,0.0021279635784531943,1e-06,0.0
1435.0,763.9419815110481,0.0,297.9,0.015,2354.7880690737834,0.0,0.0,0.0,0.0,0.0,0.0,-0.2453755690468165,0.0021279635784531943,1e-06,0.0
1436.0,763.9419815110481,0.0,297.9,0.015,2354.7880690737834,0.0,0.0,0.0,0.0,0.0,0.0,-0.2453755690468165,0.0021279635784531943,1e-06,0.0
1437.0,763.9419815110481,0.0,297.9,0.015,2354.7880690737834,0.0,0.0,0.0,0.0,0.0,0.0,-0.2453755690468165,0.0021279635784531943,1e-06,0.0
1438.0,763.9419815110481,0.0,297.9,0.015,2354.7880690737834,0.0,0.0,0.0,0.0,0.0,0.0,-0.2453755690468165,0.0021279635784531943,1e-06,0.0
1439.0,763.9419815110481,0.0,297.9,0.015,2354.7880690737834,0.0,0.0,0.0,0.0,0.0,0.0,-0.2453755690468165,0.0021279635784531943,1e-06,0.0
1440.0,763.9419815110481,0.0,297.9,0.015,2354.7880690737834,0.0,0.0,0.0,0.0,0.0,0.0,-0.2453755690468165,0.0021279635784531943,1e-06,0.0
1441.0,763.9419815110481,0.0,297.9,0.015,2354.7880690737834,0.0,0.0,0.0,0.0,0.0,0.0,-0.2453755690468165,0.0021279635784531943,1e-06,0.0
1442.0,763.9419815110481,0.0,297.9,0.015,2354.7880690737834,0.0,0.0,0.0,0.0,0.0,0.0,-0.2453755690468165,0.0021279635784531943,1e-06,0.0
1443.0,763.9419815110481,0.0,297.9,0.015,2354.7880690737834,0.0,0.0,0.0,0.0,0.0,0.0,-0.2453755690468165,0.0021279635784531943,1e-06,0.0
1444.0,763.9419815110481,0.0,297.9,0.015,2354.7880690737834,0.0,0.0,0.0,0.0,0.0,0.0,-0.2453755690468165,0.0021279635784531943,1e-06,0.0
1445.0,763.9419815110481,0.0,297.9,0.015,2354.7880690737834,0.0,0.0,0.0,0.0,0.0,0.0,-0.2453755690468165,0.0021279635784531943,1e-06,0.0
1446.0,763.9419815110481,0.0,297.9,0.015,2354.7880690737834,0.0,0.0,0.0,0.0,0.0,0.0,-0.2453755690468165,0.0021279635784531943,1e-06,0.0
1447.0,763.9419815110481,0.0,297.9,0.015,2354.7880690737834,0.0,0.0,0.0,0.0,0.0,0.0,-0.2453755690468165,0.0021279635784531943,1e-06,0.0
1448.0,763.9419815110481,0.0,297.9,0.015,2354.7880690737834,0.0,0.0,0.0,0.0,0.0,0.0,-0.2453755690468165,0.0021279635784531943,1e-06,0.0
1449.0,763.9419815110481,0.0,297.9,0.015,2354.7880690737834,0.0,0.0,0.0,0.0,0.0,0.0,-0.2453755690468165,0.0021279635784531943,1e-06,0.0
1450.0,763.9419815110481,0.0,297.9,0.015,2354.7880690737834,0.0,0.0,0.0,0.0,0.0,0.0,-0.2453755690468165,0.0021279635784531943,1e-06,0.0
1451.0,763.9419815110481,0.0,297.9,0.015,2354.7880690737834,0.0,0.0,0.0,0.0,0.0,0.0,-0.2453755690468165,0.0021279635784531943,1e-06,0.0
1452.0,763.9419815110481,0.0,297.9,0.015,2354.7880690737834,0.0,0.0,0.0,0.0,0.0,0.0,-0.2453755690468165,0.0021279635784531943,1e-06,0.0
1453.0,763.9419815110481,0.0,297.9,0.015,2354.7880690737834,0.0,0.0,0.0,0.0,0.0,0.0,-0.2453755690468165,0.0021279635784531943,1e-06,0.0
1454.0,763.9419815110481,0.0,297.9,0.015,2354.7880690737834,0.0,0.0,0.0,0.0,0.0,0.0,-0.2453755690468165,0.0021279635784531943,1e-06,0.0
1455.0,763.9419815110481,0.0,297.9,0.015,2354.7880690737834,0.0,0.0,0.0,0.0,0.0,0.0,-0.2453755690468165,0.0021279635784531943,1e-06,0.0
1456.0,763.9419815110481,0.0,297.9,0.015,2354.7880690737834,0.0,0.0,0.0,0.0,0.0,0.0,-0.2453755690468165,0.0021279635784531943,1e-06,0.0
1457.0,763.9419815110481,0.0,297.9,0.015,2354.7880690737834,0.0,0.0,0.0,0.0,0.0,0.0,-0.2453755690468165,0.0021279635784531943,1e-06,0.0
1458.0,763.9419815110481,0.0,297.9,0.015,2354.7880690737834,0.0,0.0,0.0,0.0,0.0,0.0,-0.2453755690468165,0.0021279635784531943,1e-06,0.0
1459.0,763.9419815110481,0.0,297.9,0.015,2354.7880690737834,0.0,0.0,0.0,0.0,0.0,0.0,-0.2453755690468165,0.0021279635784531943,1e-06,0.0
1460.0,763.9419815110481,0.0,297.9,0.015,2354.7880690737834,0.0,0.0,0.0,0.0,0.0,0.0,-0.2453755690468165,0.0021279635784531943,1e-06,0.0
1461.0,763.9419815110481,0.0,297.9,0.015,2354.7880690737834,0.0,0.0,0.0,0.0,0.0,0.0,-0.2453755690468165,0.0021279635784531943,1e-06,0.0
1462.0,763.9419815110481,0.0,297.9,0.015,2354.7880690737834,0.0,0.0,0.0,0.0,0.0,0.0,-0.2453755690468165,0.0021279635784531943,1e-06,0.0
1463.0,763.9419815110481,0.0,297.9,0.015,2354.7880690737834,0.0,0.0,0.0,0.0,0.0,0.0,-0.2453755690468165,0.0021279635784531943,1e-06,0.0
1464.0,763.9419815110481,0.0,297.9,0.015,2354.7880690737834,0.0,0.0,0.0,0.0,0.0,0.0,-0.2453755690468165,0.0021279635784531943,1e-06,0.0
1465.0,763.9419815110481,0.0,297.9,0.015,2354.7880690737834,0.0,0.0,0.0,0.0,0.0,0.0,-0.2453755690468165,0.0021279635784531943,1e-06,0.0
1466.0,763.9419815110481,0.0,297.9,0.015,2354.7880690737834,0.0,0.0,0.0,0.0,0.0,0.0,-0.2453755690468165,0.0021279635784531943,1e-06,0.0
1467.0,763.9419815110481,0.0,297.9,0.015,2354.7880690737834,0.0,0.0,0.0,0.0,0.0,0.0,-0.2453755690468165,0.0021279635784531943,1e-06,0.0
1468.0,763.9419815110481,0.0,297.9,0.015,2354.7880690737834,0.0,0.0,0.0,0.0,0.0,0.0,-0.2453755690468165,0.0021279635784531943,1e-06,0.0
1469.0,763.9419815110481,0.0,297.9,0.015,2354.7880690737834,0.0,0.0,0.0,0.0,0.0,0.0,-0.2453755690468165,0.0021279635784531943,1e-06,0.0
1470.0,763.9419815110481,0.0,297.9,0.015,2354.7880690737834,0.0,0.0,0.0,0.0,0.0,0.0,-0.2453755690468165,0.0021279635784531943,1e-06,0.0
1471.0,763.9419815110481,0.0,297.9,0.015,2354.7880690737834,0.0,0.0,0.0,0.0,0.0,0.0,-0.2453755690468165,0.0021279635784531943,1e-06,0.0
1472.0,763.9419815110481,0.0,297.9,0.015,2354.7880690737834,0.0,0.0,0.0,0.0,0.0,0.0,-0.2453755690468165,0.0021279635784531943,1e-06,0.0
1473.0,763.9419815110481,0.0,297.9,0.015,2354.7880690737834,0.0,0.0,0.0,0.0,0.0,0.0,-0.2453755690468165,0.0021279635784531943,1e-06,0.0
1474.0,763.9419815110481,0.0,297.9,0.015,2354.7880690737834,0.0,0.0,0.0,0.0,0.0,0.0,-0.2453755690468165,0.0021279635784531943,1e-06,0.0
1475.0,763.9419815110481,0.0,297.9,0.015,2354.7880690737834,0.0,0.0,0.0,0.0,0.0,0.0,-0.2453755690468165,0.0021279635784531943,1e-06,0.0
1476.0,763.9419815110481,0.0,297.9,0.015,2354.7880690737834,0.0,0.0,0.0,0.0,0.0,0.0,-0.2453755690468165,0.0021279635784531943,1e-06,0.0
1477.0,763.9419815110481,0.0,297.9,0.015,2354.7880690737834,0.0,0.0,0.0,0.0,0.0,0.0,-0.2453755690468165,0.0021279635784531943,1e-06,0.0
1478.0,763.9419815110481,0.0,297.9,0.015,2354.7880690737834,0.0,0.0,0.0,0.0,0.0,0.0,-0.2453755690468165,0.0021279635784531943,1e-06,0.0
1479.0,763.9419815110481,0.0,297.9,0.015,2354.7880690737834,0.0,0.0,0.0,0.0,0.0,0.0,-0.2453755690468165,0.0021279635784531943,1e-06,0.0
1480.0,763.9419815110481,0.0,297.9,0.015,2354.7880690737834,0.0,0.0,0.0,0.0,0.0,0.0,-0.2453755690468165,0.0021279635784531943,1e-06,0.0
1481.0,763.9419815110481,0.0,297.9,0.015,2354.7880690737834,0.0,0.0,0.0,0.0,0.0,0.0,-0.2453755690468165,0.0021279635784531943,1e-06,0.0
1482.0,763.9419815110481,0.0,297.9,0.015,2354.7880690737834,0.0,0.0,0.0,0.0,0.0,0.0,-0.2453755690468165,0.0021279635784531943,1e-06,0.0
1483.0,763.9419815110481,0.0,297.9,0.015,2354.7880690737834,0.0,0.0,0.0,0.0,0.0,0.0,-0.2453755690468165,0.0021279635784531943,1e-06,0.0
1484.0,763.9419815110481,0.0,297.9,0.015,2354.7880690737834,0.0,0.0,0.0,0.0,0.0,0.0,-0.2453755690468165,0.0021279635784531943,1e-06,0.0
1485.0,763.9419815110481,0.0,297.9,0.015,2354.7880690737834,0.0,0.0,0.0,0.0,0.0,0.0,-0.2453755690468165,0.0021279635784531943,1e-06,0.0
1486.0,763.9419815110481,0.0,297.9,0.015,2354.7880690737834,0.0,0.0,0.0,0.0,0.0,0.0,-0.2453755690468165,0.0021279635784531943,1e-06,0.0
1487.0,763.9419815110481,0.0,297.9,0.015,2354.7880690737834,0.0,0.0,0.0,0.0,0.0,0.0,-0.2453755690468165,0.0021279635784531943,1e-06,0.0
1488.0,763.9419815110481,0.0,297.9,0.015,2354.7880690737834,0.0,0.0,0.0,0.0,0.0,0.0,-0.2453755690468165,0.0021279635784531943,1e-06,0.0
1489.0,763.9419815110481,0.0,297.9,0.015,2354.7880690737834,0.0,0.0,0.0,0.0,0.0,0.0,-0.2453755690468165,0.0021279635784531943,1e-06,0.0
1490.0,763.9419815110481,0.0,297.9,0.015,2354.7880690737834,0.0,0.0,0.0,0.0,0.0,0.0,-0.2453755690468165,0.0021279635784531943,1e-06,0.0
1491.0,763.9419815110481,0.0,297.9,0.015,2354.7880690737834,0.0,0.0,0.0,0.0,0.0,0.0,-0.2453755690468165,0.0021279635784531943,1e-06,0.0
1492.0,763.9419815110481,0.0,297.9,0.015,2354.7880690737834,0.0,0.0,0.0,0.0,0.0,0.0,-0.2453755690468165,0.0021279635784531943,1e-06,0.0
1493.0,763.9419815110481,0.0,297.9,0.015,2354.7880690737834,0.0,0.0,0.0,0.0,0.0,0.0,-0.2453755690468165,0.0021279635784531943,1e-06,0.0
1494.0,763.9419815110481,0.0,297.9,0.015,2354.7880690737834,0.0,0.0,0.0,0.0,0.0,0.0,-0.2453755690468165,0.0021279635784531943,1e-06,0.0
1495.0,763.9419815110481,0.0,297.9,0.015,2354.7880690737834,0.0,0.0,0.0,0.0,0.0,0.0,-0.2453755690468165,0.0021279635784531943,1e-06,0.0
1496.0,763.9419815110481,0.0,297.9,0.015,2354.7880690737834,0.0,0.0,0.0,0.0,0.0,0.0,-0.2453755690468165,0.0021279635784531943,1e-06,0.0
1497.0,763.9419815110481,0.0,297.9,0.015,2354.7880690737834,0.0,0.0,0.0,0.0,0.0,0.0,-0.2453755690468165,0.0021279635784531943,1e-06,0.0
1498.0,763.9419815110481,0.0,297.9,0.015,2354.7880690737834,0.0,0.0,0.0,0.0,0.0,0.0,-0.2453755690468165,0.0021279635784531943,1e-06,0.0
1499.0,763.9419815110481,0.0,297.9,0.015,2354.7880690737834,0.0,0.0,0.0,0.0,0.0,0.0,-0.2453755690468165,0.0021279635784531943,1e-06,0.0
1500.0,763.9419815110481,0.0,297.9,0.015,2354.7880690737834,0.0,0.0,0.0,0.0,0.0,0.0,-0.2453755690468165,0.0021279635784531943,1e-06,0.0
1501.0,763.9419815110481,0.0,297.9,0.015,2354.7880690737834,0.0,0.0,0.0,0.0,0.0,0.0,-0.2453755690468165,0.0021279635784531943,1e-06,0.0
1502.0,763.9419815110481,0.0,297.9,0.015,2354.7880690737834,0.0,0.0,0.0,0.0,0.0,0.0,-0.2453755690468165,0.0021279635784531943,1e-06,0.0
1503.0,763.9419815110481,0.0,297.9,0.015,2354.7880690737834,0.0,0.0,0.0,0.0,0.0,0.0,-0.2453755690468165,0.0021279635784531943,1e-06,0.0
1504.0,763.9419815110481,0.0,297.9,0.015,2354.7880690737834,0.0,0.0,0.0,0.0,0.0,0.0,-0.2453755690468165,0.0021279635784531943,1e-06,0.0
1505.0,763.9419815110481,0.0,297.9,0.015,2354.7880690737834,0.0,0.0,0.0,0.0,0.0,0.0,-0.2453755690468165,0.0021279635784531943,1e-06,0.0
1506.0,763.9419815110481,0.0,297.9,0.015,2354.7880690737834,0.0,0.0,0.0,0.0,0.0,0.0,-0.2453755690468165,0.0021279635784531943,1e-06,0.0
1507.0,763.9419815110481,0.0,297.9,0.015,2354.7880690737834,0.0,0.0,0.0,0.0,0.0,0.0,-0.2453755690468165,0.0021279635784531943,1e-06,0.0
1508.0,763.9419815110481,0.0,297.9,0.015,2354.7880690737834,0.0,0.0,0.0,0.0,0.0,0.0,-0.2453755690468165,0.0021279635784531943,1e-06,0.0
1509.0,763.9419815110481,0.0,297.9,0.015,2354.7880690737834,0.0,0.0,0.0,0.0,0.0,0.0,-0.2453755690468165,0.0021279635784531943,1e-06,0.0
1510.0,763.9419815110481,0.0,297.9,0.015,2354.7880690737834,0.0,0.0,0.0,0.0,0.0,0.0,-0.2453755690468165,0.0021279635784531943,1e-06,0.0
1511.0,763.9419815110481,0.0,297.9,0.015,2354.7880690737834,0.0,0.0,0.0,0.0,0.0,0.0,-0.2453755690468165,0.0021279635784531943,1e-06,0.0
1512.0,763.9419815110481,0.0,297.9,0.015,2354.7880690737834,0.0,0.0,0.0,0.0,0.0,0.0,-0.2453755690468165,0.0021279635784531943,1e-06,0.0
1513.0,763.9419815110481,0.0,297.9,0.015,2354.7880690737834,0.0,0.0,0.0,0.0,0.0,0.0,-0.2453755690468165,0.0021279635784531943,1e-06,0.0
1514.0,763.9419815110481,0.0,297.9,0.015,2354.7880690737834,0.0,0.0,0.0,0.0,0.0,0.0,-0.2453755690468165,0.0021279635784531943,1e-06,0.0
1515.0,763.9419815110481,0.0,297.9,0.015,2354.7880690737834,0.0,0.0,0.0,0.0,0.0,0.0,-0.2453755690468165,0.0021279635784531943,1e-06,0.0
1516.0,763.9419815110481,0.0,297.9,0.015,2354.7880690737834,0.0,0.0,0.0,0.0,0.0,0.0,-0.2453755690468165,0.0021279635784531943,1e-06,0.0
1517.0,763.9419815110481,0.0,297.9,0.015,2354.7880690737834,0.0,0.0,0.0,0.0,0.0,0.0,-0.2453755690468165,0.0021279635784531943,1e-06,0.0
1518.0,763.9419815110481,0.0,297.9,0.015,2354.7880690737834,0.0,0.0,0.0,0.0,0.0,0.0,-0.2453755690468165,0.0021279635784531943,1e-06,0.0
1519.0,763.9419815110481,0.0,297.9,0.015,2354.7880690737834,0.0,0.0,0.0,0.0,0.0,0.0,-0.2453755690468165,0.0021279635784531943,1e-06,0.0
1520.0,763.9419815110481,0.0,297.9,0.015,2354.7880690737834,0.0,0.0,0.0,0.0,0.0,0.0,-0.2453755690468165,0.0021279635784531943,1e-06,0.0
1521.0,763.9419815110481,0.0,297.9,0.015,2354.7880690737834,0.0,0.0,0.0,0.0,0.0,0.0,-0.2453755690468165,0.0021279635784531943,1e-06,0.0
1522.0,763.9419815110481,0.0,297.9,0.015,2354.7880690737834,0.0,0.0,0.0,0.0,0.0,0.0,-0.2453755690468165,0.0021279635784531943,1e-06,0.0
1523.0,763.9419815110481,0.0,297.9,0.015,2354.7880690737834,0.0,0.0,0.0,0.0,0.0,0.0,-0.2453755690468165,0.0021279635784531943,1e-06,0.0
1524.0,763.9419815110481,0.0,297.9,0.015,2354.7880690737834,0.0,0.0,0.0,0.0,0.0,0.0,-0.2453755690468165,0.0021279635784531943,1e-06,0.0
1525.0,763.9419815110481,0.0,297.9,0.015,2354.7880690737834,0.0,0.0,0.0,0.0,0.0,0.0,-0.2453755690468165,0.0021279635784531943,1e-06,0.0
1526.0,763.9419815110481,0.0,297.9,0.015,2354.7880690737834,0.0,0.0,0.0,0.0,0.0,0.0,-0.2453755690468165,0.0021279635784531943,1e-06,0.0
1527.0,763.9419815110481,0.0,297.9,0.015,2354.7880690737834,0.0,0.0,0.0,0.0,0.0,0.0,-0.2453755690468165,0.0021279635784531943,1e-06,0.0
1528.0,763.9419815110481,0.0,297.9,0.015,2354.7880690737834,0.0,0.0,0.0,0.0,0.0,0.0,-0.2453755690468165,0.0021279635784531943,1e-06,0.0
1529.0,763.9419815110481,0.0,297.9,0.015,2354.7880690737834,0.0,0.0,0.0,0.0,0.0,0.0,-0.2453755690468165,0.0021279635784531943,1e-06,0.0
1530.0,763.9419815110481,0.0,297.9,0.015,2354.7880690737834,0.0,0.0,0.0,0.0,0.0,0.0,-0.2453755690468165,0.0021279635784531943,1e-06,0.0
1531.0,763.9419815110481,0.0,297.9,0.015,2354.7880690737834,0.0,0.0,0.0,0.0,0.0,0.0,-0.2453755690468165,0.0021279635784531943,1e-06,0.0
1532.0,763.9419815110481,0.0,297.9,0.015,2354.7880690737834,0.0,0.0,0.0,0.0,0.0,0.0,-0.2453755690468165,0.0021279635784531943,1e-06,0.0
1533.0,763.9419815110481,0.0,297.9,0.015,2354.7880690737834,0.0,0.0,0.0,0.0,0.0,0.0,-0.2453755690468165,0.0021279635784531943,1e-06,0.0
1534.0,763.9419815110481,0.0,297.9,0.015,2354.7880690737834,0.0,0.0,0.0,0.0,0.0,0.0,-0.2453755690468165,0.0021279635784531943,1e-06,0.0
1535.0,763.9419815110481,0.0,297.9,0.015,2354.7880690737834,0.0,0.0,0.0,0.0,0.0,0.0,-0.2453755690468165,0.0021279635784531943,1e-06,0.0
1536.0,763.9419815110481,0.0,297.9,0.015,2354.7880690737834,0.0,0.0,0.0,0.0,0.0,0.0,-0.2453755690468165,0.0021279635784531943,1e-06,0.0
1537.0,763.9419815110481,0.0,297.9,0.015,2354.7880690737834,0.0,0.0,0.0,0.0,0.0,0.0,-0.2453755690468165,0.0021279635784531943,1e-06,0.0
1538.0,763.9419815110481,0.0,297.9,0.015,2354.7880690737834,0.0,0.0,0.0,0.0,0.0,0.0,-0.2453755690468165,0.0021279635784531943,1e-06,0.0
1539.0,763.9419815110481,0.0,297.9,0.015,2354.7880690737834,0.0,0.0,0.0,0.0,0.0,0.0,-0.2453755690468165,0.0021279635784531943,1e-06,0.0
1540.0,763.9419815110481,0.0,297.9,0.015,2354.7880690737834,0.0,0.0,0.0,0.0,0.0,0.0,-0.2453755690468165,0.0021279635784531943,1e-06,0.0
1541.0,763.9419815110481,0.0,297.9,0.015,2354.7880690737834,0.0,0.0,0.0,0.0,0.0,0.0,-0.2453755690468165,0.0021279635784531943,1e-06,0.0
1542.0,763.9419815110481,0.0,297.9,0.015,2354.7880690737834,0.0,0.0,0.0,0.0,0.0,0.0,-0.2453755690468165,0.0021279635784531943,1e-06,0.0
1543.0,763.9419815110481,0.0,297.9,0.015,2354.7880690737834,0.0,0.0,0.0,0.0,0.0,0.0,-0.2453755690468165,0.0021279635784531943,1e-06,0.0
1544.0,763.9419815110481,0.0,297.9,0.015,2354.7880690737834,0.0,0.0,0.0,0.0,0.0,0.0,-0.2453755690468165,0.0021279635784531943,1e-06,0.0
1545.0,763.9419815110481,0.0,297.9,0.015,2354.7880690737834,0.0,0.0,0.0,0.0,0.0,0.0,-0.2453755690468165,0.0021279635784531943,1e-06,0.0
1546.0,763.9419815110481,0.0,297.9,0.015,2354.7880690737834,0.0,0.0,0.0,0.0,0.0,0.0,-0.2453755690468165,0.0021279635784531943,1e-06,0.0
1547.0,763.9419815110481,0.0,297.9,0.015,2354.7880690737834,0.0,0.0,0.0,0.0,0.0,0.0,-0.2453755690468165,0.0021279635784531943,1e-06,0.0
1548.0,763.9419815110481,0.0,297.9,0.015,2354.7880690737834,0.0,0.0,0.0,0.0,0.0,0.0,-0.2453755690468165,0.0021279635784531943,1e-06,0.0
1549.0,763.9419815110481,0.0,297.9,0.015,2354.7880690737834,0.0,0.0,0.0,0.0,0.0,0.0,-0.2453755690468165,0.0021279635784531943,1e-06,0.0
1550.0,763.9419815110481,0.0,297.9,0.015,2354.7880690737834,0.0,0.0,0.0,0.0,0.0,0.0,-0.2453755690468165,0.0021279635784531943,1e-06,0.0
1551.0,763.9419815110481,0.0,297.9,0.015,2354.7880690737834,0.0,0.0,0.0,0.0,0.0,0.0,-0.2453755690468165,0.0021279635784531943,1e-06,0.0
1552.0,763.9419815110481,0.0,297.9,0.015,2354.7880690737834,0.0,0.0,0.0,0.0,0.0,0.0,-0.2453755690468165,0.0021279635784531943,1e-06,0.0
1553.0,763.9419815110481,0.0,297.9,0.015,2354.7880690737834,0.0,0.0,0.0,0.0,0.0,0.0,-0.2453755690468165,0.0021279635784531943,1e-06,0.0
1554.0,763.9419815110481,0.0,297.9,0.015,2354.7880690737834,0.0,0.0,0.0,0.0,0.0,0.0,-0.2453755690468165,0.0021279635784531943,1e-06,0.0
1555.0,763.9419815110481,0.0,297.9,0.015,2354.7880690737834,0.0,0.0,0.0,0.0,0.0,0.0,-0.2453755690468165,0.0021279635784531943,1e-06,0.0
1556.0,763.9419815110481,0.0,297.9,0.015,2354.7880690737834,0.0,0.0,0.0,0.0,0.0,0.0,-0.2453755690468165,0.0021279635784531943,1e-06,0.0
1557.0,763.9419815110481,0.0,297.9,0.015,2354.7880690737834,0.0,0.0,0.0,0.0,0.0,0.0,-0.2453755690468165,0.0021279635784531943,1e-06,0.0
1558.0,763.9419815110481,0.0,297.9,0.015,2354.7880690737834,0.0,0.0,0.0,0.0,0.0,0.0,-0.2453755690468165,0.0021279635784531943,1e-06,0.0
1559.0,763.9419815110481,0.0,297.9,0.015,2354.7880690737834,0.0,0.0,0.0,0.0,0.0,0.0,-0.2453755690468165,0.0021279635784531943,1e-06,0.0
1560.0,763.9419815110481,0.0,297.9,0.015,2354.7880690737834,0.0,0.0,0.0,0.0,0.0,0.0,-0.2453755690468165,0.0021279635784531943,1e-06,0.0
1561.0,763.9419815110481,0.0,297.9,0.015,2354.7880690737834,0.0,0.0,0.0,0.0,0.0,0.0,-0.2453755690468165,0.0021279635784531943,1e-06,0.0
1562.0,763.9419815110481,0.0,297.9,0.015,2354.7880690737834,0.0,0.0,0.0,0.0,0.0,0.0,-0.2453755690468165,0.0021279635784531943,1e-06,0.0
1563.0,763.9419815110481,0.0,297.9,0.015,2354.7880690737834,0.0,0.0,0.0,0.0,0.0,0.0,-0.2453755690468165,0.0021279635784531943,1e-06,0.0
1564.0,763.9419815110481,0.0,297.9,0.015,2354.7880690737834,0.0,0.0,0.0,0.0,0.0,0.0,-0.2453755690468165,0.0021279635784531943,1e-06,0.0
1565.0,763.9419815110481,0.0,297.9,0.015,2354.7880690737834,0.0,0.0,0.0,0.0,0.0,0.0,-0.2453755690468165,0.0021279635784531943,1e-06,0.0
1566.0,763.9419815110481,0.0,297.9,0.015,2354.7880690737834,0.0,0.0,0.0,0.0,0.0,0.0,-0.2453755690468165,0.0021279635784531943,1e-06,0.0
1567.0,763.9419815110481,0.0,297.9,0.015,2354.7880690737834,0.0,0.0,0.0,0.0,0.0,0.0,-0.2453755690468165,0.0021279635784531943,1e-06,0.0
1568.0,763.9419815110481,0.0,297.9,0.015,2354.7880690737834,0.0,0.0,0.0,0.0,0.0,0.0,-0.2453755690468165,0.0021279635784531943,1e-06,0.0
1569.0,763.9419815110481,0.0,297.9,0.015,2354.7880690737834,0.0,0.0,0.0,0.0,0.0,0.0,-0.2453755690468165,0.0021279635784531943,1e-06,0.0
1570.0,763.9419815110481,0.0,297.9,0.015,2354.7880690737834,0.0,0.0,0.0,0.0,0.0,0.0,-0.2453755690468165,0.0021279635784531943,1e-06,0.0
1571.0,763.9419815110481,0.0,297.9,0.015,2354.7880690737834,0.0,0.0,0.0,0.0,0.0,0.0,-0.2453755690468165,0.0021279635784531943,1e-06,0.0
1572.0,763.9419815110481,0.0,297.9,0.015,2354.7880690737834,0.0,0.0,0.0,0.0,0.0,0.0,-0.2453755690468165,0.0021279635784531943,1e-06,0.0
1573.0,763.9419815110481,0.0,297.9,0.015,2354.7880690737834,0.0,0.0,0.0,0.0,0.0,0.0,-0.2453755690468165,0.0021279635784531943,1e-06,0.0
1574.0,763.9419815110481,0.0,297.9,0.015,2354.7880690737834,0.0,0.0,0.0,0.0,0.0,0.0,-0.2453755690468165,0.0021279635784531943,1e-06,0.0
1575.0,763.9419815110481,0.0,297.9,0.015,2354.7880690737834,0.0,0.0,0.0,0.0,0.0,0.0,-0.2453755690468165,0.0021279635784531943,1e-06,0.0
1576.0,763.9419815110481,0.0,297.9,0.015,2354.7880690737834,0.0,0.0,0.0,0.0,0.0,0.0,-0.2453755690468165,0.0021279635784531943,1e-06,0.0
1577.0,763.9419815110481,0.0,297.9,0.015,2354.7880690737834,0.0,0.0,0.0,0.0,0.0,0.0,-0.2453755690468165,0.0021279635784531943,1e-06,0.0
1578.0,763.9419815110481,0.0,297.9,0.015,2354.7880690737834,0.0,0.0,0.0,0.0,0.0,0.0,-0.2453755690468165,0.0021279635784531943,1e-06,0.0
1579.0,763.9419815110481,0.0,297.9,0.015,2354.7880690737834,0.0,0.0,0.0,0.0,0.0,0.0,-0.2453755690468165,0.0021279635784531943,1e-06,0.0
1580.0,763.9419815110481,0.0,297.9,0.015,2354.7880690737834,0.0,0.0,0.0,0.0,0.0,0.0,-0.2453755690468165,0.0021279635784531943,1e-06,0.0
1581.0,763.9419815110481,0.0,297.9,0.015,2354.7880690737834,0.0,0.0,0.0,0.0,0.0,0.0,-0.2453755690468165,0.0021279635784531943,1e-06,0.0
1582.0,763.9419815110481,0.0,297.9,0.015,2354.7880690737834,0.0,0.0,0.0,0.0,0.0,0.0,-0.2453755690468165,0.0021279635784531943,1e-06,0.0
1583.0,763.9419815110481,0.0,297.9,0.015,2354.7880690737834,0.0,0.0,0.0,0.0,0.0,0.0,-0.2453755690468165,0.0021279635784531943,1e-06,0.0
1584.0,763.9419815110481,0.0,297.9,0.015,2354.7880690737834,0.0,0.0,0.0,0.0,0.0,0.0,-0.2453755690468165,0.0021279635784531943,1e-06,0.0
1585.0,763.9419815110481,0.0,297.9,0.015,2354.7880690737834,0.0,0.0,0.0,0.0,0.0,0.0,-0.2453755690468165,0.0021279635784531943,1e-06,0.0
1586.0,763.9419815110481,0.0,297.9,0.015,2354.7880690737834,0.0,0.0,0.0,0.0,0.0,0.0,-0.2453755690468165,0.0021279635784531943,1e-06,0.0
1587.0,763.9419815110481,0.0,297.9,0.015,2354.7880690737834,0.0,0.0,0.0,0.0,0.0,0.0,-0.2453755690468165,0.0021279635784531943,1e-06,0.0
1588.0,763.9419815110481,0.0,297.9,0.015,2354.7880690737834,0.0,0.0,0.0,0.0,0.0,0.0,-0.2453755690468165,0.0021279635784531943,1e-06,0.0
1589.0,763.9419815110481,0.0,297.9,0.015,2354.7880690737834,0.0,0.0,0.0,0.0,0.0,0.0,-0.2453755690468165,0.0021279635784531943,1e-06,0.0
1590.0,763.9419815110481,0.0,297.9,0.015,2354.7880690737834,0.0,0.0,0.0,0.0,0.0,0.0,-0.2453755690468165,0.0021279635784531943,1e-06,0.0
1591.0,763.9419815110481,0.0,297.9,0.015,2354.7880690737834,0.0,0.0,0.0,0.0,0.0,0.0,-0.2453755690468165,0.0021279635784531943,1e-06,0.0
1592.0,763.9419815110481,0.0,297.9,0.015,2354.7880690737834,0.0,0.0,0.0,0.0,0.0,0.0,-0.2453755690468165,0.0021279635784531943,1e-06,0.0
1593.0,763.9419815110481,0.0,297.9,0.015,2354.7880690737834,0.0,0.0,0.0,0.0,0.0,0.0,-0.2453755690468165,0.0021279635784531943,1e-06,0.0
1594.0,763.9419815110481,0.0,297.9,0.015,2354.7880690737834,0.0,0.0,0.0,0.0,0.0,0.0,-0.2453755690468165,0.0021279635784531943,1e-06,0.0
1595.0,763.9419815110481,0.0,297.9,0.015,2354.7880690737834,0.0,0.0,0.0,0.0,0.0,0.0,-0.2453755690468165,0.0021279635784531943,1e-06,0.0
1596.0,763.9419815110481,0.0,297.9,0.015,2354.7880690737834,0.0,0.0,0.0,0.0,0.0,0.0,-0.2453755690468165,0.0021279635784531943,1e-06,0.0
1597.0,763.9419815110481,0.0,297.9,0.015,2354.7880690737834,0.0,0.0,0.0,0.0,0.0,0.0,-0.2453755690468165,0.0021279635784531943,1e-06,0.0
1598.0,763.9419815110481,0.0,297.9,0.015,2354.7880690737834,0.0,0.0,0.0,0.0,0.0,0.0,-0.2453755690468165,0.0021279635784531943,1e-06,0.0
1599.0,763.9419815110481,0.0,297.9,0.015,2354.7880690737834,0.0,0.0,0.0,0.0,0.0,0.0,-0.2453755690468165,0.0021279635784531943,1e-06,0.0
1600.0,763.9419815110481,0.0,297.9,0.015,2354.7880690737834,0.0,0.0,0.0,0.0,0.0,0.0,-0.2453755690468165,0.0021279635784531943,1e-06,0.0
1601.0,763.9419815110481,0.0,297.9,0.015,2354.7880690737834,0.0,0.0,0.0,0.0,0.0,0.0,-0.2453755690468165,0.0021279635784531943,1e-06,0.0
1602.0,763.9419815110481,0.0,297.9,0.015,2354.7880690737834,0.0,0.0,0.0,0.0,0.0,0.0,-0.2453755690468165,0.0021279635784531943,1e-06,0.0
1603.0,763.9419815110481,0.0,297.9,0.015,2354.7880690737834,0.0,0.0,0.0,0.0,0.0,0.0,-0.2453755690468165,0.0021279635784531943,1e-06,0.0
1604.0,763.9419815110481,0.0,297.9,0.015,2354.7880690737834,0.0,0.0,0.0,0.0,0.0,0.0,-0.2453755690468165,0.0021279635784531943,1e-06,0.0
1605.0,763.9419815110481,0.0,297.9,0.015,2354.7880690737834,0.0,0.0,0.0,0.0,0.0,0.0,-0.2453755690468165,0.0021279635784531943,1e-06,0.0
1606.0,763.9419815110481,0.0,297.9,0.015,2354.7880690737834,0.0,0.0,0.0,0.0,0.0,0.0,-0.2453755690468165,0.0021279635784531943,1e-06,0.0
1607.0,763.9419815110481,0.0,297.9,0.015,2354.7880690737834,0.0,0.0,0.0,0.0,0.0,0.0,-0.2453755690468165,0.0021279635784531943,1e-06,0.0
1608.0,763.9419815110481,0.0,297.9,0.015,2354.7880690737834,0.0,0.0,0.0,0.0,0.0,0.0,-0.2453755690468165,0.0021279635784531943,1e-06,0.0
1609.0,763.9419815110481,0.0,297.9,0.015,2354.7880690737834,0.0,0.0,0.0,0.0,0.0,0.0,-0.2453755690468165,0.0021279635784531943,1e-06,0.0
1610.0,763.9419815110481,0.0,297.9,0.015,2354.7880690737834,0.0,0.0,0.0,0.0,0.0,0.0,-0.2453755690468165,0.0021279635784531943,1e-06,0.0
1611.0,763.9419815110481,0.0,297.9,0.015,2354.7880690737834,0.0,0.0,0.0,0.0,0.0,0.0,-0.2453755690468165,0.0021279635784531943,1e-06,0.0
1612.0,763.9419815110481,0.0,297.9,0.015,2354.7880690737834,0.0,0.0,0.0,0.0,0.0,0.0,-0.2453755690468165,0.0021279635784531943,1e-06,0.0
1613.0,763.9419815110481,0.0,297.9,0.015,2354.7880690737834,0.0,0.0,0.0,0.0,0.0,0.0,-0.2453755690468165,0.0021279635784531943,1e-06,0.0
1614.0,763.9419815110481,0.0,297.9,0.015,2354.7880690737834,0.0,0.0,0.0,0.0,0.0,0.0,-0.2453755690468165,0.0021279635784531943,1e-06,0.0
1615.0,763.9419815110481,0.0,297.9,0.015,2354.7880690737834,0.0,0.0,0.0,0.0,0.0,0.0,-0.2453755690468165,0.0021279635784531943,1e-06,0.0
1616.0,763.9419815110481,0.0,297.9,0.015,2354.7880690737834,0.0,0.0,0.0,0.0,0.0,0.0,-0.2453755690468165,0.0021279635784531943,1e-06,0.0
1617.0,763.9419815110481,0.0,297.9,0.015,2354.7880690737834,0.0,0.0,0.0,0.0,0.0,0.0,-0.2453755690468165,0.0021279635784531943,1e-06,0.0
1618.0,763.9419815110481,0.0,297.9,0.015,2354.7880690737834,0.0,0.0,0.0,0.0,0.0,0.0,-0.2453755690468165,0.0021279635784531943,1e-06,0.0
1619.0,763.9419815110481,0.0,297.9,0.015,2354.7880690737834,0.0,0.0,0.0,0.0,0.0,0.0,-0.2453755690468165,0.0021279635784531943,1e-06,0.0
1620.0,763.9419815110481,0.0,297.9,0.015,2354.7880690737834,0.0,0.0,0.0,0.0,0.0,0.0,-0.2453755690468165,0.0021279635784531943,1e-06,0.0
1621.0,763.9419815110481,0.0,297.9,0.015,2354.7880690737834,0.0,0.0,0.0,0.0,0.0,0.0,-0.2453755690468165,0.0021279635784531943,1e-06,0.0
1622.0,763.9419815110481,0.0,297.9,0.015,2354.7880690737834,0.0,0.0,0.0,0.0,0.0,0.0,-0.2453755690468165,0.0021279635784531943,1e-06,0.0
1623.0,763.9419815110481,0.0,297.9,0.015,2354.7880690737834,0.0,0.0,0.0,0.0,0.0,0.0,-0.2453755690468165,0.0021279635784531943,1e-06,0.0
1624.0,763.9419815110481,0.0,297.9,0.015,2354.7880690737834,0.0,0.0,0.0,0.0,0.0,0.0,-0.2453755690468165,0.0021279635784531943,1e-06,0.0
1625.0,763.9419815110481,0.0,297.9,0.015,2354.7880690737834,0.0,0.0,0.0,0.0,0.0,0.0,-0.2453755690468165,0.0021279635784531943,1e-06,0.0
1626.0,763.9419815110481,0.0,297.9,0.015,2354.7880690737834,0.0,0.0,0.0,0.0,0.0,0.0,-0.2453755690468165,0.0021279635784531943,1e-06,0.0
1627.0,763.9419815110481,0.0,297.9,0.015,2354.7880690737834,0.0,0.0,0.0,0.0,0.0,0.0,-0.2453755690468165,0.0021279635784531943,1e-06,0.0
1628.0,763.9419815110481,0.0,297.9,0.015,2354.7880690737834,0.0,0.0,0.0,0.0,0.0,0.0,-0.2453755690468165,0.0021279635784531943,1e-06,0.0
1629.0,763.9419815110481,0.0,297.9,0.015,2354.7880690737834,0.0,0.0,0.0,0.0,0.0,0.0,-0.2453755690468165,0.0021279635784531943,1e-06,0.0
1630.0,763.9419815110481,0.0,297.9,0.015,2354.7880690737834,0.0,0.0,0.0,0.0,0.0,0.0,-0.2453755690468165,0.0021279635784531943,1e-06,0.0
1631.0,763.9419815110481,0.0,297.9,0.015,2354.7880690737834,0.0,0.0,0.0,0.0,0.0,0.0,-0.2453755690468165,0.0021279635784531943,1e-06,0.0
1632.0,763.9419815110481,0.0,297.9,0.015,2354.7880690737834,0.0,0.0,0.0,0.0,0.0,0.0,-0.2453755690468165,0.0021279635784531943,1e-06,0.0
1633.0,763.9419815110481,0.0,297.9,0.015,2354.7880690737834,0.0,0.0,0.0,0.0,0.0,0.0,-0.2453755690468165,0.0021279635784531943,1e-06,0.0
1634.0,763.9419815110481,0.0,297.9,0.015,2354.7880690737834,0.0,0.0,0.0,0.0,0.0,0.0,-0.2453755690468165,0.0021279635784531943,1e-06,0.0
1635.0,763.9419815110481,0.0,297.9,0.015,2354.7880690737834,0.0,0.0,0.0,0.0,0.0,0.0,-0.2453755690468165,0.0021279635784531943,1e-06,0.0
1636.0,763.9419815110481,0.0,297.9,0.015,2354.7880690737834,0.0,0.0,0.0,0.0,0.0,0.0,-0.2453755690468165,0.0021279635784531943,1e-06,0.0
1637.0,763.9419815110481,0.0,297.9,0.015,2354.7880690737834,0.0,0.0,0.0,0.0,0.0,0.0,-0.2453755690468165,0.0021279635784531943,1e-06,0.0
1638.0,763.9419815110481,0.0,297.9,0.015,2354.7880690737834,0.0,0.0,0.0,0.0,0.0,0.0,-0.2453755690468165,0.0021279635784531943,1e-06,0.0
1639.0,763.9419815110481,0.0,297.9,0.015,2354.7880690737834,0.0,0.0,0.0,0.0,0.0,0.0,-0.2453755690468165,0.0021279635784531943,1e-06,0.0
1640.0,763.9419815110481,0.0,297.9,0.015,2354.7880690737834,0.0,0.0,0.0,0.0,0.0,0.0,-0.2453755690468165,0.0021279635784531943,1e-06,0.0
1641.0,763.9419815110481,0.0,297.9,0.015,2354.7880690737834,0.0,0.0,0.0,0.0,0.0,0.0,-0.2453755690468165,0.0021279635784531943,1e-06,0.0
1642.0,763.9419815110481,0.0,297.9,0.015,2354.7880690737834,0.0,0.0,0.0,0.0,0.0,0.0,-0.2453755690468165,0.0021279635784531943,1e-06,0.0
1643.0,763.9419815110481,0.0,297.9,0.015,2354.7880690737834,0.0,0.0,0.0,0.0,0.0,0.0,-0.2453755690468165,0.0021279635784531943,1e-06,0.0
1644.0,763.9419815110481,0.0,297.9,0.015,2354.7880690737834,0.0,0.0,0.0,0.0,0.0,0.0,-0.2453755690468165,0.0021279635784531943,1e-06,0.0
1645.0,763.9419815110481,0.0,297.9,0.015,2354.7880690737834,0.0,0.0,0.0,0.0,0.0,0.0,-0.2453755690468165,0.0021279635784531943,1e-06,0.0
1646.0,763.9419815110481,0.0,297.9,0.015,2354.7880690737834,0.0,0.0,0.0,0.0,0.0,0.0,-0.2453755690468165,0.0021279635784531943,1e-06,0.0
1647.0,763.9419815110481,0.0,297.9,0.015,2354.7880690737834,0.0,0.0,0.0,0.0,0.0,0.0,-0.2453755690468165,0.0021279635784531943,1e-06,0.0
1648.0,763.9419815110481,0.0,297.9,0.015,2354.7880690737834,0.0,0.0,0.0,0.0,0.0,0.0,-0.2453755690468165,0.0021279635784531943,1e-06,0.0
1649.0,763.9419815110481,0.0,297.9,0.015,2354.7880690737834,0.0,0.0,0.0,0.0,0.0,0.0,-0.2453755690468165,0.0021279635784531943,1e-06,0.0
1650.0,763.9419815110481,0.0,297.9,0.015,2354.7880690737834,0.0,0.0,0.0,0.0,0.0,0.0,-0.2453755690468165,0.0021279635784531943,1e-06,0.0
1651.0,763.9419815110481,0.0,297.9,0.015,2354.7880690737834,0.0,0.0,0.0,0.0,0.0,0.0,-0.2453755690468165,0.0021279635784531943,1e-06,0.0
1652.0,763.9419815110481,0.0,297.9,0.015,2354.7880690737834,0.0,0.0,0.0,0.0,0.0,0.0,-0.2453755690468165,0.0021279635784531943,1e-06,0.0
1653.0,763.9419815110481,0.0,297.9,0.015,2354.7880690737834,0.0,0.0,0.0,0.0,0.0,0.0,-0.2453755690468165,0.0021279635784531943,1e-06,0.0
1654.0,763.9419815110481,0.0,297.9,0.015,2354.7880690737834,0.0,0.0,0.0,0.0,0.0,0.0,-0.2453755690468165,0.0021279635784531943,1e-06,0.0
1655.0,763.9419815110481,0.0,297.9,0.015,2354.7880690737834,0.0,0.0,0.0,0.0,0.0,0.0,-0.2453755690468165,0.0021279635784531943,1e-06,0.0
1656.0,763.9419815110481,0.0,297.9,0.015,2354.7880690737834,0.0,0.0,0.0,0.0,0.0,0.0,-0.2453755690468165,0.0021279635784531943,1e-06,0.0
1657.0,763.9419815110481,0.0,297.9,0.015,2354.7880690737834,0.0,0.0,0.0,0.0,0.0,0.0,-0.2453755690468165,0.0021279635784531943,1e-06,0.0
1658.0,763.9419815110481,0.0,297.9,0.015,2354.7880690737834,0.0,0.0,0.0,0.0,0.0,0.0,-0.2453755690468165,0.0021279635784531943,1e-06,0.0
1659.0,763.9419815110481,0.0,297.9,0.015,2354.7880690737834,0.0,0.0,0.0,0.0,0.0,0.0,-0.2453755690468165,0.0021279635784531943,1e-06,0.0
1660.0,763.9419815110481,0.0,297.9,0.015,2354.7880690737834,0.0,0.0,0.0,0.0,0.0,0.0,-0.2453755690468165,0.0021279635784531943,1e-06,0.0
1661.0,763.9419815110481,0.0,297.9,0.015,2354.7880690737834,0.0,0.0,0.0,0.0,0.0,0.0,-0.2453755690468165,0.0021279635784531943,1e-06,0.0
1662.0,763.9419815110481,0.0,297.9,0.015,2354.7880690737834,0.0,0.0,0.0,0.0,0.0,0.0,-0.2453755690468165,0.0021279635784531943,1e-06,0.0
1663.0,763.9419815110481,0.0,297.9,0.015,2354.7880690737834,0.0,0.0,0.0,0.0,0.0,0.0,-0.2453755690468165,0.0021279635784531943,1e-06,0.0
1664.0,763.9419815110481,0.0,297.9,0.015,2354.7880690737834,0.0,0.0,0.0,0.0,0.0,0.0,-0.2453755690468165,0.0021279635784531943,1e-06,0.0
1665.0,763.9419815110481,0.0,297.9,0.015,2354.7880690737834,0.0,0.0,0.0,0.0,0.0,0.0,-0.2453755690468165,0.0021279635784531943,1e-06,0.0
1666.0,763.9419815110481,0.0,297.9,0.015,2354.7880690737834,0.0,0.0,0.0,0.0,0.0,0.0,-0.2453755690468165,0.0021279635784531943,1e-06,0.0
1667.0,763.9419815110481,0.0,297.9,0.015,2354.7880690737834,0.0,0.0,0.0,0.0,0.0,0.0,-0.2453755690468165,0.0021279635784531943,1e-06,0.0
1668.0,763.9419815110481,0.0,297.9,0.015,2354.7880690737834,0.0,0.0,0.0,0.0,0.0,0.0,-0.2453755690468165,0.0021279635784531943,1e-06,0.0
1669.0,763.9419815110481,0.0,297.9,0.015,2354.7880690737834,0.0,0.0,0.0,0.0,0.0,0.0,-0.2453755690468165,0.0021279635784531943,1e-06,0.0
1670.0,763.9419815110481,0.0,297.9,0.015,2354.7880690737834,0.0,0.0,0.0,0.0,0.0,0.0,-0.2453755690468165,0.0021279635784531943,1e-06,0.0
1671.0,763.9419815110481,0.0,297.9,0.015,2354.7880690737834,0.0,0.0,0.0,0.0,0.0,0.0,-0.2453755690468165,0.0021279635784531943,1e-06,0.0
1672.0,763.9419815110481,0.0,297.9,0.015,2354.7880690737834,0.0,0.0,0.0,0.0,0.0,0.0,-0.2453755690468165,0.0021279635784531943,1e-06,0.0
1673.0,763.9419815110481,0.0,297.9,0.015,2354.7880690737834,0.0,0.0,0.0,0.0,0.0,0.0,-0.2453755690468165,0.0021279635784531943,1e-06,0.0
1674.0,763.9419815110481,0.0,297.9,0.015,2354.7880690737834,0.0,0.0,0.0,0.0,0.0,0.0,-0.2453755690468165,0.0021279635784531943,1e-06,0.0
1675.0,763.9419815110481,0.0,297.9,0.015,2354.7880690737834,0.0,0.0,0.0,0.0,0.0,0.0,-0.2453755690468165,0.0021279635784531943,1e-06,0.0
1676.0,763.9419815110481,0.0,297.9,0.015,2354.7880690737834,0.0,0.0,0.0,0.0,0.0,0.0,-0.2453755690468165,0.0021279635784531943,1e-06,0.0
1677.0,763.9419815110481,0.0,297.9,0.015,2354.7880690737834,0.0,0.0,0.0,0.0,0.0,0.0,-0.2453755690468165,0.0021279635784531943,1e-06,0.0
1678.0,763.9419815110481,0.0,297.9,0.015,2354.7880690737834,0.0,0.0,0.0,0.0,0.0,0.0,-0.2453755690468165,0.0021279635784531943,1e-06,0.0
1679.0,763.9419815110481,0.0,297.9,0.015,2354.7880690737834,0.0,0.0,0.0,0.0,0.0,0.0,-0.2453755690468165,0.0021279635784531943,1e-06,0.0
1680.0,763.9419815110481,0.0,297.9,0.015,2354.7880690737834,0.0,0.0,0.0,0.0,0.0,0.0,-0.2453755690468165,0.0021279635784531943,1e-06,0.0
1681.0,763.9419815110481,0.0,297.9,0.015,2354.7880690737834,0.0,0.0,0.0,0.0,0.0,0.0,-0.2453755690468165,0.0021279635784531943,1e-06,0.0
1682.0,763.9419815110481,0.0,297.9,0.015,2354.7880690737834,0.0,0.0,0.0,0.0,0.0,0.0,-0.2453755690468165,0.0021279635784531943,1e-06,0.0
1683.0,763.9419815110481,0.0,297.9,0.015,2354.7880690737834,0.0,0.0,0.0,0.0,0.0,0.0,-0.2453755690468165,0.0021279635784531943,1e-06,0.0
1684.0,763.9419815110481,0.0,297.9,0.015,2354.7880690737834,0.0,0.0,0.0,0.0,0.0,0.0,-0.2453755690468165,0.0021279635784531943,1e-06,0.0
1685.0,763.9419815110481,0.0,297.9,0.015,2354.7880690737834,0.0,0.0,0.0,0.0,0.0,0.0,-0.2453755690468165,0.0021279635784531943,1e-06,0.0
1686.0,763.9419815110481,0.0,297.9,0.015,2354.7880690737834,0.0,0.0,0.0,0.0,0.0,0.0,-0.2453755690468165,0.0021279635784531943,1e-06,0.0
1687.0,763.9419815110481,0.0,297.9,0.015,2354.7880690737834,0.0,0.0,0.0,0.0,0.0,0.0,-0.2453755690468165,0.0021279635784531943,1e-06,0.0
1688.0,763.9419815110481,0.0,297.9,0.015,2354.7880690737834,0.0,0.0,0.0,0.0,0.0,0.0,-0.2453755690468165,0.0021279635784531943,1e-06,0.0
1689.0,763.9419815110481,0.0,297.9,0.015,2354.7880690737834,0.0,0.0,0.0,0.0,0.0,0.0,-0.2453755690468165,0.0021279635784531943,1e-06,0.0
1690.0,763.9419815110481,0.0,297.9,0.015,2354.7880690737834,0.0,0.0,0.0,0.0,0.0,0.0,-0.2453755690468165,0.0021279635784531943,1e-06,0.0
1691.0,763.9419815110481,0.0,297.9,0.015,2354.7880690737834,0.0,0.0,0.0,0.0,0.0,0.0,-0.2453755690468165,0.0021279635784531943,1e-06,0.0
1692.0,763.9419815110481,0.0,297.9,0.015,2354.7880690737834,0.0,0.0,0.0,0.0,0.0,0.0,-0.2453755690468165,0.0021279635784531943,1e-06,0.0
1693.0,763.9419815110481,0.0,297.9,0.015,2354.7880690737834,0.0,0.0,0.0,0.0,0.0,0.0,-0.2453755690468165,0.0021279635784531943,1e-06,0.0
1694.0,763.9419815110481,0.0,297.9,0.015,2354.7880690737834,0.0,0.0,0.0,0.0,0.0,0.0,-0.2453755690468165,0.0021279635784531943,1e-06,0.0
1695.0,763.9419815110481,0.0,297.9,0.015,2354.7880690737834,0.0,0.0,0.0,0.0,0.0,0.0,-0.2453755690468165,0.0021279635784531943,1e-06,0.0
1696.0,763.9419815110481,0.0,297.9,0.015,2354.7880690737834,0.0,0.0,0.0,0.0,0.0,0.0,-0.2453755690468165,0.0021279635784531943,1e-06,0.0
1697.0,763.9419815110481,0.0,297.9,0.015,2354.7880690737834,0.0,0.0,0.0,0.0,0.0,0.0,-0.2453755690468165,0.0021279635784531943,1e-06,0.0
1698.0,763.9419815110481,0.0,297.9,0.015,2354.7880690737834,0.0,0.0,0.0,0.0,0.0,0.0,-0.2453755690468165,0.0021279635784531943,1e-06,0.0
1699.0,763.9419815110481,0.0,297.9,0.015,2354.7880690737834,0.0,0.0,0.0,0.0,0.0,0.0,-0.2453755690468165,0.0021279635784531943,1e-06,0.0
1700.0,763.9419815110481,0.0,297.9,0.015,2354.7880690737834,0.0,0.0,0.0,0.0,0.0,0.0,-0.2453755690468165,0.0021279635784531943,1e-06,0.0
1701.0,763.9419815110481,0.0,297.9,0.015,2354.7880690737834,0.0,0.0,0.0,0.0,0.0,0.0,-0.2453755690468165,0.0021279635784531943,1e-06,0.0
1702.0,763.9419815110481,0.0,297.9,0.015,2354.7880690737834,0.0,0.0,0.0,0.0,0.0,0.0,-0.2453755690468165,0.0021279635784531943,1e-06,0.0
1703.0,763.9419815110481,0.0,297.9,0.015,2354.7880690737834,0.0,0.0,0.0,0.0,0.0,0.0,-0.2453755690468165,0.0021279635784531943,1e-06,0.0
1704.0,763.9419815110481,0.0,297.9,0.015,2354.7880690737834,0.0,0.0,0.0,0.0,0.0,0.0,-0.2453755690468165,0.0021279635784531943,1e-06,0.0
1705.0,763.9419815110481,0.0,297.9,0.015,2354.7880690737834,0.0,0.0,0.0,0.0,0.0,0.0,-0.2453755690468165,0.0021279635784531943,1e-06,0.0
1706.0,763.9419815110481,0.0,297.9,0.015,2354.7880690737834,0.0,0.0,0.0,0.0,0.0,0.0,-0.2453755690468165,0.0021279635784531943,1e-06,0.0
1707.0,763.9419815110481,0.0,297.9,0.015,2354.7880690737834,0.0,0.0,0.0,0.0,0.0,0.0,-0.2453755690468165,0.0021279635784531943,1e-06,0.0
1708.0,763.9419815110481,0.0,297.9,0.015,2354.7880690737834,0.0,0.0,0.0,0.0,0.0,0.0,-0.2453755690468165,0.0021279635784531943,1e-06,0.0
1709.0,763.9419815110481,0.0,297.9,0.015,2354.7880690737834,0.0,0.0,0.0,0.0,0.0,0.0,-0.2453755690468165,0.0021279635784531943,1e-06,0.0
1710.0,763.9419815110481,0.0,297.9,0.015,2354.7880690737834,0.0,0.0,0.0,0.0,0.0,0.0,-0.2453755690468165,0.0021279635784531943,1e-06,0.0
1711.0,763.9419815110481,0.0,297.9,0.015,2354.7880690737834,0.0,0.0,0.0,0.0,0.0,0.0,-0.2453755690468165,0.0021279635784531943,1e-06,0.0
1712.0,763.9419815110481,0.0,297.9,0.015,2354.7880690737834,0.0,0.0,0.0,0.0,0.0,0.0,-0.2453755690468165,0.0021279635784531943,1e-06,0.0
1713.0,763.9419815110481,0.0,297.9,0.015,2354.7880690737834,0.0,0.0,0.0,0.0,0.0,0.0,-0.2453755690468165,0.0021279635784531943,1e-06,0.0
1714.0,763.9419815110481,0.0,297.9,0.015,2354.7880690737834,0.0,0.0,0.0,0.0,0.0,0.0,-0.2453755690468165,0.0021279635784531943,1e-06,0.0
1715.0,763.9419815110481,0.0,297.9,0.015,2354.7880690737834,0.0,0.0,0.0,0.0,0.0,0.0,-0.2453755690468165,0.0021279635784531943,1e-06,0.0
1716.0,763.9419815110481,0.0,297.9,0.015,2354.7880690737834,0.0,0.0,0.0,0.0,0.0,0.0,-0.2453755690468165,0.0021279635784531943,1e-06,0.0
1717.0,763.9419815110481,0.0,297.9,0.015,2354.7880690737834,0.0,0.0,0.0,0.0,0.0,0.0,-0.2453755690468165,0.0021279635784531943,1e-06,0.0
1718.0,763.9419815110481,0.0,297.9,0.015,2354.7880690737834,0.0,0.0,0.0,0.0,0.0,0.0,-0.2453755690468165,0.0021279635784531943,1e-06,0.0
1719.0,763.9419815110481,0.0,297.9,0.015,2354.7880690737834,0.0,0.0,0.0,0.0,0.0,0.0,-0.2453755690468165,0.0021279635784531943,1e-06,0.0
1720.0,763.9419815110481,0.0,297.9,0.015,2354.7880690737834,0.0,0.0,0.0,0.0,0.0,0.0,-0.2453755690468165,0.0021279635784531943,1e-06,0.0
1721.0,763.9419815110481,0.0,297.9,0.015,2354.7880690737834,0.0,0.0,0.0,0.0,0.0,0.0,-0.2453755690468165,0.0021279635784531943,1e-06,0.0
1722.0,763.9419815110481,0.0,297.9,0.015,2354.7880690737834,0.0,0.0,0.0,0.0,0.0,0.0,-0.2453755690468165,0.0021279635784531943,1e-06,0.0
1723.0,763.9419815110481,0.0,297.9,0.015,2354.7880690737834,0.0,0.0,0.0,0.0,0.0,0.0,-0.2453755690468165,0.0021279635784531943,1e-06,0.0
1724.0,763.9419815110481,0.0,297.9,0.015,2354.7880690737834,0.0,0.0,0.0,0.0,0.0,0.0,-0.2453755690468165,0.0021279635784531943,1e-06,0.0
1725.0,763.9419815110481,0.0,297.9,0.015,2354.7880690737834,0.0,0.0,0.0,0.0,0.0,0.0,-0.2453755690468165,0.0021279635784531943,1e-06,0.0
1726.0,763.9419815110481,0.0,297.9,0.015,2354.7880690737834,0.0,0.0,0.0,0.0,0.0,0.0,-0.2453755690468165,0.0021279635784531943,1e-06,0.0
1727.0,763.9419815110481,0.0,297.9,0.015,2354.7880690737834,0.0,0.0,0.0,0.0,0.0,0.0,-0.2453755690468165,0.0021279635784531943,1e-06,0.0
1728.0,763.9419815110481,0.0,297.9,0.015,2354.7880690737834,0.0,0.0,0.0,0.0,0.0,0.0,-0.2453755690468165,0.0021279635784531943,1e-06,0.0
1729.0,763.9419815110481,0.0,297.9,0.015,2354.7880690737834,0.0,0.0,0.0,0.0,0.0,0.0,-0.2453755690468165,0.0021279635784531943,1e-06,0.0
1730.0,763.9419815110481,0.0,297.9,0.015,2354.7880690737834,0.0,0.0,0.0,0.0,0.0,0.0,-0.2453755690468165,0.0021279635784531943,1e-06,0.0
1731.0,763.9419815110481,0.0,297.9,0.015,2354.7880690737834,0.0,0.0,0.0,0.0,0.0,0.0,-0.2453755690468165,0.0021279635784531943,1e-06,0.0
1732.0,763.9419815110481,0.0,297.9,0.015,2354.7880690737834,0.0,0.0,0.0,0.0,0.0,0.0,-0.2453755690468165,0.0021279635784531943,1e-06,0.0
1733.0,763.9419815110481,0.0,297.9,0.015,2354.7880690737834,0.0,0.0,0.0,0.0,0.0,0.0,-0.2453755690468165,0.0021279635784531943,1e-06,0.0
1734.0,763.9419815110481,0.0,297.9,0.015,2354.7880690737834,0.0,0.0,0.0,0.0,0.0,0.0,-0.2453755690468165,0.0021279635784531943,1e-06,0.0
1735.0,763.9419815110481,0.0,297.9,0.015,2354.7880690737834,0.0,0.0,0.0,0.0,0.0,0.0,-0.2453755690468165,0.0021279635784531943,1e-06,0.0
1736.0,763.9419815110481,0.0,297.9,0.015,2354.7880690737834,0.0,0.0,0.0,0.0,0.0,0.0,-0.2453755690468165,0.0021279635784531943,1e-06,0.0
1737.0,763.9419815110481,0.0,297.9,0.015,2354.7880690737834,0.0,0.0,0.0,0.0,0.0,0.0,-0.2453755690468165,0.0021279635784531943,1e-06,0.0
1738.0,763.9419815110481,0.0,297.9,0.015,2354.7880690737834,0.0,0.0,0.0,0.0,0.0,0.0,-0.2453755690468165,0.0021279635784531943,1e-06,0.0
1739.0,763.9419815110481,0.0,297.9,0.015,2354.7880690737834,0.0,0.0,0.0,0.0,0.0,0.0,-0.2453755690468165,0.0021279635784531943,1e-06,0.0
1740.0,763.9419815110481,0.0,297.9,0.015,2354.7880690737834,0.0,0.0,0.0,0.0,0.0,0.0,-0.2453755690468165,0.0021279635784531943,1e-06,0.0
1741.0,763.9419815110481,0.0,297.9,0.015,2354.7880690737834,0.0,0.0,0.0,0.0,0.0,0.0,-0.2453755690468165,0.0021279635784531943,1e-06,0.0
1742.0,763.9419815110481,0.0,297.9,0.015,2354.7880690737834,0.0,0.0,0.0,0.0,0.0,0.0,-0.2453755690468165,0.0021279635784531943,1e-06,0.0
1743.0,763.9419815110481,0.0,297.9,0.015,2354.7880690737834,0.0,0.0,0.0,0.0,0.0,0.0,-0.2453755690468165,0.0021279635784531943,1e-06,0.0
1744.0,763.9419815110481,0.0,297.9,0.015,2354.7880690737834,0.0,0.0,0.0,0.0,0.0,0.0,-0.2453755690468165,0.0021279635784531943,1e-06,0.0
1745.0,763.9419815110481,0.0,297.9,0.015,2354.7880690737834,0.0,0.0,0.0,0.0,0.0,0.0,-0.2453755690468165,0.0021279635784531943,1e-06,0.0
1746.0,763.9419815110481,0.0,297.9,0.015,2354.7880690737834,0.0,0.0,0.0,0.0,0.0,0.0,-0.2453755690468165,0.0021279635784531943,1e-06,0.0
1747.0,763.9419815110481,0.0,297.9,0.015,2354.7880690737834,0.0,0.0,0.0,0.0,0.0,0.0,-0.2453755690468165,0.0021279635784531943,1e-06,0.0
1748.0,763.9419815110481,0.0,297.9,0.015,2354.7880690737834,0.0,0.0,0.0,0.0,0.0,0.0,-0.2453755690468165,0.0021279635784531943,1e-06,0.0
1749.0,763.9419815110481,0.0,297.9,0.015,2354.7880690737834,0.0,0.0,0.0,0.0,0.0,0.0,-0.2453755690468165,0.0021279635784531943,1e-06,0.0
1750.0,763.9419815110481,0.0,297.9,0.015,2354.7880690737834,0.0,0.0,0.0,0.0,0.0,0.0,-0.2453755690468165,0.0021279635784531943,1e-06,0.0
1751.0,763.9419815110481,0.0,297.9,0.015,2354.7880690737834,0.0,0.0,0.0,0.0,0.0,0.0,-0.2453755690468165,0.0021279635784531943,1e-06,0.0
1752.0,763.9419815110481,0.0,297.9,0.015,2354.7880690737834,0.0,0.0,0.0,0.0,0.0,0.0,-0.2453755690468165,0.0021279635784531943,1e-06,0.0
1753.0,763.9419815110481,0.0,297.9,0.015,2354.7880690737834,0.0,0.0,0.0,0.0,0.0,0.0,-0.2453755690468165,0.0021279635784531943,1e-06,0.0
1754.0,763.9419815110481,0.0,297.9,0.015,2354.7880690737834,0.0,0.0,0.0,0.0,0.0,0.0,-0.2453755690468165,0.0021279635784531943,1e-06,0.0
1755.0,763.9419815110481,0.0,297.9,0.015,2354.7880690737834,0.0,0.0,0.0,0.0,0.0,0.0,-0.2453755690468165,0.0021279635784531943,1e-06,0.0
1756.0,763.9419815110481,0.0,297.9,0.015,2354.7880690737834,0.0,0.0,0.0,0.0,0.0,0.0,-0.2453755690468165,0.0021279635784531943,1e-06,0.0
1757.0,763.9419815110481,0.0,297.9,0.015,2354.7880690737834,0.0,0.0,0.0,0.0,0.0,0.0,-0.2453755690468165,0.0021279635784531943,1e-06,0.0
1758.0,763.9419815110481,0.0,297.9,0.015,2354.7880690737834,0.0,0.0,0.0,0.0,0.0,0.0,-0.2453755690468165,0.0021279635784531943,1e-06,0.0
1759.0,763.9419815110481,0.0,297.9,0.015,2354.7880690737834,0.0,0.0,0.0,0.0,0.0,0.0,-0.2453755690468165,0.0021279635784531943,1e-06,0.0
1760.0,763.9419815110481,0.0,297.9,0.015,2354.7880690737834,0.0,0.0,0.0,0.0,0.0,0.0,-0.2453755690468165,0.0021279635784531943,1e-06,0.0
1761.0,763.9419815110481,0.0,297.9,0.015,2354.7880690737834,0.0,0.0,0.0,0.0,0.0,0.0,-0.2453755690468165,0.0021279635784531943,1e-06,0.0
1762.0,763.9419815110481,0.0,297.9,0.015,2354.7880690737834,0.0,0.0,0.0,0.0,0.0,0.0,-0.2453755690468165,0.0021279635784531943,1e-06,0.0
1763.0,763.9419815110481,0.0,297.9,0.015,2354.7880690737834,0.0,0.0,0.0,0.0,0.0,0.0,-0.2453755690468165,0.0021279635784531943,1e-06,0.0
1764.0,763.9419815110481,0.0,297.9,0.015,2354.7880690737834,0.0,0.0,0.0,0.0,0.0,0.0,-0.2453755690468165,0.0021279635784531943,1e-06,0.0
1765.0,763.9419815110481,0.0,297.9,0.015,2354.7880690737834,0.0,0.0,0.0,0.0,0.0,0.0,-0.2453755690468165,0.0021279635784531943,1e-06,0.0
1766.0,763.9419815110481,0.0,297.9,0.015,2354.7880690737834,0.0,0.0,0.0,0.0,0.0,0.0,-0.2453755690468165,0.0021279635784531943,1e-06,0.0
1767.0,763.9419815110481,0.0,297.9,0.015,2354.7880690737834,0.0,0.0,0.0,0.0,0.0,0.0,-0.2453755690468165,0.0021279635784531943,1e-06,0.0
1768.0,763.9419815110481,0.0,297.9,0.015,2354.7880690737834,0.0,0.0,0.0,0.0,0.0,0.0,-0.2453755690468165,0.0021279635784531943,1e-06,0.0
1769.0,763.9419815110481,0.0,297.9,0.015,2354.7880690737834,0.0,0.0,0.0,0.0,0.0,0.0,-0.2453755690468165,0.0021279635784531943,1e-06,0.0
1770.0,763.9419815110481,0.0,297.9,0.015,2354.7880690737834,0.0,0.0,0.0,0.0,0.0,0.0,-0.2453755690468165,0.0021279635784531943,1e-06,0.0
1771.0,763.9419815110481,0.0,297.9,0.015,2354.7880690737834,0.0,0.0,0.0,0.0,0.0,0.0,-0.2453755690468165,0.0021279635784531943,1e-06,0.0
1772.0,763.9419815110481,0.0,297.9,0.015,2354.7880690737834,0.0,0.0,0.0,0.0,0.0,0.0,-0.2453755690468165,0.0021279635784531943,1e-06,0.0
1773.0,763.9419815110481,0.0,297.9,0.015,2354.7880690737834,0.0,0.0,0.0,0.0,0.0,0.0,-0.2453755690468165,0.0021279635784531943,1e-06,0.0
1774.0,763.9419815110481,0.0,297.9,0.015,2354.7880690737834,0.0,0.0,0.0,0.0,0.0,0.0,-0.2453755690468165,0.0021279635784531943,1e-06,0.0
1775.0,763.9419815110481,0.0,297.9,0.015,2354.7880690737834,0.0,0.0,0.0,0.0,0.0,0.0,-0.2453755690468165,0.0021279635784531943,1e-06,0.0
1776.0,763.9419815110481,0.0,297.9,0.015,2354.7880690737834,0.0,0.0,0.0,0.0,0.0,0.0,-0.2453755690468165,0.0021279635784531943,1e-06,0.0
1777.0,763.9419815110481,0.0,297.9,0.015,2354.7880690737834,0.0,0.0,0.0,0.0,0.0,0.0,-0.2453755690468165,0.0021279635784531943,1e-06,0.0
1778.0,763.9419815110481,0.0,297.9,0.015,2354.7880690737834,0.0,0.0,0.0,0.0,0.0,0.0,-0.2453755690468165,0.0021279635784531943,1e-06,0.0
1779.0,763.9419815110481,0.0,297.9,0.015,2354.7880690737834,0.0,0.0,0.0,0.0,0.0,0.0,-0.2453755690468165,0.0021279635784531943,1e-06,0.0
1780.0,763.9419815110481,0.0,297.9,0.015,2354.7880690737834,0.0,0.0,0.0,0.0,0.0,0.0,-0.2453755690468165,0.0021279635784531943,1e-06,0.0
1781.0,763.9419815110481,0.0,297.9,0.015,2354.7880690737834,0.0,0.0,0.0,0.0,0.0,0.0,-0.2453755690468165,0.0021279635784531943,1e-06,0.0
1782.0,763.9419815110481,0.0,297.9,0.015,2354.7880690737834,0.0,0.0,0.0,0.0,0.0,0.0,-0.2453755690468165,0.0021279635784531943,1e-06,0.0
1783.0,763.9419815110481,0.0,297.9,0.015,2354.7880690737834,0.0,0.0,0.0,0.0,0.0,0.0,-0.2453755690468165,0.0021279635784531943,1e-06,0.0
1784.0,763.9419815110481,0.0,297.9,0.015,2354.7880690737834,0.0,0.0,0.0,0.0,0.0,0.0,-0.2453755690468165,0.0021279635784531943,1e-06,0.0
1785.0,763.9419815110481,0.0,297.9,0.015,2354.7880690737834,0.0,0.0,0.0,0.0,0.0,0.0,-0.2453755690468165,0.0021279635784531943,1e-06,0.0
1786.0,763.9419815110481,0.0,297.9,0.015,2354.7880690737834,0.0,0.0,0.0,0.0,0.0,0.0,-0.2453755690468165,0.0021279635784531943,1e-06,0.0
1787.0,763.9419815110481,0.0,297.9,0.015,2354.7880690737834,0.0,0.0,0.0,0.0,0.0,0.0,-0.2453755690468165,0.0021279635784531943,1e-06,0.0
1788.0,763.9419815110481,0.0,297.9,0.015,2354.7880690737834,0.0,0.0,0.0,0.0,0.0,0.0,-0.2453755690468165,0.0021279635784531943,1e-06,0.0
1789.0,763.9419815110481,0.0,297.9,0.015,2354.7880690737834,0.0,0.0,0.0,0.0,0.0,0.0,-0.2453755690468165,0.0021279635784531943,1e-06,0.0
1790.0,763.9419815110481,0.0,297.9,0.015,2354.7880690737834,0.0,0.0,0.0,0.0,0.0,0.0,-0.2453755690468165,0.0021279635784531943,1e-06,0.0
1791.0,763.9419815110481,0.0,297.9,0.015,2354.7880690737834,0.0,0.0,0.0,0.0,0.0,0.0,-0.2453755690468165,0.0021279635784531943,1e-06,0.0
1792.0,763.9419815110481,0.0,297.9,0.015,2354.7880690737834,0.0,0.0,0.0,0.0,0.0,0.0,-0.2453755690468165,0.0021279635784531943,1e-06,0.0
1793.0,763.9419815110481,0.0,297.9,0.015,2354.7880690737834,0.0,0.0,0.0,0.0,0.0,0.0,-0.2453755690468165,0.0021279635784531943,1e-06,0.0
1794.0,763.9419815110481,0.0,297.9,0.015,2354.7880690737834,0.0,0.0,0.0,0.0,0.0,0.0,-0.2453755690468165,0.0021279635784531943,1e-06,0.0
1795.0,763.9419815110481,0.0,297.9,0.015,2354.7880690737834,0.0,0.0,0.0,0.0,0.0,0.0,-0.2453755690468165,0.0021279635784531943,1e-06,0.0
1796.0,763.9419815110481,0.0,297.9,0.015,2354.7880690737834,0.0,0.0,0.0,0.0,0.0,0.0,-0.2453755690468165,0.0021279635784531943,1e-06,0.0
1797.0,763.9419815110481,0.0,297.9,0.015,2354.7880690737834,0.0,0.0,0.0,0.0,0.0,0.0,-0.2453755690468165,0.0021279635784531943,1e-06,0.0
1798.0,763.9419815110481,0.0,297.9,0.015,2354.7880690737834,0.0,0.0,0.0,0.0,0.0,0.0,-0.2453755690468165,0.0021279635784531943,1e-06,0.0
1799.0,763.9419815110481,0.0,297.9,0.015,2354.7880690737834,0.0,0.0,0.0,0.0,0.0,0.0,-0.2453755690468165,0.0021279635784531943,1e-06,0.0
1800.0,763.9419815110481,0.0,297.9,0.015,2354.7880690737834,0.0,0.0,0.0,0.0,0.0,0.0,-0.2453755690468165,0.0021279635784531943,1e-06,0.0
1801.0,763.9419815110481,0.0,297.9,0.015,2354.7880690737834,0.0,0.0,0.0,0.0,0.0,0.0,-0.2453755690468165,0.0021279635784531943,1e-06,0.0
1802.0,763.9419815110481,0.0,297.9,0.015,2354.7880690737834,0.0,0.0,0.0,0.0,0.0,0.0,-0.2453755690468165,0.0021279635784531943,1e-06,0.0
1803.0,763.9419815110481,0.0,297.9,0.015,2354.7880690737834,0.0,0.0,0.0,0.0,0.0,0.0,-0.2453755690468165,0.0021279635784531943,1e-06,0.0
1804.0,763.9419815110481,0.0,297.9,0.015,2354.7880690737834,0.0,0.0,0.0,0.0,0.0,0.0,-0.2453755690468165,0.0021279635784531943,1e-06,0.0
1805.0,763.9419815110481,0.0,297.9,0.015,2354.7880690737834,0.0,0.0,0.0,0.0,0.0,0.0,-0.2453755690468165,0.0021279635784531943,1e-06,0.0
1806.0,763.9419815110481,0.0,297.9,0.015,2354.7880690737834,0.0,0.0,0.0,0.0,0.0,0.0,-0.2453755690468165,0.0021279635784531943,1e-06,0.0
1807.0,763.9419815110481,0.0,297.9,0.015,2354.7880690737834,0.0,0.0,0.0,0.0,0.0,0.0,-0.2453755690468165,0.0021279635784531943,1e-06,0.0
1808.0,763.9419815110481,0.0,297.9,0.015,2354.7880690737834,0.0,0.0,0.0,0.0,0.0,0.0,-0.2453755690468165,0.0021279635784531943,1e-06,0.0
1809.0,763.9419815110481,0.0,297.9,0.015,2354.7880690737834,0.0,0.0,0.0,0.0,0.0,0.0,-0.2453755690468165,0.0021279635784531943,1e-06,0.0
1810.0,763.9419815110481,0.0,297.9,0.015,2354.7880690737834,0.0,0.0,0.0,0.0,0.0,0.0,-0.2453755690468165,0.0021279635784531943,1e-06,0.0
1811.0,763.9419815110481,0.0,297.9,0.015,2354.7880690737834,0.0,0.0,0.0,0.0,0.0,0.0,-0.2453755690468165,0.0021279635784531943,1e-06,0.0
1812.0,763.9419815110481,0.0,297.9,0.015,2354.7880690737834,0.0,0.0,0.0,0.0,0.0,0.0,-0.2453755690468165,0.0021279635784531943,1e-06,0.0
1813.0,763.9419815110481,0.0,297.9,0.015,2354.7880690737834,0.0,0.0,0.0,0.0,0.0,0.0,-0.2453755690468165,0.0021279635784531943,1e-06,0.0
1814.0,763.9419815110481,0.0,297.9,0.015,2354.7880690737834,0.0,0.0,0.0,0.0,0.0,0.0,-0.2453755690468165,0.0021279635784531943,1e-06,0.0
1815.0,763.9419815110481,0.0,297.9,0.015,2354.7880690737834,0.0,0.0,0.0,0.0,0.0,0.0,-0.2453755690468165,0.0021279635784531943,1e-06,0.0
1816.0,763.9419815110481,0.0,297.9,0.015,2354.7880690737834,0.0,0.0,0.0,0.0,0.0,0.0,-0.2453755690468165,0.0021279635784531943,1e-06,0.0
1817.0,763.9419815110481,0.0,297.9,0.015,2354.7880690737834,0.0,0.0,0.0,0.0,0.0,0.0,-0.2453755690468165,0.0021279635784531943,1e-06,0.0
1818.0,763.9419815110481,0.0,297.9,0.015,2354.7880690737834,0.0,0.0,0.0,0.0,0.0,0.0,-0.2453755690468165,0.0021279635784531943,1e-06,0.0
1819.0,763.9419815110481,0.0,297.9,0.015,2354.7880690737834,0.0,0.0,0.0,0.0,0.0,0.0,-0.2453755690468165,0.0021279635784531943,1e-06,0.0
1820.0,763.9419815110481,0.0,297.9,0.015,2354.7880690737834,0.0,0.0,0.0,0.0,0.0,0.0,-0.2453755690468165,0.0021279635784531943,1e-06,0.0
1821.0,763.9419815110481,0.0,297.9,0.015,2354.7880690737834,0.0,0.0,0.0,0.0,0.0,0.0,-0.2453755690468165,0.0021279635784531943,1e-06,0.0
1822.0,763.9419815110481,0.0,297.9,0.015,2354.7880690737834,0.0,0.0,0.0,0.0,0.0,0.0,-0.2453755690468165,0.0021279635784531943,1e-06,0.0
1823.0,763.9419815110481,0.0,297.9,0.015,2354.7880690737834,0.0,0.0,0.0,0.0,0.0,0.0,-0.2453755690468165,0.0021279635784531943,1e-06,0.0
1824.0,763.9419815110481,0.0,297.9,0.015,2354.7880690737834,0.0,0.0,0.0,0.0,0.0,0.0,-0.2453755690468165,0.0021279635784531943,1e-06,0.0
1825.0,763.9419815110481,0.0,297.9,0.015,2354.7880690737834,0.0,0.0,0.0,0.0,0.0,0.0,-0.2453755690468165,0.0021279635784531943,1e-06,0.0
1826.0,763.9419815110481,0.0,297.9,0.015,2354.7880690737834,0.0,0.0,0.0,0.0,0.0,0.0,-0.2453755690468165,0.0021279635784531943,1e-06,0.0
1827.0,763.9419815110481,0.0,297.9,0.015,2354.7880690737834,0.0,0.0,0.0,0.0,0.0,0.0,-0.2453755690468165,0.0021279635784531943,1e-06,0.0
1828.0,763.9419815110481,0.0,297.9,0.015,2354.7880690737834,0.0,0.0,0.0,0.0,0.0,0.0,-0.2453755690468165,0.0021279635784531943,1e-06,0.0
1829.0,763.9419815110481,0.0,297.9,0.015,2354.7880690737834,0.0,0.0,0.0,0.0,0.0,0.0,-0.2453755690468165,0.0021279635784531943,1e-06,0.0
1830.0,763.9419815110481,0.0,297.9,0.015,2354.7880690737834,0.0,0.0,0.0,0.0,0.0,0.0,-0.2453755690468165,0.0021279635784531943,1e-06,0.0
1831.0,763.9419815110481,0.0,297.9,0.015,2354.7880690737834,0.0,0.0,0.0,0.0,0.0,0.0,-0.2453755690468165,0.0021279635784531943,1e-06,0.0
1832.0,763.9419815110481,0.0,297.9,0.015,2354.7880690737834,0.0,0.0,0.0,0.0,0.0,0.0,-0.2453755690468165,0.0021279635784531943,1e-06,0.0
1833.0,763.9419815110481,0.0,297.9,0.015,2354.7880690737834,0.0,0.0,0.0,0.0,0.0,0.0,-0.2453755690468165,0.0021279635784531943,1e-06,0.0
1834.0,763.9419815110481,0.0,297.9,0.015,2354.7880690737834,0.0,0.0,0.0,0.0,0.0,0.0,-0.2453755690468165,0.0021279635784531943,1e-06,0.0
1835.0,763.9419815110481,0.0,297.9,0.015,2354.7880690737834,0.0,0.0,0.0,0.0,0.0,0.0,-0.2453755690468165,0.0021279635784531943,1e-06,0.0
1836.0,763.9419815110481,0.0,297.9,0.015,2354.7880690737834,0.0,0.0,0.0,0.0,0.0,0.0,-0.2453755690468165,0.0021279635784531943,1e-06,0.0
1837.0,763.9419815110481,0.0,297.9,0.015,2354.7880690737834,0.0,0.0,0.0,0.0,0.0,0.0,-0.2453755690468165,0.0021279635784531943,1e-06,0.0
1838.0,763.9419815110481,0.0,297.9,0.015,2354.7880690737834,0.0,0.0,0.0,0.0,0.0,0.0,-0.2453755690468165,0.0021279635784531943,1e-06,0.0
1839.0,763.9419815110481,0.0,297.9,0.015,2354.7880690737834,0.0,0.0,0.0,0.0,0.0,0.0,-0.2453755690468165,0.0021279635784531943,1e-06,0.0
1840.0,763.9419815110481,0.0,297.9,0.015,2354.7880690737834,0.0,0.0,0.0,0.0,0.0,0.0,-0.2453755690468165,0.0021279635784531943,1e-06,0.0
1841.0,763.9419815110481,0.0,297.9,0.015,2354.7880690737834,0.0,0.0,0.0,0.0,0.0,0.0,-0.2453755690468165,0.0021279635784531943,1e-06,0.0
1842.0,763.9419815110481,0.0,297.9,0.015,2354.7880690737834,0.0,0.0,0.0,0.0,0.0,0.0,-0.2453755690468165,0.0021279635784531943,1e-06,0.0
1843.0,763.9419815110481,0.0,297.9,0.015,2354.7880690737834,0.0,0.0,0.0,0.0,0.0,0.0,-0.2453755690468165,0.0021279635784531943,1e-06,0.0
1844.0,763.9419815110481,0.0,297.9,0.015,2354.7880690737834,0.0,0.0,0.0,0.0,0.0,0.0,-0.2453755690468165,0.0021279635784531943,1e-06,0.0
1845.0,763.9419815110481,0.0,297.9,0.015,2354.7880690737834,0.0,0.0,0.0,0.0,0.0,0.0,-0.2453755690468165,0.0021279635784531943,1e-06,0.0
1846.0,763.9419815110481,0.0,297.9,0.015,2354.7880690737834,0.0,0.0,0.0,0.0,0.0,0.0,-0.2453755690468165,0.0021279635784531943,1e-06,0.0
1847.0,763.9419815110481,0.0,297.9,0.015,2354.7880690737834,0.0,0.0,0.0,0.0,0.0,0.0,-0.2453755690468165,0.0021279635784531943,1e-06,0.0
1848.0,763.9419815110481,0.0,297.9,0.015,2354.7880690737834,0.0,0.0,0.0,0.0,0.0,0.0,-0.2453755690468165,0.0021279635784531943,1e-06,0.0
1849.0,763.9419815110481,0.0,297.9,0.015,2354.7880690737834,0.0,0.0,0.0,0.0,0.0,0.0,-0.2453755690468165,0.0021279635784531943,1e-06,0.0
1850.0,763.9419815110481,0.0,297.9,0.015,2354.7880690737834,0.0,0.0,0.0,0.0,0.0,0.0,-0.2453755690468165,0.0021279635784531943,1e-06,0.0
1851.0,763.9419815110481,0.0,297.9,0.015,2354.7880690737834,0.0,0.0,0.0,0.0,0.0,0.0,-0.2453755690468165,0.0021279635784531943,1e-06,0.0
1852.0,763.9419815110481,0.0,297.9,0.015,2354.7880690737834,0.0,0.0,0.0,0.0,0.0,0.0,-0.2453755690468165,0.0021279635784531943,1e-06,0.0
1853.0,763.9419815110481,0.0,297.9,0.015,2354.7880690737834,0.0,0.0,0.0,0.0,0.0,0.0,-0.2453755690468165,0.0021279635784531943,1e-06,0.0
1854.0,763.9419815110481,0.0,297.9,0.015,2354.7880690737834,0.0,0.0,0.0,0.0,0.0,0.0,-0.2453755690468165,0.0021279635784531943,1e-06,0.0
1855.0,763.9419815110481,0.0,297.9,0.015,2354.7880690737834,0.0,0.0,0.0,0.0,0.0,0.0,-0.2453755690468165,0.0021279635784531943,1e-06,0.0
1856.0,763.9419815110481,0.0,297.9,0.015,2354.7880690737834,0.0,0.0,0.0,0.0,0.0,0.0,-0.2453755690468165,0.0021279635784531943,1e-06,0.0
1857.0,763.9419815110481,0.0,297.9,0.015,2354.7880690737834,0.0,0.0,0.0,0.0,0.0,0.0,-0.2453755690468165,0.0021279635784531943,1e-06,0.0
1858.0,763.9419815110481,0.0,297.9,0.015,2354.7880690737834,0.0,0.0,0.0,0.0,0.0,0.0,-0.2453755690468165,0.0021279635784531943,1e-06,0.0
1859.0,763.9419815110481,0.0,297.9,0.015,2354.7880690737834,0.0,0.0,0.0,0.0,0.0,0.0,-0.2453755690468165,0.0021279635784531943,1e-06,0.0
1860.0,763.9419815110481,0.0,297.9,0.015,2354.7880690737834,0.0,0.0,0.0,0.0,0.0,0.0,-0.2453755690468165,0.0021279635784531943,1e-06,0.0
1861.0,763.9419815110481,0.0,297.9,0.015,2354.7880690737834,0.0,0.0,0.0,0.0,0.0,0.0,-0.2453755690468165,0.0021279635784531943,1e-06,0.0
1862.0,763.9419815110481,0.0,297.9,0.015,2354.7880690737834,0.0,0.0,0.0,0.0,0.0,0.0,-0.2453755690468165,0.0021279635784531943,1e-06,0.0
1863.0,763.9419815110481,0.0,297.9,0.015,2354.7880690737834,0.0,0.0,0.0,0.0,0.0,0.0,-0.2453755690468165,0.0021279635784531943,1e-06,0.0
1864.0,763.9419815110481,0.0,297.9,0.015,2354.7880690737834,0.0,0.0,0.0,0.0,0.0,0.0,-0.2453755690468165,0.0021279635784531943,1e-06,0.0
1865.0,763.9419815110481,0.0,297.9,0.015,2354.7880690737834,0.0,0.0,0.0,0.0,0.0,0.0,-0.2453755690468165,0.0021279635784531943,1e-06,0.0
1866.0,763.9419815110481,0.0,297.9,0.015,2354.7880690737834,0.0,0.0,0.0,0.0,0.0,0.0,-0.2453755690468165,0.0021279635784531943,1e-06,0.0
1867.0,763.9419815110481,0.0,297.9,0.015,2354.7880690737834,0.0,0.0,0.0,0.0,0.0,0.0,-0.2453755690468165,0.0021279635784531943,1e-06,0.0
1868.0,763.9419815110481,0.0,297.9,0.015,2354.7880690737834,0.0,0.0,0.0,0.0,0.0,0.0,-0.2453755690468165,0.0021279635784531943,1e-06,0.0
1869.0,763.9419815110481,0.0,297.9,0.015,2354.7880690737834,0.0,0.0,0.0,0.0,0.0,0.0,-0.2453755690468165,0.0021279635784531943,1e-06,0.0
1870.0,763.9419815110481,0.0,297.9,0.015,2354.7880690737834,0.0,0.0,0.0,0.0,0.0,0.0,-0.2453755690468165,0.0021279635784531943,1e-06,0.0
1871.0,763.9419815110481,0.0,297.9,0.015,2354.7880690737834,0.0,0.0,0.0,0.0,0.0,0.0,-0.2453755690468165,0.0021279635784531943,1e-06,0.0
1872.0,763.9419815110481,0.0,297.9,0.015,2354.7880690737834,0.0,0.0,0.0,0.0,0.0,0.0,-0.2453755690468165,0.0021279635784531943,1e-06,0.0
1873.0,763.9419815110481,0.0,297.9,0.015,2354.7880690737834,0.0,0.0,0.0,0.0,0.0,0.0,-0.2453755690468165,0.0021279635784531943,1e-06,0.0
1874.0,763.9419815110481,0.0,297.9,0.015,2354.7880690737834,0.0,0.0,0.0,0.0,0.0,0.0,-0.2453755690468165,0.0021279635784531943,1e-06,0.0
1875.0,763.9419815110481,0.0,297.9,0.015,2354.7880690737834,0.0,0.0,0.0,0.0,0.0,0.0,-0.2453755690468165,0.0021279635784531943,1e-06,0.0
1876.0,763.9419815110481,0.0,297.9,0.015,2354.7880690737834,0.0,0.0,0.0,0.0,0.0,0.0,-0.2453755690468165,0.0021279635784531943,1e-06,0.0
1877.0,763.9419815110481,0.0,297.9,0.015,2354.7880690737834,0.0,0.0,0.0,0.0,0.0,0.0,-0.2453755690468165,0.0021279635784531943,1e-06,0.0
1878.0,763.9419815110481,0.0,297.9,0.015,2354.7880690737834,0.0,0.0,0.0,0.0,0.0,0.0,-0.2453755690468165,0.0021279635784531943,1e-06,0.0
1879.0,763.9419815110481,0.0,297.9,0.015,2354.7880690737834,0.0,0.0,0.0,0.0,0.0,0.0,-0.2453755690468165,0.0021279635784531943,1e-06,0.0
1880.0,763.9419815110481,0.0,297.9,0.015,2354.7880690737834,0.0,0.0,0.0,0.0,0.0,0.0,-0.2453755690468165,0.0021279635784531943,1e-06,0.0
1881.0,763.9419815110481,0.0,297.9,0.015,2354.7880690737834,0.0,0.0,0.0,0.0,0.0,0.0,-0.2453755690468165,0.0021279635784531943,1e-06,0.0
1882.0,763.9419815110481,0.0,297.9,0.015,2354.7880690737834,0.0,0.0,0.0,0.0,0.0,0.0,-0.2453755690468165,0.0021279635784531943,1e-06,0.0
1883.0,763.9419815110481,0.0,297.9,0.015,2354.7880690737834,0.0,0.0,0.0,0.0,0.0,0.0,-0.2453755690468165,0.0021279635784531943,1e-06,0.0
1884.0,763.9419815110481,0.0,297.9,0.015,2354.7880690737834,0.0,0.0,0.0,0.0,0.0,0.0,-0.2453755690468165,0.0021279635784531943,1e-06,0.0
1885.0,763.9419815110481,0.0,297.9,0.015,2354.7880690737834,0.0,0.0,0.0,0.0,0.0,0.0,-0.2453755690468165,0.0021279635784531943,1e-06,0.0
1886.0,763.9419815110481,0.0,297.9,0.015,2354.7880690737834,0.0,0.0,0.0,0.0,0.0,0.0,-0.2453755690468165,0.0021279635784531943,1e-06,0.0
1887.0,763.9419815110481,0.0,297.9,0.015,2354.7880690737834,0.0,0.0,0.0,0.0,0.0,0.0,-0.2453755690468165,0.0021279635784531943,1e-06,0.0
1888.0,763.9419815110481,0.0,297.9,0.015,2354.7880690737834,0.0,0.0,0.0,0.0,0.0,0.0,-0.2453755690468165,0.0021279635784531943,1e-06,0.0
1889.0,763.9419815110481,0.0,297.9,0.015,2354.7880690737834,0.0,0.0,0.0,0.0,0.0,0.0,-0.2453755690468165,0.0021279635784531943,1e-06,0.0
1890.0,763.9419815110481,0.0,297.9,0.015,2354.7880690737834,0.0,0.0,0.0,0.0,0.0,0.0,-0.2453755690468165,0.0021279635784531943,1e-06,0.0
1891.0,763.9419815110481,0.0,297.9,0.015,2354.7880690737834,0.0,0.0,0.0,0.0,0.0,0.0,-0.2453755690468165,0.0021279635784531943,1e-06,0.0
1892.0,763.9419815110481,0.0,297.9,0.015,2354.7880690737834,0.0,0.0,0.0,0.0,0.0,0.0,-0.2453755690468165,0.0021279635784531943,1e-06,0.0
1893.0,763.9419815110481,0.0,297.9,0.015,2354.7880690737834,0.0,0.0,0.0,0.0,0.0,0.0,-0.2453755690468165,0.0021279635784531943,1e-06,0.0
1894.0,763.9419815110481,0.0,297.9,0.015,2354.7880690737834,0.0,0.0,0.0,0.0,0.0,0.0,-0.2453755690468165,0.0021279635784531943,1e-06,0.0
1895.0,763.9419815110481,0.0,297.9,0.015,2354.7880690737834,0.0,0.0,0.0,0.0,0.0,0.0,-0.2453755690468165,0.0021279635784531943,1e-06,0.0
1896.0,763.9419815110481,0.0,297.9,0.015,2354.7880690737834,0.0,0.0,0.0,0.0,0.0,0.0,-0.2453755690468165,0.0021279635784531943,1e-06,0.0
1897.0,763.9419815110481,0.0,297.9,0.015,2354.7880690737834,0.0,0.0,0.0,0.0,0.0,0.0,-0.2453755690468165,0.0021279635784531943,1e-06,0.0
1898.0,763.9419815110481,0.0,297.9,0.015,2354.7880690737834,0.0,0.0,0.0,0.0,0.0,0.0,-0.2453755690468165,0.0021279635784531943,1e-06,0.0
1899.0,763.9419815110481,0.0,297.9,0.015,2354.7880690737834,0.0,0.0,0.0,0.0,0.0,0.0,-0.2453755690468165,0.0021279635784531943,1e-06,0.0
1900.0,763.9419815110481,0.0,297.9,0.015,2354.7880690737834,0.0,0.0,0.0,0.0,0.0,0.0,-0.2453755690468165,0.0021279635784531943,1e-06,0.0
1901.0,763.9419815110481,0.0,297.9,0.015,2354.7880690737834,0.0,0.0,0.0,0.0,0.0,0.0,-0.2453755690468165,0.0021279635784531943,1e-06,0.0
1902.0,763.9419815110481,0.0,297.9,0.015,2354.7880690737834,0.0,0.0,0.0,0.0,0.0,0.0,-0.2453755690468165,0.0021279635784531943,1e-06,0.0
1903.0,763.9419815110481,0.0,297.9,0.015,2354.7880690737834,0.0,0.0,0.0,0.0,0.0,0.0,-0.2453755690468165,0.0021279635784531943,1e-06,0.0
1904.0,763.9419815110481,0.0,297.9,0.015,2354.7880690737834,0.0,0.0,0.0,0.0,0.0,0.0,-0.2453755690468165,0.0021279635784531943,1e-06,0.0
1905.0,763.9419815110481,0.0,297.9,0.015,2354.7880690737834,0.0,0.0,0.0,0.0,0.0,0.0,-0.2453755690468165,0.0021279635784531943,1e-06,0.0
1906.0,763.9419815110481,0.0,297.9,0.015,2354.7880690737834,0.0,0.0,0.0,0.0,0.0,0.0,-0.2453755690468165,0.0021279635784531943,1e-06,0.0
1907.0,763.9419815110481,0.0,297.9,0.015,2354.7880690737834,0.0,0.0,0.0,0.0,0.0,0.0,-0.2453755690468165,0.0021279635784531943,1e-06,0.0
1908.0,763.9419815110481,0.0,297.9,0.015,2354.7880690737834,0.0,0.0,0.0,0.0,0.0,0.0,-0.2453755690468165,0.0021279635784531943,1e-06,0.0
1909.0,763.9419815110481,0.0,297.9,0.015,2354.7880690737834,0.0,0.0,0.0,0.0,0.0,0.0,-0.2453755690468165,0.0021279635784531943,1e-06,0.0
1910.0,763.9419815110481,0.0,297.9,0.015,2354.7880690737834,0.0,0.0,0.0,0.0,0.0,0.0,-0.2453755690468165,0.0021279635784531943,1e-06,0.0
1911.0,763.9419815110481,0.0,297.9,0.015,2354.7880690737834,0.0,0.0,0.0,0.0,0.0,0.0,-0.2453755690468165,0.0021279635784531943,1e-06,0.0
1912.0,763.9419815110481,0.0,297.9,0.015,2354.7880690737834,0.0,0.0,0.0,0.0,0.0,0.0,-0.2453755690468165,0.0021279635784531943,1e-06,0.0
1913.0,763.9419815110481,0.0,297.9,0.015,2354.7880690737834,0.0,0.0,0.0,0.0,0.0,0.0,-0.2453755690468165,0.0021279635784531943,1e-06,0.0
1914.0,763.9419815110481,0.0,297.9,0.015,2354.7880690737834,0.0,0.0,0.0,0.0,0.0,0.0,-0.2453755690468165,0.0021279635784531943,1e-06,0.0
1915.0,763.9419815110481,0.0,297.9,0.015,2354.7880690737834,0.0,0.0,0.0,0.0,0.0,0.0,-0.2453755690468165,0.0021279635784531943,1e-06,0.0
1916.0,763.9419815110481,0.0,297.9,0.015,2354.7880690737834,0.0,0.0,0.0,0.0,0.0,0.0,-0.2453755690468165,0.0021279635784531943,1e-06,0.0
1917.0,763.9419815110481,0.0,297.9,0.015,2354.7880690737834,0.0,0.0,0.0,0.0,0.0,0.0,-0.2453755690468165,0.0021279635784531943,1e-06,0.0
1918.0,763.9419815110481,0.0,297.9,0.015,2354.7880690737834,0.0,0.0,0.0,0.0,0.0,0.0,-0.2453755690468165,0.0021279635784531943,1e-06,0.0
1919.0,763.9419815110481,0.0,297.9,0.015,2354.7880690737834,0.0,0.0,0.0,0.0,0.0,0.0,-0.2453755690468165,0.0021279635784531943,1e-06,0.0
1920.0,763.9419815110481,0.0,297.9,0.015,2354.7880690737834,0.0,0.0,0.0,0.0,0.0,0.0,-0.2453755690468165,0.0021279635784531943,1e-06,0.0
1921.0,763.9419815110481,0.0,297.9,0.015,2354.7880690737834,0.0,0.0,0.0,0.0,0.0,0.0,-0.2453755690468165,0.0021279635784531943,1e-06,0.0
1922.0,763.9419815110481,0.0,297.9,0.015,2354.7880690737834,0.0,0.0,0.0,0.0,0.0,0.0,-0.2453755690468165,0.0021279635784531943,1e-06,0.0
1923.0,763.9419815110481,0.0,297.9,0.015,2354.7880690737834,0.0,0.0,0.0,0.0,0.0,0.0,-0.2453755690468165,0.0021279635784531943,1e-06,0.0
1924.0,763.9419815110481,0.0,297.9,0.015,2354.7880690737834,0.0,0.0,0.0,0.0,0.0,0.0,-0.2453755690468165,0.0021279635784531943,1e-06,0.0
1925.0,763.9419815110481,0.0,297.9,0.015,2354.7880690737834,0.0,0.0,0.0,0.0,0.0,0.0,-0.2453755690468165,0.0021279635784531943,1e-06,0.0
1926.0,763.9419815110481,0.0,297.9,0.015,2354.7880690737834,0.0,0.0,0.0,0.0,0.0,0.0,-0.2453755690468165,0.0021279635784531943,1e-06,0.0
1927.0,763.9419815110481,0.0,297.9,0.015,2354.7880690737834,0.0,0.0,0.0,0.0,0.0,0.0,-0.2453755690468165,0.0021279635784531943,1e-06,0.0
1928.0,763.9419815110481,0.0,297.9,0.015,2354.7880690737834,0.0,0.0,0.0,0.0,0.0,0.0,-0.2453755690468165,0.0021279635784531943,1e-06,0.0
1929.0,763.9419815110481,0.0,297.9,0.015,2354.7880690737834,0.0,0.0,0.0,0.0,0.0,0.0,-0.2453755690468165,0.0021279635784531943,1e-06,0.0
1930.0,763.9419815110481,0.0,297.9,0.015,2354.7880690737834,0.0,0.0,0.0,0.0,0.0,0.0,-0.2453755690468165,0.0021279635784531943,1e-06,0.0
1931.0,763.9419815110481,0.0,297.9,0.015,2354.7880690737834,0.0,0.0,0.0,0.0,0.0,0.0,-0.2453755690468165,0.0021279635784531943,1e-06,0.0
1932.0,763.9419815110481,0.0,297.9,0.015,2354.7880690737834,0.0,0.0,0.0,0.0,0.0,0.0,-0.2453755690468165,0.0021279635784531943,1e-06,0.0
1933.0,763.9419815110481,0.0,297.9,0.015,2354.7880690737834,0.0,0.0,0.0,0.0,0.0,0.0,-0.2453755690468165,0.0021279635784531943,1e-06,0.0
1934.0,763.9419815110481,0.0,297.9,0.015,2354.7880690737834,0.0,0.0,0.0,0.0,0.0,0.0,-0.2453755690468165,0.0021279635784531943,1e-06,0.0
1935.0,763.9419815110481,0.0,297.9,0.015,2354.7880690737834,0.0,0.0,0.0,0.0,0.0,0.0,-0.2453755690468165,0.0021279635784531943,1e-06,0.0
1936.0,763.9419815110481,0.0,297.9,0.015,2354.7880690737834,0.0,0.0,0.0,0.0,0.0,0.0,-0.2453755690468165,0.0021279635784531943,1e-06,0.0
1937.0,763.9419815110481,0.0,297.9,0.015,2354.7880690737834,0.0,0.0,0.0,0.0,0.0,0.0,-0.2453755690468165,0.0021279635784531943,1e-06,0.0
1938.0,763.9419815110481,0.0,297.9,0.015,2354.7880690737834,0.0,0.0,0.0,0.0,0.0,0.0,-0.2453755690468165,0.0021279635784531943,1e-06,0.0
1939.0,763.9419815110481,0.0,297.9,0.015,2354.7880690737834,0.0,0.0,0.0,0.0,0.0,0.0,-0.2453755690468165,0.0021279635784531943,1e-06,0.0
1940.0,763.9419815110481,0.0,297.9,0.015,2354.7880690737834,0.0,0.0,0.0,0.0,0.0,0.0,-0.2453755690468165,0.0021279635784531943,1e-06,0.0
1941.0,763.9419815110481,0.0,297.9,0.015,2354.7880690737834,0.0,0.0,0.0,0.0,0.0,0.0,-0.2453755690468165,0.0021279635784531943,1e-06,0.0
1942.0,763.9419815110481,0.0,297.9,0.015,2354.7880690737834,0.0,0.0,0.0,0.0,0.0,0.0,-0.2453755690468165,0.0021279635784531943,1e-06,0.0
1943.0,763.9419815110481,0.0,297.9,0.015,2354.7880690737834,0.0,0.0,0.0,0.0,0.0,0.0,-0.2453755690468165,0.0021279635784531943,1e-06,0.0
1944.0,763.9419815110481,0.0,297.9,0.015,2354.7880690737834,0.0,0.0,0.0,0.0,0.0,0.0,-0.2453755690468165,0.0021279635784531943,1e-06,0.0
1945.0,763.9419815110481,0.0,297.9,0.015,2354.7880690737834,0.0,0.0,0.0,0.0,0.0,0.0,-0.2453755690468165,0.0021279635784531943,1e-06,0.0
1946.0,763.9419815110481,0.0,297.9,0.015,2354.7880690737834,0.0,0.0,0.0,0.0,0.0,0.0,-0.2453755690468165,0.0021279635784531943,1e-06,0.0
1947.0,763.9419815110481,0.0,297.9,0.015,2354.7880690737834,0.0,0.0,0.0,0.0,0.0,0.0,-0.2453755690468165,0.0021279635784531943,1e-06,0.0
1948.0,763.9419815110481,0.0,297.9,0.015,2354.7880690737834,0.0,0.0,0.0,0.0,0.0,0.0,-0.2453755690468165,0.0021279635784531943,1e-06,0.0
1949.0,763.9419815110481,0.0,297.9,0.015,2354.7880690737834,0.0,0.0,0.0,0.0,0.0,0.0,-0.2453755690468165,0.0021279635784531943,1e-06,0.0
1950.0,763.9419815110481,0.0,297.9,0.015,2354.7880690737834,0.0,0.0,0.0,0.0,0.0,0.0,-0.2453755690468165,0.0021279635784531943,1e-06,0.0
1951.0,763.9419815110481,0.0,297.9,0.015,2354.7880690737834,0.0,0.0,0.0,0.0,0.0,0.0,-0.2453755690468165,0.0021279635784531943,1e-06,0.0
1952.0,763.9419815110481,0.0,297.9,0.015,2354.7880690737834,0.0,0.0,0.0,0.0,0.0,0.0,-0.2453755690468165,0.0021279635784531943,1e-06,0.0
1953.0,763.9419815110481,0.0,297.9,0.015,2354.7880690737834,0.0,0.0,0.0,0.0,0.0,0.0,-0.2453755690468165,0.0021279635784531943,1e-06,0.0
1954.0,763.9419815110481,0.0,297.9,0.015,2354.7880690737834,0.0,0.0,0.0,0.0,0.0,0.0,-0.2453755690468165,0.0021279635784531943,1e-06,0.0
1955.0,763.9419815110481,0.0,297.9,0.015,2354.7880690737834,0.0,0.0,0.0,0.0,0.0,0.0,-0.2453755690468165,0.0021279635784531943,1e-06,0.0
1956.0,763.9419815110481,0.0,297.9,0.015,2354.7880690737834,0.0,0.0,0.0,0.0,0.0,0.0,-0.2453755690468165,0.0021279635784531943,1e-06,0.0
1957.0,763.9419815110481,0.0,297.9,0.015,2354.7880690737834,0.0,0.0,0.0,0.0,0.0,0.0,-0.2453755690468165,0.0021279635784531943,1e-06,0.0
1958.0,763.9419815110481,0.0,297.9,0.015,2354.7880690737834,0.0,0.0,0.0,0.0,0.0,0.0,-0.2453755690468165,0.0021279635784531943,1e-06,0.0
1959.0,763.9419815110481,0.0,297.9,0.015,2354.7880690737834,0.0,0.0,0.0,0.0,0.0,0.0,-0.2453755690468165,0.0021279635784531943,1e-06,0.0
1960.0,763.9419815110481,0.0,297.9,0.015,2354.7880690737834,0.0,0.0,0.0,0.0,0.0,0.0,-0.2453755690468165,0.0021279635784531943,1e-06,0.0
1961.0,763.9419815110481,0.0,297.9,0.015,2354.7880690737834,0.0,0.0,0.0,0.0,0.0,0.0,-0.2453755690468165,0.0021279635784531943,1e-06,0.0
1962.0,763.9419815110481,0.0,297.9,0.015,2354.7880690737834,0.0,0.0,0.0,0.0,0.0,0.0,-0.2453755690468165,0.0021279635784531943,1e-06,0.0
1963.0,763.9419815110481,0.0,297.9,0.015,2354.7880690737834,0.0,0.0,0.0,0.0,0.0,0.0,-0.2453755690468165,0.0021279635784531943,1e-06,0.0
1964.0,763.9419815110481,0.0,297.9,0.015,2354.7880690737834,0.0,0.0,0.0,0.0,0.0,0.0,-0.2453755690468165,0.0021279635784531943,1e-06,0.0
1965.0,763.9419815110481,0.0,297.9,0.015,2354.7880690737834,0.0,0.0,0.0,0.0,0.0,0.0,-0.2453755690468165,0.0021279635784531943,1e-06,0.0
1966.0,763.9419815110481,0.0,297.9,0.015,2354.7880690737834,0.0,0.0,0.0,0.0,0.0,0.0,-0.2453755690468165,0.0021279635784531943,1e-06,0.0
1967.0,763.9419815110481,0.0,297.9,0.015,2354.7880690737834,0.0,0.0,0.0,0.0,0.0,0.0,-0.2453755690468165,0.0021279635784531943,1e-06,0.0
1968.0,763.9419815110481,0.0,297.9,0.015,2354.7880690737834,0.0,0.0,0.0,0.0,0.0,0.0,-0.2453755690468165,0.0021279635784531943,1e-06,0.0
1969.0,763.9419815110481,0.0,297.9,0.015,2354.7880690737834,0.0,0.0,0.0,0.0,0.0,0.0,-0.2453755690468165,0.0021279635784531943,1e-06,0.0
1970.0,763.9419815110481,0.0,297.9,0.015,2354.7880690737834,0.0,0.0,0.0,0.0,0.0,0.0,-0.2453755690468165,0.0021279635784531943,1e-06,0.0
1971.0,763.9419815110481,0.0,297.9,0.015,2354.7880690737834,0.0,0.0,0.0,0.0,0.0,0.0,-0.2453755690468165,0.0021279635784531943,1e-06,0.0
1972.0,763.9419815110481,0.0,297.9,0.015,2354.7880690737834,0.0,0.0,0.0,0.0,0.0,0.0,-0.2453755690468165,0.0021279635784531943,1e-06,0.0
1973.0,763.9419815110481,0.0,297.9,0.015,2354.7880690737834,0.0,0.0,0.0,0.0,0.0,0.0,-0.2453755690468165,0.0021279635784531943,1e-06,0.0
1974.0,763.9419815110481,0.0,297.9,0.015,2354.7880690737834,0.0,0.0,0.0,0.0,0.0,0.0,-0.2453755690468165,0.0021279635784531943,1e-06,0.0
1975.0,763.9419815110481,0.0,297.9,0.015,2354.7880690737834,0.0,0.0,0.0,0.0,0.0,0.0,-0.2453755690468165,0.0021279635784531943,1e-06,0.0
1976.0,763.9419815110481,0.0,297.9,0.015,2354.7880690737834,0.0,0.0,0.0,0.0,0.0,0.0,-0.2453755690468165,0.0021279635784531943,1e-06,0.0
1977.0,763.9419815110481,0.0,297.9,0.015,2354.7880690737834,0.0,0.0,0.0,0.0,0.0,0.0,-0.2453755690468165,0.0021279635784531943,1e-06,0.0
1978.0,763.9419815110481,0.0,297.9,0.015,2354.7880690737834,0.0,0.0,0.0,0.0,0.0,0.0,-0.2453755690468165,0.0021279635784531943,1e-06,0.0
1979.0,763.9419815110481,0.0,297.9,0.015,2354.7880690737834,0.0,0.0,0.0,0.0,0.0,0.0,-0.2453755690468165,0.0021279635784531943,1e-06,0.0
1980.0,763.9419815110481,0.0,297.9,0.015,2354.7880690737834,0.0,0.0,0.0,0.0,0.0,0.0,-0.2453755690468165,0.0021279635784531943,1e-06,0.0
1981.0,763.9419815110481,0.0,297.9,0.015,2354.7880690737834,0.0,0.0,0.0,0.0,0.0,0.0,-0.2453755690468165,0.0021279635784531943,1e-06,0.0
1982.0,763.9419815110481,0.0,297.9,0.015,2354.7880690737834,0.0,0.0,0.0,0.0,0.0,0.0,-0.2453755690468165,0.0021279635784531943,1e-06,0.0
1983.0,763.9419815110481,0.0,297.9,0.015,2354.7880690737834,0.0,0.0,0.0,0.0,0.0,0.0,-0.2453755690468165,0.0021279635784531943,1e-06,0.0
1984.0,763.9419815110481,0.0,297.9,0.015,2354.7880690737834,0.0,0.0,0.0,0.0,0.0,0.0,-0.2453755690468165,0.0021279635784531943,1e-06,0.0
1985.0,763.9419815110481,0.0,297.9,0.015,2354.7880690737834,0.0,0.0,0.0,0.0,0.0,0.0,-0.2453755690468165,0.0021279635784531943,1e-06,0.0
1986.0,763.9419815110481,0.0,297.9,0.015,2354.7880690737834,0.0,0.0,0.0,0.0,0.0,0.0,-0.2453755690468165,0.0021279635784531943,1e-06,0.0
1987.0,763.9419815110481,0.0,297.9,0.015,2354.7880690737834,0.0,0.0,0.0,0.0,0.0,0.0,-0.2453755690468165,0.0021279635784531943,1e-06,0.0
1988.0,763.9419815110481,0.0,297.9,0.015,2354.7880690737834,0.0,0.0,0.0,0.0,0.0,0.0,-0.2453755690468165,0.0021279635784531943,1e-06,0.0
1989.0,763.9419815110481,0.0,297.9,0.015,2354.7880690737834,0.0,0.0,0.0,0.0,0.0,0.0,-0.2453755690468165,0.0021279635784531943,1e-06,0.0
1990.0,763.9419815110481,0.0,297.9,0.015,2354.7880690737834,0.0,0.0,0.0,0.0,0.0,0.0,-0.2453755690468165,0.0021279635784531943,1e-06,0.0
1991.0,763.9419815110481,0.0,297.9,0.015,2354.7880690737834,0.0,0.0,0.0,0.0,0.0,0.0,-0.2453755690468165,0.0021279635784531943,1e-06,0.0
1992.0,763.9419815110481,0.0,297.9,0.015,2354.7880690737834,0.0,0.0,0.0,0.0,0.0,0.0,-0.2453755690468165,0.0021279635784531943,1e-06,0.0
1993.0,763.9419815110481,0.0,297.9,0.015,2354.7880690737834,0.0,0.0,0.0,0.0,0.0,0.0,-0.2453755690468165,0.0021279635784531943,1e-06,0.0
1994.0,763.9419815110481,0.0,297.9,0.015,2354.7880690737834,0.0,0.0,0.0,0.0,0.0,0.0,-0.2453755690468165,0.0021279635784531943,1e-06,0.0
1995.0,763.9419815110481,0.0,297.9,0.015,2354.7880690737834,0.0,0.0,0.0,0.0,0.0,0.0,-0.2453755690468165,0.0021279635784531943,1e-06,0.0
1996.0,763.9419815110481,0.0,297.9,0.015,2354.7880690737834,0.0,0.0,0.0,0.0,0.0,0.0,-0.2453755690468165,0.0021279635784531943,1e-06,0.0
1997.0,763.9419815110481,0.0,297.9,0.015,2354.7880690737834,0.0,0.0,0.0,0.0,0.0,0.0,-0.2453755690468165,0.0021279635784531943,1e-06,0.0
1998.0,763.9419815110481,0.0,297.9,0.015,2354.7880690737834,0.0,0.0,0.0,0.0,0.0,0.0,-0.2453755690468165,0.0021279635784531943,1e-06,0.0
1999.0,763.9419815110481,0.0,297.9,0.015,2354.7880690737834,0.0,0.0,0.0,0.0,0.0,0.0,-0.2453755690468165,0.0021279635784531943,1e-06,0.0
2000.0,763.9419815110481,0.0,297.9,0.015,2354.7880690737834,0.0,0.0,0.0,0.0,0.0,0.0,-0.2453755690468165,0.0021279635784531943,1e-06,0.0
2001.0,763.9419815110481,0.0,297.9,0.015,2354.7880690737834,0.0,0.0,0.0,0.0,0.0,0.0,-0.2453755690468165,0.0021279635784531943,1e-06,0.0
2002.0,763.9419815110481,0.0,297.9,0.015,2354.7880690737834,0.0,0.0,0.0,0.0,0.0,0.0,-0.2453755690468165,0.0021279635784531943,1e-06,0.0
2003.0,763.9419815110481,0.0,297.9,0.015,2354.7880690737834,0.0,0.0,0.0,0.0,0.0,0.0,-0.2453755690468165,0.0021279635784531943,1e-06,0.0
2004.0,763.9419815110481,0.0,297.9,0.015,2354.7880690737834,0.0,0.0,0.0,0.0,0.0,0.0,-0.2453755690468165,0.0021279635784531943,1e-06,0.0
2005.0,763.9419815110481,0.0,297.9,0.015,2354.7880690737834,0.0,0.0,0.0,0.0,0.0,0.0,-0.2453755690468165,0.0021279635784531943,1e-06,0.0
2006.0,763.9419815110481,0.0,297.9,0.015,2354.7880690737834,0.0,0.0,0.0,0.0,0.0,0.0,-0.2453755690468165,0.0021279635784531943,1e-06,0.0
2007.0,763.9419815110481,0.0,297.9,0.015,2354.7880690737834,0.0,0.0,0.0,0.0,0.0,0.0,-0.2453755690468165,0.0021279635784531943,1e-06,0.0
2008.0,763.9419815110481,0.0,297.9,0.015,2354.7880690737834,0.0,0.0,0.0,0.0,0.0,0.0,-0.2453755690468165,0.0021279635784531943,1e-06,0.0
2009.0,763.9419815110481,0.0,297.9,0.015,2354.7880690737834,0.0,0.0,0.0,0.0,0.0,0.0,-0.2453755690468165,0.0021279635784531943,1e-06,0.0
2010.0,763.9419815110481,0.0,297.9,0.015,2354.7880690737834,0.0,0.0,0.0,0.0,0.0,0.0,-0.2453755690468165,0.0021279635784531943,1e-06,0.0
2011.0,763.9419815110481,0.0,297.9,0.015,2354.7880690737834,0.0,0.0,0.0,0.0,0.0,0.0,-0.2453755690468165,0.0021279635784531943,1e-06,0.0
2012.0,763.9419815110481,0.0,297.9,0.015,2354.7880690737834,0.0,0.0,0.0,0.0,0.0,0.0,-0.2453755690468165,0.0021279635784531943,1e-06,0.0
2013.0,763.9419815110481,0.0,297.9,0.015,2354.7880690737834,0.0,0.0,0.0,0.0,0.0,0.0,-0.2453755690468165,0.0021279635784531943,1e-06,0.0
2014.0,763.9419815110481,0.0,297.9,0.015,2354.7880690737834,0.0,0.0,0.0,0.0,0.0,0.0,-0.2453755690468165,0.0021279635784531943,1e-06,0.0
2015.0,763.9419815110481,0.0,297.9,0.015,2354.7880690737834,0.0,0.0,0.0,0.0,0.0,0.0,-0.2453755690468165,0.0021279635784531943,1e-06,0.0
2016.0,763.9419815110481,0.0,297.9,0.015,2354.7880690737834,0.0,0.0,0.0,0.0,0.0,0.0,-0.2453755690468165,0.0021279635784531943,1e-06,0.0
2017.0,763.9419815110481,0.0,297.9,0.015,2354.7880690737834,0.0,0.0,0.0,0.0,0.0,0.0,-0.2453755690468165,0.0021279635784531943,1e-06,0.0
2018.0,763.9419815110481,0.0,297.9,0.015,2354.7880690737834,0.0,0.0,0.0,0.0,0.0,0.0,-0.2453755690468165,0.0021279635784531943,1e-06,0.0
2019.0,763.9419815110481,0.0,297.9,0.015,2354.7880690737834,0.0,0.0,0.0,0.0,0.0,0.0,-0.2453755690468165,0.0021279635784531943,1e-06,0.0
2020.0,763.9419815110481,0.0,297.9,0.015,2354.7880690737834,0.0,0.0,0.0,0.0,0.0,0.0,-0.2453755690468165,0.0021279635784531943,1e-06,0.0
2021.0,763.9419815110481,0.0,297.9,0.015,2354.7880690737834,0.0,0.0,0.0,0.0,0.0,0.0,-0.2453755690468165,0.0021279635784531943,1e-06,0.0
2022.0,763.9419815110481,0.0,297.9,0.015,2354.7880690737834,0.0,0.0,0.0,0.0,0.0,0.0,-0.2453755690468165,0.0021279635784531943,1e-06,0.0
2023.0,763.9419815110481,0.0,297.9,0.015,2354.7880690737834,0.0,0.0,0.0,0.0,0.0,0.0,-0.2453755690468165,0.0021279635784531943,1e-06,0.0
2024.0,763.9419815110481,0.0,297.9,0.015,2354.7880690737834,0.0,0.0,0.0,0.0,0.0,0.0,-0.2453755690468165,0.0021279635784531943,1e-06,0.0
2025.0,763.9419815110481,0.0,297.9,0.015,2354.7880690737834,0.0,0.0,0.0,0.0,0.0,0.0,-0.2453755690468165,0.0021279635784531943,1e-06,0.0
2026.0,763.9419815110481,0.0,297.9,0.015,2354.7880690737834,0.0,0.0,0.0,0.0,0.0,0.0,-0.2453755690468165,0.0021279635784531943,1e-06,0.0
2027.0,763.9419815110481,0.0,297.9,0.015,2354.7880690737834,0.0,0.0,0.0,0.0,0.0,0.0,-0.2453755690468165,0.0021279635784531943,1e-06,0.0
2028.0,763.9419815110481,0.0,297.9,0.015,2354.7880690737834,0.0,0.0,0.0,0.0,0.0,0.0,-0.2453755690468165,0.0021279635784531943,1e-06,0.0
2029.0,763.9419815110481,0.0,297.9,0.015,2354.7880690737834,0.0,0.0,0.0,0.0,0.0,0.0,-0.2453755690468165,0.0021279635784531943,1e-06,0.0
2030.0,763.9419815110481,0.0,297.9,0.015,2354.7880690737834,0.0,0.0,0.0,0.0,0.0,0.0,-0.2453755690468165,0.0021279635784531943,1e-06,0.0
2031.0,763.9419815110481,0.0,297.9,0.015,2354.7880690737834,0.0,0.0,0.0,0.0,0.0,0.0,-0.2453755690468165,0.0021279635784531943,1e-06,0.0
2032.0,763.9419815110481,0.0,297.9,0.015,2354.7880690737834,0.0,0.0,0.0,0.0,0.0,0.0,-0.2453755690468165,0.0021279635784531943,1e-06,0.0
2033.0,763.9419815110481,0.0,297.9,0.015,2354.7880690737834,0.0,0.0,0.0,0.0,0.0,0.0,-0.2453755690468165,0.0021279635784531943,1e-06,0.0
2034.0,763.9419815110481,0.0,297.9,0.015,2354.7880690737834,0.0,0.0,0.0,0.0,0.0,0.0,-0.2453755690468165,0.0021279635784531943,1e-06,0.0
2035.0,763.9419815110481,0.0,297.9,0.015,2354.7880690737834,0.0,0.0,0.0,0.0,0.0,0.0,-0.2453755690468165,0.0021279635784531943,1e-06,0.0
2036.0,763.9419815110481,0.0,297.9,0.015,2354.7880690737834,0.0,0.0,0.0,0.0,0.0,0.0,-0.2453755690468165,0.0021279635784531943,1e-06,0.0
2037.0,763.9419815110481,0.0,297.9,0.015,2354.7880690737834,0.0,0.0,0.0,0.0,0.0,0.0,-0.2453755690468165,0.0021279635784531943,1e-06,0.0
2038.0,763.9419815110481,0.0,297.9,0.015,2354.7880690737834,0.0,0.0,0.0,0.0,0.0,0.0,-0.2453755690468165,0.0021279635784531943,1e-06,0.0
2039.0,763.9419815110481,0.0,297.9,0.015,2354.7880690737834,0.0,0.0,0.0,0.0,0.0,0.0,-0.2453755690468165,0.0021279635784531943,1e-06,0.0
2040.0,763.9419815110481,0.0,297.9,0.015,2354.7880690737834,0.0,0.0,0.0,0.0,0.0,0.0,-0.2453755690468165,0.0021279635784531943,1e-06,0.0
2041.0,763.9419815110481,0.0,297.9,0.015,2354.7880690737834,0.0,0.0,0.0,0.0,0.0,0.0,-0.2453755690468165,0.0021279635784531943,1e-06,0.0
2042.0,763.9419815110481,0.0,297.9,0.015,2354.7880690737834,0.0,0.0,0.0,0.0,0.0,0.0,-0.2453755690468165,0.0021279635784531943,1e-06,0.0
2043.0,763.9419815110481,0.0,297.9,0.015,2354.7880690737834,0.0,0.0,0.0,0.0,0.0,0.0,-0.2453755690468165,0.0021279635784531943,1e-06,0.0
2044.0,763.9419815110481,0.0,297.9,0.015,2354.7880690737834,0.0,0.0,0.0,0.0,0.0,0.0,-0.2453755690468165,0.0021279635784531943,1e-06,0.0
2045.0,763.9419815110481,0.0,297.9,0.015,2354.7880690737834,0.0,0.0,0.0,0.0,0.0,0.0,-0.2453755690468165,0.0021279635784531943,1e-06,0.0
2046.0,763.9419815110481,0.0,297.9,0.015,2354.7880690737834,0.0,0.0,0.0,0.0,0.0,0.0,-0.2453755690468165,0.0021279635784531943,1e-06,0.0
2047.0,763.9419815110481,0.0,297.9,0.015,2354.7880690737834,0.0,0.0,0.0,0.0,0.0,0.0,-0.2453755690468165,0.0021279635784531943,1e-06,0.0
2048.0,763.9419815110481,0.0,297.9,0.015,2354.7880690737834,0.0,0.0,0.0,0.0,0.0,0.0,-0.2453755690468165,0.0021279635784531943,1e-06,0.0
2049.0,763.9419815110481,0.0,297.9,0.015,2354.7880690737834,0.0,0.0,0.0,0.0,0.0,0.0,-0.2453755690468165,0.0021279635784531943,1e-06,0.0
2050.0,763.9419815110481,0.0,297.9,0.015,2354.7880690737834,0.0,0.0,0.0,0.0,0.0,0.0,-0.2453755690468165,0.0021279635784531943,1e-06,0.0
2051.0,763.9419815110481,0.0,297.9,0.015,2354.7880690737834,0.0,0.0,0.0,0.0,0.0,0.0,-0.2453755690468165,0.0021279635784531943,1e-06,0.0
2052.0,763.9419815110481,0.0,297.9,0.015,2354.7880690737834,0.0,0.0,0.0,0.0,0.0,0.0,-0.2453755690468165,0.0021279635784531943,1e-06,0.0
2053.0,763.9419815110481,0.0,297.9,0.015,2354.7880690737834,0.0,0.0,0.0,0.0,0.0,0.0,-0.2453755690468165,0.0021279635784531943,1e-06,0.0
2054.0,763.9419815110481,0.0,297.9,0.015,2354.7880690737834,0.0,0.0,0.0,0.0,0.0,0.0,-0.2453755690468165,0.0021279635784531943,1e-06,0.0
2055.0,763.9419815110481,0.0,297.9,0.015,2354.7880690737834,0.0,0.0,0.0,0.0,0.0,0.0,-0.2453755690468165,0.0021279635784531943,1e-06,0.0
2056.0,763.9419815110481,0.0,297.9,0.015,2354.7880690737834,0.0,0.0,0.0,0.0,0.0,0.0,-0.2453755690468165,0.0021279635784531943,1e-06,0.0
2057.0,763.9419815110481,0.0,297.9,0.015,2354.7880690737834,0.0,0.0,0.0,0.0,0.0,0.0,-0.2453755690468165,0.0021279635784531943,1e-06,0.0
2058.0,763.9419815110481,0.0,297.9,0.015,2354.7880690737834,0.0,0.0,0.0,0.0,0.0,0.0,-0.2453755690468165,0.0021279635784531943,1e-06,0.0
2059.0,763.9419815110481,0.0,297.9,0.015,2354.7880690737834,0.0,0.0,0.0,0.0,0.0,0.0,-0.2453755690468165,0.0021279635784531943,1e-06,0.0
2060.0,763.9419815110481,0.0,297.9,0.015,2354.7880690737834,0.0,0.0,0.0,0.0,0.0,0.0,-0.2453755690468165,0.0021279635784531943,1e-06,0.0
2061.0,763.9419815110481,0.0,297.9,0.015,2354.7880690737834,0.0,0.0,0.0,0.0,0.0,0.0,-0.2453755690468165,0.0021279635784531943,1e-06,0.0
2062.0,763.9419815110481,0.0,297.9,0.015,2354.7880690737834,0.0,0.0,0.0,0.0,0.0,0.0,-0.2453755690468165,0.0021279635784531943,1e-06,0.0
2063.0,763.9419815110481,0.0,297.9,0.015,2354.7880690737834,0.0,0.0,0.0,0.0,0.0,0.0,-0.2453755690468165,0.0021279635784531943,1e-06,0.0
2064.0,763.9419815110481,0.0,297.9,0.015,2354.7880690737834,0.0,0.0,0.0,0.0,0.0,0.0,-0.2453755690468165,0.0021279635784531943,1e-06,0.0
2065.0,763.9419815110481,0.0,297.9,0.015,2354.7880690737834,0.0,0.0,0.0,0.0,0.0,0.0,-0.2453755690468165,0.0021279635784531943,1e-06,0.0
2066.0,763.9419815110481,0.0,297.9,0.015,2354.7880690737834,0.0,0.0,0.0,0.0,0.0,0.0,-0.2453755690468165,0.0021279635784531943,1e-06,0.0
2067.0,763.9419815110481,0.0,297.9,0.015,2354.7880690737834,0.0,0.0,0.0,0.0,0.0,0.0,-0.2453755690468165,0.0021279635784531943,1e-06,0.0
2068.0,763.9419815110481,0.0,297.9,0.015,2354.7880690737834,0.0,0.0,0.0,0.0,0.0,0.0,-0.2453755690468165,0.0021279635784531943,1e-06,0.0
2069.0,763.9419815110481,0.0,297.9,0.015,2354.7880690737834,0.0,0.0,0.0,0.0,0.0,0.0,-0.2453755690468165,0.0021279635784531943,1e-06,0.0
2070.0,763.9419815110481,0.0,297.9,0.015,2354.7880690737834,0.0,0.0,0.0,0.0,0.0,0.0,-0.2453755690468165,0.0021279635784531943,1e-06,0.0
2071.0,763.9419815110481,0.0,297.9,0.015,2354.7880690737834,0.0,0.0,0.0,0.0,0.0,0.0,-0.2453755690468165,0.0021279635784531943,1e-06,0.0
2072.0,763.9419815110481,0.0,297.9,0.015,2354.7880690737834,0.0,0.0,0.0,0.0,0.0,0.0,-0.2453755690468165,0.0021279635784531943,1e-06,0.0
2073.0,763.9419815110481,0.0,297.9,0.015,2354.7880690737834,0.0,0.0,0.0,0.0,0.0,0.0,-0.2453755690468165,0.0021279635784531943,1e-06,0.0
2074.0,763.9419815110481,0.0,297.9,0.015,2354.7880690737834,0.0,0.0,0.0,0.0,0.0,0.0,-0.2453755690468165,0.0021279635784531943,1e-06,0.0
2075.0,763.9419815110481,0.0,297.9,0.015,2354.7880690737834,0.0,0.0,0.0,0.0,0.0,0.0,-0.2453755690468165,0.0021279635784531943,1e-06,0.0
2076.0,763.9419815110481,0.0,297.9,0.015,2354.7880690737834,0.0,0.0,0.0,0.0,0.0,0.0,-0.2453755690468165,0.0021279635784531943,1e-06,0.0
2077.0,763.9419815110481,0.0,297.9,0.015,2354.7880690737834,0.0,0.0,0.0,0.0,0.0,0.0,-0.2453755690468165,0.0021279635784531943,1e-06,0.0
2078.0,763.9419815110481,0.0,297.9,0.015,2354.7880690737834,0.0,0.0,0.0,0.0,0.0,0.0,-0.2453755690468165,0.0021279635784531943,1e-06,0.0
2079.0,763.9419815110481,0.0,297.9,0.015,2354.7880690737834,0.0,0.0,0.0,0.0,0.0,0.0,-0.2453755690468165,0.0021279635784531943,1e-06,0.0
2080.0,763.9419815110481,0.0,297.9,0.015,2354.7880690737834,0.0,0.0,0.0,0.0,0.0,0.0,-0.2453755690468165,0.0021279635784531943,1e-06,0.0
2081.0,763.9419815110481,0.0,297.9,0.015,2354.7880690737834,0.0,0.0,0.0,0.0,0.0,0.0,-0.2453755690468165,0.0021279635784531943,1e-06,0.0
2082.0,763.9419815110481,0.0,297.9,0.015,2354.7880690737834,0.0,0.0,0.0,0.0,0.0,0.0,-0.2453755690468165,0.0021279635784531943,1e-06,0.0
2083.0,763.9419815110481,0.0,297.9,0.015,2354.7880690737834,0.0,0.0,0.0,0.0,0.0,0.0,-0.2453755690468165,0.0021279635784531943,1e-06,0.0
2084.0,763.9419815110481,0.0,297.9,0.015,2354.7880690737834,0.0,0.0,0.0,0.0,0.0,0.0,-0.2453755690468165,0.0021279635784531943,1e-06,0.0
2085.0,763.9419815110481,0.0,297.9,0.015,2354.7880690737834,0.0,0.0,0.0,0.0,0.0,0.0,-0.2453755690468165,0.0021279635784531943,1e-06,0.0
2086.0,763.9419815110481,0.0,297.9,0.015,2354.7880690737834,0.0,0.0,0.0,0.0,0.0,0.0,-0.2453755690468165,0.0021279635784531943,1e-06,0.0
2087.0,763.9419815110481,0.0,297.9,0.015,2354.7880690737834,0.0,0.0,0.0,0.0,0.0,0.0,-0.2453755690468165,0.0021279635784531943,1e-06,0.0
2088.0,763.9419815110481,0.0,297.9,0.015,2354.7880690737834,0.0,0.0,0.0,0.0,0.0,0.0,-0.2453755690468165,0.0021279635784531943,1e-06,0.0
2089.0,763.9419815110481,0.0,297.9,0.015,2354.7880690737834,0.0,0.0,0.0,0.0,0.0,0.0,-0.2453755690468165,0.0021279635784531943,1e-06,0.0
2090.0,763.9419815110481,0.0,297.9,0.015,2354.7880690737834,0.0,0.0,0.0,0.0,0.0,0.0,-0.2453755690468165,0.0021279635784531943,1e-06,0.0
2091.0,763.9419815110481,0.0,297.9,0.015,2354.7880690737834,0.0,0.0,0.0,0.0,0.0,0.0,-0.2453755690468165,0.0021279635784531943,1e-06,0.0
2092.0,763.9419815110481,0.0,297.9,0.015,2354.7880690737834,0.0,0.0,0.0,0.0,0.0,0.0,-0.2453755690468165,0.0021279635784531943,1e-06,0.0
2093.0,763.9419815110481,0.0,297.9,0.015,2354.7880690737834,0.0,0.0,0.0,0.0,0.0,0.0,-0.2453755690468165,0.0021279635784531943,1e-06,0.0
2094.0,763.9419815110481,0.0,297.9,0.015,2354.7880690737834,0.0,0.0,0.0,0.0,0.0,0.0,-0.2453755690468165,0.0021279635784531943,1e-06,0.0
2095.0,763.9419815110481,0.0,297.9,0.015,2354.7880690737834,0.0,0.0,0.0,0.0,0.0,0.0,-0.2453755690468165,0.0021279635784531943,1e-06,0.0
2096.0,763.9419815110481,0.0,297.9,0.015,2354.7880690737834,0.0,0.0,0.0,0.0,0.0,0.0,-0.2453755690468165,0.0021279635784531943,1e-06,0.0
2097.0,763.9419815110481,0.0,297.9,0.015,2354.7880690737834,0.0,0.0,0.0,0.0,0.0,0.0,-0.2453755690468165,0.0021279635784531943,1e-06,0.0
2098.0,763.9419815110481,0.0,297.9,0.015,2354.7880690737834,0.0,0.0,0.0,0.0,0.0,0.0,-0.2453755690468165,0.0021279635784531943,1e-06,0.0
2099.0,763.9419815110481,0.0,297.9,0.015,2354.7880690737834,0.0,0.0,0.0,0.0,0.0,0.0,-0.2453755690468165,0.0021279635784531943,1e-06,0.0
2100.0,763.9419815110481,0.0,297.9,0.015,2354.7880690737834,0.0,0.0,0.0,0.0,0.0,0.0,-0.2453755690468165,0.0021279635784531943,1e-06,0.0
2101.0,763.9419815110481,0.0,297.9,0.015,2354.7880690737834,0.0,0.0,0.0,0.0,0.0,0.0,-0.2453755690468165,0.0021279635784531943,1e-06,0.0
2102.0,763.9419815110481,0.0,297.9,0.015,2354.7880690737834,0.0,0.0,0.0,0.0,0.0,0.0,-0.2453755690468165,0.0021279635784531943,1e-06,0.0
2103.0,763.9419815110481,0.0,297.9,0.015,2354.7880690737834,0.0,0.0,0.0,0.0,0.0,0.0,-0.2453755690468165,0.0021279635784531943,1e-06,0.0
2104.0,763.9419815110481,0.0,297.9,0.015,2354.7880690737834,0.0,0.0,0.0,0.0,0.0,0.0,-0.2453755690468165,0.0021279635784531943,1e-06,0.0
2105.0,763.9419815110481,0.0,297.9,0.015,2354.7880690737834,0.0,0.0,0.0,0.0,0.0,0.0,-0.2453755690468165,0.0021279635784531943,1e-06,0.0
2106.0,763.9419815110481,0.0,297.9,0.015,2354.7880690737834,0.0,0.0,0.0,0.0,0.0,0.0,-0.2453755690468165,0.0021279635784531943,1e-06,0.0
2107.0,763.9419815110481,0.0,297.9,0.015,2354.7880690737834,0.0,0.0,0.0,0.0,0.0,0.0,-0.2453755690468165,0.0021279635784531943,1e-06,0.0
2108.0,763.9419815110481,0.0,297.9,0.015,2354.7880690737834,0.0,0.0,0.0,0.0,0.0,0.0,-0.2453755690468165,0.0021279635784531943,1e-06,0.0
2109.0,763.9419815110481,0.0,297.9,0.015,2354.7880690737834,0.0,0.0,0.0,0.0,0.0,0.0,-0.2453755690468165,0.0021279635784531943,1e-06,0.0
2110.0,763.9419815110481,0.0,297.9,0.015,2354.7880690737834,0.0,0.0,0.0,0.0,0.0,0.0,-0.2453755690468165,0.0021279635784531943,1e-06,0.0
2111.0,763.9419815110481,0.0,297.9,0.015,2354.7880690737834,0.0,0.0,0.0,0.0,0.0,0.0,-0.2453755690468165,0.0021279635784531943,1e-06,0.0
2112.0,763.9419815110481,0.0,297.9,0.015,2354.7880690737834,0.0,0.0,0.0,0.0,0.0,0.0,-0.2453755690468165,0.0021279635784531943,1e-06,0.0
2113.0,763.9419815110481,0.0,297.9,0.015,2354.7880690737834,0.0,0.0,0.0,0.0,0.0,0.0,-0.2453755690468165,0.0021279635784531943,1e-06,0.0
2114.0,763.9419815110481,0.0,297.9,0.015,2354.7880690737834,0.0,0.0,0.0,0.0,0.0,0.0,-0.2453755690468165,0.0021279635784531943,1e-06,0.0
2115.0,763.9419815110481,0.0,297.9,0.015,2354.7880690737834,0.0,0.0,0.0,0.0,0.0,0.0,-0.2453755690468165,0.0021279635784531943,1e-06,0.0
2116.0,763.9419815110481,0.0,297.9,0.015,2354.7880690737834,0.0,0.0,0.0,0.0,0.0,0.0,-0.2453755690468165,0.0021279635784531943,1e-06,0.0
2117.0,763.9419815110481,0.0,297.9,0.015,2354.7880690737834,0.0,0.0,0.0,0.0,0.0,0.0,-0.2453755690468165,0.0021279635784531943,1e-06,0.0
2118.0,763.9419815110481,0.0,297.9,0.015,2354.7880690737834,0.0,0.0,0.0,0.0,0.0,0.0,-0.2453755690468165,0.0021279635784531943,1e-06,0.0
2119.0,763.9419815110481,0.0,297.9,0.015,2354.7880690737834,0.0,0.0,0.0,0.0,0.0,0.0,-0.2453755690468165,0.0021279635784531943,1e-06,0.0
2120.0,763.9419815110481,0.0,297.9,0.015,2354.7880690737834,0.0,0.0,0.0,0.0,0.0,0.0,-0.2453755690468165,0.0021279635784531943,1e-06,0.0
2121.0,763.9419815110481,0.0,297.9,0.015,2354.7880690737834,0.0,0.0,0.0,0.0,0.0,0.0,-0.2453755690468165,0.0021279635784531943,1e-06,0.0
2122.0,763.9419815110481,0.0,297.9,0.015,2354.7880690737834,0.0,0.0,0.0,0.0,0.0,0.0,-0.2453755690468165,0.0021279635784531943,1e-06,0.0
2123.0,763.9419815110481,0.0,297.9,0.015,2354.7880690737834,0.0,0.0,0.0,0.0,0.0,0.0,-0.2453755690468165,0.0021279635784531943,1e-06,0.0
2124.0,763.9419815110481,0.0,297.9,0.015,2354.7880690737834,0.0,0.0,0.0,0.0,0.0,0.0,-0.2453755690468165,0.0021279635784531943,1e-06,0.0
2125.0,763.9419815110481,0.0,297.9,0.015,2354.7880690737834,0.0,0.0,0.0,0.0,0.0,0.0,-0.2453755690468165,0.0021279635784531943,1e-06,0.0
2126.0,763.9419815110481,0.0,297.9,0.015,2354.7880690737834,0.0,0.0,0.0,0.0,0.0,0.0,-0.2453755690468165,0.0021279635784531943,1e-06,0.0
2127.0,763.9419815110481,0.0,297.9,0.015,2354.7880690737834,0.0,0.0,0.0,0.0,0.0,0.0,-0.2453755690468165,0.0021279635784531943,1e-06,0.0
2128.0,763.9419815110481,0.0,297.9,0.015,2354.7880690737834,0.0,0.0,0.0,0.0,0.0,0.0,-0.2453755690468165,0.0021279635784531943,1e-06,0.0
2129.0,763.9419815110481,0.0,297.9,0.015,2354.7880690737834,0.0,0.0,0.0,0.0,0.0,0.0,-0.2453755690468165,0.0021279635784531943,1e-06,0.0
2130.0,763.9419815110481,0.0,297.9,0.015,2354.7880690737834,0.0,0.0,0.0,0.0,0.0,0.0,-0.2453755690468165,0.0021279635784531943,1e-06,0.0
2131.0,763.9419815110481,0.0,297.9,0.015,2354.7880690737834,0.0,0.0,0.0,0.0,0.0,0.0,-0.2453755690468165,0.0021279635784531943,1e-06,0.0
2132.0,763.9419815110481,0.0,297.9,0.015,2354.7880690737834,0.0,0.0,0.0,0.0,0.0,0.0,-0.2453755690468165,0.0021279635784531943,1e-06,0.0
2133.0,763.9419815110481,0.0,297.9,0.015,2354.7880690737834,0.0,0.0,0.0,0.0,0.0,0.0,-0.2453755690468165,0.0021279635784531943,1e-06,0.0
2134.0,763.9419815110481,0.0,297.9,0.015,2354.7880690737834,0.0,0.0,0.0,0.0,0.0,0.0,-0.2453755690468165,0.0021279635784531943,1e-06,0.0
2135.0,763.9419815110481,0.0,297.9,0.015,2354.7880690737834,0.0,0.0,0.0,0.0,0.0,0.0,-0.2453755690468165,0.0021279635784531943,1e-06,0.0
2136.0,763.9419815110481,0.0,297.9,0.015,2354.7880690737834,0.0,0.0,0.0,0.0,0.0,0.0,-0.2453755690468165,0.0021279635784531943,1e-06,0.0
2137.0,763.9419815110481,0.0,297.9,0.015,2354.7880690737834,0.0,0.0,0.0,0.0,0.0,0.0,-0.2453755690468165,0.0021279635784531943,1e-06,0.0
2138.0,763.9419815110481,0.0,297.9,0.015,2354.7880690737834,0.0,0.0,0.0,0.0,0.0,0.0,-0.2453755690468165,0.0021279635784531943,1e-06,0.0
2139.0,763.9419815110481,0.0,297.9,0.015,2354.7880690737834,0.0,0.0,0.0,0.0,0.0,0.0,-0.2453755690468165,0.0021279635784531943,1e-06,0.0
2140.0,763.9419815110481,0.0,297.9,0.015,2354.7880690737834,0.0,0.0,0.0,0.0,0.0,0.0,-0.2453755690468165,0.0021279635784531943,1e-06,0.0
2141.0,763.9419815110481,0.0,297.9,0.015,2354.7880690737834,0.0,0.0,0.0,0.0,0.0,0.0,-0.2453755690468165,0.0021279635784531943,1e-06,0.0
2142.0,763.9419815110481,0.0,297.9,0.015,2354.7880690737834,0.0,0.0,0.0,0.0,0.0,0.0,-0.2453755690468165,0.0021279635784531943,1e-06,0.0
2143.0,763.9419815110481,0.0,297.9,0.015,2354.7880690737834,0.0,0.0,0.0,0.0,0.0,0.0,-0.2453755690468165,0.0021279635784531943,1e-06,0.0
2144.0,763.9419815110481,0.0,297.9,0.015,2354.7880690737834,0.0,0.0,0.0,0.0,0.0,0.0,-0.2453755690468165,0.0021279635784531943,1e-06,0.0
2145.0,763.9419815110481,0.0,297.9,0.015,2354.7880690737834,0.0,0.0,0.0,0.0,0.0,0.0,-0.2453755690468165,0.0021279635784531943,1e-06,0.0
2146.0,763.9419815110481,0.0,297.9,0.015,2354.7880690737834,0.0,0.0,0.0,0.0,0.0,0.0,-0.2453755690468165,0.0021279635784531943,1e-06,0.0
2147.0,763.9419815110481,0.0,297.9,0.015,2354.7880690737834,0.0,0.0,0.0,0.0,0.0,0.0,-0.2453755690468165,0.0021279635784531943,1e-06,0.0
2148.0,763.9419815110481,0.0,297.9,0.015,2354.7880690737834,0.0,0.0,0.0,0.0,0.0,0.0,-0.2453755690468165,0.0021279635784531943,1e-06,0.0
2149.0,763.9419815110481,0.0,297.9,0.015,2354.7880690737834,0.0,0.0,0.0,0.0,0.0,0.0,-0.2453755690468165,0.0021279635784531943,1e-06,0.0
2150.0,763.9419815110481,0.0,297.9,0.015,2354.7880690737834,0.0,0.0,0.0,0.0,0.0,0.0,-0.2453755690468165,0.0021279635784531943,1e-06,0.0
2151.0,763.9419815110481,0.0,297.9,0.015,2354.7880690737834,0.0,0.0,0.0,0.0,0.0,0.0,-0.2453755690468165,0.0021279635784531943,1e-06,0.0
2152.0,763.9419815110481,0.0,297.9,0.015,2354.7880690737834,0.0,0.0,0.0,0.0,0.0,0.0,-0.2453755690468165,0.0021279635784531943,1e-06,0.0
2153.0,763.9419815110481,0.0,297.9,0.015,2354.7880690737834,0.0,0.0,0.0,0.0,0.0,0.0,-0.2453755690468165,0.0021279635784531943,1e-06,0.0
2154.0,763.9419815110481,0.0,297.9,0.015,2354.7880690737834,0.0,0.0,0.0,0.0,0.0,0.0,-0.2453755690468165,0.0021279635784531943,1e-06,0.0
2155.0,763.9419815110481,0.0,297.9,0.015,2354.7880690737834,0.0,0.0,0.0,0.0,0.0,0.0,-0.2453755690468165,0.0021279635784531943,1e-06,0.0
2156.0,763.9419815110481,0.0,297.9,0.015,2354.7880690737834,0.0,0.0,0.0,0.0,0.0,0.0,-0.2453755690468165,0.0021279635784531943,1e-06,0.0
2157.0,763.9419815110481,0.0,297.9,0.015,2354.7880690737834,0.0,0.0,0.0,0.0,0.0,0.0,-0.2453755690468165,0.0021279635784531943,1e-06,0.0
2158.0,763.9419815110481,0.0,297.9,0.015,2354.7880690737834,0.0,0.0,0.0,0.0,0.0,0.0,-0.2453755690468165,0.0021279635784531943,1e-06,0.0
2159.0,763.9419815110481,0.0,297.9,0.015,2354.7880690737834,0.0,0.0,0.0,0.0,0.0,0.0,-0.2453755690468165,0.0021279635784531943,1e-06,0.0
2160.0,763.9419815110481,0.0,297.9,0.015,2354.7880690737834,0.0,0.0,0.0,0.0,0.0,0.0,-0.2453755690468165,0.0021279635784531943,1e-06,0.0
2161.0,763.9419815110481,0.0,297.9,0.015,2354.7880690737834,0.0,0.0,0.0,0.0,0.0,0.0,-0.2453755690468165,0.0021279635784531943,1e-06,0.0
2162.0,763.9419815110481,0.0,297.9,0.015,2354.7880690737834,0.0,0.0,0.0,0.0,0.0,0.0,-0.2453755690468165,0.0021279635784531943,1e-06,0.0
2163.0,763.9419815110481,0.0,297.9,0.015,2354.7880690737834,0.0,0.0,0.0,0.0,0.0,0.0,-0.2453755690468165,0.0021279635784531943,1e-06,0.0
2164.0,763.9419815110481,0.0,297.9,0.015,2354.7880690737834,0.0,0.0,0.0,0.0,0.0,0.0,-0.2453755690468165,0.0021279635784531943,1e-06,0.0
2165.0,763.9419815110481,0.0,297.9,0.015,2354.7880690737834,0.0,0.0,0.0,0.0,0.0,0.0,-0.2453755690468165,0.0021279635784531943,1e-06,0.0
2166.0,763.9419815110481,0.0,297.9,0.015,2354.7880690737834,0.0,0.0,0.0,0.0,0.0,0.0,-0.2453755690468165,0.0021279635784531943,1e-06,0.0
2167.0,763.9419815110481,0.0,297.9,0.015,2354.7880690737834,0.0,0.0,0.0,0.0,0.0,0.0,-0.2453755690468165,0.0021279635784531943,1e-06,0.0
2168.0,763.9419815110481,0.0,297.9,0.015,2354.7880690737834,0.0,0.0,0.0,0.0,0.0,0.0,-0.2453755690468165,0.0021279635784531943,1e-06,0.0
2169.0,763.9419815110481,0.0,297.9,0.015,2354.7880690737834,0.0,0.0,0.0,0.0,0.0,0.0,-0.2453755690468165,0.0021279635784531943,1e-06,0.0
2170.0,763.9419815110481,0.0,297.9,0.015,2354.7880690737834,0.0,0.0,0.0,0.0,0.0,0.0,-0.2453755690468165,0.0021279635784531943,1e-06,0.0
2171.0,763.9419815110481,0.0,297.9,0.015,2354.7880690737834,0.0,0.0,0.0,0.0,0.0,0.0,-0.2453755690468165,0.0021279635784531943,1e-06,0.0
2172.0,763.9419815110481,0.0,297.9,0.015,2354.7880690737834,0.0,0.0,0.0,0.0,0.0,0.0,-0.2453755690468165,0.0021279635784531943,1e-06,0.0
2173.0,763.9419815110481,0.0,297.9,0.015,2354.7880690737834,0.0,0.0,0.0,0.0,0.0,0.0,-0.2453755690468165,0.0021279635784531943,1e-06,0.0
2174.0,763.9419815110481,0.0,297.9,0.015,2354.7880690737834,0.0,0.0,0.0,0.0,0.0,0.0,-0.2453755690468165,0.0021279635784531943,1e-06,0.0
2175.0,763.9419815110481,0.0,297.9,0.015,2354.7880690737834,0.0,0.0,0.0,0.0,0.0,0.0,-0.2453755690468165,0.0021279635784531943,1e-06,0.0
2176.0,763.9419815110481,0.0,297.9,0.015,2354.7880690737834,0.0,0.0,0.0,0.0,0.0,0.0,-0.2453755690468165,0.0021279635784531943,1e-06,0.0
2177.0,763.9419815110481,0.0,297.9,0.015,2354.7880690737834,0.0,0.0,0.0,0.0,0.0,0.0,-0.2453755690468165,0.0021279635784531943,1e-06,0.0
2178.0,763.9419815110481,0.0,297.9,0.015,2354.7880690737834,0.0,0.0,0.0,0.0,0.0,0.0,-0.2453755690468165,0.0021279635784531943,1e-06,0.0
2179.0,763.9419815110481,0.0,297.9,0.015,2354.7880690737834,0.0,0.0,0.0,0.0,0.0,0.0,-0.2453755690468165,0.0021279635784531943,1e-06,0.0
2180.0,763.9419815110481,0.0,297.9,0.015,2354.7880690737834,0.0,0.0,0.0,0.0,0.0,0.0,-0.2453755690468165,0.0021279635784531943,1e-06,0.0
2181.0,763.9419815110481,0.0,297.9,0.015,2354.7880690737834,0.0,0.0,0.0,0.0,0.0,0.0,-0.2453755690468165,0.0021279635784531943,1e-06,0.0
2182.0,763.9419815110481,0.0,297.9,0.015,2354.7880690737834,0.0,0.0,0.0,0.0,0.0,0.0,-0.2453755690468165,0.0021279635784531943,1e-06,0.0
2183.0,763.9419815110481,0.0,297.9,0.015,2354.7880690737834,0.0,0.0,0.0,0.0,0.0,0.0,-0.2453755690468165,0.0021279635784531943,1e-06,0.0
2184.0,763.9419815110481,0.0,297.9,0.015,2354.7880690737834,0.0,0.0,0.0,0.0,0.0,0.0,-0.2453755690468165,0.0021279635784531943,1e-06,0.0
2185.0,763.9419815110481,0.0,297.9,0.015,2354.7880690737834,0.0,0.0,0.0,0.0,0.0,0.0,-0.2453755690468165,0.0021279635784531943,1e-06,0.0
2186.0,763.9419815110481,0.0,297.9,0.015,2354.7880690737834,0.0,0.0,0.0,0.0,0.0,0.0,-0.2453755690468165,0.0021279635784531943,1e-06,0.0
2187.0,763.9419815110481,0.0,297.9,0.015,2354.7880690737834,0.0,0.0,0.0,0.0,0.0,0.0,-0.2453755690468165,0.0021279635784531943,1e-06,0.0
2188.0,763.9419815110481,0.0,297.9,0.015,2354.7880690737834,0.0,0.0,0.0,0.0,0.0,0.0,-0.2453755690468165,0.0021279635784531943,1e-06,0.0
2189.0,763.9419815110481,0.0,297.9,0.015,2354.7880690737834,0.0,0.0,0.0,0.0,0.0,0.0,-0.2453755690468165,0.0021279635784531943,1e-06,0.0
2190.0,763.9419815110481,0.0,297.9,0.015,2354.7880690737834,0.0,0.0,0.0,0.0,0.0,0.0,-0.2453755690468165,0.0021279635784531943,1e-06,0.0
2191.0,763.9419815110481,0.0,297.9,0.015,2354.7880690737834,0.0,0.0,0.0,0.0,0.0,0.0,-0.2453755690468165,0.0021279635784531943,1e-06,0.0
2192.0,763.9419815110481,0.0,297.9,0.015,2354.7880690737834,0.0,0.0,0.0,0.0,0.0,0.0,-0.2453755690468165,0.0021279635784531943,1e-06,0.0
2193.0,763.9419815110481,0.0,297.9,0.015,2354.7880690737834,0.0,0.0,0.0,0.0,0.0,0.0,-0.2453755690468165,0.0021279635784531943,1e-06,0.0
2194.0,763.9419815110481,0.0,297.9,0.015,2354.7880690737834,0.0,0.0,0.0,0.0,0.0,0.0,-0.2453755690468165,0.0021279635784531943,1e-06,0.0
2195.0,763.9419815110481,0.0,297.9,0.015,2354.7880690737834,0.0,0.0,0.0,0.0,0.0,0.0,-0.2453755690468165,0.0021279635784531943,1e-06,0.0
2196.0,763.9419815110481,0.0,297.9,0.015,2354.7880690737834,0.0,0.0,0.0,0.0,0.0,0.0,-0.2453755690468165,0.0021279635784531943,1e-06,0.0
2197.0,763.9419815110481,0.0,297.9,0.015,2354.7880690737834,0.0,0.0,0.0,0.0,0.0,0.0,-0.2453755690468165,0.0021279635784531943,1e-06,0.0
2198.0,763.9419815110481,0.0,297.9,0.015,2354.7880690737834,0.0,0.0,0.0,0.0,0.0,0.0,-0.2453755690468165,0.0021279635784531943,1e-06,0.0
2199.0,763.9419815110481,0.0,297.9,0.015,2354.7880690737834,0.0,0.0,0.0,0.0,0.0,0.0,-0.2453755690468165,0.0021279635784531943,1e-06,0.0
2200.0,763.9419815110481,0.0,297.9,0.015,2354.7880690737834,0.0,0.0,0.0,0.0,0.0,0.0,-0.2453755690468165,0.0021279635784531943,1e-06,0.0
2201.0,763.9419815110481,0.0,297.9,0.015,2354.7880690737834,0.0,0.0,0.0,0.0,0.0,0.0,-0.2453755690468165,0.0021279635784531943,1e-06,0.0
2202.0,763.9419815110481,0.0,297.9,0.015,2354.7880690737834,0.0,0.0,0.0,0.0,0.0,0.0,-0.2453755690468165,0.0021279635784531943,1e-06,0.0
2203.0,763.9419815110481,0.0,297.9,0.015,2354.7880690737834,0.0,0.0,0.0,0.0,0.0,0.0,-0.2453755690468165,0.0021279635784531943,1e-06,0.0
2204.0,763.9419815110481,0.0,297.9,0.015,2354.7880690737834,0.0,0.0,0.0,0.0,0.0,0.0,-0.2453755690468165,0.0021279635784531943,1e-06,0.0
2205.0,763.9419815110481,0.0,297.9,0.015,2354.7880690737834,0.0,0.0,0.0,0.0,0.0,0.0,-0.2453755690468165,0.0021279635784531943,1e-06,0.0
2206.0,763.9419815110481,0.0,297.9,0.015,2354.7880690737834,0.0,0.0,0.0,0.0,0.0,0.0,-0.2453755690468165,0.0021279635784531943,1e-06,0.0
2207.0,763.9419815110481,0.0,297.9,0.015,2354.7880690737834,0.0,0.0,0.0,0.0,0.0,0.0,-0.2453755690468165,0.0021279635784531943,1e-06,0.0
2208.0,763.9419815110481,0.0,297.9,0.015,2354.7880690737834,0.0,0.0,0.0,0.0,0.0,0.0,-0.2453755690468165,0.0021279635784531943,1e-06,0.0
2209.0,763.9419815110481,0.0,297.9,0.015,2354.7880690737834,0.0,0.0,0.0,0.0,0.0,0.0,-0.2453755690468165,0.0021279635784531943,1e-06,0.0
2210.0,763.9419815110481,0.0,297.9,0.015,2354.7880690737834,0.0,0.0,0.0,0.0,0.0,0.0,-0.2453755690468165,0.0021279635784531943,1e-06,0.0
2211.0,763.9419815110481,0.0,297.9,0.015,2354.7880690737834,0.0,0.0,0.0,0.0,0.0,0.0,-0.2453755690468165,0.0021279635784531943,1e-06,0.0
2212.0,763.9419815110481,0.0,297.9,0.015,2354.7880690737834,0.0,0.0,0.0,0.0,0.0,0.0,-0.2453755690468165,0.0021279635784531943,1e-06,0.0
2213.0,763.9419815110481,0.0,297.9,0.015,2354.7880690737834,0.0,0.0,0.0,0.0,0.0,0.0,-0.2453755690468165,0.0021279635784531943,1e-06,0.0
2214.0,763.9419815110481,0.0,297.9,0.015,2354.7880690737834,0.0,0.0,0.0,0.0,0.0,0.0,-0.2453755690468165,0.0021279635784531943,1e-06,0.0
2215.0,763.9419815110481,0.0,297.9,0.015,2354.7880690737834,0.0,0.0,0.0,0.0,0.0,0.0,-0.2453755690468165,0.0021279635784531943,1e-06,0.0
2216.0,763.9419815110481,0.0,297.9,0.015,2354.7880690737834,0.0,0.0,0.0,0.0,0.0,0.0,-0.2453755690468165,0.0021279635784531943,1e-06,0.0
2217.0,763.9419815110481,0.0,297.9,0.015,2354.7880690737834,0.0,0.0,0.0,0.0,0.0,0.0,-0.2453755690468165,0.0021279635784531943,1e-06,0.0
2218.0,763.9419815110481,0.0,297.9,0.015,2354.7880690737834,0.0,0.0,0.0,0.0,0.0,0.0,-0.2453755690468165,0.0021279635784531943,1e-06,0.0
2219.0,763.9419815110481,0.0,297.9,0.015,2354.7880690737834,0.0,0.0,0.0,0.0,0.0,0.0,-0.2453755690468165,0.0021279635784531943,1e-06,0.0
2220.0,763.9419815110481,0.0,297.9,0.015,2354.7880690737834,0.0,0.0,0.0,0.0,0.0,0.0,-0.2453755690468165,0.0021279635784531943,1e-06,0.0
2221.0,763.9419815110481,0.0,297.9,0.015,2354.7880690737834,0.0,0.0,0.0,0.0,0.0,0.0,-0.2453755690468165,0.0021279635784531943,1e-06,0.0
2222.0,763.9419815110481,0.0,297.9,0.015,2354.7880690737834,0.0,0.0,0.0,0.0,0.0,0.0,-0.2453755690468165,0.0021279635784531943,1e-06,0.0
2223.0,763.9419815110481,0.0,297.9,0.015,2354.7880690737834,0.0,0.0,0.0,0.0,0.0,0.0,-0.2453755690468165,0.0021279635784531943,1e-06,0.0
2224.0,763.9419815110481,0.0,297.9,0.015,2354.7880690737834,0.0,0.0,0.0,0.0,0.0,0.0,-0.2453755690468165,0.0021279635784531943,1e-06,0.0
2225.0,763.9419815110481,0.0,297.9,0.015,2354.7880690737834,0.0,0.0,0.0,0.0,0.0,0.0,-0.2453755690468165,0.0021279635784531943,1e-06,0.0
2226.0,763.9419815110481,0.0,297.9,0.015,2354.7880690737834,0.0,0.0,0.0,0.0,0.0,0.0,-0.2453755690468165,0.0021279635784531943,1e-06,0.0
2227.0,763.9419815110481,0.0,297.9,0.015,2354.7880690737834,0.0,0.0,0.0,0.0,0.0,0.0,-0.2453755690468165,0.0021279635784531943,1e-06,0.0
2228.0,763.9419815110481,0.0,297.9,0.015,2354.7880690737834,0.0,0.0,0.0,0.0,0.0,0.0,-0.2453755690468165,0.0021279635784531943,1e-06,0.0
2229.0,763.9419815110481,0.0,297.9,0.015,2354.7880690737834,0.0,0.0,0.0,0.0,0.0,0.0,-0.2453755690468165,0.0021279635784531943,1e-06,0.0
2230.0,763.9419815110481,0.0,297.9,0.015,2354.7880690737834,0.0,0.0,0.0,0.0,0.0,0.0,-0.2453755690468165,0.0021279635784531943,1e-06,0.0
2231.0,763.9419815110481,0.0,297.9,0.015,2354.7880690737834,0.0,0.0,0.0,0.0,0.0,0.0,-0.2453755690468165,0.0021279635784531943,1e-06,0.0
2232.0,763.9419815110481,0.0,297.9,0.015,2354.7880690737834,0.0,0.0,0.0,0.0,0.0,0.0,-0.2453755690468165,0.0021279635784531943,1e-06,0.0
2233.0,763.9419815110481,0.0,297.9,0.015,2354.7880690737834,0.0,0.0,0.0,0.0,0.0,0.0,-0.2453755690468165,0.0021279635784531943,1e-06,0.0
2234.0,763.9419815110481,0.0,297.9,0.015,2354.7880690737834,0.0,0.0,0.0,0.0,0.0,0.0,-0.2453755690468165,0.0021279635784531943,1e-06,0.0
2235.0,763.9419815110481,0.0,297.9,0.015,2354.7880690737834,0.0,0.0,0.0,0.0,0.0,0.0,-0.2453755690468165,0.0021279635784531943,1e-06,0.0
2236.0,763.9419815110481,0.0,297.9,0.015,2354.7880690737834,0.0,0.0,0.0,0.0,0.0,0.0,-0.2453755690468165,0.0021279635784531943,1e-06,0.0
2237.0,763.9419815110481,0.0,297.9,0.015,2354.7880690737834,0.0,0.0,0.0,0.0,0.0,0.0,-0.2453755690468165,0.0021279635784531943,1e-06,0.0
2238.0,763.9419815110481,0.0,297.9,0.015,2354.7880690737834,0.0,0.0,0.0,0.0,0.0,0.0,-0.2453755690468165,0.0021279635784531943,1e-06,0.0
2239.0,763.9419815110481,0.0,297.9,0.015,2354.7880690737834,0.0,0.0,0.0,0.0,0.0,0.0,-0.2453755690468165,0.0021279635784531943,1e-06,0.0
2240.0,763.9419815110481,0.0,297.9,0.015,2354.7880690737834,0.0,0.0,0.0,0.0,0.0,0.0,-0.2453755690468165,0.0021279635784531943,1e-06,0.0
2241.0,763.9419815110481,0.0,297.9,0.015,2354.7880690737834,0.0,0.0,0.0,0.0,0.0,0.0,-0.2453755690468165,0.0021279635784531943,1e-06,0.0
2242.0,763.9419815110481,0.0,297.9,0.015,2354.7880690737834,0.0,0.0,0.0,0.0,0.0,0.0,-0.2453755690468165,0.0021279635784531943,1e-06,0.0
2243.0,763.9419815110481,0.0,297.9,0.015,2354.7880690737834,0.0,0.0,0.0,0.0,0.0,0.0,-0.2453755690468165,0.0021279635784531943,1e-06,0.0
2244.0,763.9419815110481,0.0,297.9,0.015,2354.7880690737834,0.0,0.0,0.0,0.0,0.0,0.0,-0.2453755690468165,0.0021279635784531943,1e-06,0.0
2245.0,763.9419815110481,0.0,297.9,0.015,2354.7880690737834,0.0,0.0,0.0,0.0,0.0,0.0,-0.2453755690468165,0.0021279635784531943,1e-06,0.0
2246.0,763.9419815110481,0.0,297.9,0.015,2354.7880690737834,0.0,0.0,0.0,0.0,0.0,0.0,-0.2453755690468165,0.0021279635784531943,1e-06,0.0
2247.0,763.9419815110481,0.0,297.9,0.015,2354.7880690737834,0.0,0.0,0.0,0.0,0.0,0.0,-0.2453755690468165,0.0021279635784531943,1e-06,0.0
2248.0,763.9419815110481,0.0,297.9,0.015,2354.7880690737834,0.0,0.0,0.0,0.0,0.0,0.0,-0.2453755690468165,0.0021279635784531943,1e-06,0.0
2249.0,763.9419815110481,0.0,297.9,0.015,2354.7880690737834,0.0,0.0,0.0,0.0,0.0,0.0,-0.2453755690468165,0.0021279635784531943,1e-06,0.0
2250.0,763.9419815110481,0.0,297.9,0.015,2354.7880690737834,0.0,0.0,0.0,0.0,0.0,0.0,-0.2453755690468165,0.0021279635784531943,1e-06,0.0
2251.0,763.9419815110481,0.0,297.9,0.015,2354.7880690737834,0.0,0.0,0.0,0.0,0.0,0.0,-0.2453755690468165,0.0021279635784531943,1e-06,0.0
2252.0,763.9419815110481,0.0,297.9,0.015,2354.7880690737834,0.0,0.0,0.0,0.0,0.0,0.0,-0.2453755690468165,0.0021279635784531943,1e-06,0.0
2253.0,763.9419815110481,0.0,297.9,0.015,2354.7880690737834,0.0,0.0,0.0,0.0,0.0,0.0,-0.2453755690468165,0.0021279635784531943,1e-06,0.0
2254.0,763.9419815110481,0.0,297.9,0.015,2354.7880690737834,0.0,0.0,0.0,0.0,0.0,0.0,-0.2453755690468165,0.0021279635784531943,1e-06,0.0
2255.0,763.9419815110481,0.0,297.9,0.015,2354.7880690737834,0.0,0.0,0.0,0.0,0.0,0.0,-0.2453755690468165,0.0021279635784531943,1e-06,0.0
2256.0,763.9419815110481,0.0,297.9,0.015,2354.7880690737834,0.0,0.0,0.0,0.0,0.0,0.0,-0.2453755690468165,0.0021279635784531943,1e-06,0.0
2257.0,763.9419815110481,0.0,297.9,0.015,2354.7880690737834,0.0,0.0,0.0,0.0,0.0,0.0,-0.2453755690468165,0.0021279635784531943,1e-06,0.0
2258.0,763.9419815110481,0.0,297.9,0.015,2354.7880690737834,0.0,0.0,0.0,0.0,0.0,0.0,-0.2453755690468165,0.0021279635784531943,1e-06,0.0
2259.0,763.9419815110481,0.0,297.9,0.015,2354.7880690737834,0.0,0.0,0.0,0.0,0.0,0.0,-0.2453755690468165,0.0021279635784531943,1e-06,0.0
2260.0,763.9419815110481,0.0,297.9,0.015,2354.7880690737834,0.0,0.0,0.0,0.0,0.0,0.0,-0.2453755690468165,0.0021279635784531943,1e-06,0.0
2261.0,763.9419815110481,0.0,297.9,0.015,2354.7880690737834,0.0,0.0,0.0,0.0,0.0,0.0,-0.2453755690468165,0.0021279635784531943,1e-06,0.0
2262.0,763.9419815110481,0.0,297.9,0.015,2354.7880690737834,0.0,0.0,0.0,0.0,0.0,0.0,-0.2453755690468165,0.0021279635784531943,1e-06,0.0
2263.0,763.9419815110481,0.0,297.9,0.015,2354.7880690737834,0.0,0.0,0.0,0.0,0.0,0.0,-0.2453755690468165,0.0021279635784531943,1e-06,0.0
2264.0,763.9419815110481,0.0,297.9,0.015,2354.7880690737834,0.0,0.0,0.0,0.0,0.0,0.0,-0.2453755690468165,0.0021279635784531943,1e-06,0.0
2265.0,763.9419815110481,0.0,297.9,0.015,2354.7880690737834,0.0,0.0,0.0,0.0,0.0,0.0,-0.2453755690468165,0.0021279635784531943,1e-06,0.0
2266.0,763.9419815110481,0.0,297.9,0.015,2354.7880690737834,0.0,0.0,0.0,0.0,0.0,0.0,-0.2453755690468165,0.0021279635784531943,1e-06,0.0
2267.0,763.9419815110481,0.0,297.9,0.015,2354.7880690737834,0.0,0.0,0.0,0.0,0.0,0.0,-0.2453755690468165,0.0021279635784531943,1e-06,0.0
2268.0,763.9419815110481,0.0,297.9,0.015,2354.7880690737834,0.0,0.0,0.0,0.0,0.0,0.0,-0.2453755690468165,0.0021279635784531943,1e-06,0.0
2269.0,763.9419815110481,0.0,297.9,0.015,2354.7880690737834,0.0,0.0,0.0,0.0,0.0,0.0,-0.2453755690468165,0.0021279635784531943,1e-06,0.0
2270.0,763.9419815110481,0.0,297.9,0.015,2354.7880690737834,0.0,0.0,0.0,0.0,0.0,0.0,-0.2453755690468165,0.0021279635784531943,1e-06,0.0
2271.0,763.9419815110481,0.0,297.9,0.015,2354.7880690737834,0.0,0.0,0.0,0.0,0.0,0.0,-0.2453755690468165,0.0021279635784531943,1e-06,0.0
2272.0,763.9419815110481,0.0,297.9,0.015,2354.7880690737834,0.0,0.0,0.0,0.0,0.0,0.0,-0.2453755690468165,0.0021279635784531943,1e-06,0.0
2273.0,763.9419815110481,0.0,297.9,0.015,2354.7880690737834,0.0,0.0,0.0,0.0,0.0,0.0,-0.2453755690468165,0.0021279635784531943,1e-06,0.0
2274.0,763.9419815110481,0.0,297.9,0.015,2354.7880690737834,0.0,0.0,0.0,0.0,0.0,0.0,-0.2453755690468165,0.0021279635784531943,1e-06,0.0
2275.0,763.9419815110481,0.0,297.9,0.015,2354.7880690737834,0.0,0.0,0.0,0.0,0.0,0.0,-0.2453755690468165,0.0021279635784531943,1e-06,0.0
2276.0,763.9419815110481,0.0,297.9,0.015,2354.7880690737834,0.0,0.0,0.0,0.0,0.0,0.0,-0.2453755690468165,0.0021279635784531943,1e-06,0.0
2277.0,763.9419815110481,0.0,297.9,0.015,2354.7880690737834,0.0,0.0,0.0,0.0,0.0,0.0,-0.2453755690468165,0.0021279635784531943,1e-06,0.0
2278.0,763.9419815110481,0.0,297.9,0.015,2354.7880690737834,0.0,0.0,0.0,0.0,0.0,0.0,-0.2453755690468165,0.0021279635784531943,1e-06,0.0
2279.0,763.9419815110481,0.0,297.9,0.015,2354.7880690737834,0.0,0.0,0.0,0.0,0.0,0.0,-0.2453755690468165,0.0021279635784531943,1e-06,0.0
2280.0,763.9419815110481,0.0,297.9,0.015,2354.7880690737834,0.0,0.0,0.0,0.0,0.0,0.0,-0.2453755690468165,0.0021279635784531943,1e-06,0.0
2281.0,763.9419815110481,0.0,297.9,0.015,2354.7880690737834,0.0,0.0,0.0,0.0,0.0,0.0,-0.2453755690468165,0.0021279635784531943,1e-06,0.0
2282.0,763.9419815110481,0.0,297.9,0.015,2354.7880690737834,0.0,0.0,0.0,0.0,0.0,0.0,-0.2453755690468165,0.0021279635784531943,1e-06,0.0
2283.0,763.9419815110481,0.0,297.9,0.015,2354.7880690737834,0.0,0.0,0.0,0.0,0.0,0.0,-0.2453755690468165,0.0021279635784531943,1e-06,0.0
2284.0,763.9419815110481,0.0,297.9,0.015,2354.7880690737834,0.0,0.0,0.0,0.0,0.0,0.0,-0.2453755690468165,0.0021279635784531943,1e-06,0.0
2285.0,763.9419815110481,0.0,297.9,0.015,2354.7880690737834,0.0,0.0,0.0,0.0,0.0,0.0,-0.2453755690468165,0.0021279635784531943,1e-06,0.0
2286.0,763.9419815110481,0.0,297.9,0.015,2354.7880690737834,0.0,0.0,0.0,0.0,0.0,0.0,-0.2453755690468165,0.0021279635784531943,1e-06,0.0
2287.0,763.9419815110481,0.0,297.9,0.015,2354.7880690737834,0.0,0.0,0.0,0.0,0.0,0.0,-0.2453755690468165,0.0021279635784531943,1e-06,0.0
2288.0,763.9419815110481,0.0,297.9,0.015,2354.7880690737834,0.0,0.0,0.0,0.0,0.0,0.0,-0.2453755690468165,0.0021279635784531943,1e-06,0.0
2289.0,763.9419815110481,0.0,297.9,0.015,2354.7880690737834,0.0,0.0,0.0,0.0,0.0,0.0,-0.2453755690468165,0.0021279635784531943,1e-06,0.0
2290.0,763.9419815110481,0.0,297.9,0.015,2354.7880690737834,0.0,0.0,0.0,0.0,0.0,0.0,-0.2453755690468165,0.0021279635784531943,1e-06,0.0
2291.0,763.9419815110481,0.0,297.9,0.015,2354.7880690737834,0.0,0.0,0.0,0.0,0.0,0.0,-0.2453755690468165,0.0021279635784531943,1e-06,0.0
2292.0,763.9419815110481,0.0,297.9,0.015,2354.7880690737834,0.0,0.0,0.0,0.0,0.0,0.0,-0.2453755690468165,0.0021279635784531943,1e-06,0.0
2293.0,763.9419815110481,0.0,297.9,0.015,2354.7880690737834,0.0,0.0,0.0,0.0,0.0,0.0,-0.2453755690468165,0.0021279635784531943,1e-06,0.0
2294.0,763.9419815110481,0.0,297.9,0.015,2354.7880690737834,0.0,0.0,0.0,0.0,0.0,0.0,-0.2453755690468165,0.0021279635784531943,1e-06,0.0
2295.0,763.9419815110481,0.0,297.9,0.015,2354.7880690737834,0.0,0.0,0.0,0.0,0.0,0.0,-0.2453755690468165,0.0021279635784531943,1e-06,0.0
2296.0,763.9419815110481,0.0,297.9,0.015,2354.7880690737834,0.0,0.0,0.0,0.0,0.0,0.0,-0.2453755690468165,0.0021279635784531943,1e-06,0.0
2297.0,763.9419815110481,0.0,297.9,0.015,2354.7880690737834,0.0,0.0,0.0,0.0,0.0,0.0,-0.2453755690468165,0.0021279635784531943,1e-06,0.0
2298.0,763.9419815110481,0.0,297.9,0.015,2354.7880690737834,0.0,0.0,0.0,0.0,0.0,0.0,-0.2453755690468165,0.0021279635784531943,1e-06,0.0
2299.0,763.9419815110481,0.0,297.9,0.015,2354.7880690737834,0.0,0.0,0.0,0.0,0.0,0.0,-0.2453755690468165,0.0021279635784531943,1e-06,0.0
2300.0,763.9419815110481,0.0,297.9,0.015,2354.7880690737834,0.0,0.0,0.0,0.0,0.0,0.0,-0.2453755690468165,0.0021279635784531943,1e-06,0.0
2301.0,763.9419815110481,0.0,297.9,0.015,2354.7880690737834,0.0,0.0,0.0,0.0,0.0,0.0,-0.2453755690468165,0.0021279635784531943,1e-06,0.0
2302.0,763.9419815110481,0.0,297.9,0.015,2354.7880690737834,0.0,0.0,0.0,0.0,0.0,0.0,-0.2453755690468165,0.0021279635784531943,1e-06,0.0
2303.0,763.9419815110481,0.0,297.9,0.015,2354.7880690737834,0.0,0.0,0.0,0.0,0.0,0.0,-0.2453755690468165,0.0021279635784531943,1e-06,0.0
2304.0,763.9419815110481,0.0,297.9,0.015,2354.7880690737834,0.0,0.0,0.0,0.0,0.0,0.0,-0.2453755690468165,0.0021279635784531943,1e-06,0.0
2305.0,763.9419815110481,0.0,297.9,0.015,2354.7880690737834,0.0,0.0,0.0,0.0,0.0,0.0,-0.2453755690468165,0.0021279635784531943,1e-06,0.0
2306.0,763.9419815110481,0.0,297.9,0.015,2354.7880690737834,0.0,0.0,0.0,0.0,0.0,0.0,-0.2453755690468165,0.0021279635784531943,1e-06,0.0
2307.0,763.9419815110481,0.0,297.9,0.015,2354.7880690737834,0.0,0.0,0.0,0.0,0.0,0.0,-0.2453755690468165,0.0021279635784531943,1e-06,0.0
2308.0,763.9419815110481,0.0,297.9,0.015,2354.7880690737834,0.0,0.0,0.0,0.0,0.0,0.0,-0.2453755690468165,0.0021279635784531943,1e-06,0.0
2309.0,763.9419815110481,0.0,297.9,0.015,2354.7880690737834,0.0,0.0,0.0,0.0,0.0,0.0,-0.2453755690468165,0.0021279635784531943,1e-06,0.0
2310.0,763.9419815110481,0.0,297.9,0.015,2354.7880690737834,0.0,0.0,0.0,0.0,0.0,0.0,-0.2453755690468165,0.0021279635784531943,1e-06,0.0
2311.0,763.9419815110481,0.0,297.9,0.015,2354.7880690737834,0.0,0.0,0.0,0.0,0.0,0.0,-0.2453755690468165,0.0021279635784531943,1e-06,0.0
2312.0,763.9419815110481,0.0,297.9,0.015,2354.7880690737834,0.0,0.0,0.0,0.0,0.0,0.0,-0.2453755690468165,0.0021279635784531943,1e-06,0.0
2313.0,763.9419815110481,0.0,297.9,0.015,2354.7880690737834,0.0,0.0,0.0,0.0,0.0,0.0,-0.2453755690468165,0.0021279635784531943,1e-06,0.0
2314.0,763.9419815110481,0.0,297.9,0.015,2354.7880690737834,0.0,0.0,0.0,0.0,0.0,0.0,-0.2453755690468165,0.0021279635784531943,1e-06,0.0
2315.0,763.9419815110481,0.0,297.9,0.015,2354.7880690737834,0.0,0.0,0.0,0.0,0.0,0.0,-0.2453755690468165,0.0021279635784531943,1e-06,0.0
2316.0,763.9419815110481,0.0,297.9,0.015,2354.7880690737834,0.0,0.0,0.0,0.0,0.0,0.0,-0.2453755690468165,0.0021279635784531943,1e-06,0.0
2317.0,763.9419815110481,0.0,297.9,0.015,2354.7880690737834,0.0,0.0,0.0,0.0,0.0,0.0,-0.2453755690468165,0.0021279635784531943,1e-06,0.0
2318.0,763.9419815110481,0.0,297.9,0.015,2354.7880690737834,0.0,0.0,0.0,0.0,0.0,0.0,-0.2453755690468165,0.0021279635784531943,1e-06,0.0
2319.0,763.9419815110481,0.0,297.9,0.015,2354.7880690737834,0.0,0.0,0.0,0.0,0.0,0.0,-0.2453755690468165,0.0021279635784531943,1e-06,0.0
2320.0,763.9419815110481,0.0,297.9,0.015,2354.7880690737834,0.0,0.0,0.0,0.0,0.0,0.0,-0.2453755690468165,0.0021279635784531943,1e-06,0.0
2321.0,763.9419815110481,0.0,297.9,0.015,2354.7880690737834,0.0,0.0,0.0,0.0,0.0,0.0,-0.2453755690468165,0.0021279635784531943,1e-06,0.0
2322.0,763.9419815110481,0.0,297.9,0.015,2354.7880690737834,0.0,0.0,0.0,0.0,0.0,0.0,-0.2453755690468165,0.0021279635784531943,1e-06,0.0
2323.0,763.9419815110481,0.0,297.9,0.015,2354.7880690737834,0.0,0.0,0.0,0.0,0.0,0.0,-0.2453755690468165,0.0021279635784531943,1e-06,0.0
2324.0,763.9419815110481,0.0,297.9,0.015,2354.7880690737834,0.0,0.0,0.0,0.0,0.0,0.0,-0.2453755690468165,0.0021279635784531943,1e-06,0.0
2325.0,763.9419815110481,0.0,297.9,0.015,2354.7880690737834,0.0,0.0,0.0,0.0,0.0,0.0,-0.2453755690468165,0.0021279635784531943,1e-06,0.0
2326.0,763.9419815110481,0.0,297.9,0.015,2354.7880690737834,0.0,0.0,0.0,0.0,0.0,0.0,-0.2453755690468165,0.0021279635784531943,1e-06,0.0
2327.0,763.9419815110481,0.0,297.9,0.015,2354.7880690737834,0.0,0.0,0.0,0.0,0.0,0.0,-0.2453755690468165,0.0021279635784531943,1e-06,0.0
2328.0,763.9419815110481,0.0,297.9,0.015,2354.7880690737834,0.0,0.0,0.0,0.0,0.0,0.0,-0.2453755690468165,0.0021279635784531943,1e-06,0.0
2329.0,763.9419815110481,0.0,297.9,0.015,2354.7880690737834,0.0,0.0,0.0,0.0,0.0,0.0,-0.2453755690468165,0.0021279635784531943,1e-06,0.0
2330.0,763.9419815110481,0.0,297.9,0.015,2354.7880690737834,0.0,0.0,0.0,0.0,0.0,0.0,-0.2453755690468165,0.0021279635784531943,1e-06,0.0
2331.0,763.9419815110481,0.0,297.9,0.015,2354.7880690737834,0.0,0.0,0.0,0.0,0.0,0.0,-0.2453755690468165,0.0021279635784531943,1e-06,0.0
2332.0,763.9419815110481,0.0,297.9,0.015,2354.7880690737834,0.0,0.0,0.0,0.0,0.0,0.0,-0.2453755690468165,0.0021279635784531943,1e-06,0.0
2333.0,763.9419815110481,0.0,297.9,0.015,2354.7880690737834,0.0,0.0,0.0,0.0,0.0,0.0,-0.2453755690468165,0.0021279635784531943,1e-06,0.0
2334.0,763.9419815110481,0.0,297.9,0.015,2354.7880690737834,0.0,0.0,0.0,0.0,0.0,0.0,-0.2453755690468165,0.0021279635784531943,1e-06,0.0
2335.0,763.9419815110481,0.0,297.9,0.015,2354.7880690737834,0.0,0.0,0.0,0.0,0.0,0.0,-0.2453755690468165,0.0021279635784531943,1e-06,0.0
2336.0,763.9419815110481,0.0,297.9,0.015,2354.7880690737834,0.0,0.0,0.0,0.0,0.0,0.0,-0.2453755690468165,0.0021279635784531943,1e-06,0.0
2337.0,763.9419815110481,0.0,297.9,0.015,2354.7880690737834,0.0,0.0,0.0,0.0,0.0,0.0,-0.2453755690468165,0.0021279635784531943,1e-06,0.0
2338.0,763.9419815110481,0.0,297.9,0.015,2354.7880690737834,0.0,0.0,0.0,0.0,0.0,0.0,-0.2453755690468165,0.0021279635784531943,1e-06,0.0
2339.0,763.9419815110481,0.0,297.9,0.015,2354.7880690737834,0.0,0.0,0.0,0.0,0.0,0.0,-0.2453755690468165,0.0021279635784531943,1e-06,0.0
2340.0,763.9419815110481,0.0,297.9,0.015,2354.7880690737834,0.0,0.0,0.0,0.0,0.0,0.0,-0.2453755690468165,0.0021279635784531943,1e-06,0.0
2341.0,763.9419815110481,0.0,297.9,0.015,2354.7880690737834,0.0,0.0,0.0,0.0,0.0,0.0,-0.2453755690468165,0.0021279635784531943,1e-06,0.0
2342.0,763.9419815110481,0.0,297.9,0.015,2354.7880690737834,0.0,0.0,0.0,0.0,0.0,0.0,-0.2453755690468165,0.0021279635784531943,1e-06,0.0
2343.0,763.9419815110481,0.0,297.9,0.015,2354.7880690737834,0.0,0.0,0.0,0.0,0.0,0.0,-0.2453755690468165,0.0021279635784531943,1e-06,0.0
2344.0,763.9419815110481,0.0,297.9,0.015,2354.7880690737834,0.0,0.0,0.0,0.0,0.0,0.0,-0.2453755690468165,0.0021279635784531943,1e-06,0.0
2345.0,763.9419815110481,0.0,297.9,0.015,2354.7880690737834,0.0,0.0,0.0,0.0,0.0,0.0,-0.2453755690468165,0.0021279635784531943,1e-06,0.0
2346.0,763.9419815110481,0.0,297.9,0.015,2354.7880690737834,0.0,0.0,0.0,0.0,0.0,0.0,-0.2453755690468165,0.0021279635784531943,1e-06,0.0
2347.0,763.9419815110481,0.0,297.9,0.015,2354.7880690737834,0.0,0.0,0.0,0.0,0.0,0.0,-0.2453755690468165,0.0021279635784531943,1e-06,0.0
2348.0,763.9419815110481,0.0,297.9,0.015,2354.7880690737834,0.0,0.0,0.0,0.0,0.0,0.0,-0.2453755690468165,0.0021279635784531943,1e-06,0.0
2349.0,763.9419815110481,0.0,297.9,0.015,2354.7880690737834,0.0,0.0,0.0,0.0,0.0,0.0,-0.2453755690468165,0.0021279635784531943,1e-06,0.0
2350.0,763.9419815110481,0.0,297.9,0.015,2354.7880690737834,0.0,0.0,0.0,0.0,0.0,0.0,-0.2453755690468165,0.0021279635784531943,1e-06,0.0
2351.0,763.9419815110481,0.0,297.9,0.015,2354.7880690737834,0.0,0.0,0.0,0.0,0.0,0.0,-0.2453755690468165,0.0021279635784531943,1e-06,0.0
2352.0,763.9419815110481,0.0,297.9,0.015,2354.7880690737834,0.0,0.0,0.0,0.0,0.0,0.0,-0.2453755690468165,0.0021279635784531943,1e-06,0.0
2353.0,763.9419815110481,0.0,297.9,0.015,2354.7880690737834,0.0,0.0,0.0,0.0,0.0,0.0,-0.2453755690468165,0.0021279635784531943,1e-06,0.0
2354.0,763.9419815110481,0.0,297.9,0.015,2354.7880690737834,0.0,0.0,0.0,0.0,0.0,0.0,-0.2453755690468165,0.0021279635784531943,1e-06,0.0
2355.0,763.9419815110481,0.0,297.9,0.015,2354.7880690737834,0.0,0.0,0.0,0.0,0.0,0.0,-0.2453755690468165,0.0021279635784531943,1e-06,0.0
2356.0,763.9419815110481,0.0,297.9,0.015,2354.7880690737834,0.0,0.0,0.0,0.0,0.0,0.0,-0.2453755690468165,0.0021279635784531943,1e-06,0.0
2357.0,763.9419815110481,0.0,297.9,0.015,2354.7880690737834,0.0,0.0,0.0,0.0,0.0,0.0,-0.2453755690468165,0.0021279635784531943,1e-06,0.0
2358.0,763.9419815110481,0.0,297.9,0.015,2354.7880690737834,0.0,0.0,0.0,0.0,0.0,0.0,-0.2453755690468165,0.0021279635784531943,1e-06,0.0
2359.0,763.9419815110481,0.0,297.9,0.015,2354.7880690737834,0.0,0.0,0.0,0.0,0.0,0.0,-0.2453755690468165,0.0021279635784531943,1e-06,0.0
2360.0,763.9419815110481,0.0,297.9,0.015,2354.7880690737834,0.0,0.0,0.0,0.0,0.0,0.0,-0.2453755690468165,0.0021279635784531943,1e-06,0.0
2361.0,763.9419815110481,0.0,297.9,0.015,2354.7880690737834,0.0,0.0,0.0,0.0,0.0,0.0,-0.2453755690468165,0.0021279635784531943,1e-06,0.0
2362.0,763.9419815110481,0.0,297.9,0.015,2354.7880690737834,0.0,0.0,0.0,0.0,0.0,0.0,-0.2453755690468165,0.0021279635784531943,1e-06,0.0
2363.0,763.9419815110481,0.0,297.9,0.015,2354.7880690737834,0.0,0.0,0.0,0.0,0.0,0.0,-0.2453755690468165,0.0021279635784531943,1e-06,0.0
2364.0,763.9419815110481,0.0,297.9,0.015,2354.7880690737834,0.0,0.0,0.0,0.0,0.0,0.0,-0.2453755690468165,0.0021279635784531943,1e-06,0.0
2365.0,763.9419815110481,0.0,297.9,0.015,2354.7880690737834,0.0,0.0,0.0,0.0,0.0,0.0,-0.2453755690468165,0.0021279635784531943,1e-06,0.0
2366.0,763.9419815110481,0.0,297.9,0.015,2354.7880690737834,0.0,0.0,0.0,0.0,0.0,0.0,-0.2453755690468165,0.0021279635784531943,1e-06,0.0
2367.0,763.9419815110481,0.0,297.9,0.015,2354.7880690737834,0.0,0.0,0.0,0.0,0.0,0.0,-0.2453755690468165,0.0021279635784531943,1e-06,0.0
2368.0,763.9419815110481,0.0,297.9,0.015,2354.7880690737834,0.0,0.0,0.0,0.0,0.0,0.0,-0.2453755690468165,0.0021279635784531943,1e-06,0.0
2369.0,763.9419815110481,0.0,297.9,0.015,2354.7880690737834,0.0,0.0,0.0,0.0,0.0,0.0,-0.2453755690468165,0.0021279635784531943,1e-06,0.0
2370.0,763.9419815110481,0.0,297.9,0.015,2354.7880690737834,0.0,0.0,0.0,0.0,0.0,0.0,-0.2453755690468165,0.0021279635784531943,1e-06,0.0
2371.0,763.9419815110481,0.0,297.9,0.015,2354.7880690737834,0.0,0.0,0.0,0.0,0.0,0.0,-0.2453755690468165,0.0021279635784531943,1e-06,0.0
2372.0,763.9419815110481,0.0,297.9,0.015,2354.7880690737834,0.0,0.0,0.0,0.0,0.0,0.0,-0.2453755690468165,0.0021279635784531943,1e-06,0.0
2373.0,763.9419815110481,0.0,297.9,0.015,2354.7880690737834,0.0,0.0,0.0,0.0,0.0,0.0,-0.2453755690468165,0.0021279635784531943,1e-06,0.0
2374.0,763.9419815110481,0.0,297.9,0.015,2354.7880690737834,0.0,0.0,0.0,0.0,0.0,0.0,-0.2453755690468165,0.0021279635784531943,1e-06,0.0
2375.0,763.9419815110481,0.0,297.9,0.015,2354.7880690737834,0.0,0.0,0.0,0.0,0.0,0.0,-0.2453755690468165,0.0021279635784531943,1e-06,0.0
2376.0,763.9419815110481,0.0,297.9,0.015,2354.7880690737834,0.0,0.0,0.0,0.0,0.0,0.0,-0.2453755690468165,0.0021279635784531943,1e-06,0.0
2377.0,763.9419815110481,0.0,297.9,0.015,2354.7880690737834,0.0,0.0,0.0,0.0,0.0,0.0,-0.2453755690468165,0.0021279635784531943,1e-06,0.0
2378.0,763.9419815110481,0.0,297.9,0.015,2354.7880690737834,0.0,0.0,0.0,0.0,0.0,0.0,-0.2453755690468165,0.0021279635784531943,1e-06,0.0
2379.0,763.9419815110481,0.0,297.9,0.015,2354.7880690737834,0.0,0.0,0.0,0.0,0.0,0.0,-0.2453755690468165,0.0021279635784531943,1e-06,0.0
2380.0,763.9419815110481,0.0,297.9,0.015,2354.7880690737834,0.0,0.0,0.0,0.0,0.0,0.0,-0.2453755690468165,0.0021279635784531943,1e-06,0.0
2381.0,763.9419815110481,0.0,297.9,0.015,2354.7880690737834,0.0,0.0,0.0,0.0,0.0,0.0,-0.2453755690468165,0.0021279635784531943,1e-06,0.0
2382.0,763.9419815110481,0.0,297.9,0.015,2354.7880690737834,0.0,0.0,0.0,0.0,0.0,0.0,-0.2453755690468165,0.0021279635784531943,1e-06,0.0
2383.0,763.9419815110481,0.0,297.9,0.015,2354.7880690737834,0.0,0.0,0.0,0.0,0.0,0.0,-0.2453755690468165,0.0021279635784531943,1e-06,0.0
2384.0,763.9419815110481,0.0,297.9,0.015,2354.7880690737834,0.0,0.0,0.0,0.0,0.0,0.0,-0.2453755690468165,0.0021279635784531943,1e-06,0.0
2385.0,763.9419815110481,0.0,297.9,0.015,2354.7880690737834,0.0,0.0,0.0,0.0,0.0,0.0,-0.2453755690468165,0.0021279635784531943,1e-06,0.0
2386.0,763.9419815110481,0.0,297.9,0.015,2354.7880690737834,0.0,0.0,0.0,0.0,0.0,0.0,-0.2453755690468165,0.0021279635784531943,1e-06,0.0
2387.0,763.9419815110481,0.0,297.9,0.015,2354.7880690737834,0.0,0.0,0.0,0.0,0.0,0.0,-0.2453755690468165,0.0021279635784531943,1e-06,0.0
2388.0,763.9419815110481,0.0,297.9,0.015,2354.7880690737834,0.0,0.0,0.0,0.0,0.0,0.0,-0.2453755690468165,0.0021279635784531943,1e-06,0.0
2389.0,763.9419815110481,0.0,297.9,0.015,2354.7880690737834,0.0,0.0,0.0,0.0,0.0,0.0,-0.2453755690468165,0.0021279635784531943,1e-06,0.0
2390.0,763.9419815110481,0.0,297.9,0.015,2354.7880690737834,0.0,0.0,0.0,0.0,0.0,0.0,-0.2453755690468165,0.0021279635784531943,1e-06,0.0
2391.0,763.9419815110481,0.0,297.9,0.015,2354.7880690737834,0.0,0.0,0.0,0.0,0.0,0.0,-0.2453755690468165,0.0021279635784531943,1e-06,0.0
2392.0,763.9419815110481,0.0,297.9,0.015,2354.7880690737834,0.0,0.0,0.0,0.0,0.0,0.0,-0.2453755690468165,0.0021279635784531943,1e-06,0.0
2393.0,763.9419815110481,0.0,297.9,0.015,2354.7880690737834,0.0,0.0,0.0,0.0,0.0,0.0,-0.2453755690468165,0.0021279635784531943,1e-06,0.0
2394.0,763.9419815110481,0.0,297.9,0.015,2354.7880690737834,0.0,0.0,0.0,0.0,0.0,0.0,-0.2453755690468165,0.0021279635784531943,1e-06,0.0
2395.0,763.9419815110481,0.0,297.9,0.015,2354.7880690737834,0.0,0.0,0.0,0.0,0.0,0.0,-0.2453755690468165,0.0021279635784531943,1e-06,0.0
2396.0,763.9419815110481,0.0,297.9,0.015,2354.7880690737834,0.0,0.0,0.0,0.0,0.0,0.0,-0.2453755690468165,0.0021279635784531943,1e-06,0.0
2397.0,763.9419815110481,0.0,297.9,0.015,2354.7880690737834,0.0,0.0,0.0,0.0,0.0,0.0,-0.2453755690468165,0.0021279635784531943,1e-06,0.0
2398.0,763.9419815110481,0.0,297.9,0.015,2354.7880690737834,0.0,0.0,0.0,0.0,0.0,0.0,-0.2453755690468165,0.0021279635784531943,1e-06,0.0
2399.0,763.9419815110481,0.0,297.9,0.015,2354.7880690737834,0.0,0.0,0.0,0.0,0.0,0.0,-0.2453755690468165,0.0021279635784531943,1e-06,0.0
2400.0,763.9419815110481,0.0,297.9,0.015,2354.7880690737834,0.0,0.0,0.0,0.0,0.0,0.0,-0.2453755690468165,0.0021279635784531943,1e-06,0.0
2401.0,763.9419815110481,0.0,297.9,0.015,2354.7880690737834,0.0,0.0,0.0,0.0,0.0,0.0,-0.2453755690468165,0.0021279635784531943,1e-06,0.0
2402.0,763.9419815110481,0.0,297.9,0.015,2354.7880690737834,0.0,0.0,0.0,0.0,0.0,0.0,-0.2453755690468165,0.0021279635784531943,1e-06,0.0
2403.0,763.9419815110481,0.0,297.9,0.015,2354.7880690737834,0.0,0.0,0.0,0.0,0.0,0.0,-0.2453755690468165,0.0021279635784531943,1e-06,0.0
2404.0,763.9419815110481,0.0,297.9,0.015,2354.7880690737834,0.0,0.0,0.0,0.0,0.0,0.0,-0.2453755690468165,0.0021279635784531943,1e-06,0.0
2405.0,763.9419815110481,0.0,297.9,0.015,2354.7880690737834,0.0,0.0,0.0,0.0,0.0,0.0,-0.2453755690468165,0.0021279635784531943,1e-06,0.0
2406.0,763.9419815110481,0.0,297.9,0.015,2354.7880690737834,0.0,0.0,0.0,0.0,0.0,0.0,-0.2453755690468165,0.0021279635784531943,1e-06,0.0
2407.0,763.9419815110481,0.0,297.9,0.015,2354.7880690737834,0.0,0.0,0.0,0.0,0.0,0.0,-0.2453755690468165,0.0021279635784531943,1e-06,0.0
2408.0,763.9419815110481,0.0,297.9,0.015,2354.7880690737834,0.0,0.0,0.0,0.0,0.0,0.0,-0.2453755690468165,0.0021279635784531943,1e-06,0.0
2409.0,763.9419815110481,0.0,297.9,0.015,2354.7880690737834,0.0,0.0,0.0,0.0,0.0,0.0,-0.2453755690468165,0.0021279635784531943,1e-06,0.0
2410.0,763.9419815110481,0.0,297.9,0.015,2354.7880690737834,0.0,0.0,0.0,0.0,0.0,0.0,-0.2453755690468165,0.0021279635784531943,1e-06,0.0
2411.0,763.9419815110481,0.0,297.9,0.015,2354.7880690737834,0.0,0.0,0.0,0.0,0.0,0.0,-0.2453755690468165,0.0021279635784531943,1e-06,0.0
2412.0,763.9419815110481,0.0,297.9,0.015,2354.7880690737834,0.0,0.0,0.0,0.0,0.0,0.0,-0.2453755690468165,0.0021279635784531943,1e-06,0.0
2413.0,763.9419815110481,0.0,297.9,0.015,2354.7880690737834,0.0,0.0,0.0,0.0,0.0,0.0,-0.2453755690468165,0.0021279635784531943,1e-06,0.0
2414.0,763.9419815110481,0.0,297.9,0.015,2354.7880690737834,0.0,0.0,0.0,0.0,0.0,0.0,-0.2453755690468165,0.0021279635784531943,1e-06,0.0
2415.0,763.9419815110481,0.0,297.9,0.015,2354.7880690737834,0.0,0.0,0.0,0.0,0.0,0.0,-0.2453755690468165,0.0021279635784531943,1e-06,0.0
2416.0,763.9419815110481,0.0,297.9,0.015,2354.7880690737834,0.0,0.0,0.0,0.0,0.0,0.0,-0.2453755690468165,0.0021279635784531943,1e-06,0.0
2417.0,763.9419815110481,0.0,297.9,0.015,2354.7880690737834,0.0,0.0,0.0,0.0,0.0,0.0,-0.2453755690468165,0.0021279635784531943,1e-06,0.0
2418.0,763.9419815110481,0.0,297.9,0.015,2354.7880690737834,0.0,0.0,0.0,0.0,0.0,0.0,-0.2453755690468165,0.0021279635784531943,1e-06,0.0
2419.0,763.9419815110481,0.0,297.9,0.015,2354.7880690737834,0.0,0.0,0.0,0.0,0.0,0.0,-0.2453755690468165,0.0021279635784531943,1e-06,0.0
2420.0,763.9419815110481,0.0,297.9,0.015,2354.7880690737834,0.0,0.0,0.0,0.0,0.0,0.0,-0.2453755690468165,0.0021279635784531943,1e-06,0.0
2421.0,763.9419815110481,0.0,297.9,0.015,2354.7880690737834,0.0,0.0,0.0,0.0,0.0,0.0,-0.2453755690468165,0.0021279635784531943,1e-06,0.0
2422.0,763.9419815110481,0.0,297.9,0.015,2354.7880690737834,0.0,0.0,0.0,0.0,0.0,0.0,-0.2453755690468165,0.0021279635784531943,1e-06,0.0
2423.0,763.9419815110481,0.0,297.9,0.015,2354.7880690737834,0.0,0.0,0.0,0.0,0.0,0.0,-0.2453755690468165,0.0021279635784531943,1e-06,0.0
2424.0,763.9419815110481,0.0,297.9,0.015,2354.7880690737834,0.0,0.0,0.0,0.0,0.0,0.0,-0.2453755690468165,0.0021279635784531943,1e-06,0.0
2425.0,763.9419815110481,0.0,297.9,0.015,2354.7880690737834,0.0,0.0,0.0,0.0,0.0,0.0,-0.2453755690468165,0.0021279635784531943,1e-06,0.0
2426.0,763.9419815110481,0.0,297.9,0.015,2354.7880690737834,0.0,0.0,0.0,0.0,0.0,0.0,-0.2453755690468165,0.0021279635784531943,1e-06,0.0
2427.0,763.9419815110481,0.0,297.9,0.015,2354.7880690737834,0.0,0.0,0.0,0.0,0.0,0.0,-0.2453755690468165,0.0021279635784531943,1e-06,0.0
2428.0,763.9419815110481,0.0,297.9,0.015,2354.7880690737834,0.0,0.0,0.0,0.0,0.0,0.0,-0.2453755690468165,0.0021279635784531943,1e-06,0.0
2429.0,763.9419815110481,0.0,297.9,0.015,2354.7880690737834,0.0,0.0,0.0,0.0,0.0,0.0,-0.2453755690468165,0.0021279635784531943,1e-06,0.0
2430.0,763.9419815110481,0.0,297.9,0.015,2354.7880690737834,0.0,0.0,0.0,0.0,0.0,0.0,-0.2453755690468165,0.0021279635784531943,1e-06,0.0
2431.0,763.9419815110481,0.0,297.9,0.015,2354.7880690737834,0.0,0.0,0.0,0.0,0.0,0.0,-0.2453755690468165,0.0021279635784531943,1e-06,0.0
2432.0,763.9419815110481,0.0,297.9,0.015,2354.7880690737834,0.0,0.0,0.0,0.0,0.0,0.0,-0.2453755690468165,0.0021279635784531943,1e-06,0.0
2433.0,763.9419815110481,0.0,297.9,0.015,2354.7880690737834,0.0,0.0,0.0,0.0,0.0,0.0,-0.2453755690468165,0.0021279635784531943,1e-06,0.0
2434.0,763.9419815110481,0.0,297.9,0.015,2354.7880690737834,0.0,0.0,0.0,0.0,0.0,0.0,-0.2453755690468165,0.0021279635784531943,1e-06,0.0
2435.0,763.9419815110481,0.0,297.9,0.015,2354.7880690737834,0.0,0.0,0.0,0.0,0.0,0.0,-0.2453755690468165,0.0021279635784531943,1e-06,0.0
2436.0,763.9419815110481,0.0,297.9,0.015,2354.7880690737834,0.0,0.0,0.0,0.0,0.0,0.0,-0.2453755690468165,0.0021279635784531943,1e-06,0.0
2437.0,763.9419815110481,0.0,297.9,0.015,2354.7880690737834,0.0,0.0,0.0,0.0,0.0,0.0,-0.2453755690468165,0.0021279635784531943,1e-06,0.0
2438.0,763.9419815110481,0.0,297.9,0.015,2354.7880690737834,0.0,0.0,0.0,0.0,0.0,0.0,-0.2453755690468165,0.0021279635784531943,1e-06,0.0
2439.0,763.9419815110481,0.0,297.9,0.015,2354.7880690737834,0.0,0.0,0.0,0.0,0.0,0.0,-0.2453755690468165,0.0021279635784531943,1e-06,0.0
2440.0,763.9419815110481,0.0,297.9,0.015,2354.7880690737834,0.0,0.0,0.0,0.0,0.0,0.0,-0.2453755690468165,0.0021279635784531943,1e-06,0.0
2441.0,763.9419815110481,0.0,297.9,0.015,2354.7880690737834,0.0,0.0,0.0,0.0,0.0,0.0,-0.2453755690468165,0.0021279635784531943,1e-06,0.0
2442.0,763.9419815110481,0.0,297.9,0.015,2354.7880690737834,0.0,0.0,0.0,0.0,0.0,0.0,-0.2453755690468165,0.0021279635784531943,1e-06,0.0
2443.0,763.9419815110481,0.0,297.9,0.015,2354.7880690737834,0.0,0.0,0.0,0.0,0.0,0.0,-0.2453755690468165,0.0021279635784531943,1e-06,0.0
2444.0,763.9419815110481,0.0,297.9,0.015,2354.7880690737834,0.0,0.0,0.0,0.0,0.0,0.0,-0.2453755690468165,0.0021279635784531943,1e-06,0.0
2445.0,763.9419815110481,0.0,297.9,0.015,2354.7880690737834,0.0,0.0,0.0,0.0,0.0,0.0,-0.2453755690468165,0.0021279635784531943,1e-06,0.0
2446.0,763.9419815110481,0.0,297.9,0.015,2354.7880690737834,0.0,0.0,0.0,0.0,0.0,0.0,-0.2453755690468165,0.0021279635784531943,1e-06,0.0
2447.0,763.9419815110481,0.0,297.9,0.015,2354.7880690737834,0.0,0.0,0.0,0.0,0.0,0.0,-0.2453755690468165,0.0021279635784531943,1e-06,0.0
2448.0,763.9419815110481,0.0,297.9,0.015,2354.7880690737834,0.0,0.0,0.0,0.0,0.0,0.0,-0.2453755690468165,0.0021279635784531943,1e-06,0.0
2449.0,763.9419815110481,0.0,297.9,0.015,2354.7880690737834,0.0,0.0,0.0,0.0,0.0,0.0,-0.2453755690468165,0.0021279635784531943,1e-06,0.0
2450.0,763.9419815110481,0.0,297.9,0.015,2354.7880690737834,0.0,0.0,0.0,0.0,0.0,0.0,-0.2453755690468165,0.0021279635784531943,1e-06,0.0
2451.0,763.9419815110481,0.0,297.9,0.015,2354.7880690737834,0.0,0.0,0.0,0.0,0.0,0.0,-0.2453755690468165,0.0021279635784531943,1e-06,0.0
2452.0,763.9419815110481,0.0,297.9,0.015,2354.7880690737834,0.0,0.0,0.0,0.0,0.0,0.0,-0.2453755690468165,0.0021279635784531943,1e-06,0.0
2453.0,763.9419815110481,0.0,297.9,0.015,2354.7880690737834,0.0,0.0,0.0,0.0,0.0,0.0,-0.2453755690468165,0.0021279635784531943,1e-06,0.0
2454.0,763.9419815110481,0.0,297.9,0.015,2354.7880690737834,0.0,0.0,0.0,0.0,0.0,0.0,-0.2453755690468165,0.0021279635784531943,1e-06,0.0
2455.0,763.9419815110481,0.0,297.9,0.015,2354.7880690737834,0.0,0.0,0.0,0.0,0.0,0.0,-0.2453755690468165,0.0021279635784531943,1e-06,0.0
2456.0,763.9419815110481,0.0,297.9,0.015,2354.7880690737834,0.0,0.0,0.0,0.0,0.0,0.0,-0.2453755690468165,0.0021279635784531943,1e-06,0.0
2457.0,763.9419815110481,0.0,297.9,0.015,2354.7880690737834,0.0,0.0,0.0,0.0,0.0,0.0,-0.2453755690468165,0.0021279635784531943,1e-06,0.0
2458.0,763.9419815110481,0.0,297.9,0.015,2354.7880690737834,0.0,0.0,0.0,0.0,0.0,0.0,-0.2453755690468165,0.0021279635784531943,1e-06,0.0
2459.0,763.9419815110481,0.0,297.9,0.015,2354.7880690737834,0.0,0.0,0.0,0.0,0.0,0.0,-0.2453755690468165,0.0021279635784531943,1e-06,0.0
2460.0,763.9419815110481,0.0,297.9,0.015,2354.7880690737834,0.0,0.0,0.0,0.0,0.0,0.0,-0.2453755690468165,0.0021279635784531943,1e-06,0.0
2461.0,763.9419815110481,0.0,297.9,0.015,2354.7880690737834,0.0,0.0,0.0,0.0,0.0,0.0,-0.2453755690468165,0.0021279635784531943,1e-06,0.0
2462.0,763.9419815110481,0.0,297.9,0.015,2354.7880690737834,0.0,0.0,0.0,0.0,0.0,0.0,-0.2453755690468165,0.0021279635784531943,1e-06,0.0
2463.0,763.9419815110481,0.0,297.9,0.015,2354.7880690737834,0.0,0.0,0.0,0.0,0.0,0.0,-0.2453755690468165,0.0021279635784531943,1e-06,0.0
2464.0,763.9419815110481,0.0,297.9,0.015,2354.7880690737834,0.0,0.0,0.0,0.0,0.0,0.0,-0.2453755690468165,0.0021279635784531943,1e-06,0.0
2465.0,763.9419815110481,0.0,297.9,0.015,2354.7880690737834,0.0,0.0,0.0,0.0,0.0,0.0,-0.2453755690468165,0.0021279635784531943,1e-06,0.0
2466.0,763.9419815110481,0.0,297.9,0.015,2354.7880690737834,0.0,0.0,0.0,0.0,0.0,0.0,-0.2453755690468165,0.0021279635784531943,1e-06,0.0
2467.0,763.9419815110481,0.0,297.9,0.015,2354.7880690737834,0.0,0.0,0.0,0.0,0.0,0.0,-0.2453755690468165,0.0021279635784531943,1e-06,0.0
2468.0,763.9419815110481,0.0,297.9,0.015,2354.7880690737834,0.0,0.0,0.0,0.0,0.0,0.0,-0.2453755690468165,0.0021279635784531943,1e-06,0.0
2469.0,763.9419815110481,0.0,297.9,0.015,2354.7880690737834,0.0,0.0,0.0,0.0,0.0,0.0,-0.2453755690468165,0.0021279635784531943,1e-06,0.0
2470.0,763.9419815110481,0.0,297.9,0.015,2354.7880690737834,0.0,0.0,0.0,0.0,0.0,0.0,-0.2453755690468165,0.0021279635784531943,1e-06,0.0
2471.0,763.9419815110481,0.0,297.9,0.015,2354.7880690737834,0.0,0.0,0.0,0.0,0.0,0.0,-0.2453755690468165,0.0021279635784531943,1e-06,0.0
2472.0,763.9419815110481,0.0,297.9,0.015,2354.7880690737834,0.0,0.0,0.0,0.0,0.0,0.0,-0.2453755690468165,0.0021279635784531943,1e-06,0.0
2473.0,763.9419815110481,0.0,297.9,0.015,2354.7880690737834,0.0,0.0,0.0,0.0,0.0,0.0,-0.2453755690468165,0.0021279635784531943,1e-06,0.0
2474.0,763.9419815110481,0.0,297.9,0.015,2354.7880690737834,0.0,0.0,0.0,0.0,0.0,0.0,-0.2453755690468165,0.0021279635784531943,1e-06,0.0
2475.0,763.9419815110481,0.0,297.9,0.015,2354.7880690737834,0.0,0.0,0.0,0.0,0.0,0.0,-0.2453755690468165,0.0021279635784531943,1e-06,0.0
2476.0,763.9419815110481,0.0,297.9,0.015,2354.7880690737834,0.0,0.0,0.0,0.0,0.0,0.0,-0.2453755690468165,0.0021279635784531943,1e-06,0.0
2477.0,763.9419815110481,0.0,297.9,0.015,2354.7880690737834,0.0,0.0,0.0,0.0,0.0,0.0,-0.2453755690468165,0.0021279635784531943,1e-06,0.0
2478.0,763.9419815110481,0.0,297.9,0.015,2354.7880690737834,0.0,0.0,0.0,0.0,0.0,0.0,-0.2453755690468165,0.0021279635784531943,1e-06,0.0
2479.0,763.9419815110481,0.0,297.9,0.015,2354.7880690737834,0.0,0.0,0.0,0.0,0.0,0.0,-0.2453755690468165,0.0021279635784531943,1e-06,0.0
2480.0,763.9419815110481,0.0,297.9,0.015,2354.7880690737834,0.0,0.0,0.0,0.0,0.0,0.0,-0.2453755690468165,0.0021279635784531943,1e-06,0.0
2481.0,763.9419815110481,0.0,297.9,0.015,2354.7880690737834,0.0,0.0,0.0,0.0,0.0,0.0,-0.2453755690468165,0.0021279635784531943,1e-06,0.0
2482.0,763.9419815110481,0.0,297.9,0.015,2354.7880690737834,0.0,0.0,0.0,0.0,0.0,0.0,-0.2453755690468165,0.0021279635784531943,1e-06,0.0
2483.0,763.9419815110481,0.0,297.9,0.015,2354.7880690737834,0.0,0.0,0.0,0.0,0.0,0.0,-0.2453755690468165,0.0021279635784531943,1e-06,0.0
2484.0,763.9419815110481,0.0,297.9,0.015,2354.7880690737834,0.0,0.0,0.0,0.0,0.0,0.0,-0.2453755690468165,0.0021279635784531943,1e-06,0.0
2485.0,763.9419815110481,0.0,297.9,0.015,2354.7880690737834,0.0,0.0,0.0,0.0,0.0,0.0,-0.2453755690468165,0.0021279635784531943,1e-06,0.0
2486.0,763.9419815110481,0.0,297.9,0.015,2354.7880690737834,0.0,0.0,0.0,0.0,0.0,0.0,-0.2453755690468165,0.0021279635784531943,1e-06,0.0
2487.0,763.9419815110481,0.0,297.9,0.015,2354.7880690737834,0.0,0.0,0.0,0.0,0.0,0.0,-0.2453755690468165,0.0021279635784531943,1e-06,0.0
2488.0,763.9419815110481,0.0,297.9,0.015,2354.7880690737834,0.0,0.0,0.0,0.0,0.0,0.0,-0.2453755690468165,0.0021279635784531943,1e-06,0.0
2489.0,763.9419815110481,0.0,297.9,0.015,2354.7880690737834,0.0,0.0,0.0,0.0,0.0,0.0,-0.2453755690468165,0.0021279635784531943,1e-06,0.0
2490.0,763.9419815110481,0.0,297.9,0.015,2354.7880690737834,0.0,0.0,0.0,0.0,0.0,0.0,-0.2453755690468165,0.0021279635784531943,1e-06,0.0
2491.0,763.9419815110481,0.0,297.9,0.015,2354.7880690737834,0.0,0.0,0.0,0.0,0.0,0.0,-0.2453755690468165,0.0021279635784531943,1e-06,0.0
2492.0,763.9419815110481,0.0,297.9,0.015,2354.7880690737834,0.0,0.0,0.0,0.0,0.0,0.0,-0.2453755690468165,0.0021279635784531943,1e-06,0.0
2493.0,763.9419815110481,0.0,297.9,0.015,2354.7880690737834,0.0,0.0,0.0,0.0,0.0,0.0,-0.2453755690468165,0.0021279635784531943,1e-06,0.0
2494.0,763.9419815110481,0.0,297.9,0.015,2354.7880690737834,0.0,0.0,0.0,0.0,0.0,0.0,-0.2453755690468165,0.0021279635784531943,1e-06,0.0
2495.0,763.9419815110481,0.0,297.9,0.015,2354.7880690737834,0.0,0.0,0.0,0.0,0.0,0.0,-0.2453755690468165,0.0021279635784531943,1e-06,0.0
2496.0,763.9419815110481,0.0,297.9,0.015,2354.7880690737834,0.0,0.0,0.0,0.0,0.0,0.0,-0.2453755690468165,0.0021279635784531943,1e-06,0.0
2497.0,763.9419815110481,0.0,297.9,0.015,2354.7880690737834,0.0,0.0,0.0,0.0,0.0,0.0,-0.2453755690468165,0.0021279635784531943,1e-06,0.0
2498.0,763.9419815110481,0.0,297.9,0.015,2354.7880690737834,0.0,0.0,0.0,0.0,0.0,0.0,-0.2453755690468165,0.0021279635784531943,1e-06,0.0
2499.0,763.9419815110481,0.0,297.9,0.015,2354.7880690737834,0.0,0.0,0.0,0.0,0.0,0.0,-0.2453755690468165,0.0021279635784531943,1e-06,0.0
2500.0,763.9419815110481,0.0,297.9,0.015,2354.7880690737834,0.0,0.0,0.0,0.0,0.0,0.0,-0.2453755690468165,0.0021279635784531943,1e-06,0.0
2501.0,763.9419815110481,0.0,297.9,0.015,2354.7880690737834,0.0,0.0,0.0,0.0,0.0,0.0,-0.2453755690468165,0.0021279635784531943,1e-06,0.0
2502.0,763.9419815110481,0.0,297.9,0.015,2354.7880690737834,0.0,0.0,0.0,0.0,0.0,0.0,-0.2453755690468165,0.0021279635784531943,1e-06,0.0
2503.0,763.9419815110481,0.0,297.9,0.015,2354.7880690737834,0.0,0.0,0.0,0.0,0.0,0.0,-0.2453755690468165,0.0021279635784531943,1e-06,0.0
2504.0,763.9419815110481,0.0,297.9,0.015,2354.7880690737834,0.0,0.0,0.0,0.0,0.0,0.0,-0.2453755690468165,0.0021279635784531943,1e-06,0.0
2505.0,763.9419815110481,0.0,297.9,0.015,2354.7880690737834,0.0,0.0,0.0,0.0,0.0,0.0,-0.2453755690468165,0.0021279635784531943,1e-06,0.0
2506.0,763.9419815110481,0.0,297.9,0.015,2354.7880690737834,0.0,0.0,0.0,0.0,0.0,0.0,-0.2453755690468165,0.0021279635784531943,1e-06,0.0
2507.0,763.9419815110481,0.0,297.9,0.015,2354.7880690737834,0.0,0.0,0.0,0.0,0.0,0.0,-0.2453755690468165,0.0021279635784531943,1e-06,0.0
2508.0,763.9419815110481,0.0,297.9,0.015,2354.7880690737834,0.0,0.0,0.0,0.0,0.0,0.0,-0.2453755690468165,0.0021279635784531943,1e-06,0.0
2509.0,763.9419815110481,0.0,297.9,0.015,2354.7880690737834,0.0,0.0,0.0,0.0,0.0,0.0,-0.2453755690468165,0.0021279635784531943,1e-06,0.0
2510.0,763.9419815110481,0.0,297.9,0.015,2354.7880690737834,0.0,0.0,0.0,0.0,0.0,0.0,-0.2453755690468165,0.0021279635784531943,1e-06,0.0
2511.0,763.9419815110481,0.0,297.9,0.015,2354.7880690737834,0.0,0.0,0.0,0.0,0.0,0.0,-0.2453755690468165,0.0021279635784531943,1e-06,0.0
2512.0,763.9419815110481,0.0,297.9,0.015,2354.7880690737834,0.0,0.0,0.0,0.0,0.0,0.0,-0.2453755690468165,0.0021279635784531943,1e-06,0.0
2513.0,763.9419815110481,0.0,297.9,0.015,2354.7880690737834,0.0,0.0,0.0,0.0,0.0,0.0,-0.2453755690468165,0.0021279635784531943,1e-06,0.0
2514.0,763.9419815110481,0.0,297.9,0.015,2354.7880690737834,0.0,0.0,0.0,0.0,0.0,0.0,-0.2453755690468165,0.0021279635784531943,1e-06,0.0
2515.0,763.9419815110481,0.0,297.9,0.015,2354.7880690737834,0.0,0.0,0.0,0.0,0.0,0.0,-0.2453755690468165,0.0021279635784531943,1e-06,0.0
2516.0,763.9419815110481,0.0,297.9,0.015,2354.7880690737834,0.0,0.0,0.0,0.0,0.0,0.0,-0.2453755690468165,0.0021279635784531943,1e-06,0.0
2517.0,763.9419815110481,0.0,297.9,0.015,2354.7880690737834,0.0,0.0,0.0,0.0,0.0,0.0,-0.2453755690468165,0.0021279635784531943,1e-06,0.0
2518.0,763.9419815110481,0.0,297.9,0.015,2354.7880690737834,0.0,0.0,0.0,0.0,0.0,0.0,-0.2453755690468165,0.0021279635784531943,1e-06,0.0
2519.0,763.9419815110481,0.0,297.9,0.015,2354.7880690737834,0.0,0.0,0.0,0.0,0.0,0.0,-0.2453755690468165,0.0021279635784531943,1e-06,0.0
2520.0,763.9419815110481,0.0,297.9,0.015,2354.7880690737834,0.0,0.0,0.0,0.0,0.0,0.0,-0.2453755690468165,0.0021279635784531943,1e-06,0.0
2521.0,763.9419815110481,0.0,297.9,0.015,2354.7880690737834,0.0,0.0,0.0,0.0,0.0,0.0,-0.2453755690468165,0.0021279635784531943,1e-06,0.0
2522.0,763.9419815110481,0.0,297.9,0.015,2354.7880690737834,0.0,0.0,0.0,0.0,0.0,0.0,-0.2453755690468165,0.0021279635784531943,1e-06,0.0
2523.0,763.9419815110481,0.0,297.9,0.015,2354.7880690737834,0.0,0.0,0.0,0.0,0.0,0.0,-0.2453755690468165,0.0021279635784531943,1e-06,0.0
2524.0,763.9419815110481,0.0,297.9,0.015,2354.7880690737834,0.0,0.0,0.0,0.0,0.0,0.0,-0.2453755690468165,0.0021279635784531943,1e-06,0.0
2525.0,763.9419815110481,0.0,297.9,0.015,2354.7880690737834,0.0,0.0,0.0,0.0,0.0,0.0,-0.2453755690468165,0.0021279635784531943,1e-06,0.0
2526.0,763.9419815110481,0.0,297.9,0.015,2354.7880690737834,0.0,0.0,0.0,0.0,0.0,0.0,-0.2453755690468165,0.0021279635784531943,1e-06,0.0
2527.0,763.9419815110481,0.0,297.9,0.015,2354.7880690737834,0.0,0.0,0.0,0.0,0.0,0.0,-0.2453755690468165,0.0021279635784531943,1e-06,0.0
2528.0,763.9419815110481,0.0,297.9,0.015,2354.7880690737834,0.0,0.0,0.0,0.0,0.0,0.0,-0.2453755690468165,0.0021279635784531943,1e-06,0.0
2529.0,763.9419815110481,0.0,297.9,0.015,2354.7880690737834,0.0,0.0,0.0,0.0,0.0,0.0,-0.2453755690468165,0.0021279635784531943,1e-06,0.0
2530.0,763.9419815110481,0.0,297.9,0.015,2354.7880690737834,0.0,0.0,0.0,0.0,0.0,0.0,-0.2453755690468165,0.0021279635784531943,1e-06,0.0
2531.0,763.9419815110481,0.0,297.9,0.015,2354.7880690737834,0.0,0.0,0.0,0.0,0.0,0.0,-0.2453755690468165,0.0021279635784531943,1e-06,0.0
2532.0,763.9419815110481,0.0,297.9,0.015,2354.7880690737834,0.0,0.0,0.0,0.0,0.0,0.0,-0.2453755690468165,0.0021279635784531943,1e-06,0.0
2533.0,763.9419815110481,0.0,297.9,0.015,2354.7880690737834,0.0,0.0,0.0,0.0,0.0,0.0,-0.2453755690468165,0.0021279635784531943,1e-06,0.0
2534.0,763.9419815110481,0.0,297.9,0.015,2354.7880690737834,0.0,0.0,0.0,0.0,0.0,0.0,-0.2453755690468165,0.0021279635784531943,1e-06,0.0
2535.0,763.9419815110481,0.0,297.9,0.015,2354.7880690737834,0.0,0.0,0.0,0.0,0.0,0.0,-0.2453755690468165,0.0021279635784531943,1e-06,0.0
2536.0,763.9419815110481,0.0,297.9,0.015,2354.7880690737834,0.0,0.0,0.0,0.0,0.0,0.0,-0.2453755690468165,0.0021279635784531943,1e-06,0.0
2537.0,763.9419815110481,0.0,297.9,0.015,2354.7880690737834,0.0,0.0,0.0,0.0,0.0,0.0,-0.2453755690468165,0.0021279635784531943,1e-06,0.0
2538.0,763.9419815110481,0.0,297.9,0.015,2354.7880690737834,0.0,0.0,0.0,0.0,0.0,0.0,-0.2453755690468165,0.0021279635784531943,1e-06,0.0
2539.0,763.9419815110481,0.0,297.9,0.015,2354.7880690737834,0.0,0.0,0.0,0.0,0.0,0.0,-0.2453755690468165,0.0021279635784531943,1e-06,0.0
2540.0,763.9419815110481,0.0,297.9,0.015,2354.7880690737834,0.0,0.0,0.0,0.0,0.0,0.0,-0.2453755690468165,0.0021279635784531943,1e-06,0.0
2541.0,763.9419815110481,0.0,297.9,0.015,2354.7880690737834,0.0,0.0,0.0,0.0,0.0,0.0,-0.2453755690468165,0.0021279635784531943,1e-06,0.0
2542.0,763.9419815110481,0.0,297.9,0.015,2354.7880690737834,0.0,0.0,0.0,0.0,0.0,0.0,-0.2453755690468165,0.0021279635784531943,1e-06,0.0
2543.0,763.9419815110481,0.0,297.9,0.015,2354.7880690737834,0.0,0.0,0.0,0.0,0.0,0.0,-0.2453755690468165,0.0021279635784531943,1e-06,0.0
2544.0,763.9419815110481,0.0,297.9,0.015,2354.7880690737834,0.0,0.0,0.0,0.0,0.0,0.0,-0.2453755690468165,0.0021279635784531943,1e-06,0.0
2545.0,763.9419815110481,0.0,297.9,0.015,2354.7880690737834,0.0,0.0,0.0,0.0,0.0,0.0,-0.2453755690468165,0.0021279635784531943,1e-06,0.0
2546.0,763.9419815110481,0.0,297.9,0.015,2354.7880690737834,0.0,0.0,0.0,0.0,0.0,0.0,-0.2453755690468165,0.0021279635784531943,1e-06,0.0
2547.0,763.9419815110481,0.0,297.9,0.015,2354.7880690737834,0.0,0.0,0.0,0.0,0.0,0.0,-0.2453755690468165,0.0021279635784531943,1e-06,0.0
2548.0,763.9419815110481,0.0,297.9,0.015,2354.7880690737834,0.0,0.0,0.0,0.0,0.0,0.0,-0.2453755690468165,0.0021279635784531943,1e-06,0.0
2549.0,763.9419815110481,0.0,297.9,0.015,2354.7880690737834,0.0,0.0,0.0,0.0,0.0,0.0,-0.2453755690468165,0.0021279635784531943,1e-06,0.0
2550.0,763.9419815110481,0.0,297.9,0.015,2354.7880690737834,0.0,0.0,0.0,0.0,0.0,0.0,-0.2453755690468165,0.0021279635784531943,1e-06,0.0
2551.0,763.9419815110481,0.0,297.9,0.015,2354.7880690737834,0.0,0.0,0.0,0.0,0.0,0.0,-0.2453755690468165,0.0021279635784531943,1e-06,0.0
2552.0,763.9419815110481,0.0,297.9,0.015,2354.7880690737834,0.0,0.0,0.0,0.0,0.0,0.0,-0.2453755690468165,0.0021279635784531943,1e-06,0.0
2553.0,763.9419815110481,0.0,297.9,0.015,2354.7880690737834,0.0,0.0,0.0,0.0,0.0,0.0,-0.2453755690468165,0.0021279635784531943,1e-06,0.0
2554.0,763.9419815110481,0.0,297.9,0.015,2354.7880690737834,0.0,0.0,0.0,0.0,0.0,0.0,-0.2453755690468165,0.0021279635784531943,1e-06,0.0
2555.0,763.9419815110481,0.0,297.9,0.015,2354.7880690737834,0.0,0.0,0.0,0.0,0.0,0.0,-0.2453755690468165,0.0021279635784531943,1e-06,0.0
2556.0,763.9419815110481,0.0,297.9,0.015,2354.7880690737834,0.0,0.0,0.0,0.0,0.0,0.0,-0.2453755690468165,0.0021279635784531943,1e-06,0.0
2557.0,763.9419815110481,0.0,297.9,0.015,2354.7880690737834,0.0,0.0,0.0,0.0,0.0,0.0,-0.2453755690468165,0.0021279635784531943,1e-06,0.0
2558.0,763.9419815110481,0.0,297.9,0.015,2354.7880690737834,0.0,0.0,0.0,0.0,0.0,0.0,-0.2453755690468165,0.0021279635784531943,1e-06,0.0
2559.0,763.9419815110481,0.0,297.9,0.015,2354.7880690737834,0.0,0.0,0.0,0.0,0.0,0.0,-0.2453755690468165,0.0021279635784531943,1e-06,0.0
2560.0,763.9419815110481,0.0,297.9,0.015,2354.7880690737834,0.0,0.0,0.0,0.0,0.0,0.0,-0.2453755690468165,0.0021279635784531943,1e-06,0.0
2561.0,763.9419815110481,0.0,297.9,0.015,2354.7880690737834,0.0,0.0,0.0,0.0,0.0,0.0,-0.2453755690468165,0.0021279635784531943,1e-06,0.0
2562.0,763.9419815110481,0.0,297.9,0.015,2354.7880690737834,0.0,0.0,0.0,0.0,0.0,0.0,-0.2453755690468165,0.0021279635784531943,1e-06,0.0
2563.0,763.9419815110481,0.0,297.9,0.015,2354.7880690737834,0.0,0.0,0.0,0.0,0.0,0.0,-0.2453755690468165,0.0021279635784531943,1e-06,0.0
2564.0,763.9419815110481,0.0,297.9,0.015,2354.7880690737834,0.0,0.0,0.0,0.0,0.0,0.0,-0.2453755690468165,0.0021279635784531943,1e-06,0.0
2565.0,763.9419815110481,0.0,297.9,0.015,2354.7880690737834,0.0,0.0,0.0,0.0,0.0,0.0,-0.2453755690468165,0.0021279635784531943,1e-06,0.0
2566.0,763.9419815110481,0.0,297.9,0.015,2354.7880690737834,0.0,0.0,0.0,0.0,0.0,0.0,-0.2453755690468165,0.0021279635784531943,1e-06,0.0
2567.0,763.9419815110481,0.0,297.9,0.015,2354.7880690737834,0.0,0.0,0.0,0.0,0.0,0.0,-0.2453755690468165,0.0021279635784531943,1e-06,0.0
2568.0,763.9419815110481,0.0,297.9,0.015,2354.7880690737834,0.0,0.0,0.0,0.0,0.0,0.0,-0.2453755690468165,0.0021279635784531943,1e-06,0.0
2569.0,763.9419815110481,0.0,297.9,0.015,2354.7880690737834,0.0,0.0,0.0,0.0,0.0,0.0,-0.2453755690468165,0.0021279635784531943,1e-06,0.0
2570.0,763.9419815110481,0.0,297.9,0.015,2354.7880690737834,0.0,0.0,0.0,0.0,0.0,0.0,-0.2453755690468165,0.0021279635784531943,1e-06,0.0
2571.0,763.9419815110481,0.0,297.9,0.015,2354.7880690737834,0.0,0.0,0.0,0.0,0.0,0.0,-0.2453755690468165,0.0021279635784531943,1e-06,0.0
2572.0,763.9419815110481,0.0,297.9,0.015,2354.7880690737834,0.0,0.0,0.0,0.0,0.0,0.0,-0.2453755690468165,0.0021279635784531943,1e-06,0.0
2573.0,763.9419815110481,0.0,297.9,0.015,2354.7880690737834,0.0,0.0,0.0,0.0,0.0,0.0,-0.2453755690468165,0.0021279635784531943,1e-06,0.0
2574.0,763.9419815110481,0.0,297.9,0.015,2354.7880690737834,0.0,0.0,0.0,0.0,0.0,0.0,-0.2453755690468165,0.0021279635784531943,1e-06,0.0
2575.0,763.9419815110481,0.0,297.9,0.015,2354.7880690737834,0.0,0.0,0.0,0.0,0.0,0.0,-0.2453755690468165,0.0021279635784531943,1e-06,0.0
2576.0,763.9419815110481,0.0,297.9,0.015,2354.7880690737834,0.0,0.0,0.0,0.0,0.0,0.0,-0.2453755690468165,0.0021279635784531943,1e-06,0.0
2577.0,763.9419815110481,0.0,297.9,0.015,2354.7880690737834,0.0,0.0,0.0,0.0,0.0,0.0,-0.2453755690468165,0.0021279635784531943,1e-06,0.0
2578.0,763.9419815110481,0.0,297.9,0.015,2354.7880690737834,0.0,0.0,0.0,0.0,0.0,0.0,-0.2453755690468165,0.0021279635784531943,1e-06,0.0
2579.0,763.9419815110481,0.0,297.9,0.015,2354.7880690737834,0.0,0.0,0.0,0.0,0.0,0.0,-0.2453755690468165,0.0021279635784531943,1e-06,0.0
2580.0,763.9419815110481,0.0,297.9,0.015,2354.7880690737834,0.0,0.0,0.0,0.0,0.0,0.0,-0.2453755690468165,0.0021279635784531943,1e-06,0.0
2581.0,763.9419815110481,0.0,297.9,0.015,2354.7880690737834,0.0,0.0,0.0,0.0,0.0,0.0,-0.2453755690468165,0.0021279635784531943,1e-06,0.0
2582.0,763.9419815110481,0.0,297.9,0.015,2354.7880690737834,0.0,0.0,0.0,0.0,0.0,0.0,-0.2453755690468165,0.0021279635784531943,1e-06,0.0
2583.0,763.9419815110481,0.0,297.9,0.015,2354.7880690737834,0.0,0.0,0.0,0.0,0.0,0.0,-0.2453755690468165,0.0021279635784531943,1e-06,0.0
2584.0,763.9419815110481,0.0,297.9,0.015,2354.7880690737834,0.0,0.0,0.0,0.0,0.0,0.0,-0.2453755690468165,0.0021279635784531943,1e-06,0.0
2585.0,763.9419815110481,0.0,297.9,0.015,2354.7880690737834,0.0,0.0,0.0,0.0,0.0,0.0,-0.2453755690468165,0.0021279635784531943,1e-06,0.0
2586.0,763.9419815110481,0.0,297.9,0.015,2354.7880690737834,0.0,0.0,0.0,0.0,0.0,0.0,-0.2453755690468165,0.0021279635784531943,1e-06,0.0
2587.0,763.9419815110481,0.0,297.9,0.015,2354.7880690737834,0.0,0.0,0.0,0.0,0.0,0.0,-0.2453755690468165,0.0021279635784531943,1e-06,0.0
2588.0,763.9419815110481,0.0,297.9,0.015,2354.7880690737834,0.0,0.0,0.0,0.0,0.0,0.0,-0.2453755690468165,0.0021279635784531943,1e-06,0.0
2589.0,763.9419815110481,0.0,297.9,0.015,2354.7880690737834,0.0,0.0,0.0,0.0,0.0,0.0,-0.2453755690468165,0.0021279635784531943,1e-06,0.0
2590.0,763.9419815110481,0.0,297.9,0.015,2354.7880690737834,0.0,0.0,0.0,0.0,0.0,0.0,-0.2453755690468165,0.0021279635784531943,1e-06,0.0
2591.0,763.9419815110481,0.0,297.9,0.015,2354.7880690737834,0.0,0.0,0.0,0.0,0.0,0.0,-0.2453755690468165,0.0021279635784531943,1e-06,0.0
2592.0,763.9419815110481,0.0,297.9,0.015,2354.7880690737834,0.0,0.0,0.0,0.0,0.0,0.0,-0.2453755690468165,0.0021279635784531943,1e-06,0.0
2593.0,763.9419815110481,0.0,297.9,0.015,2354.7880690737834,0.0,0.0,0.0,0.0,0.0,0.0,-0.2453755690468165,0.0021279635784531943,1e-06,0.0
2594.0,763.9419815110481,0.0,297.9,0.015,2354.7880690737834,0.0,0.0,0.0,0.0,0.0,0.0,-0.2453755690468165,0.0021279635784531943,1e-06,0.0
2595.0,763.9419815110481,0.0,297.9,0.015,2354.7880690737834,0.0,0.0,0.0,0.0,0.0,0.0,-0.2453755690468165,0.0021279635784531943,1e-06,0.0
2596.0,763.9419815110481,0.0,297.9,0.015,2354.7880690737834,0.0,0.0,0.0,0.0,0.0,0.0,-0.2453755690468165,0.0021279635784531943,1e-06,0.0
2597.0,763.9419815110481,0.0,297.9,0.015,2354.7880690737834,0.0,0.0,0.0,0.0,0.0,0.0,-0.2453755690468165,0.0021279635784531943,1e-06,0.0
2598.0,763.9419815110481,0.0,297.9,0.015,2354.7880690737834,0.0,0.0,0.0,0.0,0.0,0.0,-0.2453755690468165,0.0021279635784531943,1e-06,0.0
2599.0,763.9419815110481,0.0,297.9,0.015,2354.7880690737834,0.0,0.0,0.0,0.0,0.0,0.0,-0.2453755690468165,0.0021279635784531943,1e-06,0.0
2600.0,763.9419815110481,0.0,297.9,0.015,2354.7880690737834,0.0,0.0,0.0,0.0,0.0,0.0,-0.2453755690468165,0.0021279635784531943,1e-06,0.0
2601.0,763.9419815110481,0.0,297.9,0.015,2354.7880690737834,0.0,0.0,0.0,0.0,0.0,0.0,-0.2453755690468165,0.0021279635784531943,1e-06,0.0
2602.0,763.9419815110481,0.0,297.9,0.015,2354.7880690737834,0.0,0.0,0.0,0.0,0.0,0.0,-0.2453755690468165,0.0021279635784531943,1e-06,0.0
2603.0,763.9419815110481,0.0,297.9,0.015,2354.7880690737834,0.0,0.0,0.0,0.0,0.0,0.0,-0.2453755690468165,0.0021279635784531943,1e-06,0.0
2604.0,763.9419815110481,0.0,297.9,0.015,2354.7880690737834,0.0,0.0,0.0,0.0,0.0,0.0,-0.2453755690468165,0.0021279635784531943,1e-06,0.0
2605.0,763.9419815110481,0.0,297.9,0.015,2354.7880690737834,0.0,0.0,0.0,0.0,0.0,0.0,-0.2453755690468165,0.0021279635784531943,1e-06,0.0
2606.0,763.9419815110481,0.0,297.9,0.015,2354.7880690737834,0.0,0.0,0.0,0.0,0.0,0.0,-0.2453755690468165,0.0021279635784531943,1e-06,0.0
2607.0,763.9419815110481,0.0,297.9,0.015,2354.7880690737834,0.0,0.0,0.0,0.0,0.0,0.0,-0.2453755690468165,0.0021279635784531943,1e-06,0.0
2608.0,763.9419815110481,0.0,297.9,0.015,2354.7880690737834,0.0,0.0,0.0,0.0,0.0,0.0,-0.2453755690468165,0.0021279635784531943,1e-06,0.0
2609.0,763.9419815110481,0.0,297.9,0.015,2354.7880690737834,0.0,0.0,0.0,0.0,0.0,0.0,-0.2453755690468165,0.0021279635784531943,1e-06,0.0
2610.0,763.9419815110481,0.0,297.9,0.015,2354.7880690737834,0.0,0.0,0.0,0.0,0.0,0.0,-0.2453755690468165,0.0021279635784531943,1e-06,0.0
2611.0,763.9419815110481,0.0,297.9,0.015,2354.7880690737834,0.0,0.0,0.0,0.0,0.0,0.0,-0.2453755690468165,0.0021279635784531943,1e-06,0.0
2612.0,763.9419815110481,0.0,297.9,0.015,2354.7880690737834,0.0,0.0,0.0,0.0,0.0,0.0,-0.2453755690468165,0.0021279635784531943,1e-06,0.0
2613.0,763.9419815110481,0.0,297.9,0.015,2354.7880690737834,0.0,0.0,0.0,0.0,0.0,0.0,-0.2453755690468165,0.0021279635784531943,1e-06,0.0
2614.0,763.9419815110481,0.0,297.9,0.015,2354.7880690737834,0.0,0.0,0.0,0.0,0.0,0.0,-0.2453755690468165,0.0021279635784531943,1e-06,0.0
2615.0,763.9419815110481,0.0,297.9,0.015,2354.7880690737834,0.0,0.0,0.0,0.0,0.0,0.0,-0.2453755690468165,0.0021279635784531943,1e-06,0.0
2616.0,763.9419815110481,0.0,297.9,0.015,2354.7880690737834,0.0,0.0,0.0,0.0,0.0,0.0,-0.2453755690468165,0.0021279635784531943,1e-06,0.0
2617.0,763.9419815110481,0.0,297.9,0.015,2354.7880690737834,0.0,0.0,0.0,0.0,0.0,0.0,-0.2453755690468165,0.0021279635784531943,1e-06,0.0
2618.0,763.9419815110481,0.0,297.9,0.015,2354.7880690737834,0.0,0.0,0.0,0.0,0.0,0.0,-0.2453755690468165,0.0021279635784531943,1e-06,0.0
2619.0,763.9419815110481,0.0,297.9,0.015,2354.7880690737834,0.0,0.0,0.0,0.0,0.0,0.0,-0.2453755690468165,0.0021279635784531943,1e-06,0.0
2620.0,763.9419815110481,0.0,297.9,0.015,2354.7880690737834,0.0,0.0,0.0,0.0,0.0,0.0,-0.2453755690468165,0.0021279635784531943,1e-06,0.0
2621.0,763.9419815110481,0.0,297.9,0.015,2354.7880690737834,0.0,0.0,0.0,0.0,0.0,0.0,-0.2453755690468165,0.0021279635784531943,1e-06,0.0
2622.0,763.9419815110481,0.0,297.9,0.015,2354.7880690737834,0.0,0.0,0.0,0.0,0.0,0.0,-0.2453755690468165,0.0021279635784531943,1e-06,0.0
2623.0,763.9419815110481,0.0,297.9,0.015,2354.7880690737834,0.0,0.0,0.0,0.0,0.0,0.0,-0.2453755690468165,0.0021279635784531943,1e-06,0.0
2624.0,763.9419815110481,0.0,297.9,0.015,2354.7880690737834,0.0,0.0,0.0,0.0,0.0,0.0,-0.2453755690468165,0.0021279635784531943,1e-06,0.0
2625.0,763.9419815110481,0.0,297.9,0.015,2354.7880690737834,0.0,0.0,0.0,0.0,0.0,0.0,-0.2453755690468165,0.0021279635784531943,1e-06,0.0
2626.0,763.9419815110481,0.0,297.9,0.015,2354.7880690737834,0.0,0.0,0.0,0.0,0.0,0.0,-0.2453755690468165,0.0021279635784531943,1e-06,0.0
2627.0,763.9419815110481,0.0,297.9,0.015,2354.7880690737834,0.0,0.0,0.0,0.0,0.0,0.0,-0.2453755690468165,0.0021279635784531943,1e-06,0.0
2628.0,763.9419815110481,0.0,297.9,0.015,2354.7880690737834,0.0,0.0,0.0,0.0,0.0,0.0,-0.2453755690468165,0.0021279635784531943,1e-06,0.0
2629.0,763.9419815110481,0.0,297.9,0.015,2354.7880690737834,0.0,0.0,0.0,0.0,0.0,0.0,-0.2453755690468165,0.0021279635784531943,1e-06,0.0
2630.0,763.9419815110481,0.0,297.9,0.015,2354.7880690737834,0.0,0.0,0.0,0.0,0.0,0.0,-0.2453755690468165,0.0021279635784531943,1e-06,0.0
2631.0,763.9419815110481,0.0,297.9,0.015,2354.7880690737834,0.0,0.0,0.0,0.0,0.0,0.0,-0.2453755690468165,0.0021279635784531943,1e-06,0.0
2632.0,763.9419815110481,0.0,297.9,0.015,2354.7880690737834,0.0,0.0,0.0,0.0,0.0,0.0,-0.2453755690468165,0.0021279635784531943,1e-06,0.0
2633.0,763.9419815110481,0.0,297.9,0.015,2354.7880690737834,0.0,0.0,0.0,0.0,0.0,0.0,-0.2453755690468165,0.0021279635784531943,1e-06,0.0
2634.0,763.9419815110481,0.0,297.9,0.015,2354.7880690737834,0.0,0.0,0.0,0.0,0.0,0.0,-0.2453755690468165,0.0021279635784531943,1e-06,0.0
2635.0,763.9419815110481,0.0,297.9,0.015,2354.7880690737834,0.0,0.0,0.0,0.0,0.0,0.0,-0.2453755690468165,0.0021279635784531943,1e-06,0.0
2636.0,763.9419815110481,0.0,297.9,0.015,2354.7880690737834,0.0,0.0,0.0,0.0,0.0,0.0,-0.2453755690468165,0.0021279635784531943,1e-06,0.0
2637.0,763.9419815110481,0.0,297.9,0.015,2354.7880690737834,0.0,0.0,0.0,0.0,0.0,0.0,-0.2453755690468165,0.0021279635784531943,1e-06,0.0
2638.0,763.9419815110481,0.0,297.9,0.015,2354.7880690737834,0.0,0.0,0.0,0.0,0.0,0.0,-0.2453755690468165,0.0021279635784531943,1e-06,0.0
2639.0,763.9419815110481,0.0,297.9,0.015,2354.7880690737834,0.0,0.0,0.0,0.0,0.0,0.0,-0.2453755690468165,0.0021279635784531943,1e-06,0.0
2640.0,763.9419815110481,0.0,297.9,0.015,2354.7880690737834,0.0,0.0,0.0,0.0,0.0,0.0,-0.2453755690468165,0.0021279635784531943,1e-06,0.0
2641.0,763.9419815110481,0.0,297.9,0.015,2354.7880690737834,0.0,0.0,0.0,0.0,0.0,0.0,-0.2453755690468165,0.0021279635784531943,1e-06,0.0
2642.0,763.9419815110481,0.0,297.9,0.015,2354.7880690737834,0.0,0.0,0.0,0.0,0.0,0.0,-0.2453755690468165,0.0021279635784531943,1e-06,0.0
2643.0,763.9419815110481,0.0,297.9,0.015,2354.7880690737834,0.0,0.0,0.0,0.0,0.0,0.0,-0.2453755690468165,0.0021279635784531943,1e-06,0.0
2644.0,763.9419815110481,0.0,297.9,0.015,2354.7880690737834,0.0,0.0,0.0,0.0,0.0,0.0,-0.2453755690468165,0.0021279635784531943,1e-06,0.0
2645.0,763.9419815110481,0.0,297.9,0.015,2354.7880690737834,0.0,0.0,0.0,0.0,0.0,0.0,-0.2453755690468165,0.0021279635784531943,1e-06,0.0
2646.0,763.9419815110481,0.0,297.9,0.015,2354.7880690737834,0.0,0.0,0.0,0.0,0.0,0.0,-0.2453755690468165,0.0021279635784531943,1e-06,0.0
2647.0,763.9419815110481,0.0,297.9,0.015,2354.7880690737834,0.0,0.0,0.0,0.0,0.0,0.0,-0.2453755690468165,0.0021279635784531943,1e-06,0.0
2648.0,763.9419815110481,0.0,297.9,0.015,2354.7880690737834,0.0,0.0,0.0,0.0,0.0,0.0,-0.2453755690468165,0.0021279635784531943,1e-06,0.0
2649.0,763.9419815110481,0.0,297.9,0.015,2354.7880690737834,0.0,0.0,0.0,0.0,0.0,0.0,-0.2453755690468165,0.0021279635784531943,1e-06,0.0
2650.0,763.9419815110481,0.0,297.9,0.015,2354.7880690737834,0.0,0.0,0.0,0.0,0.0,0.0,-0.2453755690468165,0.0021279635784531943,1e-06,0.0
2651.0,763.9419815110481,0.0,297.9,0.015,2354.7880690737834,0.0,0.0,0.0,0.0,0.0,0.0,-0.2453755690468165,0.0021279635784531943,1e-06,0.0
2652.0,763.9419815110481,0.0,297.9,0.015,2354.7880690737834,0.0,0.0,0.0,0.0,0.0,0.0,-0.2453755690468165,0.0021279635784531943,1e-06,0.0
2653.0,763.9419815110481,0.0,297.9,0.015,2354.7880690737834,0.0,0.0,0.0,0.0,0.0,0.0,-0.2453755690468165,0.0021279635784531943,1e-06,0.0
2654.0,763.9419815110481,0.0,297.9,0.015,2354.7880690737834,0.0,0.0,0.0,0.0,0.0,0.0,-0.2453755690468165,0.0021279635784531943,1e-06,0.0
2655.0,763.9419815110481,0.0,297.9,0.015,2354.7880690737834,0.0,0.0,0.0,0.0,0.0,0.0,-0.2453755690468165,0.0021279635784531943,1e-06,0.0
2656.0,763.9419815110481,0.0,297.9,0.015,2354.7880690737834,0.0,0.0,0.0,0.0,0.0,0.0,-0.2453755690468165,0.0021279635784531943,1e-06,0.0
2657.0,763.9419815110481,0.0,297.9,0.015,2354.7880690737834,0.0,0.0,0.0,0.0,0.0,0.0,-0.2453755690468165,0.0021279635784531943,1e-06,0.0
2658.0,763.9419815110481,0.0,297.9,0.015,2354.7880690737834,0.0,0.0,0.0,0.0,0.0,0.0,-0.2453755690468165,0.0021279635784531943,1e-06,0.0
2659.0,763.9419815110481,0.0,297.9,0.015,2354.7880690737834,0.0,0.0,0.0,0.0,0.0,0.0,-0.2453755690468165,0.0021279635784531943,1e-06,0.0
2660.0,763.9419815110481,0.0,297.9,0.015,2354.7880690737834,0.0,0.0,0.0,0.0,0.0,0.0,-0.2453755690468165,0.0021279635784531943,1e-06,0.0
2661.0,763.9419815110481,0.0,297.9,0.015,2354.7880690737834,0.0,0.0,0.0,0.0,0.0,0.0,-0.2453755690468165,0.0021279635784531943,1e-06,0.0
2662.0,763.9419815110481,0.0,297.9,0.015,2354.7880690737834,0.0,0.0,0.0,0.0,0.0,0.0,-0.2453755690468165,0.0021279635784531943,1e-06,0.0
2663.0,763.9419815110481,0.0,297.9,0.015,2354.7880690737834,0.0,0.0,0.0,0.0,0.0,0.0,-0.2453755690468165,0.0021279635784531943,1e-06,0.0
2664.0,763.9419815110481,0.0,297.9,0.015,2354.7880690737834,0.0,0.0,0.0,0.0,0.0,0.0,-0.2453755690468165,0.0021279635784531943,1e-06,0.0
2665.0,763.9419815110481,0.0,297.9,0.015,2354.7880690737834,0.0,0.0,0.0,0.0,0.0,0.0,-0.2453755690468165,0.0021279635784531943,1e-06,0.0
2666.0,763.9419815110481,0.0,297.9,0.015,2354.7880690737834,0.0,0.0,0.0,0.0,0.0,0.0,-0.2453755690468165,0.0021279635784531943,1e-06,0.0
2667.0,763.9419815110481,0.0,297.9,0.015,2354.7880690737834,0.0,0.0,0.0,0.0,0.0,0.0,-0.2453755690468165,0.0021279635784531943,1e-06,0.0
2668.0,763.9419815110481,0.0,297.9,0.015,2354.7880690737834,0.0,0.0,0.0,0.0,0.0,0.0,-0.2453755690468165,0.0021279635784531943,1e-06,0.0
2669.0,763.9419815110481,0.0,297.9,0.015,2354.7880690737834,0.0,0.0,0.0,0.0,0.0,0.0,-0.2453755690468165,0.0021279635784531943,1e-06,0.0
2670.0,763.9419815110481,0.0,297.9,0.015,2354.7880690737834,0.0,0.0,0.0,0.0,0.0,0.0,-0.2453755690468165,0.0021279635784531943,1e-06,0.0
2671.0,763.9419815110481,0.0,297.9,0.015,2354.7880690737834,0.0,0.0,0.0,0.0,0.0,0.0,-0.2453755690468165,0.0021279635784531943,1e-06,0.0
2672.0,763.9419815110481,0.0,297.9,0.015,2354.7880690737834,0.0,0.0,0.0,0.0,0.0,0.0,-0.2453755690468165,0.0021279635784531943,1e-06,0.0
2673.0,763.9419815110481,0.0,297.9,0.015,2354.7880690737834,0.0,0.0,0.0,0.0,0.0,0.0,-0.2453755690468165,0.0021279635784531943,1e-06,0.0
2674.0,763.9419815110481,0.0,297.9,0.015,2354.7880690737834,0.0,0.0,0.0,0.0,0.0,0.0,-0.2453755690468165,0.0021279635784531943,1e-06,0.0
2675.0,763.9419815110481,0.0,297.9,0.015,2354.7880690737834,0.0,0.0,0.0,0.0,0.0,0.0,-0.2453755690468165,0.0021279635784531943,1e-06,0.0
2676.0,763.9419815110481,0.0,297.9,0.015,2354.7880690737834,0.0,0.0,0.0,0.0,0.0,0.0,-0.2453755690468165,0.0021279635784531943,1e-06,0.0
2677.0,763.9419815110481,0.0,297.9,0.015,2354.7880690737834,0.0,0.0,0.0,0.0,0.0,0.0,-0.2453755690468165,0.0021279635784531943,1e-06,0.0
2678.0,763.9419815110481,0.0,297.9,0.015,2354.7880690737834,0.0,0.0,0.0,0.0,0.0,0.0,-0.2453755690468165,0.0021279635784531943,1e-06,0.0
2679.0,763.9419815110481,0.0,297.9,0.015,2354.7880690737834,0.0,0.0,0.0,0.0,0.0,0.0,-0.2453755690468165,0.0021279635784531943,1e-06,0.0
2680.0,763.9419815110481,0.0,297.9,0.015,2354.7880690737834,0.0,0.0,0.0,0.0,0.0,0.0,-0.2453755690468165,0.0021279635784531943,1e-06,0.0
2681.0,763.9419815110481,0.0,297.9,0.015,2354.7880690737834,0.0,0.0,0.0,0.0,0.0,0.0,-0.2453755690468165,0.0021279635784531943,1e-06,0.0
2682.0,763.9419815110481,0.0,297.9,0.015,2354.7880690737834,0.0,0.0,0.0,0.0,0.0,0.0,-0.2453755690468165,0.0021279635784531943,1e-06,0.0
2683.0,763.9419815110481,0.0,297.9,0.015,2354.7880690737834,0.0,0.0,0.0,0.0,0.0,0.0,-0.2453755690468165,0.0021279635784531943,1e-06,0.0
2684.0,763.9419815110481,0.0,297.9,0.015,2354.7880690737834,0.0,0.0,0.0,0.0,0.0,0.0,-0.2453755690468165,0.0021279635784531943,1e-06,0.0
2685.0,763.9419815110481,0.0,297.9,0.015,2354.7880690737834,0.0,0.0,0.0,0.0,0.0,0.0,-0.2453755690468165,0.0021279635784531943,1e-06,0.0
2686.0,763.9419815110481,0.0,297.9,0.015,2354.7880690737834,0.0,0.0,0.0,0.0,0.0,0.0,-0.2453755690468165,0.0021279635784531943,1e-06,0.0
2687.0,763.9419815110481,0.0,297.9,0.015,2354.7880690737834,0.0,0.0,0.0,0.0,0.0,0.0,-0.2453755690468165,0.0021279635784531943,1e-06,0.0
2688.0,763.9419815110481,0.0,297.9,0.015,2354.7880690737834,0.0,0.0,0.0,0.0,0.0,0.0,-0.2453755690468165,0.0021279635784531943,1e-06,0.0
2689.0,763.9419815110481,0.0,297.9,0.015,2354.7880690737834,0.0,0.0,0.0,0.0,0.0,0.0,-0.2453755690468165,0.0021279635784531943,1e-06,0.0
2690.0,763.9419815110481,0.0,297.9,0.015,2354.7880690737834,0.0,0.0,0.0,0.0,0.0,0.0,-0.2453755690468165,0.0021279635784531943,1e-06,0.0
2691.0,763.9419815110481,0.0,297.9,0.015,2354.7880690737834,0.0,0.0,0.0,0.0,0.0,0.0,-0.2453755690468165,0.0021279635784531943,1e-06,0.0
2692.0,763.9419815110481,0.0,297.9,0.015,2354.7880690737834,0.0,0.0,0.0,0.0,0.0,0.0,-0.2453755690468165,0.0021279635784531943,1e-06,0.0
2693.0,763.9419815110481,0.0,297.9,0.015,2354.7880690737834,0.0,0.0,0.0,0.0,0.0,0.0,-0.2453755690468165,0.0021279635784531943,1e-06,0.0
2694.0,763.9419815110481,0.0,297.9,0.015,2354.7880690737834,0.0,0.0,0.0,0.0,0.0,0.0,-0.2453755690468165,0.0021279635784531943,1e-06,0.0
2695.0,763.9419815110481,0.0,297.9,0.015,2354.7880690737834,0.0,0.0,0.0,0.0,0.0,0.0,-0.2453755690468165,0.0021279635784531943,1e-06,0.0
2696.0,763.9419815110481,0.0,297.9,0.015,2354.7880690737834,0.0,0.0,0.0,0.0,0.0,0.0,-0.2453755690468165,0.0021279635784531943,1e-06,0.0
2697.0,763.9419815110481,0.0,297.9,0.015,2354.7880690737834,0.0,0.0,0.0,0.0,0.0,0.0,-0.2453755690468165,0.0021279635784531943,1e-06,0.0
2698.0,763.9419815110481,0.0,297.9,0.015,2354.7880690737834,0.0,0.0,0.0,0.0,0.0,0.0,-0.2453755690468165,0.0021279635784531943,1e-06,0.0
2699.0,763.9419815110481,0.0,297.9,0.015,2354.7880690737834,0.0,0.0,0.0,0.0,0.0,0.0,-0.2453755690468165,0.0021279635784531943,1e-06,0.0
2700.0,763.9419815110481,0.0,297.9,0.015,2354.7880690737834,0.0,0.0,0.0,0.0,0.0,0.0,-0.2453755690468165,0.0021279635784531943,1e-06,0.0
2701.0,763.9419815110481,0.0,297.9,0.015,2354.7880690737834,0.0,0.0,0.0,0.0,0.0,0.0,-0.2453755690468165,0.0021279635784531943,1e-06,0.0
2702.0,763.9419815110481,0.0,297.9,0.015,2354.7880690737834,0.0,0.0,0.0,0.0,0.0,0.0,-0.2453755690468165,0.0021279635784531943,1e-06,0.0
2703.0,763.9419815110481,0.0,297.9,0.015,2354.7880690737834,0.0,0.0,0.0,0.0,0.0,0.0,-0.2453755690468165,0.0021279635784531943,1e-06,0.0
2704.0,763.9419815110481,0.0,297.9,0.015,2354.7880690737834,0.0,0.0,0.0,0.0,0.0,0.0,-0.2453755690468165,0.0021279635784531943,1e-06,0.0
2705.0,763.9419815110481,0.0,297.9,0.015,2354.7880690737834,0.0,0.0,0.0,0.0,0.0,0.0,-0.2453755690468165,0.0021279635784531943,1e-06,0.0
2706.0,763.9419815110481,0.0,297.9,0.015,2354.7880690737834,0.0,0.0,0.0,0.0,0.0,0.0,-0.2453755690468165,0.0021279635784531943,1e-06,0.0
2707.0,763.9419815110481,0.0,297.9,0.015,2354.7880690737834,0.0,0.0,0.0,0.0,0.0,0.0,-0.2453755690468165,0.0021279635784531943,1e-06,0.0
2708.0,763.9419815110481,0.0,297.9,0.015,2354.7880690737834,0.0,0.0,0.0,0.0,0.0,0.0,-0.2453755690468165,0.0021279635784531943,1e-06,0.0
2709.0,763.9419815110481,0.0,297.9,0.015,2354.7880690737834,0.0,0.0,0.0,0.0,0.0,0.0,-0.2453755690468165,0.0021279635784531943,1e-06,0.0
2710.0,763.9419815110481,0.0,297.9,0.015,2354.7880690737834,0.0,0.0,0.0,0.0,0.0,0.0,-0.2453755690468165,0.0021279635784531943,1e-06,0.0
2711.0,763.9419815110481,0.0,297.9,0.015,2354.7880690737834,0.0,0.0,0.0,0.0,0.0,0.0,-0.2453755690468165,0.0021279635784531943,1e-06,0.0
2712.0,763.9419815110481,0.0,297.9,0.015,2354.7880690737834,0.0,0.0,0.0,0.0,0.0,0.0,-0.2453755690468165,0.0021279635784531943,1e-06,0.0
2713.0,763.9419815110481,0.0,297.9,0.015,2354.7880690737834,0.0,0.0,0.0,0.0,0.0,0.0,-0.2453755690468165,0.0021279635784531943,1e-06,0.0
2714.0,763.9419815110481,0.0,297.9,0.015,2354.7880690737834,0.0,0.0,0.0,0.0,0.0,0.0,-0.2453755690468165,0.0021279635784531943,1e-06,0.0
2715.0,763.9419815110481,0.0,297.9,0.015,2354.7880690737834,0.0,0.0,0.0,0.0,0.0,0.0,-0.2453755690468165,0.0021279635784531943,1e-06,0.0
2716.0,763.9419815110481,0.0,297.9,0.015,2354.7880690737834,0.0,0.0,0.0,0.0,0.0,0.0,-0.2453755690468165,0.0021279635784531943,1e-06,0.0
2717.0,763.9419815110481,0.0,297.9,0.015,2354.7880690737834,0.0,0.0,0.0,0.0,0.0,0.0,-0.2453755690468165,0.0021279635784531943,1e-06,0.0
2718.0,763.9419815110481,0.0,297.9,0.015,2354.7880690737834,0.0,0.0,0.0,0.0,0.0,0.0,-0.2453755690468165,0.0021279635784531943,1e-06,0.0
2719.0,763.9419815110481,0.0,297.9,0.015,2354.7880690737834,0.0,0.0,0.0,0.0,0.0,0.0,-0.2453755690468165,0.0021279635784531943,1e-06,0.0
2720.0,763.9419815110481,0.0,297.9,0.015,2354.7880690737834,0.0,0.0,0.0,0.0,0.0,0.0,-0.2453755690468165,0.0021279635784531943,1e-06,0.0
2721.0,763.9419815110481,0.0,297.9,0.015,2354.7880690737834,0.0,0.0,0.0,0.0,0.0,0.0,-0.2453755690468165,0.0021279635784531943,1e-06,0.0
2722.0,763.9419815110481,0.0,297.9,0.015,2354.7880690737834,0.0,0.0,0.0,0.0,0.0,0.0,-0.2453755690468165,0.0021279635784531943,1e-06,0.0
2723.0,763.9419815110481,0.0,297.9,0.015,2354.7880690737834,0.0,0.0,0.0,0.0,0.0,0.0,-0.2453755690468165,0.0021279635784531943,1e-06,0.0
2724.0,763.9419815110481,0.0,297.9,0.015,2354.7880690737834,0.0,0.0,0.0,0.0,0.0,0.0,-0.2453755690468165,0.0021279635784531943,1e-06,0.0
2725.0,763.9419815110481,0.0,297.9,0.015,2354.7880690737834,0.0,0.0,0.0,0.0,0.0,0.0,-0.2453755690468165,0.0021279635784531943,1e-06,0.0
2726.0,763.9419815110481,0.0,297.9,0.015,2354.7880690737834,0.0,0.0,0.0,0.0,0.0,0.0,-0.2453755690468165,0.0021279635784531943,1e-06,0.0
2727.0,763.9419815110481,0.0,297.9,0.015,2354.7880690737834,0.0,0.0,0.0,0.0,0.0,0.0,-0.2453755690468165,0.0021279635784531943,1e-06,0.0
2728.0,763.9419815110481,0.0,297.9,0.015,2354.7880690737834,0.0,0.0,0.0,0.0,0.0,0.0,-0.2453755690468165,0.0021279635784531943,1e-06,0.0
2729.0,763.9419815110481,0.0,297.9,0.015,2354.7880690737834,0.0,0.0,0.0,0.0,0.0,0.0,-0.2453755690468165,0.0021279635784531943,1e-06,0.0
2730.0,763.9419815110481,0.0,297.9,0.015,2354.7880690737834,0.0,0.0,0.0,0.0,0.0,0.0,-0.2453755690468165,0.0021279635784531943,1e-06,0.0
2731.0,763.9419815110481,0.0,297.9,0.015,2354.7880690737834,0.0,0.0,0.0,0.0,0.0,0.0,-0.2453755690468165,0.0021279635784531943,1e-06,0.0
2732.0,763.9419815110481,0.0,297.9,0.015,2354.7880690737834,0.0,0.0,0.0,0.0,0.0,0.0,-0.2453755690468165,0.0021279635784531943,1e-06,0.0
2733.0,763.9419815110481,0.0,297.9,0.015,2354.7880690737834,0.0,0.0,0.0,0.0,0.0,0.0,-0.2453755690468165,0.0021279635784531943,1e-06,0.0
2734.0,763.9419815110481,0.0,297.9,0.015,2354.7880690737834,0.0,0.0,0.0,0.0,0.0,0.0,-0.2453755690468165,0.0021279635784531943,1e-06,0.0
2735.0,763.9419815110481,0.0,297.9,0.015,2354.7880690737834,0.0,0.0,0.0,0.0,0.0,0.0,-0.2453755690468165,0.0021279635784531943,1e-06,0.0
2736.0,763.9419815110481,0.0,297.9,0.015,2354.7880690737834,0.0,0.0,0.0,0.0,0.0,0.0,-0.2453755690468165,0.0021279635784531943,1e-06,0.0
2737.0,763.9419815110481,0.0,297.9,0.015,2354.7880690737834,0.0,0.0,0.0,0.0,0.0,0.0,-0.2453755690468165,0.0021279635784531943,1e-06,0.0
2738.0,763.9419815110481,0.0,297.9,0.015,2354.7880690737834,0.0,0.0,0.0,0.0,0.0,0.0,-0.2453755690468165,0.0021279635784531943,1e-06,0.0
2739.0,763.9419815110481,0.0,297.9,0.015,2354.7880690737834,0.0,0.0,0.0,0.0,0.0,0.0,-0.2453755690468165,0.0021279635784531943,1e-06,0.0
2740.0,763.9419815110481,0.0,297.9,0.015,2354.7880690737834,0.0,0.0,0.0,0.0,0.0,0.0,-0.2453755690468165,0.0021279635784531943,1e-06,0.0
2741.0,763.9419815110481,0.0,297.9,0.015,2354.7880690737834,0.0,0.0,0.0,0.0,0.0,0.0,-0.2453755690468165,0.0021279635784531943,1e-06,0.0
2742.0,763.9419815110481,0.0,297.9,0.015,2354.7880690737834,0.0,0.0,0.0,0.0,0.0,0.0,-0.2453755690468165,0.0021279635784531943,1e-06,0.0
2743.0,763.9419815110481,0.0,297.9,0.015,2354.7880690737834,0.0,0.0,0.0,0.0,0.0,0.0,-0.2453755690468165,0.0021279635784531943,1e-06,0.0
2744.0,763.9419815110481,0.0,297.9,0.015,2354.7880690737834,0.0,0.0,0.0,0.0,0.0,0.0,-0.2453755690468165,0.0021279635784531943,1e-06,0.0
2745.0,763.9419815110481,0.0,297.9,0.015,2354.7880690737834,0.0,0.0,0.0,0.0,0.0,0.0,-0.2453755690468165,0.0021279635784531943,1e-06,0.0
2746.0,763.9419815110481,0.0,297.9,0.015,2354.7880690737834,0.0,0.0,0.0,0.0,0.0,0.0,-0.2453755690468165,0.0021279635784531943,1e-06,0.0
2747.0,763.9419815110481,0.0,297.9,0.015,2354.7880690737834,0.0,0.0,0.0,0.0,0.0,0.0,-0.2453755690468165,0.0021279635784531943,1e-06,0.0
2748.0,763.9419815110481,0.0,297.9,0.015,2354.7880690737834,0.0,0.0,0.0,0.0,0.0,0.0,-0.2453755690468165,0.0021279635784531943,1e-06,0.0
2749.0,763.9419815110481,0.0,297.9,0.015,2354.7880690737834,0.0,0.0,0.0,0.0,0.0,0.0,-0.2453755690468165,0.0021279635784531943,1e-06,0.0
2750.0,763.9419815110481,0.0,297.9,0.015,2354.7880690737834,0.0,0.0,0.0,0.0,0.0,0.0,-0.2453755690468165,0.0021279635784531943,1e-06,0.0
2751.0,763.9419815110481,0.0,297.9,0.015,2354.7880690737834,0.0,0.0,0.0,0.0,0.0,0.0,-0.2453755690468165,0.0021279635784531943,1e-06,0.0
2752.0,763.9419815110481,0.0,297.9,0.015,2354.7880690737834,0.0,0.0,0.0,0.0,0.0,0.0,-0.2453755690468165,0.0021279635784531943,1e-06,0.0
2753.0,763.9419815110481,0.0,297.9,0.015,2354.7880690737834,0.0,0.0,0.0,0.0,0.0,0.0,-0.2453755690468165,0.0021279635784531943,1e-06,0.0
2754.0,763.9419815110481,0.0,297.9,0.015,2354.7880690737834,0.0,0.0,0.0,0.0,0.0,0.0,-0.2453755690468165,0.0021279635784531943,1e-06,0.0
2755.0,763.9419815110481,0.0,297.9,0.015,2354.7880690737834,0.0,0.0,0.0,0.0,0.0,0.0,-0.2453755690468165,0.0021279635784531943,1e-06,0.0
2756.0,763.9419815110481,0.0,297.9,0.015,2354.7880690737834,0.0,0.0,0.0,0.0,0.0,0.0,-0.2453755690468165,0.0021279635784531943,1e-06,0.0
2757.0,763.9419815110481,0.0,297.9,0.015,2354.7880690737834,0.0,0.0,0.0,0.0,0.0,0.0,-0.2453755690468165,0.0021279635784531943,1e-06,0.0
2758.0,763.9419815110481,0.0,297.9,0.015,2354.7880690737834,0.0,0.0,0.0,0.0,0.0,0.0,-0.2453755690468165,0.0021279635784531943,1e-06,0.0
2759.0,763.9419815110481,0.0,297.9,0.015,2354.7880690737834,0.0,0.0,0.0,0.0,0.0,0.0,-0.2453755690468165,0.0021279635784531943,1e-06,0.0
2760.0,763.9419815110481,0.0,297.9,0.015,2354.7880690737834,0.0,0.0,0.0,0.0,0.0,0.0,-0.2453755690468165,0.0021279635784531943,1e-06,0.0
2761.0,763.9419815110481,0.0,297.9,0.015,2354.7880690737834,0.0,0.0,0.0,0.0,0.0,0.0,-0.2453755690468165,0.0021279635784531943,1e-06,0.0
2762.0,763.9419815110481,0.0,297.9,0.015,2354.7880690737834,0.0,0.0,0.0,0.0,0.0,0.0,-0.2453755690468165,0.0021279635784531943,1e-06,0.0
2763.0,763.9419815110481,0.0,297.9,0.015,2354.7880690737834,0.0,0.0,0.0,0.0,0.0,0.0,-0.2453755690468165,0.0021279635784531943,1e-06,0.0
2764.0,763.9419815110481,0.0,297.9,0.015,2354.7880690737834,0.0,0.0,0.0,0.0,0.0,0.0,-0.2453755690468165,0.0021279635784531943,1e-06,0.0
2765.0,763.9419815110481,0.0,297.9,0.015,2354.7880690737834,0.0,0.0,0.0,0.0,0.0,0.0,-0.2453755690468165,0.0021279635784531943,1e-06,0.0
2766.0,763.9419815110481,0.0,297.9,0.015,2354.7880690737834,0.0,0.0,0.0,0.0,0.0,0.0,-0.2453755690468165,0.0021279635784531943,1e-06,0.0
2767.0,763.9419815110481,0.0,297.9,0.015,2354.7880690737834,0.0,0.0,0.0,0.0,0.0,0.0,-0.2453755690468165,0.0021279635784531943,1e-06,0.0
2768.0,763.9419815110481,0.0,297.9,0.015,2354.7880690737834,0.0,0.0,0.0,0.0,0.0,0.0,-0.2453755690468165,0.0021279635784531943,1e-06,0.0
2769.0,763.9419815110481,0.0,297.9,0.015,2354.7880690737834,0.0,0.0,0.0,0.0,0.0,0.0,-0.2453755690468165,0.0021279635784531943,1e-06,0.0
2770.0,763.9419815110481,0.0,297.9,0.015,2354.7880690737834,0.0,0.0,0.0,0.0,0.0,0.0,-0.2453755690468165,0.0021279635784531943,1e-06,0.0
2771.0,763.9419815110481,0.0,297.9,0.015,2354.7880690737834,0.0,0.0,0.0,0.0,0.0,0.0,-0.2453755690468165,0.0021279635784531943,1e-06,0.0
2772.0,763.9419815110481,0.0,297.9,0.015,2354.7880690737834,0.0,0.0,0.0,0.0,0.0,0.0,-0.2453755690468165,0.0021279635784531943,1e-06,0.0
2773.0,763.9419815110481,0.0,297.9,0.015,2354.7880690737834,0.0,0.0,0.0,0.0,0.0,0.0,-0.2453755690468165,0.0021279635784531943,1e-06,0.0
2774.0,763.9419815110481,0.0,297.9,0.015,2354.7880690737834,0.0,0.0,0.0,0.0,0.0,0.0,-0.2453755690468165,0.0021279635784531943,1e-06,0.0
2775.0,763.9419815110481,0.0,297.9,0.015,2354.7880690737834,0.0,0.0,0.0,0.0,0.0,0.0,-0.2453755690468165,0.0021279635784531943,1e-06,0.0
2776.0,763.9419815110481,0.0,297.9,0.015,2354.7880690737834,0.0,0.0,0.0,0.0,0.0,0.0,-0.2453755690468165,0.0021279635784531943,1e-06,0.0
2777.0,763.9419815110481,0.0,297.9,0.015,2354.7880690737834,0.0,0.0,0.0,0.0,0.0,0.0,-0.2453755690468165,0.0021279635784531943,1e-06,0.0
2778.0,763.9419815110481,0.0,297.9,0.015,2354.7880690737834,0.0,0.0,0.0,0.0,0.0,0.0,-0.2453755690468165,0.0021279635784531943,1e-06,0.0
2779.0,763.9419815110481,0.0,297.9,0.015,2354.7880690737834,0.0,0.0,0.0,0.0,0.0,0.0,-0.2453755690468165,0.0021279635784531943,1e-06,0.0
2780.0,763.9419815110481,0.0,297.9,0.015,2354.7880690737834,0.0,0.0,0.0,0.0,0.0,0.0,-0.2453755690468165,0.0021279635784531943,1e-06,0.0
2781.0,763.9419815110481,0.0,297.9,0.015,2354.7880690737834,0.0,0.0,0.0,0.0,0.0,0.0,-0.2453755690468165,0.0021279635784531943,1e-06,0.0
2782.0,763.9419815110481,0.0,297.9,0.015,2354.7880690737834,0.0,0.0,0.0,0.0,0.0,0.0,-0.2453755690468165,0.0021279635784531943,1e-06,0.0
2783.0,763.9419815110481,0.0,297.9,0.015,2354.7880690737834,0.0,0.0,0.0,0.0,0.0,0.0,-0.2453755690468165,0.0021279635784531943,1e-06,0.0
2784.0,763.9419815110481,0.0,297.9,0.015,2354.7880690737834,0.0,0.0,0.0,0.0,0.0,0.0,-0.2453755690468165,0.0021279635784531943,1e-06,0.0
2785.0,763.9419815110481,0.0,297.9,0.015,2354.7880690737834,0.0,0.0,0.0,0.0,0.0,0.0,-0.2453755690468165,0.0021279635784531943,1e-06,0.0
2786.0,763.9419815110481,0.0,297.9,0.015,2354.7880690737834,0.0,0.0,0.0,0.0,0.0,0.0,-0.2453755690468165,0.0021279635784531943,1e-06,0.0
2787.0,763.9419815110481,0.0,297.9,0.015,2354.7880690737834,0.0,0.0,0.0,0.0,0.0,0.0,-0.2453755690468165,0.0021279635784531943,1e-06,0.0
2788.0,763.9419815110481,0.0,297.9,0.015,2354.7880690737834,0.0,0.0,0.0,0.0,0.0,0.0,-0.2453755690468165,0.0021279635784531943,1e-06,0.0
2789.0,763.9419815110481,0.0,297.9,0.015,2354.7880690737834,0.0,0.0,0.0,0.0,0.0,0.0,-0.2453755690468165,0.0021279635784531943,1e-06,0.0
2790.0,763.9419815110481,0.0,297.9,0.015,2354.7880690737834,0.0,0.0,0.0,0.0,0.0,0.0,-0.2453755690468165,0.0021279635784531943,1e-06,0.0
2791.0,763.9419815110481,0.0,297.9,0.015,2354.7880690737834,0.0,0.0,0.0,0.0,0.0,0.0,-0.2453755690468165,0.0021279635784531943,1e-06,0.0
2792.0,763.9419815110481,0.0,297.9,0.015,2354.7880690737834,0.0,0.0,0.0,0.0,0.0,0.0,-0.2453755690468165,0.0021279635784531943,1e-06,0.0
2793.0,763.9419815110481,0.0,297.9,0.015,2354.7880690737834,0.0,0.0,0.0,0.0,0.0,0.0,-0.2453755690468165,0.0021279635784531943,1e-06,0.0
2794.0,763.9419815110481,0.0,297.9,0.015,2354.7880690737834,0.0,0.0,0.0,0.0,0.0,0.0,-0.2453755690468165,0.0021279635784531943,1e-06,0.0
2795.0,763.9419815110481,0.0,297.9,0.015,2354.7880690737834,0.0,0.0,0.0,0.0,0.0,0.0,-0.2453755690468165,0.0021279635784531943,1e-06,0.0
2796.0,763.9419815110481,0.0,297.9,0.015,2354.7880690737834,0.0,0.0,0.0,0.0,0.0,0.0,-0.2453755690468165,0.0021279635784531943,1e-06,0.0
2797.0,763.9419815110481,0.0,297.9,0.015,2354.7880690737834,0.0,0.0,0.0,0.0,0.0,0.0,-0.2453755690468165,0.0021279635784531943,1e-06,0.0
2798.0,763.9419815110481,0.0,297.9,0.015,2354.7880690737834,0.0,0.0,0.0,0.0,0.0,0.0,-0.2453755690468165,0.0021279635784531943,1e-06,0.0
2799.0,763.9419815110481,0.0,297.9,0.015,2354.7880690737834,0.0,0.0,0.0,0.0,0.0,0.0,-0.2453755690468165,0.0021279635784531943,1e-06,0.0
2800.0,763.9419815110481,0.0,297.9,0.015,2354.7880690737834,0.0,0.0,0.0,0.0,0.0,0.0,-0.2453755690468165,0.0021279635784531943,1e-06,0.0
2801.0,763.9419815110481,0.0,297.9,0.015,2354.7880690737834,0.0,0.0,0.0,0.0,0.0,0.0,-0.2453755690468165,0.0021279635784531943,1e-06,0.0
2802.0,763.9419815110481,0.0,297.9,0.015,2354.7880690737834,0.0,0.0,0.0,0.0,0.0,0.0,-0.2453755690468165,0.0021279635784531943,1e-06,0.0
2803.0,763.9419815110481,0.0,297.9,0.015,2354.7880690737834,0.0,0.0,0.0,0.0,0.0,0.0,-0.2453755690468165,0.0021279635784531943,1e-06,0.0
2804.0,763.9419815110481,0.0,297.9,0.015,2354.7880690737834,0.0,0.0,0.0,0.0,0.0,0.0,-0.2453755690468165,0.0021279635784531943,1e-06,0.0
2805.0,763.9419815110481,0.0,297.9,0.015,2354.7880690737834,0.0,0.0,0.0,0.0,0.0,0.0,-0.2453755690468165,0.0021279635784531943,1e-06,0.0
2806.0,763.9419815110481,0.0,297.9,0.015,2354.7880690737834,0.0,0.0,0.0,0.0,0.0,0.0,-0.2453755690468165,0.0021279635784531943,1e-06,0.0
2807.0,763.9419815110481,0.0,297.9,0.015,2354.7880690737834,0.0,0.0,0.0,0.0,0.0,0.0,-0.2453755690468165,0.0021279635784531943,1e-06,0.0
2808.0,763.9419815110481,0.0,297.9,0.015,2354.7880690737834,0.0,0.0,0.0,0.0,0.0,0.0,-0.2453755690468165,0.0021279635784531943,1e-06,0.0
2809.0,763.9419815110481,0.0,297.9,0.015,2354.7880690737834,0.0,0.0,0.0,0.0,0.0,0.0,-0.2453755690468165,0.0021279635784531943,1e-06,0.0
2810.0,763.9419815110481,0.0,297.9,0.015,2354.7880690737834,0.0,0.0,0.0,0.0,0.0,0.0,-0.2453755690468165,0.0021279635784531943,1e-06,0.0
2811.0,763.9419815110481,0.0,297.9,0.015,2354.7880690737834,0.0,0.0,0.0,0.0,0.0,0.0,-0.2453755690468165,0.0021279635784531943,1e-06,0.0
2812.0,763.9419815110481,0.0,297.9,0.015,2354.7880690737834,0.0,0.0,0.0,0.0,0.0,0.0,-0.2453755690468165,0.0021279635784531943,1e-06,0.0
2813.0,763.9419815110481,0.0,297.9,0.015,2354.7880690737834,0.0,0.0,0.0,0.0,0.0,0.0,-0.2453755690468165,0.0021279635784531943,1e-06,0.0
2814.0,763.9419815110481,0.0,297.9,0.015,2354.7880690737834,0.0,0.0,0.0,0.0,0.0,0.0,-0.2453755690468165,0.0021279635784531943,1e-06,0.0
2815.0,763.9419815110481,0.0,297.9,0.015,2354.7880690737834,0.0,0.0,0.0,0.0,0.0,0.0,-0.2453755690468165,0.0021279635784531943,1e-06,0.0
2816.0,763.9419815110481,0.0,297.9,0.015,2354.7880690737834,0.0,0.0,0.0,0.0,0.0,0.0,-0.2453755690468165,0.0021279635784531943,1e-06,0.0
2817.0,763.9419815110481,0.0,297.9,0.015,2354.7880690737834,0.0,0.0,0.0,0.0,0.0,0.0,-0.2453755690468165,0.0021279635784531943,1e-06,0.0
2818.0,763.9419815110481,0.0,297.9,0.015,2354.7880690737834,0.0,0.0,0.0,0.0,0.0,0.0,-0.2453755690468165,0.0021279635784531943,1e-06,0.0
2819.0,763.9419815110481,0.0,297.9,0.015,2354.7880690737834,0.0,0.0,0.0,0.0,0.0,0.0,-0.2453755690468165,0.0021279635784531943,1e-06,0.0
2820.0,763.9419815110481,0.0,297.9,0.015,2354.7880690737834,0.0,0.0,0.0,0.0,0.0,0.0,-0.2453755690468165,0.0021279635784531943,1e-06,0.0
2821.0,763.9419815110481,0.0,297.9,0.015,2354.7880690737834,0.0,0.0,0.0,0.0,0.0,0.0,-0.2453755690468165,0.0021279635784531943,1e-06,0.0
2822.0,763.9419815110481,0.0,297.9,0.015,2354.7880690737834,0.0,0.0,0.0,0.0,0.0,0.0,-0.2453755690468165,0.0021279635784531943,1e-06,0.0
2823.0,763.9419815110481,0.0,297.9,0.015,2354.7880690737834,0.0,0.0,0.0,0.0,0.0,0.0,-0.2453755690468165,0.0021279635784531943,1e-06,0.0
2824.0,763.9419815110481,0.0,297.9,0.015,2354.7880690737834,0.0,0.0,0.0,0.0,0.0,0.0,-0.2453755690468165,0.0021279635784531943,1e-06,0.0
2825.0,763.9419815110481,0.0,297.9,0.015,2354.7880690737834,0.0,0.0,0.0,0.0,0.0,0.0,-0.2453755690468165,0.0021279635784531943,1e-06,0.0
2826.0,763.9419815110481,0.0,297.9,0.015,2354.7880690737834,0.0,0.0,0.0,0.0,0.0,0.0,-0.2453755690468165,0.0021279635784531943,1e-06,0.0
2827.0,763.9419815110481,0.0,297.9,0.015,2354.7880690737834,0.0,0.0,0.0,0.0,0.0,0.0,-0.2453755690468165,0.0021279635784531943,1e-06,0.0
2828.0,763.9419815110481,0.0,297.9,0.015,2354.7880690737834,0.0,0.0,0.0,0.0,0.0,0.0,-0.2453755690468165,0.0021279635784531943,1e-06,0.0
2829.0,763.9419815110481,0.0,297.9,0.015,2354.7880690737834,0.0,0.0,0.0,0.0,0.0,0.0,-0.2453755690468165,0.0021279635784531943,1e-06,0.0
2830.0,763.9419815110481,0.0,297.9,0.015,2354.7880690737834,0.0,0.0,0.0,0.0,0.0,0.0,-0.2453755690468165,0.0021279635784531943,1e-06,0.0
2831.0,763.9419815110481,0.0,297.9,0.015,2354.7880690737834,0.0,0.0,0.0,0.0,0.0,0.0,-0.2453755690468165,0.0021279635784531943,1e-06,0.0
2832.0,763.9419815110481,0.0,297.9,0.015,2354.7880690737834,0.0,0.0,0.0,0.0,0.0,0.0,-0.2453755690468165,0.0021279635784531943,1e-06,0.0
2833.0,763.9419815110481,0.0,297.9,0.015,2354.7880690737834,0.0,0.0,0.0,0.0,0.0,0.0,-0.2453755690468165,0.0021279635784531943,1e-06,0.0
2834.0,763.9419815110481,0.0,297.9,0.015,2354.7880690737834,0.0,0.0,0.0,0.0,0.0,0.0,-0.2453755690468165,0.0021279635784531943,1e-06,0.0
2835.0,763.9419815110481,0.0,297.9,0.015,2354.7880690737834,0.0,0.0,0.0,0.0,0.0,0.0,-0.2453755690468165,0.0021279635784531943,1e-06,0.0
2836.0,763.9419815110481,0.0,297.9,0.015,2354.7880690737834,0.0,0.0,0.0,0.0,0.0,0.0,-0.2453755690468165,0.0021279635784531943,1e-06,0.0
2837.0,763.9419815110481,0.0,297.9,0.015,2354.7880690737834,0.0,0.0,0.0,0.0,0.0,0.0,-0.2453755690468165,0.0021279635784531943,1e-06,0.0
2838.0,763.9419815110481,0.0,297.9,0.015,2354.7880690737834,0.0,0.0,0.0,0.0,0.0,0.0,-0.2453755690468165,0.0021279635784531943,1e-06,0.0
2839.0,763.9419815110481,0.0,297.9,0.015,2354.7880690737834,0.0,0.0,0.0,0.0,0.0,0.0,-0.2453755690468165,0.0021279635784531943,1e-06,0.0
2840.0,763.9419815110481,0.0,297.9,0.015,2354.7880690737834,0.0,0.0,0.0,0.0,0.0,0.0,-0.2453755690468165,0.0021279635784531943,1e-06,0.0
2841.0,763.9419815110481,0.0,297.9,0.015,2354.7880690737834,0.0,0.0,0.0,0.0,0.0,0.0,-0.2453755690468165,0.0021279635784531943,1e-06,0.0
2842.0,763.9419815110481,0.0,297.9,0.015,2354.7880690737834,0.0,0.0,0.0,0.0,0.0,0.0,-0.2453755690468165,0.0021279635784531943,1e-06,0.0
2843.0,763.9419815110481,0.0,297.9,0.015,2354.7880690737834,0.0,0.0,0.0,0.0,0.0,0.0,-0.2453755690468165,0.0021279635784531943,1e-06,0.0
2844.0,763.9419815110481,0.0,297.9,0.015,2354.7880690737834,0.0,0.0,0.0,0.0,0.0,0.0,-0.2453755690468165,0.0021279635784531943,1e-06,0.0
2845.0,763.9419815110481,0.0,297.9,0.015,2354.7880690737834,0.0,0.0,0.0,0.0,0.0,0.0,-0.2453755690468165,0.0021279635784531943,1e-06,0.0
2846.0,763.9419815110481,0.0,297.9,0.015,2354.7880690737834,0.0,0.0,0.0,0.0,0.0,0.0,-0.2453755690468165,0.0021279635784531943,1e-06,0.0
2847.0,763.9419815110481,0.0,297.9,0.015,2354.7880690737834,0.0,0.0,0.0,0.0,0.0,0.0,-0.2453755690468165,0.0021279635784531943,1e-06,0.0
2848.0,763.9419815110481,0.0,297.9,0.015,2354.7880690737834,0.0,0.0,0.0,0.0,0.0,0.0,-0.2453755690468165,0.0021279635784531943,1e-06,0.0
2849.0,763.9419815110481,0.0,297.9,0.015,2354.7880690737834,0.0,0.0,0.0,0.0,0.0,0.0,-0.2453755690468165,0.0021279635784531943,1e-06,0.0
2850.0,763.9419815110481,0.0,297.9,0.015,2354.7880690737834,0.0,0.0,0.0,0.0,0.0,0.0,-0.2453755690468165,0.0021279635784531943,1e-06,0.0
2851.0,763.9419815110481,0.0,297.9,0.015,2354.7880690737834,0.0,0.0,0.0,0.0,0.0,0.0,-0.2453755690468165,0.0021279635784531943,1e-06,0.0
2852.0,763.9419815110481,0.0,297.9,0.015,2354.7880690737834,0.0,0.0,0.0,0.0,0.0,0.0,-0.2453755690468165,0.0021279635784531943,1e-06,0.0
2853.0,763.9419815110481,0.0,297.9,0.015,2354.7880690737834,0.0,0.0,0.0,0.0,0.0,0.0,-0.2453755690468165,0.0021279635784531943,1e-06,0.0
2854.0,763.9419815110481,0.0,297.9,0.015,2354.7880690737834,0.0,0.0,0.0,0.0,0.0,0.0,-0.2453755690468165,0.0021279635784531943,1e-06,0.0
2855.0,763.9419815110481,0.0,297.9,0.015,2354.7880690737834,0.0,0.0,0.0,0.0,0.0,0.0,-0.2453755690468165,0.0021279635784531943,1e-06,0.0
2856.0,763.9419815110481,0.0,297.9,0.015,2354.7880690737834,0.0,0.0,0.0,0.0,0.0,0.0,-0.2453755690468165,0.0021279635784531943,1e-06,0.0
2857.0,763.9419815110481,0.0,297.9,0.015,2354.7880690737834,0.0,0.0,0.0,0.0,0.0,0.0,-0.2453755690468165,0.0021279635784531943,1e-06,0.0
2858.0,763.9419815110481,0.0,297.9,0.015,2354.7880690737834,0.0,0.0,0.0,0.0,0.0,0.0,-0.2453755690468165,0.0021279635784531943,1e-06,0.0
2859.0,763.9419815110481,0.0,297.9,0.015,2354.7880690737834,0.0,0.0,0.0,0.0,0.0,0.0,-0.2453755690468165,0.0021279635784531943,1e-06,0.0
2860.0,763.9419815110481,0.0,297.9,0.015,2354.7880690737834,0.0,0.0,0.0,0.0,0.0,0.0,-0.2453755690468165,0.0021279635784531943,1e-06,0.0
2861.0,763.9419815110481,0.0,297.9,0.015,2354.7880690737834,0.0,0.0,0.0,0.0,0.0,0.0,-0.2453755690468165,0.0021279635784531943,1e-06,0.0
2862.0,763.9419815110481,0.0,297.9,0.015,2354.7880690737834,0.0,0.0,0.0,0.0,0.0,0.0,-0.2453755690468165,0.0021279635784531943,1e-06,0.0
2863.0,763.9419815110481,0.0,297.9,0.015,2354.7880690737834,0.0,0.0,0.0,0.0,0.0,0.0,-0.2453755690468165,0.0021279635784531943,1e-06,0.0
2864.0,763.9419815110481,0.0,297.9,0.015,2354.7880690737834,0.0,0.0,0.0,0.0,0.0,0.0,-0.2453755690468165,0.0021279635784531943,1e-06,0.0
2865.0,763.9419815110481,0.0,297.9,0.015,2354.7880690737834,0.0,0.0,0.0,0.0,0.0,0.0,-0.2453755690468165,0.0021279635784531943,1e-06,0.0
2866.0,763.9419815110481,0.0,297.9,0.015,2354.7880690737834,0.0,0.0,0.0,0.0,0.0,0.0,-0.2453755690468165,0.0021279635784531943,1e-06,0.0
2867.0,763.9419815110481,0.0,297.9,0.015,2354.7880690737834,0.0,0.0,0.0,0.0,0.0,0.0,-0.2453755690468165,0.0021279635784531943,1e-06,0.0
2868.0,763.9419815110481,0.0,297.9,0.015,2354.7880690737834,0.0,0.0,0.0,0.0,0.0,0.0,-0.2453755690468165,0.0021279635784531943,1e-06,0.0
2869.0,763.9419815110481,0.0,297.9,0.015,2354.7880690737834,0.0,0.0,0.0,0.0,0.0,0.0,-0.2453755690468165,0.0021279635784531943,1e-06,0.0
2870.0,763.9419815110481,0.0,297.9,0.015,2354.7880690737834,0.0,0.0,0.0,0.0,0.0,0.0,-0.2453755690468165,0.0021279635784531943,1e-06,0.0
2871.0,763.9419815110481,0.0,297.9,0.015,2354.7880690737834,0.0,0.0,0.0,0.0,0.0,0.0,-0.2453755690468165,0.0021279635784531943,1e-06,0.0
2872.0,763.9419815110481,0.0,297.9,0.015,2354.7880690737834,0.0,0.0,0.0,0.0,0.0,0.0,-0.2453755690468165,0.0021279635784531943,1e-06,0.0
2873.0,763.9419815110481,0.0,297.9,0.015,2354.7880690737834,0.0,0.0,0.0,0.0,0.0,0.0,-0.2453755690468165,0.0021279635784531943,1e-06,0.0
2874.0,763.9419815110481,0.0,297.9,0.015,2354.7880690737834,0.0,0.0,0.0,0.0,0.0,0.0,-0.2453755690468165,0.0021279635784531943,1e-06,0.0
2875.0,763.9419815110481,0.0,297.9,0.015,2354.7880690737834,0.0,0.0,0.0,0.0,0.0,0.0,-0.2453755690468165,0.0021279635784531943,1e-06,0.0
2876.0,763.9419815110481,0.0,297.9,0.015,2354.7880690737834,0.0,0.0,0.0,0.0,0.0,0.0,-0.2453755690468165,0.0021279635784531943,1e-06,0.0
2877.0,763.9419815110481,0.0,297.9,0.015,2354.7880690737834,0.0,0.0,0.0,0.0,0.0,0.0,-0.2453755690468165,0.0021279635784531943,1e-06,0.0
2878.0,763.9419815110481,0.0,297.9,0.015,2354.7880690737834,0.0,0.0,0.0,0.0,0.0,0.0,-0.2453755690468165,0.0021279635784531943,1e-06,0.0
2879.0,763.9419815110481,0.0,297.9,0.015,2354.7880690737834,0.0,0.0,0.0,0.0,0.0,0.0,-0.2453755690468165,0.0021279635784531943,1e-06,0.0
2880.0,763.9419815110481,0.0,297.9,0.015,2354.7880690737834,0.0,0.0,0.0,0.0,0.0,0.0,-0.2453755690468165,0.0021279635784531943,1e-06,0.0
2881.0,763.9419815110481,0.0,297.9,0.015,2354.7880690737834,0.0,0.0,0.0,0.0,0.0,0.0,-0.2453755690468165,0.0021279635784531943,1e-06,0.0
2882.0,763.9419815110481,0.0,297.9,0.015,2354.7880690737834,0.0,0.0,0.0,0.0,0.0,0.0,-0.2453755690468165,0.0021279635784531943,1e-06,0.0
2883.0,763.9419815110481,0.0,297.9,0.015,2354.7880690737834,0.0,0.0,0.0,0.0,0.0,0.0,-0.2453755690468165,0.0021279635784531943,1e-06,0.0
2884.0,763.9419815110481,0.0,297.9,0.015,2354.7880690737834,0.0,0.0,0.0,0.0,0.0,0.0,-0.2453755690468165,0.0021279635784531943,1e-06,0.0
2885.0,763.9419815110481,0.0,297.9,0.015,2354.7880690737834,0.0,0.0,0.0,0.0,0.0,0.0,-0.2453755690468165,0.0021279635784531943,1e-06,0.0
2886.0,763.9419815110481,0.0,297.9,0.015,2354.7880690737834,0.0,0.0,0.0,0.0,0.0,0.0,-0.2453755690468165,0.0021279635784531943,1e-06,0.0
2887.0,763.9419815110481,0.0,297.9,0.015,2354.7880690737834,0.0,0.0,0.0,0.0,0.0,0.0,-0.2453755690468165,0.0021279635784531943,1e-06,0.0
2888.0,763.9419815110481,0.0,297.9,0.015,2354.7880690737834,0.0,0.0,0.0,0.0,0.0,0.0,-0.2453755690468165,0.0021279635784531943,1e-06,0.0
2889.0,763.9419815110481,0.0,297.9,0.015,2354.7880690737834,0.0,0.0,0.0,0.0,0.0,0.0,-0.2453755690468165,0.0021279635784531943,1e-06,0.0
2890.0,763.9419815110481,0.0,297.9,0.015,2354.7880690737834,0.0,0.0,0.0,0.0,0.0,0.0,-0.2453755690468165,0.0021279635784531943,1e-06,0.0
2891.0,763.9419815110481,0.0,297.9,0.015,2354.7880690737834,0.0,0.0,0.0,0.0,0.0,0.0,-0.2453755690468165,0.0021279635784531943,1e-06,0.0
2892.0,763.9419815110481,0.0,297.9,0.015,2354.7880690737834,0.0,0.0,0.0,0.0,0.0,0.0,-0.2453755690468165,0.0021279635784531943,1e-06,0.0
2893.0,763.9419815110481,0.0,297.9,0.015,2354.7880690737834,0.0,0.0,0.0,0.0,0.0,0.0,-0.2453755690468165,0.0021279635784531943,1e-06,0.0
2894.0,763.9419815110481,0.0,297.9,0.015,2354.7880690737834,0.0,0.0,0.0,0.0,0.0,0.0,-0.2453755690468165,0.0021279635784531943,1e-06,0.0
2895.0,763.9419815110481,0.0,297.9,0.015,2354.7880690737834,0.0,0.0,0.0,0.0,0.0,0.0,-0.2453755690468165,0.0021279635784531943,1e-06,0.0
2896.0,763.9419815110481,0.0,297.9,0.015,2354.7880690737834,0.0,0.0,0.0,0.0,0.0,0.0,-0.2453755690468165,0.0021279635784531943,1e-06,0.0
2897.0,763.9419815110481,0.0,297.9,0.015,2354.7880690737834,0.0,0.0,0.0,0.0,0.0,0.0,-0.2453755690468165,0.0021279635784531943,1e-06,0.0
2898.0,763.9419815110481,0.0,297.9,0.015,2354.7880690737834,0.0,0.0,0.0,0.0,0.0,0.0,-0.2453755690468165,0.0021279635784531943,1e-06,0.0
2899.0,763.9419815110481,0.0,297.9,0.015,2354.7880690737834,0.0,0.0,0.0,0.0,0.0,0.0,-0.2453755690468165,0.0021279635784531943,1e-06,0.0
2900.0,763.9419815110481,0.0,297.9,0.015,2354.7880690737834,0.0,0.0,0.0,0.0,0.0,0.0,-0.2453755690468165,0.0021279635784531943,1e-06,0.0
2901.0,763.9419815110481,0.0,297.9,0.015,2354.7880690737834,0.0,0.0,0.0,0.0,0.0,0.0,-0.2453755690468165,0.0021279635784531943,1e-06,0.0
2902.0,763.9419815110481,0.0,297.9,0.015,2354.7880690737834,0.0,0.0,0.0,0.0,0.0,0.0,-0.2453755690468165,0.0021279635784531943,1e-06,0.0
2903.0,763.9419815110481,0.0,297.9,0.015,2354.7880690737834,0.0,0.0,0.0,0.0,0.0,0.0,-0.2453755690468165,0.0021279635784531943,1e-06,0.0
2904.0,763.9419815110481,0.0,297.9,0.015,2354.7880690737834,0.0,0.0,0.0,0.0,0.0,0.0,-0.2453755690468165,0.0021279635784531943,1e-06,0.0
2905.0,763.9419815110481,0.0,297.9,0.015,2354.7880690737834,0.0,0.0,0.0,0.0,0.0,0.0,-0.2453755690468165,0.0021279635784531943,1e-06,0.0
2906.0,763.9419815110481,0.0,297.9,0.015,2354.7880690737834,0.0,0.0,0.0,0.0,0.0,0.0,-0.2453755690468165,0.0021279635784531943,1e-06,0.0
2907.0,763.9419815110481,0.0,297.9,0.015,2354.7880690737834,0.0,0.0,0.0,0.0,0.0,0.0,-0.2453755690468165,0.0021279635784531943,1e-06,0.0
2908.0,763.9419815110481,0.0,297.9,0.015,2354.7880690737834,0.0,0.0,0.0,0.0,0.0,0.0,-0.2453755690468165,0.0021279635784531943,1e-06,0.0
2909.0,763.9419815110481,0.0,297.9,0.015,2354.7880690737834,0.0,0.0,0.0,0.0,0.0,0.0,-0.2453755690468165,0.0021279635784531943,1e-06,0.0
2910.0,763.9419815110481,0.0,297.9,0.015,2354.7880690737834,0.0,0.0,0.0,0.0,0.0,0.0,-0.2453755690468165,0.0021279635784531943,1e-06,0.0
2911.0,763.9419815110481,0.0,297.9,0.015,2354.7880690737834,0.0,0.0,0.0,0.0,0.0,0.0,-0.2453755690468165,0.0021279635784531943,1e-06,0.0
2912.0,763.9419815110481,0.0,297.9,0.015,2354.7880690737834,0.0,0.0,0.0,0.0,0.0,0.0,-0.2453755690468165,0.0021279635784531943,1e-06,0.0
2913.0,763.9419815110481,0.0,297.9,0.015,2354.7880690737834,0.0,0.0,0.0,0.0,0.0,0.0,-0.2453755690468165,0.0021279635784531943,1e-06,0.0
2914.0,763.9419815110481,0.0,297.9,0.015,2354.7880690737834,0.0,0.0,0.0,0.0,0.0,0.0,-0.2453755690468165,0.0021279635784531943,1e-06,0.0
2915.0,763.9419815110481,0.0,297.9,0.015,2354.7880690737834,0.0,0.0,0.0,0.0,0.0,0.0,-0.2453755690468165,0.0021279635784531943,1e-06,0.0
2916.0,763.9419815110481,0.0,297.9,0.015,2354.7880690737834,0.0,0.0,0.0,0.0,0.0,0.0,-0.2453755690468165,0.0021279635784531943,1e-06,0.0
2917.0,763.9419815110481,0.0,297.9,0.015,2354.7880690737834,0.0,0.0,0.0,0.0,0.0,0.0,-0.2453755690468165,0.0021279635784531943,1e-06,0.0
2918.0,763.9419815110481,0.0,297.9,0.015,2354.7880690737834,0.0,0.0,0.0,0.0,0.0,0.0,-0.2453755690468165,0.0021279635784531943,1e-06,0.0
2919.0,763.9419815110481,0.0,297.9,0.015,2354.7880690737834,0.0,0.0,0.0,0.0,0.0,0.0,-0.2453755690468165,0.0021279635784531943,1e-06,0.0
2920.0,763.9419815110481,0.0,297.9,0.015,2354.7880690737834,0.0,0.0,0.0,0.0,0.0,0.0,-0.2453755690468165,0.0021279635784531943,1e-06,0.0
2921.0,763.9419815110481,0.0,297.9,0.015,2354.7880690737834,0.0,0.0,0.0,0.0,0.0,0.0,-0.2453755690468165,0.0021279635784531943,1e-06,0.0
2922.0,763.9419815110481,0.0,297.9,0.015,2354.7880690737834,0.0,0.0,0.0,0.0,0.0,0.0,-0.2453755690468165,0.0021279635784531943,1e-06,0.0
2923.0,763.9419815110481,0.0,297.9,0.015,2354.7880690737834,0.0,0.0,0.0,0.0,0.0,0.0,-0.2453755690468165,0.0021279635784531943,1e-06,0.0
2924.0,763.9419815110481,0.0,297.9,0.015,2354.7880690737834,0.0,0.0,0.0,0.0,0.0,0.0,-0.2453755690468165,0.0021279635784531943,1e-06,0.0
2925.0,763.9419815110481,0.0,297.9,0.015,2354.7880690737834,0.0,0.0,0.0,0.0,0.0,0.0,-0.2453755690468165,0.0021279635784531943,1e-06,0.0
2926.0,763.9419815110481,0.0,297.9,0.015,2354.7880690737834,0.0,0.0,0.0,0.0,0.0,0.0,-0.2453755690468165,0.0021279635784531943,1e-06,0.0
2927.0,763.9419815110481,0.0,297.9,0.015,2354.7880690737834,0.0,0.0,0.0,0.0,0.0,0.0,-0.2453755690468165,0.0021279635784531943,1e-06,0.0
2928.0,763.9419815110481,0.0,297.9,0.015,2354.7880690737834,0.0,0.0,0.0,0.0,0.0,0.0,-0.2453755690468165,0.0021279635784531943,1e-06,0.0
2929.0,763.9419815110481,0.0,297.9,0.015,2354.7880690737834,0.0,0.0,0.0,0.0,0.0,0.0,-0.2453755690468165,0.0021279635784531943,1e-06,0.0
2930.0,763.9419815110481,0.0,297.9,0.015,2354.7880690737834,0.0,0.0,0.0,0.0,0.0,0.0,-0.2453755690468165,0.0021279635784531943,1e-06,0.0
2931.0,763.9419815110481,0.0,297.9,0.015,2354.7880690737834,0.0,0.0,0.0,0.0,0.0,0.0,-0.2453755690468165,0.0021279635784531943,1e-06,0.0
2932.0,763.9419815110481,0.0,297.9,0.015,2354.7880690737834,0.0,0.0,0.0,0.0,0.0,0.0,-0.2453755690468165,0.0021279635784531943,1e-06,0.0
2933.0,763.9419815110481,0.0,297.9,0.015,2354.7880690737834,0.0,0.0,0.0,0.0,0.0,0.0,-0.2453755690468165,0.0021279635784531943,1e-06,0.0
2934.0,763.9419815110481,0.0,297.9,0.015,2354.7880690737834,0.0,0.0,0.0,0.0,0.0,0.0,-0.2453755690468165,0.0021279635784531943,1e-06,0.0
2935.0,763.9419815110481,0.0,297.9,0.015,2354.7880690737834,0.0,0.0,0.0,0.0,0.0,0.0,-0.2453755690468165,0.0021279635784531943,1e-06,0.0
2936.0,763.9419815110481,0.0,297.9,0.015,2354.7880690737834,0.0,0.0,0.0,0.0,0.0,0.0,-0.2453755690468165,0.0021279635784531943,1e-06,0.0
2937.0,763.9419815110481,0.0,297.9,0.015,2354.7880690737834,0.0,0.0,0.0,0.0,0.0,0.0,-0.2453755690468165,0.0021279635784531943,1e-06,0.0
2938.0,763.9419815110481,0.0,297.9,0.015,2354.7880690737834,0.0,0.0,0.0,0.0,0.0,0.0,-0.2453755690468165,0.0021279635784531943,1e-06,0.0
2939.0,763.9419815110481,0.0,297.9,0.015,2354.7880690737834,0.0,0.0,0.0,0.0,0.0,0.0,-0.2453755690468165,0.0021279635784531943,1e-06,0.0
2940.0,763.9419815110481,0.0,297.9,0.015,2354.7880690737834,0.0,0.0,0.0,0.0,0.0,0.0,-0.2453755690468165,0.0021279635784531943,1e-06,0.0
2941.0,763.9419815110481,0.0,297.9,0.015,2354.7880690737834,0.0,0.0,0.0,0.0,0.0,0.0,-0.2453755690468165,0.0021279635784531943,1e-06,0.0
2942.0,763.9419815110481,0.0,297.9,0.015,2354.7880690737834,0.0,0.0,0.0,0.0,0.0,0.0,-0.2453755690468165,0.0021279635784531943,1e-06,0.0
2943.0,763.9419815110481,0.0,297.9,0.015,2354.7880690737834,0.0,0.0,0.0,0.0,0.0,0.0,-0.2453755690468165,0.0021279635784531943,1e-06,0.0
2944.0,763.9419815110481,0.0,297.9,0.015,2354.7880690737834,0.0,0.0,0.0,0.0,0.0,0.0,-0.2453755690468165,0.0021279635784531943,1e-06,0.0
2945.0,763.9419815110481,0.0,297.9,0.015,2354.7880690737834,0.0,0.0,0.0,0.0,0.0,0.0,-0.2453755690468165,0.0021279635784531943,1e-06,0.0
2946.0,763.9419815110481,0.0,297.9,0.015,2354.7880690737834,0.0,0.0,0.0,0.0,0.0,0.0,-0.2453755690468165,0.0021279635784531943,1e-06,0.0
2947.0,763.9419815110481,0.0,297.9,0.015,2354.7880690737834,0.0,0.0,0.0,0.0,0.0,0.0,-0.2453755690468165,0.0021279635784531943,1e-06,0.0
2948.0,763.9419815110481,0.0,297.9,0.015,2354.7880690737834,0.0,0.0,0.0,0.0,0.0,0.0,-0.2453755690468165,0.0021279635784531943,1e-06,0.0
2949.0,763.9419815110481,0.0,297.9,0.015,2354.7880690737834,0.0,0.0,0.0,0.0,0.0,0.0,-0.2453755690468165,0.0021279635784531943,1e-06,0.0
2950.0,763.9419815110481,0.0,297.9,0.015,2354.7880690737834,0.0,0.0,0.0,0.0,0.0,0.0,-0.2453755690468165,0.0021279635784531943,1e-06,0.0
2951.0,763.9419815110481,0.0,297.9,0.015,2354.7880690737834,0.0,0.0,0.0,0.0,0.0,0.0,-0.2453755690468165,0.0021279635784531943,1e-06,0.0
2952.0,763.9419815110481,0.0,297.9,0.015,2354.7880690737834,0.0,0.0,0.0,0.0,0.0,0.0,-0.2453755690468165,0.0021279635784531943,1e-06,0.0
2953.0,763.9419815110481,0.0,297.9,0.015,2354.7880690737834,0.0,0.0,0.0,0.0,0.0,0.0,-0.2453755690468165,0.0021279635784531943,1e-06,0.0
2954.0,763.9419815110481,0.0,297.9,0.015,2354.7880690737834,0.0,0.0,0.0,0.0,0.0,0.0,-0.2453755690468165,0.0021279635784531943,1e-06,0.0
2955.0,763.9419815110481,0.0,297.9,0.015,2354.7880690737834,0.0,0.0,0.0,0.0,0.0,0.0,-0.2453755690468165,0.0021279635784531943,1e-06,0.0
2956.0,763.9419815110481,0.0,297.9,0.015,2354.7880690737834,0.0,0.0,0.0,0.0,0.0,0.0,-0.2453755690468165,0.0021279635784531943,1e-06,0.0
2957.0,763.9419815110481,0.0,297.9,0.015,2354.7880690737834,0.0,0.0,0.0,0.0,0.0,0.0,-0.2453755690468165,0.0021279635784531943,1e-06,0.0
2958.0,763.9419815110481,0.0,297.9,0.015,2354.7880690737834,0.0,0.0,0.0,0.0,0.0,0.0,-0.2453755690468165,0.0021279635784531943,1e-06,0.0
2959.0,763.9419815110481,0.0,297.9,0.015,2354.7880690737834,0.0,0.0,0.0,0.0,0.0,0.0,-0.2453755690468165,0.0021279635784531943,1e-06,0.0
2960.0,763.9419815110481,0.0,297.9,0.015,2354.7880690737834,0.0,0.0,0.0,0.0,0.0,0.0,-0.2453755690468165,0.0021279635784531943,1e-06,0.0
2961.0,763.9419815110481,0.0,297.9,0.015,2354.7880690737834,0.0,0.0,0.0,0.0,0.0,0.0,-0.2453755690468165,0.0021279635784531943,1e-06,0.0
2962.0,763.9419815110481,0.0,297.9,0.015,2354.7880690737834,0.0,0.0,0.0,0.0,0.0,0.0,-0.2453755690468165,0.0021279635784531943,1e-06,0.0
2963.0,763.9419815110481,0.0,297.9,0.015,2354.7880690737834,0.0,0.0,0.0,0.0,0.0,0.0,-0.2453755690468165,0.0021279635784531943,1e-06,0.0
2964.0,763.9419815110481,0.0,297.9,0.015,2354.7880690737834,0.0,0.0,0.0,0.0,0.0,0.0,-0.2453755690468165,0.0021279635784531943,1e-06,0.0
2965.0,763.9419815110481,0.0,297.9,0.015,2354.7880690737834,0.0,0.0,0.0,0.0,0.0,0.0,-0.2453755690468165,0.0021279635784531943,1e-06,0.0
2966.0,763.9419815110481,0.0,297.9,0.015,2354.7880690737834,0.0,0.0,0.0,0.0,0.0,0.0,-0.2453755690468165,0.0021279635784531943,1e-06,0.0
2967.0,763.9419815110481,0.0,297.9,0.015,2354.7880690737834,0.0,0.0,0.0,0.0,0.0,0.0,-0.2453755690468165,0.0021279635784531943,1e-06,0.0
2968.0,763.9419815110481,0.0,297.9,0.015,2354.7880690737834,0.0,0.0,0.0,0.0,0.0,0.0,-0.2453755690468165,0.0021279635784531943,1e-06,0.0
2969.0,763.9419815110481,0.0,297.9,0.015,2354.7880690737834,0.0,0.0,0.0,0.0,0.0,0.0,-0.2453755690468165,0.0021279635784531943,1e-06,0.0
2970.0,763.9419815110481,0.0,297.9,0.015,2354.7880690737834,0.0,0.0,0.0,0.0,0.0,0.0,-0.2453755690468165,0.0021279635784531943,1e-06,0.0
2971.0,763.9419815110481,0.0,297.9,0.015,2354.7880690737834,0.0,0.0,0.0,0.0,0.0,0.0,-0.2453755690468165,0.0021279635784531943,1e-06,0.0
2972.0,763.9419815110481,0.0,297.9,0.015,2354.7880690737834,0.0,0.0,0.0,0.0,0.0,0.0,-0.2453755690468165,0.0021279635784531943,1e-06,0.0
2973.0,763.9419815110481,0.0,297.9,0.015,2354.7880690737834,0.0,0.0,0.0,0.0,0.0,0.0,-0.2453755690468165,0.0021279635784531943,1e-06,0.0
2974.0,763.9419815110481,0.0,297.9,0.015,2354.7880690737834,0.0,0.0,0.0,0.0,0.0,0.0,-0.2453755690468165,0.0021279635784531943,1e-06,0.0
2975.0,763.9419815110481,0.0,297.9,0.015,2354.7880690737834,0.0,0.0,0.0,0.0,0.0,0.0,-0.2453755690468165,0.0021279635784531943,1e-06,0.0
2976.0,763.9419815110481,0.0,297.9,0.015,2354.7880690737834,0.0,0.0,0.0,0.0,0.0,0.0,-0.2453755690468165,0.0021279635784531943,1e-06,0.0
2977.0,763.9419815110481,0.0,297.9,0.015,2354.7880690737834,0.0,0.0,0.0,0.0,0.0,0.0,-0.2453755690468165,0.0021279635784531943,1e-06,0.0
2978.0,763.9419815110481,0.0,297.9,0.015,2354.7880690737834,0.0,0.0,0.0,0.0,0.0,0.0,-0.2453755690468165,0.0021279635784531943,1e-06,0.0
2979.0,763.9419815110481,0.0,297.9,0.015,2354.7880690737834,0.0,0.0,0.0,0.0,0.0,0.0,-0.2453755690468165,0.0021279635784531943,1e-06,0.0
2980.0,763.9419815110481,0.0,297.9,0.015,2354.7880690737834,0.0,0.0,0.0,0.0,0.0,0.0,-0.2453755690468165,0.0021279635784531943,1e-06,0.0
2981.0,763.9419815110481,0.0,297.9,0.015,2354.7880690737834,0.0,0.0,0.0,0.0,0.0,0.0,-0.2453755690468165,0.0021279635784531943,1e-06,0.0
2982.0,763.9419815110481,0.0,297.9,0.015,2354.7880690737834,0.0,0.0,0.0,0.0,0.0,0.0,-0.2453755690468165,0.0021279635784531943,1e-06,0.0
2983.0,763.9419815110481,0.0,297.9,0.015,2354.7880690737834,0.0,0.0,0.0,0.0,0.0,0.0,-0.2453755690468165,0.0021279635784531943,1e-06,0.0
2984.0,763.9419815110481,0.0,297.9,0.015,2354.7880690737834,0.0,0.0,0.0,0.0,0.0,0.0,-0.2453755690468165,0.0021279635784531943,1e-06,0.0
2985.0,763.9419815110481,0.0,297.9,0.015,2354.7880690737834,0.0,0.0,0.0,0.0,0.0,0.0,-0.2453755690468165,0.0021279635784531943,1e-06,0.0
2986.0,763.9419815110481,0.0,297.9,0.015,2354.7880690737834,0.0,0.0,0.0,0.0,0.0,0.0,-0.2453755690468165,0.0021279635784531943,1e-06,0.0
2987.0,763.9419815110481,0.0,297.9,0.015,2354.7880690737834,0.0,0.0,0.0,0.0,0.0,0.0,-0.2453755690468165,0.0021279635784531943,1e-06,0.0
2988.0,763.9419815110481,0.0,297.9,0.015,2354.7880690737834,0.0,0.0,0.0,0.0,0.0,0.0,-0.2453755690468165,0.0021279635784531943,1e-06,0.0
2989.0,763.9419815110481,0.0,297.9,0.015,2354.7880690737834,0.0,0.0,0.0,0.0,0.0,0.0,-0.2453755690468165,0.0021279635784531943,1e-06,0.0
2990.0,763.9419815110481,0.0,297.9,0.015,2354.7880690737834,0.0,0.0,0.0,0.0,0.0,0.0,-0.2453755690468165,0.0021279635784531943,1e-06,0.0
2991.0,763.9419815110481,0.0,297.9,0.015,2354.7880690737834,0.0,0.0,0.0,0.0,0.0,0.0,-0.2453755690468165,0.0021279635784531943,1e-06,0.0
2992.0,763.9419815110481,0.0,297.9,0.015,2354.7880690737834,0.0,0.0,0.0,0.0,0.0,0.0,-0.2453755690468165,0.0021279635784531943,1e-06,0.0
2993.0,763.9419815110481,0.0,297.9,0.015,2354.7880690737834,0.0,0.0,0.0,0.0,0.0,0.0,-0.2453755690468165,0.0021279635784531943,1e-06,0.0
2994.0,763.9419815110481,0.0,297.9,0.015,2354.7880690737834,0.0,0.0,0.0,0.0,0.0,0.0,-0.2453755690468165,0.0021279635784531943,1e-06,0.0
2995.0,763.9419815110481,0.0,297.9,0.015,2354.7880690737834,0.0,0.0,0.0,0.0,0.0,0.0,-0.2453755690468165,0.0021279635784531943,1e-06,0.0
2996.0,763.9419815110481,0.0,297.9,0.015,2354.7880690737834,0.0,0.0,0.0,0.0,0.0,0.0,-0.2453755690468165,0.0021279635784531943,1e-06,0.0
2997.0,763.9419815110481,0.0,297.9,0.015,2354.7880690737834,0.0,0.0,0.0,0.0,0.0,0.0,-0.2453755690468165,0.0021279635784531943,1e-06,0.0
2998.0,763.9419815110481,0.0,297.9,0.015,2354.7880690737834,0.0,0.0,0.0,0.0,0.0,0.0,-0.2453755690468165,0.0021279635784531943,1e-06,0.0
2999.0,763.9419815110481,0.0,297.9,0.015,2354.7880690737834,0.0,0.0,0.0,0.0,0.0,0.0,-0.2453755690468165,0.0021279635784531943,1e-06,0.0
3000.0,763.9419815110481,0.0,297.9,0.015,2354.7880690737834,0.0,0.0,0.0,0.0,0.0,0.0,-0.2453755690468165,0.0021279635784531943,1e-06,0.0
3001.0,763.9419815110481,0.0,297.9,0.015,2354.7880690737834,0.0,0.0,0.0,0.0,0.0,0.0,-0.2453755690468165,0.0021279635784531943,1e-06,0.0
3002.0,763.9419815110481,0.0,297.9,0.015,2354.7880690737834,0.0,0.0,0.0,0.0,0.0,0.0,-0.2453755690468165,0.0021279635784531943,1e-06,0.0
3003.0,763.9419815110481,0.0,297.9,0.015,2354.7880690737834,0.0,0.0,0.0,0.0,0.0,0.0,-0.2453755690468165,0.0021279635784531943,1e-06,0.0
3004.0,763.9419815110481,0.0,297.9,0.015,2354.7880690737834,0.0,0.0,0.0,0.0,0.0,0.0,-0.2453755690468165,0.0021279635784531943,1e-06,0.0
3005.0,763.9419815110481,0.0,297.9,0.015,2354.7880690737834,0.0,0.0,0.0,0.0,0.0,0.0,-0.2453755690468165,0.0021279635784531943,1e-06,0.0
3006.0,763.9419815110481,0.0,297.9,0.015,2354.7880690737834,0.0,0.0,0.0,0.0,0.0,0.0,-0.2453755690468165,0.0021279635784531943,1e-06,0.0
3007.0,763.9419815110481,0.0,297.9,0.015,2354.7880690737834,0.0,0.0,0.0,0.0,0.0,0.0,-0.2453755690468165,0.0021279635784531943,1e-06,0.0
3008.0,763.9419815110481,0.0,297.9,0.015,2354.7880690737834,0.0,0.0,0.0,0.0,0.0,0.0,-0.2453755690468165,0.0021279635784531943,1e-06,0.0
3009.0,763.9419815110481,0.0,297.9,0.015,2354.7880690737834,0.0,0.0,0.0,0.0,0.0,0.0,-0.2453755690468165,0.0021279635784531943,1e-06,0.0
3010.0,763.9419815110481,0.0,297.9,0.015,2354.7880690737834,0.0,0.0,0.0,0.0,0.0,0.0,-0.2453755690468165,0.0021279635784531943,1e-06,0.0
3011.0,763.9419815110481,0.0,297.9,0.015,2354.7880690737834,0.0,0.0,0.0,0.0,0.0,0.0,-0.2453755690468165,0.0021279635784531943,1e-06,0.0
3012.0,763.9419815110481,0.0,297.9,0.015,2354.7880690737834,0.0,0.0,0.0,0.0,0.0,0.0,-0.2453755690468165,0.0021279635784531943,1e-06,0.0
3013.0,763.9419815110481,0.0,297.9,0.015,2354.7880690737834,0.0,0.0,0.0,0.0,0.0,0.0,-0.2453755690468165,0.0021279635784531943,1e-06,0.0
3014.0,763.9419815110481,0.0,297.9,0.015,2354.7880690737834,0.0,0.0,0.0,0.0,0.0,0.0,-0.2453755690468165,0.0021279635784531943,1e-06,0.0
3015.0,763.9419815110481,0.0,297.9,0.015,2354.7880690737834,0.0,0.0,0.0,0.0,0.0,0.0,-0.2453755690468165,0.0021279635784531943,1e-06,0.0
3016.0,763.9419815110481,0.0,297.9,0.015,2354.7880690737834,0.0,0.0,0.0,0.0,0.0,0.0,-0.2453755690468165,0.0021279635784531943,1e-06,0.0
3017.0,763.9419815110481,0.0,297.9,0.015,2354.7880690737834,0.0,0.0,0.0,0.0,0.0,0.0,-0.2453755690468165,0.0021279635784531943,1e-06,0.0
3018.0,763.9419815110481,0.0,297.9,0.015,2354.7880690737834,0.0,0.0,0.0,0.0,0.0,0.0,-0.2453755690468165,0.0021279635784531943,1e-06,0.0
3019.0,763.9419815110481,0.0,297.9,0.015,2354.7880690737834,0.0,0.0,0.0,0.0,0.0,0.0,-0.2453755690468165,0.0021279635784531943,1e-06,0.0
3020.0,763.9419815110481,0.0,297.9,0.015,2354.7880690737834,0.0,0.0,0.0,0.0,0.0,0.0,-0.2453755690468165,0.0021279635784531943,1e-06,0.0
3021.0,763.9419815110481,0.0,297.9,0.015,2354.7880690737834,0.0,0.0,0.0,0.0,0.0,0.0,-0.2453755690468165,0.0021279635784531943,1e-06,0.0
3022.0,763.9419815110481,0.0,297.9,0.015,2354.7880690737834,0.0,0.0,0.0,0.0,0.0,0.0,-0.2453755690468165,0.0021279635784531943,1e-06,0.0
3023.0,763.9419815110481,0.0,297.9,0.015,2354.7880690737834,0.0,0.0,0.0,0.0,0.0,0.0,-0.2453755690468165,0.0021279635784531943,1e-06,0.0
3024.0,763.9419815110481,0.0,297.9,0.015,2354.7880690737834,0.0,0.0,0.0,0.0,0.0,0.0,-0.2453755690468165,0.0021279635784531943,1e-06,0.0
3025.0,763.9419815110481,0.0,297.9,0.015,2354.7880690737834,0.0,0.0,0.0,0.0,0.0,0.0,-0.2453755690468165,0.0021279635784531943,1e-06,0.0
3026.0,763.9419815110481,0.0,297.9,0.015,2354.7880690737834,0.0,0.0,0.0,0.0,0.0,0.0,-0.2453755690468165,0.0021279635784531943,1e-06,0.0
3027.0,763.9419815110481,0.0,297.9,0.015,2354.7880690737834,0.0,0.0,0.0,0.0,0.0,0.0,-0.2453755690468165,0.0021279635784531943,1e-06,0.0
3028.0,763.9419815110481,0.0,297.9,0.015,2354.7880690737834,0.0,0.0,0.0,0.0,0.0,0.0,-0.2453755690468165,0.0021279635784531943,1e-06,0.0
3029.0,763.9419815110481,0.0,297.9,0.015,2354.7880690737834,0.0,0.0,0.0,0.0,0.0,0.0,-0.2453755690468165,0.0021279635784531943,1e-06,0.0
3030.0,763.9419815110481,0.0,297.9,0.015,2354.7880690737834,0.0,0.0,0.0,0.0,0.0,0.0,-0.2453755690468165,0.0021279635784531943,1e-06,0.0
3031.0,763.9419815110481,0.0,297.9,0.015,2354.7880690737834,0.0,0.0,0.0,0.0,0.0,0.0,-0.2453755690468165,0.0021279635784531943,1e-06,0.0
3032.0,763.9419815110481,0.0,297.9,0.015,2354.7880690737834,0.0,0.0,0.0,0.0,0.0,0.0,-0.2453755690468165,0.0021279635784531943,1e-06,0.0
3033.0,763.9419815110481,0.0,297.9,0.015,2354.7880690737834,0.0,0.0,0.0,0.0,0.0,0.0,-0.2453755690468165,0.0021279635784531943,1e-06,0.0
3034.0,763.9419815110481,0.0,297.9,0.015,2354.7880690737834,0.0,0.0,0.0,0.0,0.0,0.0,-0.2453755690468165,0.0021279635784531943,1e-06,0.0
3035.0,763.9419815110481,0.0,297.9,0.015,2354.7880690737834,0.0,0.0,0.0,0.0,0.0,0.0,-0.2453755690468165,0.0021279635784531943,1e-06,0.0
3036.0,763.9419815110481,0.0,297.9,0.015,2354.7880690737834,0.0,0.0,0.0,0.0,0.0,0.0,-0.2453755690468165,0.0021279635784531943,1e-06,0.0
3037.0,763.9419815110481,0.0,297.9,0.015,2354.7880690737834,0.0,0.0,0.0,0.0,0.0,0.0,-0.2453755690468165,0.0021279635784531943,1e-06,0.0
3038.0,763.9419815110481,0.0,297.9,0.015,2354.7880690737834,0.0,0.0,0.0,0.0,0.0,0.0,-0.2453755690468165,0.0021279635784531943,1e-06,0.0
3039.0,763.9419815110481,0.0,297.9,0.015,2354.7880690737834,0.0,0.0,0.0,0.0,0.0,0.0,-0.2453755690468165,0.0021279635784531943,1e-06,0.0
3040.0,763.9419815110481,0.0,297.9,0.015,2354.7880690737834,0.0,0.0,0.0,0.0,0.0,0.0,-0.2453755690468165,0.0021279635784531943,1e-06,0.0
3041.0,763.9419815110481,0.0,297.9,0.015,2354.7880690737834,0.0,0.0,0.0,0.0,0.0,0.0,-0.2453755690468165,0.0021279635784531943,1e-06,0.0
3042.0,763.9419815110481,0.0,297.9,0.015,2354.7880690737834,0.0,0.0,0.0,0.0,0.0,0.0,-0.2453755690468165,0.0021279635784531943,1e-06,0.0
3043.0,763.9419815110481,0.0,297.9,0.015,2354.7880690737834,0.0,0.0,0.0,0.0,0.0,0.0,-0.2453755690468165,0.0021279635784531943,1e-06,0.0
3044.0,763.9419815110481,0.0,297.9,0.015,2354.7880690737834,0.0,0.0,0.0,0.0,0.0,0.0,-0.2453755690468165,0.0021279635784531943,1e-06,0.0
3045.0,763.9419815110481,0.0,297.9,0.015,2354.7880690737834,0.0,0.0,0.0,0.0,0.0,0.0,-0.2453755690468165,0.0021279635784531943,1e-06,0.0
3046.0,763.9419815110481,0.0,297.9,0.015,2354.7880690737834,0.0,0.0,0.0,0.0,0.0,0.0,-0.2453755690468165,0.0021279635784531943,1e-06,0.0
3047.0,763.9419815110481,0.0,297.9,0.015,2354.7880690737834,0.0,0.0,0.0,0.0,0.0,0.0,-0.2453755690468165,0.0021279635784531943,1e-06,0.0
3048.0,763.9419815110481,0.0,297.9,0.015,2354.7880690737834,0.0,0.0,0.0,0.0,0.0,0.0,-0.2453755690468165,0.0021279635784531943,1e-06,0.0
3049.0,763.9419815110481,0.0,297.9,0.015,2354.7880690737834,0.0,0.0,0.0,0.0,0.0,0.0,-0.2453755690468165,0.0021279635784531943,1e-06,0.0
3050.0,763.9419815110481,0.0,297.9,0.015,2354.7880690737834,0.0,0.0,0.0,0.0,0.0,0.0,-0.2453755690468165,0.0021279635784531943,1e-06,0.0
3051.0,763.9419815110481,0.0,297.9,0.015,2354.7880690737834,0.0,0.0,0.0,0.0,0.0,0.0,-0.2453755690468165,0.0021279635784531943,1e-06,0.0
3052.0,763.9419815110481,0.0,297.9,0.015,2354.7880690737834,0.0,0.0,0.0,0.0,0.0,0.0,-0.2453755690468165,0.0021279635784531943,1e-06,0.0
3053.0,763.9419815110481,0.0,297.9,0.015,2354.7880690737834,0.0,0.0,0.0,0.0,0.0,0.0,-0.2453755690468165,0.0021279635784531943,1e-06,0.0
3054.0,763.9419815110481,0.0,297.9,0.015,2354.7880690737834,0.0,0.0,0.0,0.0,0.0,0.0,-0.2453755690468165,0.0021279635784531943,1e-06,0.0
3055.0,763.9419815110481,0.0,297.9,0.015,2354.7880690737834,0.0,0.0,0.0,0.0,0.0,0.0,-0.2453755690468165,0.0021279635784531943,1e-06,0.0
3056.0,763.9419815110481,0.0,297.9,0.015,2354.7880690737834,0.0,0.0,0.0,0.0,0.0,0.0,-0.2453755690468165,0.0021279635784531943,1e-06,0.0
3057.0,763.9419815110481,0.0,297.9,0.015,2354.7880690737834,0.0,0.0,0.0,0.0,0.0,0.0,-0.2453755690468165,0.0021279635784531943,1e-06,0.0
3058.0,763.9419815110481,0.0,297.9,0.015,2354.7880690737834,0.0,0.0,0.0,0.0,0.0,0.0,-0.2453755690468165,0.0021279635784531943,1e-06,0.0
3059.0,763.9419815110481,0.0,297.9,0.015,2354.7880690737834,0.0,0.0,0.0,0.0,0.0,0.0,-0.2453755690468165,0.0021279635784531943,1e-06,0.0
3060.0,763.9419815110481,0.0,297.9,0.015,2354.7880690737834,0.0,0.0,0.0,0.0,0.0,0.0,-0.2453755690468165,0.0021279635784531943,1e-06,0.0
3061.0,763.9419815110481,0.0,297.9,0.015,2354.7880690737834,0.0,0.0,0.0,0.0,0.0,0.0,-0.2453755690468165,0.0021279635784531943,1e-06,0.0
3062.0,763.9419815110481,0.0,297.9,0.015,2354.7880690737834,0.0,0.0,0.0,0.0,0.0,0.0,-0.2453755690468165,0.0021279635784531943,1e-06,0.0
3063.0,763.9419815110481,0.0,297.9,0.015,2354.7880690737834,0.0,0.0,0.0,0.0,0.0,0.0,-0.2453755690468165,0.0021279635784531943,1e-06,0.0
3064.0,763.9419815110481,0.0,297.9,0.015,2354.7880690737834,0.0,0.0,0.0,0.0,0.0,0.0,-0.2453755690468165,0.0021279635784531943,1e-06,0.0
3065.0,763.9419815110481,0.0,297.9,0.015,2354.7880690737834,0.0,0.0,0.0,0.0,0.0,0.0,-0.2453755690468165,0.0021279635784531943,1e-06,0.0
3066.0,763.9419815110481,0.0,297.9,0.015,2354.7880690737834,0.0,0.0,0.0,0.0,0.0,0.0,-0.2453755690468165,0.0021279635784531943,1e-06,0.0
3067.0,763.9419815110481,0.0,297.9,0.015,2354.7880690737834,0.0,0.0,0.0,0.0,0.0,0.0,-0.2453755690468165,0.0021279635784531943,1e-06,0.0
3068.0,763.9419815110481,0.0,297.9,0.015,2354.7880690737834,0.0,0.0,0.0,0.0,0.0,0.0,-0.2453755690468165,0.0021279635784531943,1e-06,0.0
3069.0,763.9419815110481,0.0,297.9,0.015,2354.7880690737834,0.0,0.0,0.0,0.0,0.0,0.0,-0.2453755690468165,0.0021279635784531943,1e-06,0.0
3070.0,763.9419815110481,0.0,297.9,0.015,2354.7880690737834,0.0,0.0,0.0,0.0,0.0,0.0,-0.2453755690468165,0.0021279635784531943,1e-06,0.0
3071.0,763.9419815110481,0.0,297.9,0.015,2354.7880690737834,0.0,0.0,0.0,0.0,0.0,0.0,-0.2453755690468165,0.0021279635784531943,1e-06,0.0
3072.0,763.9419815110481,0.0,297.9,0.015,2354.7880690737834,0.0,0.0,0.0,0.0,0.0,0.0,-0.2453755690468165,0.0021279635784531943,1e-06,0.0
3073.0,763.9419815110481,0.0,297.9,0.015,2354.7880690737834,0.0,0.0,0.0,0.0,0.0,0.0,-0.2453755690468165,0.0021279635784531943,1e-06,0.0
3074.0,763.9419815110481,0.0,297.9,0.015,2354.7880690737834,0.0,0.0,0.0,0.0,0.0,0.0,-0.2453755690468165,0.0021279635784531943,1e-06,0.0
3075.0,763.9419815110481,0.0,297.9,0.015,2354.7880690737834,0.0,0.0,0.0,0.0,0.0,0.0,-0.2453755690468165,0.0021279635784531943,1e-06,0.0
3076.0,763.9419815110481,0.0,297.9,0.015,2354.7880690737834,0.0,0.0,0.0,0.0,0.0,0.0,-0.2453755690468165,0.0021279635784531943,1e-06,0.0
3077.0,763.9419815110481,0.0,297.9,0.015,2354.7880690737834,0.0,0.0,0.0,0.0,0.0,0.0,-0.2453755690468165,0.0021279635784531943,1e-06,0.0
3078.0,763.9419815110481,0.0,297.9,0.015,2354.7880690737834,0.0,0.0,0.0,0.0,0.0,0.0,-0.2453755690468165,0.0021279635784531943,1e-06,0.0
3079.0,763.9419815110481,0.0,297.9,0.015,2354.7880690737834,0.0,0.0,0.0,0.0,0.0,0.0,-0.2453755690468165,0.0021279635784531943,1e-06,0.0
3080.0,763.9419815110481,0.0,297.9,0.015,2354.7880690737834,0.0,0.0,0.0,0.0,0.0,0.0,-0.2453755690468165,0.0021279635784531943,1e-06,0.0
3081.0,763.9419815110481,0.0,297.9,0.015,2354.7880690737834,0.0,0.0,0.0,0.0,0.0,0.0,-0.2453755690468165,0.0021279635784531943,1e-06,0.0
3082.0,763.9419815110481,0.0,297.9,0.015,2354.7880690737834,0.0,0.0,0.0,0.0,0.0,0.0,-0.2453755690468165,0.0021279635784531943,1e-06,0.0
3083.0,763.9419815110481,0.0,297.9,0.015,2354.7880690737834,0.0,0.0,0.0,0.0,0.0,0.0,-0.2453755690468165,0.0021279635784531943,1e-06,0.0
3084.0,763.9419815110481,0.0,297.9,0.015,2354.7880690737834,0.0,0.0,0.0,0.0,0.0,0.0,-0.2453755690468165,0.0021279635784531943,1e-06,0.0
3085.0,763.9419815110481,0.0,297.9,0.015,2354.7880690737834,0.0,0.0,0.0,0.0,0.0,0.0,-0.2453755690468165,0.0021279635784531943,1e-06,0.0
3086.0,763.9419815110481,0.0,297.9,0.015,2354.7880690737834,0.0,0.0,0.0,0.0,0.0,0.0,-0.2453755690468165,0.0021279635784531943,1e-06,0.0
3087.0,763.9419815110481,0.0,297.9,0.015,2354.7880690737834,0.0,0.0,0.0,0.0,0.0,0.0,-0.2453755690468165,0.0021279635784531943,1e-06,0.0
3088.0,763.9419815110481,0.0,297.9,0.015,2354.7880690737834,0.0,0.0,0.0,0.0,0.0,0.0,-0.2453755690468165,0.0021279635784531943,1e-06,0.0
3089.0,763.9419815110481,0.0,297.9,0.015,2354.7880690737834,0.0,0.0,0.0,0.0,0.0,0.0,-0.2453755690468165,0.0021279635784531943,1e-06,0.0
3090.0,763.9419815110481,0.0,297.9,0.015,2354.7880690737834,0.0,0.0,0.0,0.0,0.0,0.0,-0.2453755690468165,0.0021279635784531943,1e-06,0.0
3091.0,763.9419815110481,0.0,297.9,0.015,2354.7880690737834,0.0,0.0,0.0,0.0,0.0,0.0,-0.2453755690468165,0.0021279635784531943,1e-06,0.0
3092.0,763.9419815110481,0.0,297.9,0.015,2354.7880690737834,0.0,0.0,0.0,0.0,0.0,0.0,-0.2453755690468165,0.0021279635784531943,1e-06,0.0
3093.0,763.9419815110481,0.0,297.9,0.015,2354.7880690737834,0.0,0.0,0.0,0.0,0.0,0.0,-0.2453755690468165,0.0021279635784531943,1e-06,0.0
3094.0,763.9419815110481,0.0,297.9,0.015,2354.7880690737834,0.0,0.0,0.0,0.0,0.0,0.0,-0.2453755690468165,0.0021279635784531943,1e-06,0.0
3095.0,763.9419815110481,0.0,297.9,0.015,2354.7880690737834,0.0,0.0,0.0,0.0,0.0,0.0,-0.2453755690468165,0.0021279635784531943,1e-06,0.0
3096.0,763.9419815110481,0.0,297.9,0.015,2354.7880690737834,0.0,0.0,0.0,0.0,0.0,0.0,-0.2453755690468165,0.0021279635784531943,1e-06,0.0
3097.0,763.9419815110481,0.0,297.9,0.015,2354.7880690737834,0.0,0.0,0.0,0.0,0.0,0.0,-0.2453755690468165,0.0021279635784531943,1e-06,0.0
3098.0,763.9419815110481,0.0,297.9,0.015,2354.7880690737834,0.0,0.0,0.0,0.0,0.0,0.0,-0.2453755690468165,0.0021279635784531943,1e-06,0.0
3099.0,763.9419815110481,0.0,297.9,0.015,2354.7880690737834,0.0,0.0,0.0,0.0,0.0,0.0,-0.2453755690468165,0.0021279635784531943,1e-06,0.0
3100.0,763.9419815110481,0.0,297.9,0.015,2354.7880690737834,0.0,0.0,0.0,0.0,0.0,0.0,-0.2453755690468165,0.0021279635784531943,1e-06,0.0
3101.0,763.9419815110481,0.0,297.9,0.015,2354.7880690737834,0.0,0.0,0.0,0.0,0.0,0.0,-0.2453755690468165,0.0021279635784531943,1e-06,0.0
3102.0,763.9419815110481,0.0,297.9,0.015,2354.7880690737834,0.0,0.0,0.0,0.0,0.0,0.0,-0.2453755690468165,0.0021279635784531943,1e-06,0.0
3103.0,763.9419815110481,0.0,297.9,0.015,2354.7880690737834,0.0,0.0,0.0,0.0,0.0,0.0,-0.2453755690468165,0.0021279635784531943,1e-06,0.0
3104.0,763.9419815110481,0.0,297.9,0.015,2354.7880690737834,0.0,0.0,0.0,0.0,0.0,0.0,-0.2453755690468165,0.0021279635784531943,1e-06,0.0
3105.0,763.9419815110481,0.0,297.9,0.015,2354.7880690737834,0.0,0.0,0.0,0.0,0.0,0.0,-0.2453755690468165,0.0021279635784531943,1e-06,0.0
3106.0,763.9419815110481,0.0,297.9,0.015,2354.7880690737834,0.0,0.0,0.0,0.0,0.0,0.0,-0.2453755690468165,0.0021279635784531943,1e-06,0.0
3107.0,763.9419815110481,0.0,297.9,0.015,2354.7880690737834,0.0,0.0,0.0,0.0,0.0,0.0,-0.2453755690468165,0.0021279635784531943,1e-06,0.0
3108.0,763.9419815110481,0.0,297.9,0.015,2354.7880690737834,0.0,0.0,0.0,0.0,0.0,0.0,-0.2453755690468165,0.0021279635784531943,1e-06,0.0
3109.0,763.9419815110481,0.0,297.9,0.015,2354.7880690737834,0.0,0.0,0.0,0.0,0.0,0.0,-0.2453755690468165,0.0021279635784531943,1e-06,0.0
3110.0,763.9419815110481,0.0,297.9,0.015,2354.7880690737834,0.0,0.0,0.0,0.0,0.0,0.0,-0.2453755690468165,0.0021279635784531943,1e-06,0.0
3111.0,763.9419815110481,0.0,297.9,0.015,2354.7880690737834,0.0,0.0,0.0,0.0,0.0,0.0,-0.2453755690468165,0.0021279635784531943,1e-06,0.0
3112.0,763.9419815110481,0.0,297.9,0.015,2354.7880690737834,0.0,0.0,0.0,0.0,0.0,0.0,-0.2453755690468165,0.0021279635784531943,1e-06,0.0
3113.0,763.9419815110481,0.0,297.9,0.015,2354.7880690737834,0.0,0.0,0.0,0.0,0.0,0.0,-0.2453755690468165,0.0021279635784531943,1e-06,0.0
3114.0,763.9419815110481,0.0,297.9,0.015,2354.7880690737834,0.0,0.0,0.0,0.0,0.0,0.0,-0.2453755690468165,0.0021279635784531943,1e-06,0.0
3115.0,763.9419815110481,0.0,297.9,0.015,2354.7880690737834,0.0,0.0,0.0,0.0,0.0,0.0,-0.2453755690468165,0.0021279635784531943,1e-06,0.0
3116.0,763.9419815110481,0.0,297.9,0.015,2354.7880690737834,0.0,0.0,0.0,0.0,0.0,0.0,-0.2453755690468165,0.0021279635784531943,1e-06,0.0
3117.0,763.9419815110481,0.0,297.9,0.015,2354.7880690737834,0.0,0.0,0.0,0.0,0.0,0.0,-0.2453755690468165,0.0021279635784531943,1e-06,0.0
3118.0,763.9419815110481,0.0,297.9,0.015,2354.7880690737834,0.0,0.0,0.0,0.0,0.0,0.0,-0.2453755690468165,0.0021279635784531943,1e-06,0.0
3119.0,763.9419815110481,0.0,297.9,0.015,2354.7880690737834,0.0,0.0,0.0,0.0,0.0,0.0,-0.2453755690468165,0.0021279635784531943,1e-06,0.0
3120.0,763.9419815110481,0.0,297.9,0.015,2354.7880690737834,0.0,0.0,0.0,0.0,0.0,0.0,-0.2453755690468165,0.0021279635784531943,1e-06,0.0
3121.0,763.9419815110481,0.0,297.9,0.015,2354.7880690737834,0.0,0.0,0.0,0.0,0.0,0.0,-0.2453755690468165,0.0021279635784531943,1e-06,0.0
3122.0,763.9419815110481,0.0,297.9,0.015,2354.7880690737834,0.0,0.0,0.0,0.0,0.0,0.0,-0.2453755690468165,0.0021279635784531943,1e-06,0.0
3123.0,763.9419815110481,0.0,297.9,0.015,2354.7880690737834,0.0,0.0,0.0,0.0,0.0,0.0,-0.2453755690468165,0.0021279635784531943,1e-06,0.0
3124.0,763.9419815110481,0.0,297.9,0.015,2354.7880690737834,0.0,0.0,0.0,0.0,0.0,0.0,-0.2453755690468165,0.0021279635784531943,1e-06,0.0
3125.0,763.9419815110481,0.0,297.9,0.015,2354.7880690737834,0.0,0.0,0.0,0.0,0.0,0.0,-0.2453755690468165,0.0021279635784531943,1e-06,0.0
3126.0,763.9419815110481,0.0,297.9,0.015,2354.7880690737834,0.0,0.0,0.0,0.0,0.0,0.0,-0.2453755690468165,0.0021279635784531943,1e-06,0.0
3127.0,763.9419815110481,0.0,297.9,0.015,2354.7880690737834,0.0,0.0,0.0,0.0,0.0,0.0,-0.2453755690468165,0.0021279635784531943,1e-06,0.0
3128.0,763.9419815110481,0.0,297.9,0.015,2354.7880690737834,0.0,0.0,0.0,0.0,0.0,0.0,-0.2453755690468165,0.0021279635784531943,1e-06,0.0
3129.0,763.9419815110481,0.0,297.9,0.015,2354.7880690737834,0.0,0.0,0.0,0.0,0.0,0.0,-0.2453755690468165,0.0021279635784531943,1e-06,0.0
3130.0,763.9419815110481,0.0,297.9,0.015,2354.7880690737834,0.0,0.0,0.0,0.0,0.0,0.0,-0.2453755690468165,0.0021279635784531943,1e-06,0.0
3131.0,763.9419815110481,0.0,297.9,0.015,2354.7880690737834,0.0,0.0,0.0,0.0,0.0,0.0,-0.2453755690468165,0.0021279635784531943,1e-06,0.0
3132.0,763.9419815110481,0.0,297.9,0.015,2354.7880690737834,0.0,0.0,0.0,0.0,0.0,0.0,-0.2453755690468165,0.0021279635784531943,1e-06,0.0
3133.0,763.9419815110481,0.0,297.9,0.015,2354.7880690737834,0.0,0.0,0.0,0.0,0.0,0.0,-0.2453755690468165,0.0021279635784531943,1e-06,0.0
3134.0,763.9419815110481,0.0,297.9,0.015,2354.7880690737834,0.0,0.0,0.0,0.0,0.0,0.0,-0.2453755690468165,0.0021279635784531943,1e-06,0.0
3135.0,763.9419815110481,0.0,297.9,0.015,2354.7880690737834,0.0,0.0,0.0,0.0,0.0,0.0,-0.2453755690468165,0.0021279635784531943,1e-06,0.0
3136.0,763.9419815110481,0.0,297.9,0.015,2354.7880690737834,0.0,0.0,0.0,0.0,0.0,0.0,-0.2453755690468165,0.0021279635784531943,1e-06,0.0
3137.0,763.9419815110481,0.0,297.9,0.015,2354.7880690737834,0.0,0.0,0.0,0.0,0.0,0.0,-0.2453755690468165,0.0021279635784531943,1e-06,0.0
3138.0,763.9419815110481,0.0,297.9,0.015,2354.7880690737834,0.0,0.0,0.0,0.0,0.0,0.0,-0.2453755690468165,0.0021279635784531943,1e-06,0.0
3139.0,763.9419815110481,0.0,297.9,0.015,2354.7880690737834,0.0,0.0,0.0,0.0,0.0,0.0,-0.2453755690468165,0.0021279635784531943,1e-06,0.0
3140.0,763.9419815110481,0.0,297.9,0.015,2354.7880690737834,0.0,0.0,0.0,0.0,0.0,0.0,-0.2453755690468165,0.0021279635784531943,1e-06,0.0
3141.0,763.9419815110481,0.0,297.9,0.015,2354.7880690737834,0.0,0.0,0.0,0.0,0.0,0.0,-0.2453755690468165,0.0021279635784531943,1e-06,0.0
3142.0,763.9419815110481,0.0,297.9,0.015,2354.7880690737834,0.0,0.0,0.0,0.0,0.0,0.0,-0.2453755690468165,0.0021279635784531943,1e-06,0.0
3143.0,763.9419815110481,0.0,297.9,0.015,2354.7880690737834,0.0,0.0,0.0,0.0,0.0,0.0,-0.2453755690468165,0.0021279635784531943,1e-06,0.0
3144.0,763.9419815110481,0.0,297.9,0.015,2354.7880690737834,0.0,0.0,0.0,0.0,0.0,0.0,-0.2453755690468165,0.0021279635784531943,1e-06,0.0
3145.0,763.9419815110481,0.0,297.9,0.015,2354.7880690737834,0.0,0.0,0.0,0.0,0.0,0.0,-0.2453755690468165,0.0021279635784531943,1e-06,0.0
3146.0,763.9419815110481,0.0,297.9,0.015,2354.7880690737834,0.0,0.0,0.0,0.0,0.0,0.0,-0.2453755690468165,0.0021279635784531943,1e-06,0.0
3147.0,763.9419815110481,0.0,297.9,0.015,2354.7880690737834,0.0,0.0,0.0,0.0,0.0,0.0,-0.2453755690468165,0.0021279635784531943,1e-06,0.0
3148.0,763.9419815110481,0.0,297.9,0.015,2354.7880690737834,0.0,0.0,0.0,0.0,0.0,0.0,-0.2453755690468165,0.0021279635784531943,1e-06,0.0
3149.0,763.9419815110481,0.0,297.9,0.015,2354.7880690737834,0.0,0.0,0.0,0.0,0.0,0.0,-0.2453755690468165,0.0021279635784531943,1e-06,0.0
3150.0,763.9419815110481,0.0,297.9,0.015,2354.7880690737834,0.0,0.0,0.0,0.0,0.0,0.0,-0.2453755690468165,0.0021279635784531943,1e-06,0.0
3151.0,763.9419815110481,0.0,297.9,0.015,2354.7880690737834,0.0,0.0,0.0,0.0,0.0,0.0,-0.2453755690468165,0.0021279635784531943,1e-06,0.0
3152.0,763.9419815110481,0.0,297.9,0.015,2354.7880690737834,0.0,0.0,0.0,0.0,0.0,0.0,-0.2453755690468165,0.0021279635784531943,1e-06,0.0
3153.0,763.9419815110481,0.0,297.9,0.015,2354.7880690737834,0.0,0.0,0.0,0.0,0.0,0.0,-0.2453755690468165,0.0021279635784531943,1e-06,0.0
3154.0,763.9419815110481,0.0,297.9,0.015,2354.7880690737834,0.0,0.0,0.0,0.0,0.0,0.0,-0.2453755690468165,0.0021279635784531943,1e-06,0.0
3155.0,763.9419815110481,0.0,297.9,0.015,2354.7880690737834,0.0,0.0,0.0,0.0,0.0,0.0,-0.2453755690468165,0.0021279635784531943,1e-06,0.0
3156.0,763.9419815110481,0.0,297.9,0.015,2354.7880690737834,0.0,0.0,0.0,0.0,0.0,0.0,-0.2453755690468165,0.0021279635784531943,1e-06,0.0
3157.0,763.9419815110481,0.0,297.9,0.015,2354.7880690737834,0.0,0.0,0.0,0.0,0.0,0.0,-0.2453755690468165,0.0021279635784531943,1e-06,0.0
3158.0,763.9419815110481,0.0,297.9,0.015,2354.7880690737834,0.0,0.0,0.0,0.0,0.0,0.0,-0.2453755690468165,0.0021279635784531943,1e-06,0.0
3159.0,763.9419815110481,0.0,297.9,0.015,2354.7880690737834,0.0,0.0,0.0,0.0,0.0,0.0,-0.2453755690468165,0.0021279635784531943,1e-06,0.0
3160.0,763.9419815110481,0.0,297.9,0.015,2354.7880690737834,0.0,0.0,0.0,0.0,0.0,0.0,-0.2453755690468165,0.0021279635784531943,1e-06,0.0
3161.0,763.9419815110481,0.0,297.9,0.015,2354.7880690737834,0.0,0.0,0.0,0.0,0.0,0.0,-0.2453755690468165,0.0021279635784531943,1e-06,0.0
3162.0,763.9419815110481,0.0,297.9,0.015,2354.7880690737834,0.0,0.0,0.0,0.0,0.0,0.0,-0.2453755690468165,0.0021279635784531943,1e-06,0.0
3163.0,763.9419815110481,0.0,297.9,0.015,2354.7880690737834,0.0,0.0,0.0,0.0,0.0,0.0,-0.2453755690468165,0.0021279635784531943,1e-06,0.0
3164.0,763.9419815110481,0.0,297.9,0.015,2354.7880690737834,0.0,0.0,0.0,0.0,0.0,0.0,-0.2453755690468165,0.0021279635784531943,1e-06,0.0
3165.0,763.9419815110481,0.0,297.9,0.015,2354.7880690737834,0.0,0.0,0.0,0.0,0.0,0.0,-0.2453755690468165,0.0021279635784531943,1e-06,0.0
3166.0,763.9419815110481,0.0,297.9,0.015,2354.7880690737834,0.0,0.0,0.0,0.0,0.0,0.0,-0.2453755690468165,0.0021279635784531943,1e-06,0.0
3167.0,763.9419815110481,0.0,297.9,0.015,2354.7880690737834,0.0,0.0,0.0,0.0,0.0,0.0,-0.2453755690468165,0.0021279635784531943,1e-06,0.0
3168.0,763.9419815110481,0.0,297.9,0.015,2354.7880690737834,0.0,0.0,0.0,0.0,0.0,0.0,-0.2453755690468165,0.0021279635784531943,1e-06,0.0
3169.0,763.9419815110481,0.0,297.9,0.015,2354.7880690737834,0.0,0.0,0.0,0.0,0.0,0.0,-0.2453755690468165,0.0021279635784531943,1e-06,0.0
3170.0,763.9419815110481,0.0,297.9,0.015,2354.7880690737834,0.0,0.0,0.0,0.0,0.0,0.0,-0.2453755690468165,0.0021279635784531943,1e-06,0.0
3171.0,763.9419815110481,0.0,297.9,0.015,2354.7880690737834,0.0,0.0,0.0,0.0,0.0,0.0,-0.2453755690468165,0.0021279635784531943,1e-06,0.0
3172.0,763.9419815110481,0.0,297.9,0.015,2354.7880690737834,0.0,0.0,0.0,0.0,0.0,0.0,-0.2453755690468165,0.0021279635784531943,1e-06,0.0
3173.0,763.9419815110481,0.0,297.9,0.015,2354.7880690737834,0.0,0.0,0.0,0.0,0.0,0.0,-0.2453755690468165,0.0021279635784531943,1e-06,0.0
3174.0,763.9419815110481,0.0,297.9,0.015,2354.7880690737834,0.0,0.0,0.0,0.0,0.0,0.0,-0.2453755690468165,0.0021279635784531943,1e-06,0.0
3175.0,763.9419815110481,0.0,297.9,0.015,2354.7880690737834,0.0,0.0,0.0,0.0,0.0,0.0,-0.2453755690468165,0.0021279635784531943,1e-06,0.0
3176.0,763.9419815110481,0.0,297.9,0.015,2354.7880690737834,0.0,0.0,0.0,0.0,0.0,0.0,-0.2453755690468165,0.0021279635784531943,1e-06,0.0
3177.0,763.9419815110481,0.0,297.9,0.015,2354.7880690737834,0.0,0.0,0.0,0.0,0.0,0.0,-0.2453755690468165,0.0021279635784531943,1e-06,0.0
3178.0,763.9419815110481,0.0,297.9,0.015,2354.7880690737834,0.0,0.0,0.0,0.0,0.0,0.0,-0.2453755690468165,0.0021279635784531943,1e-06,0.0
3179.0,763.9419815110481,0.0,297.9,0.015,2354.7880690737834,0.0,0.0,0.0,0.0,0.0,0.0,-0.2453755690468165,0.0021279635784531943,1e-06,0.0
3180.0,763.9419815110481,0.0,297.9,0.015,2354.7880690737834,0.0,0.0,0.0,0.0,0.0,0.0,-0.2453755690468165,0.0021279635784531943,1e-06,0.0
3181.0,763.9419815110481,0.0,297.9,0.015,2354.7880690737834,0.0,0.0,0.0,0.0,0.0,0.0,-0.2453755690468165,0.0021279635784531943,1e-06,0.0
3182.0,763.9419815110481,0.0,297.9,0.015,2354.7880690737834,0.0,0.0,0.0,0.0,0.0,0.0,-0.2453755690468165,0.0021279635784531943,1e-06,0.0
3183.0,763.9419815110481,0.0,297.9,0.015,2354.7880690737834,0.0,0.0,0.0,0.0,0.0,0.0,-0.2453755690468165,0.0021279635784531943,1e-06,0.0
3184.0,763.9419815110481,0.0,297.9,0.015,2354.7880690737834,0.0,0.0,0.0,0.0,0.0,0.0,-0.2453755690468165,0.0021279635784531943,1e-06,0.0
3185.0,763.9419815110481,0.0,297.9,0.015,2354.7880690737834,0.0,0.0,0.0,0.0,0.0,0.0,-0.2453755690468165,0.0021279635784531943,1e-06,0.0
3186.0,763.9419815110481,0.0,297.9,0.015,2354.7880690737834,0.0,0.0,0.0,0.0,0.0,0.0,-0.2453755690468165,0.0021279635784531943,1e-06,0.0
3187.0,763.9419815110481,0.0,297.9,0.015,2354.7880690737834,0.0,0.0,0.0,0.0,0.0,0.0,-0.2453755690468165,0.0021279635784531943,1e-06,0.0
3188.0,763.9419815110481,0.0,297.9,0.015,2354.7880690737834,0.0,0.0,0.0,0.0,0.0,0.0,-0.2453755690468165,0.0021279635784531943,1e-06,0.0
3189.0,763.9419815110481,0.0,297.9,0.015,2354.7880690737834,0.0,0.0,0.0,0.0,0.0,0.0,-0.2453755690468165,0.0021279635784531943,1e-06,0.0
3190.0,763.9419815110481,0.0,297.9,0.015,2354.7880690737834,0.0,0.0,0.0,0.0,0.0,0.0,-0.2453755690468165,0.0021279635784531943,1e-06,0.0
3191.0,763.9419815110481,0.0,297.9,0.015,2354.7880690737834,0.0,0.0,0.0,0.0,0.0,0.0,-0.2453755690468165,0.0021279635784531943,1e-06,0.0
3192.0,763.9419815110481,0.0,297.9,0.015,2354.7880690737834,0.0,0.0,0.0,0.0,0.0,0.0,-0.2453755690468165,0.0021279635784531943,1e-06,0.0
3193.0,763.9419815110481,0.0,297.9,0.015,2354.7880690737834,0.0,0.0,0.0,0.0,0.0,0.0,-0.2453755690468165,0.0021279635784531943,1e-06,0.0
3194.0,763.9419815110481,0.0,297.9,0.015,2354.7880690737834,0.0,0.0,0.0,0.0,0.0,0.0,-0.2453755690468165,0.0021279635784531943,1e-06,0.0
3195.0,763.9419815110481,0.0,297.9,0.015,2354.7880690737834,0.0,0.0,0.0,0.0,0.0,0.0,-0.2453755690468165,0.0021279635784531943,1e-06,0.0
3196.0,763.9419815110481,0.0,297.9,0.015,2354.7880690737834,0.0,0.0,0.0,0.0,0.0,0.0,-0.2453755690468165,0.0021279635784531943,1e-06,0.0
3197.0,763.9419815110481,0.0,297.9,0.015,2354.7880690737834,0.0,0.0,0.0,0.0,0.0,0.0,-0.2453755690468165,0.0021279635784531943,1e-06,0.0
3198.0,763.9419815110481,0.0,297.9,0.015,2354.7880690737834,0.0,0.0,0.0,0.0,0.0,0.0,-0.2453755690468165,0.0021279635784531943,1e-06,0.0
3199.0,763.9419815110481,0.0,297.9,0.015,2354.7880690737834,0.0,0.0,0.0,0.0,0.0,0.0,-0.2453755690468165,0.0021279635784531943,1e-06,0.0
3200.0,763.9419815110481,0.0,297.9,0.015,2354.7880690737834,0.0,0.0,0.0,0.0,0.0,0.0,-0.2453755690468165,0.0021279635784531943,1e-06,0.0
3201.0,763.9419815110481,0.0,297.9,0.015,2354.7880690737834,0.0,0.0,0.0,0.0,0.0,0.0,-0.2453755690468165,0.0021279635784531943,1e-06,0.0
3202.0,763.9419815110481,0.0,297.9,0.015,2354.7880690737834,0.0,0.0,0.0,0.0,0.0,0.0,-0.2453755690468165,0.0021279635784531943,1e-06,0.0
3203.0,763.9419815110481,0.0,297.9,0.015,2354.7880690737834,0.0,0.0,0.0,0.0,0.0,0.0,-0.2453755690468165,0.0021279635784531943,1e-06,0.0
3204.0,763.9419815110481,0.0,297.9,0.015,2354.7880690737834,0.0,0.0,0.0,0.0,0.0,0.0,-0.2453755690468165,0.0021279635784531943,1e-06,0.0
3205.0,763.9419815110481,0.0,297.9,0.015,2354.7880690737834,0.0,0.0,0.0,0.0,0.0,0.0,-0.2453755690468165,0.0021279635784531943,1e-06,0.0
3206.0,763.9419815110481,0.0,297.9,0.015,2354.7880690737834,0.0,0.0,0.0,0.0,0.0,0.0,-0.2453755690468165,0.0021279635784531943,1e-06,0.0
3207.0,763.9419815110481,0.0,297.9,0.015,2354.7880690737834,0.0,0.0,0.0,0.0,0.0,0.0,-0.2453755690468165,0.0021279635784531943,1e-06,0.0
3208.0,763.9419815110481,0.0,297.9,0.015,2354.7880690737834,0.0,0.0,0.0,0.0,0.0,0.0,-0.2453755690468165,0.0021279635784531943,1e-06,0.0
3209.0,763.9419815110481,0.0,297.9,0.015,2354.7880690737834,0.0,0.0,0.0,0.0,0.0,0.0,-0.2453755690468165,0.0021279635784531943,1e-06,0.0
3210.0,763.9419815110481,0.0,297.9,0.015,2354.7880690737834,0.0,0.0,0.0,0.0,0.0,0.0,-0.2453755690468165,0.0021279635784531943,1e-06,0.0
3211.0,763.9419815110481,0.0,297.9,0.015,2354.7880690737834,0.0,0.0,0.0,0.0,0.0,0.0,-0.2453755690468165,0.0021279635784531943,1e-06,0.0
3212.0,763.9419815110481,0.0,297.9,0.015,2354.7880690737834,0.0,0.0,0.0,0.0,0.0,0.0,-0.2453755690468165,0.0021279635784531943,1e-06,0.0
3213.0,763.9419815110481,0.0,297.9,0.015,2354.7880690737834,0.0,0.0,0.0,0.0,0.0,0.0,-0.2453755690468165,0.0021279635784531943,1e-06,0.0
3214.0,763.9419815110481,0.0,297.9,0.015,2354.7880690737834,0.0,0.0,0.0,0.0,0.0,0.0,-0.2453755690468165,0.0021279635784531943,1e-06,0.0
3215.0,763.9419815110481,0.0,297.9,0.015,2354.7880690737834,0.0,0.0,0.0,0.0,0.0,0.0,-0.2453755690468165,0.0021279635784531943,1e-06,0.0
3216.0,763.9419815110481,0.0,297.9,0.015,2354.7880690737834,0.0,0.0,0.0,0.0,0.0,0.0,-0.2453755690468165,0.0021279635784531943,1e-06,0.0
3217.0,763.9419815110481,0.0,297.9,0.015,2354.7880690737834,0.0,0.0,0.0,0.0,0.0,0.0,-0.2453755690468165,0.0021279635784531943,1e-06,0.0
3218.0,763.9419815110481,0.0,297.9,0.015,2354.7880690737834,0.0,0.0,0.0,0.0,0.0,0.0,-0.2453755690468165,0.0021279635784531943,1e-06,0.0
3219.0,763.9419815110481,0.0,297.9,0.015,2354.7880690737834,0.0,0.0,0.0,0.0,0.0,0.0,-0.2453755690468165,0.0021279635784531943,1e-06,0.0
3220.0,763.9419815110481,0.0,297.9,0.015,2354.7880690737834,0.0,0.0,0.0,0.0,0.0,0.0,-0.2453755690468165,0.0021279635784531943,1e-06,0.0
3221.0,763.9419815110481,0.0,297.9,0.015,2354.7880690737834,0.0,0.0,0.0,0.0,0.0,0.0,-0.2453755690468165,0.0021279635784531943,1e-06,0.0
3222.0,763.9419815110481,0.0,297.9,0.015,2354.7880690737834,0.0,0.0,0.0,0.0,0.0,0.0,-0.2453755690468165,0.0021279635784531943,1e-06,0.0
3223.0,763.9419815110481,0.0,297.9,0.015,2354.7880690737834,0.0,0.0,0.0,0.0,0.0,0.0,-0.2453755690468165,0.0021279635784531943,1e-06,0.0
3224.0,763.9419815110481,0.0,297.9,0.015,2354.7880690737834,0.0,0.0,0.0,0.0,0.0,0.0,-0.2453755690468165,0.0021279635784531943,1e-06,0.0
3225.0,763.9419815110481,0.0,297.9,0.015,2354.7880690737834,0.0,0.0,0.0,0.0,0.0,0.0,-0.2453755690468165,0.0021279635784531943,1e-06,0.0
3226.0,763.9419815110481,0.0,297.9,0.015,2354.7880690737834,0.0,0.0,0.0,0.0,0.0,0.0,-0.2453755690468165,0.0021279635784531943,1e-06,0.0
3227.0,763.9419815110481,0.0,297.9,0.015,2354.7880690737834,0.0,0.0,0.0,0.0,0.0,0.0,-0.2453755690468165,0.0021279635784531943,1e-06,0.0
3228.0,763.9419815110481,0.0,297.9,0.015,2354.7880690737834,0.0,0.0,0.0,0.0,0.0,0.0,-0.2453755690468165,0.0021279635784531943,1e-06,0.0
3229.0,763.9419815110481,0.0,297.9,0.015,2354.7880690737834,0.0,0.0,0.0,0.0,0.0,0.0,-0.2453755690468165,0.0021279635784531943,1e-06,0.0
3230.0,763.9419815110481,0.0,297.9,0.015,2354.7880690737834,0.0,0.0,0.0,0.0,0.0,0.0,-0.2453755690468165,0.0021279635784531943,1e-06,0.0
3231.0,763.9419815110481,0.0,297.9,0.015,2354.7880690737834,0.0,0.0,0.0,0.0,0.0,0.0,-0.2453755690468165,0.0021279635784531943,1e-06,0.0
3232.0,763.9419815110481,0.0,297.9,0.015,2354.7880690737834,0.0,0.0,0.0,0.0,0.0,0.0,-0.2453755690468165,0.0021279635784531943,1e-06,0.0
3233.0,763.9419815110481,0.0,297.9,0.015,2354.7880690737834,0.0,0.0,0.0,0.0,0.0,0.0,-0.2453755690468165,0.0021279635784531943,1e-06,0.0
3234.0,763.9419815110481,0.0,297.9,0.015,2354.7880690737834,0.0,0.0,0.0,0.0,0.0,0.0,-0.2453755690468165,0.0021279635784531943,1e-06,0.0
3235.0,763.9419815110481,0.0,297.9,0.015,2354.7880690737834,0.0,0.0,0.0,0.0,0.0,0.0,-0.2453755690468165,0.0021279635784531943,1e-06,0.0
3236.0,763.9419815110481,0.0,297.9,0.015,2354.7880690737834,0.0,0.0,0.0,0.0,0.0,0.0,-0.2453755690468165,0.0021279635784531943,1e-06,0.0
3237.0,763.9419815110481,0.0,297.9,0.015,2354.7880690737834,0.0,0.0,0.0,0.0,0.0,0.0,-0.2453755690468165,0.0021279635784531943,1e-06,0.0
3238.0,763.9419815110481,0.0,297.9,0.015,2354.7880690737834,0.0,0.0,0.0,0.0,0.0,0.0,-0.2453755690468165,0.0021279635784531943,1e-06,0.0
3239.0,763.9419815110481,0.0,297.9,0.015,2354.7880690737834,0.0,0.0,0.0,0.0,0.0,0.0,-0.2453755690468165,0.0021279635784531943,1e-06,0.0
3240.0,763.9419815110481,0.0,297.9,0.015,2354.7880690737834,0.0,0.0,0.0,0.0,0.0,0.0,-0.2453755690468165,0.0021279635784531943,1e-06,0.0
3241.0,763.9419815110481,0.0,297.9,0.015,2354.7880690737834,0.0,0.0,0.0,0.0,0.0,0.0,-0.2453755690468165,0.0021279635784531943,1e-06,0.0
3242.0,763.9419815110481,0.0,297.9,0.015,2354.7880690737834,0.0,0.0,0.0,0.0,0.0,0.0,-0.2453755690468165,0.0021279635784531943,1e-06,0.0
3243.0,763.9419815110481,0.0,297.9,0.015,2354.7880690737834,0.0,0.0,0.0,0.0,0.0,0.0,-0.2453755690468165,0.0021279635784531943,1e-06,0.0
3244.0,763.9419815110481,0.0,297.9,0.015,2354.7880690737834,0.0,0.0,0.0,0.0,0.0,0.0,-0.2453755690468165,0.0021279635784531943,1e-06,0.0
3245.0,763.9419815110481,0.0,297.9,0.015,2354.7880690737834,0.0,0.0,0.0,0.0,0.0,0.0,-0.2453755690468165,0.0021279635784531943,1e-06,0.0
3246.0,763.9419815110481,0.0,297.9,0.015,2354.7880690737834,0.0,0.0,0.0,0.0,0.0,0.0,-0.2453755690468165,0.0021279635784531943,1e-06,0.0
3247.0,763.9419815110481,0.0,297.9,0.015,2354.7880690737834,0.0,0.0,0.0,0.0,0.0,0.0,-0.2453755690468165,0.0021279635784531943,1e-06,0.0
3248.0,763.9419815110481,0.0,297.9,0.015,2354.7880690737834,0.0,0.0,0.0,0.0,0.0,0.0,-0.2453755690468165,0.0021279635784531943,1e-06,0.0
3249.0,763.9419815110481,0.0,297.9,0.015,2354.7880690737834,0.0,0.0,0.0,0.0,0.0,0.0,-0.2453755690468165,0.0021279635784531943,1e-06,0.0
3250.0,763.9419815110481,0.0,297.9,0.015,2354.7880690737834,0.0,0.0,0.0,0.0,0.0,0.0,-0.2453755690468165,0.0021279635784531943,1e-06,0.0
3251.0,763.9419815110481,0.0,297.9,0.015,2354.7880690737834,0.0,0.0,0.0,0.0,0.0,0.0,-0.2453755690468165,0.0021279635784531943,1e-06,0.0
3252.0,763.9419815110481,0.0,297.9,0.015,2354.7880690737834,0.0,0.0,0.0,0.0,0.0,0.0,-0.2453755690468165,0.0021279635784531943,1e-06,0.0
3253.0,763.9419815110481,0.0,297.9,0.015,2354.7880690737834,0.0,0.0,0.0,0.0,0.0,0.0,-0.2453755690468165,0.0021279635784531943,1e-06,0.0
3254.0,763.9419815110481,0.0,297.9,0.015,2354.7880690737834,0.0,0.0,0.0,0.0,0.0,0.0,-0.2453755690468165,0.0021279635784531943,1e-06,0.0
3255.0,763.9419815110481,0.0,297.9,0.015,2354.7880690737834,0.0,0.0,0.0,0.0,0.0,0.0,-0.2453755690468165,0.0021279635784531943,1e-06,0.0
3256.0,763.9419815110481,0.0,297.9,0.015,2354.7880690737834,0.0,0.0,0.0,0.0,0.0,0.0,-0.2453755690468165,0.0021279635784531943,1e-06,0.0
3257.0,763.9419815110481,0.0,297.9,0.015,2354.7880690737834,0.0,0.0,0.0,0.0,0.0,0.0,-0.2453755690468165,0.0021279635784531943,1e-06,0.0
3258.0,763.9419815110481,0.0,297.9,0.015,2354.7880690737834,0.0,0.0,0.0,0.0,0.0,0.0,-0.2453755690468165,0.0021279635784531943,1e-06,0.0
3259.0,763.9419815110481,0.0,297.9,0.015,2354.7880690737834,0.0,0.0,0.0,0.0,0.0,0.0,-0.2453755690468165,0.0021279635784531943,1e-06,0.0
3260.0,763.9419815110481,0.0,297.9,0.015,2354.7880690737834,0.0,0.0,0.0,0.0,0.0,0.0,-0.2453755690468165,0.0021279635784531943,1e-06,0.0
3261.0,763.9419815110481,0.0,297.9,0.015,2354.7880690737834,0.0,0.0,0.0,0.0,0.0,0.0,-0.2453755690468165,0.0021279635784531943,1e-06,0.0
3262.0,763.9419815110481,0.0,297.9,0.015,2354.7880690737834,0.0,0.0,0.0,0.0,0.0,0.0,-0.2453755690468165,0.0021279635784531943,1e-06,0.0
3263.0,763.9419815110481,0.0,297.9,0.015,2354.7880690737834,0.0,0.0,0.0,0.0,0.0,0.0,-0.2453755690468165,0.0021279635784531943,1e-06,0.0
3264.0,763.9419815110481,0.0,297.9,0.015,2354.7880690737834,0.0,0.0,0.0,0.0,0.0,0.0,-0.2453755690468165,0.0021279635784531943,1e-06,0.0
3265.0,763.9419815110481,0.0,297.9,0.015,2354.7880690737834,0.0,0.0,0.0,0.0,0.0,0.0,-0.2453755690468165,0.0021279635784531943,1e-06,0.0
3266.0,763.9419815110481,0.0,297.9,0.015,2354.7880690737834,0.0,0.0,0.0,0.0,0.0,0.0,-0.2453755690468165,0.0021279635784531943,1e-06,0.0
3267.0,763.9419815110481,0.0,297.9,0.015,2354.7880690737834,0.0,0.0,0.0,0.0,0.0,0.0,-0.2453755690468165,0.0021279635784531943,1e-06,0.0
3268.0,763.9419815110481,0.0,297.9,0.015,2354.7880690737834,0.0,0.0,0.0,0.0,0.0,0.0,-0.2453755690468165,0.0021279635784531943,1e-06,0.0
3269.0,763.9419815110481,0.0,297.9,0.015,2354.7880690737834,0.0,0.0,0.0,0.0,0.0,0.0,-0.2453755690468165,0.0021279635784531943,1e-06,0.0
3270.0,763.9419815110481,0.0,297.9,0.015,2354.7880690737834,0.0,0.0,0.0,0.0,0.0,0.0,-0.2453755690468165,0.0021279635784531943,1e-06,0.0
3271.0,763.9419815110481,0.0,297.9,0.015,2354.7880690737834,0.0,0.0,0.0,0.0,0.0,0.0,-0.2453755690468165,0.0021279635784531943,1e-06,0.0
3272.0,763.9419815110481,0.0,297.9,0.015,2354.7880690737834,0.0,0.0,0.0,0.0,0.0,0.0,-0.2453755690468165,0.0021279635784531943,1e-06,0.0
3273.0,763.9419815110481,0.0,297.9,0.015,2354.7880690737834,0.0,0.0,0.0,0.0,0.0,0.0,-0.2453755690468165,0.0021279635784531943,1e-06,0.0
3274.0,763.9419815110481,0.0,297.9,0.015,2354.7880690737834,0.0,0.0,0.0,0.0,0.0,0.0,-0.2453755690468165,0.0021279635784531943,1e-06,0.0
3275.0,763.9419815110481,0.0,297.9,0.015,2354.7880690737834,0.0,0.0,0.0,0.0,0.0,0.0,-0.2453755690468165,0.0021279635784531943,1e-06,0.0
3276.0,763.9419815110481,0.0,297.9,0.015,2354.7880690737834,0.0,0.0,0.0,0.0,0.0,0.0,-0.2453755690468165,0.0021279635784531943,1e-06,0.0
3277.0,763.9419815110481,0.0,297.9,0.015,2354.7880690737834,0.0,0.0,0.0,0.0,0.0,0.0,-0.2453755690468165,0.0021279635784531943,1e-06,0.0
3278.0,763.9419815110481,0.0,297.9,0.015,2354.7880690737834,0.0,0.0,0.0,0.0,0.0,0.0,-0.2453755690468165,0.0021279635784531943,1e-06,0.0
3279.0,763.9419815110481,0.0,297.9,0.015,2354.7880690737834,0.0,0.0,0.0,0.0,0.0,0.0,-0.2453755690468165,0.0021279635784531943,1e-06,0.0
3280.0,763.9419815110481,0.0,297.9,0.015,2354.7880690737834,0.0,0.0,0.0,0.0,0.0,0.0,-0.2453755690468165,0.0021279635784531943,1e-06,0.0
3281.0,763.9419815110481,0.0,297.9,0.015,2354.7880690737834,0.0,0.0,0.0,0.0,0.0,0.0,-0.2453755690468165,0.0021279635784531943,1e-06,0.0
3282.0,763.9419815110481,0.0,297.9,0.015,2354.7880690737834,0.0,0.0,0.0,0.0,0.0,0.0,-0.2453755690468165,0.0021279635784531943,1e-06,0.0
3283.0,763.9419815110481,0.0,297.9,0.015,2354.7880690737834,0.0,0.0,0.0,0.0,0.0,0.0,-0.2453755690468165,0.0021279635784531943,1e-06,0.0
3284.0,763.9419815110481,0.0,297.9,0.015,2354.7880690737834,0.0,0.0,0.0,0.0,0.0,0.0,-0.2453755690468165,0.0021279635784531943,1e-06,0.0
3285.0,763.9419815110481,0.0,297.9,0.015,2354.7880690737834,0.0,0.0,0.0,0.0,0.0,0.0,-0.2453755690468165,0.0021279635784531943,1e-06,0.0
3286.0,763.9419815110481,0.0,297.9,0.015,2354.7880690737834,0.0,0.0,0.0,0.0,0.0,0.0,-0.2453755690468165,0.0021279635784531943,1e-06,0.0
3287.0,763.9419815110481,0.0,297.9,0.015,2354.7880690737834,0.0,0.0,0.0,0.0,0.0,0.0,-0.2453755690468165,0.0021279635784531943,1e-06,0.0
3288.0,763.9419815110481,0.0,297.9,0.015,2354.7880690737834,0.0,0.0,0.0,0.0,0.0,0.0,-0.2453755690468165,0.0021279635784531943,1e-06,0.0
3289.0,763.9419815110481,0.0,297.9,0.015,2354.7880690737834,0.0,0.0,0.0,0.0,0.0,0.0,-0.2453755690468165,0.0021279635784531943,1e-06,0.0
3290.0,763.9419815110481,0.0,297.9,0.015,2354.7880690737834,0.0,0.0,0.0,0.0,0.0,0.0,-0.2453755690468165,0.0021279635784531943,1e-06,0.0
3291.0,763.9419815110481,0.0,297.9,0.015,2354.7880690737834,0.0,0.0,0.0,0.0,0.0,0.0,-0.2453755690468165,0.0021279635784531943,1e-06,0.0
3292.0,763.9419815110481,0.0,297.9,0.015,2354.7880690737834,0.0,0.0,0.0,0.0,0.0,0.0,-0.2453755690468165,0.0021279635784531943,1e-06,0.0
3293.0,763.9419815110481,0.0,297.9,0.015,2354.7880690737834,0.0,0.0,0.0,0.0,0.0,0.0,-0.2453755690468165,0.0021279635784531943,1e-06,0.0
3294.0,763.9419815110481,0.0,297.9,0.015,2354.7880690737834,0.0,0.0,0.0,0.0,0.0,0.0,-0.2453755690468165,0.0021279635784531943,1e-06,0.0
3295.0,763.9419815110481,0.0,297.9,0.015,2354.7880690737834,0.0,0.0,0.0,0.0,0.0,0.0,-0.2453755690468165,0.0021279635784531943,1e-06,0.0
3296.0,763.9419815110481,0.0,297.9,0.015,2354.7880690737834,0.0,0.0,0.0,0.0,0.0,0.0,-0.2453755690468165,0.0021279635784531943,1e-06,0.0
3297.0,763.9419815110481,0.0,297.9,0.015,2354.7880690737834,0.0,0.0,0.0,0.0,0.0,0.0,-0.2453755690468165,0.0021279635784531943,1e-06,0.0
3298.0,763.9419815110481,0.0,297.9,0.015,2354.7880690737834,0.0,0.0,0.0,0.0,0.0,0.0,-0.2453755690468165,0.0021279635784531943,1e-06,0.0
3299.0,763.9419815110481,0.0,297.9,0.015,2354.7880690737834,0.0,0.0,0.0,0.0,0.0,0.0,-0.2453755690468165,0.0021279635784531943,1e-06,0.0
3300.0,763.9419815110481,0.0,297.9,0.015,2354.7880690737834,0.0,0.0,0.0,0.0,0.0,0.0,-0.2453755690468165,0.0021279635784531943,1e-06,0.0
3301.0,763.9419815110481,0.0,297.9,0.015,2354.7880690737834,0.0,0.0,0.0,0.0,0.0,0.0,-0.2453755690468165,0.0021279635784531943,1e-06,0.0
3302.0,763.9419815110481,0.0,297.9,0.015,2354.7880690737834,0.0,0.0,0.0,0.0,0.0,0.0,-0.2453755690468165,0.0021279635784531943,1e-06,0.0
3303.0,763.9419815110481,0.0,297.9,0.015,2354.7880690737834,0.0,0.0,0.0,0.0,0.0,0.0,-0.2453755690468165,0.0021279635784531943,1e-06,0.0
3304.0,763.9419815110481,0.0,297.9,0.015,2354.7880690737834,0.0,0.0,0.0,0.0,0.0,0.0,-0.2453755690468165,0.0021279635784531943,1e-06,0.0
3305.0,763.9419815110481,0.0,297.9,0.015,2354.7880690737834,0.0,0.0,0.0,0.0,0.0,0.0,-0.2453755690468165,0.0021279635784531943,1e-06,0.0
3306.0,763.9419815110481,0.0,297.9,0.015,2354.7880690737834,0.0,0.0,0.0,0.0,0.0,0.0,-0.2453755690468165,0.0021279635784531943,1e-06,0.0
3307.0,763.9419815110481,0.0,297.9,0.015,2354.7880690737834,0.0,0.0,0.0,0.0,0.0,0.0,-0.2453755690468165,0.0021279635784531943,1e-06,0.0
3308.0,763.9419815110481,0.0,297.9,0.015,2354.7880690737834,0.0,0.0,0.0,0.0,0.0,0.0,-0.2453755690468165,0.0021279635784531943,1e-06,0.0
3309.0,763.9419815110481,0.0,297.9,0.015,2354.7880690737834,0.0,0.0,0.0,0.0,0.0,0.0,-0.2453755690468165,0.0021279635784531943,1e-06,0.0
3310.0,763.9419815110481,0.0,297.9,0.015,2354.7880690737834,0.0,0.0,0.0,0.0,0.0,0.0,-0.2453755690468165,0.0021279635784531943,1e-06,0.0
3311.0,763.9419815110481,0.0,297.9,0.015,2354.7880690737834,0.0,0.0,0.0,0.0,0.0,0.0,-0.2453755690468165,0.0021279635784531943,1e-06,0.0
3312.0,763.9419815110481,0.0,297.9,0.015,2354.7880690737834,0.0,0.0,0.0,0.0,0.0,0.0,-0.2453755690468165,0.0021279635784531943,1e-06,0.0
3313.0,763.9419815110481,0.0,297.9,0.015,2354.7880690737834,0.0,0.0,0.0,0.0,0.0,0.0,-0.2453755690468165,0.0021279635784531943,1e-06,0.0
3314.0,763.9419815110481,0.0,297.9,0.015,2354.7880690737834,0.0,0.0,0.0,0.0,0.0,0.0,-0.2453755690468165,0.0021279635784531943,1e-06,0.0
3315.0,763.9419815110481,0.0,297.9,0.015,2354.7880690737834,0.0,0.0,0.0,0.0,0.0,0.0,-0.2453755690468165,0.0021279635784531943,1e-06,0.0
3316.0,763.9419815110481,0.0,297.9,0.015,2354.7880690737834,0.0,0.0,0.0,0.0,0.0,0.0,-0.2453755690468165,0.0021279635784531943,1e-06,0.0
3317.0,763.9419815110481,0.0,297.9,0.015,2354.7880690737834,0.0,0.0,0.0,0.0,0.0,0.0,-0.2453755690468165,0.0021279635784531943,1e-06,0.0
3318.0,763.9419815110481,0.0,297.9,0.015,2354.7880690737834,0.0,0.0,0.0,0.0,0.0,0.0,-0.2453755690468165,0.0021279635784531943,1e-06,0.0
3319.0,763.9419815110481,0.0,297.9,0.015,2354.7880690737834,0.0,0.0,0.0,0.0,0.0,0.0,-0.2453755690468165,0.0021279635784531943,1e-06,0.0
3320.0,763.9419815110481,0.0,297.9,0.015,2354.7880690737834,0.0,0.0,0.0,0.0,0.0,0.0,-0.2453755690468165,0.0021279635784531943,1e-06,0.0
3321.0,763.9419815110481,0.0,297.9,0.015,2354.7880690737834,0.0,0.0,0.0,0.0,0.0,0.0,-0.2453755690468165,0.0021279635784531943,1e-06,0.0
3322.0,763.9419815110481,0.0,297.9,0.015,2354.7880690737834,0.0,0.0,0.0,0.0,0.0,0.0,-0.2453755690468165,0.0021279635784531943,1e-06,0.0
3323.0,763.9419815110481,0.0,297.9,0.015,2354.7880690737834,0.0,0.0,0.0,0.0,0.0,0.0,-0.2453755690468165,0.0021279635784531943,1e-06,0.0
3324.0,763.9419815110481,0.0,297.9,0.015,2354.7880690737834,0.0,0.0,0.0,0.0,0.0,0.0,-0.2453755690468165,0.0021279635784531943,1e-06,0.0
3325.0,763.9419815110481,0.0,297.9,0.015,2354.7880690737834,0.0,0.0,0.0,0.0,0.0,0.0,-0.2453755690468165,0.0021279635784531943,1e-06,0.0
3326.0,763.9419815110481,0.0,297.9,0.015,2354.7880690737834,0.0,0.0,0.0,0.0,0.0,0.0,-0.2453755690468165,0.0021279635784531943,1e-06,0.0
3327.0,763.9419815110481,0.0,297.9,0.015,2354.7880690737834,0.0,0.0,0.0,0.0,0.0,0.0,-0.2453755690468165,0.0021279635784531943,1e-06,0.0
3328.0,763.9419815110481,0.0,297.9,0.015,2354.7880690737834,0.0,0.0,0.0,0.0,0.0,0.0,-0.2453755690468165,0.0021279635784531943,1e-06,0.0
3329.0,763.9419815110481,0.0,297.9,0.015,2354.7880690737834,0.0,0.0,0.0,0.0,0.0,0.0,-0.2453755690468165,0.0021279635784531943,1e-06,0.0
3330.0,763.9419815110481,0.0,297.9,0.015,2354.7880690737834,0.0,0.0,0.0,0.0,0.0,0.0,-0.2453755690468165,0.0021279635784531943,1e-06,0.0
3331.0,763.9419815110481,0.0,297.9,0.015,2354.7880690737834,0.0,0.0,0.0,0.0,0.0,0.0,-0.2453755690468165,0.0021279635784531943,1e-06,0.0
3332.0,763.9419815110481,0.0,297.9,0.015,2354.7880690737834,0.0,0.0,0.0,0.0,0.0,0.0,-0.2453755690468165,0.0021279635784531943,1e-06,0.0
3333.0,763.9419815110481,0.0,297.9,0.015,2354.7880690737834,0.0,0.0,0.0,0.0,0.0,0.0,-0.2453755690468165,0.0021279635784531943,1e-06,0.0
3334.0,763.9419815110481,0.0,297.9,0.015,2354.7880690737834,0.0,0.0,0.0,0.0,0.0,0.0,-0.2453755690468165,0.0021279635784531943,1e-06,0.0
3335.0,763.9419815110481,0.0,297.9,0.015,2354.7880690737834,0.0,0.0,0.0,0.0,0.0,0.0,-0.2453755690468165,0.0021279635784531943,1e-06,0.0
3336.0,763.9419815110481,0.0,297.9,0.015,2354.7880690737834,0.0,0.0,0.0,0.0,0.0,0.0,-0.2453755690468165,0.0021279635784531943,1e-06,0.0
3337.0,763.9419815110481,0.0,297.9,0.015,2354.7880690737834,0.0,0.0,0.0,0.0,0.0,0.0,-0.2453755690468165,0.0021279635784531943,1e-06,0.0
3338.0,763.9419815110481,0.0,297.9,0.015,2354.7880690737834,0.0,0.0,0.0,0.0,0.0,0.0,-0.2453755690468165,0.0021279635784531943,1e-06,0.0
3339.0,763.9419815110481,0.0,297.9,0.015,2354.7880690737834,0.0,0.0,0.0,0.0,0.0,0.0,-0.2453755690468165,0.0021279635784531943,1e-06,0.0
3340.0,763.9419815110481,0.0,297.9,0.015,2354.7880690737834,0.0,0.0,0.0,0.0,0.0,0.0,-0.2453755690468165,0.0021279635784531943,1e-06,0.0
3341.0,763.9419815110481,0.0,297.9,0.015,2354.7880690737834,0.0,0.0,0.0,0.0,0.0,0.0,-0.2453755690468165,0.0021279635784531943,1e-06,0.0
3342.0,763.9419815110481,0.0,297.9,0.015,2354.7880690737834,0.0,0.0,0.0,0.0,0.0,0.0,-0.2453755690468165,0.0021279635784531943,1e-06,0.0
3343.0,763.9419815110481,0.0,297.9,0.015,2354.7880690737834,0.0,0.0,0.0,0.0,0.0,0.0,-0.2453755690468165,0.0021279635784531943,1e-06,0.0
3344.0,763.9419815110481,0.0,297.9,0.015,2354.7880690737834,0.0,0.0,0.0,0.0,0.0,0.0,-0.2453755690468165,0.0021279635784531943,1e-06,0.0
3345.0,763.9419815110481,0.0,297.9,0.015,2354.7880690737834,0.0,0.0,0.0,0.0,0.0,0.0,-0.2453755690468165,0.0021279635784531943,1e-06,0.0
3346.0,763.9419815110481,0.0,297.9,0.015,2354.7880690737834,0.0,0.0,0.0,0.0,0.0,0.0,-0.2453755690468165,0.0021279635784531943,1e-06,0.0
3347.0,763.9419815110481,0.0,297.9,0.015,2354.7880690737834,0.0,0.0,0.0,0.0,0.0,0.0,-0.2453755690468165,0.0021279635784531943,1e-06,0.0
3348.0,763.9419815110481,0.0,297.9,0.015,2354.7880690737834,0.0,0.0,0.0,0.0,0.0,0.0,-0.2453755690468165,0.0021279635784531943,1e-06,0.0
3349.0,763.9419815110481,0.0,297.9,0.015,2354.7880690737834,0.0,0.0,0.0,0.0,0.0,0.0,-0.2453755690468165,0.0021279635784531943,1e-06,0.0
3350.0,763.9419815110481,0.0,297.9,0.015,2354.7880690737834,0.0,0.0,0.0,0.0,0.0,0.0,-0.2453755690468165,0.0021279635784531943,1e-06,0.0
3351.0,763.9419815110481,0.0,297.9,0.015,2354.7880690737834,0.0,0.0,0.0,0.0,0.0,0.0,-0.2453755690468165,0.0021279635784531943,1e-06,0.0
3352.0,763.9419815110481,0.0,297.9,0.015,2354.7880690737834,0.0,0.0,0.0,0.0,0.0,0.0,-0.2453755690468165,0.0021279635784531943,1e-06,0.0
3353.0,763.9419815110481,0.0,297.9,0.015,2354.7880690737834,0.0,0.0,0.0,0.0,0.0,0.0,-0.2453755690468165,0.0021279635784531943,1e-06,0.0
3354.0,763.9419815110481,0.0,297.9,0.015,2354.7880690737834,0.0,0.0,0.0,0.0,0.0,0.0,-0.2453755690468165,0.0021279635784531943,1e-06,0.0
3355.0,763.9419815110481,0.0,297.9,0.015,2354.7880690737834,0.0,0.0,0.0,0.0,0.0,0.0,-0.2453755690468165,0.0021279635784531943,1e-06,0.0
3356.0,763.9419815110481,0.0,297.9,0.015,2354.7880690737834,0.0,0.0,0.0,0.0,0.0,0.0,-0.2453755690468165,0.0021279635784531943,1e-06,0.0
3357.0,763.9419815110481,0.0,297.9,0.015,2354.7880690737834,0.0,0.0,0.0,0.0,0.0,0.0,-0.2453755690468165,0.0021279635784531943,1e-06,0.0
3358.0,763.9419815110481,0.0,297.9,0.015,2354.7880690737834,0.0,0.0,0.0,0.0,0.0,0.0,-0.2453755690468165,0.0021279635784531943,1e-06,0.0
3359.0,763.9419815110481,0.0,297.9,0.015,2354.7880690737834,0.0,0.0,0.0,0.0,0.0,0.0,-0.2453755690468165,0.0021279635784531943,1e-06,0.0
3360.0,763.9419815110481,0.0,297.9,0.015,2354.7880690737834,0.0,0.0,0.0,0.0,0.0,0.0,-0.2453755690468165,0.0021279635784531943,1e-06,0.0
3361.0,763.9419815110481,0.0,297.9,0.015,2354.7880690737834,0.0,0.0,0.0,0.0,0.0,0.0,-0.2453755690468165,0.0021279635784531943,1e-06,0.0
3362.0,763.9419815110481,0.0,297.9,0.015,2354.7880690737834,0.0,0.0,0.0,0.0,0.0,0.0,-0.2453755690468165,0.0021279635784531943,1e-06,0.0
3363.0,763.9419815110481,0.0,297.9,0.015,2354.7880690737834,0.0,0.0,0.0,0.0,0.0,0.0,-0.2453755690468165,0.0021279635784531943,1e-06,0.0
3364.0,763.9419815110481,0.0,297.9,0.015,2354.7880690737834,0.0,0.0,0.0,0.0,0.0,0.0,-0.2453755690468165,0.0021279635784531943,1e-06,0.0
3365.0,763.9419815110481,0.0,297.9,0.015,2354.7880690737834,0.0,0.0,0.0,0.0,0.0,0.0,-0.2453755690468165,0.0021279635784531943,1e-06,0.0
3366.0,763.9419815110481,0.0,297.9,0.015,2354.7880690737834,0.0,0.0,0.0,0.0,0.0,0.0,-0.2453755690468165,0.0021279635784531943,1e-06,0.0
3367.0,763.9419815110481,0.0,297.9,0.015,2354.7880690737834,0.0,0.0,0.0,0.0,0.0,0.0,-0.2453755690468165,0.0021279635784531943,1e-06,0.0
3368.0,763.9419815110481,0.0,297.9,0.015,2354.7880690737834,0.0,0.0,0.0,0.0,0.0,0.0,-0.2453755690468165,0.0021279635784531943,1e-06,0.0
3369.0,763.9419815110481,0.0,297.9,0.015,2354.7880690737834,0.0,0.0,0.0,0.0,0.0,0.0,-0.2453755690468165,0.0021279635784531943,1e-06,0.0
3370.0,763.9419815110481,0.0,297.9,0.015,2354.7880690737834,0.0,0.0,0.0,0.0,0.0,0.0,-0.2453755690468165,0.0021279635784531943,1e-06,0.0
3371.0,763.9419815110481,0.0,297.9,0.015,2354.7880690737834,0.0,0.0,0.0,0.0,0.0,0.0,-0.2453755690468165,0.0021279635784531943,1e-06,0.0
3372.0,763.9419815110481,0.0,297.9,0.015,2354.7880690737834,0.0,0.0,0.0,0.0,0.0,0.0,-0.2453755690468165,0.0021279635784531943,1e-06,0.0
3373.0,763.9419815110481,0.0,297.9,0.015,2354.7880690737834,0.0,0.0,0.0,0.0,0.0,0.0,-0.2453755690468165,0.0021279635784531943,1e-06,0.0
3374.0,763.9419815110481,0.0,297.9,0.015,2354.7880690737834,0.0,0.0,0.0,0.0,0.0,0.0,-0.2453755690468165,0.0021279635784531943,1e-06,0.0
3375.0,763.9419815110481,0.0,297.9,0.015,2354.7880690737834,0.0,0.0,0.0,0.0,0.0,0.0,-0.2453755690468165,0.0021279635784531943,1e-06,0.0
3376.0,763.9419815110481,0.0,297.9,0.015,2354.7880690737834,0.0,0.0,0.0,0.0,0.0,0.0,-0.2453755690468165,0.0021279635784531943,1e-06,0.0
3377.0,763.9419815110481,0.0,297.9,0.015,2354.7880690737834,0.0,0.0,0.0,0.0,0.0,0.0,-0.2453755690468165,0.0021279635784531943,1e-06,0.0
3378.0,763.9419815110481,0.0,297.9,0.015,2354.7880690737834,0.0,0.0,0.0,0.0,0.0,0.0,-0.2453755690468165,0.0021279635784531943,1e-06,0.0
3379.0,763.9419815110481,0.0,297.9,0.015,2354.7880690737834,0.0,0.0,0.0,0.0,0.0,0.0,-0.2453755690468165,0.0021279635784531943,1e-06,0.0
3380.0,763.9419815110481,0.0,297.9,0.015,2354.7880690737834,0.0,0.0,0.0,0.0,0.0,0.0,-0.2453755690468165,0.0021279635784531943,1e-06,0.0
3381.0,763.9419815110481,0.0,297.9,0.015,2354.7880690737834,0.0,0.0,0.0,0.0,0.0,0.0,-0.2453755690468165,0.0021279635784531943,1e-06,0.0
3382.0,763.9419815110481,0.0,297.9,0.015,2354.7880690737834,0.0,0.0,0.0,0.0,0.0,0.0,-0.2453755690468165,0.0021279635784531943,1e-06,0.0
3383.0,763.9419815110481,0.0,297.9,0.015,2354.7880690737834,0.0,0.0,0.0,0.0,0.0,0.0,-0.2453755690468165,0.0021279635784531943,1e-06,0.0
3384.0,763.9419815110481,0.0,297.9,0.015,2354.7880690737834,0.0,0.0,0.0,0.0,0.0,0.0,-0.2453755690468165,0.0021279635784531943,1e-06,0.0
3385.0,763.9419815110481,0.0,297.9,0.015,2354.7880690737834,0.0,0.0,0.0,0.0,0.0,0.0,-0.2453755690468165,0.0021279635784531943,1e-06,0.0
3386.0,763.9419815110481,0.0,297.9,0.015,2354.7880690737834,0.0,0.0,0.0,0.0,0.0,0.0,-0.2453755690468165,0.0021279635784531943,1e-06,0.0
3387.0,763.9419815110481,0.0,297.9,0.015,2354.7880690737834,0.0,0.0,0.0,0.0,0.0,0.0,-0.2453755690468165,0.0021279635784531943,1e-06,0.0
3388.0,763.9419815110481,0.0,297.9,0.015,2354.7880690737834,0.0,0.0,0.0,0.0,0.0,0.0,-0.2453755690468165,0.0021279635784531943,1e-06,0.0
3389.0,763.9419815110481,0.0,297.9,0.015,2354.7880690737834,0.0,0.0,0.0,0.0,0.0,0.0,-0.2453755690468165,0.0021279635784531943,1e-06,0.0
3390.0,763.9419815110481,0.0,297.9,0.015,2354.7880690737834,0.0,0.0,0.0,0.0,0.0,0.0,-0.2453755690468165,0.0021279635784531943,1e-06,0.0
3391.0,763.9419815110481,0.0,297.9,0.015,2354.7880690737834,0.0,0.0,0.0,0.0,0.0,0.0,-0.2453755690468165,0.0021279635784531943,1e-06,0.0
3392.0,763.9419815110481,0.0,297.9,0.015,2354.7880690737834,0.0,0.0,0.0,0.0,0.0,0.0,-0.2453755690468165,0.0021279635784531943,1e-06,0.0
3393.0,763.9419815110481,0.0,297.9,0.015,2354.7880690737834,0.0,0.0,0.0,0.0,0.0,0.0,-0.2453755690468165,0.0021279635784531943,1e-06,0.0
3394.0,763.9419815110481,0.0,297.9,0.015,2354.7880690737834,0.0,0.0,0.0,0.0,0.0,0.0,-0.2453755690468165,0.0021279635784531943,1e-06,0.0
3395.0,763.9419815110481,0.0,297.9,0.015,2354.7880690737834,0.0,0.0,0.0,0.0,0.0,0.0,-0.2453755690468165,0.0021279635784531943,1e-06,0.0
3396.0,763.9419815110481,0.0,297.9,0.015,2354.7880690737834,0.0,0.0,0.0,0.0,0.0,0.0,-0.2453755690468165,0.0021279635784531943,1e-06,0.0
3397.0,763.9419815110481,0.0,297.9,0.015,2354.7880690737834,0.0,0.0,0.0,0.0,0.0,0.0,-0.2453755690468165,0.0021279635784531943,1e-06,0.0
3398.0,763.9419815110481,0.0,297.9,0.015,2354.7880690737834,0.0,0.0,0.0,0.0,0.0,0.0,-0.2453755690468165,0.0021279635784531943,1e-06,0.0
3399.0,763.9419815110481,0.0,297.9,0.015,2354.7880690737834,0.0,0.0,0.0,0.0,0.0,0.0,-0.2453755690468165,0.0021279635784531943,1e-06,0.0
3400.0,763.9419815110481,0.0,297.9,0.015,2354.7880690737834,0.0,0.0,0.0,0.0,0.0,0.0,-0.2453755690468165,0.0021279635784531943,1e-06,0.0
3401.0,763.9419815110481,0.0,297.9,0.015,2354.7880690737834,0.0,0.0,0.0,0.0,0.0,0.0,-0.2453755690468165,0.0021279635784531943,1e-06,0.0
3402.0,763.9419815110481,0.0,297.9,0.015,2354.7880690737834,0.0,0.0,0.0,0.0,0.0,0.0,-0.2453755690468165,0.0021279635784531943,1e-06,0.0
3403.0,763.9419815110481,0.0,297.9,0.015,2354.7880690737834,0.0,0.0,0.0,0.0,0.0,0.0,-0.2453755690468165,0.0021279635784531943,1e-06,0.0
3404.0,763.9419815110481,0.0,297.9,0.015,2354.7880690737834,0.0,0.0,0.0,0.0,0.0,0.0,-0.2453755690468165,0.0021279635784531943,1e-06,0.0
3405.0,763.9419815110481,0.0,297.9,0.015,2354.7880690737834,0.0,0.0,0.0,0.0,0.0,0.0,-0.2453755690468165,0.0021279635784531943,1e-06,0.0
3406.0,763.9419815110481,0.0,297.9,0.015,2354.7880690737834,0.0,0.0,0.0,0.0,0.0,0.0,-0.2453755690468165,0.0021279635784531943,1e-06,0.0
3407.0,763.9419815110481,0.0,297.9,0.015,2354.7880690737834,0.0,0.0,0.0,0.0,0.0,0.0,-0.2453755690468165,0.0021279635784531943,1e-06,0.0
3408.0,763.9419815110481,0.0,297.9,0.015,2354.7880690737834,0.0,0.0,0.0,0.0,0.0,0.0,-0.2453755690468165,0.0021279635784531943,1e-06,0.0
3409.0,763.9419815110481,0.0,297.9,0.015,2354.7880690737834,0.0,0.0,0.0,0.0,0.0,0.0,-0.2453755690468165,0.0021279635784531943,1e-06,0.0
3410.0,763.9419815110481,0.0,297.9,0.015,2354.7880690737834,0.0,0.0,0.0,0.0,0.0,0.0,-0.2453755690468165,0.0021279635784531943,1e-06,0.0
3411.0,763.9419815110481,0.0,297.9,0.015,2354.7880690737834,0.0,0.0,0.0,0.0,0.0,0.0,-0.2453755690468165,0.0021279635784531943,1e-06,0.0
3412.0,763.9419815110481,0.0,297.9,0.015,2354.7880690737834,0.0,0.0,0.0,0.0,0.0,0.0,-0.2453755690468165,0.0021279635784531943,1e-06,0.0
3413.0,763.9419815110481,0.0,297.9,0.015,2354.7880690737834,0.0,0.0,0.0,0.0,0.0,0.0,-0.2453755690468165,0.0021279635784531943,1e-06,0.0
3414.0,763.9419815110481,0.0,297.9,0.015,2354.7880690737834,0.0,0.0,0.0,0.0,0.0,0.0,-0.2453755690468165,0.0021279635784531943,1e-06,0.0
3415.0,763.9419815110481,0.0,297.9,0.015,2354.7880690737834,0.0,0.0,0.0,0.0,0.0,0.0,-0.2453755690468165,0.0021279635784531943,1e-06,0.0
3416.0,763.9419815110481,0.0,297.9,0.015,2354.7880690737834,0.0,0.0,0.0,0.0,0.0,0.0,-0.2453755690468165,0.0021279635784531943,1e-06,0.0
3417.0,763.9419815110481,0.0,297.9,0.015,2354.7880690737834,0.0,0.0,0.0,0.0,0.0,0.0,-0.2453755690468165,0.0021279635784531943,1e-06,0.0
3418.0,763.9419815110481,0.0,297.9,0.015,2354.7880690737834,0.0,0.0,0.0,0.0,0.0,0.0,-0.2453755690468165,0.0021279635784531943,1e-06,0.0
3419.0,763.9419815110481,0.0,297.9,0.015,2354.7880690737834,0.0,0.0,0.0,0.0,0.0,0.0,-0.2453755690468165,0.0021279635784531943,1e-06,0.0
3420.0,763.9419815110481,0.0,297.9,0.015,2354.7880690737834,0.0,0.0,0.0,0.0,0.0,0.0,-0.2453755690468165,0.0021279635784531943,1e-06,0.0
3421.0,763.9419815110481,0.0,297.9,0.015,2354.7880690737834,0.0,0.0,0.0,0.0,0.0,0.0,-0.2453755690468165,0.0021279635784531943,1e-06,0.0
3422.0,763.9419815110481,0.0,297.9,0.015,2354.7880690737834,0.0,0.0,0.0,0.0,0.0,0.0,-0.2453755690468165,0.0021279635784531943,1e-06,0.0
3423.0,763.9419815110481,0.0,297.9,0.015,2354.7880690737834,0.0,0.0,0.0,0.0,0.0,0.0,-0.2453755690468165,0.0021279635784531943,1e-06,0.0
3424.0,763.9419815110481,0.0,297.9,0.015,2354.7880690737834,0.0,0.0,0.0,0.0,0.0,0.0,-0.2453755690468165,0.0021279635784531943,1e-06,0.0
3425.0,763.9419815110481,0.0,297.9,0.015,2354.7880690737834,0.0,0.0,0.0,0.0,0.0,0.0,-0.2453755690468165,0.0021279635784531943,1e-06,0.0
3426.0,763.9419815110481,0.0,297.9,0.015,2354.7880690737834,0.0,0.0,0.0,0.0,0.0,0.0,-0.2453755690468165,0.0021279635784531943,1e-06,0.0
3427.0,763.9419815110481,0.0,297.9,0.015,2354.7880690737834,0.0,0.0,0.0,0.0,0.0,0.0,-0.2453755690468165,0.0021279635784531943,1e-06,0.0
3428.0,763.9419815110481,0.0,297.9,0.015,2354.7880690737834,0.0,0.0,0.0,0.0,0.0,0.0,-0.2453755690468165,0.0021279635784531943,1e-06,0.0
3429.0,763.9419815110481,0.0,297.9,0.015,2354.7880690737834,0.0,0.0,0.0,0.0,0.0,0.0,-0.2453755690468165,0.0021279635784531943,1e-06,0.0
3430.0,763.9419815110481,0.0,297.9,0.015,2354.7880690737834,0.0,0.0,0.0,0.0,0.0,0.0,-0.2453755690468165,0.0021279635784531943,1e-06,0.0
3431.0,763.9419815110481,0.0,297.9,0.015,2354.7880690737834,0.0,0.0,0.0,0.0,0.0,0.0,-0.2453755690468165,0.0021279635784531943,1e-06,0.0
3432.0,763.9419815110481,0.0,297.9,0.015,2354.7880690737834,0.0,0.0,0.0,0.0,0.0,0.0,-0.2453755690468165,0.0021279635784531943,1e-06,0.0
3433.0,763.9419815110481,0.0,297.9,0.015,2354.7880690737834,0.0,0.0,0.0,0.0,0.0,0.0,-0.2453755690468165,0.0021279635784531943,1e-06,0.0
3434.0,763.9419815110481,0.0,297.9,0.015,2354.7880690737834,0.0,0.0,0.0,0.0,0.0,0.0,-0.2453755690468165,0.0021279635784531943,1e-06,0.0
3435.0,763.9419815110481,0.0,297.9,0.015,2354.7880690737834,0.0,0.0,0.0,0.0,0.0,0.0,-0.2453755690468165,0.0021279635784531943,1e-06,0.0
3436.0,763.9419815110481,0.0,297.9,0.015,2354.7880690737834,0.0,0.0,0.0,0.0,0.0,0.0,-0.2453755690468165,0.0021279635784531943,1e-06,0.0
3437.0,763.9419815110481,0.0,297.9,0.015,2354.7880690737834,0.0,0.0,0.0,0.0,0.0,0.0,-0.2453755690468165,0.0021279635784531943,1e-06,0.0
3438.0,763.9419815110481,0.0,297.9,0.015,2354.7880690737834,0.0,0.0,0.0,0.0,0.0,0.0,-0.2453755690468165,0.0021279635784531943,1e-06,0.0
3439.0,763.9419815110481,0.0,297.9,0.015,2354.7880690737834,0.0,0.0,0.0,0.0,0.0,0.0,-0.2453755690468165,0.0021279635784531943,1e-06,0.0
3440.0,763.9419815110481,0.0,297.9,0.015,2354.7880690737834,0.0,0.0,0.0,0.0,0.0,0.0,-0.2453755690468165,0.0021279635784531943,1e-06,0.0
3441.0,763.9419815110481,0.0,297.9,0.015,2354.7880690737834,0.0,0.0,0.0,0.0,0.0,0.0,-0.2453755690468165,0.0021279635784531943,1e-06,0.0
3442.0,763.9419815110481,0.0,297.9,0.015,2354.7880690737834,0.0,0.0,0.0,0.0,0.0,0.0,-0.2453755690468165,0.0021279635784531943,1e-06,0.0
3443.0,763.9419815110481,0.0,297.9,0.015,2354.7880690737834,0.0,0.0,0.0,0.0,0.0,0.0,-0.2453755690468165,0.0021279635784531943,1e-06,0.0
3444.0,763.9419815110481,0.0,297.9,0.015,2354.7880690737834,0.0,0.0,0.0,0.0,0.0,0.0,-0.2453755690468165,0.0021279635784531943,1e-06,0.0
3445.0,763.9419815110481,0.0,297.9,0.015,2354.7880690737834,0.0,0.0,0.0,0.0,0.0,0.0,-0.2453755690468165,0.0021279635784531943,1e-06,0.0
3446.0,763.9419815110481,0.0,297.9,0.015,2354.7880690737834,0.0,0.0,0.0,0.0,0.0,0.0,-0.2453755690468165,0.0021279635784531943,1e-06,0.0
3447.0,763.9419815110481,0.0,297.9,0.015,2354.7880690737834,0.0,0.0,0.0,0.0,0.0,0.0,-0.2453755690468165,0.0021279635784531943,1e-06,0.0
3448.0,763.9419815110481,0.0,297.9,0.015,2354.7880690737834,0.0,0.0,0.0,0.0,0.0,0.0,-0.2453755690468165,0.0021279635784531943,1e-06,0.0
3449.0,763.9419815110481,0.0,297.9,0.015,2354.7880690737834,0.0,0.0,0.0,0.0,0.0,0.0,-0.2453755690468165,0.0021279635784531943,1e-06,0.0
3450.0,763.9419815110481,0.0,297.9,0.015,2354.7880690737834,0.0,0.0,0.0,0.0,0.0,0.0,-0.2453755690468165,0.0021279635784531943,1e-06,0.0
3451.0,763.9419815110481,0.0,297.9,0.015,2354.7880690737834,0.0,0.0,0.0,0.0,0.0,0.0,-0.2453755690468165,0.0021279635784531943,1e-06,0.0
3452.0,763.9419815110481,0.0,297.9,0.015,2354.7880690737834,0.0,0.0,0.0,0.0,0.0,0.0,-0.2453755690468165,0.0021279635784531943,1e-06,0.0
3453.0,763.9419815110481,0.0,297.9,0.015,2354.7880690737834,0.0,0.0,0.0,0.0,0.0,0.0,-0.2453755690468165,0.0021279635784531943,1e-06,0.0
3454.0,763.9419815110481,0.0,297.9,0.015,2354.7880690737834,0.0,0.0,0.0,0.0,0.0,0.0,-0.2453755690468165,0.0021279635784531943,1e-06,0.0
3455.0,763.9419815110481,0.0,297.9,0.015,2354.7880690737834,0.0,0.0,0.0,0.0,0.0,0.0,-0.2453755690468165,0.0021279635784531943,1e-06,0.0
3456.0,763.9419815110481,0.0,297.9,0.015,2354.7880690737834,0.0,0.0,0.0,0.0,0.0,0.0,-0.2453755690468165,0.0021279635784531943,1e-06,0.0
3457.0,763.9419815110481,0.0,297.9,0.015,2354.7880690737834,0.0,0.0,0.0,0.0,0.0,0.0,-0.2453755690468165,0.0021279635784531943,1e-06,0.0
3458.0,763.9419815110481,0.0,297.9,0.015,2354.7880690737834,0.0,0.0,0.0,0.0,0.0,0.0,-0.2453755690468165,0.0021279635784531943,1e-06,0.0
3459.0,763.9419815110481,0.0,297.9,0.015,2354.7880690737834,0.0,0.0,0.0,0.0,0.0,0.0,-0.2453755690468165,0.0021279635784531943,1e-06,0.0
3460.0,763.9419815110481,0.0,297.9,0.015,2354.7880690737834,0.0,0.0,0.0,0.0,0.0,0.0,-0.2453755690468165,0.0021279635784531943,1e-06,0.0
3461.0,763.9419815110481,0.0,297.9,0.015,2354.7880690737834,0.0,0.0,0.0,0.0,0.0,0.0,-0.2453755690468165,0.0021279635784531943,1e-06,0.0
3462.0,763.9419815110481,0.0,297.9,0.015,2354.7880690737834,0.0,0.0,0.0,0.0,0.0,0.0,-0.2453755690468165,0.0021279635784531943,1e-06,0.0
3463.0,763.9419815110481,0.0,297.9,0.015,2354.7880690737834,0.0,0.0,0.0,0.0,0.0,0.0,-0.2453755690468165,0.0021279635784531943,1e-06,0.0
3464.0,763.9419815110481,0.0,297.9,0.015,2354.7880690737834,0.0,0.0,0.0,0.0,0.0,0.0,-0.2453755690468165,0.0021279635784531943,1e-06,0.0
3465.0,763.9419815110481,0.0,297.9,0.015,2354.7880690737834,0.0,0.0,0.0,0.0,0.0,0.0,-0.2453755690468165,0.0021279635784531943,1e-06,0.0
3466.0,763.9419815110481,0.0,297.9,0.015,2354.7880690737834,0.0,0.0,0.0,0.0,0.0,0.0,-0.2453755690468165,0.0021279635784531943,1e-06,0.0
3467.0,763.9419815110481,0.0,297.9,0.015,2354.7880690737834,0.0,0.0,0.0,0.0,0.0,0.0,-0.2453755690468165,0.0021279635784531943,1e-06,0.0
3468.0,763.9419815110481,0.0,297.9,0.015,2354.7880690737834,0.0,0.0,0.0,0.0,0.0,0.0,-0.2453755690468165,0.0021279635784531943,1e-06,0.0
3469.0,763.9419815110481,0.0,297.9,0.015,2354.7880690737834,0.0,0.0,0.0,0.0,0.0,0.0,-0.2453755690468165,0.0021279635784531943,1e-06,0.0
3470.0,763.9419815110481,0.0,297.9,0.015,2354.7880690737834,0.0,0.0,0.0,0.0,0.0,0.0,-0.2453755690468165,0.0021279635784531943,1e-06,0.0
3471.0,763.9419815110481,0.0,297.9,0.015,2354.7880690737834,0.0,0.0,0.0,0.0,0.0,0.0,-0.2453755690468165,0.0021279635784531943,1e-06,0.0
3472.0,763.9419815110481,0.0,297.9,0.015,2354.7880690737834,0.0,0.0,0.0,0.0,0.0,0.0,-0.2453755690468165,0.0021279635784531943,1e-06,0.0
3473.0,763.9419815110481,0.0,297.9,0.015,2354.7880690737834,0.0,0.0,0.0,0.0,0.0,0.0,-0.2453755690468165,0.0021279635784531943,1e-06,0.0
3474.0,763.9419815110481,0.0,297.9,0.015,2354.7880690737834,0.0,0.0,0.0,0.0,0.0,0.0,-0.2453755690468165,0.0021279635784531943,1e-06,0.0
3475.0,763.9419815110481,0.0,297.9,0.015,2354.7880690737834,0.0,0.0,0.0,0.0,0.0,0.0,-0.2453755690468165,0.0021279635784531943,1e-06,0.0
3476.0,763.9419815110481,0.0,297.9,0.015,2354.7880690737834,0.0,0.0,0.0,0.0,0.0,0.0,-0.2453755690468165,0.0021279635784531943,1e-06,0.0
3477.0,763.9419815110481,0.0,297.9,0.015,2354.7880690737834,0.0,0.0,0.0,0.0,0.0,0.0,-0.2453755690468165,0.0021279635784531943,1e-06,0.0
3478.0,763.9419815110481,0.0,297.9,0.015,2354.7880690737834,0.0,0.0,0.0,0.0,0.0,0.0,-0.2453755690468165,0.0021279635784531943,1e-06,0.0
3479.0,763.9419815110481,0.0,297.9,0.015,2354.7880690737834,0.0,0.0,0.0,0.0,0.0,0.0,-0.2453755690468165,0.0021279635784531943,1e-06,0.0
3480.0,763.9419815110481,0.0,297.9,0.015,2354.7880690737834,0.0,0.0,0.0,0.0,0.0,0.0,-0.2453755690468165,0.0021279635784531943,1e-06,0.0
3481.0,763.9419815110481,0.0,297.9,0.015,2354.7880690737834,0.0,0.0,0.0,0.0,0.0,0.0,-0.2453755690468165,0.0021279635784531943,1e-06,0.0
3482.0,763.9419815110481,0.0,297.9,0.015,2354.7880690737834,0.0,0.0,0.0,0.0,0.0,0.0,-0.2453755690468165,0.0021279635784531943,1e-06,0.0
3483.0,763.9419815110481,0.0,297.9,0.015,2354.7880690737834,0.0,0.0,0.0,0.0,0.0,0.0,-0.2453755690468165,0.0021279635784531943,1e-06,0.0
3484.0,763.9419815110481,0.0,297.9,0.015,2354.7880690737834,0.0,0.0,0.0,0.0,0.0,0.0,-0.2453755690468165,0.0021279635784531943,1e-06,0.0
3485.0,763.9419815110481,0.0,297.9,0.015,2354.7880690737834,0.0,0.0,0.0,0.0,0.0,0.0,-0.2453755690468165,0.0021279635784531943,1e-06,0.0
3486.0,763.9419815110481,0.0,297.9,0.015,2354.7880690737834,0.0,0.0,0.0,0.0,0.0,0.0,-0.2453755690468165,0.0021279635784531943,1e-06,0.0
3487.0,763.9419815110481,0.0,297.9,0.015,2354.7880690737834,0.0,0.0,0.0,0.0,0.0,0.0,-0.2453755690468165,0.0021279635784531943,1e-06,0.0
3488.0,763.9419815110481,0.0,297.9,0.015,2354.7880690737834,0.0,0.0,0.0,0.0,0.0,0.0,-0.2453755690468165,0.0021279635784531943,1e-06,0.0
3489.0,763.9419815110481,0.0,297.9,0.015,2354.7880690737834,0.0,0.0,0.0,0.0,0.0,0.0,-0.2453755690468165,0.0021279635784531943,1e-06,0.0
3490.0,763.9419815110481,0.0,297.9,0.015,2354.7880690737834,0.0,0.0,0.0,0.0,0.0,0.0,-0.2453755690468165,0.0021279635784531943,1e-06,0.0
3491.0,763.9419815110481,0.0,297.9,0.015,2354.7880690737834,0.0,0.0,0.0,0.0,0.0,0.0,-0.2453755690468165,0.0021279635784531943,1e-06,0.0
3492.0,763.9419815110481,0.0,297.9,0.015,2354.7880690737834,0.0,0.0,0.0,0.0,0.0,0.0,-0.2453755690468165,0.0021279635784531943,1e-06,0.0
3493.0,763.9419815110481,0.0,297.9,0.015,2354.7880690737834,0.0,0.0,0.0,0.0,0.0,0.0,-0.2453755690468165,0.0021279635784531943,1e-06,0.0
3494.0,763.9419815110481,0.0,297.9,0.015,2354.7880690737834,0.0,0.0,0.0,0.0,0.0,0.0,-0.2453755690468165,0.0021279635784531943,1e-06,0.0
3495.0,763.9419815110481,0.0,297.9,0.015,2354.7880690737834,0.0,0.0,0.0,0.0,0.0,0.0,-0.2453755690468165,0.0021279635784531943,1e-06,0.0
3496.0,763.9419815110481,0.0,297.9,0.015,2354.7880690737834,0.0,0.0,0.0,0.0,0.0,0.0,-0.2453755690468165,0.0021279635784531943,1e-06,0.0
3497.0,763.9419815110481,0.0,297.9,0.015,2354.7880690737834,0.0,0.0,0.0,0.0,0.0,0.0,-0.2453755690468165,0.0021279635784531943,1e-06,0.0
3498.0,763.9419815110481,0.0,297.9,0.015,2354.7880690737834,0.0,0.0,0.0,0.0,0.0,0.0,-0.2453755690468165,0.0021279635784531943,1e-06,0.0
3499.0,763.9419815110481,0.0,297.9,0.015,2354.7880690737834,0.0,0.0,0.0,0.0,0.0,0.0,-0.2453755690468165,0.0021279635784531943,1e-06,0.0
3500.0,763.9419815110481,0.0,297.9,0.015,2354.7880690737834,0.0,0.0,0.0,0.0,0.0,0.0,-0.2453755690468165,0.0021279635784531943,1e-06,0.0
3501.0,763.9419815110481,0.0,297.9,0.015,2354.7880690737834,0.0,0.0,0.0,0.0,0.0,0.0,-0.2453755690468165,0.0021279635784531943,1e-06,0.0
3502.0,763.9419815110481,0.0,297.9,0.015,2354.7880690737834,0.0,0.0,0.0,0.0,0.0,0.0,-0.2453755690468165,0.0021279635784531943,1e-06,0.0
3503.0,763.9419815110481,0.0,297.9,0.015,2354.7880690737834,0.0,0.0,0.0,0.0,0.0,0.0,-0.2453755690468165,0.0021279635784531943,1e-06,0.0
3504.0,763.9419815110481,0.0,297.9,0.015,2354.7880690737834,0.0,0.0,0.0,0.0,0.0,0.0,-0.2453755690468165,0.0021279635784531943,1e-06,0.0
3505.0,763.9419815110481,0.0,297.9,0.015,2354.7880690737834,0.0,0.0,0.0,0.0,0.0,0.0,-0.2453755690468165,0.0021279635784531943,1e-06,0.0
3506.0,763.9419815110481,0.0,297.9,0.015,2354.7880690737834,0.0,0.0,0.0,0.0,0.0,0.0,-0.2453755690468165,0.0021279635784531943,1e-06,0.0
3507.0,763.9419815110481,0.0,297.9,0.015,2354.7880690737834,0.0,0.0,0.0,0.0,0.0,0.0,-0.2453755690468165,0.0021279635784531943,1e-06,0.0
3508.0,763.9419815110481,0.0,297.9,0.015,2354.7880690737834,0.0,0.0,0.0,0.0,0.0,0.0,-0.2453755690468165,0.0021279635784531943,1e-06,0.0
3509.0,763.9419815110481,0.0,297.9,0.015,2354.7880690737834,0.0,0.0,0.0,0.0,0.0,0.0,-0.2453755690468165,0.0021279635784531943,1e-06,0.0
3510.0,763.9419815110481,0.0,297.9,0.015,2354.7880690737834,0.0,0.0,0.0,0.0,0.0,0.0,-0.2453755690468165,0.0021279635784531943,1e-06,0.0
3511.0,763.9419815110481,0.0,297.9,0.015,2354.7880690737834,0.0,0.0,0.0,0.0,0.0,0.0,-0.2453755690468165,0.0021279635784531943,1e-06,0.0
3512.0,763.9419815110481,0.0,297.9,0.015,2354.7880690737834,0.0,0.0,0.0,0.0,0.0,0.0,-0.2453755690468165,0.0021279635784531943,1e-06,0.0
3513.0,763.9419815110481,0.0,297.9,0.015,2354.7880690737834,0.0,0.0,0.0,0.0,0.0,0.0,-0.2453755690468165,0.0021279635784531943,1e-06,0.0
3514.0,763.9419815110481,0.0,297.9,0.015,2354.7880690737834,0.0,0.0,0.0,0.0,0.0,0.0,-0.2453755690468165,0.0021279635784531943,1e-06,0.0
3515.0,763.9419815110481,0.0,297.9,0.015,2354.7880690737834,0.0,0.0,0.0,0.0,0.0,0.0,-0.2453755690468165,0.0021279635784531943,1e-06,0.0
3516.0,763.9419815110481,0.0,297.9,0.015,2354.7880690737834,0.0,0.0,0.0,0.0,0.0,0.0,-0.2453755690468165,0.0021279635784531943,1e-06,0.0
3517.0,763.9419815110481,0.0,297.9,0.015,2354.7880690737834,0.0,0.0,0.0,0.0,0.0,0.0,-0.2453755690468165,0.0021279635784531943,1e-06,0.0
3518.0,763.9419815110481,0.0,297.9,0.015,2354.7880690737834,0.0,0.0,0.0,0.0,0.0,0.0,-0.2453755690468165,0.0021279635784531943,1e-06,0.0
3519.0,763.9419815110481,0.0,297.9,0.015,2354.7880690737834,0.0,0.0,0.0,0.0,0.0,0.0,-0.2453755690468165,0.0021279635784531943,1e-06,0.0
3520.0,763.9419815110481,0.0,297.9,0.015,2354.7880690737834,0.0,0.0,0.0,0.0,0.0,0.0,-0.2453755690468165,0.0021279635784531943,1e-06,0.0
3521.0,763.9419815110481,0.0,297.9,0.015,2354.7880690737834,0.0,0.0,0.0,0.0,0.0,0.0,-0.2453755690468165,0.0021279635784531943,1e-06,0.0
3522.0,763.9419815110481,0.0,297.9,0.015,2354.7880690737834,0.0,0.0,0.0,0.0,0.0,0.0,-0.2453755690468165,0.0021279635784531943,1e-06,0.0
3523.0,763.9419815110481,0.0,297.9,0.015,2354.7880690737834,0.0,0.0,0.0,0.0,0.0,0.0,-0.2453755690468165,0.0021279635784531943,1e-06,0.0
3524.0,763.9419815110481,0.0,297.9,0.015,2354.7880690737834,0.0,0.0,0.0,0.0,0.0,0.0,-0.2453755690468165,0.0021279635784531943,1e-06,0.0
3525.0,763.9419815110481,0.0,297.9,0.015,2354.7880690737834,0.0,0.0,0.0,0.0,0.0,0.0,-0.2453755690468165,0.0021279635784531943,1e-06,0.0
3526.0,763.9419815110481,0.0,297.9,0.015,2354.7880690737834,0.0,0.0,0.0,0.0,0.0,0.0,-0.2453755690468165,0.0021279635784531943,1e-06,0.0
3527.0,763.9419815110481,0.0,297.9,0.015,2354.7880690737834,0.0,0.0,0.0,0.0,0.0,0.0,-0.2453755690468165,0.0021279635784531943,1e-06,0.0
3528.0,763.9419815110481,0.0,297.9,0.015,2354.7880690737834,0.0,0.0,0.0,0.0,0.0,0.0,-0.2453755690468165,0.0021279635784531943,1e-06,0.0
3529.0,763.9419815110481,0.0,297.9,0.015,2354.7880690737834,0.0,0.0,0.0,0.0,0.0,0.0,-0.2453755690468165,0.0021279635784531943,1e-06,0.0
3530.0,763.9419815110481,0.0,297.9,0.015,2354.7880690737834,0.0,0.0,0.0,0.0,0.0,0.0,-0.2453755690468165,0.0021279635784531943,1e-06,0.0
3531.0,763.9419815110481,0.0,297.9,0.015,2354.7880690737834,0.0,0.0,0.0,0.0,0.0,0.0,-0.2453755690468165,0.0021279635784531943,1e-06,0.0
3532.0,763.9419815110481,0.0,297.9,0.015,2354.7880690737834,0.0,0.0,0.0,0.0,0.0,0.0,-0.2453755690468165,0.0021279635784531943,1e-06,0.0
3533.0,763.9419815110481,0.0,297.9,0.015,2354.7880690737834,0.0,0.0,0.0,0.0,0.0,0.0,-0.2453755690468165,0.0021279635784531943,1e-06,0.0
3534.0,763.9419815110481,0.0,297.9,0.015,2354.7880690737834,0.0,0.0,0.0,0.0,0.0,0.0,-0.2453755690468165,0.0021279635784531943,1e-06,0.0
3535.0,763.9419815110481,0.0,297.9,0.015,2354.7880690737834,0.0,0.0,0.0,0.0,0.0,0.0,-0.2453755690468165,0.0021279635784531943,1e-06,0.0
3536.0,763.9419815110481,0.0,297.9,0.015,2354.7880690737834,0.0,0.0,0.0,0.0,0.0,0.0,-0.2453755690468165,0.0021279635784531943,1e-06,0.0
3537.0,763.9419815110481,0.0,297.9,0.015,2354.7880690737834,0.0,0.0,0.0,0.0,0.0,0.0,-0.2453755690468165,0.0021279635784531943,1e-06,0.0
3538.0,763.9419815110481,0.0,297.9,0.015,2354.7880690737834,0.0,0.0,0.0,0.0,0.0,0.0,-0.2453755690468165,0.0021279635784531943,1e-06,0.0
3539.0,763.9419815110481,0.0,297.9,0.015,2354.7880690737834,0.0,0.0,0.0,0.0,0.0,0.0,-0.2453755690468165,0.0021279635784531943,1e-06,0.0
3540.0,763.9419815110481,0.0,297.9,0.015,2354.7880690737834,0.0,0.0,0.0,0.0,0.0,0.0,-0.2453755690468165,0.0021279635784531943,1e-06,0.0
3541.0,763.9419815110481,0.0,297.9,0.015,2354.7880690737834,0.0,0.0,0.0,0.0,0.0,0.0,-0.2453755690468165,0.0021279635784531943,1e-06,0.0
3542.0,763.9419815110481,0.0,297.9,0.015,2354.7880690737834,0.0,0.0,0.0,0.0,0.0,0.0,-0.2453755690468165,0.0021279635784531943,1e-06,0.0
3543.0,763.9419815110481,0.0,297.9,0.015,2354.7880690737834,0.0,0.0,0.0,0.0,0.0,0.0,-0.2453755690468165,0.0021279635784531943,1e-06,0.0
3544.0,763.9419815110481,0.0,297.9,0.015,2354.7880690737834,0.0,0.0,0.0,0.0,0.0,0.0,-0.2453755690468165,0.0021279635784531943,1e-06,0.0
3545.0,763.9419815110481,0.0,297.9,0.015,2354.7880690737834,0.0,0.0,0.0,0.0,0.0,0.0,-0.2453755690468165,0.0021279635784531943,1e-06,0.0
3546.0,763.9419815110481,0.0,297.9,0.015,2354.7880690737834,0.0,0.0,0.0,0.0,0.0,0.0,-0.2453755690468165,0.0021279635784531943,1e-06,0.0
3547.0,763.9419815110481,0.0,297.9,0.015,2354.7880690737834,0.0,0.0,0.0,0.0,0.0,0.0,-0.2453755690468165,0.0021279635784531943,1e-06,0.0
3548.0,763.9419815110481,0.0,297.9,0.015,2354.7880690737834,0.0,0.0,0.0,0.0,0.0,0.0,-0.2453755690468165,0.0021279635784531943,1e-06,0.0
3549.0,763.9419815110481,0.0,297.9,0.015,2354.7880690737834,0.0,0.0,0.0,0.0,0.0,0.0,-0.2453755690468165,0.0021279635784531943,1e-06,0.0
3550.0,763.9419815110481,0.0,297.9,0.015,2354.7880690737834,0.0,0.0,0.0,0.0,0.0,0.0,-0.2453755690468165,0.0021279635784531943,1e-06,0.0
3551.0,763.9419815110481,0.0,297.9,0.015,2354.7880690737834,0.0,0.0,0.0,0.0,0.0,0.0,-0.2453755690468165,0.0021279635784531943,1e-06,0.0
3552.0,763.9419815110481,0.0,297.9,0.015,2354.7880690737834,0.0,0.0,0.0,0.0,0.0,0.0,-0.2453755690468165,0.0021279635784531943,1e-06,0.0
3553.0,763.9419815110481,0.0,297.9,0.015,2354.7880690737834,0.0,0.0,0.0,0.0,0.0,0.0,-0.2453755690468165,0.0021279635784531943,1e-06,0.0
3554.0,763.9419815110481,0.0,297.9,0.015,2354.7880690737834,0.0,0.0,0.0,0.0,0.0,0.0,-0.2453755690468165,0.0021279635784531943,1e-06,0.0
3555.0,763.9419815110481,0.0,297.9,0.015,2354.7880690737834,0.0,0.0,0.0,0.0,0.0,0.0,-0.2453755690468165,0.0021279635784531943,1e-06,0.0
3556.0,763.9419815110481,0.0,297.9,0.015,2354.7880690737834,0.0,0.0,0.0,0.0,0.0,0.0,-0.2453755690468165,0.0021279635784531943,1e-06,0.0
3557.0,763.9419815110481,0.0,297.9,0.015,2354.7880690737834,0.0,0.0,0.0,0.0,0.0,0.0,-0.2453755690468165,0.0021279635784531943,1e-06,0.0
3558.0,763.9419815110481,0.0,297.9,0.015,2354.7880690737834,0.0,0.0,0.0,0.0,0.0,0.0,-0.2453755690468165,0.0021279635784531943,1e-06,0.0
3559.0,763.9419815110481,0.0,297.9,0.015,2354.7880690737834,0.0,0.0,0.0,0.0,0.0,0.0,-0.2453755690468165,0.0021279635784531943,1e-06,0.0
3560.0,763.9419815110481,0.0,297.9,0.015,2354.7880690737834,0.0,0.0,0.0,0.0,0.0,0.0,-0.2453755690468165,0.0021279635784531943,1e-06,0.0
3561.0,763.9419815110481,0.0,297.9,0.015,2354.7880690737834,0.0,0.0,0.0,0.0,0.0,0.0,-0.2453755690468165,0.0021279635784531943,1e-06,0.0
3562.0,763.9419815110481,0.0,297.9,0.015,2354.7880690737834,0.0,0.0,0.0,0.0,0.0,0.0,-0.2453755690468165,0.0021279635784531943,1e-06,0.0
3563.0,763.9419815110481,0.0,297.9,0.015,2354.7880690737834,0.0,0.0,0.0,0.0,0.0,0.0,-0.2453755690468165,0.0021279635784531943,1e-06,0.0
3564.0,763.9419815110481,0.0,297.9,0.015,2354.7880690737834,0.0,0.0,0.0,0.0,0.0,0.0,-0.2453755690468165,0.0021279635784531943,1e-06,0.0
3565.0,763.9419815110481,0.0,297.9,0.015,2354.7880690737834,0.0,0.0,0.0,0.0,0.0,0.0,-0.2453755690468165,0.0021279635784531943,1e-06,0.0
3566.0,763.9419815110481,0.0,297.9,0.015,2354.7880690737834,0.0,0.0,0.0,0.0,0.0,0.0,-0.2453755690468165,0.0021279635784531943,1e-06,0.0
3567.0,763.9419815110481,0.0,297.9,0.015,2354.7880690737834,0.0,0.0,0.0,0.0,0.0,0.0,-0.2453755690468165,0.0021279635784531943,1e-06,0.0
3568.0,763.9419815110481,0.0,297.9,0.015,2354.7880690737834,0.0,0.0,0.0,0.0,0.0,0.0,-0.2453755690468165,0.0021279635784531943,1e-06,0.0
3569.0,763.9419815110481,0.0,297.9,0.015,2354.7880690737834,0.0,0.0,0.0,0.0,0.0,0.0,-0.2453755690468165,0.0021279635784531943,1e-06,0.0
3570.0,763.9419815110481,0.0,297.9,0.015,2354.7880690737834,0.0,0.0,0.0,0.0,0.0,0.0,-0.2453755690468165,0.0021279635784531943,1e-06,0.0
3571.0,763.9419815110481,0.0,297.9,0.015,2354.7880690737834,0.0,0.0,0.0,0.0,0.0,0.0,-0.2453755690468165,0.0021279635784531943,1e-06,0.0
3572.0,763.9419815110481,0.0,297.9,0.015,2354.7880690737834,0.0,0.0,0.0,0.0,0.0,0.0,-0.2453755690468165,0.0021279635784531943,1e-06,0.0
3573.0,763.9419815110481,0.0,297.9,0.015,2354.7880690737834,0.0,0.0,0.0,0.0,0.0,0.0,-0.2453755690468165,0.0021279635784531943,1e-06,0.0
3574.0,763.9419815110481,0.0,297.9,0.015,2354.7880690737834,0.0,0.0,0.0,0.0,0.0,0.0,-0.2453755690468165,0.0021279635784531943,1e-06,0.0
3575.0,763.9419815110481,0.0,297.9,0.015,2354.7880690737834,0.0,0.0,0.0,0.0,0.0,0.0,-0.2453755690468165,0.0021279635784531943,1e-06,0.0
3576.0,763.9419815110481,0.0,297.9,0.015,2354.7880690737834,0.0,0.0,0.0,0.0,0.0,0.0,-0.2453755690468165,0.0021279635784531943,1e-06,0.0
3577.0,763.9419815110481,0.0,297.9,0.015,2354.7880690737834,0.0,0.0,0.0,0.0,0.0,0.0,-0.2453755690468165,0.0021279635784531943,1e-06,0.0
3578.0,763.9419815110481,0.0,297.9,0.015,2354.7880690737834,0.0,0.0,0.0,0.0,0.0,0.0,-0.2453755690468165,0.0021279635784531943,1e-06,0.0
3579.0,763.9419815110481,0.0,297.9,0.015,2354.7880690737834,0.0,0.0,0.0,0.0,0.0,0.0,-0.2453755690468165,0.0021279635784531943,1e-06,0.0
3580.0,763.9419815110481,0.0,297.9,0.015,2354.7880690737834,0.0,0.0,0.0,0.0,0.0,0.0,-0.2453755690468165,0.0021279635784531943,1e-06,0.0
3581.0,763.9419815110481,0.0,297.9,0.015,2354.7880690737834,0.0,0.0,0.0,0.0,0.0,0.0,-0.2453755690468165,0.0021279635784531943,1e-06,0.0
3582.0,763.9419815110481,0.0,297.9,0.015,2354.7880690737834,0.0,0.0,0.0,0.0,0.0,0.0,-0.2453755690468165,0.0021279635784531943,1e-06,0.0
3583.0,763.9419815110481,0.0,297.9,0.015,2354.7880690737834,0.0,0.0,0.0,0.0,0.0,0.0,-0.2453755690468165,0.0021279635784531943,1e-06,0.0
3584.0,763.9419815110481,0.0,297.9,0.015,2354.7880690737834,0.0,0.0,0.0,0.0,0.0,0.0,-0.2453755690468165,0.0021279635784531943,1e-06,0.0
3585.0,763.9419815110481,0.0,297.9,0.015,2354.7880690737834,0.0,0.0,0.0,0.0,0.0,0.0,-0.2453755690468165,0.0021279635784531943,1e-06,0.0
3586.0,763.9419815110481,0.0,297.9,0.015,2354.7880690737834,0.0,0.0,0.0,0.0,0.0,0.0,-0.2453755690468165,0.0021279635784531943,1e-06,0.0
3587.0,763.9419815110481,0.0,297.9,0.015,2354.7880690737834,0.0,0.0,0.0,0.0,0.0,0.0,-0.2453755690468165,0.0021279635784531943,1e-06,0.0
3588.0,763.9419815110481,0.0,297.9,0.015,2354.7880690737834,0.0,0.0,0.0,0.0,0.0,0.0,-0.2453755690468165,0.0021279635784531943,1e-06,0.0
3589.0,763.9419815110481,0.0,297.9,0.015,2354.7880690737834,0.0,0.0,0.0,0.0,0.0,0.0,-0.2453755690468165,0.0021279635784531943,1e-06,0.0
3590.0,763.9419815110481,0.0,297.9,0.015,2354.7880690737834,0.0,0.0,0.0,0.0,0.0,0.0,-0.2453755690468165,0.0021279635784531943,1e-06,0.0
3591.0,763.9419815110481,0.0,297.9,0.015,2354.7880690737834,0.0,0.0,0.0,0.0,0.0,0.0,-0.2453755690468165,0.0021279635784531943,1e-06,0.0
3592.0,763.9419815110481,0.0,297.9,0.015,2354.7880690737834,0.0,0.0,0.0,0.0,0.0,0.0,-0.2453755690468165,0.0021279635784531943,1e-06,0.0
3593.0,763.9419815110481,0.0,297.9,0.015,2354.7880690737834,0.0,0.0,0.0,0.0,0.0,0.0,-0.2453755690468165,0.0021279635784531943,1e-06,0.0
3594.0,763.9419815110481,0.0,297.9,0.015,2354.7880690737834,0.0,0.0,0.0,0.0,0.0,0.0,-0.2453755690468165,0.0021279635784531943,1e-06,0.0
3595.0,763.9419815110481,0.0,297.9,0.015,2354.7880690737834,0.0,0.0,0.0,0.0,0.0,0.0,-0.2453755690468165,0.0021279635784531943,1e-06,0.0
3596.0,763.9419815110481,0.0,297.9,0.015,2354.7880690737834,0.0,0.0,0.0,0.0,0.0,0.0,-0.2453755690468165,0.0021279635784531943,1e-06,0.0
3597.0,763.9419815110481,0.0,297.9,0.015,2354.7880690737834,0.0,0.0,0.0,0.0,0.0,0.0,-0.2453755690468165,0.0021279635784531943,1e-06,0.0
3598.0,763.9419815110481,0.0,297.9,0.015,2354.7880690737834,0.0,0.0,0.0,0.0,0.0,0.0,-0.2453755690468165,0.0021279635784531943,1e-06,0.0
3599.0,763.9419815110481,0.0,297.9,0.015,2354.7880690737834,0.0,0.0,0.0,0.0,0.0,0.0,-0.2453755690468165,0.0021279635784531943,1e-06,0.0
3600.0,763.9419815110481,0.0,297.9,0.015,2354.7880690737834,0.0,0.0,0.0,0.0,0.0,0.0,-0.2453755690468165,0.0021279635784531943,1e-06,0.0
