t_s,T_K,e_Pa,Sw,Si,Ncloud,Nice,r_cloud_m,r_ice_m,drcloud_dt,drice_dt,qcloud,qice,cond_rate_kgm3s,dep_rate_kgm3s,latent_heating_Ks,dT_dt_Ks,ice_active
0.0,273.15,580.6187428153029,-0.05000000000000009,-0.049927860781880086,0.0,0.0,1e-06,1e-06,0.0,0.0,0.0,0.0,0.0,0.0,0.0,-0.01,0
1.0,273.14,580.5974856306058,-0.049345142164729176,-0.04917993010389734,0.0,0.0,1e-06,1e-06,0.0,0.0,0.0,0.0,0.0,0.0,0.0,-0.01,0
2.0,273.13,580.5762284459087,-0.048689777487340415,-0.048431353949128196,0.0,0.0,1e-06,1e-06,0.0,0.0,0.0,0.0,0.0,0.0,0.0,-0.01,0
3.0,273.12,580.5549712612116,-0.0480339055351244,-0.047682131714072935,0.0,0.0,1e-06,1e-06,0.0,0.0,0.0,0.0,0.0,0.0,0.0,-0.01,0
4.0,273.11,580.5337140765145,-0.04737752587496924,-0.04693226279461947,0.0,0.0,1e-06,1e-06,0.0,0.0,0.0,0.0,0.0,0.0,0.0,-0.01,0
5.0,273.1,580.5124568918174,-0.04672063807336036,-0.04618174658605309,0.0,0.0,1e-06,1e-06,0.0,0.0,0.0,0.0,0.0,0.0,0.0,-0.01,0
6.0,273.09000000000003,580.4911997071202,-0.04606324169637945,-0.04543058248304671,0.0,0.0,1e-06,1e-06,0.0,0.0,0.0,0.0,0.0,0.0,0.0,-0.01,0
7.0,273.08000000000004,580.4699425224231,-0.0454053363097055,-0.044678769879672044,0.0,0.0,1e-06,1e-06,0.0,0.0,0.0,0.0,0.0,0.0,0.0,-0.01,0
8.0,273.07000000000005,580.448685337726,-0.04474692147861247,-0.04392630816938396,0.0,0.0,1e-06,1e-06,0.0,0.0,0.0,0.0,0.0,0.0,0.0,-0.01,0
9.0,273.06000000000006,580.4274281530289,-0.04408799676797039,-0.043173196745034,0.0,0.0,1e-06,1e-06,0.0,0.0,0.0,0.0,0.0,0.0,0.0,-0.01,0
10.0,273.05000000000007,580.4061709683318,-0.04342856174224442,-0.04241943499886542,0.0,0.0,1e-06,1e-06,0.0,0.0,0.0,0.0,0.0,0.0,0.0,-0.01,0
11.0,273.0400000000001,580.3849137836347,-0.04276861596549415,-0.04166502232250224,0.0,0.0,1e-06,1e-06,0.0,0.0,0.0,0.0,0.0,0.0,0.0,-0.01,0
12.0,273.0300000000001,580.3636565989376,-0.04210815900137394,-0.040909958106968444,0.0,0.0,1e-06,1e-06,0.0,0.0,0.0,0.0,0.0,0.0,0.0,-0.01,0
13.0,273.0200000000001,580.3423994142405,-0.041447190413131836,-0.04015424174267002,0.0,0.0,1e-06,1e-06,0.0,0.0,0.0,0.0,0.0,0.0,0.0,-0.01,0
14.0,273.0100000000001,580.3211422295434,-0.04078570976360901,-0.039397872619394946,0.0,0.0,1e-06,1e-06,0.0,0.0,0.0,0.0,0.0,0.0,0.0,-0.01,0
15.0,273.0000000000001,580.2998850448463,-0.040123716615240515,-0.03864085012632558,0.0,0.0,1e-06,1e-06,0.0,0.0,0.0,0.0,0.0,0.0,0.0,-0.01,0
16.0,272.9900000000001,580.2786278601492,-0.03946121053005343,-0.037883173652034814,0.0,0.0,1e-06,1e-06,0.0,0.0,0.0,0.0,0.0,0.0,0.0,-0.01,0
17.0,272.98000000000013,580.2573706754521,-0.038798191069667594,-0.03712484258447153,0.0,0.0,1e-06,1e-06,0.0,0.0,0.0,0.0,0.0,0.0,0.0,-0.01,0
18.0,272.97000000000014,580.236113490755,-0.038134657795294145,-0.036365856310977634,0.0,0.0,1e-06,1e-06,0.0,0.0,0.0,0.0,0.0,0.0,0.0,-0.01,0
19.0,272.96000000000015,580.2148563060579,-0.03747061026773643,-0.0356062142182661,0.0,0.0,1e-06,1e-06,0.0,0.0,0.0,0.0,0.0,0.0,0.0,-0.01,0
20.0,272.95000000000016,580.1935991213608,-0.03680604804738837,-0.034845915692447486,0.0,0.0,1e-06,1e-06,0.0,0.0,0.0,0.0,0.0,0.0,0.0,-0.01,0
21.0,272.94000000000017,580.1723419366637,-0.03614097069423461,-0.03408496011901254,0.0,0.0,1e-06,1e-06,0.0,0.0,0.0,0.0,0.0,0.0,0.0,-0.01,0
22.0,272.9300000000002,580.1510847519666,-0.03547537776784999,-0.03332334688282555,0.0,0.0,1e-06,1e-06,0.0,0.0,0.0,0.0,0.0,0.0,0.0,-0.01,0
23.0,272.9200000000002,580.1298275672694,-0.03480926882739916,-0.03256107536814083,0.0,0.0,1e-06,1e-06,0.0,0.0,0.0,0.0,0.0,0.0,0.0,-0.01,0
24.0,272.9100000000002,580.1085703825723,-0.03414264343163641,-0.03179814495859027,0.0,0.0,1e-06,1e-06,0.0,0.0,0.0,0.0,0.0,0.0,0.0,-0.01,0
25.0,272.9000000000002,580.0873131978752,-0.03347550113890472,-0.031034555037194187,0.0,0.0,1e-06,1e-06,0.0,0.0,0.0,0.0,0.0,0.0,0.0,-0.01,0
26.0,272.8900000000002,580.0660560131781,-0.03280784150713597,-0.030270304986332822,0.0,0.0,1e-06,1e-06,0.0,0.0,0.0,0.0,0.0,0.0,0.0,-0.01,0
27.0,272.8800000000002,580.044798828481,-0.03213966409384964,-0.029505394187786808,0.0,0.0,1e-06,1e-06,0.0,0.0,0.0,0.0,0.0,0.0,0.0,-0.01,0
28.0,272.87000000000023,580.0235416437839,-0.03147096845615372,-0.028739822022708878,0.0,0.0,1e-06,1e-06,0.0,0.0,0.0,0.0,0.0,0.0,0.0,-0.01,0
29.0,272.86000000000024,580.0022844590868,-0.03080175415074303,-0.027973587871616596,0.0,0.0,1e-06,1e-06,0.0,0.0,0.0,0.0,0.0,0.0,0.0,-0.01,0
30.0,272.85000000000025,579.9810272743897,-0.030132020733899624,-0.027206691114419347,0.0,0.0,1e-06,1e-06,0.0,0.0,0.0,0.0,0.0,0.0,0.0,-0.01,0
31.0,272.84000000000026,579.9597700896926,-0.02946176776149147,-0.026439131130399886,0.0,0.0,1e-06,1e-06,0.0,0.0,0.0,0.0,0.0,0.0,0.0,-0.01,0
32.0,272.83000000000027,579.9385129049955,-0.02879099478897355,-0.025670907298207434,0.0,0.0,1e-06,1e-06,0.0,0.0,0.0,0.0,0.0,0.0,0.0,-0.01,0
33.0,272.8200000000003,579.9172557202984,-0.02811970137138565,-0.024902018995877188,0.0,0.0,1e-06,1e-06,0.0,0.0,0.0,0.0,0.0,0.0,0.0,-0.01,0
34.0,272.8100000000003,579.8959985356013,-0.027447887063353264,-0.02413246560081586,0.0,0.0,1e-06,1e-06,0.0,0.0,0.0,0.0,0.0,0.0,0.0,-0.01,0
35.0,272.8000000000003,579.8747413509042,-0.026775551419087055,-0.023362246489801668,0.0,0.0,1e-06,1e-06,0.0,0.0,0.0,0.0,0.0,0.0,0.0,-0.01,0
36.0,272.7900000000003,579.8534841662071,-0.02610269399238117,-0.02259136103898637,0.0,0.0,1e-06,1e-06,0.0,0.0,0.0,0.0,0.0,0.0,0.0,-0.01,0
37.0,272.7800000000003,579.83222698151,-0.025429314336614522,-0.021819808623891365,0.0,0.0,1e-06,1e-06,0.0,0.0,0.0,0.0,0.0,0.0,0.0,-0.01,0
38.0,272.7700000000003,579.8109697968129,-0.024755412004749507,-0.021047588619414054,0.0,0.0,1e-06,1e-06,0.0,0.0,0.0,0.0,0.0,0.0,0.0,-0.01,0
39.0,272.76000000000033,579.7897126121157,-0.024080986549331423,-0.02027470039982357,0.0,0.0,1e-06,1e-06,0.0,0.0,0.0,0.0,0.0,0.0,0.0,-0.01,0
40.0,272.75000000000034,579.7684554274186,-0.023406037522488668,-0.01950114333874985,0.0,0.0,1e-06,1e-06,0.0,0.0,0.0,0.0,0.0,0.0,0.0,-0.01,0
41.0,272.74000000000035,579.7471982427215,-0.02273056447593141,-0.018726916809200002,0.0,0.0,1e-06,1e-06,0.0,0.0,0.0,0.0,0.0,0.0,0.0,-0.01,0
42.0,272.73000000000036,579.7259410580244,-0.022054566960952725,-0.017952020183558202,0.0,0.0,1e-06,1e-06,0.0,0.0,0.0,0.0,0.0,0.0,0.0,-0.01,0
43.0,272.72000000000037,579.7046838733273,-0.021378044528425944,-0.017176452833556576,0.0,0.0,1e-06,1e-06,0.0,0.0,0.0,0.0,0.0,0.0,0.0,-0.01,0
44.0,272.7100000000004,579.6834266886302,-0.020700996728806376,-0.016400214130309607,0.0,0.0,1e-06,1e-06,0.0,0.0,0.0,0.0,0.0,0.0,0.0,-0.01,0
45.0,272.7000000000004,579.6621695039331,-0.02002342311212957,-0.01562330344429619,0.0,0.0,1e-06,1e-06,0.0,0.0,0.0,0.0,0.0,0.0,0.0,-0.01,0
46.0,272.6900000000004,579.640912319236,-0.019345323228011732,-0.014845720145358501,0.0,0.0,1e-06,1e-06,0.0,0.0,0.0,0.0,0.0,0.0,0.0,-0.01,0
47.0,272.6800000000004,579.6196551345389,-0.018666696625648165,-0.014067463602705598,0.0,0.0,1e-06,1e-06,0.0,0.0,0.0,0.0,0.0,0.0,0.0,-0.01,0
48.0,272.6700000000004,579.5983979498418,-0.017987542853813883,-0.013288533184908108,0.0,0.0,1e-06,1e-06,0.0,0.0,0.0,0.0,0.0,0.0,0.0,-0.01,0
49.0,272.6600000000004,579.5771407651447,-0.017307861460863383,-0.012508928259905475,0.0,0.0,1e-06,1e-06,0.0,0.0,0.0,0.0,0.0,0.0,0.0,-0.01,0
50.0,272.65000000000043,579.5558835804476,-0.016627651994728758,-0.011728648195004295,0.0,0.0,1e-06,1e-06,0.0,0.0,0.0,0.0,0.0,0.0,0.0,-0.01,0
51.0,272.64000000000044,579.5346263957505,-0.015946914002920847,-0.010947692356863964,0.0,0.0,1e-06,1e-06,0.0,0.0,0.0,0.0,0.0,0.0,0.0,-0.01,0
52.0,272.63000000000045,579.5133692110534,-0.015265647032528067,-0.010166060111504496,0.0,0.0,1e-06,1e-06,0.0,0.0,0.0,0.0,0.0,0.0,0.0,-0.01,0
53.0,272.62000000000046,579.4921120263563,-0.014583850630215866,-0.009383750824321732,0.0,0.0,1e-06,1e-06,0.0,0.0,0.0,0.0,0.0,0.0,0.0,-0.01,0
54.0,272.61000000000047,579.4708548416592,-0.013901524342226704,-0.008600763860063372,0.0,0.0,1e-06,1e-06,0.0,0.0,0.0,0.0,0.0,0.0,0.0,-0.01,0
55.0,272.6000000000005,579.449597656962,-0.013218667714379484,-0.007817098582833745,0.0,0.0,1e-06,1e-06,0.0,0.0,0.0,0.0,0.0,0.0,0.0,-0.01,0
56.0,272.5900000000005,579.428340472265,-0.012535280292069172,-0.007032754356097862,0.0,0.0,1e-06,1e-06,0.0,0.0,0.0,0.0,0.0,0.0,0.0,-0.01,0
57.0,272.5800000000005,579.4070832875678,-0.011851361620265835,-0.006247730542687257,0.0,0.0,1e-06,1e-06,0.0,0.0,0.0,0.0,0.0,0.0,0.0,-0.01,0
58.0,272.5700000000005,579.3858261028707,-0.01116691124351502,-0.00546202650478124,0.0,0.0,1e-06,1e-06,0.0,0.0,0.0,0.0,0.0,0.0,0.0,-0.01,0
59.0,272.5600000000005,579.3645689181736,-0.010481928705937183,-0.004675641603921608,0.0,0.0,1e-06,1e-06,0.0,0.0,0.0,0.0,0.0,0.0,0.0,-0.01,0
60.0,272.5500000000005,579.3433117334765,-0.009796413551226534,-0.00388857520100725,0.0,0.0,1e-06,1e-06,0.0,0.0,0.0,0.0,0.0,0.0,0.0,-0.01,0
61.0,272.54000000000053,579.3220545487794,-0.009110365322651413,-0.0031008266562891,0.0,0.0,1e-06,1e-06,0.0,0.0,0.0,0.0,0.0,0.0,0.0,-0.01,0
62.0,272.53000000000054,579.3007973640823,-0.008423783563053535,-0.0023123953293781342,0.0,0.0,1e-06,1e-06,0.0,0.0,0.0,0.0,0.0,0.0,0.0,-0.01,0
63.0,272.52000000000055,579.2795401793852,-0.007736667814847583,-0.0015232805792342735,0.0,0.0,1e-06,1e-06,0.0,0.0,0.0,0.0,0.0,0.0,0.0,-0.01,0
64.0,272.51000000000056,579.2582829946881,-0.007049017620020643,-0.0007334817641761579,0.0,0.0,1e-06,1e-06,0.0,0.0,0.0,0.0,0.0,0.0,0.0,-0.01,0
65.0,272.50000000000057,579.237025809991,-0.00636083252013239,5.700175812782515e-05,0.0,0.0,1e-06,1e-06,0.0,0.0,0.0,0.0,0.0,0.0,0.0,-0.01,0
66.0,272.4900000000006,579.2157686252939,-0.005672112056313736,0.0008481706306554189,0.0,0.0,1e-06,1e-06,0.0,0.0,0.0,0.0,0.0,0.0,0.0,-0.01,0
67.0,272.4800000000006,579.1945114405968,-0.004982855769266824,0.0016400254970355868,0.0,0.0,1e-06,1e-06,0.0,0.0,0.0,0.0,0.0,0.0,0.0,-0.01,0
68.0,272.4700000000006,579.1732542558997,-0.004293063199264838,0.002432567001538062,0.0,0.0,1e-06,1e-06,0.0,0.0,0.0,0.0,0.0,0.0,0.0,-0.01,0
69.0,272.4600000000006,579.1519970712026,-0.003602733886151417,0.0032257957890922256,0.0,0.0,1e-06,1e-06,0.0,0.0,0.0,0.0,0.0,0.0,0.0,-0.01,0
70.0,272.4500000000006,579.1307398865055,-0.0029118673693396815,0.004019712505273318,0.0,0.0,1e-06,1e-06,0.0,0.0,0.0,0.0,0.0,0.0,0.0,-0.01,0
71.0,272.4400000000006,579.1094827018084,-0.002220463187813015,0.004814317796303171,0.0,0.0,1e-06,1e-06,0.0,0.0,0.0,0.0,0.0,0.0,0.0,-0.01,0
72.0,272.43000000000063,579.0882255171113,-0.0015285208801231096,0.005609612309064843,0.0,0.0,1e-06,1e-06,0.0,0.0,0.0,0.0,0.0,0.0,0.0,-0.01,0
73.0,272.42000000000064,579.0669683324141,-0.0008360399843909455,0.006405596691097503,0.0,0.0,1e-06,1e-06,0.0,0.0,0.0,0.0,0.0,0.0,0.0,-0.01,0
74.0,272.41000000000065,579.045711147717,-0.00014302003830541962,0.007202271590569949,0.0,0.0,1e-06,1e-06,0.0,0.0,0.0,0.0,0.0,0.0,0.0,-0.01,0
75.0,272.40000000000066,578.9998355869748,0.0005505394208766528,0.00799963765633326,500003000.0,0.0,1.030630575307381e-06,1e-06,3.063057530738098e-08,0.0,2.2928217163453636e-06,0.0,2.0442955001980969e-07,0.0,0.0005085312189547504,-0.00949146878104525,0
76.0,272.3905085312196,578.9217124744321,0.0011648911908278953,0.00871232259471586,500003000.0,0.0,1.0934868909896946e-06,1e-06,6.285631568231348e-08,0.0,2.7384320074685825e-06,0.0,4.7223541906444e-07,0.0,0.0011747149727971144,-0.008825285027202886,0
77.0,272.3816832461924,578.8109523323653,0.0016751372641588187,0.009313647067799927,500003000.0,0.0,1.1786432824534126e-06,1e-06,8.515639146371807e-08,0.0,3.4293228669731914e-06,0.0,7.433006191005681e-07,0.0,0.0018490065151755425,-0.008150993484824457,0
78.0,272.37353225270755,578.6687853635756,0.0020798172412023804,0.009802020064804358,500003000.0,0.0,1.2766941064828291e-06,1e-06,9.805082402941657e-08,0.0,4.358346753998242e-06,0.0,1.0041704315830365e-06,0.0,0.0024979363969727278,-0.007502063603027272,0
79.0,272.36603018910455,578.4980952834477,0.0023827483062661796,0.010181504036855804,500003000.0,0.0,1.3803613278441905e-06,1e-06,1.0366722136136141e-07,0.0,5.508578848848728e-06,0.0,1.241107784007493e-06,0.0,0.0030873327960385397,-0.0069126672039614605,0
80.0,272.3591175219006,578.3028962779009,0.0025931465155060725,0.010461946516578089,500003000.0,0.0,1.4846743443316192e-06,1e-06,1.0431301648742872e-07,0.0,6.85416935516916e-06,0.0,1.4447190059216592e-06,0.0,0.0035938283729394505,-0.00640617162706055,0
81.0,272.3527113502735,578.0877236729921,0.00272393448607243,0.01065716898234127,500003000.0,0.0,1.5865181082002822e-06,1e-06,1.0184376386866301e-07,0.0,8.36365903908381e-06,0.0,1.6106715300351258e-06,0.0,0.004006645597102303,-0.005993354402897697,0
82.0,272.3467179958706,577.8571166342902,0.0027897613798644662,0.010782846600964636,500003000.0,0.0,1.6840989270870258e-06,1e-06,9.758081888674347e-08,0.0,1.0003777342401525e-05,0.0,1.738930123399599e-06,0.0,0.004325696824377112,-0.005674303175622888,0
83.0,272.341043692695,577.6152460506197,0.0028053172139327035,0.010854702464084839,500003000.0,0.0,1.7765127581829758e-06,1e-06,9.24138310959501e-08,0.0,1.1742652572266857e-05,0.0,1.832551170432049e-06,0.0,0.004558585001074749,-0.005441414998925251,0
84.0,272.33560227769607,577.3656928957347,0.00278411723445194,0.010887204908848013,500003000.0,0.0,1.863434185285283e-06,1e-06,8.69214271023073e-08,0.0,1.3552000059127228e-05,0.0,1.896432717396271e-06,0.0,0.004717494321881271,-0.005282505678118729,0
85.0,272.33031977201796,577.111356977616,0.0027377754984858355,0.010892788700883777,500003000.0,0.0,1.9449008311606525e-06,1e-06,8.146664587536955e-08,0.0,1.5408260248398477e-05,0.0,1.9362312891748552e-06,0.0,0.004816495744216057,-0.005183504255783943,0
86.0,272.32513626776216,576.8544630544504,0.0026757032595222225,0.010881531256280809,500003000.0,0.0,2.021166138430802e-06,1e-06,7.626530727014942e-08,0.0,1.7292877318070184e-05,0.0,1.9575529846421478e-06,0.0,0.004869534787667034,-0.005130465212332966,0
87.0,272.3200058025498,576.5966288413505,0.0026051250355326595,0.01086116923859591,500003000.0,0.0,2.0926000905288465e-06,1e-06,7.143395209804466e-08,0.0,1.919198690846048e-05,0.0,1.965439282484396e-06,0.0,0.004889152443991035,-0.005110847556008965,0
88.0,272.3148949549938,576.338964099219,0.002531296920328508,0.010837331905012107,500003000.0,0.0,2.1596235668101254e-06,1e-06,6.702347628127897e-08,0.0,2.109577056796318e-05,0.0,1.96410879195804e-06,0.0,0.004885842766064777,-0.005114157233935223,0
89.0,272.30978079775986,576.0821779224025,0.0024578267647686588,0.010813883685599901,500003000.0,0.0,2.222666324538012e-06,1e-06,6.304275772788664e-08,0.0,2.2997680076511694e-05,0.0,1.956889107502439e-06,0.0,0.004867883351996117,-0.005132116648003883,0
90.0,272.30464868111187,575.8266795724221,0.002387021624688551,0.010793296071272602,500003000.0,0.0,2.2821414781207154e-06,1e-06,5.9475153582703115e-08,0.0,2.489366911039677e-05,0.0,1.946270388280711e-06,0.0,0.004841468627563957,-0.005158531372436043,0
91.0,272.2994901497394,575.5726650967788,0.002320214672284809,0.010776997588372035,500003000.0,0.0,2.33843131819357e-06,1e-06,5.628984007285467e-08,0.0,2.6781510987334538e-05,0.0,1.9340234096133566e-06,0.0,0.004811003506500888,-0.005188996493499113,0
92.0,272.29430115324595,575.3201869495132,0.0022580462151056925,0.010765674681960324,500003000.0,0.0,2.3918807236850273e-06,1e-06,5.344940549145725e-08,0.0,2.8660236899322814e-05,0.0,1.9213407361965774e-06,0.0,0.004779454567653178,-0.0052205454323468225,0
93.0,272.2890806078136,575.0692069728267,0.002200689681872572,0.01075951370022004,500003000.0,0.0,2.4427954644557518e-06,1e-06,5.091474077072458e-08,0.0,3.052969982974906e-05,0.0,1.9089749124608273e-06,0.0,0.00474869381209161,-0.00525130618790839,0
94.0,272.2838293016257,574.8196347826247,0.0021480236739731037,0.01075838514274696,500003000.0,0.0,2.491443478568768e-06,1e-06,4.86480141130163e-08,0.0,3.239025273608569e-05,0.0,1.8973596862022112e-06,0.0,0.004719800214433361,-0.005280199785566639,0
95.0,272.27854910184016,574.5713542668133,0.002099756671649603,0.010761977219049191,500003000.0,0.0,2.5380578003002966e-06,1e-06,4.661432173152835e-08,0.0,3.424252205433367e-05,0.0,1.8867087342346667e-06,0.0,0.00469330530904146,-0.00530669469095854,0
96.0,272.2732424071492,574.3242409421823,0.002055513162083063,0.010769888099398855,500003000.0,0.0,2.582840254990597e-06,1e-06,4.478245469030058e-08,0.0,3.6087255871215493e-05,0.0,1.8770915829897594e-06,0.0,0.004669382047238207,-0.005330617952761793,0
97.0,272.26791178919643,574.0781726171364,0.0020148900875831197,0.010781686382793474,500003000.0,0.0,2.62596535686981e-06,1e-06,4.312510187921284e-08,0.0,3.7925227656781685e-05,0.0,1.8684892040319518e-06,0.0,0.004647983094606845,-0.005352016905393155,0
98.0,272.262559772291,573.8330353711298,0.0019774915502648207,0.010796948278711678,500003000.0,0.0,2.6675840724012564e-06,1e-06,4.1618715531446056e-08,0.0,3.975717948310883e-05,0.0,1.8608329091019475e-06,0.0,0.004628937584830715,-0.0053710624151692855,0
99.0,272.25718870987583,573.5887264070275,0.0019429482977442803,0.01081527848858567,500003000.0,0.0,2.707827266563246e-06,1e-06,4.024319416198975e-08,0.0,4.158379207302736e-05,0.0,1.8540303206015785e-06,0.0,0.004612015722889499,-0.005387984277110501,0
100.0,272.25180072559874,573.345154922932,0.0019109270415557011,0.010836320196402044,500003000.0,0.0,2.7468087512063057e-06,1e-06,3.8981484643059405e-08,0.0,4.3405672220602704e-05,0.0,1.8479818200076917e-06,0.0,0.004596969701511671,-0.005403030298488329,0
101.0,272.24639769530023,573.1022418115723,0.0018811333317935405,0.010859758156080968,500003000.0,0.0,2.7846279180406015e-06,1e-06,3.781916683429571e-08,0.0,4.522335082733778e-05,0.0,1.84259028504077e-06,0.0,0.00458355792298699,-0.00541644207701301,0
102.0,272.2409812532232,572.8599187325442,0.0018533106135638453,0.010885317687631747,500003000.0,0.0,2.821371975572759e-06,1e-06,3.674405753215733e-08,0.0,4.703728693018248e-05,0.0,1.8377662981872692e-06,0.0,0.004571557955689725,-0.005428442044310275,0
103.0,272.2355528111789,572.6181269084876,0.0018272372379415328,0.010912761480987049,500003000.0,0.0,2.857117828238193e-06,1e-06,3.574585266543393e-08,0.0,4.8847874693402156e-05,0.0,1.833430439464916e-06,0.0,0.004560772237474915,-0.005439227762525085,0
104.0,272.23011358341637,572.3768158589027,0.0018027225694509305,0.010941885430801507,500003000.0,0.0,2.891933643500641e-06,1e-06,3.4815815262447874e-08,0.0,5.0655451478606035e-05,0.0,1.8295138043833704e-06,0.0,0.004551029364137737,-0.005448970635862263,0
105.0,272.2246646127805,572.1359421920807,0.0017796028858104512,0.010972514247748715,500003000.0,0.0,2.9258801533537228e-06,1e-06,3.394650985308172e-08,0.0,5.246030589168892e-05,0.0,1.8259575213359107e-06,0.0,0.0045421828888953,-0.0054578171111047,0
106.0,272.2192067956694,571.8954685150667,0.001757737462609675,0.011004497267094397,500003000.0,0.0,2.9590117335320625e-06,1e-06,3.3131580178339915e-08,0.0,5.426268522212685e-05,0.0,1.8227117713888946e-06,0.0,0.004534108884051976,-0.005465891115948024,0
107.0,272.21374090455345,571.6553624841231,0.0017370050386732077,0.011037704664429538,500003000.0,0.0,2.99137729881921e-06,1e-06,3.2365565287147276e-08,0.0,5.6062802015247664e-05,0.0,1.8197346214278806e-06,0.0,0.004526703038377812,-0.005473296961622188,0
108.0,272.20826760759184,571.415595996472,0.0017173007359054426,0.01107202415772782,500003000.0,0.0,3.0230210473511226e-06,1e-06,3.164374853191269e-08,0.0,5.7860839711511125e-05,0.0,1.8169908508715425e-06,0.0,0.004519877738486423,-0.005480122261513577,0
109.0,272.2027874853303,571.1761445126435,0.0016985334367594074,0.011107358199287801,500003000.0,0.0,3.0539830814655884e-06,1e-06,3.0962034114465915e-08,0.0,5.965695739339252e-05,0.0,1.8144508669901138e-06,0.0,0.004513559370622174,-0.005486440629377826,0
110.0,272.1973010447009,570.936986493721,0.0016806235850985553,0.01114362162090275,500003000.0,0.0,3.084299927799268e-06,1e-06,3.031684633367949e-08,0.0,6.145129373200787e-05,0.0,1.8120897506959308e-06,0.0,0.0045076859470048036,-0.005492314052995197,0
111.0,272.1918087306479,570.698102936495,0.001663501359732968,0.011180739678075409,500003000.0,0.0,3.114004975133977e-06,1e-06,2.9705047334709035e-08,0.0,6.324397024414175e-05,0.0,1.8098864434116706e-06,0.0,0.0045022050831136085,-0.005497794916886392,0
112.0,272.186310935731,570.459476990319,0.0016471051656273676,0.011218646434376794,500003000.0,0.0,3.1431288449631777e-06,1e-06,2.9123869829200777e-08,0.0,6.503509397023938e-05,0.0,1.807823068552522e-06,0.0,0.004497072309832145,-0.0055029276901678555,0
113.0,272.18080800804086,570.2210936412015,0.0016313803902690868,0.011257283429706671,500003000.0,0.0,3.171699706844788e-06,1e-06,2.8570861881610242e-08,0.0,6.682475967446326e-05,0.0,1.8058843731112903e-06,0.0,0.004492249684356443,-0.005507750315643557,0
114.0,272.1753002577252,569.9829394507632,0.001616278378301793,0.01129659858233151,500003000.0,0.0,3.1997435482502386e-06,1e-06,2.804384140545047e-08,0.0,6.861305165456993e-05,0.0,1.8040572720244691e-06,0.0,0.004487704656777286,-0.0055122953432227145,0
115.0,272.169787962382,569.745002339751,0.0016017555842528781,0.011336545281558778,500003000.0,0.0,3.227284406727204e-06,1e-06,2.7540858476965354e-08,0.0,7.040004523527228e-05,0.0,1.8023304781150168e-06,0.0,0.004483409149539843,-0.005516590850460157,0
116.0,272.1642713715315,569.5072714076786,0.0015877728699383463,0.011377081635445303,500003000.0,0.0,3.2543445706840037e-06,1e-06,2.706016395679972e-08,0.0,7.218580800564196e-05,0.0,1.8006942020674015e-06,0.0,0.004479338811112939,-0.005520661188887061,0
117.0,272.15875071034264,569.2697367817772,0.0015742949191681758,0.011418169844028577,500003000.0,0.0,3.2809447539023648e-06,1e-06,2.6600183218360983e-08,0.0,7.397040084958266e-05,0.0,1.799139909010236e-06,0.0,0.004475472410473224,-0.005524527589526776,0
118.0,272.15322618275314,569.0323894897891,0.0015612897475911949,0.011459775674494042,500003000.0,0.0,3.3071042479301687e-06,1e-06,2.6159494027804146e-08,0.0,7.575387880868512e-05,0.0,1.7976601204988458e-06,0.0,0.004471791344524492,-0.005528208655475508,0
119.0,272.1476979740977,568.7952213522256,0.0015487282899733395,0.011501868019230532,500003000.0,0.0,3.332841055747536e-06,1e-06,2.5736807817367063e-08,0.0,7.753629180891061e-05,0.0,1.7962482528675265e-06,0.0,0.004468279235988871,-0.005531720764011129,0
120.0,272.1421662533337,568.5582248905954,0.001536584050647039,0.011544418521575063,500003000.0,0.0,3.3581720094932276e-06,1e-06,2.5330953745691674e-08,0.0,7.931768527610855e-05,0.0,1.7948984845904042e-06,0.0,0.004464921603458717,-0.005535078396541283,0
121.0,272.1366311749372,568.3213932488064,0.0015248328058134325,0.011587401257034795,500003000.0,0.0,3.38311287455443e-06,1e-06,2.4940865061202344e-08,0.0,8.109810066033989e-05,0.0,1.793605646890278e-06,0.0,0.004461705589279299,-0.005538294410720701,0
122.0,272.13109288052647,568.0847201254916,0.001513452348604631,0.01163079246034657,500003000.0,0.0,3.4076784419332944e-06,1e-06,2.4565567378864368e-08,0.0,8.287757588496252e-05,0.0,1.7923651329999922e-06,0.0,0.004458619733830826,-0.005541380266169175,0
123.0,272.1255515002603,567.8481997154545,0.0015024222695947844,0.01167457029044888,500003000.0,0.0,3.4318826104885173e-06,1e-06,2.4204168555222815e-08,0.0,8.465614573325525e-05,0.0,1.7911728224336419e-06,0.0,0.0044556537871483625,-0.005544346212851638,0
124.0,272.12000715404747,567.6118266587648,0.0014917237669200697,0.011718714627191455,500003000.0,0.0,3.4557384603950756e-06,1e-06,2.3855849906558168e-08,0.0,8.6433842182918e-05,0.0,1.7900250174549634e-06,0.0,0.004452798550882994,-0.0055472014491170065,0
125.0,272.11445995259834,567.3755959963121,0.0014813394812089693,0.011763206894627608,500003000.0,0.0,3.47925831895561e-06,1e-06,2.3519858560534514e-08,0.0,8.821069469678307e-05,0.0,1.7889183894379019e-06,0.0,0.004450045744870403,-0.005549954255129597,0
126.0,272.1089099983432,567.1395031308399,0.001471253351471759,0.011808029906660722,500003000.0,0.0,3.5024538197256347e-06,1e-06,2.3195500770024815e-08,0.0,8.998673047655781e-05,0.0,1.7878499333571688e-06,0.0,0.004447387893923306,-0.0055526121060766945,0
127.0,272.1033573862371,566.903543792651,0.0014614504887846044,0.011853167731878353,500003000.0,0.0,3.5253359557730044e-06,1e-06,2.2882136047369818e-08,0.0,9.176197468520421e-05,0.0,1.786816928993999e-06,0.0,0.004444818231328356,-0.005555181768671644,0
128.0,272.09780220446845,566.667714009321,0.0014519170650979614,0.011898605574473807,500003000.0,0.0,3.5479151277733316e-06,1e-06,2.2579172000327234e-08,0.0,9.353645064252062e-05,0.0,1.7858169076466037e-06,0.0,0.004442330616036327,-0.005557669383963673,0
129.0,272.0922445350845,566.4320100788572,0.0014426402150797782,0.01194432966915021,500003000.0,0.0,3.5702011875458427e-06,1e-06,2.228605977251118e-08,0.0,9.531017999779982e-05,0.0,1.7848476235199496e-06,0.0,0.004439919461492412,-0.005560080538507589,0
130.0,272.086684454546,566.1964285458403,0.0014336079491087481,0.011990327187995304,500003000.0,0.0,3.592203477550323e-06,1e-06,2.200229000448051e-08,0.0,9.7083182882714e-05,0.0,1.783907028952734e-06,0.0,0.004437579674011777,-0.005562420325988224,0
131.0,272.08112203422,565.9609661801524,0.0014248090759586159,0.012036586157708487,500003000.0,0.0,3.613930866797017e-06,1e-06,2.1727389246693857e-08,0.0,9.88554780471306e-05,0.0,1.782993252940922e-06,0.0,0.004435306599355527,-0.005564693400644473,0
132.0,272.0755573408194,565.7256199579602,0.0014162331338524194,0.01208309538578137,500003000.0,0.0,3.6353917835616556e-06,1e-06,2.146091676463867e-08,0.0,0.0001006270829800897,0.0,1.7821045824021307e-06,0.0,0.004433095976124703,-0.005566904023875297,0
133.0,272.06999043679554,565.4903870446691,0.001407870328848192,0.01212984439451628,500003000.0,0.0,3.656594245248269e-06,1e-06,2.1202461686613075e-08,0.0,0.00010239801401788178,0.0,1.7812394458209825e-06,0.0,0.00443094389507707,-0.00556905610492293,0
134.0,272.0644213806906,565.2552647796036,0.0013997114796066084,0.012176823361963338,500003000.0,0.0,3.677545885699124e-06,1e-06,2.0951640450854944e-08,0.0,0.00010416828644084183,0.0,1.7803963988951942e-06,0.0,0.004428846763420881,-0.005571153236579119,0
135.0,272.058850227454,565.0202506622135,0.0013917479677454608,0.01222402306869981,500003000.0,0.0,3.698253980214294e-06,1e-06,2.0708094515170292e-08,0.0,0.00010593791456022803,0.0,1.7795741118835653e-06,0.0,0.004426801273342202,-0.005573198726657798,0
136.0,272.05327702872734,564.7853423396166,0.0013839716931628304,0.012271434850053296,500003000.0,0.0,3.71872546851262e-06,1e-06,2.047148829832561e-08,0.0,0.00010770691179642497,0.0,1.778771358487406e-06,0.0,0.004424804374346781,-0.005575195625653219,0
137.0,272.04770183310166,564.5505375953327,0.0013763750336789346,0.01231905055287463,500003000.0,0.0,3.738966975837532e-06,1e-06,2.0241507324912215e-08,0.0,0.00010947529074945747,0.0,1.7779870059742888e-06,0.0,0.00442285324869226,-0.00557714675130774,0
138.0,272.04212468635035,564.3158343390704,0.001368950808534905,0.012366862496473908,500003000.0,0.0,3.7589848323882396e-06,1e-06,2.001785655070758e-08,0.0,0.00011124306326271221,0.0,1.7772200064234784e-06,0.0,0.004420945289610643,-0.0055790547103893575,0
139.0,272.03654563163997,564.08123059745,0.001361692245321212,0.012414863437223115,500003000.0,0.0,3.778785091236409e-06,1e-06,1.980025884816952e-08,0.0,0.00011301024048065411,0.0,1.7764693889580446e-06,0.0,0.004419078081985186,-0.005580921918014814,0
140.0,272.03096470972196,563.8467245055624,0.0013545929499256474,0.012463046536363112,500003000.0,0.0,3.798373544870183e-06,1e-06,1.958845363377376e-08,0.0,0.00011477683290118483,0.0,1.775734252798271e-06,0.0,0.004417249385070325,-0.005582750614929675,0
141.0,272.02538195910705,563.612314299275,0.0013476468791927313,0.012511405330773955,500003000.0,0.0,3.817755740492148e-06,1e-06,1.938219562196518e-08,0.0,0.00011654285042323045,0.0,1.7750137610584463e-06,0.0,0.004415457117060812,-0.005584542882939188,0
142.0,272.0197974162241,563.3779983082051,0.001340848316015951,0.01255993370627221,500003000.0,0.0,3.836936994184399e-06,1e-06,1.9181253692250275e-08,0.0,0.00011830830239008763,0.0,1.7743071352096356e-06,0.0,0.004413699341317502,-0.005586300658682498,0
143.0,272.0142111155654,563.1437749492945,0.001334191846569969,0.012608625873277575,500003000.0,0.0,3.855922404041314e-06,1e-06,1.8985409856915266e-08,0.0,0.00012007319762894061,0.0,1.7736136500775385e-06,0.0,0.0044119742539242245,-0.005588025746075776,0
144.0,272.0086230898193,562.9096427209229,0.0013276723395128564,0.012657476344533724,500003000.0,0.0,3.874716862360943e-06,1e-06,1.8794458319628068e-08,0.0,0.00012183754448697728,0.0,1.7729326293775136e-06,0.0,0.004410280172580879,-0.005589719827419121,0
145.0,272.0030333699919,562.6756001975056,0.0013212849269273012,0.012706479914682342,500003000.0,0.0,3.893325066976104e-06,1e-06,1.860820461516148e-08,0.0,0.0001236013508644396,0.0,1.7722634416824369e-06,0.0,0.004408615526573226,-0.005591384473426774,0
146.0,271.9974419855185,562.4416460245318,0.0013150249868273335,0.012755631641597154,500003000.0,0.0,3.911751531798169e-06,1e-06,1.8426464822064965e-08,0.0,0.00012536462424490345,0.0,1.7716054967721003e-06,0.0,0.0044069788476917915,-0.005593021152308209,0
147.0,271.99184896436617,562.2077789139979,0.0013088881270994905,0.012804926829139949,500003000.0,0.0,3.930000596639534e-06,1e-06,1.8249064841364683e-08,0.0,0.00012712737172307752,0.0,1.7709582423502386e-06,0.0,0.00440536876206527,-0.00559463123793473,0
148.0,271.9862543331282,561.9739976402019,0.0013028701707090157,0.012854361011350252,500003000.0,0.0,3.948076436373939e-06,1e-06,1.807583973440439e-08,0.0,0.00012888960003033486,0.0,1.7703211610458948e-06,0.0,0.004403783982701231,-0.005596216017298769,0
149.0,271.9806581171109,561.7403010358616,0.0012969671420909662,0.012903929937877978,500003000.0,0.0,3.965983069488637e-06,1e-06,1.7906633114698427e-08,0.0,0.0001306513155582216,0.0,1.7696937677210636e-06,0.0,0.004402223302788715,-0.005597776697211285,0
150.0,271.97506034041373,561.5066879885293,0.0012911752545896505,0.01295362956054453,500003000.0,0.0,3.983724366076949e-06,1e-06,1.774129658831159e-08,0.0,0.00013241252438012344,0.0,1.7690756070166072e-06,0.0,0.00440068558959355,-0.00559931441040645,0
151.0,271.96946102600333,561.2731574372747,0.0012854908988521865,0.013003456020903296,500003000.0,0.0,4.001304055315217e-06,1e-06,1.7579689238267747e-08,0.0,0.00013417323227125468,0.0,1.768466251113295e-06,0.0,0.004399169778888794,-0.005600830221111206,0
152.0,271.9638601957822,561.0397083696159,0.0012799106320877602,0.01305340563874802,500003000.0,0.0,4.0187257324641265e-06,1e-06,1.7421677148909774e-08,0.0,0.0001359334447271123,0.0,1.7678652976819401e-06,0.0,0.004397674869855572,-0.005602325130144428,0
153.0,271.95825787065206,560.8063398186727,0.0012744311681392095,0.013103474901505456,500003000.0,0.0,4.035992865431039e-06,1e-06,1.726713296691217e-08,0.0,0.00013769316698055542,0.0,1.767272368035693e-06,0.0,0.004396199920486799,-0.0056038000795132015,0
154.0,271.9526540705725,560.5730508605236,0.0012690493682693024,0.013153660454347755,500003000.0,0.0,4.053108800926345e-06,1e-06,1.7115935495305826e-08,0.0,0.00013945240401761825,0.0,1.7666871054278345e-06,0.0,0.004394744043352822,-0.005605255956647178,0
155.0,271.94704881461587,560.3398406117531,0.0012637622326062304,0.01320395909105351,500003000.0,0.0,4.070076770244038e-06,1e-06,1.6967969317693498e-08,0.0,0.0001412111605921606,0.0,1.76610917348864e-06,0.0,0.004393306401713035,-0.005606693598286965,0
156.0,271.9414421210176,560.1067082271669,0.0012585668922117813,0.013254367745512276,500003000.0,0.0,4.086899894694332e-06,1e-06,1.6823124450293912e-08,0.0,0.00014296944123947793,0.0,1.7655382548149807e-06,0.0,0.0043918862060074145,-0.005608113793992586,0
157.0,271.9358340072236,559.8736528976674,0.0012534606016871115,0.013304883483802932,500003000.0,0.0,4.103581190713316e-06,1e-06,1.668129601898372e-08,0.0,0.00014472725028893458,0.0,1.7649740496521802e-06,0.0,0.004390482710577562,-0.005609517289422438,0
158.0,271.9302244899342,559.6406738482724,0.0012484407322973141,0.013355503496858288,500003000.0,0.0,4.120123574672885e-06,1e-06,1.654238395956876e-08,0.0,0.00014648459187571332,0.0,1.7644162746947455e-06,0.0,0.004389095210683446,-0.005610904789316554,0
159.0,271.92461358514487,559.407770336268,0.0012435047655592636,0.013406225093576496,500003000.0,0.0,4.136529867412051e-06,1e-06,1.640629273916657e-08,0.0,0.00014824146995174665,0.0,1.763864661976429e-06,0.0,0.004387723039742361,-0.005612276960257639,0
160.0,271.9190013081846,559.1749416494823,0.001238650287274118,0.013457045694450715,500003000.0,0.0,4.152802798509257e-06,1e-06,1.6272931097206044e-08,0.0,0.0001499978882959161,0.0,1.7633189578677344e-06,0.0,0.00438636556683516,-0.00561363443316484,0
161.0,271.9133876737514,558.9421871046743,0.0012338749819323929,0.01350796282557797,500003000.0,0.0,4.168945010313218e-06,1e-06,1.6142211803960668e-08,0.0,0.00015175385052354506,0.0,1.762778922118913e-06,0.0,0.004385022194325654,-0.005614977805674346,0
162.0,271.9077726959457,558.7095060460249,0.0012291766275075717,0.013558974113077093,500003000.0,0.0,4.1849590617490204e-06,1e-06,1.6014051435802786e-08,0.0,0.00015350936009527212,0.0,1.7622443270081544e-06,0.0,0.004383692355741677,-0.005616307644258323,0
163.0,271.9021563883015,558.4768978437254,0.0012245530905743123,0.013610077277872033,500003000.0,0.0,4.200847431914423e-06,1e-06,1.5888370165402928e-08,0.0,0.00015526442032533707,0.0,1.7617149565377885e-06,0.0,0.004382375513775593,-0.005617624486224407,0
164.0,271.8965387638153,558.2443618926532,0.0012200023217499465,0.013661270130830929,500003000.0,0.0,4.216612523480433e-06,1e-06,1.5765091566009662e-08,0.0,0.00015701903438934036,0.0,1.7611906057076847e-06,0.0,0.004381071158476827,-0.005618928841523173,0
165.0,271.8909198349738,558.0118976111322,0.0012155223513995834,0.013712550568121071,500003000.0,0.0,4.2322566659086935e-06,1e-06,1.5644142428260232e-08,0.0,0.00015877320533148282,0.0,1.7606710798083093e-06,0.0,0.004379778805493307,-0.005620221194506694,0
166.0,271.88529961377924,557.779504439768,0.0012111112856386603,0.013763916566993138,500003000.0,0.0,4.2477821184979494e-06,1e-06,1.5525452589256215e-08,0.0,0.0001605269360713675,0.0,1.7601561938086366e-06,0.0,0.004378497994548847,-0.005621502005451153,0
167.0,271.8796781117738,557.5471818403555,0.0012067673025494335,0.013815366181684696,500003000.0,0.0,4.2631910732701275e-06,1e-06,1.5408954772178476e-08,0.0,0.00016228022941034917,0.0,1.759645771742102e-06,0.0,0.004377228287915677,-0.005622771712084323,0
168.0,271.8740553400617,557.3149292948501,0.0012024886486657785,0.013866897539677549,500003000.0,0.0,4.278485657706681e-06,1e-06,1.5294584436553276e-08,0.0,0.00016403308803752102,0.0,1.7591396461919178e-06,0.0,0.004375969269134124,-0.005624030730865876,0
169.0,271.86843130933084,557.0827463043998,0.0011982736356414155,0.013918508838122103,500003000.0,0.0,4.293667937344218e-06,1e-06,1.5182279637537214e-08,0.0,0.00016578551453532307,0.0,1.758637657772705e-06,0.0,0.004374720541723147,-0.0056252794582768535,0
170.0,271.86280602987256,556.8506323884371,0.0011941206371151754,0.013970198340502343,500003000.0,0.0,4.308739918238126e-06,1e-06,1.5071980893907547e-08,0.0,0.0001675375113848004,0.0,1.758139654646691e-06,0.0,0.004373481727976843,-0.005626518272023157,0
171.0,271.8571795116005,556.6185870838206,0.0011900280857787939,0.014021964373472655,500003000.0,0.0,4.3237035493024965e-06,1e-06,1.496363106437121e-08,0.0,0.00016928908097056,0.0,1.7576454921003403e-06,0.0,0.004372252467911294,-0.005627747532088706,0
172.0,271.8515517640684,556.3866099440266,0.001185994470601354,0.01407380532390827,500003000.0,0.0,4.338560724533689e-06,1e-06,1.4857175231192743e-08,0.0,0.00017104022558542972,0.0,1.757155032130103e-06,0.0,0.004371032418234087,-0.005628967581765914,0
173.0,271.84592279648666,556.1547005383891,0.0011820183342116507,0.014125719636096696,500003000.0,0.0,4.3533132851244665e-06,1e-06,1.4752560590778023e-08,0.0,0.00017279094743483643,0.0,1.7566681430538141e-06,0.0,0.004369821251377647,-0.005630178748622353,0
174.0,271.84029261773804,555.9228584513767,0.0011780982704524576,0.014177705809113449,500003000.0,0.0,4.3679630214755005e-06,1e-06,1.4649736351034302e-08,0.0,0.00017454124864095744,0.0,1.756184699182687e-06,0.0,0.004368618654683302,-0.005631381345316698,0
175.0,271.8346612363927,555.6910832819157,0.00117423292203198,0.014229762394318064,500003000.0,0.0,4.382511675109748e-06,1e-06,1.4548653634247417e-08,0.0,0.0001762911312466015,0.0,1.755704580455382e-06,0.0,0.0043674243294909995,-0.005632575670509001,0
176.0,271.8290286607222,555.4593746427475,0.0011704209783383829,0.014281887993014322,500003000.0,0.0,4.396960940495751e-06,1e-06,1.4449265386003854e-08,0.0,0.00017804059721888464,0.0,1.7552276721440913e-06,0.0,0.004366237990408187,-0.005633762009591813,0
177.0,271.8233948987126,555.2277321598217,0.001166661173364955,0.01433408125422739,500003000.0,0.0,4.411312466784976e-06,1e-06,1.4351526289224222e-08,0.0,0.0001797896484527013,0.0,1.7547538645657418e-06,0.0,0.004365059364591398,-0.005634940635408602,0
178.0,271.8177599580772,554.9961554717211,0.0011629522837427356,0.01438634087259205,500003000.0,0.0,4.425567859467993e-06,1e-06,1.4255392683017355e-08,0.0,0.0001815382867739956,0.0,1.7542830528035018e-06,0.0,0.004363888191053487,-0.005636111808946513,0
179.0,271.81212384626826,554.7646442291172,0.0011592931268950887,0.014438665586397949,500003000.0,0.0,4.439728681954291e-06,1e-06,1.4160822486297816e-08,0.0,0.0001832865139428699,0.0,1.7538151364701248e-06,0.0,0.004362724220074937,-0.0056372757799250635,0
180.0,271.80648657048835,554.5331980942557,0.0011556825592636422,0.014491054175663017,500003000.0,0.0,4.453796457079619e-06,1e-06,1.4067775125327648e-08,0.0,0.00018503433165650108,0.0,1.7533500194455021e-06,0.0,0.0043615672125510005,-0.005638432787449,0
181.0,271.8008481377009,554.3018167404678,0.0011521194746553175,0.014543505460397604,500003000.0,0.0,4.467772668545212e-06,1e-06,1.3976211465592528e-08,0.0,0.00018678174155191692,0.0,1.752887609671914e-06,0.0,0.004360416939482374,-0.005639583060517627,0
182.0,271.79520855464034,554.0704998517074,0.0011486028026546874,0.014596018298874991,500003000.0,0.0,4.481658762292353e-06,1e-06,1.38860937471421e-08,0.0,0.0001885287452086111,0.0,1.7524278189302252e-06,0.0,0.00435927318141847,-0.00564072681858153,0
183.0,271.78956782782177,553.839247122112,0.0011451315071327006,0.014648591586046832,500003000.0,0.0,4.495456147815955e-06,1e-06,1.3797385523601924e-08,0.0,0.0001902753441510279,0.0,1.7519705626512856e-06,0.0,0.004358135727988273,-0.005641864272011727,0
184.0,271.78392596354973,553.6080582555838,0.001141704584835596,0.014701224252044506,500003000.0,0.0,4.509166199420453e-06,1e-06,1.371005160449728e-08,0.0,0.00019202153985093016,0.0,1.751515759744881e-06,0.0,0.004357004377474828,-0.0056429956225251725,0
185.0,271.7782829679272,553.3769329653956,0.0011383210640130812,0.014753915260697656,500003000.0,0.0,4.522790257420702e-06,1e-06,1.3624058000248962e-08,0.0,0.00019376733372960945,0.0,1.7510633323893965e-06,0.0,0.004355878936292031,-0.005644121063707969,0
186.0,271.7726388468635,553.1458709738118,0.0011349800031661811,0.014806663608196304,500003000.0,0.0,4.536329629291373e-06,1e-06,1.3539371870671267e-08,0.0,0.00019551272716002483,0.0,1.750613205911699e-06,0.0,0.004354759218685818,-0.005645240781314182,0
187.0,271.7669936060822,552.914872011733,0.0011316804898055385,0.014859468321768442,500003000.0,0.0,4.5497855907669024e-06,1e-06,1.3455961475529049e-08,0.0,0.0001972577214687955,0.0,1.7501653085946954e-06,0.0,0.004353645046255462,-0.005646354953744538,0
188.0,271.7613472511285,552.6839358183529,0.0011284216393151808,0.014912328458460212,500003000.0,0.0,4.563159386895078e-06,1e-06,1.337379612817593e-08,0.0,0.00019900231793812398,0.0,1.7497195715640993e-06,0.0,0.004352536247671889,-0.005647463752328111,0
189.0,271.75569978737616,552.4530621408358,0.0011252025938363111,0.01496524310393382,500003000.0,0.0,4.5764522330462175e-06,1e-06,1.3292846151139193e-08,0.0,0.00020074651780759958,0.0,1.7492759286272203e-06,0.0,0.004351432658276667,-0.005648567341723333,0
190.0,271.75005122003444,552.2222507340074,0.0011220225212287215,0.01501821137137053,500003000.0,0.0,4.589665315880453e-06,1e-06,1.3213082834236248e-08,0.0,0.00020249032227592504,0.0,1.7488343161573657e-06,0.0,0.004350334119794442,-0.0056496658802055585,0
191.0,271.74440155415425,551.9915013600612,0.0011188806140704356,0.015071232400393701,500003000.0,0.0,4.60279979427511e-06,1e-06,1.3134478394656303e-08,0.0,0.0002042337325025541,0.0,1.74839467296705e-06,0.0,0.004349240480017537,-0.005650759519982463,0
192.0,271.73875079463426,551.760813788277,0.0011157760887161392,0.015124305356065628,500003000.0,0.0,4.615856800214271e-06,1e-06,1.3057005939160652e-08,0.0,0.0002059767496092615,0.0,1.7479569402059587e-06,0.0,0.0043481515925521365,-0.005651848407447864,0
193.0,271.7330989462268,551.5301877947553,0.001112708184376771,0.015177429427889286,500003000.0,0.0,4.628837439642146e-06,1e-06,1.2980639427875315e-08,0.0,0.00020771937468161422,0.0,1.7475210612284232e-06,0.0,0.004347067316488615,-0.005652932683511385,0
194.0,271.7274460135433,551.2996231621622,0.0011096761622676496,0.015230603828900968,500003000.0,0.0,4.6417427932823005e-06,1e-06,1.2905353640154468e-08,0.0,0.00020946160877038876,0.0,1.7470869815081199e-06,0.0,0.0043459875161893525,-0.005654012483810648,0
195.0,271.72179200105944,551.0691196794853,0.0011066793047883412,0.0152838277948145,500003000.0,0.0,4.654573917424307e-06,1e-06,1.2831124142007119e-08,0.0,0.00021120345289292637,0.0,1.7466546485457723e-06,0.0,0.004344912061059135,-0.005655087938940865,0
196.0,271.7161369131205,550.838677141803,0.001103716914724029,0.015337100583143437,500003000.0,0.0,4.6673318446792095e-06,1e-06,1.275792725490223e-08,0.0,0.0002129449080344036,0.0,1.7462240117564367e-06,0.0,0.004343840825264768,-0.005656159174735232,0
197.0,271.7104807539458,550.6082953500608,0.0011007883145166327,0.015390421472421928,500003000.0,0.0,4.6800175847056576e-06,1e-06,1.2685740026447955e-08,0.0,0.00021468597514907596,0.0,1.745795022415668e-06,0.0,0.004342773687601164,-0.005657226312398836,0
198.0,271.7048235276334,550.3779741108615,0.001097892845523539,0.015443789761430269,500003000.0,0.0,4.69263212490759e-06,1e-06,1.2614540201932155e-08,0.0,0.0002164266551614256,0.0,1.7453676335371854e-06,0.0,0.004341710531187028,-0.005658289468812972,0
199.0,271.69916523816454,550.1477132362613,0.0010950298673566303,0.015497204768454991,500003000.0,0.0,4.705176431105331e-06,1e-06,1.2544306197741295e-08,0.0,0.00021816694896729125,0.0,1.7449417998315876e-06,0.0,0.004340651243362159,-0.005659348756637842,0
200.0,271.6935058894079,549.9175125435778,0.0010921987572092963,0.015550665830609852,500003000.0,0.0,4.717651448180869e-06,1e-06,1.2475017075537971e-08,0.0,0.00021990685743491736,0.0,1.7445174776019054e-06,0.0,0.004339595715427626,-0.005660404284572374,0
201.0,271.6878454851233,549.6873718552031,0.0010893989092498975,0.015604172303153767,500003000.0,0.0,4.730058100698921e-06,1e-06,1.2406652518051743e-08,0.0,0.00022164638140598463,0.0,1.7440946247032073e-06,0.0,0.004338543842545292,-0.005661456157454709,0
202.0,271.6821840289659,549.4572909984279,0.001086629734008309,0.015657723558846436,500003000.0,0.0,4.742397293504515e-06,1e-06,1.2339192805594064e-08,0.0,0.00022338552169657067,0.0,1.7436732004513014e-06,0.0,0.0043374955235107,-0.0056625044764893,0
203.0,271.6765215244894,549.2272698052706,0.001083890657817514,0.01571131898735165,500003000.0,0.0,4.754669912298479e-06,1e-06,1.2272618793963674e-08,0.0,0.0002251242790980889,0.0,1.7432531655816583e-06,0.0,0.004336450660650891,-0.005663549339349109,0
204.0,271.67085797515,548.9973081123161,0.0010811811222523338,0.01576495799464995,500003000.0,0.0,4.766876824191519e-06,1e-06,1.2206911893040327e-08,0.0,0.00022686265437816495,0.0,1.7428344821675999e-06,0.0,0.004335409159620896,-0.005664590840379105,0
205.0,271.66519338430965,548.7674057605608,0.0010785005836092747,0.015818640002447086,500003000.0,0.0,4.779018878238049e-06,1e-06,1.214205404653014e-08,0.0,0.00022860064828148145,0.0,1.742417113570135e-06,0.0,0.004334370929278943,-0.005665629070721058,0
206.0,271.6595277552389,548.5375625952607,0.0010758485124215938,0.015872364447685285,500003000.0,0.0,4.7910969059508045e-06,1e-06,1.2078027712755346e-08,0.0,0.00023033826153061362,0.0,1.742001024412095e-06,0.0,0.004333335881622127,-0.0056666641183778736,0
207.0,271.6538610911205,548.3077784657913,0.0010732243929482187,0.01592613078199749,500003000.0,0.0,4.8031117217965696e-06,1e-06,1.2014815845764632e-08,0.0,0.00023207549482678173,0.0,1.7415861804785535e-06,0.0,0.004332303931538691,-0.005667696068461309,0
208.0,271.64819339505203,548.0780532255094,0.0010706277227338773,0.01597993847120908,500003000.0,0.0,4.8150641236743994e-06,1e-06,1.1952401877829818e-08,0.0,0.00023381234885060578,0.0,1.7411725487027535e-06,0.0,0.004331274996773019,-0.0056687250032269815,0
209.0,271.64252467004883,547.8483867316223,0.0010680580121558505,0.01603378699487888,500003000.0,0.0,4.8269548933767444e-06,1e-06,1.1890769702344675e-08,0.0,0.00023554882426281054,0.0,1.7407600971019873e-06,0.0,0.004330248997766138,-0.005669751002233862,0
210.0,271.6368549190466,547.61877884506,0.001065514784016572,0.016087675845865995,500003000.0,0.0,4.838784797034507e-06,1e-06,1.1829903657762508e-08,0.0,0.00023728492170492865,0.0,1.740348794761046e-06,0.0,0.004329225857614543,-0.0056707741423854575,0
211.0,271.6311841449042,547.3892294303556,0.0010629975731112698,0.01614160452983995,500003000.0,0.0,4.850554585546263e-06,1e-06,1.1769788511755457e-08,0.0,0.00023902064179993367,0.0,1.7399386117489415e-06,0.0,0.004328205501863038,-0.005671794498136962,0
212.0,271.62551235040604,547.1597383555293,0.0010605059258538213,0.016195572564902082,500003000.0,0.0,4.8622649949927615e-06,1e-06,1.1710409446497988e-08,0.0,0.00024075598515287396,0.0,1.7395295191059463e-06,0.0,0.004327187858472504,-0.0056728121415274965,0
213.0,271.6198395382645,546.9303054919752,0.00105803939990145,0.016249579481180148,500003000.0,0.0,4.873916747037149e-06,1e-06,1.1651752044387342e-08,0.0,0.00024249095235147987,0.0,1.7391214888053075e-06,0.0,0.004326172857724645,-0.005673827142275355,0
214.0,271.6141657111222,546.7009307143556,0.001055597563787636,0.016303624820440298,500003000.0,0.0,4.885510549311435e-06,1e-06,1.1593802274285199e-08,0.0,0.0002442255439667362,0.0,1.7387144937057762e-06,0.0,0.004325160432103921,-0.005674839567896079,0
215.0,271.6084908715543,546.4716139004968,0.0010531799965807613,0.01635770813570559,500003000.0,0.0,4.897047095789887e-06,1e-06,1.1536546478452569e-08,0.0,0.00024595976055343866,0.0,1.7383085075248519e-06,0.0,0.004324150516230975,-0.005675849483769025,0
216.0,271.6028150220705,546.2423549312904,0.0010507862875487708,0.016411828990909396,500003000.0,0.0,4.908527067149827e-06,1e-06,1.1479971359939818e-08,0.0,0.0002476936026507242,0.0,1.7379035048013314e-06,0.0,0.004323143046769481,-0.005676856953230519,0
217.0,271.59713816511726,546.0131536905984,0.0010484160358398675,0.01646598696056281,500003000.0,0.0,4.919951131120351e-06,1e-06,1.1424063970523661e-08,0.0,0.000249427070782581,0.0,1.7374994608645653e-06,0.0,0.0043221379623496654,-0.005677862037650335,0
218.0,271.5914603030796,545.7840100651605,0.0010460688501786732,0.0165201816294124,500003000.0,0.0,4.931319942819517e-06,1e-06,1.136881169916613e-08,0.0,0.0002511601654583442,0.0,1.7370963518104647e-06,0.0,0.004321135203508619,-0.005678864796491381,0
219.0,271.5857814382831,545.5549239445064,0.0010437443485647444,0.016574412592108616,500003000.0,0.0,4.942634145080353e-06,1e-06,1.1314202260835924e-08,0.0,0.00025289288717316285,0.0,1.7366941544633025e-06,0.0,0.00432013471259528,-0.00567986528740472,0
220.0,271.5801015729957,545.3258952208714,0.0010414421579899482,0.016628679452946712,500003000.0,0.0,4.95389436876621e-06,1e-06,1.1260223685856325e-08,0.0,0.000254625236408453,0.0,1.7362928463514874e-06,0.0,0.004319136433710167,-0.005680863566289833,0
221.0,271.57442070942943,545.0969237891135,0.0010391619141693232,0.016682981825531365,500003000.0,0.0,4.965101233075915e-06,1e-06,1.1206864309704965e-08,0.0,0.0002563572136323394,0.0,1.7358924056892932e-06,0.0,0.004318140312659933,-0.005681859687340067,0
222.0,271.5687388497421,544.8680095466353,0.0010369032612691659,0.016737319332513274,500003000.0,0.0,4.976255345838991e-06,1e-06,1.1154112763075466e-08,0.0,0.0002580888193000683,0.0,1.7354928113380096e-06,0.0,0.004317146296860721,-0.005682853703139279,0
223.0,271.56305599603894,544.6391523933087,0.0010346658516576285,0.016791691605317086,500003000.0,0.0,4.987357303801452e-06,1e-06,1.1101957962461416e-08,0.0,0.0002598200538544114,0.0,1.7350940427894615e-06,0.0,0.004316154335297168,-0.005683845664702833,0
224.0,271.55737215037425,544.4103522314012,0.0010324493456580275,0.01684609828386274,500003000.0,0.0,4.998407692902487e-06,1e-06,1.1050389101035034e-08,0.0,0.00026155091772605047,0.0,1.7346960801394822e-06,0.0,0.004315164378456423,-0.005684835621543577,0
225.0,271.5516873147527,544.1816089655055,0.0010302534113199378,0.016900539016344238,500003000.0,0.0,5.009407088542458e-06,1e-06,1.0999395639970623e-08,0.0,0.0002632814113339596,0.0,1.734298904077292e-06,0.0,0.004314176378301722,-0.005685823621698278,0
226.0,271.546001491131,543.9529225024711,0.0010280777241848875,0.016955013458969843,500003000.0,0.0,5.0203560558424105e-06,1e-06,1.0948967299952489e-08,0.0,0.0002650115350857609,0.0,1.7339024958523516e-06,0.0,0.004313190288189929,-0.005686809711810071,0
227.0,271.5403146814192,543.724292751341,0.0010259219670623414,0.017009521275712806,500003000.0,0.0,5.031255149895436e-06,1e-06,1.0899094053025764e-08,0.0,0.00026674128937805816,0.0,1.7335068372455169e-06,0.0,0.004312206062799793,-0.005687793937200207,0
228.0,271.534626887482,543.4957196232849,0.00102378582984136,0.017064062138112727,500003000.0,0.0,5.042104916010485e-06,1e-06,1.084976611504812e-08,0.0,0.00026847067459679697,0.0,1.7331119105882453e-06,0.0,0.004311223658179715,-0.005688776341820285,0
229.0,271.5289381111402,543.267203031543,0.0010216690092512662,0.017118635725037187,500003000.0,0.0,5.052905889948296e-06,1e-06,1.0800973937810917e-08,0.0,0.0002701996911175507,0.0,1.7327176986835323e-06,0.0,0.004310243031551075,-0.005689756968448925,0
230.0,271.52324835417176,543.0387428913627,0.0010195712087034679,0.01717324172249927,500003000.0,0.0,5.063658598150521e-06,1e-06,1.0752708202225266e-08,0.0,0.00027192833930586124,0.0,1.7323241848529808e-06,0.0,0.004309264141425326,-0.005690735858574675,0
231.0,271.51755761831316,542.8103391199437,0.0010174921380793976,0.017227879823414536,500003000.0,0.0,5.07436355796165e-06,1e-06,1.0704959811128939e-08,0.0,0.000273656619517529,0.0,1.7319313528816085e-06,0.0,0.004308286947466688,-0.005691713052533312,0
232.0,271.5118659052606,542.5819916363841,0.001015431513543292,0.017282549727430676,500003000.0,0.0,5.085021277844194e-06,1e-06,1.0657719882543832e-08,0.0,0.00027538453209888605,0.0,1.7315391869940903e-06,0.0,0.00430731141043306,-0.00569268858956694,0
233.0,271.506173216671,542.3537003616271,0.0010133890573815775,0.01733725114074399,500003000.0,0.0,5.095632257587585e-06,1e-06,1.0610979743390484e-08,0.0,0.0002771120773870846,0.0,1.7311476718663132e-06,0.0,0.00430633749220476,-0.00569366250779524,0
234.0,271.50047955416323,542.1254652184098,0.001011364497822313,0.017391983775901027,500003000.0,0.0,5.1061969885107465e-06,1e-06,1.056473092316205e-08,0.0,0.0002788392557103598,0.0,1.730756792593253e-06,0.0,0.00430536515570461,-0.00569463484429539,0
235.0,271.49478491931893,541.8972861312121,0.0010093575688819058,0.017446747351627483,500003000.0,0.0,5.116715953658794e-06,1e-06,1.0518965148047299e-08,0.0,0.0002805660673883025,0.0,1.730366534694129e-06,0.0,0.004304394364910769,-0.0056956056350892315,0
236.0,271.48908931368385,541.669163026212,0.0010073680101860014,0.017501541592664434,500003000.0,0.0,5.1271896279937335e-06,1e-06,1.047367433493961e-08,0.0,0.0002822925127320879,0.0,1.729976884064232e-06,0.0,0.004303425084736895,-0.005696574915263105,0
237.0,271.4833927387686,541.4410958312374,0.0010053955668342816,0.017556366229601234,500003000.0,0.0,5.137618478579788e-06,1e-06,1.0428850586054472e-08,0.0,0.000284018592044728,0.0,1.7295878269934255e-06,0.0,0.004302457281078173,-0.005697542718921827,0
238.0,271.4776951960497,541.2130844757222,0.001003439989243671,0.017611220998703648,500003000.0,0.0,5.148002964763252e-06,1e-06,1.0384486183464142e-08,0.0,0.00028574430562130126,0.0,1.7291993501393135e-06,0.0,0.004301490920744561,-0.005698509079255439,0
239.0,271.47199668697044,540.9851288906632,0.001001501033006295,0.017666105641781792,500003000.0,0.0,5.1583435383471755e-06,1e-06,1.0340573583923619e-08,0.0,0.00028746965374917756,0.0,1.7288114405177185e-06,0.0,0.004300525971437111,-0.005699474028562889,0
240.0,271.46629721294187,540.7572290085785,0.0009995784587487567,0.017721019906026526,500003000.0,0.0,5.168640643761018e-06,1e-06,1.0297105413842025e-08,0.0,0.0002891946367082316,0.0,1.7284240854877066e-06,0.0,0.004299562401710713,-0.005700437598289287,0
241.0,271.46059677534356,540.5293847634673,0.0009976720319999,0.017775963543877265,500003000.0,0.0,5.178894718225486e-06,1e-06,1.0254074464468246e-08,0.0,0.0002909192547710528,0.0,1.7280372727438609e-06,0.0,0.0042986001809548775,-0.005701399819045123,0
242.0,271.45489537552453,540.3015960907712,0.0009957815230584434,0.01783093631285386,500003000.0,0.0,5.189106191912682e-06,1e-06,1.0211473687196392e-08,0.0,0.00029264350820314383,0.0,1.7276509903011425e-06,0.0,0.004297639279356076,-0.005702360720643924,0
243.0,271.4491930148039,540.073862927335,0.0009939067068767194,0.017885937975467895,500003000.0,0.0,5.199275488101836e-06,1e-06,1.0169296189153172e-08,0.0,0.0002943673972631294,0.0,1.7272652265008705e-06,0.0,0.0042966796679126135,-0.005703320332087387,0
244.0,271.4434896944718,539.8461852113716,0.0009920473629238685,0.017940968299071127,500003000.0,0.0,5.209403023330522e-06,1e-06,1.012753522868612e-08,0.0,0.000296090922202931,0.0,1.7268799699742992e-06,0.0,0.004295721318344028,-0.005704278681655972,0
245.0,271.43778541579013,539.6185628824262,0.0009902032750792723,0.0179960270557018,500003000.0,0.0,5.219489207541791e-06,1e-06,1.0086184211269746e-08,0.0,0.0002978140832679557,0.0,1.7264952096523579e-06,0.0,0.004294764203115318,-0.005705235796884682,0
246.0,271.43208017999325,539.3909958813423,0.0009883742315134729,0.01805111402200801,500003000.0,0.0,5.229534444227177e-06,1e-06,1.004523668538614e-08,0.0,0.0002995368806972699,0.0,1.726110934747466e-06,0.0,0.004293808295391707,-0.005706191704608293,0
247.0,271.4263739882886,539.1634841502272,0.0009865600245839905,0.018106228979114646,500003000.0,0.0,5.239539130565834e-06,1e-06,1.0004686338656705e-08,0.0,0.000301259314723778,0.0,1.7257271347554018e-06,0.0,0.0042928535690432874,-0.005707146430956713,0
248.0,271.42066684185767,538.9360276324227,0.0009847604507135488,0.018161371712483346,500003000.0,0.0,5.249503657559725e-06,1e-06,9.964526993890457e-09,0.0,0.00030298138557436916,0.0,1.7253437994205946e-06,0.0,0.004291899998558693,-0.005708100001441307,0
249.0,271.41495874185625,538.7086262724711,0.0009829753103079298,0.018216542011837044,500003000.0,0.0,5.259428410165351e-06,1e-06,9.924752605626294e-09,0.0,0.00030470309347009687,0.0,1.7249609187653122e-06,0.0,0.004290947559117692,-0.005709052440882308,0
250.0,271.4092496894154,538.4812800160856,0.0009812044076425409,0.018271739671050946,500003000.0,0.0,5.269313767421796e-06,1e-06,9.885357256445108e-09,0.0,0.00030642443862632967,0.0,1.7245784830587222e-06,0.0,0.004289996226514234,-0.005710003773485766,0
251.0,271.40353968564193,538.2539888101225,0.0009794475507628583,0.01832696448800121,500003000.0,0.0,5.2791601025753045e-06,1e-06,9.846335153508211e-09,0.0,0.00030814542125289364,0.0,1.7241964828050128e-06,0.0,0.004289045977126898,-0.005710954022873103,0
252.0,271.3978287316191,538.0267526025511,0.0009777045513977348,0.01838221626452855,500003000.0,0.0,5.2889677832006115e-06,1e-06,9.807680625306681e-09,0.0,0.0003098660415542226,0.0,1.72381490874921e-06,0.0,0.004288096787933358,-0.005711903212066642,0
253.0,271.39211682840704,537.7995713424276,0.0009759752248650737,0.01843749480630618,500003000.0,0.0,5.298737171319023e-06,1e-06,9.769388118411698e-09,0.0,0.0003115862997294984,0.0,1.7234337518647743e-06,0.0,0.004287148636479538,-0.0057128513635204626,0
254.0,271.3864039770435,537.5724449798672,0.0009742593899821336,0.018492799922743507,500003000.0,0.0,5.30846862351337e-06,1e-06,9.73145219434714e-09,0.0,0.00031330619597278575,0.0,1.7230530033446898e-06,0.0,0.004286201500857437,-0.005713798499142563,0
255.0,271.3806901785444,537.3453734660199,0.0009725568689792005,0.018548131426898897,500003000.0,0.0,5.318162491039939e-06,1e-06,9.693867526568647e-09,0.0,0.0003150257304731612,0.0,1.722672654594004e-06,0.0,0.0042852553596865765,-0.005714744640313424,0
256.0,271.37497543390407,537.1183567530429,0.0009708674874234252,0.01860348913540092,500003000.0,0.0,5.3278191199375524e-06,1e-06,9.656628897613785e-09,0.0,0.0003167449034148503,0.0,1.7222926972360777e-06,0.0,0.004284310192129547,-0.005715689807870453,0
257.0,271.3692597440962,536.8913947940799,0.0009691910741221081,0.018658872868340403,500003000.0,0.0,5.337438851133667e-06,1e-06,9.619731196114756e-09,0.0,0.00031846371497733407,0.0,1.721913123078141e-06,0.0,0.004283365977806321,-0.005716634022193679,0
258.0,271.36354311007403,536.6644875432336,0.0009675274610666737,0.018714282449214283,500003000.0,0.0,5.347022020547949e-06,1e-06,9.58316941428118e-09,0.0,0.00032018216533548973,0.0,1.7215339241450971e-06,0.0,0.004282422696878351,-0.005717577303121649,0
259.0,271.3578255327709,536.4376349555445,0.0009658764833393671,0.01876971770483162,500003000.0,0.0,5.356568959193023e-06,1e-06,9.546938645073936e-09,0.0,0.00032190025465969813,0.0,1.7211550926431782e-06,0.0,0.004281480329958155,-0.005718519670041845,0
260.0,271.35210701310086,536.2108369869695,0.000964237979040085,0.018825178465210354,500003000.0,0.0,5.366079993272663e-06,1e-06,9.511034079640307e-09,0.0,0.0003236179831159486,0.0,1.720776620955519e-06,0.0,0.0042805388580983055,-0.005719461141901695,0
261.0,271.34638755195897,535.984093594359,0.0009626117892253407,0.0188806645635455,500003000.0,0.0,5.37555544427759e-06,1e-06,9.475451004926506e-09,0.0,0.0003253353508659598,0.0,1.7203985016558157e-06,0.0,0.004279598262825412,-0.005720401737174588,0
262.0,271.3406671502218,535.7574047354364,0.0009609977578300727,0.01893617583610393,500003000.0,0.0,5.384995629078767e-06,1e-06,9.440184801176267e-09,0.0,0.0003270523580672808,0.0,1.7200207274878234e-06,0.0,0.004278658526089113,-0.0057213414739108875,0
263.0,271.3349458087479,535.5307703687766,0.0009593957316054047,0.01899171212215534,500003000.0,0.0,5.394400860018407e-06,1e-06,9.405230939640984e-09,0.0,0.0003287690048733998,0.0,1.7196432913699296e-06,0.0,0.004277719630273457,-0.005722280369726543,0
264.0,271.3292235283781,535.3041904537887,0.0009578055600432748,0.019047273263915813,500003000.0,0.0,5.4037714449986205e-06,1e-06,9.370584980212809e-09,0.0,0.0003304852914338322,0.0,1.7192661863728645e-06,0.0,0.004276781558141454,-0.005723218441858546,0
265.0,271.32350030993626,535.0776649506951,0.0009562270953219291,0.01910285910645845,500003000.0,0.0,5.413107687567933e-06,1e-06,9.33624256931293e-09,0.0,0.0003322012178942211,0.0,1.7188894057316156e-06,0.0,0.004275844292864715,-0.005724155707135285,0
266.0,271.31777615422914,534.8511938205124,0.0009546601922463825,0.019158469497678278,500003000.0,0.0,5.4224098870057115e-06,1e-06,9.302199437778068e-09,0.0,0.0003339167843964414,0.0,1.718512942845314e-06,0.0,0.00427490781802317,-0.0057250921819768305,0
267.0,271.31205106204715,534.6247770250335,0.0009531047081816978,0.019214104288198773,500003000.0,0.0,5.431678338404435e-06,1e-06,9.26845139872361e-09,0.0,0.0003356319910786868,0.0,1.7181367912611583e-06,0.0,0.0042739721175650705,-0.00572602788243493,0
268.0,271.30632503416473,534.3984145268113,0.0009515605029882207,0.01926976333130497,500003000.0,0.0,5.4409133327499074e-06,1e-06,9.23499434547179e-09,0.0,0.00033734683807554573,0.0,1.7177609446588399e-06,0.0,0.004273037175768258,-0.005726962824231742,0
269.0,271.3005980713405,534.1721062891395,0.0009500274389832865,0.01932544648291981,500003000.0,0.0,5.450115156999688e-06,1e-06,9.201824249780544e-09,0.0,0.00033906132551810573,0.0,1.71738539688002e-06,0.0,0.0042721029773134835,-0.005727897022686517,0
270.0,271.29487017431785,533.945852276037,0.0009485053808697836,0.019381153601517587,500003000.0,0.0,5.45928409415948e-06,1e-06,9.16893715979174e-09,0.0,0.0003407754535340279,0.0,1.717010141895222e-06,0.0,0.004271169507202045,-0.005728830492797955,0
271.0,271.28914134382507,533.7196524522317,0.0009469941956888445,0.01943688454806232,500003000.0,0.0,5.468420423357735e-06,1e-06,9.136329198254876e-09,0.0,0.0003424892222476296,0.0,1.7166351738116469e-06,0.0,0.004270236750775241,-0.0057297632492247594,0
272.0,271.28341158057583,533.493506783144,0.0009454937527668676,0.019492639185968854,500003000.0,0.0,5.477524419918469e-06,1e-06,9.103996560734625e-09,0.0,0.0003442026317799637,0.0,1.7162604868682111e-06,0.0,0.0042693046937020175,-0.005730695306297983,0
273.0,271.27768088526955,533.2674152348732,0.000944003923659198,0.019548417381037655,500003000.0,0.0,5.486596355432294e-06,1e-06,9.071935513824288e-09,0.0,0.00034591568224888653,0.0,1.7158860754219869e-06,0.0,0.004268373321945241,-0.005731626678054759,0
274.0,271.2719492585915,533.0413777741803,0.0009425245821139528,0.019604219001400167,500003000.0,0.0,5.4956364978258835e-06,1e-06,9.040142393589727e-09,0.0,0.0003476283737691465,0.0,1.7155119339688989e-06,0.0,0.004267442621813181,-0.00573255737818682,0
275.0,271.26621670121335,532.8153943684745,0.0009410556040137463,0.019660043917480573,500003000.0,0.0,5.504645111429719e-06,1e-06,9.008613603835521e-09,0.0,0.0003493407064524528,0.0,1.7151380571219185e-06,0.0,0.00426651257990527,-0.0057334874200947305,0
276.0,271.26048321379324,532.5894649857983,0.000939596867330514,0.019715892001933723,500003000.0,0.0,5.51362245704425e-06,1e-06,8.977345614531804e-09,0.0,0.0003510526804075453,0.0,1.7147644396107871e-06,0.0,0.0042655831831114105,-0.00573441681688859,0
277.0,271.25474879697634,532.3635895948161,0.0009381482520729496,0.019771763129594055,500003000.0,0.0,5.5225687920044534e-06,1e-06,8.946334960203509e-09,0.0,0.0003527642957402489,0.0,1.714391076266025e-06,0.0,0.004264654418572202,-0.0057353455814277985,0
278.0,271.24901345139494,532.1377681647987,0.0009367096402581927,0.01982765717744466,500003000.0,0.0,5.531484370243037e-06,1e-06,8.915578238583234e-09,0.0,0.00035447555255355655,0.0,1.7140179620451858e-06,0.0,0.004263726273744243,-0.005736273726255757,0
279.0,271.2432771776687,531.9120006656092,0.0009352809158637554,0.019883574024553277,500003000.0,0.0,5.540369442352142e-06,1e-06,8.885072109105357e-09,0.0,0.0003561864509476994,0.0,1.7136450920210018e-06,0.0,0.004262798736370652,-0.005737201263629348,0
280.0,271.23753997640506,531.686287067693,0.0009338619647709729,0.019939513552032724,500003000.0,0.0,5.549224255643492e-06,1e-06,8.85481329135043e-09,0.0,0.0003578969910201909,0.0,1.7132724613518538e-06,0.0,0.0042618717944075965,-0.005738128205592404,0
281.0,271.2318018481995,531.4606273420642,0.0009324526747387197,0.01999547564299859,500003000.0,0.0,5.558049054207299e-06,1e-06,8.824798563806563e-09,0.0,0.0003596071728658945,0.0,1.7129000653057876e-06,0.0,0.004260945436084049,-0.005739054563915952,0
282.0,271.2260627936356,531.2350214602927,0.000931052935365277,0.020051460182548764,500003000.0,0.0,5.566844078969844e-06,1e-06,8.795024762545168e-09,0.0,0.0003613169965770933,0.0,1.7125278992610335e-06,0.0,0.004260019649903069,-0.005739980350096931,0
283.0,271.2203228132855,531.0094693944935,0.0009296626380393783,0.020107467057666913,500003000.0,0.0,5.575609567749666e-06,1e-06,8.765488779821612e-09,0.0,0.000363026462243539,0.0,1.7121559586847376e-06,0.0,0.004259094424588899,-0.005740905575411101,0
284.0,271.2145819077101,530.783971117315,0.0009282816759069993,0.020163496157231644,500003000.0,0.0,5.584345755312517e-06,1e-06,8.736187562851441e-09,0.0,0.00036473556995250835,0.0,1.7117842391388507e-06,0.0,0.004258169749101618,-0.005741830250898382,0
285.0,271.20884007745923,530.5585266019281,0.0009269099438335549,0.020219547371956845,500003000.0,0.0,5.5930528734250855e-06,1e-06,8.707118112568352e-09,0.0,0.00036644431978885637,0.0,1.7114127362758664e-06,0.0,0.0042572456126265335,-0.005742754387373467,0
286.0,271.20309732307186,530.3331358220146,0.0009255473383735114,0.02027562059436837,500003000.0,0.0,5.601731150907562e-06,1e-06,8.678277482476289e-09,0.0,0.00036815271183507695,0.0,1.711041445846596e-06,0.0,0.0042563220045935225,-0.005743677995406478,0
287.0,271.1973536450765,530.1077987517579,0.0009241937577255319,0.02033171571874412,500003000.0,0.0,5.610380813684951e-06,1e-06,8.64966277738947e-09,0.0,0.0003698607461713453,0.0,1.7106703636795743e-06,0.0,0.004255398914625807,-0.005744601085374193,0
288.0,271.1916090439911,529.8825153658304,0.0009228491017124239,0.020387832641087296,500003000.0,0.0,5.619002084837379e-06,1e-06,8.62127115242813e-09,0.0,0.0003715684228755842,0.0,1.710299485704783e-06,0.0,0.004254476332598962,-0.005745523667401038,0
289.0,271.18586352032366,529.6572856393858,0.0009215132717303031,0.020443971259112213,500003000.0,0.0,5.627595184649127e-06,1e-06,8.593099811748129e-09,0.0,0.00037327574202349615,0.0,1.709928807918815e-06,0.0,0.004253554248554267,-0.005746445751445733,0
290.0,271.1801170745722,529.4321095480486,0.000920186170727508,0.020500131472153245,500003000.0,0.0,5.636160330656697e-06,1e-06,8.565146007570983e-09,0.0,0.00037498270368861546,0.0,1.7095583264036588e-06,0.0,0.0042526326527454195,-0.005747367347254581,0
291.0,271.1743697072249,529.2069870679042,0.0009188677031739973,0.02055631318120796,500003000.0,0.0,5.644697737695843e-06,1e-06,8.537407039145205e-09,0.0,0.00037668930794236094,0.0,1.7091880373264738e-06,0.0,0.004251711535637995,-0.005748288464362005,0
292.0,271.16862141876055,528.9819181754896,0.0009175577750242112,0.02061251628883785,500003000.0,0.0,5.65320761794751e-06,1e-06,8.509880251667233e-09,0.0,0.0003783955548540746,0.0,1.7088179369257616e-06,0.0,0.004250790887875029,-0.0057492091121249716,0
293.0,271.1628722096484,528.7569028477837,0.000916256293696413,0.02066874069917348,500003000.0,0.0,5.661690180982885e-06,1e-06,8.482563035375304e-09,0.0,0.00038010144449107815,0.0,1.7084480215268728e-06,0.0,0.0042498707003156035,-0.005750129299684397,0
294.0,271.15712208034876,528.5319410622008,0.0009149631680267766,0.02072498631787045,500003000.0,0.0,5.670145633807313e-06,1e-06,8.455452824428098e-09,0.0,0.000381806976918696,0.0,1.7080782875090705e-06,0.0,0.004248950963952912,-0.005751049036047088,0
295.0,271.1513710313127,528.3070327965772,0.0009136783082679562,0.020781253052084725,500003000.0,0.0,5.678574180903527e-06,1e-06,8.428547096213867e-09,0.0,0.0003835121522003286,0.0,1.7077087313543679e-06,0.0,0.004248031670035741,-0.00575196832996426,0
296.0,271.14561906298275,528.082178029169,0.0009124016260232016,0.02083754081042781,500003000.0,0.0,5.686976024273608e-06,1e-06,8.401843370081289e-09,0.0,0.0003852169703974527,0.0,1.707339349574647e-06,0.0,0.0042471128098871816,-0.005752887190112819,0
297.0,271.13986617579263,527.8573767386384,0.0009111330342600877,0.020893849502965564,500003000.0,0.0,5.695351363480432e-06,1e-06,8.375339206823414e-09,0.0,0.000386921431569698,0.0,1.7069701387864523e-06,0.0,0.004246194375090677,-0.005753805624909323,0
298.0,271.1341123701677,527.6326289040487,0.0009098724472539539,0.020950179041158323,500003000.0,0.0,5.703700395687961e-06,1e-06,8.349032207529264e-09,0.0,0.00038862553577486607,0.0,1.706601095653087e-06,0.0,0.004245276357345988,-0.005754723642654012,0
299.0,271.12835764652505,527.4079345048559,0.0009086197805743574,0.02100652933784824,500003000.0,0.0,5.71202331570081e-06,1e-06,8.322920012848979e-09,0.0,0.00039032928306897117,0.0,1.7062322169060437e-06,0.0,0.004244358748522497,-0.0057556412514775035,0
300.0,271.12260200527356,527.1832935209006,0.0009073749510594005,0.02106290030724705,500003000.0,0.0,5.720320316002973e-06,1e-06,8.297000302162657e-09,0.0,0.0003920326735062799,0.0,1.7058634993426554e-06,0.0,0.004243441540653372,-0.005756558459346629,0
301.0,271.11684544681424,526.958705932401,0.0009061378767891281,0.021119291864874632,500003000.0,0.0,5.728591586795729e-06,1e-06,8.271270792756153e-09,0.0,0.0003937357071393456,0.0,1.7054949398208795e-06,0.0,0.004242524725922586,-0.005757475274077414,0
302.0,271.11108797154014,526.7341717199438,0.0009049084770687954,0.02117570392757915,500003000.0,0.0,5.736837316034831e-06,1e-06,8.245729239101979e-09,0.0,0.00039543838401905594,0.0,1.7051265352716352e-06,0.0,0.00424160829669561,-0.00575839170330439,0
303.0,271.10532957983685,526.5096908644805,0.0009036866723850671,0.02123213641345363,500003000.0,0.0,5.7450576894667384e-06,1e-06,8.220373431907792e-09,0.0,0.00039714070419464144,0.0,1.7047582826590258e-06,0.0,0.0042406922454204625,-0.005759307754579538,0
304.0,271.09957027208225,526.2852633473168,0.0009024723844118462,0.02128858924187409,500003000.0,0.0,5.75325289066437e-06,1e-06,8.195201197631679e-09,0.0,0.0003988426677137374,0.0,1.7043901790331967e-06,0.0,0.004239776564759196,-0.005760223435240804,0
305.0,271.093810048647,526.0608891501091,0.0009012655359592141,0.02134506233343172,500003000.0,0.0,5.7614231010618625e-06,1e-06,8.17021039749252e-09,0.0,0.0004005442746223901,0.0,1.7040222214748328e-06,0.0,0.004238861247449833,-0.005761138752550167,0
306.0,271.08804890989444,525.8365682548547,0.0009000660509793822,0.021401555609924298,500003000.0,0.0,5.7695684999888745e-06,1e-06,8.145398927012423e-09,0.0,0.00040224552496511605,0.0,1.7036544071464217e-06,0.0,0.004237946286433885,-0.0057620537135661155,0
307.0,271.0822868561809,525.612300643888,0.0008988738545170033,0.021458068994326878,500003000.0,0.0,5.777689264703941e-06,1e-06,8.120764715066688e-09,0.0,0.0004039464187849057,0.0,1.703286733237343e-06,0.0,0.004237031674719759,-0.005762968325280241,0
308.0,271.0765238878556,525.3880862998731,0.0008976888727117826,0.0215146024107867,500003000.0,0.0,5.785785570427362e-06,1e-06,8.09630572342074e-09,0.0,0.00040564695612327166,0.0,1.7029191970070504e-06,0.0,0.004236117405490175,-0.005763882594509826,0
309.0,271.0707600052611,525.1639252057956,0.00089651103277227,0.0215711557845869,500003000.0,0.0,5.793857590373379e-06,1e-06,8.072019946017417e-09,0.0,0.00040734713702028457,0.0,1.7025517957728718e-06,0.0,0.00423520347207182,-0.00576479652792818,0
310.0,271.06499520873314,524.9398173449601,0.0008953402629417759,0.021627729042125884,500003000.0,0.0,5.801905495781585e-06,1e-06,8.04790540820594e-09,0.0,0.0004090469615145815,0.0,1.7021845268818566e-06,0.0,0.004234289867865315,-0.005765710132134685,0
311.0,271.059229498601,524.7157627009829,0.0008941764924932643,0.021684322110894886,500003000.0,0.0,5.809929455947829e-06,1e-06,8.023960166243772e-09,0.0,0.0004107464296434013,0.0,1.7018173877368488e-06,0.0,0.004233376586410072,-0.005766623413589928,0
312.0,271.0534628751874,524.4917612577854,0.000893019651710129,0.021740934919465108,500003000.0,0.0,5.8179296382545105e-06,1e-06,8.000182306681711e-09,0.0,0.000412445541442618,0.0,1.7014503757949946e-06,0.0,0.004232463621380584,-0.005767536378619416,0
313.0,271.04769533880875,524.2678129995884,0.0008918696718658336,0.021797567397471178,500003000.0,0.0,5.82590620820026e-06,1e-06,7.976569945749718e-09,0.0,0.0004141442969467711,0.0,1.701083488563283e-06,0.0,0.004231550966575331,-0.005768449033424669,0
314.0,271.0419268897753,524.0439179109081,0.0008907264851971974,0.02185421947556962,500003000.0,0.0,5.8338593294289565e-06,1e-06,7.953121228696782e-09,0.0,0.00041584269618907864,0.0,1.7007167235811267e-06,0.0,0.00423063861587345,-0.005769361384126551,0
315.0,271.0361575283912,523.8200759765499,0.0008895900248978198,0.02191089108545082,500003000.0,0.0,5.841789163758278e-06,1e-06,7.929834329321325e-09,0.0,0.00041754073920147015,0.0,1.7003500784406388e-06,0.0,0.004229726563285171,-0.0057702734367148295,0
316.0,271.03038725495446,523.596287181602,0.0008884602250995316,0.02196758215979579,500003000.0,0.0,5.8496958712076815e-06,1e-06,7.906707449403935e-09,0.0,0.0004192384260146176,0.0,1.6999835507833736e-06,0.0,0.004228814802943716,-0.005771185197056284,0
317.0,271.0246160697574,523.3725515114321,0.0008873370208450986,0.02202429263226797,500003000.0,0.0,5.857579610025754e-06,1e-06,7.883738818072253e-09,0.0,0.0004209357566579464,0.0,1.6996171382795483e-06,0.0,0.004227903329053603,-0.005772096670946397,0
318.0,271.01884397308646,523.1488689516805,0.0008862203480897903,0.02208102243749874,500003000.0,0.0,5.8654405367171865e-06,1e-06,7.860926691432214e-09,0.0,0.0004226327311596789,0.0,1.699250838661876e-06,0.0,0.004226992135974815,-0.005773007864025185,0
319.0,271.0130709652224,522.925239488257,0.0008851101436620304,0.02213777151106386,500003000.0,0.0,5.873278806069031e-06,1e-06,7.838269351844468e-09,0.0,0.0004243293495468346,0.0,1.698884649680273e-06,0.0,0.004226081218110132,-0.005773918781889868,0
320.0,271.00729704644056,522.7016631073358,0.0008840063452648823,0.022194539789458963,500003000.0,0.0,5.881094571176604e-06,1e-06,7.815765107572883e-09,0.0,0.00042602561184526257,0.0,1.6985185691341963e-06,0.0,0.004225170569985563,-0.005774829430014437,0
321.0,271.0015222170105,522.478139795348,0.0008829088914646886,0.022251327210116117,500003000.0,0.0,5.888887983468931e-06,1e-06,7.793412292326642e-09,0.0,0.0004277215180796811,0.0,1.698152594879827e-06,0.0,0.004224260186268227,-0.005775739813731773,0
322.0,270.9957464771968,522.254669538982,0.0008818177216487278,0.022308133711341584,500003000.0,0.0,5.896659192733468e-06,1e-06,7.771209264537496e-09,0.0,0.0004294170682736645,0.0,1.6977867247768908e-06,0.0,0.004223350061634057,-0.005776649938365943,0
323.0,270.98996982725845,522.0312523251738,0.0008807327760453386,0.022364959232331484,500003000.0,0.0,5.904408347140665e-06,1e-06,7.749154407197226e-09,0.0,0.00043111226244969776,0.0,1.697420956755138e-06,0.0,0.004222440190933179,-0.005777559809066821,0
324.0,270.9841922674494,521.8078881411058,0.0008796539956852031,0.022421803713148263,500003000.0,0.0,5.9121355932678474e-06,1e-06,7.727246127183035e-09,0.0,0.0004328071006291823,0.0,1.6970552887669456e-06,0.0,0.004221530569072004,-0.005778469430927996,0
325.0,270.97841379801844,521.5845769742016,0.0008785813223926394,0.022478667094699638,500003000.0,0.0,5.919841076122704e-06,1e-06,7.705482854856173e-09,0.0,0.0004345015828324536,0.0,1.696689718797078e-06,0.0,0.004220621191037508,-0.005779378808962492,0
326.0,270.9726344192095,521.3613188121226,0.0008775146987738169,0.022535549318732855,500003000.0,0.0,5.927524939166344e-06,1e-06,7.683863043640632e-09,0.0,0.00043619570907880095,0.0,1.6963242448659877e-06,0.0,0.004219712051905442,-0.005780287948094558,0
327.0,270.9668541312614,521.1381136427614,0.0008764540682108377,0.02259245032781202,500003000.0,0.0,5.935187324336004e-06,1e-06,7.66238516966027e-09,0.0,0.0004378894793865032,0.0,1.6959588650439618e-06,0.0,0.004218803146875527,-0.005781196853124474,0
328.0,270.96107293440826,520.9149614542395,0.0008753993748339527,0.022649370065313503,500003000.0,0.0,5.942828372067196e-06,1e-06,7.641047731191618e-09,0.0,0.0004395828937728347,0.0,1.69559357742239e-06,0.0,0.004217894471199975,-0.0057821055288000255,0
329.0,270.95529082887947,520.6918622349049,0.0008743505635083462,0.022706308475408346,500003000.0,0.0,5.950448221315448e-06,1e-06,7.619849248251946e-09,0.0,0.00044127595225407077,0.0,1.695228380112607e-06,0.0,0.004216986020180615,-0.005783013979819385,0
330.0,270.9495078148997,520.4688159733254,0.0008733075798405717,0.022763265503032988,500003000.0,0.0,5.958047009577813e-06,1e-06,7.598788262365065e-09,0.0,0.0004429686548455307,0.0,1.6948632712824352e-06,0.0,0.004216077789259789,-0.005783922210740211,0
331.0,270.9437238926889,520.2458226582849,0.0008722703701524063,0.022820241093908303,500003000.0,0.0,5.965624872913862e-06,1e-06,7.57786333604899e-09,0.0,0.0004446610015615929,0.0,1.6944982491290507e-06,0.0,0.004215169773952862,-0.005784830226047138,0
332.0,270.9379390624629,520.0228822787822,0.0008712388814590103,0.02287723519448813,500003000.0,0.0,5.97318194596621e-06,1e-06,7.557073052348702e-09,0.0,0.00044635299241569147,0.0,1.694133311859562e-06,0.0,0.004214261969799906,-0.0057857380302000945,0
333.0,270.93215332443265,519.7999948240246,0.0008702130614794377,0.02293424775197776,500003000.0,0.0,5.980718361980867e-06,1e-06,7.536416014656108e-09,0.0,0.000448044627420356,0.0,1.6937684577340754e-06,0.0,0.004213354372472824,-0.005786645627527176,0
334.0,270.9263666788051,519.5771602834266,0.0008691928586046788,0.022991278714306958,500003000.0,0.0,5.9882342528270335e-06,1e-06,7.515890846166996e-09,0.0,0.00044973590658721127,0.0,1.6934036850256817e-06,0.0,0.004212446977675825,-0.0057875530223241755,0
335.0,270.92057912578275,519.3543786466048,0.000868178221899582,0.023048328030121884,500003000.0,0.0,5.995729749016672e-06,1e-06,7.495496189638184e-09,0.0,0.0004514268299270035,0.0,1.6930389920459157e-06,0.0,0.0042115397812087455,-0.005788460218791255,0
336.0,270.91479066556394,519.1316499033752,0.0008671691010865894,0.023105395648771315,500003000.0,0.0,6.003204979723664e-06,1e-06,7.475230706992535e-09,0.0,0.0004531173974496156,0.0,1.6926743771343735e-06,0.0,0.004210632778941227,-0.005789367221058773,0
337.0,270.9090012983429,518.9089740437498,0.0008661654465313981,0.02316248152029847,500003000.0,0.0,6.010660072802611e-06,1e-06,7.45509307894669e-09,0.0,0.00045480760916407573,0.0,1.6923098386515962e-06,0.0,0.004209725966795015,-0.005790274033204985,0
338.0,270.9032110243097,518.6863510579325,0.0008651672092428504,0.023219585595420988,500003000.0,0.0,6.018095154807378e-06,1e-06,7.4350820047668125e-09,0.0,0.00045649746507858696,0.0,1.6919453749993607e-06,0.0,0.00420881934079443,-0.00579118065920557,0
339.0,270.8974198436505,518.4637809363157,0.0008641743408528449,0.02327670782552527,500003000.0,0.0,6.025510351009235e-06,1e-06,7.415196201857422e-09,0.0,0.00045818696520053676,0.0,1.6915809846015108e-06,0.0,0.004207912897018684,-0.005792087102981317,0
340.0,270.8916277565475,518.2412636694804,0.0008631867935975107,0.02333384816265887,500003000.0,0.0,6.032905785414603e-06,1e-06,7.395434405367137e-09,0.0,0.0004598761095364915,0.0,1.6912166658867334e-06,0.0,0.004207006631559039,-0.0057929933684409615,0
341.0,270.88583476317905,518.0187992481885,0.0008622045203352462,0.0233910065595075,500003000.0,0.0,6.040281580782718e-06,1e-06,7.375795368115482e-09,0.0,0.00046156489809224345,0.0,1.6908524173432542e-06,0.0,0.004206100540654861,-0.005793899459345139,0
342.0,270.8800408637197,517.7963876633837,0.000861227474503698,0.023448182969399347,500003000.0,0.0,6.047637858642719e-06,1e-06,7.3562778600008815e-09,0.0,0.00046325333087279466,0.0,1.690488237453437e-06,0.0,0.004205194620530938,-0.005794805379469062,0
343.0,270.87424605834025,517.5740289061846,0.0008602556101423771,0.02350537734629762,500003000.0,0.0,6.054974739310695e-06,1e-06,7.3368806679759654e-09,0.0,0.0004649414078824026,0.0,1.690124124756761e-06,0.0,0.004204288867554132,-0.005795711132445868,0
344.0,270.8684503472078,517.3517229678854,0.000859288881851755,0.023562589644768702,500003000.0,0.0,6.062292341906179e-06,1e-06,7.31760259548411e-09,0.0,0.0004666291291245648,0.0,1.6897600777877087e-06,0.0,0.004203383278078877,-0.005796616721921123,0
345.0,270.8626537304859,517.129469839952,0.0008583272448024304,0.023619819819978134,500003000.0,0.0,6.069590784368508e-06,1e-06,7.298442462328898e-09,0.0,0.00046831649460203883,0.0,1.6893960951116195e-06,0.0,0.004202477848536367,-0.005797522151463634,0
346.0,270.8568562083344,516.9072695140177,0.0008573706547297929,0.02367706782769805,500003000.0,0.0,6.076870183472932e-06,1e-06,7.279399104423361e-09,0.0,0.00047000350431687025,0.0,1.6890321753317936e-06,0.0,0.004201572575452222,-0.005798427424547778,0
347.0,270.85105778090985,516.6851219818813,0.0008564190679123678,0.023734333624294477,500003000.0,0.0,6.084130654846337e-06,1e-06,7.260471373405042e-09,0.0,0.00047169015827039514,0.0,1.688668317064072e-06,0.0,0.004200667455383264,-0.005799332544616736,0
348.0,270.84525844836526,516.4630272355064,0.000855472441161342,0.023791617166686277,500003000.0,0.0,6.091372312982688e-06,1e-06,7.2416581363510375e-09,0.0,0.00047337645646323853,0.0,1.6883045189330111e-06,0.0,0.004199762484907988,-0.005800237515092012,0
349.0,270.8394582108502,516.2409852670153,0.0008545307318327728,0.023848918412379634,500003000.0,0.0,6.098595271258377e-06,1e-06,7.2229582756889926e-09,0.0,0.00047506239889535403,0.0,1.6879407796126013e-06,0.0,0.004198857660727864,-0.005801142339272136,0
350.0,270.8336570685109,516.018996068688,0.0008535938977983634,0.023906237319434292,500003000.0,0.0,6.105799641947138e-06,1e-06,7.2043706887608474e-09,0.0,0.0004767479855660228,0.0,1.6875770977848463e-06,0.0,0.004197952979564295,-0.0058020470204357055,0
351.0,270.82785502149045,515.7970596329615,0.0008526618974373397,0.02396357384645167,500003000.0,0.0,6.1129855362347075e-06,1e-06,7.185894287570138e-09,0.0,0.00047843321647385133,0.0,1.6872134721396087e-06,0.0,0.00419704843815823,-0.00580295156184177,0
352.0,270.8220520699286,515.5751759524239,0.0008517346896468533,0.02402092795258714,500003000.0,0.0,6.120153064233397e-06,1e-06,7.167527998688946e-09,0.0,0.00048011809161680727,0.0,1.6868499014108984e-06,0.0,0.0041961440333604435,-0.005803855966639557,0
353.0,270.81624821396196,515.3533450198152,0.0008508122338119944,0.024078299597513595,500003000.0,0.0,6.127302334996225e-06,1e-06,7.149270762827853e-09,0.0,0.00048180261099220933,0.0,1.6864863843328757e-06,0.0,0.004195239762022078,-0.005804760237977922,0
354.0,270.81044345372396,515.1315668280216,0.0008498944898183686,0.024135688741442205,500003000.0,0.0,6.134433456530993e-06,1e-06,7.131121534768428e-09,0.0,0.000483486774596759,0.0,1.686122919679889e-06,0.0,0.004194335621094252,-0.005805664378905748,0
355.0,270.80463778934507,514.9098413700767,0.000848981418022708,0.024193095345089125,500003000.0,0.0,6.14154653581394e-06,1e-06,7.1130792829461896e-09,0.0,0.0004851705824265296,0.0,1.6857595062229949e-06,0.0,0.004193431607519888,-0.0058065683924801124,0
356.0,270.7988312209526,514.6881686391562,0.000848072979266968,0.024250519369685065,500003000.0,0.0,6.148641678803342e-06,1e-06,7.0951429894025194e-09,0.0,0.0004868540344769949,0.0,1.6853961427724947e-06,0.0,0.0041925277183395395,-0.005807472281660461,0
357.0,270.7930237486709,514.4665486285768,0.0008471691348568455,0.024307960776959427,500003000.0,0.0,6.155718990452783e-06,1e-06,7.077311649441157e-09,0.0,0.0004885371307430336,0.0,1.6850328281495736e-06,0.0,0.00419162395062083,-0.0058083760493791705,0
358.0,270.7872153726215,514.2449813317945,0.0008462698465561716,0.024365419529131623,500003000.0,0.0,6.162778574724205e-06,1e-06,7.059584271421584e-09,0.0,0.0004902198712189337,0.0,1.6846695611891458e-06,0.0,0.004190720301465537,-0.0058092796985344634,0
359.0,270.78140609292296,514.0234667424023,0.0008453750765830639,0.024422895588891953,500003000.0,0.0,6.169820534600775e-06,1e-06,7.041959876570212e-09,0.0,0.0004919022558984037,0.0,1.6843063407459728e-06,0.0,0.004189816768024808,-0.0058101832319751925,0
360.0,270.775595909691,513.8020048541279,0.0008444847876029648,0.02448038891943434,500003000.0,0.0,6.176844972099543e-06,1e-06,7.024437498768612e-09,0.0,0.0004935842847745855,0.0,1.6839431656943363e-06,0.0,0.0041889133474983485,-0.005811086652501652,0
361.0,270.7697848230385,513.5805956608302,0.0008435989427249879,0.02453789948441925,500003000.0,0.0,6.183851988283915e-06,1e-06,7.00701618437234e-09,0.0,0.0004952659578400712,0.0,1.683580034934069e-06,0.0,0.004188010037149426,-0.0058119899628505745,0
362.0,270.7639728330756,513.3592391564991,0.000842717505485616,0.024595427247948498,500003000.0,0.0,6.190841683275843e-06,1e-06,6.9896949919277095e-09,0.0,0.0004969472750869017,0.0,1.6832169473710659e-06,0.0,0.004187106834256382,-0.005812893165743618,0
363.0,270.7581599399099,513.1379353352536,0.0008418404398465504,0.02465297217458383,500003000.0,0.0,6.1978141562678524e-06,1e-06,6.9724729920094755e-09,0.0,0.0004986282365065736,0.0,1.6828539019257803e-06,0.0,0.004186203736133782,-0.005813796263866218,0
364.0,270.75234614364604,512.9166841913384,0.0008409677101941072,0.024710534229355773,500003000.0,0.0,6.204769505534926e-06,1e-06,6.955349267073883e-09,0.0,0.0005003088420900576,0.0,1.6824908975446283e-06,0.0,0.004185300740160767,-0.005814699259839233,0
365.0,270.7465314443862,512.6954857191226,0.000840099281326405,0.02476811337772146,500003000.0,0.0,6.211707828446139e-06,1e-06,6.9383229112132945e-09,0.0,0.0005019890918278043,0.0,1.6821279331867453e-06,0.0,0.004184397843748122,-0.005815602156251878,0
366.0,270.74071584223,512.4743399130977,0.000839235118450066,0.024825709585575274,500003000.0,0.0,6.218629221476132e-06,1e-06,6.92139302999255e-09,0.0,0.0005036689857097548,0.0,1.6817650078295285e-06,0.0,0.004183495044352061,-0.005816504955647939,0
367.0,270.7348993372743,512.2532467678761,0.0008383751871686878,0.024883322819237347,500003000.0,0.0,6.225533780216352e-06,1e-06,6.904558740220085e-09,0.0,0.000505348523725341,0.0,1.6814021204574664e-06,0.0,0.004182592339446434,-0.005817407660553566,0
368.0,270.72908192961376,512.0322062781889,0.0008375194534857317,0.02494095304546559,500003000.0,0.0,6.232421599386193e-06,1e-06,6.887819169840644e-09,0.0,0.0005070277058635032,0.0,1.6810392700796618e-06,0.0,0.004181689726566323,-0.005818310273433677,0
369.0,270.72326361934034,511.8112184388857,0.0008366678837857387,0.02499860023140292,500003000.0,0.0,6.239292772843845e-06,1e-06,6.871173457651979e-09,0.0,0.0005087065321126818,0.0,1.6806764557036397e-06,0.0,0.004180787203242885,-0.005819212796757115,0
370.0,270.71744440654356,511.59028324492846,0.0008358204448538706,0.02505626434463652,500003000.0,0.0,6.246147393597184e-06,1e-06,6.85462075333927e-09,0.0,0.0005103850024608592,0.0,1.6803136763859752e-06,0.0,0.0041798847671292915,-0.005820115232870709,0
371.0,270.71162429131067,511.369400691395,0.000834977103833631,0.02511394535313876,500003000.0,0.0,6.252985553814188e-06,1e-06,6.838160217004003e-09,0.0,0.0005120631168955293,0.0,1.6799509311584106e-06,0.0,0.004178982415816942,-0.005821017584183058,0
372.0,270.7058032737265,511.14857077347455,0.000834137828251157,0.025171643225277554,500003000.0,0.0,6.259807344833431e-06,1e-06,6.821791019242309e-09,0.0,0.0005137408754037247,0.0,1.6795882190876278e-06,0.0,0.004178080146984149,-0.005821919853015852,0
373.0,270.69998135387345,510.9277934864662,0.0008333025859983698,0.025229357929820458,500003000.0,0.0,6.266612857174318e-06,1e-06,6.805512340887516e-09,0.0,0.0005154182779720232,0.0,1.6792255392521161e-06,0.0,0.004177177958338597,-0.0058228220416614036,0
374.0,270.6941585318318,510.70706882577787,0.0008324713453272208,0.025287089435919324,500003000.0,0.0,6.2734021805471645e-06,1e-06,6.7893233728463415e-09,0.0,0.0005170953245865519,0.0,1.6788628907411314e-06,0.0,0.004176275847614755,-0.005823724152385245,0
375.0,270.68833480767944,510.4863967869232,0.0008316440748507226,0.025344837713113192,500003000.0,0.0,6.280175403863157e-06,1e-06,6.773223315992622e-09,0.0,0.0005187720152330041,0.0,1.678500272667174e-06,0.0,0.00417537381260491,-0.00582462618739509,0
376.0,270.68251018149203,510.2657773655219,0.0008308207435263623,0.02540260273130713,500003000.0,0.0,6.286932615244077e-06,1e-06,6.757211380919572e-09,0.0,0.0005204483498966333,0.0,1.6781376841427197e-06,0.0,0.004174471851101293,-0.0058255281488987076,0
377.0,270.67668465334316,510.0452105572982,0.0008300013206563157,0.025460384460770032,500003000.0,0.0,6.2936739020319085e-06,1e-06,6.741286787831466e-09,0.0,0.000522124328562258,0.0,1.6777751242906456e-06,0.0,0.0041735699609220045,-0.005826430039077996,0
378.0,270.6708582233041,509.8246963580771,0.0008291857758935801,0.02551818287215084,500003000.0,0.0,6.300399350798393e-06,1e-06,6.725448766485021e-09,0.0,0.0005237999512142879,0.0,1.6774125922665373e-06,0.0,0.004172668139966511,-0.00582733186003349,0
379.0,270.6650308914441,509.60423476378514,0.0008283740792175274,0.02557599793644893,500003000.0,0.0,6.307109047354278e-06,1e-06,6.709696555884413e-09,0.0,0.0005254752178367121,0.0,1.6770500872189302e-06,0.0,0.004171766386116742,-0.005828233613883258,0
380.0,270.6592026578302,509.38382577044723,0.0008275662009453601,0.025633829625018277,500003000.0,0.0,6.313803076758548e-06,1e-06,6.694029404270135e-09,0.0,0.0005271501284131176,0.0,1.6766876083220293e-06,0.0,0.0041708646973184806,-0.00582913530268152,0
381.0,270.6533735225275,509.1634693741872,0.0008267621117136493,0.025691677909555496,500003000.0,0.0,6.3204815233274145e-06,1e-06,6.678446568866988e-09,0.0,0.0005288246829266827,0.0,1.6763251547476719e-06,0.0,0.004169963071511622,-0.0058300369284883784,0
382.0,270.647543485599,508.94316557122454,0.0008259617824865431,0.02574954276212091,500003000.0,0.0,6.3271444706432645e-06,1e-06,6.662947315850142e-09,0.0,0.0005304988813601945,0.0,1.675962725691191e-06,0.0,0.004169061506694506,-0.0058309384933054945,0
383.0,270.64171254710567,508.72291435787383,0.0008251651845442007,0.025807424155093895,500003000.0,0.0,6.333792001563417e-06,1e-06,6.647530920152879e-09,0.0,0.0005321727236960527,0.0,1.6756003203570299e-06,0.0,0.004168160000888134,-0.005831839999111866,0
384.0,270.63588070710654,508.502715730543,0.0008243722894792501,0.025865322061197318,500003000.0,0.0,6.340424198228758e-06,1e-06,6.632196665341249e-09,0.0,0.0005338462099162748,0.0,1.6752379379604601e-06,0.0,0.004167258552140448,-0.005832741447859552,0
385.0,270.63004796565866,508.2825696857324,0.0008235830691914473,0.02592323645347476,500003000.0,0.0,6.347041142072234e-06,1e-06,6.616943843476024e-09,0.0,0.0005355193400025001,0.0,1.674875577725486e-06,0.0,0.004166357158521109,-0.005833642841478891,0
386.0,270.6242143228172,508.06247622003343,0.0008227974958856786,0.025981167305303143,500003000.0,0.0,6.3536429138272375e-06,1e-06,6.601771755003329e-09,0.0,0.0005371921139359976,0.0,1.6745132388894104e-06,0.0,0.004165455818132861,-0.005834544181867139,0
387.0,270.6183797786353,507.8424353301262,0.0008220155420691755,0.026039114590384976,500003000.0,0.0,6.360229593535878e-06,1e-06,6.586679708640509e-09,0.0,0.0005388645316976768,0.0,1.6741509207056596e-06,0.0,0.004164554529118556,-0.005835445470881444,0
388.0,270.6125443331644,507.6224470127797,0.00082123718054009,0.026097078282725082,500003000.0,0.0,6.366801260557072e-06,1e-06,6.571667021194517e-09,0.0,0.0005405365932680845,0.0,1.6737886224288545e-06,0.0,0.004163653289624016,-0.005836346710375984,0
389.0,270.606707986454,507.4025112648495,0.0008204623843911768,0.02615505835664619,500003000.0,0.0,6.373357993574575e-06,1e-06,6.55673301750315e-09,0.0,0.0005422082986274165,0.0,1.6734263433305085e-06,0.0,0.004162752097837086,-0.005837247902162914,0
390.0,270.60087073855186,507.1826280832782,0.0008196911269976686,0.02621305478677326,500003000.0,0.0,6.379899870604826e-06,1e-06,6.541877030251278e-09,0.0,0.000543879647755513,0.0,1.6730640826823709e-06,0.0,0.004161850951946196,-0.005838149048053804,0
391.0,270.59503258950383,506.9627974650913,0.0008189233820274537,0.026271067548047904,500003000.0,0.0,6.386426969004793e-06,1e-06,6.527098399966899e-09,0.0,0.0005455506406318829,0.0,1.6727018397851535e-06,0.0,0.004160949850211824,-0.005839050149788176,0
392.0,270.589193539354,506.7430194073974,0.0008181591234239958,0.026329096615700605,500003000.0,0.0,6.392939365479594e-06,1e-06,6.512396474800896e-09,0.0,0.000547221277235701,0.0,1.6723396139414857e-06,0.0,0.004160048790899218,-0.005839951209100782,0
393.0,270.5833535881449,506.5232939073886,0.0008173983253996524,0.02638714196525119,500003000.0,0.0,6.399437136089986e-06,1e-06,6.497770610391901e-09,0.0,0.000548891557545799,0.0,1.671977404449892e-06,0.0,0.004159147772263413,-0.005840852227736587,0
394.0,270.5775127359172,506.3036209623379,0.0008166409624443738,0.026445203572513017,500003000.0,0.0,6.4059203562598414e-06,1e-06,6.483220169854891e-09,0.0,0.0005505614815406832,0.0,1.6716152106301475e-06,0.0,0.004158246792612307,-0.005841753207387693,0
395.0,270.5716709827098,506.08400056959687,0.0008158870093211594,0.026503281413605386,500003000.0,0.0,6.412389100783507e-06,1e-06,6.468744523665425e-09,0.0,0.0005522310491985479,0.0,1.6712530318214659e-06,0.0,0.004157345850302154,-0.005842654149697846,0
396.0,270.5658283285601,505.8644327265965,0.0008151364410498019,0.0265613754648983,500003000.0,0.0,6.41884344383296e-06,1e-06,6.4543430494526955e-09,0.0,0.0005539002604972666,0.0,1.6708908673565115e-06,0.0,0.004156444943672915,-0.005843555056327086,0
397.0,270.55998477350374,505.64491743084557,0.0008143892329124185,0.026619485703061885,500003000.0,0.0,6.425283458964927e-06,1e-06,6.440015131967064e-09,0.0,0.0005555691154143974,0.0,1.6705287165799134e-06,0.0,0.0041555440710943125,-0.005844455928905688,0
398.0,270.5541403175748,505.4254546799293,0.0008136453604506668,0.026677612105032365,500003000.0,0.0,6.43170921912791e-06,1e-06,6.4257601629827176e-09,0.0,0.0005572376139271937,0.0,1.6701665788496655e-06,0.0,0.004154643230969317,-0.005845356769030683,0
399.0,270.5482949608058,505.2060444715084,0.0008129047994594621,0.02673575464802187,500003000.0,0.0,6.438120796669084e-06,1e-06,6.41157754117403e-09,0.0,0.000558905756012607,0.0,1.6698044535312146e-06,0.0,0.004153742421719439,-0.005846257578280561,0
400.0,270.5424487032275,504.98668680331747,0.0008121675259852965,0.026793913309514857,500003000.0,0.0,6.4445182633411135e-06,1e-06,6.397466672029672e-09,0.0,0.0005605735416472934,0.0,1.6694423400008787e-06,0.0,0.0041528416417932305,-0.00584715835820677,0
401.0,270.53660154486926,504.7673816731649,0.0008114335163194814,0.026852088067245327,500003000.0,0.0,6.450901690308841e-06,1e-06,6.3834269677279815e-09,0.0,0.0005622409708076136,0.0,1.6690802376387116e-06,0.0,0.004151940889648536,-0.005848059110351464,0
402.0,270.5307534857589,504.54812907893165,0.0008107027469974606,0.026910278899214983,500003000.0,0.0,6.457271148155903e-06,1e-06,6.3694578470615254e-09,0.0,0.0005639080434696382,0.0,1.6687181458337363e-06,0.0,0.004151040163765513,-0.005848959836234487,0
403.0,270.5249045259227,504.3289290185697,0.000809975194797559,0.02696848578369451,500003000.0,0.0,6.463626706891261e-06,1e-06,6.3555587353582786e-09,0.0,0.0005655747596091555,0.0,1.6683560639879317e-06,0.0,0.0041501394626565465,-0.005849860537343454,0
404.0,270.51905466538534,504.1097814901004,0.0008092508367380345,0.02702670869918979,500003000.0,0.0,6.469968435955652e-06,1e-06,6.341729064390592e-09,0.0,0.0005672411192016827,0.0,1.6679939915166307e-06,0.0,0.004149238784867241,-0.005850761215132759,0
405.0,270.5132039041702,503.890686491616,0.0008085296500613591,0.027084947624469672,500003000.0,0.0,6.476296404227838e-06,1e-06,6.327968272185469e-09,0.0,0.0005689071222224478,0.0,1.6676319278224347e-06,0.0,0.00414833812891153,-0.005851661871088471,0
406.0,270.50735224229913,503.6716440212767,0.0008078116122502055,0.027143202538539208,500003000.0,0.0,6.482610680030922e-06,1e-06,6.31427580308453e-09,0.0,0.0005705727686464132,0.0,1.6672698723344322e-06,0.0,0.004147437493369235,-0.0058525625066307655,0
407.0,270.5014996797925,503.45265407730983,0.0008070967010129606,0.027201473420660153,500003000.0,0.0,6.488911331138488e-06,1e-06,6.300651107566091e-09,0.0,0.0005722380584482747,0.0,1.6669078244844843e-06,0.0,0.0041465368768270755,-0.005853463123172925,0
408.0,270.49564621666934,503.2337166580092,0.0008063848942842373,0.027259760250324876,500003000.0,0.0,6.495198424780674e-06,1e-06,6.287093642185999e-09,0.0,0.0005739029916024678,0.0,1.6665457837143317e-06,0.0,0.004145636277896348,-0.0058543637221036525,0
409.0,270.48979185294723,503.01483176173474,0.0008056761702169042,0.027318063007271604,500003000.0,0.0,6.501472027650127e-06,1e-06,6.273602869453311e-09,0.0,0.000575567568083163,0.0,1.666183749465074e-06,0.0,0.004144735695186751,-0.005855264304813249,0
410.0,270.4839365886424,502.7959993869106,0.0008049705071883531,0.027376381671462207,500003000.0,0.0,6.507732205907945e-06,1e-06,6.2601782578180885e-09,0.0,0.0005772317878642809,0.0,1.6658217211960137e-06,0.0,0.004143835127353269,-0.005856164872646731,0
411.0,270.47808042376977,502.57721953202645,0.0008042678837830055,0.027434716223089132,500003000.0,0.0,6.5139790251894206e-06,1e-06,6.246819281475157e-09,0.0,0.0005788956509194766,0.0,1.6654596983542208e-06,0.0,0.00414293457302045,-0.0058570654269795505,0
412.0,270.4722233583428,502.35849219563227,0.0008035682788169124,0.02749306664259496,500003000.0,0.0,6.520212550609917e-06,1e-06,6.233525420496237e-09,0.0,0.00058055915722218,0.0,1.6650976804312033e-06,0.0,0.004142034030923392,-0.005857965969076609,0
413.0,270.4663653923737,502.13981737634225,0.0008028716712973716,0.027551432910618307,500003000.0,0.0,6.526432846770375e-06,1e-06,6.220296160458075e-09,0.0,0.0005822223067455597,0.0,1.6647356668848313e-06,0.0,0.004141133499713511,-0.005858866500286489,0
414.0,270.4605065258734,501.9211950728318,0.0008021780404487556,0.02760981500803921,500003000.0,0.0,6.532639977762961e-06,1e-06,6.207130992586161e-09,0.0,0.0005838850994625449,0.0,1.6643736571983744e-06,0.0,0.004140232978105409,-0.005859767021894591,0
415.0,270.45464675885154,501.70262528383535,0.0008014873657063168,0.027668212915957616,500003000.0,0.0,6.538834007176612e-06,1e-06,6.1940294136501256e-09,0.0,0.0005855475353458392,0.0,1.6640116508731417e-06,0.0,0.004139332464858561,-0.005860667535141439,0
416.0,270.4487860913164,501.48410800814776,0.0008007996266998729,0.027726626615678537,500003000.0,0.0,6.545014998102394e-06,1e-06,6.1809909257823136e-09,0.0,0.000587209614367908,0.0,1.6636496473999626e-06,0.0,0.004138431958706375,-0.005861568041293625,0
417.0,270.4429245232751,501.2656432446242,0.0008001148032559517,0.027785056088720818,500003000.0,0.0,6.551183013138835e-06,1e-06,6.168015036440401e-09,0.0,0.0005888713365009746,0.0,1.6632876462688706e-06,0.0,0.004137531458380275,-0.005862468541619725,0
418.0,270.4370620547335,501.04723099217523,0.0007994328754157297,0.027843501316837736,500003000.0,0.0,6.557338114397327e-06,1e-06,6.155101258492163e-09,0.0,0.0005905327017170576,0.0,1.662925647011648e-06,0.0,0.004136630962715542,-0.005863369037284458,0
419.0,270.4311986856962,500.82887124977105,0.0007987538233956424,0.027901962281954518,500003000.0,0.0,6.563480363507186e-06,1e-06,6.14224910985918e-09,0.0,0.0005921937099879338,0.0,1.6625636491249983e-06,0.0,0.004135730470460194,-0.005864269529539806,0
420.0,270.42533441616666,500.6105640164377,0.0007980776276167668,0.027960438966237428,500003000.0,0.0,6.569609821620878e-06,1e-06,6.129458113691782e-09,0.0,0.0005938543612851663,0.0,1.6622016521367192e-06,0.0,0.004134829980439601,-0.0058651700195604,0
421.0,270.4194692461471,500.3923092912565,0.0007974042686897105,0.0280189313520326,500003000.0,0.0,6.57572654941908e-06,1e-06,6.1167277982016295e-09,0.0,0.0005955146555801054,0.0,1.661839655579245e-06,0.0,0.0041339294914906595,-0.005866070508509341,0
422.0,270.4136031756386,500.17410707336427,0.0007967337274090146,0.028077439421894092,500003000.0,0.0,6.581830607115649e-06,1e-06,6.104057696568846e-09,0.0,0.000597174592843884,0.0,1.6614776589828584e-06,0.0,0.004133029002444921,-0.005866970997555079,0
423.0,270.4077362046411,499.95595736195185,0.0007960659847584666,0.028135963158587053,500003000.0,0.0,6.587922054462582e-06,1e-06,6.09144734693362e-09,0.0,0.0005988341730474284,0.0,1.6611156618915939e-06,0.0,0.0041321285121681435,-0.005867871487831857,0
424.0,270.40186833315323,499.7378601562634,0.0007954010219041321,0.028194502545046723,500003000.0,0.0,6.594000950754877e-06,1e-06,6.078896292294327e-09,0.0,0.0006004933961614593,0.0,1.6607536638534621e-06,0.0,0.004131228019535976,-0.005868771980464024,0
425.0,270.39599956117274,499.51981545559704,0.0007947388201883913,0.0282530575644203,500003000.0,0.0,6.600067354835291e-06,1e-06,6.0664040804144155e-09,0.0,0.0006021522621564853,0.0,1.6603916644126584e-06,0.0,0.0041303275234145734,-0.005869672476585427,0
426.0,270.39012988869615,499.301823259303,0.0007940793611364949,0.028311628200042353,500003000.0,0.0,6.606121325099117e-06,1e-06,6.0539702638257255e-09,0.0,0.0006038107710028143,0.0,1.6600296631278767e-06,0.0,0.0041294270227061605,-0.00587057297729384,0
427.0,270.38425931571885,499.0838835667822,0.0007934226264527652,0.028370214435429787,500003000.0,0.0,6.61216291949887e-06,1e-06,6.041594399753188e-09,0.0,0.0006054689226705623,0.0,1.6596676595689362e-06,0.0,0.004128526516340637,-0.005871473483659363,0
428.0,270.3783878422352,498.8659963774875,0.0007927685980093707,0.02842881625429459,500003000.0,0.0,6.618192195548854e-06,1e-06,6.029276049983955e-09,0.0,0.0006071267171296424,0.0,1.6593056532977723e-06,0.0,0.00412762600322829,-0.0058723739967717105,0
429.0,270.3725154682384,498.6481616909197,0.0007921172578621146,0.0284874336405312,500003000.0,0.0,6.624209210329797e-06,1e-06,6.017014780942938e-09,0.0,0.0006087841543497923,0.0,1.6589436439059159e-06,0.0,0.004126725482353025,-0.005873274517646975,0
430.0,270.3666421937208,498.4303795066324,0.0007914685882169497,0.028546066578204056,500003000.0,0.0,6.630214020493191e-06,1e-06,6.004810163394291e-09,0.0,0.0006104412343005346,0.0,1.6585816309486826e-06,0.0,0.004125824952608663,-0.005874175047391337,0
431.0,270.3607680186734,498.21264982422537,0.0007908225714696087,0.028604715051579202,500003000.0,0.0,6.63620668226589e-06,1e-06,5.992661772699379e-09,0.0,0.000612097956951226,0.0,1.6582196140325249e-06,0.0,0.004124924413016231,-0.005875075586983769,0
432.0,270.35489294308644,497.99497264334775,0.0007901791901676494,0.028663379045077524,500003000.0,0.0,6.642187251454376e-06,1e-06,5.980569188485874e-09,0.0,0.0006137543222710307,0.0,1.6578575927396986e-06,0.0,0.004124023862536564,-0.005875976137463436,0
433.0,270.34901696694897,497.7773479636957,0.0007895384270289769,0.028722058543307376,500003000.0,0.0,6.648155783449123e-06,1e-06,5.968531994746557e-09,0.0,0.000615410330228936,0.0,1.6574955666712645e-06,0.0,0.004123123300177276,-0.005876876699822725,0
434.0,270.34314009024916,497.5597757850139,0.0007889002649253074,0.028780753531041075,500003000.0,0.0,6.6541123332287956e-06,1e-06,5.956549779672918e-09,0.0,0.0006170659807937383,0.0,1.6571335354164723e-06,0.0,0.004122222724916598,-0.005877777275083402,0
435.0,270.3372623129741,497.3422561070913,0.0007882646869019714,0.028839463993241866,500003000.0,0.0,6.66005695536456e-06,1e-06,5.944622135764252e-09,0.0,0.0006187212739340749,0.0,1.6567714985984357e-06,0.0,0.004121322135817004,-0.0058786778641829966,0
436.0,270.3313836351099,497.12478892976407,0.0007876316761487817,0.028898189915013292,500003000.0,0.0,6.665989704024128e-06,1e-06,5.932748659567623e-09,0.0,0.0006203762096183971,0.0,1.6564094558168854e-06,0.0,0.0041204215318828,-0.0058795784681172,0
437.0,270.32550405664176,496.90737425291326,0.0007870012160183412,0.028956931281650854,500003000.0,0.0,6.671910632975905e-06,1e-06,5.9209289517769074e-09,0.0,0.0006220307878149888,0.0,1.6560474066905867e-06,0.0,0.004119520912165639,-0.005880479087834361,0
438.0,270.31962357755395,496.69001207646517,0.0007863732900139296,0.029015688078590975,500003000.0,0.0,6.6778197955930075e-06,1e-06,5.909162617102715e-09,0.0,0.0006236850084919593,0.0,1.6556853508357357e-06,0.0,0.004118620275710785,-0.005881379724289215,0
439.0,270.31374219782964,496.4727024003879,0.0007857478818019994,0.029074460291464568,500003000.0,0.0,6.683717244857336e-06,1e-06,5.897449264328187e-09,0.0,0.0006253388716172705,0.0,1.6553232878961246e-06,0.0,0.004117719621632151,-0.005882280378367849,0
440.0,270.30785991745125,496.25544522469556,0.0007851249751814765,0.029133247906024312,500003000.0,0.0,6.689603033363377e-06,1e-06,5.8857885060408505e-09,0.0,0.0006269923771586996,0.0,1.6549612174822062e-06,0.0,0.004116818948960712,-0.005883181051039289,0
441.0,270.3019767364002,496.0382405494444,0.000784504554112167,0.029192050908211097,500003000.0,0.0,6.695477213322186e-06,1e-06,5.874179958809202e-09,0.0,0.0006286455250838686,0.0,1.6545991392346715e-06,0.0,0.004115918256802666,-0.005884081743197335,0
442.0,270.296092654657,495.8210883747328,0.0007838866026994068,0.029250869284118856,500003000.0,0.0,6.701339836565216e-06,1e-06,5.8626232430309214e-09,0.0,0.0006302983153602426,0.0,1.6542370527957768e-06,0.0,0.004115017544268101,-0.005884982455731899,0
443.0,270.2902076722013,495.60398870070145,0.0007832711051906065,0.029309703019984434,500003000.0,0.0,6.707190954548088e-06,1e-06,5.851117982871317e-09,0.0,0.0006319507479551264,0.0,1.6538749578056506e-06,0.0,0.004114116810461818,-0.005885883189538183,0
444.0,270.28432178901176,495.38694152753123,0.0007826580459828143,0.0293685521022034,500003000.0,0.0,6.713030618354372e-06,1e-06,5.839663806284588e-09,0.0,0.0006336028228356782,0.0,1.6535128539218307e-06,0.0,0.004113216054531917,-0.005886783945468084,0
445.0,270.2784350050663,495.1699468554446,0.0007820474096075473,0.029427416517334028,500003000.0,0.0,6.718858878699238e-06,1e-06,5.828260344865781e-09,0.0,0.0006352545399688982,0.0,1.6531507407907346e-06,0.0,0.0041123152755988416,-0.005887684724401159,0
446.0,270.27254732034186,494.95300468470396,0.000781439180740987,0.029486296252064708,500003000.0,0.0,6.72467578593313e-06,1e-06,5.816907233892795e-09,0.0,0.0006369058993216391,0.0,1.6527886180726626e-06,0.0,0.004111414472817569,-0.005888585527182431,0
447.0,270.26665873481465,494.7361150156122,0.0007808333441930411,0.02954519129325165,500003000.0,0.0,6.7304813900453415e-06,1e-06,5.805604112211165e-09,0.0,0.0006385569008605987,0.0,1.652426485422078e-06,0.0,0.004110513645328552,-0.005889486354671448,0
448.0,270.26076924846,494.5192778485117,0.0007802298849131742,0.02960410162787682,500003000.0,0.0,6.7362757406675855e-06,1e-06,5.7943506222443844e-09,0.0,0.0006402075445523273,0.0,1.6520643425033087e-06,0.0,0.0041096127922967875,-0.005890387207703213,0
449.0,270.2548788612523,494.3024931837813,0.0007796287879955648,0.02966302724308881,500003000.0,0.0,6.742058887077585e-06,1e-06,5.783146409999322e-09,0.0,0.0006418578303632509,0.0,1.651702189004838e-06,0.0,0.0041087119129473585,-0.005891288087052642,0
450.0,270.2489875731652,494.08576102184037,0.0007790300386500724,0.029721968126157287,500003000.0,0.0,6.747830878202403e-06,1e-06,5.771991124818526e-09,0.0,0.0006435077582596338,0.0,1.6513400245810334e-06,0.0,0.004107811006420482,-0.005892188993579519,0
451.0,270.2430953841716,493.8690813631457,0.0007784336222298073,0.029780924264506743,500003000.0,0.0,6.753591762621956e-06,1e-06,5.7608844195533766e-09,0.0,0.0006451573282076042,0.0,1.6509778489138086e-06,0.0,0.004106910071924897,-0.0058930899280751035,0
452.0,270.23720229424356,493.65245420819105,0.0007778395242176313,0.02983989564570126,500003000.0,0.0,6.759341588572389e-06,1e-06,5.749825950432521e-09,0.0,0.0006468065401731559,0.0,1.6506156616872057e-06,0.0,0.004106009108674641,-0.005893990891325359,0
453.0,270.23130830335225,493.43587955750684,0.0007772477302247272,0.0298988822574331,500003000.0,0.0,6.7650804039494096e-06,1e-06,5.7388153770206074e-09,0.0,0.0006484553941221468,0.0,1.6502534625875076e-06,0.0,0.004105108115889322,-0.005894891884110678,0
454.0,270.22541341146814,493.2193574116596,0.00077665822599124,0.02995788408754834,500003000.0,0.0,6.770808256311602e-06,1e-06,5.7278523621927234e-09,0.0,0.0006501038900203053,0.0,1.6498912513076995e-06,0.0,0.004104207092805222,-0.005895792907194778,0
455.0,270.21951761856093,493.0028877712522,0.0007760709973798817,0.030016901124003494,500003000.0,0.0,6.77652519288366e-06,1e-06,5.716936572057384e-09,0.0,0.0006517520278332229,0.0,1.6495290275369378e-06,0.0,0.004103306038649099,-0.005896693961350901,0
456.0,270.2136209245996,492.78647063692364,0.0007754860303772512,0.030075933354911516,500003000.0,0.0,6.782231260559597e-06,1e-06,5.70606767593699e-09,0.0,0.000653399807526356,0.0,1.649166790966356e-06,0.0,0.0041024049526526265,-0.005897595047347374,0
457.0,270.2077233295522,492.57010600934643,0.0007749033111020934,0.03013498076850337,500003000.0,0.0,6.787926505905996e-06,1e-06,5.695245346399568e-09,0.0,0.0006550472290650454,0.0,1.6488045413096416e-06,0.0,0.004101503834103586,-0.005898496165896414,0
458.0,270.2018248333863,492.3537938892292,0.000774322825782721,0.030194043353144063,500003000.0,0.0,6.793610975165061e-06,1e-06,5.684469259064082e-09,0.0,0.0006566942924144928,0.0,1.6484422782579156e-06,0.0,0.004100602682233621,-0.005899397317766379,0
459.0,270.19592543606853,492.1375342773144,0.0007737445607759975,0.030253121097321572,500003000.0,0.0,6.799284714257773e-06,1e-06,5.673739092712044e-09,0.0,0.0006583409975397794,0.0,1.648080001523031e-06,0.0,0.004099701496325947,-0.005900298503674053,0
460.0,270.1900251375649,491.9213271743776,0.0007731685025574569,0.03031221398966576,500003000.0,0.0,6.80494776878696e-06,1e-06,5.6630545291870555e-09,0.0,0.0006599873444058661,0.0,1.647717710819415e-06,0.0,0.004098800275670187,-0.005901199724329813,0
461.0,270.1841239378405,491.7051725812272,0.0007725946377215772,0.03037132201892216,500003000.0,0.0,6.810600184040329e-06,1e-06,5.652415253369507e-09,0.0,0.0006616333329775994,0.0,1.6473554058674765e-06,0.0,0.004097899019570837,-0.005902100980429164,0
462.0,270.1782218368601,491.48907049870587,0.000772022952971174,0.030430445173958622,500003000.0,0.0,6.8162420049934015e-06,1e-06,5.64182095307213e-09,0.0,0.0006632789632196939,0.0,1.6469930863737503e-06,0.0,0.004096997727297887,-0.005903002272702114,0
463.0,270.1723188345874,491.2730209276886,0.0007714534351303895,0.030489583443769456,500003000.0,0.0,6.82187327631251e-06,1e-06,5.631271319108621e-09,0.0,0.0006649242350967486,0.0,1.6466307520613472e-06,0.0,0.0040960963981625555,-0.005903903601837445,0
464.0,270.1664149309855,491.05702386908155,0.0007708860711401088,0.030548736817468947,500003000.0,0.0,6.827494042357744e-06,1e-06,5.6207660452338045e-09,0.0,0.0006665691485732541,0.0,1.6462684026629161e-06,0.0,0.004095195031499792,-0.0059048049685002085,0
465.0,270.160510126017,490.84107932382324,0.0007703208480474493,0.030607905284298745,500003000.0,0.0,6.833104347185785e-06,1e-06,5.610304828041189e-09,0.0,0.0006682137036135809,0.0,1.645906037900856e-06,0.0,0.0040942936266190446,-0.005905706373380956,0
466.0,270.15460441964365,490.62518729288365,0.0007697577530130803,0.03066708883360836,500003000.0,0.0,6.838704234552776e-06,1e-06,5.599887366991129e-09,0.0,0.0006698579001819857,0.0,1.645543657505587e-06,0.0,0.004093392182849719,-0.005906607817150281,0
467.0,270.1486978118265,490.40934777726255,0.000769196773312647,0.030726287454876697,500003000.0,0.0,6.8442937479171725e-06,1e-06,5.589513364396003e-09,0.0,0.000671501738242624,0.0,1.6451812612212194e-06,0.0,0.004092490699555272,-0.005907509300444728,0
468.0,270.142790302526,490.1935607779913,0.000768637896322296,0.03078550113768505,500003000.0,0.0,6.849872930442463e-06,1e-06,5.579182525290314e-09,0.0,0.0006731452177595328,0.0,1.6448188487771577e-06,0.0,0.004091589176062582,-0.0059084108239374185,0
469.0,270.13688189170205,489.97782629613147,0.0007680811095295904,0.030844729871736767,500003000.0,0.0,6.855441824999949e-06,1e-06,5.568894557485865e-09,0.0,0.0006747883386966414,0.0,1.6444564199139785e-06,0.0,0.0040906876117263145,-0.005909312388273686,0
470.0,270.1309725793138,489.7621443327746,0.000767526400527728,0.030903973646853596,500003000.0,0.0,6.8610004741714546e-06,1e-06,5.55864917150576e-09,0.0,0.0006764311010177701,0.0,1.6440939743735665e-06,0.0,0.004089786005904394,-0.005910213994095606,0
471.0,270.1250623653197,489.5465148890412,0.0007669737570184601,0.030963232452966925,500003000.0,0.0,6.866548920252036e-06,1e-06,5.5484460805819105e-09,0.0,0.0006780735046866394,0.0,1.643731511907847e-06,0.0,0.004088884357979719,-0.005911115642020281,0
472.0,270.1191512496777,489.3309379660803,0.0007664231668069944,0.03102250628011715,500003000.0,0.0,6.872087205252631e-06,1e-06,5.538285000594787e-09,0.0,0.0006797155496668704,0.0,1.643369032270312e-06,0.0,0.004087982667339085,-0.005912017332660916,0
473.0,270.11323923234505,489.1154135650697,0.0007658746178001423,0.031081795118450457,500003000.0,0.0,6.877615370902668e-06,1e-06,5.528165650037102e-09,0.0,0.000681357235921982,0.0,1.6430065352144415e-06,0.0,0.004087080933369258,-0.005912919066630743,0
474.0,270.1073263132784,488.8999416872162,0.0007653280980036434,0.031141098958235768,500003000.0,0.0,6.88313345865264e-06,1e-06,5.518087749971978e-09,0.0,0.000682998563415387,0.0,1.6426440204903355e-06,0.0,0.0040861791554485955,-0.005913820844551405,0
475.0,270.10141249243384,488.68452233375467,0.0007647835955267044,0.031200417789835774,500003000.0,0.0,6.888641509676684e-06,1e-06,5.508051024043436e-09,0.0,0.0006846395321103999,0.0,1.642281487856798e-06,0.0,0.004085277332977109,-0.005914722667022891,0
476.0,270.09549776976684,488.4691555059482,0.0007642410985755998,0.031259751603714823,500003000.0,0.0,6.894139564875092e-06,1e-06,5.498055198408237e-09,0.0,0.0006862801419702316,0.0,1.6419189370699102e-06,0.0,0.004084375465348035,-0.0059156245346519655,0
477.0,270.08958214523216,488.2538412050849,0.0007637005954675332,0.03131910039047855,500003000.0,0.0,6.8996276648769065e-06,1e-06,5.488100001813884e-09,0.0,0.0006879203929580174,0.0,1.6415563679151339e-06,0.0,0.004083473552027697,-0.005916526447972303,0
478.0,270.0836656187842,488.0385794324831,0.0007631620745940535,0.03137846414077552,500003000.0,0.0,6.90510585004222e-06,1e-06,5.478185165314163e-09,0.0,0.0006895602850367698,0.0,1.6411937801308902e-06,0.0,0.004082571592365398,-0.005917428407634602,0
479.0,270.07774819037655,487.8233701894844,0.0007626255244703318,0.0314378428454264,500003000.0,0.0,6.910574160464823e-06,1e-06,5.46831042260229e-09,0.0,0.000691199818169437,0.0,1.6408311735167787e-06,0.0,0.004081669585862634,-0.005918330414137366,0
480.0,270.0718298599624,487.6082134774595,0.0007620909336824742,0.03149723649529832,500003000.0,0.0,6.916032635974435e-06,1e-06,5.458475509611669e-09,0.0,0.0006928389923188527,0.0,1.6404685478224217e-06,0.0,0.004080767531896571,-0.005919232468103429,0
481.0,270.0659106274943,487.393109297804,0.0007615582909257415,0.0315566450813866,500003000.0,0.0,6.921481316139204e-06,1e-06,5.448680164769826e-09,0.0,0.0006944778074477678,0.0,1.6401059028318795e-06,0.0,0.004079865429930048,-0.005920134570069952,0
482.0,270.0599904929242,487.1780576519387,0.0007610275849868203,0.03161606859478189,500003000.0,0.0,6.926920240268055e-06,1e-06,5.438924128850861e-09,0.0,0.0006961162635188492,0.0,1.639743238327655e-06,0.0,0.004078963279422028,-0.0059210367205779725,0
483.0,270.05406945620365,486.9630585413114,0.0007604988047363234,0.031675507026671164,500003000.0,0.0,6.9323494474129565e-06,1e-06,5.429207144902066e-09,0.0,0.000697754360494661,0.0,1.6393805540766136e-06,0.0,0.004078061079792571,-0.005921938920207429,0
484.0,270.04814751728344,486.748111967393,0.0007599719391504935,0.03173496036834061,500003000.0,0.0,6.937768976371336e-06,1e-06,5.419528958379362e-09,0.0,0.0006993920983376985,0.0,1.6390178498788868e-06,0.0,0.004077158830544494,-0.005922841169455506,0
485.0,270.04222467611396,486.5332179316801,0.0007594469772846704,0.03179442861116921,500003000.0,0.0,6.943178865688274e-06,1e-06,5.409889316938312e-09,0.0,0.0007010294770103632,0.0,1.6386551255127152e-06,0.0,0.004076256531126157,-0.005923743468873843,0
486.0,270.0363009326451,486.3183764356944,0.0007589239082842375,0.03185391174663843,500003000.0,0.0,6.948579153658768e-06,1e-06,5.400287970493371e-09,0.0,0.0007026664964749667,0.0,1.638292380760076e-06,0.0,0.004075354180995214,-0.005924645819004786,0
487.0,270.0303762868261,486.1035874809814,0.0007584027213877593,0.03191340976631533,500003000.0,0.0,6.953969878329989e-06,1e-06,5.3907246712212764e-09,0.0,0.0007043031566937406,0.0,1.6379296154154866e-06,0.0,0.004074451779640513,-0.005925548220359487,0
488.0,270.0244507386057,485.88885106910936,0.0007578834059236862,0.03197292266187286,500003000.0,0.0,6.959351077503508e-06,1e-06,5.381199173518827e-09,0.0,0.0007059394576288443,0.0,1.637566829280895e-06,0.0,0.0040735493265693905,-0.00592645067343061,0
489.0,270.0185242879323,485.67416720167193,0.0007573659512963881,0.032032450425061317,500003000.0,0.0,6.9647227887373935e-06,1e-06,5.371711233885419e-09,0.0,0.0007075753992423417,0.0,1.6372040221374389e-06,0.0,0.00407264682123741,-0.0059273531787625905,0
490.0,270.0125969347535,485.4595358802846,0.0007568503470078979,0.03209199304774116,500003000.0,0.0,6.970085049348453e-06,1e-06,5.362260611059386e-09,0.0,0.0007092109814962284,0.0,1.6368411937943936e-06,0.0,0.004071744263170134,-0.0059282557368298665,0
491.0,270.0066686790167,485.24495710658726,0.0007563365826348059,0.03215155052183893,500003000.0,0.0,6.975437896414289e-06,1e-06,5.352847065836155e-09,0.0,0.0007108462043524114,0.0,1.6364783440411191e-06,0.0,0.0040708416518435795,-0.005929158348156421,0
492.0,270.0007395206685,485.0304308822407,0.000755824647849549,0.032211122839395805,500003000.0,0.0,6.9807813667754905e-06,1e-06,5.343470361201525e-09,0.0,0.0007124810677727349,0.0,1.6361154726950205e-06,0.0,0.004069938986803533,-0.005930061013196467,0
493.0,269.9948094596553,484.81595720893034,0.0007553145323927043,0.032270709992528825,500003000.0,0.0,6.986115497037609e-06,1e-06,5.334130262118163e-09,0.0,0.0007141155717189498,0.0,1.635752579543429e-06,0.0,0.004069036267520967,-0.005930963732479033,0
494.0,269.98887849592285,484.60153608836316,0.0007548062260975683,0.03233031197343899,500003000.0,0.0,6.991440323573291e-06,1e-06,5.324826535682446e-09,0.0,0.0007157497161527372,0.0,1.635389664398665e-06,0.0,0.004068133493529018,-0.005931866506470982,0
495.0,269.9829466294164,484.3871675222671,0.0007542997188798038,0.032389928774425564,500003000.0,0.0,6.996755882524325e-06,1e-06,5.315558951034129e-09,0.0,0.0007173835010357117,0.0,1.6350267270774636e-06,0.0,0.0040672306643718,-0.0059327693356282,0
496.0,269.9770138600808,484.17285151239173,0.0007537950007324631,0.032449560387871675,500003000.0,0.0,7.002062209803629e-06,1e-06,5.306327279304605e-09,0.0,0.000719016926329416,0.0,1.6346637673919767e-06,0.0,0.0040663277795820315,-0.005933672220417969,0
497.0,269.97108018786037,483.9585880605095,0.0007532920617224042,0.03250920680622794,500003000.0,0.0,7.0073593410972045e-06,1e-06,5.297131293575376e-09,0.0,0.0007206499919953089,0.0,1.6343007851437548e-06,0.0,0.0040654248386660565,-0.005934575161333944,0
498.0,269.965145612699,483.7443771684126,0.000752790892006109,0.03256886802206683,500003000.0,0.0,7.012647311866177e-06,1e-06,5.2879707689731126e-09,0.0,0.0007222826979947898,0.0,1.6339377801598342e-06,0.0,0.004064521841193617,-0.005935478158806383,0
499.0,269.9592101345402,483.5302188379158,0.0007522914818065938,0.03262854402799591,500003000.0,0.0,7.0179261573486685e-06,1e-06,5.27884548249122e-09,0.0,0.0007239150442891745,0.0,1.633574752244354e-06,0.0,0.004063618786677497,-0.005936381213322503,0
500.0,269.9532737533269,483.316113070853,0.0007517938214362862,0.032688234816740186,500003000.0,0.0,7.0231959125618034e-06,1e-06,5.269755213134781e-09,0.0,0.0007255470308397231,0.0,1.6332117012299481e-06,0.0,0.004062715674701363,-0.005937284325298637,0
501.0,269.94733646900164,483.1020598690788,0.0007512979012768601,0.03274794038110687,500003000.0,0.0,7.028456612303567e-06,1e-06,5.260699741763288e-09,0.0,0.0007271786576076252,0.0,1.6328486269356439e-06,0.0,0.004061812504815035,-0.005938187495184965,0
502.0,269.94139828150645,482.8880592344679,0.000750803711787292,0.032807660713951456,500003000.0,0.0,7.0337082911546985e-06,1e-06,5.251678851131875e-09,0.0,0.000728809924554004,0.0,1.6324855291860291e-06,0.0,0.004060909276582162,-0.005939090723417838,0
503.0,269.93545919078304,482.6741111689158,0.0007503112434982665,0.032867395808254374,500003000.0,0.0,7.038950983480536e-06,1e-06,5.242692325836963e-09,0.0,0.0007304408316399105,0.0,1.6321224078007327e-06,0.0,0.004060005989554061,-0.005939994010445939,0
504.0,269.9295191967726,482.46021567433723,0.0007498204870182407,0.03292714565702971,500003000.0,0.0,7.0441847234328796e-06,1e-06,5.23373995234371e-09,0.0,0.0007320713788263332,0.0,1.6317592626092507e-06,0.0,0.004059102643306593,-0.005940897356693407,0
505.0,269.9235782994159,482.246372752665,0.0007493314330343365,0.03298691025341319,500003000.0,0.0,7.049409544951857e-06,1e-06,5.224821518977256e-09,0.0,0.0007337015660742092,0.0,1.6313960934545283e-06,0.0,0.004058199237449075,-0.005941800762550925,0
506.0,269.91763649865334,482.0325824058531,0.00074884407229293,0.03304668959058985,500003000.0,0.0,7.05462548176763e-06,1e-06,5.215936815772751e-09,0.0,0.0007353313933443966,0.0,1.6310329001522665e-06,0.0,0.004057295771523051,-0.005942704228476949,0
507.0,269.9116937944249,481.8188446358744,0.0007483583956190387,0.033106483661816316,500003000.0,0.0,7.059832567402226e-06,1e-06,5.2070856345963335e-09,0.0,0.0007369608605976904,0.0,1.6306696825347044e-06,0.0,0.004056392245111205,-0.005943607754888796,0
508.0,269.90575018667,481.6051594447191,0.0007478743939165076,0.03316629246045631,500003000.0,0.0,7.0650308351713584e-06,1e-06,5.198267769131904e-09,0.0,0.0007385899677948397,0.0,1.6303064404526256e-06,0.0,0.004055488657842352,-0.005944511342157648,0
509.0,269.89980567532785,481.3915268343972,0.0007473920581466839,0.033226115979921755,500003000.0,0.0,7.070220318186077e-06,1e-06,5.189483014718735e-09,0.0,0.00074021871489652,0.0,1.6299431737303843e-06,0.0,0.004054585009279563,-0.0059454149907204375,0
510.0,269.89386026033714,481.1779468069358,0.0007469113793518454,0.033285954213711916,500003000.0,0.0,7.075401049354577e-06,1e-06,5.180731168500591e-09,0.0,0.0007418471018633591,0.0,1.6295798822185183e-06,0.0,0.004053681299051041,-0.005946318700948959,0
511.0,269.8879139416362,480.96441936438157,0.0007464323486320866,0.033345807155395424,500003000.0,0.0,7.080573061383829e-06,1e-06,5.172012029251483e-09,0.0,0.0007434751286559132,0.0,1.629216565744818e-06,0.0,0.004052777526728403,-0.0059472224732715975,0
512.0,269.88196671916296,480.7509445087978,0.0007459549571674687,0.033405674798608564,500003000.0,0.0,7.085736386781345e-06,1e-06,5.163325397515869e-09,0.0,0.000745102795234693,0.0,1.6288532241641555e-06,0.0,0.004051873691950636,-0.005948126308049364,0
513.0,269.8760185928549,480.5375222422653,0.0007454791961998551,0.03346555713707749,500003000.0,0.0,7.090891057856814e-06,1e-06,5.154671075469294e-09,0.0,0.0007467301015601509,0.0,1.6284898573203058e-06,0.0,0.004050969794329119,-0.0059490302056708815,0
514.0,269.87006956264923,480.32415256688375,0.0007450050570341232,0.033525454164573976,500003000.0,0.0,7.096037106723728e-06,1e-06,5.146048866913825e-09,0.0,0.000748357047592675,0.0,1.6281264650500068e-06,0.0,0.004050065833457728,-0.005949934166542273,0
515.0,269.8641196284827,480.11083548476887,0.0007445325310500443,0.033585365874961304,500003000.0,0.0,7.101174565301075e-06,1e-06,5.13745857734717e-09,0.0,0.0007499836332926065,0.0,1.627763047210375e-06,0.0,0.004049161808981033,-0.005950838191018967,0
516.0,269.85816879029164,479.8975709980537,0.000744061609687642,0.03364529226217229,500003000.0,0.0,7.106303465314924e-06,1e-06,5.128900013848589e-09,0.0,0.0007516098586202298,0.0,1.6273996036483074e-06,0.0,0.004048257720518178,-0.0059517422794818226,0
517.0,269.85221704801216,479.68435910888894,0.0007435922844507726,0.033705233320191166,500003000.0,0.0,7.1114238383000145e-06,1e-06,5.120372985091111e-09,0.0,0.0007532357235357706,0.0,1.6270361342096983e-06,0.0,0.004047353567685817,-0.005952646432314183,0
518.0,269.84626440157984,479.47119981944047,0.0007431245469154638,0.03376518904309641,500003000.0,0.0,7.116535715601401e-06,1e-06,5.111877301386404e-09,0.0,0.0007548612279994129,0.0,1.6266726387590845e-06,0.0,0.004046449350146977,-0.005953550649853023,0
519.0,269.84031085093,479.25809313189166,0.0007426583887123975,0.033825159425009355,500003000.0,0.0,7.121639128375952e-06,1e-06,5.10341277455178e-09,0.0,0.0007564863719712809,0.0,1.6263091171426568e-06,0.0,0.004045545067519046,-0.005954454932480954,0
520.0,269.83435639599753,479.04503904844177,0.0007421938015405769,0.03388514446013698,500003000.0,0.0,7.126734107593945e-06,1e-06,5.094979217992159e-09,0.0,0.0007581111554114503,0.0,1.6259455692195319e-06,0.0,0.004044640719451572,-0.005955359280548429,0
521.0,269.82840103671697,478.83203757130514,0.000741730777164281,0.03394514414275344,500003000.0,0.0,7.131820684040612e-06,1e-06,5.08657644666694e-09,0.0,0.0007597355782799549,0.0,1.6255819948564347e-06,0.0,0.004043736305613022,-0.005956263694386978,0
522.0,269.8224447730226,478.61908870271407,0.0007412693073975262,0.03400515846717927,500003000.0,0.0,7.1368988883175836e-06,1e-06,5.07820427697161e-09,0.0,0.0007613596405367614,0.0,1.625218393894935e-06,0.0,0.004042831825609291,-0.005957168174390709,0
523.0,269.8164876048482,478.4061924449141,0.0007408093841329653,0.03406518742782776,500003000.0,0.0,7.141968750844508e-06,1e-06,5.069862526924175e-09,0.0,0.0007629833421418077,0.0,1.624854766216129e-06,0.0,0.0040419272791446,-0.0059580727208554006,0
524.0,269.81052953212736,478.1933488001688,0.0007403509993057841,0.03412523101914822,500003000.0,0.0,7.147030301860414e-06,1e-06,5.061551015906155e-09,0.0,0.0007646066830549636,0.0,1.6244911116627325e-06,0.0,0.0040410226658276925,-0.005958977334172308,0
525.0,269.8045705547932,477.98055777075456,0.0007398941449292733,0.034185289235676965,500003000.0,0.0,7.152083571425309e-06,1e-06,5.05326956489471e-09,0.0,0.000766229663236071,0.0,1.6241274301184097e-06,0.0,0.004040117985369179,-0.005959882014630821,0
526.0,269.7986106727786,477.7678193589641,0.0007394388130629809,0.0342453620720129,500003000.0,0.0,7.157128589421543e-06,1e-06,5.045017996233428e-09,0.0,0.0007678522826449158,0.0,1.623763721439135e-06,0.0,0.004039213237410784,-0.005960786762589217,0
527.0,269.79264988601597,477.5551335671043,0.000738984995833312,0.034305449522803816,500003000.0,0.0,7.1621653855553045e-06,1e-06,5.036796133762024e-09,0.0,0.0007694745412412451,0.0,1.6233999854996578e-06,0.0,0.00403830842164094,-0.00596169157835906,0
528.0,269.7866881944376,477.3425003974983,0.0007385326854150934,0.03436555158276021,500003000.0,0.0,7.167193989357984e-06,1e-06,5.0286038026795475e-09,0.0,0.0007710964389847472,0.0,1.623036222154228e-06,0.0,0.004037403537697084,-0.005962596462302916,0
529.0,269.7807255979753,477.12991985248226,0.0007380818740545833,0.03442566824667683,500003000.0,0.0,7.172214430187674e-06,1e-06,5.020440829690335e-09,0.0,0.0007727179758350806,0.0,1.6226724312883923e-06,0.0,0.0040364985852945085,-0.005963501414705492,0
530.0,269.77476209656055,476.9173919344074,0.0007376325540448277,0.034485799509377954,500003000.0,0.0,7.177226737230499e-06,1e-06,5.012307042825324e-09,0.0,0.0007743391517518528,0.0,1.62230861276602e-06,0.0,0.004035593564094577,-0.005964406435905423,0
531.0,269.76879769012464,476.70491664563957,0.0007371847177384208,0.0345459453657774,500003000.0,0.0,7.182230939502018e-06,1e-06,5.004202271518449e-09,0.0,0.0007759599666946268,0.0,1.6219447664585392e-06,0.0,0.004034688473777461,-0.0059653115262225396,0
532.0,269.76283237859843,476.4924939885579,0.0007367383575474087,0.034606105810828056,500003000.0,0.0,7.187227065848613e-06,1e-06,4.996126346595382e-09,0.0,0.0007775804206229279,0.0,1.6215808922459155e-06,0.0,0.0040337833140445655,-0.005966216685955435,0
533.0,269.75686616191246,476.28012396555465,0.0007362934659402053,0.03466628083956355,500003000.0,0.0,7.192215144948856e-06,1e-06,4.988079100242154e-09,0.0,0.0007792005134962478,0.0,1.621216990011035e-06,0.0,0.004032878084604565,-0.005967121915395435,0
534.0,269.7508990399971,476.0678065790382,0.0007358500354282204,0.03472647044704166,500003000.0,0.0,7.197195205314761e-06,1e-06,4.980060365904453e-09,0.0,0.0007808202452740167,0.0,1.6208530596113785e-06,0.0,0.0040319727851029314,-0.005968027214897069,0
535.0,269.74493101278216,475.8555418314273,0.000735408058598244,0.034786674628420514,500003000.0,0.0,7.2021672752932574e-06,1e-06,4.972069978496839e-09,0.0,0.0007824396159156504,0.0,1.6204891009515175e-06,0.0,0.004031067415302282,-0.005968932584697718,0
536.0,269.73896208019744,475.64332972515643,0.0007349675280707606,0.03484689337889182,500003000.0,0.0,7.207131383067368e-06,1e-06,4.964107774110518e-09,0.0,0.0007840586253805066,0.0,1.620125113892376e-06,0.0,0.004030161974856656,-0.005969838025143344,0
537.0,269.7329922421723,475.43117026267356,0.000734528436527671,0.034907126693693946,500003000.0,0.0,7.2120875566575594e-06,1e-06,4.956173590191247e-09,0.0,0.0007856772736279015,0.0,1.619761098313421e-06,0.0,0.004029256463466222,-0.005970743536533778,0
538.0,269.7270214986358,475.21906344643764,0.0007340907767126795,0.03496737456815063,500003000.0,0.0,7.217035823923091e-06,1e-06,4.948267265531903e-09,0.0,0.0007872955606171302,0.0,1.6193970541146574e-06,0.0,0.004028350880882232,-0.0059716491191177685,0
539.0,269.7210498495167,475.007009278922,0.0007336545414085632,0.03502763699762399,500003000.0,0.0,7.221976212563201e-06,1e-06,4.940388640109506e-09,0.0,0.000788913486307438,0.0,1.619032981167554e-06,0.0,0.00402744522678496,-0.00597255477321504,0
540.0,269.7150772947435,474.7950077626113,0.0007332197234613507,0.03508791397753834,500003000.0,0.0,7.22690875011844e-06,1e-06,4.932537555238835e-09,0.0,0.0007905310506580447,0.0,1.618668879369474e-06,0.0,0.004026539500919089,-0.005973460499080911,0
541.0,269.7091038342444,474.58305890000423,0.0007327863157579339,0.03514820550336679,500003000.0,0.0,7.231833463971852e-06,1e-06,4.924713853412198e-09,0.0,0.000792148253628122,0.0,1.6183047485953044e-06,0.0,0.004025633702973394,-0.0059743662970266065,0
542.0,269.70312946794735,474.3711626936116,0.0007323543112428365,0.03520851157063796,500003000.0,0.0,7.236750381350255e-06,1e-06,4.916917378403115e-09,0.0,0.0007937650951768087,0.0,1.6179405887355383e-06,0.0,0.004024727832675468,-0.005975272167324532,0
543.0,269.69715419578,474.1593191459559,0.0007319237029122321,0.03526883217494219,500003000.0,0.0,7.241659529325472e-06,1e-06,4.909147975216788e-09,0.0,0.0007953815752632125,0.0,1.6175763996841096e-06,0.0,0.004023821889761466,-0.005976178110238534,0
544.0,269.69117801766976,473.94752825957283,0.0007314944838067447,0.03532916731190865,500003000.0,0.0,7.246560934815505e-06,1e-06,4.901405490032779e-09,0.0,0.000796997693846399,0.0,1.6172121813234958e-06,0.0,0.004022915873939045,-0.005977084126060956,0
545.0,269.6852009335437,473.7357900370088,0.0007310666470245246,0.03538951697724336,500003000.0,0.0,7.251454624585789e-06,1e-06,4.893689770283785e-09,0.0,0.0007986134508854089,0.0,1.6168479335546542e-06,0.0,0.0040220097849618264,-0.005977990215038174,0
546.0,269.6792229433286,473.5241044808226,0.0007306401857075689,0.035449881166683704,500003000.0,0.0,7.256340625250344e-06,1e-06,4.886000664555051e-09,0.0,0.0008002288463392465,0.0,1.6164836562677714e-06,0.0,0.004021103622556645,-0.005978896377443355,0
547.0,269.6732440469512,473.3124715935854,0.000730215093044229,0.035510259876016664,500003000.0,0.0,7.261218963272936e-06,1e-06,4.878338022592586e-09,0.0,0.0008018438801668757,0.0,1.6161193493487868e-06,0.0,0.004020197386439768,-0.005979802613560232,0
548.0,269.6672642443376,473.100891377878,0.0007297913622833924,0.03557065310111231,500003000.0,0.0,7.266089664968326e-06,1e-06,4.8707016953892335e-09,0.0,0.0008034585523272467,0.0,1.6157550127117894e-06,0.0,0.004019291076397486,-0.005980708923602514,0
549.0,269.661283535414,472.8893638362941,0.000729368986706715,0.0356310608378511,500003000.0,0.0,7.270952756503317e-06,1e-06,4.863091534990615e-09,0.0,0.0008050728627792628,0.0,1.6153906462384982e-06,0.0,0.0040183846921355675,-0.005981615307864433,0
550.0,269.6553019201061,472.6778889714392,0.0007289479596484375,0.035691483082189106,500003000.0,0.0,7.275808263897936e-06,1e-06,4.8555073946192264e-09,0.0,0.0008066868114817931,0.0,1.6150262498230937e-06,0.0,0.00401747823339078,-0.00598252176660922,0
551.0,269.6493193983395,472.4664667859283,0.0007285282744978002,0.03575191983012505,500003000.0,0.0,7.280656213026618e-06,1e-06,4.847949128681964e-09,0.0,0.0008083003983936903,0.0,1.61466182337855e-06,0.0,0.0040165716999466415,-0.005983428300053359,0
552.0,269.64333597003946,472.25509728238825,0.0007281099246806224,0.035812371077713054,500003000.0,0.0,7.285496629619257e-06,1e-06,4.840416592639195e-09,0.0,0.0008099136234737687,0.0,1.61429736679674e-06,0.0,0.004015665091534179,-0.005984334908465821,0
553.0,269.637351635131,472.0437804634564,0.0007276929036740921,0.0358728368210549,500003000.0,0.0,7.290329539262352e-06,1e-06,4.832909643095176e-09,0.0,0.0008115264866808171,0.0,1.6139328799821475e-06,0.0,0.00401475840791579,-0.00598524159208421,0
554.0,269.6313663935389,471.8325163317811,0.0007272772049986907,0.03593331705629081,500003000.0,0.0,7.295154967400088e-06,1e-06,4.8254281377362725e-09,0.0,0.0008131389879735923,0.0,1.6135683628348807e-06,0.0,0.004013851648842987,-0.005986148351157013,0
555.0,269.6253802451877,471.6213048900216,0.0007268628222196227,0.03599381177961794,500003000.0,0.0,7.2999729393354206e-06,1e-06,4.817971935332581e-09,0.0,0.0008147511273108203,0.0,1.6132038152547518e-06,0.0,0.004012944814066547,-0.005987055185933453,0
556.0,269.6193931900018,471.41014614084696,0.000726449748951147,0.03605432098728192,500003000.0,0.0,7.304783480231179e-06,1e-06,4.810540895758763e-09,0.0,0.0008163629046512039,0.0,1.6128392371517944e-06,0.0,0.004012037903362672,-0.005987962096637328,0
557.0,269.61340522790516,471.1990400869365,0.0007260379788499333,0.036114844675583804,500003000.0,0.0,7.309586615111121e-06,1e-06,4.803134879942202e-09,0.0,0.0008179743199534202,0.0,1.6124746284324104e-06,0.0,0.004011130916498533,-0.005988869083501467,0
558.0,269.60741635882164,470.98798673097974,0.0007256275056164918,0.036175382840847835,500003000.0,0.0,7.314382368860986e-06,1e-06,4.79575374986486e-09,0.0,0.0008195853731761193,0.0,1.6121099890034202e-06,0.0,0.004010223853242339,-0.005989776146757661,0
559.0,269.6014265826749,470.7769860756776,0.0007252183229895977,0.036235935479471244,500003000.0,0.0,7.3191707662295055e-06,1e-06,4.788397368518914e-09,0.0,0.0008211960642779128,0.0,1.611745318760532e-06,0.0,0.004009316713334657,-0.0059906832866653435,0
560.0,269.59543589938824,470.5660381237392,0.000724810424763431,0.036296502587880836,500003000.0,0.0,7.323951831829518e-06,1e-06,4.781065600012477e-09,0.0,0.0008228063932174019,0.0,1.6113806176273186e-06,0.0,0.00400840949658537,-0.00599159050341463,0
561.0,269.5894443088848,470.3551428778839,0.000724403804766542,0.036357084162556924,500003000.0,0.0,7.328725590138941e-06,1e-06,4.773758309423182e-09,0.0,0.0008244163599531578,0.0,1.6110158855093063e-06,0.0,0.0040075022027594685,-0.005992497797240532,0
562.0,269.58345181108757,470.1443003408409,0.0007239984568718562,0.03641768020002685,500003000.0,0.0,7.333492065501798e-06,1e-06,4.766475362857023e-09,0.0,0.0008260259644437271,0.0,1.6106511223170582e-06,0.0,0.004006594831634473,-0.0059934051683655275,0
563.0,269.57745840591923,469.93351051535,0.0007235943749902421,0.03647829069684708,500003000.0,0.0,7.338251282129197e-06,1e-06,4.759216627398776e-09,0.0,0.0008276352066476223,0.0,1.6102863279526922e-06,0.0,0.004005687382966896,-0.005994312617033104,0
564.0,269.5714640933022,469.7227734041585,0.0007231915530862285,0.03653891564964067,500003000.0,0.0,7.343003264100405e-06,1e-06,4.751981971208218e-09,0.0,0.0008292440865233484,0.0,1.6099215023457047e-06,0.0,0.004004779856581355,-0.005995220143418645,0
565.0,269.5654688731588,469.5120890100242,0.0007227899851537765,0.036599555055061066,500003000.0,0.0,7.347748035363759e-06,1e-06,4.74477126335366e-09,0.0,0.0008308526040293774,0.0,1.6095566453998518e-06,0.0,0.004003872252238437,-0.005996127747761563,0
566.0,269.55947274541103,469.3014573357132,0.0007223896652358678,0.03666020890981712,500003000.0,0.0,7.352485619737693e-06,1e-06,4.7375843739337926e-09,0.0,0.0008324607591241658,0.0,1.6091917570375657e-06,0.0,0.004002964569745188,-0.005997035430254812,0
567.0,269.5534757099808,469.09087838400256,0.0007219905874059447,0.03672087721063797,500003000.0,0.0,7.3572160409116414e-06,1e-06,4.730421173948951e-09,0.0,0.0008340685517661326,0.0,1.60882683715941e-06,0.0,0.004002056808854254,-0.005997943191145746,0
568.0,269.54747776678965,468.88035215767707,0.0007215927457887311,0.03678155995432313,500003000.0,0.0,7.361939322447072e-06,1e-06,4.723281535430877e-09,0.0,0.0008356759819136842,0.0,1.6084618856912685e-06,0.0,0.004001148969381265,-0.005998851030618735,0
569.0,269.54147891575906,468.66987865952996,0.0007211961345465197,0.03684225713769721,500003000.0,0.0,7.366655487778418e-06,1e-06,4.7161653313459345e-09,0.0,0.0008372830495252089,0.0,1.6080969025545803e-06,0.0,0.0040002410511307965,-0.005999758948869204,0
570.0,269.5354791568102,468.45945789236345,0.0007208007478790174,0.03690296875764397,500003000.0,0.0,7.371364560214006e-06,1e-06,4.709072435587516e-09,0.0,0.000838889754559073,0.0,1.6077318876667606e-06,0.0,0.003999333053897415,-0.006000666946102585,0
571.0,269.5294784898641,468.2490898589892,0.0007204065800222202,0.036963694811060384,500003000.0,0.0,7.376066562936968e-06,1e-06,4.7020027229621795e-09,0.0,0.0008404960969736141,0.0,1.6073668409394434e-06,0.0,0.003998424977461302,-0.006001575022538698,0
572.0,269.5234769148416,468.0387745622261,0.0007200136252598061,0.03702443529491791,500003000.0,0.0,7.380761519006226e-06,1e-06,4.694956069257494e-09,0.0,0.0008421020767271614,0.0,1.6070017623046812e-06,0.0,0.003997516821653436,-0.006002483178346564,0
573.0,269.51747443166323,467.8285120049025,0.0007196218779045213,0.03708519020620589,500003000.0,0.0,7.38544945135734e-06,1e-06,4.68793235111406e-09,0.0,0.0008437076937780143,0.0,1.6066366516741392e-06,0.0,0.003996608586254078,-0.006003391413745922,0
574.0,269.5114710402495,467.61830218985494,0.0007192313323124845,0.0371459595419624,500003000.0,0.0,7.390130382803452e-06,1e-06,4.680931446112544e-09,0.0,0.0008453129480844549,0.0,1.606271508971777e-06,0.0,0.0039957002710740725,-0.006004299728925928,0
575.0,269.50546674052055,467.40814511992744,0.0007188419828795192,0.03720674329926866,500003000.0,0.0,7.394804336036196e-06,1e-06,4.67395323274333e-09,0.0,0.0008469178396047521,0.0,1.605906334126399e-06,0.0,0.003994791875936316,-0.006005208124063684,0
576.0,269.4994615323965,467.19804079797336,0.0007184538240318718,0.03726754147523765,500003000.0,0.0,7.399471333626536e-06,1e-06,4.6669975903399695e-09,0.0,0.0008485223682971458,0.0,1.6055411270516374e-06,0.0,0.003993883400625963,-0.006006116599374037,0
577.0,269.4934554157971,466.9879892268525,0.0007180668502432195,0.03732835406704668,500003000.0,0.0,7.40413139802572e-06,1e-06,4.660064399183596e-09,0.0,0.0008501265341198697,0.0,1.6051758876846917e-06,0.0,0.003992974844986796,-0.006007025155013205,0
578.0,269.4874483906421,466.7779904094348,0.0007176810560106514,0.03738918107186368,500003000.0,0.0,7.408784551566061e-06,1e-06,4.653153540340796e-09,0.0,0.0008517303370311225,0.0,1.6048106159333318e-06,0.0,0.003992066208789383,-0.006007933791210617,0
579.0,269.48144045685086,466.5680443485944,0.0007172964358886244,0.03745002248695236,500003000.0,0.0,7.413430816461939e-06,1e-06,4.646264895877931e-09,0.0,0.0008533337769891135,0.0,1.6044453117525631e-06,0.0,0.003991157491921799,-0.006008842508078201,0
580.0,269.47543161434277,466.3581510472166,0.0007169129844429883,0.03751087830957567,500003000.0,0.0,7.418070214810496e-06,1e-06,4.639398348557031e-09,0.0,0.0008549368539520082,0.0,1.6040799750424648e-06,0.0,0.003990248694135485,-0.006009751305864515,0
581.0,269.4694218630369,466.1483105081935,0.0007165306962901886,0.03757174853704512,500003000.0,0.0,7.42270276859258e-06,1e-06,4.6325537820841465e-09,0.0,0.0008565395678779603,0.0,1.6037146057365836e-06,0.0,0.003989339815265133,-0.006010660184734867,0
582.0,269.46341120285217,465.93852273442235,0.000716149566088845,0.03763263316672558,500003000.0,0.0,7.4273284996736285e-06,1e-06,4.625731081048611e-09,0.0,0.0008581419187251277,0.0,1.6033492037838145e-06,0.0,0.003988430855183618,-0.0060115691448163824,0
583.0,269.4573996337074,465.7287877288115,0.0007157695885101656,0.037693532195995284,500003000.0,0.0,7.431947429804355e-06,1e-06,4.618930130726225e-09,0.0,0.0008597439064516213,0.0,1.6029837690827967e-06,0.0,0.003987521813638798,-0.006012478186361202,0
584.0,269.45138715552105,465.51910549427345,0.0007153907582860086,0.0377544456222845,500003000.0,0.0,7.4365595806217395e-06,1e-06,4.612150817384069e-09,0.0,0.0008613455310155622,0.0,1.6026183015902375e-06,0.0,0.003986612690522979,-0.0060133873094770215,0
585.0,269.4453737682116,465.30947603372914,0.0007150130701667247,0.03781537344305958,500003000.0,0.0,7.441164973649742e-06,1e-06,4.60539302800255e-09,0.0,0.0008629467923750461,0.0,1.6022528012271436e-06,0.0,0.003985703485639661,-0.00601429651436034,0
586.0,269.43935947169723,465.09989935010583,0.0007146365189448089,0.03787631565582827,500003000.0,0.0,7.445763630300164e-06,1e-06,4.59865665042253e-09,0.0,0.000864547690488161,0.0,1.6018872679324676e-06,0.0,0.003984794198836984,-0.006015205801163016,0
587.0,269.43334426589604,464.8903754463386,0.000714261099440685,0.03793727225811954,500003000.0,0.0,7.450355571873413e-06,1e-06,4.591941573248186e-09,0.0,0.0008661482253129734,0.0,1.6015217016318898e-06,0.0,0.003983884829930074,-0.006016115170069926,0
588.0,269.42732815072594,464.6809043253699,0.0007138868065108525,0.03799824324750965,500003000.0,0.0,7.454940819559306e-06,1e-06,4.5852476858940854e-09,0.0,0.0008677483968075326,0.0,1.601156102256724e-06,0.0,0.003982975378748069,-0.006017024621251931,0
589.0,269.4213111261047,464.4714859901485,0.0007135136350473624,0.03805922862160572,500003000.0,0.0,7.459519394437882e-06,1e-06,4.578574878576353e-09,0.0,0.0008693482049298771,0.0,1.6007904697433905e-06,0.0,0.003982065845132812,-0.0060179341548671885,0
590.0,269.41529319194984,464.26212044363007,0.0007131415799747175,0.038120228378052734,500003000.0,0.0,7.464091317480169e-06,1e-06,4.5719230422873926e-09,0.0,0.0008709476496380315,0.0,1.600424804027088e-06,0.0,0.003981156228923105,-0.006018843771076895,0
591.0,269.40927434817877,464.05280768877554,0.000712770636255713,0.038181242514543266,500003000.0,0.0,7.468656609548997e-06,1e-06,4.5652920688280406e-09,0.0,0.0008725467308900193,0.0,1.600059105055541e-06,0.0,0.0039802465299889084,-0.006019753470011092,0
592.0,269.40325459470876,463.8435477285536,0.0007124007988759521,0.03824227102878237,500003000.0,0.0,7.473215291399701e-06,1e-06,4.5586818507031176e-09,0.0,0.0008741454486438408,0.0,1.5996933727548406e-06,0.0,0.0039793367481463695,-0.006020663251853631,0
593.0,269.3972339314569,463.63434056593974,0.0007120320628566625,0.03830331391851991,500003000.0,0.0,7.477767383680899e-06,1e-06,4.5520922811985135e-09,0.0,0.0008757438028574802,0.0,1.5993276070588253e-06,0.0,0.003978426883230909,-0.0060215731167690915,0
594.0,269.39121235834017,463.4251862039147,0.0007116644232578523,0.03836437118154242,500003000.0,0.0,7.482312906935295e-06,1e-06,4.5455232543961176e-09,0.0,0.000877341793488921,0.0,1.5989618079167994e-06,0.0,0.003977516935116416,-0.006022483064883584,0
595.0,269.3851898752753,463.21608464546557,0.0007112978751655085,0.038425442815675635,500003000.0,0.0,7.486851881600382e-06,1e-06,4.538974665086883e-09,0.0,0.0008789394204961327,0.0,1.598595975265363e-06,0.0,0.003976606903645182,-0.006023393096354818,0
596.0,269.3791664821789,463.00703589358665,0.0007109324136954685,0.038486528818760524,500003000.0,0.0,7.491384328009172e-06,1e-06,4.5324464087907094e-09,0.0,0.0008805366838370675,0.0,1.5982301090376968e-06,0.0,0.003975696788650987,-0.006024303211349013,0
597.0,269.37314217896756,462.79803995127804,0.0007105680339981632,0.03854762918868758,500003000.0,0.0,7.495910266390954e-06,1e-06,4.525938381781763e-09,0.0,0.0008821335834696668,0.0,1.5978642091748143e-06,0.0,0.0039747865899871,-0.0060252134100129,0
598.0,269.36711696555756,462.58909682154547,0.0007102047312568577,0.038608743923379193,500003000.0,0.0,7.500429716872026e-06,1e-06,4.5194504810722666e-09,0.0,0.000883730119351866,0.0,1.5974982756221946e-06,0.0,0.003973876307517897,-0.006026123692482103,0
599.0,269.36109084186506,462.3802065074,0.0007098425006860084,0.03866987302078764,500003000.0,0.0,7.504942699476424e-06,1e-06,4.512982604397187e-09,0.0,0.0008853262914415954,0.0,1.5971323083266716e-06,0.0,0.003972965941111123,-0.006027034058888877,0
600.0,269.3550638078062,462.17136901185984,0.0007094813375230901,0.03873101647889189,500003000.0,0.0,7.509449234126582e-06,1e-06,4.506534650157529e-09,0.0,0.0008869220996967633,0.0,1.5967663072185944e-06,0.0,0.0039720554905935184,-0.006027944509406482,0
