t_s,T_K,e_Pa,Sw,Si,Ncloud,Nice,r_cloud_m,r_ice_m,drcloud_dt,drice_dt,qcloud,qice,cond_rate_kgm3s,dep_rate_kgm3s,latent_heating_Ks,dT_dt_Ks,ice_active
0.0,273.15,580.5868570382573,-0.05000000000000009,-0.049927860781880086,0.0,0.0,1e-06,5e-07,0.0,0.0,0.0,0.0,0.0,0.0,0.0,-0.05,0
0.5,273.125,580.5337140765147,-0.048361904947645556,-0.04805682362937668,0.0,0.0,1e-06,5e-07,0.0,0.0,0.0,0.0,0.0,0.0,0.0,-0.05,0
1.0,273.1,580.480571114772,-0.046720638073359994,-0.04618174658605272,0.0,0.0,1e-06,5e-07,0.0,0.0,0.0,0.0,0.0,0.0,0.0,-0.05,0
1.5,273.07500000000005,580.4274281530294,-0.045076192601897005,-0.044302620200823345,0.0,0.0,1e-06,5e-07,0.0,0.0,0.0,0.0,0.0,0.0,0.0,-0.05,0
2.0,273.05000000000007,580.3742851912867,-0.043428561742243674,-0.04241943499886467,0.0,0.0,1e-06,5e-07,0.0,0.0,0.0,0.0,0.0,0.0,0.0,-0.05,0
2.5,273.0250000000001,580.3211422295441,-0.041777738687580064,-0.04053218148153647,0.0,0.0,1e-06,5e-07,0.0,0.0,0.0,0.0,0.0,0.0,0.0,-0.05,0
3.0,273.0000000000001,580.2679992678014,-0.04012371661523939,-0.03864085012632445,0.0,0.0,1e-06,5e-07,0.0,0.0,0.0,0.0,0.0,0.0,0.0,-0.05,0
3.5,272.97500000000014,580.2148563060588,-0.0384664886866682,-0.036745431386784086,0.0,0.0,1e-06,5e-07,0.0,0.0,0.0,0.0,0.0,0.0,0.0,-0.05,0
4.0,272.95000000000016,580.1617133443161,-0.03680604804738686,-0.034845915692445974,0.0,0.0,1e-06,5e-07,0.0,0.0,0.0,0.0,0.0,0.0,0.0,-0.05,0
4.5,272.9250000000002,580.1085703825735,-0.03514238782694936,-0.032942293448799224,0.0,0.0,1e-06,5e-07,0.0,0.0,0.0,0.0,0.0,0.0,0.0,-0.05,0
5.0,272.9000000000002,580.0554274208308,-0.033475501138902825,-0.03103455503719229,0.0,0.0,1e-06,5e-07,0.0,0.0,0.0,0.0,0.0,0.0,0.0,-0.05,0
5.5,272.8750000000002,580.0022844590882,-0.031805381080747645,-0.029122690814768194,0.0,0.0,1e-06,5e-07,0.0,0.0,0.0,0.0,0.0,0.0,0.0,-0.05,0
6.0,272.85000000000025,579.9491414973455,-0.030132020733897345,-0.02720669111441706,0.0,0.0,1e-06,5e-07,0.0,0.0,0.0,0.0,0.0,0.0,0.0,-0.05,0
6.5,272.8250000000003,579.8959985356029,-0.02845541316363701,-0.025286546244706092,0.0,0.0,1e-06,5e-07,0.0,0.0,0.0,0.0,0.0,0.0,0.0,-0.05,0
7.0,272.8000000000003,579.8428555738602,-0.026775551419084383,-0.02336224648979899,0.0,0.0,1e-06,5e-07,0.0,0.0,0.0,0.0,0.0,0.0,0.0,-0.05,0
7.5,272.7750000000003,579.7897126121176,-0.02509242853314755,-0.021433782109418882,0.0,0.0,1e-06,5e-07,0.0,0.0,0.0,0.0,0.0,0.0,0.0,-0.05,0
8.0,272.75000000000034,579.7365696503749,-0.023406037522485604,-0.019501143338746772,0.0,0.0,1e-06,5e-07,0.0,0.0,0.0,0.0,0.0,0.0,0.0,-0.05,0
8.5,272.72500000000036,579.6834266886323,-0.021716371387466297,-0.017564320388388302,0.0,0.0,1e-06,5e-07,0.0,0.0,0.0,0.0,0.0,0.0,0.0,-0.05,0
9.0,272.7000000000004,579.6302837268896,-0.020023423112126112,-0.015623303444292715,0.0,0.0,1e-06,5e-07,0.0,0.0,0.0,0.0,0.0,0.0,0.0,-0.05,0
9.5,272.6750000000004,579.577140765147,-0.018327185664129185,-0.01367808266768324,0.0,0.0,1e-06,5e-07,0.0,0.0,0.0,0.0,0.0,0.0,0.0,-0.05,0
10.0,272.65000000000043,579.5239978034043,-0.016627651994724903,-0.011728648195000418,0.0,0.0,1e-06,5e-07,0.0,0.0,0.0,0.0,0.0,0.0,0.0,-0.05,0
10.5,272.62500000000045,579.4708548416617,-0.014924815038707701,-0.009774990137824504,0.0,0.0,1e-06,5e-07,0.0,0.0,0.0,0.0,0.0,0.0,0.0,-0.05,0
11.0,272.6000000000005,579.417711879919,-0.013218667714375226,-0.007817098582829462,0.0,0.0,1e-06,5e-07,0.0,0.0,0.0,0.0,0.0,0.0,0.0,-0.05,0
11.5,272.5750000000005,579.3645689181764,-0.011509202923486941,-0.005854963591678101,0.0,0.0,1e-06,5e-07,0.0,0.0,0.0,0.0,0.0,0.0,0.0,-0.05,0
12.0,272.5500000000005,579.3114259564337,-0.00979641355122187,-0.003888575201002559,0.0,0.0,1e-06,5e-07,0.0,0.0,0.0,0.0,0.0,0.0,0.0,-0.05,0
12.5,272.52500000000055,579.2582829946911,-0.00808029246613735,-0.0019179234222965796,0.0,0.0,1e-06,5e-07,0.0,0.0,0.0,0.0,0.0,0.0,0.0,-0.05,0
13.0,272.50000000000057,579.2051400329484,-0.006360832520127319,5.7001758132928274e-05,0.0,0.0,1e-06,5e-07,0.0,0.0,0.0,0.0,0.0,0.0,0.0,-0.05,0
13.5,272.4750000000006,579.1519970712058,-0.0046380265483796914,0.0020362103792324095,0.0,0.0,1e-06,5e-07,0.0,0.0,0.0,0.0,0.0,0.0,0.0,-0.05,0
14.0,272.4500000000006,579.0988541094631,-0.002911867369334201,0.004019712505278837,0.0,0.0,1e-06,5e-07,0.0,0.0,0.0,0.0,0.0,0.0,0.0,-0.05,0
14.5,272.42500000000064,579.0457111477205,-0.0011823477846409146,0.00600751822593427,0.0,0.0,1e-06,5e-07,0.0,0.0,0.0,0.0,0.0,0.0,0.0,-0.05,0
15.0,272.40000000000066,578.9806221116735,0.0005505394208825461,0.007999637656339197,500003000.0,0.0,1.0153152876538543e-06,5e-07,3.063057530770887e-08,0.0,2.192118340736581e-06,0.0,1.9839900000274587e-07,0.0,0.0004935298507530992,-0.0495064701492469,0
15.5,272.37524676492603,578.8735071009543,0.0022480596635406536,0.009954600339896107,500003000.0,0.0,1.0768360272562206e-06,5e-07,1.230414792047325e-07,0.0,2.6152303690681306e-06,0.0,8.964646564375687e-07,0.0,0.002230011583178031,-0.04776998841682197,0
16.0,272.35136177071763,578.7177330579134,0.0038122716349914456,0.011767489862627404,500003000.0,0.0,1.1750887867873963e-06,5e-07,1.9650551906235116e-07,0.0,3.3983903791155314e-06,0.0,1.7048987436523481e-06,0.0,0.004241041650876488,-0.04575895834912352,0
16.5,272.3284822915431,578.5075681450514,0.005220861398251658,0.013414306844443311,500003000.0,0.0,1.298257023910131e-06,5e-07,2.463364742454695e-07,0.0,4.5829304042446455e-06,0.0,2.6087505710397892e-06,0.0,0.006489429281193506,-0.0435105707188065,0
17.0,272.3067270061837,578.2397314208655,0.006454357148335643,0.01487408215120276,500003000.0,0.0,1.435933501702853e-06,5e-07,2.7535295558544425e-07,0.0,6.201035302379452e-06,0.0,3.5673101773341025e-06,0.0,0.008873905913766423,-0.04112609408623358,0
17.5,272.28616395914054,577.9136027417713,0.007501235151802968,0.016134354279885348,500003000.0,0.0,1.580454517567323e-06,5e-07,2.8904203172893983e-07,0.0,8.268128658959457e-06,0.0,4.536359660372413e-06,0.0,0.011284476767095555,-0.03871552323290445,0
18.0,272.2668061975241,577.5309413412274,0.008358681982517033,0.017191996538132994,500003000.0,0.0,1.7266314092707422e-06,5e-07,2.923537834068387e-07,0.0,1.0781026912933483e-05,0.0,5.476340792974934e-06,0.0,0.013622738290982423,-0.03637726170901758,0
18.5,272.24861756666957,577.0954539819027,0.00903173790793783,0.018052307882962842,500003000.0,0.0,1.8710787361121092e-06,5e-07,2.8889465368273373e-07,0.0,1.3719472362977677e-05,0.0,6.354861728450738e-06,0.0,0.015808113752365023,-0.03419188624763498,0
19.0,272.23152162354575,576.6122925989847,0.009531924075331995,0.018727547514518942,500003000.0,0.0,2.0116395216300426e-06,5e-07,2.811215710358667e-07,0.0,1.7049501975944727e-05,0.0,7.147875247011825e-06,0.0,0.01778078419654683,-0.032219215803453174,0
19.5,272.215412015644,576.0875293614879,0.00987561596940013,0.019235194539419853,500003000.0,0.0,2.1469864084441233e-06,5e-07,2.706937736281612e-07,0.0,2.0727604091349873e-05,0.0,7.84005899761247e-06,0.0,0.019502634322419082,-0.03049736567758092,0
20.0,272.20016333280523,575.527660084074,0.01008232464859508,0.019596106288847694,500003000.0,0.0,2.276359003455447e-06,5e-07,2.5874519002264736e-07,0.0,2.4704921933562362e-05,0.0,8.424347447600709e-06,0.0,0.020956088178111218,-0.029043911821888785,0
20.5,272.1856413768943,574.9391774821777,0.010173058435597909,0.019832761061492836,500003000.0,0.0,2.399389743368155e-06,5e-07,2.460614798254159e-07,0.0,2.8931011208195147e-05,0.0,8.900772519858902e-06,0.0,0.02214122517377836,-0.027858774826221643,0
21.0,272.1717119894812,574.3282384811196,0.01016890677413029,0.01996773791880549,500003000.0,0.0,2.5159849541748314e-06,5e-07,2.3319042161335337e-07,0.0,3.335687353123912e-05,0.0,9.27490053890733e-06,0.0,0.02307189188782918,-0.026928108112170824,0
21.5,272.1582479354251,573.7004325525091,0.010089930268006087,0.020022524220711158,500003000.0,0.0,2.6262407737148013e-06,5e-07,2.2051163907993987e-07,0.0,3.7937161944578935e-05,0.0,9.556152481716845e-06,0.0,0.02377152358636031,-0.026228476413639693,0
22.0,272.1451336972183,573.0606447850777,0.00995438290036034,0.02001667922873829,500003000.0,0.0,2.7303819957674904e-06,5e-07,2.0828244410537837e-07,0.0,4.263158248649811e-05,0.0,9.756228480262812e-06,0.0,0.024269225075280627,-0.025730774924719375,0
22.5,272.13226830975594,572.4129991460321,0.009778247482249588,0.019967333741695837,500003000.0,0.0,2.8287167716661364e-06,5e-07,1.9666955179729254e-07,0.0,4.740559650540131e-05,0.0,9.887774036750716e-06,0.0,0.024596452827738098,-0.025403547172261905,0
23.0,272.1195665361698,571.7608636824405,0.009575037215897312,0.01988897539006993,500003000.0,0.0,2.9216028337434964e-06,5e-07,1.8577212415472013e-07,0.0,5.223056822971631e-05,0.0,9.963349734374935e-06,0.0,0.02478445207555954,-0.025215547924440463,0
23.5,272.1069587622076,571.1068991390882,0.009355803410476114,0.01979345534074121,500003000.0,0.0,3.0094224190676314e-06,5e-07,1.7563917064826974e-07,0.0,5.708351076198507e-05,0.0,9.994709042241625e-06,0.0,0.024862460304083647,-0.025137539695916356,0
24.0,272.09438999235965,570.4531343961504,0.00912928815372541,0.019690150780451117,500003000.0,0.0,3.0925639258645523e-06,5e-07,1.662830135938418e-07,0.0,6.194657169723266e-05,0.0,9.992352174977144e-06,0.0,0.0248565974501919,-0.025143402549808104,0
24.5,272.08181829108474,569.8010551798328,0.008902166964417937,0.019586224188145634,500003000.0,0.0,3.171408837917683e-06,5e-07,1.5768982410626198e-07,0.0,6.680637634805299e-05,0.0,9.965305270213783e-06,0.0,0.024789316592571598,-0.025210683407428405,0
25.0,272.06921294938104,569.151695867167,0.00867933648924885,0.0194869311605495,500003000.0,0.0,3.246322770828552e-06,5e-07,1.4982786582173718e-07,0.0,7.165331928815245e-05,0.0,9.921068851617016e-06,0.0,0.024679275750291087,-0.025320724249708916,0
25.5,272.0565525872562,568.5057273720516,0.008464213445086285,0.019395940498299055,500003000.0,0.0,3.3176497156915916e-06,5e-07,1.426538897260796e-07,0.0,7.648086842076833e-05,0.0,9.865682912437986e-06,0.0,0.024541499782184045,-0.025458500217815958,0
26.0,272.0438233371473,567.8635367838548,0.008259021490317521,0.019315641505701493,500003000.0,0.0,3.385708724794515e-06,5e-07,1.3611801820584662e-07,0.0,8.128492277059354e-05,0.0,9.803863973756342e-06,0.0,0.024387721327752094,-0.02561227867224791,0
26.5,272.03101719781114,567.2252965295138,0.008065051598070905,0.01924742299608052,500003000.0,0.0,3.450792421989733e-06,5e-07,1.3016739439043547e-07,0.0,8.60632468399751e-05,0.0,9.739179200597338e-06,0.0,0.024226813931834176,-0.025773186068165827,0
27.0,272.01813060477707,566.5910223558251,0.007882888455614762,0.01919191595537795,500003000.0,0.0,3.5131668374203752e-06,5e-07,1.2474883086128472e-07,0.0,9.081499076436243e-05,0.0,9.674232207131284e-06,0.0,0.024065254246595235,-0.025934745753404768,0
27.5,272.0051632319004,565.960620453396,0.007712600464909993,0.019149197238578355,500003000.0,0.0,3.5730721668066144e-06,5e-07,1.1981065877247847e-07,0.0,9.554029614863967e-05,0.0,9.610843514909957e-06,0.0,0.02390757093261183,-0.026092429067388172,0
28.0,271.9921170173667,565.3339246658836,0.0075538943126680705,0.01911895531764781,500003000.0,0.0,3.630724141566454e-06,5e-07,1.1530394951967953e-07,0.0,0.0001002399815944273,0.0,9.550215323682614e-06,0.0,0.023756754536523917,-0.026243245463476086,0
28.5,271.978995394635,564.710725048086,0.00740623714135388,0.019100621316099565,500003000.0,0.0,3.6863157688509723e-06,5e-07,1.1118325456903598e-07,0.0,0.00010491529871305144,0.0,9.493075278764513e-06,0.0,0.02361461512130476,-0.026385384878695243,0
29.0,271.9658027021956,564.0907891439244,0.007268950418164241,0.019093469711925846,500003000.0,0.0,3.7400192611315155e-06,5e-07,1.0740698456108657e-07,0.0,0.00010956774810225721,0.0,9.439797450603294e-06,0.0,0.023482083210455956,-0.026517916789544047,0
29.5,271.95254374380085,563.4738773239202,0.007141279963708581,0.019096693484501787,500003000.0,0.0,3.7919880243796855e-06,5e-07,1.0393752649634012e-07,0.0,0.00011419894471482666,0.0,9.390501050508775e-06,0.0,0.023359455349524313,-0.02664054465047569,0
30.0,271.9392234714756,562.8597534078772,0.007022446508729243,0.019109458383652522,500003000.0,0.0,3.842358613350381e-06,5e-07,1.0074117794139003e-07,0.0,0.00011881052277229484,0.0,9.34512877662667e-06,0.0,0.023246588996583755,-0.026753411003416248,0
30.5,271.9258467659739,562.2481916429895,0.006911680781231698,0.019130940608521642,500003000.0,0.0,3.891252593312519e-06,5e-07,9.778795992427778e-08,0.0,0.00012340407151613153,0.0,9.30350737496547e-06,0.0,0.023143053171555898,-0.026856946828444105,0
31.0,271.9124182925597,561.6389809383902,0.0068082466226654995,0.01916035164536789,500003000.0,0.0,3.938778271085745e-06,5e-07,9.505135554645212e-08,0.0,0.00012798109439258597,0.0,9.26539322787047e-06,0.0,0.023048241860374304,-0.0269517581396257,0
31.5,271.8989424134899,561.0319270920223,0.006711455081579811,0.019196953424529744,500003000.0,0.0,3.9850322756935915e-06,5e-07,9.250800921569313e-08,0.0,0.00013254298557380858,0.0,9.230505714388448e-06,0.0,0.02296145700096629,-0.027038542999033712,0
32.0,271.88542314199043,560.4268535949379,0.006620671895259568,0.01924006638090741,500003000.0,0.0,4.030100981495391e-06,5e-07,9.013741160359953e-08,0.0,0.00013709101893048678,0.0,9.198550848154431e-06,0.0,0.022881967283966246,-0.027118032716033757,0
32.5,271.8718641256324,559.8236014667649,0.006535320277968133,0.0192890724753112,500003000.0,0.0,4.074061775339736e-06,5e-07,8.792158768868938e-08,0.0,0.00014162634564003163,0.0,9.16923737577369e-06,0.0,0.022809048198442015,-0.027190951801557988,0
33.0,271.8582686497316,559.2220284656803,0.006454880505278669,0.01934341477442807,500003000.0,0.0,4.116984174976463e-06,5e-07,8.584479927345368e-08,0.0,0.00014614999752056925,0.0,9.142287170225094e-06,0.0,0.022742007886132076,-0.027257992113867927,0
33.5,271.8446396536747,558.6220079261466,0.006378887423080956,0.019402594800149008,500003000.0,0.0,4.158930809413646e-06,5e-07,8.389326887436736e-08,0.0,0.00015066289392586725,0.0,9.117441416123308e-06,0.0,0.02268020252766992,-0.02731979747233008,0
34.0,271.83097975493854,558.0234274060691,0.006306926714836023,0.019466168542839175,500003000.0,0.0,4.1999582737124565e-06,5e-07,8.205492859761963e-08,0.0,0.000155165850632267,0.0,9.09446377654032e-06,0.0,0.022623044220249553,-0.02737695577975045,0
34.5,271.81729127704864,557.4261872694534,0.006238630526078641,0.01953374178167549,500003000.0,0.0,4.240117871357624e-06,5e-07,8.031919529033349e-08,0.0,0.00015965958961420662,0.0,9.073141464880072e-06,0.0,0.02257000364398028,-0.027429996356019722,0
35.0,271.80357627887065,556.8301992884997,0.006173672862733272,0.019604965159346077,500003000.0,0.0,4.279456257196212e-06,5e-07,7.867677167717662e-08,0.0,0.00016414474896019615,0.0,9.053284922049881e-06,0.0,0.02252060925883055,-0.02747939074116945,0
35.5,271.78983658350006,556.2353853178487,0.006111765041427453,0.019679529310122117,500003000.0,0.0,4.318015993286023e-06,5e-07,7.711947217962017e-08,0.0,0.00016862189244617654,0.0,9.034726617685622e-06,0.0,0.02247444432260105,-0.027525555677398953,0
36.0,271.7760738056614,555.6416760711664,0.00605265136709703,0.01975716022973813,500003000.0,0.0,4.355836029044114e-06,5e-07,7.564007151618396e-08,0.0,0.00017309151847607403,0.0,9.017319349770126e-06,0.0,0.022431142661119712,-0.02756885733888029,0
36.5,271.76228937699193,555.0490100144373,0.005996105139092206,0.019837614996075215,500003000.0,0.0,4.392952115987751e-06,5e-07,7.423217388727337e-08,0.0,0.00017755406823619457,0.0,9.000934305475651e-06,0.0,0.022390383844466795,-0.027609616155533208,0
37.0,271.74848456891414,554.457332379635,0.00594192503459344,0.019920677893413237,500003000.0,0.0,4.429397166215644e-06,5e-07,7.289010045578741e-08,0.0,0.00018200993300392486,0.0,8.985459060973267e-06,0.0,0.022351888211376285,-0.027648111788623718,0
37.5,271.73466051301983,553.8665942955242,0.005889931882830921,0.02000615695489997,500003000.0,0.0,4.465201562657455e-06,5e-07,7.160879288362205e-08,0.0,0.00018645946061313632,0.0,8.970795635230946e-06,0.0,0.02231541202793768,-0.027684587972062323,0
38.0,271.7208182190338,553.2767520281662,0.005839965820554019,0.02009388091332568,500003000.0,0.0,4.500393428065486e-06,5e-07,7.038373081606397e-08,0.0,0.00019090296111723269,0.0,8.956858667159164e-06,0.0,0.02228074295313225,-0.027719257046867753,0
38.5,271.70695859051034,552.6877663214686,0.0057918838052184165,0.020183696535067935,500003000.0,0.0,4.534998858758564e-06,5e-07,6.921086138615644e-08,0.0,0.00019534071171269524,0.0,8.94357375326096e-06,0.0,0.022247695903634228,-0.027752304096365775,0
39.0,271.69308243846217,552.0996018271983,0.005745557454897615,0.020275466304149323,500003000.0,0.0,4.569042128265678e-06,5e-07,6.8086539014228e-08,0.0,0.00019977296099648817,0.0,8.93087596110976e-06,0.0,0.022216109355994426,-0.027783890644005577,0
39.5,271.67919049314014,551.5122266138276,0.005700871180666597,0.020369066419751083,500003000.0,0.0,4.602545865256913e-06,5e-07,6.700747398247008e-08,0.0,0.0002041999326334741,0.0,8.918708519418015e-06,0.0,0.022185842088104517,-0.027814157911895485,0
40.0,271.6652834141842,550.9256117440815,0.0056577205769127135,0.020464385070181227,500003000.0,0.0,4.635531209488187e-06,5e-07,6.597068846254882e-08,0.0,0.0002086218285079102,0.0,8.907021676487995e-06,0.0,0.022156770339522375,-0.027843229660477628,0
40.5,271.651361799354,550.3397309118419,0.005616011036646089,0.02056132094808426,500003000.0,0.0,4.668017948917814e-06,5e-07,6.497347885925371e-08,0.0,0.00021303883142821548,0.0,8.895771713909263e-06,0.0,0.02212878535798324,-0.027871214642016764,0
41.0,271.637426192033,549.7545601300195,0.005575656561246135,0.02065978197410857,500003000.0,0.0,4.70002464066633e-06,5e-07,6.401338349703223e-08,0.0,0.000217451107447682,0.0,8.884920099650414e-06,0.0,0.02210179129266272,-0.027898208707337283,0
41.5,271.6234770876793,549.1700774619834,0.005536578737295391,0.020759684199743063,500003000.0,0.0,4.7315687180789045e-06,5e-07,6.308815482514943e-08,0.0,0.00022185880785683865,0.0,8.874432764285115e-06,0.0,0.022075703393744067,-0.027924296606255936,0
42.0,271.6095149393762,548.5862627901015,0.005498705856229796,0.020860950863323548,500003000.0,0.0,4.762666585800829e-06,5e-07,6.219573544384904e-08,0.0,0.00022626207089614082,0.0,8.86427948434744e-06,0.0,0.022050446478476222,-0.02794955352152378,0
42.5,271.5955401626154,548.0030976158336,0.005461972155733625,0.020963511576549514,500003000.0,0.0,4.793333704483336e-06,5e-07,6.133423736501429e-08,0.0,0.00023066102323106245,0.0,8.854433358027167e-06,0.0,0.02202595362693325,-0.027974046373066754,0
43.0,271.5815531394289,547.4205648866359,0.0054263171646059954,0.021067301622030632,500003000.0,0.0,4.823584666490083e-06,5e-07,6.0501924013494e-08,0.0,0.0002350557812255554,0.0,8.844870359654708e-06,0.0,0.02200216507376793,-0.027997834926232073,0
43.5,271.56755422196574,546.8386488456416,0.00539168513564266,0.021172261345173627,500003000.0,0.0,4.853433263768487e-06,5e-07,5.969719455680707e-08,0.0,0.00023944645204452617,0.0,8.835568961263729e-06,0.0,0.021979027266825196,-0.028020972733174807,0
44.0,271.55354373559913,546.2573349007099,0.0053580245532052805,0.02127833562622045,500003000.0,0.0,4.882892548876232e-06,5e-07,5.891857021548924e-08,0.0,0.00024383313461118255,0.0,8.826509810721587e-06,0.0,0.02195649206647161,-0.028043507933528392,0
44.5,271.5395219816324,545.6766095099701,0.005325287704372057,0.02138547342041781,500003000.0,0.0,4.911974890008473e-06,5e-07,5.816468226448171e-08,0.0,0.0002482159204410955,0.0,8.817675457671541e-06,0.0,0.021934516063859554,-0.02806548393614045,0
45.0,271.5254892396643,545.0964600814394,0.005293430304200581,0.021493627356281058,500003000.0,0.0,4.940692020749201e-06,5e-07,5.743426148145544e-08,0.0,0.00025259489437132367,0.0,8.809050119665201e-06,0.0,0.021913059999167168,-0.028086940000832835,0
45.5,271.51144576966385,544.516874884683,0.005262411167139657,0.02160275338332223,500003000.0,0.0,4.969055085167755e-06,5e-07,5.6726128837108774e-08,0.0,0.00025697013519998996,0.0,8.800619482054974e-06,0.0,0.021892088263818343,-0.02810791173618166,0
46.0,271.4973918137958,543.9378429728046,0.005232191917964802,0.021712810462168934,500003000.0,0.0,4.997074678795616e-06,5e-07,5.60391872557224e-08,0.0,0.00026134171624927626,0.0,8.792370526362554e-06,0.0,0.021871568473538692,-0.02812843152646131,0
46.5,271.48332759803253,543.3593541133241,0.005202736736596102,0.021823760290993532,500003000.0,0.0,5.024760885945796e-06,5e-07,5.5372414300360365e-08,0.0,0.00026570970586270996,0.0,8.784291382586348e-06,0.0,0.021851471100961063,-0.02814852889903894,0
47.0,271.469253333583,542.7813987267358,0.005174012132017014,0.021935567063211404,500003000.0,0.0,5.052123313775414e-06,5e-07,5.472485565923691e-08,0.0,0.00027007416784585026,0.0,8.776371201601489e-06,0.0,0.02183176915821266,-0.028168230841787344,0
47.5,271.45516921816215,542.2039678317132,0.0051459867414157,0.02204819725214365,500003000.0,0.0,5.079171123440486e-06,5e-07,5.409561933014318e-08,0.0,0.0002744351618581299,0.0,8.768600044702299e-06,0.0,0.021812437922145024,-0.02818756207785498,0
48.0,271.44107543712323,541.6270529960973,0.005118631151081496,0.02216161941910601,500003000.0,0.0,5.105913058647063e-06,5e-07,5.3483870413153875e-08,0.0,0.000278792743762328,0.0,8.760968787507897e-06,0.0,0.021793454695293278,-0.028206545304706725,0
48.5,271.4269721644709,541.0506462929312,0.005091917736249688,0.022275804041711398,500003000.0,0.0,5.132357471865253e-06,5e-07,5.2888826436380795e-08,0.0,0.00028314696593719293,0.0,8.75346903612944e-06,0.0,0.021774798597336917,-0.028225201402663085,0
49.0,271.4128595637696,540.4747402609083,0.005065820517489383,0.022390723359981688,500003000.0,0.0,5.1585123484403014e-06,5e-07,5.230975315009604e-08,0.0,0.00028749787755791355,0.0,8.746093053811192e-06,0.0,0.0217564503826149,-0.0282435496173851,0
49.5,271.3987377889609,539.8993278687016,0.005040315031533746,0.022506351237920996,500003000.0,0.0,5.1843853288068565e-06,5e-07,5.1745960733110436e-08,0.0,0.0002918455248484154,0.0,8.738833696461953e-06,0.0,0.021738392279756106,-0.028261607720243897,0
50.0,271.3846069851008,539.3244024827115,0.005015378214809178,0.022622663038685393,500003000.0,0.0,5.209983728988646e-06,5e-07,5.1196800363580185e-08,0.0,0.00029618995130889687,0.0,8.731684355837942e-06,0.0,0.02172060785034314,-0.028279392149656864,0
50.5,271.37046728902595,538.7499578378357,0.004990988298176524,0.022739635511825736,500003000.0,0.0,5.2353145595451196e-06,5e-07,5.066166111294594e-08,0.0,0.00030053119792155256,0.0,8.724638909352719e-06,0.0,0.021703081864061488,-0.028296918135938515,0
51.0,271.35631882995796,538.1759880109195,0.004967124711527709,0.022857246691018344,500003000.0,0.0,5.260384543108309e-06,5e-07,5.013996712637966e-08,0.0,0.00030486930333697987,0.0,8.717691675517327e-06,0.0,0.021685800187854046,-0.028314199812145956,0
51.5,271.3421617300519,537.6024873965896,0.004943767997171562,0.02297547580129701,500003000.0,0.0,5.28520013063778e-06,5e-07,4.963117505894276e-08,0.0,0.0003092043040434709,0.0,8.710837374350212e-06,0.0,0.021668749687438336,-0.028331250312561666,0
52.0,271.3279961048956,537.029450685212,0.004920899731017061,0.023094303174560835,500003000.0,0.0,5.3097675165077106e-06,5e-07,4.9134771739860693e-08,0.0,0.00031353623452108067,0.0,8.704071092081134e-06,0.0,0.021651918139505306,-0.028348081860494697,0
52.5,271.31382206396535,536.4568728427523,0.00489850245068051,0.023213710172596498,500003000.0,0.0,5.334092652528035e-06,5e-07,4.865027204064846e-08,0.0,0.0003178651273821,0.0,8.697388249552869e-06,0.0,0.021635294153116588,-0.028364705846883415,0
53.0,271.2996397110419,535.884749092336,0.004876559589834098,0.023333679116708375,500003000.0,0.0,5.3581812609913225e-06,5e-07,4.817721692657527e-08,0.0,0.00032219101349939436,0.0,8.690784573951688e-06,0.0,0.021618867099382308,-0.028381132900617695,0
53.5,271.2854491445916,535.3130748973424,0.004855055418087416,0.023454193223315507,500003000.0,0.0,5.382038846827468e-06,5e-07,4.771517167229101e-08,0.0,0.00032651392212384024,0.0,8.684256073355427e-06,0.0,0.02160262704814783,-0.028397372951852174,0
54.0,271.2712504581157,534.7418459458723,0.004833974985907353,0.02357523654495213,500003000.0,0.0,5.405670708940447e-06,5e-07,4.726372422595747e-08,0.0,0.0003308338809919993,0.0,8.677799013884414e-06,0.0,0.02158656471115526,-0.028413435288844744,0
54.5,271.25704374047126,534.1710581364625,0.004813304073990351,0.02369679391603782,500003000.0,0.0,5.429081950793713e-06,5e-07,4.682248370653284e-08,0.0,0.0003351509164249624,0.0,8.67140989900317e-06,0.0,0.02157067139055515,-0.028429328609444852,0
55.0,271.2428290761665,533.6007075649212,0.004793029146741031,0.02381885090301317,500003000.0,0.0,5.452277490304857e-06,5e-07,4.639107902228807e-08,0.0,0.0003394650534192653,0.0,8.665085450886238e-06,0.0,0.02155493893255283,-0.028445061067447173,0
55.5,271.2286065456328,533.0307905121833,0.004773137309382323,0.02394139375842539,500003000.0,0.0,5.475262069104004e-06,5e-07,4.596915759829465e-08,0.0,0.00034377631573060573,0.0,8.658822593473085e-06,0.0,0.02153935968525643,-0.028460640314743574,0
56.0,271.2143762254754,532.4613034330894,0.004753616268413818,0.024064409378576568,500003000.0,0.0,5.498040261205664e-06,5e-07,4.555638420331881e-08,0.0,0.0003480847259510587,0.0,8.652618437131625e-06,0.0,0.02152392646052643,-0.028476073539473575,0
56.5,271.2001381887057,531.8922429460039,0.004734454295078779,0.024187885264363794,500003000.0,0.0,5.520616481139026e-06,5e-07,4.5152439866724475e-08,0.0,0.0003523903055803881,0.0,8.646470264704361e-06,0.0,0.02150863249926458,-0.028491367500735422,0
57.0,271.18589250495535,531.3236058231986,0.004715640191570506,0.02431180948509567,500003000.0,0.0,5.54299499157768e-06,5e-07,4.475702087730813e-08,0.0,0.00035669307509199056,0.0,8.640375518798483e-06,0.0,0.02149347143979722,-0.028506528560202783,0
57.5,271.17163924067523,530.7553889819342,0.00469716325973124,0.024436170644984826,500003000.0,0.0,5.565179910506065e-06,5e-07,4.436983785676896e-08,0.0,0.00036099305399394825,0.0,8.634331790187258e-06,0.0,0.02147843728902303,-0.028521562710976972,0
58.0,271.1573784593198,530.1875894761797,0.004679013272024102,0.024560957852015567,500003000.0,0.0,5.587175217956703e-06,5e-07,4.3990614901277555e-08,0.0,0.0003652902608856182,0.0,8.62833680720856e-06,0.0,0.021463524396041198,-0.028536475603958805,0
58.5,271.1431102215178,529.6202044889134,0.004661180444609502,0.024686160689165723,500003000.0,0.0,5.608984762349468e-06,5e-07,4.361908878553087e-08,0.0,0.00036958471351017044,0.0,8.622388426112844e-06,0.0,0.021448727428141405,-0.028551272571858598,0
59.0,271.1288345852319,529.053231324959,0.004643655412287299,0.024811769187518297,500003000.0,0.0,5.6306122664611766e-06,5e-07,4.325500822341569e-08,0.0,0.0003738764288033871,0.0,8.616484622157727e-06,0.0,0.02143404134865106,-0.028565958651348942,0
59.5,271.11455160590623,528.4866674043117,0.004626429205205801,0.02493777380134459,500003000.0,0.0,5.652061333051715e-06,5e-07,4.289813318107615e-08,0.0,0.0003781654229390598,0.0,8.610623481482316e-06,0.0,0.021419461396722177,-0.028580538603277826,0
60.0,271.1002613366046,527.920510255915,0.004609493227147081,0.0250641653848407,500003000.0,0.0,5.67333545017053e-06,5e-07,4.254823423762994e-08,0.0,0.00038245171137125006,0.0,8.60480319360488e-06,0.0,0.021404983068668854,-0.02859501693133115,0
60.5,271.0859638281389,527.35475751185,0.004592839235312934,0.025190935170484343,500003000.0,0.0,5.694437996165595e-06,5e-07,4.220509199013167e-08,0.0,0.0003867353088736955,0.0,8.599022044582985e-06,0.0,0.0213906021009527,-0.028609397899047304,0
61.0,271.0716591291894,526.7894069019085,0.004576459321413124,0.025318074748780818,500003000.0,0.0,5.715372244414844e-06,5e-07,4.186849649849719e-08,0.0,0.0003910162295765531,0.0,8.593278410630078e-06,0.0,0.021376314454303675,-0.028623685545696328,0
61.5,271.0573472864166,526.2244562485141,0.004560345894049634,0.02544557604939952,500003000.0,0.0,5.736141367798895e-06,5e-07,4.153824676810285e-08,0.0,0.0003952944870007362,0.0,8.587570752326797e-06,0.0,0.02136211629932039,-0.028637883700679614,0
62.0,271.04302834456627,525.6599034619712,0.004544491662198142,0.025573431323497816,500003000.0,0.0,5.756748442931996e-06,5e-07,4.1214150266202235e-08,0.0,0.00039957009408999347,0.0,8.581897609191793e-06,0.0,0.02134800400296466,-0.028651995997035343,0
62.5,271.02870234656774,525.0957465360118,0.004528889619776688,0.025701633127168493,500003000.0,0.0,5.777196454167107e-06,5e-07,4.089602247022207e-08,0.0,0.00040384306324092885,0.0,8.576257594718773e-06,0.0,0.02133397411621585,-0.02866602588378415,0
63.0,271.01436933362584,524.5319835436206,0.004513533031172814,0.025830174305966746,500003000.0,0.0,5.797488297389644e-06,5e-07,4.058368644507318e-08,0.0,0.00040811340633110514,0.0,8.570649391752873e-06,0.0,0.021320023362569336,-0.028679976637430667,0
63.5,271.0000293453071,523.9686126331168,0.004498415417690771,0.02595904798040019,500003000.0,0.0,5.817626783613436e-06,5e-07,4.027697244758478e-08,0.0,0.00041238113474538994,0.0,8.565071748239947e-06,0.0,0.021306148627462555,-0.028693851372537448,0
64.0,270.98568241962084,523.4056320244738,0.0044835305448185,0.026088247532274154,500003000.0,0.0,5.837614642391307e-06,5e-07,3.9975717555743266e-08,0.0,0.0004166462594006598,0.0,8.559523473256313e-06,0.0,0.021292346948398787,-0.028707653051601216,0
64.5,270.97132859309505,522.8430400058593,0.004468872410289517,0.02621776659192659,500003000.0,0.0,5.857454525051917e-06,5e-07,3.9679765321217786e-08,0.0,0.00042090879076900133,0.0,8.554003433361783e-06,0.0,0.021278615505875082,-0.02872138449412492,0
65.0,270.956967900848,522.2808349303813,0.004454435232840039,0.02634759902620323,500003000.0,0.0,5.8771490077734635e-06,5e-07,3.93889654430938e-08,0.0,0.00042516873889949657,0.0,8.548510549168755e-06,0.0,0.02126495161484765,-0.028735048385152354,0
65.5,270.94260037665543,521.7190152130252,0.004440213441645529,0.026477738927108804,500003000.0,0.0,5.8967005945042566e-06,5e-07,3.9103173461586245e-08,0.0,0.0004294261134387048,0.0,8.543043792173514e-06,0.0,0.021251352716849536,-0.028748647283150467,0
66.0,270.9282260530139,521.1575793277668,0.004426201666389787,0.026608180601214438,500003000.0,0.0,5.916111719739413e-06,5e-07,3.88222504703122e-08,0.0,0.0004336809236499437,0.0,8.537602181831036e-06,0.0,0.02123781637271402,-0.028762183627285984,0
66.5,270.91384496120025,520.5965258048525,0.004412394727884693,0.026738918559590794,500003000.0,0.0,5.935384751162153e-06,5e-07,3.8546062845480005e-08,0.0,0.00043793317843142913,0.0,8.532184782780986e-06,0.0,0.021224340255674094,-0.02877565974432591,0
67.0,270.8994571313281,520.0358532282318,0.004398787629253407,0.026869947508380274,500003000.0,0.0,5.954521992157783e-06,5e-07,3.827448199126107e-08,0.0,0.0004421828863333775,0.0,8.526790702310115e-06,0.0,0.021210922145050035,-0.028789077854949968,0
67.5,270.88506259240063,519.475560233134,0.004385375547601295,0.027001262339875515,500003000.0,0.0,5.9735256842077315e-06,5e-07,3.800738409989688e-08,0.0,0.00044643005557412765,0.0,8.521419087960914e-06,0.0,0.02119755992030078,-0.02880244007969922,0
68.0,270.87066137236076,518.9156455037808,0.004372153826146745,0.02713285812411036,500003000.0,0.0,5.9923980091705224e-06,5e-07,3.774464992558139e-08,0.0,0.0004506746940553428,0.0,8.516069125284308e-06,0.0,0.021184251555433603,-0.0288157484445664,0
68.5,270.85625349813847,518.3561077712211,0.004359117966809201,0.027264730100893166,500003000.0,0.0,6.0111410914562365e-06,5e-07,3.748616457142885e-08,0.0,0.00045491680937637244,0.0,8.510740035779533e-06,0.0,0.021170995113879435,-0.028829004886120568,0
69.0,270.8418389956954,517.7969458112857,0.004346263623192246,0.027396873672328504,500003000.0,0.0,6.029757000100423e-06,5e-07,3.723181728837261e-08,0.0,0.0004591564088478199,0.0,8.505431074945126e-06,0.0,0.02115778874364459,-0.028842211256355412,0
69.5,270.82741789006724,517.2381584426496,0.004333586593945478,0.027529284395690485,500003000.0,0.0,6.048247750743067e-06,5e-07,3.698150128528926e-08,0.0,0.00046339349950436386,0.0,8.500141530450665e-06,0.0,0.02114463067276285,-0.028855369327237153,0
70.0,270.8129902054036,516.6797445249982,0.004321082816488826,0.027661957976721697,500003000.0,0.0,6.0666153075179075e-06,5e-07,3.673511354968104e-08,0.0,0.000467628088116888,0.0,8.494870720435949e-06,0.0,0.02113151920506455,-0.028868480794935453,0
70.5,270.79855596500613,516.1217029572905,0.0043087483610583545,0.027794890263248308,500003000.0,0.0,6.084861584856948e-06,5e-07,3.649255467807983e-08,0.0,0.0004718601812039521,0.0,8.489617991893253e-06,0.0,0.02111845271615237,-0.028881547283847633,0
71.0,270.7841151913642,515.56403267611,0.004296579425091376,0.02792807723916827,500003000.0,0.0,6.1029884492148836e-06,5e-07,3.625372871587209e-08,0.0,0.00047608978504266983,0.0,8.484382719201388e-06,0.0,0.021105429649754696,-0.028894570350245306,0
71.5,270.7696679061891,515.006732654103,0.004284572327872991,0.02806151501872155,500003000.0,0.0,6.120997720717616e-06,5e-07,3.601854300546447e-08,0.0,0.0004803169056790035,0.0,8.479164302689472e-06,0.0,0.021092448514152914,-0.02890755148584709,0
72.0,270.7552141304462,514.449801898494,0.0042727235054867835,0.028195199841102008,500003000.0,0.0,6.138891174738998e-06,5e-07,3.5786908042764025e-08,0.0,0.0004845415489375342,0.0,8.47396216734363e-06,0.0,0.021079507878964256,-0.028920492121035746,0
72.5,270.74075388438564,513.8932394496787,0.004261029505990049,0.028329128065281158,500003000.0,0.0,6.156670543409469e-06,5e-07,3.555873734094059e-08,0.0,0.0004887637204307145,0.0,8.468775761526465e-06,0.0,0.02106660637195638,-0.028933393628043622,0
73.0,270.72628718757164,513.337044379885,0.004249486984865779,0.028463296165122196,500003000.0,0.0,6.174337517060256e-06,5e-07,3.5333947301575126e-08,0.0,0.0004929834255676587,0.0,8.463604555838037e-06,0.0,0.021053742676214023,-0.02894625732378598,0
73.5,270.71181405890974,512.7812157918996,0.004238092700694957,0.0285977007247972,500003000.0,0.0,6.191893745606459e-06,5e-07,3.5112457092405584e-08,0.0,0.0004972006695625001,0.0,8.458448042030498e-06,0.0,0.02104091552743905,-0.02895908447256095,0
74.0,270.69733451667344,512.2257528178596,0.004226843511017772,0.028732338434291908,500003000.0,0.0,6.20934083987202e-06,5e-07,3.489418853112147e-08,0.0,0.0005014154574423102,0.0,8.453305731935521e-06,0.0,0.02102812371128239,-0.028971876288717613,0
74.5,270.6828485785291,511.6706546181011,0.0042157363684249115,0.028867206085289563,500003000.0,0.0,6.226680372859659e-06,5e-07,3.46790659752789e-08,0.0,0.0005056277940546333,0.0,8.44817715650742e-06,0.0,0.02101536606096373,-0.02898463393903627,0
75.0,270.6683562615596,511.1159203800614,0.004204768316842573,0.029002300567147844,500003000.0,0.0,6.243913880968548e-06,5e-07,3.4467016217778165e-08,0.0,0.0005098376840746654,0.0,8.443061864929236e-06,0.0,0.02100264145504785,-0.028997358544952154,0
75.5,270.6538575822871,510.5615493172364,0.004193936487969931,0.02913761886311076,500003000.0,0.0,6.261042865162213e-06,5e-07,3.42579683873306e-08,0.0,0.0005140451320120693,0.0,8.437959423717062e-06,0.0,0.020989948815216573,-0.02901005118478343,0
76.0,270.63935255669475,510.00754066818604,0.004183238097896863,0.02927315804665853,500003000.0,0.0,6.278068792089176e-06,5e-07,3.4051853853925356e-08,0.0,0.0005182501422174576,0.0,8.432869415895163e-06,0.0,0.020977287104216823,-0.02902271289578318,0
76.5,270.62484120024686,509.45389369558467,0.004172670443905365,0.0294089152781384,500003000.0,0.0,6.294993095158733e-06,5e-07,3.384860613911492e-08,0.0,0.0005224527188885865,0.0,8.427791440265386e-06,0.0,0.02096465532404325,-0.029035344675956754,0
77.0,270.61032352790886,508.9006076853173,0.004162230901384531,0.029544887801412442,500003000.0,0.0,6.311817175573911e-06,5e-07,3.364816083035577e-08,0.0,0.0005266528660762415,0.0,8.422725110644493e-06,0.0,0.02095205251404103,-0.029047947485958972,0
77.5,270.59579955416586,508.34768194561696,0.004151916920905488,0.02968107294074753,500003000.0,0.0,6.328542403323713e-06,5e-07,3.345045549960476e-08,0.0,0.0005308505876898461,0.0,8.417670055176812e-06,0.0,0.02093947774919605,-0.029060522250803952,0
78.0,270.58126929304046,507.7951158062401,0.0041417260254381265,0.029817468097846234,500003000.0,0.0,6.34517011813664e-06,5e-07,3.3255429625853034e-08,0.0,0.000535045887502821,0.0,8.412625915699196e-06,0.0,0.020926930138555216,-0.029073069861444787,0
78.5,270.56673275810977,507.2429086176803,0.004131655807682999,0.029954070748963505,500003000.0,0.0,6.361701630397252e-06,5e-07,3.306302452122516e-08,0.0,0.0005392387691576897,0.0,8.407592347116725e-06,0.0,0.020914408823673444,-0.02908559117632656,0
79.0,270.5521899625216,506.6910597504158,0.004121703927532245,0.030090878442233324,500003000.0,0.0,6.3781382220275564e-06,5e-07,3.287318326060852e-08,0.0,0.0005434292361709595,0.0,8.402569016828974e-06,0.0,0.020901912977186504,-0.0290980870228135,0
79.5,270.5376409190102,506.13956859419204,0.0041118681096268825,0.030227888795009324,500003000.0,0.0,6.394481147334763e-06,5e-07,3.26858506144131e-08,0.0,0.0005476172919377661,0.0,8.397555604151446e-06,0.0,0.02088944180137176,-0.029110558198628244,0
80.0,270.52308563991085,505.5884345573343,0.004102146141049003,0.03036509949142314,500003000.0,0.0,6.410731633827083e-06,5e-07,3.2500972984639735e-08,0.0,0.0005518029397363256,0.0,8.392551799821065e-06,0.0,0.02087699452691807,-0.02912300547308193,0
80.5,270.5085241371743,505.0376570660912,0.004092535869091024,0.030502508279988655,500003000.0,0.0,6.4268908829989195e-06,5e-07,3.231849834367336e-08,0.0,0.000555986182732179,0.0,8.387557305477699e-06,0.0,0.020864570411636068,-0.029135429588363935,0
81.0,270.4939564223801,504.48723556400586,0.004083035199137399,0.030640112971345758,500003000.0,0.0,6.442960071086904e-06,5e-07,3.2138376175969646e-08,0.0,0.0005601670239822511,0.0,8.382571833203048e-06,0.0,0.020852168739311065,-0.029147831260688938,0
81.5,270.47938250674974,503.93716951131324,0.004073642092643574,0.030777911436077346,500003000.0,0.0,6.4589403497981065e-06,5e-07,3.196055742240496e-08,0.0,0.0005643454664387459,0.0,8.377595105094868e-06,0.0,0.02083978881864395,-0.029160211181356054,0
82.0,270.4648024011591,503.38745838436546,0.004064354565167232,0.030915901602629588,500003000.0,0.0,6.474832847011525e-06,5e-07,3.17849944268367e-08,0.0,0.0005685215129528464,0.0,8.372626852792092e-06,0.0,0.020827429982069882,-0.02917257001793012,0
82.5,270.4502161161501,502.8381016750777,0.004055170684538387,0.03105408145531778,500003000.0,0.0,6.490638667454254e-06,5e-07,3.161164088545858e-08,0.0,0.0005726951662782863,0.0,8.367666817136731e-06,0.0,0.02081509158491724,-0.029184908415082762,0
83.0,270.43562366194254,502.28909889040153,0.0040460885690444546,0.03119244903243835,500003000.0,0.0,6.506358893353199e-06,5e-07,3.144045179789013e-08,0.0,0.0005768664290747398,0.0,8.362714747724936e-06,0.0,0.020802773004290887,-0.029197226995709116,0
83.5,270.4210250484447,501.74044955181625,0.004037106385745695,0.03133100242440046,500003000.0,0.0,6.521994585063609e-06,5e-07,3.127138342081997e-08,0.0,0.0005810353039110884,0.0,8.357770402591845e-06,0.0,0.020790473638288173,-0.02920952636171183,0
84.0,270.40642028526383,501.19215319484346,0.004028222348827564,0.03146973977202854,500003000.0,0.0,6.537546781675305e-06,5e-07,3.1104393223392765e-08,0.0,0.0005852017932685424,0.0,8.352833547844147e-06,0.0,0.020778192905084942,-0.02922180709491506,0
84.5,270.39180938171637,500.6442093685795,0.004019434718039585,0.031608659264834096,500003000.0,0.0,6.553016501597632e-06,5e-07,3.0939439844652435e-08,0.0,0.0005893658995436408,0.0,8.347903957348946e-06,0.0,0.020765930242161557,-0.029234069757838446,0
85.0,270.37719234683743,500.09661763524883,0.004010741797177083,0.0317477591394407,500003000.0,0.0,6.5684047431239485e-06,5e-07,3.0776483052633174e-08,0.0,0.0005935276250511134,0.0,8.342981412394293e-06,0.0,0.02075368510545844,-0.02924631489454156,0
85.5,270.3625691893902,499.5493775697744,0.004002141932642727,0.03188703767801456,500003000.0,0.0,6.583712484976607e-06,5e-07,3.061548370531768e-08,0.0,0.0005976869720266335,0.0,8.338065701403614e-06,0.0,0.02074145696866571,-0.029258543031334294,0
86.0,270.3479399178745,499.0024887593641,0.003993633512067902,0.03202649320679864,500003000.0,0.0,6.598940686833229e-06,5e-07,3.045640371324431e-08,0.0,0.0006018439426294655,0.0,8.33315661966802e-06,0.0,0.020729245322557262,-0.02927075467744274,0
86.5,270.3333045405358,498.4559508031154,0.0039852149629674,0.0321661240946685,500003000.0,0.0,6.61409028983498e-06,5e-07,3.029920600350232e-08,0.0,0.0006059985389449909,0.0,8.328253969046049e-06,0.0,0.0207170496742439,-0.0292829503257561,0
87.0,270.3186630653729,497.90976331163415,0.003976884751472163,0.032305928751799294,500003000.0,0.0,6.629162217077681e-06,5e-07,3.014385448540166e-08,0.0,0.0006101507629871455,0.0,8.323357557728834e-06,0.0,0.02070486954658914,-0.029295130453410863,0
87.5,270.3040155001462,497.3639259066685,0.0039686413810968635,0.032445905628306536,500003000.0,0.0,6.644157374086398e-06,5e-07,2.9990314017433937e-08,0.0,0.0006143006167007548,0.0,8.318467199985107e-06,0.0,0.020692704477574896,-0.029307295522425107,0
88.0,270.28936185238496,496.8184382207572,0.003960483391560347,0.03258605321302827,500003000.0,0.0,6.659076649274204e-06,5e-07,2.983855037561271e-08,0.0,0.000618448101963778,0.0,8.313582715927853e-06,0.0,0.020680554019721027,-0.029319445980278976,0
88.5,270.2747021293948,496.2732998968916,0.003952409357645742,0.03272637003226647,500003000.0,0.0,6.673920914385727e-06,5e-07,2.9688530223046256e-08,0.0,0.0006225932205894582,0.0,8.30870393127895e-06,0.0,0.020668417739499876,-0.029331582260500127,0
89.0,270.26003633826457,495.7285105881894,0.003944417888124442,0.032866854648665914,500003000.0,0.0,6.688691024926167e-06,5e-07,2.954022108087961e-08,0.0,0.0006267359743284043,0.0,8.303830677186611e-06,0.0,0.020656295216882115,-0.029343704783117888,0
89.5,270.245364485873,495.1840699575816,0.003936507624692951,0.033007505660067146,500003000.0,0.0,6.703387820576257e-06,5e-07,2.9393591300180473e-08,0.0,0.0006308763648705799,0.0,8.298962789992023e-06,0.0,0.020644186044756277,-0.029355813955243726,0
90.0,270.23068657889536,494.6399776775117,0.003928677240963041,0.033148321698430884,500003000.0,0.0,6.718012125593774e-06,5e-07,2.924861003503394e-08,0.0,0.000635014393847212,0.0,8.294100111033494e-06,0.0,0.020632089828441526,-0.029367910171558476,0
90.5,270.2160026238096,494.0962334296444,0.003920925441503702,0.03328930142878087,500003000.0,0.0,6.732564749202171e-06,5e-07,2.9105247216794573e-08,0.0,0.0006391500628326458,0.0,8.289242486488557e-06,0.0,0.020620006185294918,-0.029379993814705085,0
91.0,270.2013126269022,493.5528369045868,0.0039132509608922695,0.03343044354824242,500003000.0,0.0,6.747046485966742e-06,5e-07,2.896347352914295e-08,0.0,0.0006432833733461105,0.0,8.284389767167091e-06,0.0,0.020607934744196744,-0.02939206525580326,0
91.5,270.1866165942743,493.0097878016183,0.0039056525628221677,0.033571746785061765,500003000.0,0.0,6.761458116158875e-06,5e-07,2.882326038426622e-08,0.0,0.0006474143268534318,0.0,8.279541808358561e-06,0.0,0.020595875145170552,-0.02940412485482945,0
92.0,270.1719145318469,492.4670858284317,0.0038981290392304186,0.033713209897647416,500003000.0,0.0,6.7758004061088035e-06,5e-07,2.8684579899856235e-08,0.0,0.0006515429247686725,0.0,8.274698469658361e-06,0.0,0.020583827038951147,-0.029416172961048856,0
92.5,270.15720644536634,491.92473070088306,0.0038906792094632217,0.033854831673722975,500003000.0,0.0,6.790074108547319e-06,5e-07,2.8547404877030772e-08,0.0,0.0006556691684557144,0.0,8.26985961481466e-06,0.0,0.02057179008660363,-0.029428209913396373,0
93.0,270.14249234040966,491.3827221427504,0.0038833019194709426,0.03399661092945256,500003000.0,0.0,6.804279962936861e-06,5e-07,2.841170877908448e-08,0.0,0.0006597930592297838,0.0,8.265025111579967e-06,0.0,0.020559763959154143,-0.02944023604084586,0
93.5,270.12777222238924,490.8410598855007,0.0038759960410383485,0.03413854650858949,500003000.0,0.0,6.818418695792403e-06,5e-07,2.8277465711084373e-08,0.0,0.0006639145983589265,0.0,8.260194831582326e-06,0.0,0.020547748337269467,-0.029452251662730536,0
94.0,270.11304609655787,490.2997436680659,0.0038687604710244596,0.034280637281692346,500003000.0,0.0,6.832491020992452e-06,5e-07,2.8144650400096832e-08,0.0,0.0006680337870654189,0.0,8.255368650163811e-06,0.0,0.02053574291085525,-0.02946425708914475,0
94.5,270.0983139680133,489.7587732366269,0.003861594130644105,0.03442288214536261,500003000.0,0.0,6.84649764008058e-06,5e-07,2.8013238176256264e-08,0.0,0.0006721506265271301,0.0,8.250546446256905e-06,0.0,0.02052374737874852,-0.029476252621251482,0
95.0,270.08357584170267,489.2181483444034,0.003854495964783564,0.03456528002148774,500003000.0,0.0,6.860439242557877e-06,5e-07,2.788320495459415e-08,0.0,0.0006762651178788509,0.0,8.24572810228471e-06,0.0,0.020511761448469428,-0.029488238551530575,0
95.5,270.0688317224269,488.6778687514541,0.0038474649413036345,0.034707829856503815,500003000.0,0.0,6.874316506166512e-06,5e-07,2.7754527217268978e-08,0.0,0.0006803772622135461,0.0,8.240913503987307e-06,0.0,0.020499784835789323,-0.02950021516421068,0
96.0,270.0540816148448,488.13793422447986,0.003840500050422823,0.034850530620745265,500003000.0,0.0,6.8881300971649355e-06,5e-07,2.7627181996846703e-08,0.0,0.0006844870605835983,0.0,8.236102540374348e-06,0.0,0.020487817264612806,-0.029512182735387197,0
96.5,270.0393255234771,487.5983445366375,0.0038336003040593146,0.03499338130773667,500003000.0,0.0,6.901880670594802e-06,5e-07,2.7501146859733878e-08,0.0,0.0006885945140019746,0.0,8.231295103546052e-06,0.0,0.02047585846653247,-0.029524141533467534,0
97.0,270.02456345271037,487.05909946735727,0.003826764735249401,0.0351363809335648,500003000.0,0.0,6.915568870540099e-06,5e-07,2.737639989059413e-08,0.0,0.0006926996234433761,0.0,8.226491088636415e-06,0.0,0.0204639081806876,-0.029536091819312403,0
97.5,270.0097954068007,486.52019880216716,0.0038199923975563536,0.035279528536258035,500003000.0,0.0,6.929195330378653e-06,5e-07,2.725291967710838e-08,0.0,0.0006968023898453403,0.0,8.221690393695902e-06,0.0,0.020451966153472393,-0.02954803384652761,0
98.0,269.9950213898775,485.9816423325236,0.00381328236450272,0.03542282317516721,500003000.0,0.0,6.942760673026303e-06,5e-07,2.7130685295300586e-08,0.0,0.0007009028141093025,0.0,8.216892919586031e-06,0.0,0.02044003213827371,-0.029559967861726294,0
98.5,269.98024140594663,485.44342985564725,0.0038066337290307227,0.03556626393039402,500003000.0,0.0,6.956265511174024e-06,5e-07,2.7009676295444084e-08,0.0,0.0007050008971016268,0.0,8.212098569897265e-06,0.0,0.020428105895266828,-0.029571894104733175,0
99.0,269.96545545889427,484.9055611743645,0.0038000456029703422,0.035709849902220064,500003000.0,0.0,6.969710447518218e-06,5e-07,2.6889872688387713e-08,0.0,0.0007090966396545961,0.0,8.207307250847938e-06,0.0,0.02041618719116402,-0.029583812808835982,0
99.5,269.95066355248986,484.3680360969544,0.0037935171165325017,0.035853580210577794,500003000.0,0.0,6.9830960749844234e-06,5e-07,2.6771254932410292e-08,0.0,0.0007131900425673723,0.0,8.202518871202954e-06,0.0,0.02040427579901232,-0.02959572420098768,0
100.0,269.93586569038933,483.8308544369998,0.003787047417819995,0.035997453994510015,500003000.0,0.0,6.9964229769446916e-06,5e-07,2.6653803920536324e-08,0.0,0.000717281106606927,0.0,8.197733342197909e-06,0.0,0.020392371498004748,-0.029607628501995255,0
100.5,269.9210618761383,483.29401601324463,0.0037806356723409217,0.036141470411649806,500003000.0,0.0,7.009691727428788e-06,5e-07,2.6537500968192274e-08,0.0,0.000721369832508932,0.0,8.192950577436772e-06,0.0,0.020380474073225803,-0.0296195259267742,0
101.0,269.9062521131749,482.7575206494544,0.0037742810625597005,0.036285628637753684,500003000.0,0.0,7.0229028913295065e-06,5e-07,2.6422327801437086e-08,0.0,0.0007254562209786314,0.0,8.188170492840364e-06,0.0,0.020368583315523294,-0.02963141668447671,0
101.5,269.8914364048327,482.2213681742825,0.0037679827874424654,0.036429927866207384,500003000.0,0.0,7.036057024602231e-06,5e-07,2.6308266545450362e-08,0.0,0.0007295402726916753,0.0,8.183393006553199e-06,0.0,0.020356699021276615,-0.029643300978723388,0
102.0,269.87661475434334,481.6855584211384,0.0037617400620395215,0.03657436730758514,500003000.0,0.0,7.049154674459014e-06,5e-07,2.619529971356552e-08,0.0,0.0007336219882949439,0.0,8.17861803890241e-06,0.0,0.02034482099229455,-0.02965517900770545,0
102.5,269.8617871648395,481.1500912280631,0.003755552117049424,0.03671894618917003,500003000.0,0.0,7.062196379557239e-06,5e-07,2.6083410196449206e-08,0.0,0.0007377013684073218,0.0,8.173845512289375e-06,0.0,0.020332949035545708,-0.029667050964454295,0
103.0,269.84695363935725,480.6149664376067,0.0037494181984237883,0.036863663754559586,500003000.0,0.0,7.075182670183154e-06,5e-07,2.597258125182902e-08,0.0,0.000741778413620459,0.0,8.169075351143469e-06,0.0,0.020321082963043455,-0.029678917036956548,0
103.5,269.8321141808388,480.08018389671065,0.003743337566973611,0.03700851926319606,500003000.0,0.0,7.088114068430396e-06,5e-07,2.586279649448485e-08,0.0,0.0007458531244995052,0.0,8.164307481853755e-06,0.0,0.02030922259167601,-0.029690777408323994,0
104.0,269.81726879213466,479.54574345659194,0.0037373094979991873,0.03715351199002684,500003000.0,0.0,7.1009910883737195e-06,5e-07,2.5754039886647182e-08,0.0,0.0007499255015838302,0.0,8.159541832727646e-06,0.0,0.020297367743103596,-0.029702632256896407,0
104.5,269.8024174760062,479.01164497263306,0.00373133328090978,0.03729864122505959,500003000.0,0.0,7.113814236237999e-06,5e-07,2.5646295728559268e-08,0.0,0.0007539955453877061,0.0,8.15477833390356e-06,0.0,0.020285518243541193,-0.02971448175645881,0
105.0,269.78756023512796,478.4778883042741,0.0037254082188757504,0.037443906273011175,500003000.0,0.0,7.126584010562744e-06,5e-07,2.5539548649489204e-08,0.0,0.0007580632564009796,0.0,8.150016917311652e-06,0.0,0.020273673923660824,-0.02972632607633918,0
105.5,269.7726970720898,477.944473314909,0.0037195336284751223,0.03758930645290379,500003000.0,0.0,7.1393009023622045e-06,5e-07,2.5433783598920637e-08,0.0,0.0007621286350897106,0.0,8.145257516600345e-06,0.0,0.02026183461840882,-0.029738165381591183,0
106.0,269.757827989399,477.4113998717837,0.0037137088393726387,0.03773484109776035,500003000.0,0.0,7.151965395281292e-06,5e-07,2.532898583817525e-08,0.0,0.0007661916818968085,0.0,8.140500067112805e-06,0.0,0.020250000166947276,-0.029749999833052727,0
106.5,269.7429529894825,476.8786678458982,0.0037079331939892345,0.037880509554207666,500003000.0,0.0,7.164577965747377e-06,5e-07,2.5225140932170185e-08,0.0,0.000770252397242639,0.0,8.135744505821992e-06,0.0,0.02023817041249252,-0.029761829587507484,0
107.0,269.7280720746887,476.3462771119109,0.0037022060471863377,0.038026311182187404,500003000.0,0.0,7.177139083118113e-06,5e-07,2.5122234741470973e-08,0.0,0.0007743107815256127,0.0,8.130990771278398e-06,0.0,0.02022634520218507,-0.029773654797814932,0
107.5,269.7131852472898,475.8142275480475,0.0036965267659588782,0.03817224535457182,500003000.0,0.0,7.189649209825408e-06,5e-07,2.5020253414590344e-08,0.0,0.0007783668351227527,0.0,8.126238803557786e-06,0.0,0.020214524386959667,-0.029785475613040336,0
108.0,269.6982925094833,475.28251903601074,0.0036908947291439268,0.038318311456910635,500003000.0,0.0,7.202108801515694e-06,5e-07,2.4919183380572878e-08,0.0,0.000782420558390248,0.0,8.121488544224822e-06,0.0,0.02020270782145478,-0.029797292178545223,0
108.5,269.68339386339403,474.7511514608934,0.003685309327135703,0.03846450888708063,500003000.0,0.0,7.214518307186592e-06,5e-07,2.4819011341795452e-08,0.0,0.000786471951663995,0.0,8.116739936292959e-06,0.0,0.02019089536391283,-0.029809104636087172,0
109.0,269.668489311076,474.2201247110935,0.003679769961609055,0.0386108370550024,500003000.0,0.0,7.226878169320088e-06,5e-07,2.471972426699159e-08,0.0,0.0007905210152601216,0.0,8.1119929241858e-06,0.0,0.02017908687608408,-0.029820913123915924,0
109.5,269.653578854514,473.68943867823344,0.003674276045234696,0.038757295382359315,500003000.0,0.0,7.239188824012279e-06,5e-07,2.4621309384381793e-08,0.0,0.0007945677494754812,0.0,8.107247453663575e-06,0.0,0.02016728222304372,-0.029832717776956282,0
110.0,269.63866249562557,473.1590932570797,0.0036688270014358,0.0389038833022967,500003000.0,0.0,7.251450701099897e-06,5e-07,2.4523754175236803e-08,0.0,0.0007986121545881522,0.0,8.102503471824783e-06,0.0,0.020155481273195976,-0.029844518726804027,0
110.5,269.62374023626217,472.6290883454653,0.0036634222641265444,0.03905060025918331,500003000.0,0.0,7.263664224283632e-06,5e-07,2.442704636746851e-08,0.0,0.000802654230857915,0.0,8.097760927052514e-06,0.0,0.020143683898140582,-0.02985631610185942,0
111.0,269.60881207821126,472.09942384421566,0.003658061277457619,0.03919744570831615,500003000.0,0.0,7.275829811248338e-06,5e-07,2.4331173929412563e-08,0.0,0.0008066939785267061,0.0,8.093019768961094e-06,0.0,0.020131889972540038,-0.029868110027459965,0
111.5,269.59387802319753,471.57009965707476,0.003652743495590854,0.03934441911566819,500003000.0,0.0,7.28794787378031e-06,5e-07,2.4236125063944e-08,0.0,0.0008107313978190762,0.0,8.088279948392606e-06,0.0,0.020120099374110956,-0.029879900625889046,0
112.0,269.57893807288457,471.04111569063485,0.0036474683824541474,0.03949151995766727,500003000.0,0.0,7.300018817881608e-06,5e-07,2.4141888202595752e-08,0.0,0.0008147664889426202,0.0,8.08354141735579e-06,0.0,0.020108311983472113,-0.02989168801652789,0
112.5,269.5639922288763,470.5124718542679,0.003642235411515787,0.039638747720904165,500003000.0,0.0,7.312043043881577e-06,5e-07,2.4048451999936102e-08,0.0,0.0008187992520883971,0.0,8.078804128994253e-06,0.0,0.020096527684065307,-0.029903472315934695,0
113.0,269.54904049271835,469.9841680600577,0.0036370440655771183,0.03978610190195205,500003000.0,0.0,7.324020946545672e-06,5e-07,2.3955805328191995e-08,0.0,0.0008228296874313498,0.0,8.07406803758227e-06,0.0,0.020084746362144947,-0.029915253637855056,0
113.5,269.5340828658994,469.45620422273527,0.0036318938365461906,0.03993358200710664,500003000.0,0.0,7.335952915181606e-06,5e-07,2.3863937271867345e-08,0.0,0.0008268577951307013,0.0,8.069333098465687e-06,0.0,0.020072967906631062,-0.02992703209336894,0
114.0,269.5191193498527,468.92858025961624,0.0036267842252285525,0.04008118755215142,500003000.0,0.0,7.347839333742902e-06,5e-07,2.377283712259166e-08,0.0,0.0008308835753303357,0.0,8.064599268028505e-06,0.0,0.02006119220902613,-0.02993880779097387,0
114.5,269.50414994595724,468.4012960905387,0.0036217147411364537,0.04022891806218732,500003000.0,0.0,7.359680580930003e-06,5e-07,2.3682494374201843e-08,0.0,0.0008349070281591821,0.0,8.05986650368847e-06,0.0,0.020049419163404154,-0.02995058083659585,0
115.0,269.48917465553893,467.8743516378027,0.0036166849022915473,0.04037677307138707,500003000.0,0.0,7.371477030288947e-06,5e-07,2.3592898717889482e-08,0.0,0.0008389281537315857,0.0,8.055134763866782e-06,0.0,0.02003764866633528,-0.029962351333664723,0
115.5,269.4741934798721,467.34774682611334,0.0036116942350195628,0.040524752122797464,500003000.0,0.0,7.3832290503076475e-06,5e-07,2.3504040037401464e-08,0.0,0.0008429469521476536,0.0,8.050404007928655e-06,0.0,0.020025880616737945,-0.029974119383262058,0
116.0,269.45920642018046,466.8214815825234,0.0036067422737803743,0.0406728547681423,500003000.0,0.0,7.394937004509934e-06,5e-07,2.341590840457322e-08,0.0,0.0008469634234936073,0.0,8.045674196191901e-06,0.0,0.02001411491590025,-0.029985885084099752,0
116.5,269.4442134776384,466.29555583637864,0.003601828560979926,0.04082108056763365,500003000.0,0.0,7.406601251547355e-06,5e-07,2.332849407484142e-08,0.0,0.0008509775678421171,0.0,8.040945289884638e-06,0.0,0.02000235146737472,-0.029997648532625282,0
117.0,269.4292146533721,465.769969519264,0.003596952646796269,0.04096942908977873,500003000.0,0.0,7.418222145288827e-06,5e-07,2.324178748294352e-08,0.0,0.0008549893852526299,0.0,8.036217251124309e-06,0.0,0.019990590176926143,-0.03000940982307386,0
117.5,269.4142099484606,465.24472256495113,0.003592114089013072,0.041117899911214464,500003000.0,0.0,7.429800034908205e-06,5e-07,2.3155779238757172e-08,0.0,0.0008589988757716919,0.0,8.031490042903549e-06,0.0,0.01997883095249639,-0.030021169047503612,0
118.0,269.3991993639369,464.7198149093478,0.0035873124528457818,0.04126649261649404,500003000.0,0.0,7.441335264969795e-06,5e-07,2.3070460123180943e-08,0.0,0.0008630060394332548,0.0,8.026763629050131e-06,0.0,0.019967073704104804,-0.0300329262958952,0
118.5,269.3841829007889,464.19524649044837,0.003582547310785739,0.04141520679795911,500003000.0,0.0,7.452828175511904e-06,5e-07,2.2985821084216735e-08,0.0,0.00086701087625898,0.0,8.022037974217775e-06,0.0,0.01995531834382531,-0.03004468165617469,0
119.0,269.36916055996085,463.67101724828643,0.0035778182424336747,0.041564042055521645,500003000.0,0.0,7.464279102128437e-06,5e-07,2.2901853233066977e-08,0.0,0.0008710133862585243,0.0,8.017313043844227e-06,0.0,0.01994356478568216,-0.030056435214317844,0
119.5,269.3541323423537,463.1471271248866,0.003573124834363729,0.041712997996553126,500003000.0,0.0,7.4756883760486905e-06,5e-07,2.2818547840507682e-08,0.0,0.0008750135694298375,0.0,8.012588804169046e-06,0.0,0.019931812945694145,-0.030068187054305858,0
120.0,269.33909824882653,462.6235760642195,0.003568466679958189,0.041862074235674916,500003000.0,0.0,7.487056324215266e-06,5e-07,2.2735896333151504e-08,0.0,0.0008790114257594337,0.0,8.007865222177368e-06,0.0,0.019920062741734745,-0.030079937258265257,0
120.5,269.3240582801974,462.10036401215746,0.0035638433792672492,0.042011270394648956,500003000.0,0.0,7.498383269360239e-06,5e-07,2.265389028994647e-08,0.0,0.000883006955222662,0.0,8.003142265591564e-06,0.0,0.019908314093511355,-0.030091685906488648,0
121.0,269.3090124372441,461.5774909164306,0.003559254538871108,0.0421605861021784,500003000.0,0.0,7.50966953007962e-06,5e-07,2.2572521438761954e-08,0.0,0.0008870001577839732,0.0,7.998419902860236e-06,0.0,0.0198965669225379,-0.0301034330774621,0
121.5,269.2939607207054,461.0549567265854,0.003554699771733496,0.042310020993812106,500003000.0,0.0,7.520915420906115e-06,5e-07,2.249178165299086e-08,0.0,0.0008909910333971695,0.0,7.993698103120306e-06,0.0,0.01988482115204056,-0.03011517884795944,0
122.0,269.2789031312814,460.53276139394256,0.0035501786970815754,0.042459574711757195,500003000.0,0.0,7.532121252380308e-06,5e-07,2.2411662948387107e-08,0.0,0.0008949795820056652,0.0,7.988976836210892e-06,0.0,0.01987307670699227,-0.030126923293007733,0
122.5,269.26383966963493,460.0109048715575,0.003545690940261852,0.04260924690476526,500003000.0,0.0,7.543287331120217e-06,5e-07,2.2332157479817213e-08,0.0,0.0008989658035427241,0.0,7.984256072626033e-06,0.0,0.01986133351399511,-0.030138666486004894,0
123.0,269.24877033639194,459.4893871141808,0.0035412361326190487,0.04275903722798542,500003000.0,0.0,7.554413959889327e-06,5e-07,2.225325753822136e-08,0.0,0.0009029496979316978,0.0,7.97953578351204e-06,0.0,0.01984959150127373,-0.030150408498726272,0
123.5,269.2336951321426,458.96820807822047,0.0035368139113691162,0.04290894534284004,500003000.0,0.0,7.565501437663127e-06,5e-07,2.21749555475993e-08,0.0,0.0009069312650862565,0.0,7.97481594064482e-06,0.0,0.019837850598618954,-0.03016214940138105,0
124.0,269.2186140574419,458.4473677217045,0.0035324239194825424,0.043058970916873086,500003000.0,0.0,7.576550059694187e-06,5e-07,2.2097244062120974e-08,0.0,0.0009109105049106165,0.0,7.970096516423805e-06,0.0,0.01982611073737265,-0.030173889262627353,0
124.5,269.2035271128106,457.92686600424446,0.0035280658055624383,0.0432091136236708,500003000.0,0.0,7.587560117575819e-06,5e-07,2.2020115763262618e-08,0.0,0.0009148874172997592,0.0,7.96537748384769e-06,0.0,0.01981437185036739,-0.030185628149632614,0
125.0,269.1884342987358,457.4067028870008,0.003523739223727732,0.04335937314267502,500003000.0,0.0,7.598531899304335e-06,5e-07,2.1943563457031507e-08,0.0,0.0009188620021396411,0.0,7.960658816495417e-06,0.0,0.01980263387187915,-0.030197366128120854,0
125.5,269.1733356156717,456.8868783326476,0.0035194438335084018,0.04350974915911618,500003000.0,0.0,7.609465689339995e-06,5e-07,2.1867580071320296e-08,0.0,0.0009228342593074086,0.0,7.955940488528298e-06,0.0,0.01979089673763258,-0.030209103262367424,0
126.0,269.15823106404054,456.3673923053398,0.003515179299725403,0.04366024136386619,500003000.0,0.0,7.620361768666605e-06,5e-07,2.179215865321921e-08,0.0,0.0009268041886715935,0.0,7.951222474651693e-06,0.0,0.019779160384705705,-0.030220839615294297,0
126.5,269.1431206442329,455.84824477067923,0.0035109452923996983,0.04381084945334835,500003000.0,0.0,7.631220414849885e-06,5e-07,2.1717292366560303e-08,0.0,0.0009307717900923214,0.0,7.94650475013672e-06,0.0,0.01976742475158388,-0.030232575248416122,0
127.0,269.1280043566087,455.32943569568283,0.003506741486635882,0.04396157312941586,500003000.0,0.0,7.642041902094562e-06,5e-07,2.1642974489353885e-08,0.0,0.0009347370634215028,0.0,7.941787290779035e-06,0.0,0.019755689778057303,-0.0302443102219427,0
127.5,269.1128822014977,454.8109650487519,0.0035025675625210387,0.0441124120992183,500003000.0,0.0,7.652826501300246e-06,5e-07,2.156919841136808e-08,0.0,0.0009387000085030176,0.0,7.937070072886577e-06,0.0,0.01974395540519049,-0.030256044594809513,0
128.0,269.0977541792003,454.2928327996417,0.0034984232050276403,0.044263366075136285,500003000.0,0.0,7.663574480116136e-06,5e-07,2.1495957631780212e-08,0.0,0.0009426606251728991,0.0,7.932353073271239e-06,0.0,0.01973222157530159,-0.030267778424698414,0
128.5,269.082620289988,453.77503891943104,0.003494308103922536,0.044414434774658215,500003000.0,0.0,7.674286102994592e-06,5e-07,2.14232457569109e-08,0.0,0.0009466189132595178,0.0,7.92763626924929e-06,0.0,0.01972048823196341,-0.03027951176803659,0
129.0,269.06748053410394,453.2575833804929,0.003490221953670352,0.0445656179202796,500003000.0,0.0,7.684961631243576e-06,5e-07,2.1351056497967697e-08,0.0,0.0009505748725837582,0.0,7.92291963862415e-06,0.0,0.01970875531996057,-0.030291244680039433,0
129.5,269.0523349117639,452.7404661564674,0.0034861644533304955,0.04471691523940409,500003000.0,0.0,7.695601323077972e-06,5e-07,2.1279383668793125e-08,0.0,0.0009545285029591822,0.0,7.918203159649844e-06,0.0,0.019697022785198616,-0.030302977214801387,0
130.0,269.03718342315653,452.2236872222328,0.003482135306484373,0.044868326464265244,500003000.0,0.0,7.706205433669891e-06,5e-07,2.1208221183838848e-08,0.0,0.0009584798041922016,0.0,7.913486811058275e-06,0.0,0.019685290574771832,-0.03031470942522817,0
130.5,269.0220260684439,451.7072465538783,0.0034781342211422013,0.04501985133179629,500003000.0,0.0,7.716774215197918e-06,5e-07,2.1137563056055132e-08,0.0,0.0009624287760822472,0.0,7.908770572035728e-06,0.0,0.019673558636904797,-0.030326441363095206,0
131.0,269.00686284776236,451.19114412867924,0.0034741609096424144,0.04517148958357335,500003000.0,0.0,7.727307916895305e-06,5e-07,2.1067403394775308e-08,0.0,0.0009663754184219098,0.0,7.904054422178006e-06,0.0,0.019661826920840814,-0.03033817307915919,0
131.5,268.9916937612228,450.67537992506925,0.003470215088596371,0.04532324096571262,500003000.0,0.0,7.737806785097262e-06,5e-07,2.09977364039132e-08,0.0,0.0009703197309971152,0.0,7.899338341544265e-06,0.0,0.019650095376975783,-0.03034990462302422,0
132.0,268.9765188089113,450.1599539226161,0.0034662964787828777,0.04547510522879058,500003000.0,0.0,7.748271063287207e-06,5e-07,2.092855637989275e-08,0.0,0.0009742617135872653,0.0,7.894622310592573e-06,0.0,0.019638363956697942,-0.03036163604330206,0
132.5,268.96133799088966,449.6448661019968,0.003462404805080318,0.04562708212773552,500003000.0,0.0,7.758700992142128e-06,5e-07,2.0859857709841913e-08,0.0,0.0009782013659653886,0.0,7.889906310196888e-06,0.0,0.01962663261243007,-0.030373367387569933,0
133.0,268.94615130719586,449.13011644497305,0.0034585397963875913,0.04577917142177656,500003000.0,0.0,7.769096809577005e-06,5e-07,2.079163486975322e-08,0.0,0.0009821386878982894,0.0,7.88519032163465e-06,0.0,0.019614901297598634,-0.03038509870240137,0
133.5,268.9309587578447,448.6157049343691,0.00345470118553886,0.04593137287434414,500003000.0,0.0,7.779458750788326e-06,5e-07,2.072388242264144e-08,0.0,0.000986073679146676,0.0,7.880474326556349e-06,0.0,0.01960316996655808,-0.030396830033441923,0
134.0,268.915760342828,448.10163155404706,0.003450888709246359,0.046083686252984125,500003000.0,0.0,7.789787048296777e-06,5e-07,2.0656595016902626e-08,0.0,0.0009900063394653134,0.0,7.87575830701531e-06,0.0,0.01959143857466495,-0.030408561425335053,0
134.5,268.9005560621153,447.5878962888848,0.0034471021080182706,0.04623611132930782,500003000.0,0.0,7.800081931989056e-06,5e-07,2.058976738455516e-08,0.0,0.0009939366686031559,0.0,7.87104224543704e-06,0.0,0.019579707078201593,-0.03042029292179841,0
135.0,268.8853459156544,447.07449912475477,0.0034433411260805795,0.04638864787889078,500003000.0,0.0,7.810343629158824e-06,5e-07,2.0523394339536437e-08,0.0,0.000997864666303469,0.0,7.866326124593965e-06,0.0,0.019567975434313347,-0.030432024565686656,0
135.5,268.87012990337155,446.5614400485019,0.00343960551132242,0.04654129568119439,500003000.0,0.0,7.820572364546908e-06,5e-07,2.045747077616987e-08,0.0,0.0010017903323039673,0.0,7.861609927630378e-06,0.0,0.01955624360107059,-0.030443756398929413,0
136.0,268.8549080251721,446.04871904792265,0.0034358950152185807,0.0466940545195264,500003000.0,0.0,7.830768360380671e-06,5e-07,2.03919916675249e-08,0.0,0.0010057136663369371,0.0,7.856893638031877e-06,0.0,0.01954451153739273,-0.03045548846260727,0
136.5,268.8396802809408,445.5363361117438,0.0034322093927741494,0.04684692418093878,500003000.0,0.0,7.84093183641264e-06,5e-07,2.032695206393721e-08,0.0,0.0010096346681293645,0.0,7.852177239642071e-06,0.0,0.01953277920308973,-0.030467220796910274,0
137.0,268.82444667054233,445.02429122960336,0.0034285484024433057,0.0469999044561797,500003000.0,0.0,7.851063009958342e-06,5e-07,2.0262347091403465e-08,0.0,0.0010135533374030499,0.0,7.847460716616998e-06,0.0,0.019521046558748752,-0.03047895344125125,0
137.5,268.8092071938217,444.5125843920305,0.0034249118060790135,0.04715299513959536,500003000.0,0.0,7.861162095933435e-06,5e-07,2.0198171950186348e-08,0.0,0.0010174696738747256,0.0,7.84274405344704e-06,0.0,0.019509313565788656,-0.030490686434211347,0
138.0,268.7939618506046,444.00121559042634,0.0034212993688668863,0.047306196029109675,500003000.0,0.0,7.87122930689011e-06,5e-07,2.01344219133519e-08,0.0,0.0010213836772561716,0.0,7.83802723493965e-06,0.0,0.019497580186417042,-0.03050241981358296,0
138.5,268.7787106406978,443.4901848170444,0.003417710859272611,0.04745950692611908,500003000.0,0.0,7.881264853052817e-06,5e-07,2.0071092325412265e-08,0.0,0.0010252953472543365,0.0,7.83331024623016e-06,0.0,0.019485846383657114,-0.03051415361634289,0
139.0,268.76345356388964,442.9794920649736,0.00341414604896433,0.047612927635448346,500003000.0,0.0,7.89126894235324e-06,5e-07,2.0008178600846285e-08,0.0,0.0010292046835714316,0.0,7.828593072732296e-06,0.0,0.01947411212122462,-0.030525887878775384,0
139.5,268.74819061995026,442.46913732811896,0.003410604712777711,0.04776645796529686,500003000.0,0.0,7.901241780464688e-06,5e-07,1.9945676222894955e-08,0.0,0.0010331116859050536,0.0,7.823875700183724e-06,0.0,0.019462377363641106,-0.030537622636358897,0
140.0,268.7329218086321,441.9591206011845,0.003407086628642482,0.04792009772715334,500003000.0,0.0,7.911183570835764e-06,5e-07,1.9883580742154217e-08,0.0,0.0010370163539482808,0.0,7.819158114600556e-06,0.0,0.019450642076120787,-0.030549357923879215,0
140.5,268.7176471296702,441.4494418796556,0.00340359157753819,0.0480738467357593,500003000.0,0.0,7.921094514723445e-06,5e-07,1.9821887775361828e-08,0.0,0.001040918687389783,0.0,7.814440302296127e-06,0.0,0.01943890622461723,-0.030561093775382773,0
141.0,268.7023665827825,440.9401011597823,0.0034001193434322558,0.048227704809041275,500003000.0,0.0,7.930974811225496e-06,5e-07,1.9760593004103127e-08,0.0,0.0010448186859139173,0.0,7.809722249856641e-06,0.0,0.01942716977576279,-0.030572830224237214,0
141.5,268.68708016767033,440.4310984385633,0.0033966697132285944,0.04838167176805567,500003000.0,0.0,7.940824657312296e-06,5e-07,1.9699692173600232e-08,0.0,0.001048716349200825,0.0,7.805003944138448e-06,0.0,0.01941543269686181,-0.03058456730313819,0
142.0,268.6717878840188,439.9224337137298,0.0033932424767166257,0.048535747436921566,500003000.0,0.0,7.950644247858058e-06,5e-07,1.9639181091524613e-08,0.0,0.001052611676926527,0.0,7.800285372263782e-06,0.0,0.019403694955880055,-0.030596305044119948,0
142.5,268.6564897314967,439.41410698372783,0.0033898374265333023,0.04868993164281105,500003000.0,0.0,7.96043377567151e-06,5e-07,1.9579055626905125e-08,0.0,0.0010565046687630315,0.0,7.795566521644018e-06,0.0,0.019391956521502534,-0.03060804347849747,0
143.0,268.64118570975745,438.9061182477046,0.0033864543580917742,0.048844224215835993,500003000.0,0.0,7.970193431525942e-06,5e-07,1.9519311708863296e-08,0.0,0.0010603953243784137,0.0,7.790847379923878e-06,0.0,0.01938021736299472,-0.030619782637005283,0
143.5,268.62587581843894,438.398467505493,0.0033830930695437954,0.048998624989037086,500003000.0,0.0,7.979923404188724e-06,5e-07,1.9459945325563535e-08,0.0,0.0010642836434369063,0.0,7.786127935000895e-06,0.0,0.019368477450250984,-0.03063152254974902,0
144.0,268.6105600571641,437.8911547575963,0.0033797533617342815,0.0491531337983078,500003000.0,0.0,7.989623880450293e-06,5e-07,1.9400952523136562e-08,0.0,0.0010681696255989918,0.0,7.781408175024615e-06,0.0,0.019356736753792573,-0.03064326324620743,0
144.5,268.59523842554097,437.38418000517294,0.0033764350381603587,0.04930775048237839,500003000.0,0.0,7.999295045152617e-06,5e-07,1.934232940464681e-08,0.0,0.0010720532705214977,0.0,7.776688088403968e-06,0.0,0.01934499524478599,-0.030655004755214012,0
145.0,268.57991092316337,436.8775432500238,0.003373137904903151,0.04946247488272806,500003000.0,0.0,8.008937081217078e-06,5e-07,1.9284072128922033e-08,0.0,0.0010759345778576623,0.0,7.771967663749735e-06,0.0,0.019333252894899837,-0.030666747105100166,0
145.5,268.5645775496108,436.3712444945769,0.003369861770610914,0.049617306843571754,500003000.0,0.0,8.018550169671926e-06,5e-07,1.9226176909694568e-08,0.0,0.001079813547257234,0.0,7.767246889933158e-06,0.0,0.019321509676450646,-0.030678490323549357,0
146.0,268.54923830444903,435.8652837418742,0.0033666064464391663,0.049772246211789994,500003000.0,0.0,8.028134489679183e-06,5e-07,1.9168640014513194e-08,0.0,0.001083690178366548,0.0,7.76252575604351e-06,0.0,0.019309765562297288,-0.030690234437702715,0
146.5,268.5338931872302,435.3596609955584,0.0033633717460082166,0.04992729283688472,500003000.0,0.0,8.037690218561069e-06,5e-07,1.911145776377167e-08,0.0,0.0010875644708285997,0.0,7.75780425138372e-06,0.0,0.01929802052583015,-0.030701979474169853,0
147.0,268.5185421974931,434.85437625985867,0.003360157485376799,0.05008244657095777,500003000.0,0.0,8.047217531825992e-06,5e-07,1.9054626529844676e-08,0.0,0.0010914364242831376,0.0,7.753082365501284e-06,0.0,0.01928627454104797,-0.030713725458952033,0
147.5,268.5031853347636,434.3494295395789,0.0033569634829784005,0.050237707268640894,500003000.0,0.0,8.056716603194006e-06,5e-07,1.8998142736027663e-08,0.0,0.0010953060383667263,0.0,7.748360088131172e-06,0.0,0.01927452758241585,-0.03072547241758415,0
148.0,268.4878225985548,433.84482084008556,0.00335378955959201,0.050393074787056256,500003000.0,0.0,8.06618760462185e-06,5e-07,1.8942002855688005e-08,0.0,0.0010991733127128202,0.0,7.743637409216334e-06,0.0,0.019262779624916255,-0.030737220375083748,0
148.5,268.4724539883673,433.34055016729326,0.0033506355383155504,0.05054854898579163,500003000.0,0.0,8.075630706327573e-06,5e-07,1.8886203411445407e-08,0.0,0.0011030382469518507,0.0,7.738914318932622e-06,0.0,0.019251030644111,-0.030748969355889003,0
149.0,268.4570795036894,432.8366175276539,0.0033475012445076794,0.050704129726858005,500003000.0,0.0,8.085046076814667e-06,5e-07,1.88307409741885e-08,0.0,0.0011069008407112904,0.0,7.734190807638955e-06,0.0,0.0192392806160173,-0.030760719383982702,0
149.5,268.44169914399737,432.33302292814426,0.003344386505763123,0.05085981687461589,500003000.0,0.0,8.094433882895814e-06,5e-07,1.8775612162295113e-08,0.0,0.001110761093615727,0.0,7.729466865903152e-06,0.0,0.019227529517172017,-0.030772470482827986,0
150.0,268.42631290875596,431.8297663762555,0.003341291151859226,0.051015610295779695,500003000.0,0.0,8.103794289716167e-06,5e-07,1.872081364070466e-08,0.0,0.0011146190052869211,0.0,7.724742484459673e-06,0.0,0.01921577732452655,-0.03078422267547345,0
150.5,268.4109207974182,431.3268478799802,0.003338215014745426,0.05117150985935164,500003000.0,0.0,8.113127460776288e-06,5e-07,1.8666342120244803e-08,0.0,0.0011184745753438888,0.0,7.72001765426482e-06,0.0,0.01920402401558413,-0.03079597598441587,0
151.0,268.395522809426,430.8242674478018,0.003335157928487679,0.05132751543659428,500003000.0,0.0,8.122433557954647e-06,5e-07,1.8612194356718655e-08,0.0,0.0011223278034029616,0.0,7.71529236644635e-06,0.0,0.019192269568274502,-0.0308077304317255,0
151.5,268.3801189442101,430.32202508868363,0.0033321197292398136,0.05148362690099032,500003000.0,0.0,8.131712741529725e-06,5e-07,1.8558367150156142e-08,0.0,0.0011261786890778506,0.0,7.710566612313686e-06,0.0,0.019180513960979317,-0.030819486039020686,0
152.0,268.3647092011906,429.82012081205824,0.003329100255210275,0.05163984412820388,500003000.0,0.0,8.140965170201752e-06,5e-07,1.8504857344051922e-08,0.0,0.0011300272319797109,0.0,7.705840383355995e-06,0.0,0.01916875717252735,-0.03083124282747265,0
152.5,268.3492935797768,429.318554627816,0.003326099346632482,0.05179616699605704,500003000.0,0.0,8.15019100111407e-06,5e-07,1.8451661824635626e-08,0.0,0.0011338734317172079,0.0,7.701113671247141e-06,0.0,0.01915699918220682,-0.030843000817793183,0
153.0,268.33387207936795,428.8173265462959,0.003323116845722021,0.05195259538448168,500003000.0,0.0,8.15939038987411e-06,5e-07,1.8398777520081095e-08,0.0,0.0011377172878965734,0.0,7.696386467818731e-06,0.0,0.019145239969698333,-0.03085476003030167,0
153.5,268.3184446993528,428.31643657827397,0.003320152596658198,0.05210912917549069,500003000.0,0.0,8.168563490574041e-06,5e-07,1.8346201399862402e-08,0.0,0.001141558800121673,0.0,7.691658765088098e-06,0.0,0.019133479515144523,-0.03086652048485548,0
154.0,268.3030114391104,427.8158847349537,0.0033172064455451442,0.05226576825314099,500003000.0,0.0,8.177710455811045e-06,5e-07,1.8293930474007905e-08,0.0,0.0011453979679940645,0.0,7.686930555237615e-06,0.0,0.019121717799098544,-0.03087828220090146,0
154.5,268.28757229800993,427.3156710279574,0.003314278240371684,0.0524225125034996,500003000.0,0.0,8.186831436707225e-06,5e-07,1.8241961792359058e-08,0.0,0.0011492347911130464,0.0,7.682201830589732e-06,0.0,0.01910995480246202,-0.030890045197537984,0
155.0,268.27212727541115,426.8157954693149,0.003311367831002088,0.052579361814633165,500003000.0,0.0,8.19592658292923e-06,5e-07,1.819029244401031e-08,0.0,0.0011530692690757242,0.0,7.677472583652261e-06,0.0,0.019098190506597664,-0.03090180949340234,0
155.5,268.2566763706644,426.31625807145497,0.0033084750691303004,0.05273631607653671,500003000.0,0.0,8.204996042707509e-06,5e-07,1.8138919556558137e-08,0.0,0.0011569014014770648,0.0,7.672742807077765e-06,0.0,0.01908642489322827,-0.030913575106771733,0
156.0,268.24121958311105,425.81705884719656,0.0033055998082531304,0.052893375181124,500003000.0,0.0,8.214039962855241e-06,5e-07,1.8087840295465326e-08,0.0,0.0011607311879099438,0.0,7.668012493665596e-06,0.0,0.01907465794444178,-0.030925342055558223,0
156.5,268.2257569120833,425.31819780973836,0.0033027419036531806,0.05305053902221785,500003000.0,0.0,8.223058488786985e-06,5e-07,1.8037051863488185e-08,0.0,0.0011645586279652113,0.0,7.66328163638529e-06,0.0,0.01906288964274948,-0.03093711035725052,0
157.0,268.21028835690464,424.81967497265,0.0032999012123617402,0.05320780749548687,500003000.0,0.0,8.232051764536988e-06,5e-07,1.7986551500003943e-08,0.0,0.0011683837212317421,0.0,7.658550228352332e-06,0.0,0.019051119971025703,-0.0309488800289743,0
157.5,268.19481391689015,424.3214903498645,0.003297077593123538,0.05336518049842626,500003000.0,0.0,8.241019932777167e-06,5e-07,1.79363364803586e-08,0.0,0.0011722064672964785,0.0,7.65381826280699e-06,0.0,0.0190393489124552,-0.030960651087544803,0
158.0,268.1793335913464,423.82364395566884,0.0032942709063867063,0.053522657930335206,500003000.0,0.0,8.249963134834848e-06,5e-07,1.788640411536134e-08,0.0,0.0011760268657444884,0.0,7.649085733150541e-06,0.0,0.019027576450623238,-0.030972423549376765,0
158.5,268.1638473795717,423.3261358046948,0.003291481014270667,0.05368023969229167,500003000.0,0.0,8.258881510710182e-06,5e-07,1.7836751750667573e-08,0.0,0.0011798449161590206,0.0,7.644352632929111e-06,0.0,0.019015802569475403,-0.0309841974305246,0
159.0,268.14835528085644,422.82896591191246,0.0032887077805268737,0.05383792568710172,500003000.0,0.0,8.267775199093248e-06,5e-07,1.7787376766132913e-08,0.0,0.0011836606181215362,0.0,7.639618955799845e-06,0.0,0.019004027253233444,-0.03099597274676656,0
159.5,268.1328572944831,422.33213429262025,0.003285951070538618,0.053995715819316795,500003000.0,0.0,8.276644337380943e-06,5e-07,1.773827657538725e-08,0.0,0.0011874739712117767,0.0,7.634884695586665e-06,0.0,0.018992250486533992,-0.03100774951346601,0
160.0,268.1173534197263,421.8356409624372,0.003283210751279527,0.05415360999514638,500003000.0,0.0,8.28548906169354e-06,5e-07,1.7689448625193643e-08,0.0,0.0011912849750078047,0.0,7.630149846239132e-06,0.0,0.0189804722543262,-0.031019527745673802,0
160.5,268.1018436558535,421.3394859372962,0.003280486691284205,0.05431160812250177,500003000.0,0.0,8.294309506890981e-06,5e-07,1.7640890394881873e-08,0.0,0.0011950936290860419,0.0,7.625414401818361e-06,0.0,0.01896869254183672,-0.031031307458163283,0
161.0,268.0863280021244,420.84366923343526,0.0032777787606409177,0.054469710110898115,500003000.0,0.0,8.303105806588936e-06,5e-07,1.759259939590867e-08,0.0,0.001198899933021325,0.0,7.620678356533235e-06,0.0,0.018956911334659786,-0.031043088665340217,0
161.5,268.0708064577917,420.3481908673903,0.0032750868309549958,0.05462791587148631,500003000.0,0.0,8.31187809317457e-06,5e-07,1.754457317126823e-08,0.0,0.0012027038863869446,0.0,7.6159417047075485e-06,0.0,0.01894512861867549,-0.03105487138132451,0
162.0,268.05527902210105,419.85305085598736,0.0032724107753350808,0.05478622531700844,500003000.0,0.0,8.320626497822087e-06,5e-07,1.7496809295033394e-08,0.0,0.0012065054887546937,0.0,7.611204440799301e-06,0.0,0.018933344380097764,-0.03106665561990224,0
162.5,268.03974569429107,419.35824921633525,0.003269750468364013,0.05494463836176804,500003000.0,0.0,8.329351150507998e-06,5e-07,1.7449305371822017e-08,0.0,0.0012103047396949094,0.0,7.606466559383324e-06,0.0,0.018921558605431155,-0.031078441394568848,0
163.0,268.0242064735938,418.86378596581915,0.003267105786074801,0.055103154921592346,500003000.0,0.0,8.338052180026147e-06,5e-07,1.7402059036298318e-08,0.0,0.0012141016387765115,0.0,7.6017280551448174e-06,0.0,0.01890977128145477,-0.03109022871854523,0
163.5,268.0086613592345,418.3696611220925,0.0032644766059387017,0.055261774913860105,500003000.0,0.0,8.34672971400252e-06,5e-07,1.735506795274591e-08,0.0,0.0012178961855670487,0.0,7.596988922900131e-06,0.0,0.018897982395273957,-0.031102017604726046,0
164.0,267.9931103504321,417.87587470307005,0.003261862806838848,0.05542049825742709,500003000.0,0.0,8.355383878909806e-06,5e-07,1.7308329814570735e-08,0.0,0.001221688379632744,0.0,7.592249157583066e-06,0.0,0.018886191934286235,-0.031113808065713768,0
164.5,267.97755344639927,417.38242672692223,0.0032592642690387375,0.05557932487262231,500003000.0,0.0,8.364014800081697e-06,5e-07,1.7261842343784265e-08,0.0,0.0012254782205385205,0.0,7.587508754218345e-06,0.0,0.018874399886115285,-0.031125600113884717,0
165.0,267.9619906463423,416.8893172120667,0.0032566808741841956,0.05573825468123119,500003000.0,0.0,8.372622601727032e-06,5e-07,1.721560329067073e-08,0.0,0.001229265707848058,0.0,7.582767707972106e-06,0.0,0.01886260623873658,-0.031137393761263423,0
165.5,267.9464219494617,416.39654617716343,0.0032541125052592433,0.055897287606469045,500003000.0,0.0,8.381207406943642e-06,5e-07,1.7169610433216866e-08,0.0,0.0012330508411238195,0.0,7.578026014094342e-06,0.0,0.018850810980334184,-0.03114918901966582,0
166.0,267.9308473549519,415.9041136411068,0.0032515590465847562,0.05605642357295143,500003000.0,0.0,8.389769337732028e-06,5e-07,1.7123861576774675e-08,0.0,0.0012368336199270955,0.0,7.573283667960072e-06,0.0,0.018839014099403164,-0.03116098590059684,0
166.5,267.9152668620016,415.41201962301983,0.0032490203837889186,0.05621566250669559,500003000.0,0.0,8.39830851500882e-06,5e-07,1.707835455358137e-08,0.0,0.0012406140438180418,0.0,7.568540665044122e-06,0.0,0.01882721558468687,-0.031172784415313133,0
167.0,267.89968046979396,414.92026414224785,0.0032464964037909375,0.056375004335074946,500003000.0,0.0,8.406825058619997e-06,5e-07,1.703308722235568e-08,0.0,0.0012443921123557143,0.0,7.563797000925936e-06,0.0,0.018815415425188897,-0.031184584574811106,0
167.5,267.88408817750656,414.4288472183522,0.0032439869947829742,0.05653444898681141,500003000.0,0.0,8.415319087353941e-06,5e-07,1.698805746789075e-08,0.0,0.0012481678250981082,0.0,7.5590526712895355e-06,0.0,0.018803613610172975,-0.031196386389827028,0
168.0,267.8684899843116,413.9377688711043,0.0032414920462084814,0.05669399639195994,500003000.0,0.0,8.423790718954259e-06,5e-07,1.694326320063423e-08,0.0,0.0012519411816021913,0.0,7.554307671914323e-06,0.0,0.018791810129140107,-0.031208189870859895,0
168.5,267.8528858893762,413.44702912048,0.0032390114487454826,0.05685364648187179,500003000.0,0.0,8.432240070132408e-06,5e-07,1.6898702356300147e-08,0.0,0.0012557121814239347,0.0,7.549561998676669e-06,0.0,0.018780004971832513,-0.03121999502816749,0
169.0,267.8372758918621,412.95662798665296,0.0032365450942940083,0.057013399189191266,500003000.0,0.0,8.440667256580163e-06,5e-07,1.6854372895508014e-08,0.0,0.0012594808241183574,0.0,7.544815647560508e-06,0.0,0.01876819812825997,-0.031231801871740034,0
169.5,267.8216599909262,412.4665654899896,0.003234092875949305,0.057173254447839654,500003000.0,0.0,8.449072392981839e-06,5e-07,1.6810272803353364e-08,0.0,0.0012632471092395515,0.0,7.540068614634025e-06,0.0,0.018756389588641852,-0.03124361041135815,0
170.0,267.8060381857205,411.97684165104266,0.0032316546879952125,0.05733321219298385,500003000.0,0.0,8.457455593026383e-06,5e-07,1.6766400089088842e-08,0.0,0.0012670110363407225,0.0,7.535320896072733e-06,0.0,0.01874457934346451,-0.03125542065653549,0
170.5,267.79041047539226,411.48745649054615,0.0032292304258773634,0.05749327236102403,500003000.0,0.0,8.465816969419235e-06,5e-07,1.672275278570561e-08,0.0,0.0012707726049742192,0.0,7.530572488134774e-06,0.0,0.018732767383419835,-0.03126723261658017,0
171.0,267.774776859084,410.99841002940974,0.0032268199861918727,0.0576534348895803,500003000.0,0.0,8.474156633894035e-06,5e-07,1.667932894960062e-08,0.0,0.0012745318146915646,0.0,7.5258233871717175e-06,0.0,0.018720953699432136,-0.03127904630056787,0
171.5,267.7591373359337,410.5097022887125,0.003224423266673799,0.05781369971746396,500003000.0,0.0,8.482474697224158e-06,5e-07,1.6636126660247457e-08,0.0,0.0012782886650434958,0.0,7.521073589638176e-06,0.0,0.01870913828268203,-0.03129086171731797,0
172.0,267.743491905075,410.0213332896991,0.0032220401661650308,0.05797406678466903,500003000.0,0.0,8.490771269234041e-06,5e-07,1.6593144019766147e-08,0.0,0.0012820431555799834,0.0,7.516323092052811e-06,0.0,0.01869732112450948,-0.03130267887549053,0
172.5,267.7278405656373,409.53330305377415,0.0032196705846119105,0.05813453603235508,500003000.0,0.0,8.499046458810367e-06,5e-07,1.6550379152651528e-08,0.0,0.001285795285850266,0.0,7.511571891028065e-06,0.0,0.018685502216487723,-0.03131449778351228,0
173.0,267.7121833167455,409.0456116024957,0.0032173144230555777,0.05829510740283338,500003000.0,0.0,8.5073003739131e-06,5e-07,1.6507830205468167e-08,0.0,0.0012895450554028887,0.0,7.506819983282294e-06,0.0,0.01867368155045347,-0.03132631844954653,0
173.5,267.6965201575207,408.5582589575718,0.0032149715835967834,0.05845578083953541,500003000.0,0.0,8.51553312158631e-06,5e-07,1.6465495346419288e-08,0.0,0.001293292463785724,0.0,7.502067365591826e-06,0.0,0.018661859118387625,-0.03133814088161238,0
174.0,267.6808510870799,408.071245140855,0.003212641969396683,0.05861655628701267,500003000.0,0.0,8.523744807968862e-06,5e-07,1.6423372765105003e-08,0.0,0.0012970375105460022,0.0,7.49731403482626e-06,0.0,0.018650034912503135,-0.031349965087496864,0
174.5,267.6651761045361,407.5845701743368,0.0032103254846599792,0.058777433690924176,500003000.0,0.0,8.531935538304958e-06,5e-07,1.6381460672194273e-08,0.0,0.0013007801952303456,0.0,7.492559987942138e-06,0.0,0.018638208925229195,-0.03136179107477081,0
175.0,267.6494952089987,407.0982340801436,0.0032080220346145535,0.058938412997992976,500003000.0,0.0,8.540105416954501e-06,5e-07,1.6339757299083484e-08,0.0,0.001304520517384793,0.0,7.487805221967754e-06,0.0,0.018626381149173518,-0.031373618850826485,0
175.5,267.6338083995733,406.6122368805317,0.0032057315255010575,0.059099494156035576,500003000.0,0.0,8.548254547403306e-06,5e-07,1.6298260897610378e-08,0.0,0.0013082584765548254,0.0,7.483049734010751e-06,0.0,0.01861455157714117,-0.03138544842285883,0
176.0,267.6181156753619,406.1265785978822,0.0032034538645638244,0.059260677113903,500003000.0,0.0,8.556383032273195e-06,5e-07,1.6256969739778517e-08,0.0,0.001311994072285403,0.0,7.478293521268195e-06,0.0,0.018602720202159688,-0.031397279797840315,0
176.5,267.60241703546296,405.6412592546966,0.0032011889600272038,0.05942196182149569,500003000.0,0.0,8.5644909733319e-06,5e-07,1.6215882117412044e-08,0.0,0.0013157273041209832,0.0,7.4735365810021465e-06,0.0,0.018590887017418276,-0.03140911298258173,0
177.0,267.58671247897166,405.15627887359244,0.0031989367210891843,0.059583348229732526,500003000.0,0.0,8.572578471502852e-06,5e-07,1.6174996341902285e-08,0.0,0.001319458171605554,0.0,7.468778910555048e-06,0.0,0.01857905201630609,-0.03142094798369391,0
177.5,267.5710020049798,404.67163747729865,0.003196697057904809,0.05974483629054401,500003000.0,0.0,8.580645626874805e-06,5e-07,1.613431074390648e-08,0.0,0.0013231866742826547,0.0,7.464020507340785e-06,0.0,0.018567215192390015,-0.031432784807609984,0
178.0,267.555285612576,404.1873350886517,0.0031944698815715698,0.05990642595685367,500003000.0,0.0,8.588692538711336e-06,5e-07,1.6093823673060617e-08,0.0,0.0013269128116954016,0.0,7.459261368839863e-06,0.0,0.018555376539402643,-0.03144462346059736,0
178.5,267.53956330084566,403.70337173059033,0.003192255104125161,0.060068117182572635,500003000.0,0.0,8.59671930546021e-06,5e-07,1.6053533497748095e-08,0.0,0.0013306365833865184,0.0,7.454501492618295e-06,0.0,0.01854353605128929,-0.03145646394871071,0
179.0,267.5238350688713,403.21974742615174,0.0031900526385186204,0.06022990992258334,500003000.0,0.0,8.604726024762604e-06,5e-07,1.601343860478845e-08,0.0,0.0013343579888983605,0.0,7.44974087630724e-06,0.0,0.018531693722157315,-0.03146830627784269,0
179.5,267.50810091573237,402.73646219846773,0.003187862398608675,0.06039180413270794,500003000.0,0.0,8.612712793462187e-06,5e-07,1.597353739916624e-08,0.0,0.0013380770277729354,0.0,7.444979517598968e-06,0.0,0.01851984954626609,-0.03148015045373391,0
180.0,267.4923608405055,402.2535160707595,0.0031856842991556163,0.06055379976973599,500003000.0,0.0,8.620679707614102e-06,5e-07,1.5933828303831106e-08,0.0,0.0013417936995519342,0.0,7.44021741427396e-06,0.0,0.018508003518094427,-0.03149199648190558,0
180.5,267.47661484226455,401.77090906633424,0.0031835182557978614,0.06071589679136538,500003000.0,0.0,8.628626862493789e-06,5e-07,1.5894309759374582e-08,0.0,0.0013455080037767528,0.0,7.435454564168502e-06,0.0,0.018496155632259956,-0.03150384436774005,0
181.0,267.4608629200807,401.2886412085812,0.003181364185044525,0.060878095156218816,500003000.0,0.0,8.63655435260569e-06,5e-07,1.5854980223800636e-08,0.0,0.0013492199399885146,0.0,7.430690965183824e-06,0.0,0.01848430588354185,-0.03151569411645815,0
181.5,267.44510507302243,400.80671252096784,0.003179222004264949,0.06104039482382133,500003000.0,0.0,8.644462271691831e-06,5e-07,1.5815838172284264e-08,0.0,0.0013529295077280904,0.0,7.42592661528774e-06,0.0,0.018472454266884927,-0.03152754573311507,0
182.0,267.4293413001559,400.32512302703554,0.0031770916316761384,0.06120279575458678,500003000.0,0.0,8.652350712740292e-06,5e-07,1.5776882096923027e-08,0.0,0.0013566367065361267,0.0,7.421161512510994e-06,0.0,0.018460600777390535,-0.03153939922260947,0
182.5,267.41357160054457,399.8438727503952,0.0031749729863408196,0.06136529790983026,500003000.0,0.0,8.660219767993564e-06,5e-07,1.5738110506544275e-08,0.0,0.0013603415359530746,0.0,7.416395654967946e-06,0.0,0.018448745410368023,-0.03155125458963198,0
183.0,267.39779597324974,399.36296171472475,0.0031728659881348643,0.06152790125170558,500003000.0,0.0,8.668069528956747e-06,5e-07,1.569952192636389e-08,0.0,0.001364043995519196,0.0,7.411629040805363e-06,0.0,0.01843688816120737,-0.03156311183879264,0
183.5,267.38201441733037,398.88238994376496,0.003170770557755123,0.06169060574323598,500003000.0,0.0,8.675900086405671e-06,5e-07,1.5661114897848562e-08,0.0,0.0013677440847745946,0.0,7.406861668245151e-06,0.0,0.018425029025485453,-0.031574970974514546,0
184.0,267.36622693184313,398.4021574613149,0.0031686866167078285,0.06185341134828565,500003000.0,0.0,8.683711530394913e-06,5e-07,1.5622887978484352e-08,0.0,0.0013714418032592431,0.0,7.402093535581324e-06,0.0,0.01841316799895852,-0.03158683200104148,0
184.5,267.3504335158426,397.9222642912288,0.003166614087289859,0.06201631803156752,500003000.0,0.0,8.69150395026567e-06,5e-07,1.558483974151328e-08,0.0,0.001375137150513,0.0,7.397324641159918e-06,0.0,0.018401305077512232,-0.03159869492248777,0
185.0,267.33463416838134,397.4427104574128,0.0031645528925809247,0.06217932575860374,500003000.0,0.0,8.699277434653534e-06,5e-07,1.5546968775726934e-08,0.0,0.0013788301260756288,0.0,7.3925549833840405e-06,0.0,0.01838944025717423,-0.03161055974282577,0
185.5,267.3188288885099,396.96349598382153,0.0031625029564307915,0.06234243449571834,500003000.0,0.0,8.707032071496153e-06,5e-07,1.5509273685238426e-08,0.0,0.0013825207294868149,0.0,7.387784560706943e-06,0.0,0.018377573534096872,-0.03162242646590313,0
186.0,267.303017675277,396.48462089445405,0.0031604642034600942,0.06250564421006069,500003000.0,0.0,8.714767948040814e-06,5e-07,1.5471753089323792e-08,0.0,0.0013862089602861972,0.0,7.383013371656509e-06,0.0,0.01836570490461818,-0.03163429509538182,0
186.5,267.2872005277293,396.0060852133505,0.0031584365590405215,0.06266895486954818,500003000.0,0.0,8.722485150851896e-06,5e-07,1.5434405622164862e-08,0.0,0.0013898948180133814,0.0,7.378241414811136e-06,0.0,0.01835383436520183,-0.031646165634798176,0
187.0,267.2713774449119,395.52788896458884,0.003156419949287409,0.06283236644288935,500003000.0,0.0,8.730183765818224e-06,5e-07,1.5397229932655897e-08,0.0,0.0013935783022079632,0.0,7.373468688804348e-06,0.0,0.018341961912448627,-0.031658038087551375,0
187.5,267.2555484258681,395.05003217228165,0.003154414301050532,0.06299587889956448,500003000.0,0.0,8.737863878160326e-06,5e-07,1.536022468420395e-08,0.0,0.0013972594124095448,0.0,7.368695192324762e-06,0.0,0.018330087543096424,-0.03166991245690358,0
188.0,267.23971346963964,394.5725148605729,0.003152419541902943,0.06315949220980333,500003000.0,0.0,8.745525572437588e-06,5e-07,1.5323388554522373e-08,0.0,0.0014009381481577547,0.0,7.363920924111221e-06,0.0,0.018318211254008013,-0.03168178874599199,0
188.5,267.2238725752666,394.0953370536339,0.0031504356001403,0.06332320634458975,500003000.0,0.0,8.753168932555327e-06,5e-07,1.5286720235477727e-08,0.0,0.0014046145089922722,0.0,7.359145882972044e-06,0.0,0.018306333042219014,-0.03169366695778099,0
189.0,267.2080257417877,393.618498775661,0.003148462404757981,0.06348702127565352,500003000.0,0.0,8.760794041771743e-06,5e-07,1.525021843283142e-08,0.0,0.0014082884944528412,0.0,7.35437006775214e-06,0.0,0.01829445290485607,-0.031705547095143935,0
189.5,267.19217296824013,393.14200005087247,0.0031464998854492275,0.06365093697543717,500003000.0,0.0,8.768400982704785e-06,5e-07,1.5213881866085992e-08,0.0,0.0014119601040792859,0.0,7.349593477348835e-06,0.0,0.01828257083917621,-0.03171742916082379,0
190.0,267.1763142536597,392.66584090350466,0.003144547972601381,0.06381495341712147,500003000.0,0.0,8.775989837338947e-06,5e-07,1.5177709268324257e-08,0.0,0.0014156293374115389,0.0,7.344816110723011e-06,0.0,0.018270686842594554,-0.031729313157405445,0
190.5,267.160449597081,392.1900213578094,0.0031426065972781038,0.06397907057458314,500003000.0,0.0,8.783560687031938e-06,5e-07,1.5141699385983118e-08,0.0,0.0014192961939896505,0.0,7.340037966877133e-06,0.0,0.018258800912629686,-0.03174119908737032,0
191.0,267.14457899753734,391.71454143805056,0.0031406756912198295,0.0641432884224199,500003000.0,0.0,8.791113612521297e-06,5e-07,1.5105850978717763e-08,0.0,0.0014229606733538167,0.0,7.335259044875609e-06,0.0,0.01824691304695425,-0.03175308695304575,0
191.5,267.12870245406083,391.2394011685017,0.0031387551868226073,0.06430760693590783,500003000.0,0.0,8.798648693930878e-06,5e-07,1.5070162819164055e-08,0.0,0.0014266227750443844,0.0,7.33047934381437e-06,0.0,0.01823502324331933,-0.03176497675668068,0
192.0,267.1128199656825,390.76460057344235,0.0031368450171448377,0.06447202609100516,500003000.0,0.0,8.806166010777297e-06,5e-07,1.5034633692837317e-08,0.0,0.0014302824986018796,0.0,7.3256988628552825e-06,0.0,0.018223131499640003,-0.03177686850036,0
192.5,267.0969315314323,390.2901396771556,0.0031349451158888928,0.06463654586434857,500003000.0,0.0,8.813665641976253e-06,5e-07,1.4999262397912555e-08,0.0,0.00143393984356702,0.0,7.320917601201655e-06,0.0,0.018211237813934467,-0.031788762186065536,0
193.0,267.0810371503393,389.8160185039259,0.0031330554173891736,0.0648011662332411,500003000.0,0.0,8.821147665848772e-06,5e-07,1.4964047745038057e-08,0.0,0.0014375948094807265,0.0,7.316135558088487e-06,0.0,0.018199342184299718,-0.03180065781570028,0
193.5,267.06513682143145,389.34223707803443,0.0031311758566251635,0.06496588717564848,500003000.0,0.0,8.828612160127408e-06,5e-07,1.4928988557270292e-08,0.0,0.0014412473958841533,0.0,7.311352732830759e-06,0.0,0.01818744460903174,-0.031812555390968264,0
194.0,267.049230543736,388.8687954237576,0.0031293063691905138,0.06513070867017672,500003000.0,0.0,8.836059201962309e-06,5e-07,1.4894083669800863e-08,0.0,0.0014448976023186961,0.0,7.306569124768902e-06,0.0,0.018175545086489806,-0.0318244549135102,0
194.5,267.03331831627924,388.3956935653643,0.0031274468912934994,0.06529563069607805,500003000.0,0.0,8.843488867927227e-06,5e-07,1.4859331929835512e-08,0.0,0.0014485454283260073,0.0,7.301784733287128e-06,0.0,0.01816364361514211,-0.03183635638485789,0
195.0,267.0174001380868,387.9229315271125,0.0031255973597545286,0.06546065323323885,500003000.0,0.0,8.850901234025457e-06,5e-07,1.4824732196460763e-08,0.0,0.0014521908734480165,0.0,7.296999557824704e-06,0.0,0.01815174019359379,-0.03184825980640621,0
195.5,267.0014760081836,387.45050933324666,0.003123757711995382,0.06562577626215967,500003000.0,0.0,8.858296375695694e-06,5e-07,1.4790283340473125e-08,0.0,0.0014558339372269496,0.0,7.292213597867604e-06,0.0,0.018139834820566178,-0.031860165179433825,0
196.0,266.9855459255939,386.9784270079963,0.003121927886020824,0.06579099976397812,500003000.0,0.0,8.865674367817782e-06,5e-07,1.4755984244174467e-08,0.0,0.0014594746192053295,0.0,7.287426852922173e-06,0.0,0.018127927494831275,-0.03187207250516873,0
196.5,266.9696098893413,386.5066845755715,0.003120107820434802,0.06595632372041381,500003000.0,0.0,8.873035284718448e-06,5e-07,1.4721833801332726e-08,0.0,0.0014631129189260096,0.0,7.282639322569199e-06,0.0,0.018116018215346266,-0.03188398178465374,0
197.0,266.953667898449,386.03528206016176,0.003118297454411644,0.06612174811380842,500003000.0,0.0,8.880379200176914e-06,5e-07,1.4687830916931664e-08,0.0,0.0014667488359321793,0.0,7.277851006412769e-06,0.0,0.01810410698112629,-0.03189589301887372,0
197.5,266.9377199519396,385.5642194859327,0.0031164967277002,0.06628727292709584,500003000.0,0.0,8.887706187430454e-06,5e-07,1.4653974507078203e-08,0.0,0.001470382369767382,0.0,7.2730619041057476e-06,0.0,0.01809219379130783,-0.03190780620869217,0
198.0,266.92176604883525,385.0934968770235,0.0031147055806166,0.06645289814378462,500003000.0,0.0,8.895016319179883e-06,5e-07,1.4620263498857663e-08,0.0,0.0014740135199755326,0.0,7.268272015348453e-06,0.0,0.018080278645145404,-0.0319197213548546,0
198.5,266.90580618815784,384.6231142575448,0.0031129239540302685,0.06661862374796787,500003000.0,0.0,8.902309667594963e-06,5e-07,1.4586696830159188e-08,0.0,0.001477642286100928,0.0,7.263481339871398e-06,0.0,0.01806836154196865,-0.031931638458031354,0
199.0,266.88984036892884,384.15307165157606,0.0031111517893645376,0.06678444972431184,500003000.0,0.0,8.909586304319748e-06,5e-07,1.4553273449571461e-08,0.0,0.0014812686676882627,0.0,7.258689877451814e-06,0.0,0.01805644248122342,-0.03194355751877658,0
199.5,266.8738685901695,383.6833690831631,0.003109389028587446,0.06695037605804852,500003000.0,0.0,8.916846300477865e-06,5e-07,1.4519992316233983e-08,0.0,0.0014848926642826467,0.0,7.253897627907115e-06,0.0,0.01804452146245551,-0.03195547853754449,0
200.0,266.85789085090073,383.2140065763157,0.0031076356142051382,0.06711640273496822,500003000.0,0.0,8.924089726677717e-06,5e-07,1.4486852399702257e-08,0.0,0.0014885142754296164,0.0,7.2491045910941765e-06,0.0,0.018032598485308898,-0.0319674015146911,0
200.5,266.8419071501434,382.7449841550053,0.0031058914892550613,0.06728252974140017,500003000.0,0.0,8.931316653017624e-06,5e-07,1.445385267981363e-08,0.0,0.0014921335006751492,0.0,7.2443107669079225e-06,0.0,0.018020673549522196,-0.03197932645047781,0
201.0,266.8259174869182,382.2763018431622,0.003104156597303737,0.06744875706422969,500003000.0,0.0,8.938527149090912e-06,5e-07,1.4420992146576034e-08,0.0,0.0014957503395656823,0.0,7.239516155290392e-06,0.0,0.01800874665495122,-0.03199125334504878,0
201.5,266.80992186024565,381.8079596646743,0.0031024308824292536,0.06761508469087578,500003000.0,0.0,8.945721283990907e-06,5e-07,1.4388269799987316e-08,0.0,0.0014993647916481175,0.0,7.234720756203972e-06,0.0,0.01799681780150242,-0.032003182198497584,0
202.0,266.7939202691464,381.33995764338357,0.003100714289231322,0.0677815126092804,500003000.0,0.0,8.952899126315898e-06,5e-07,1.4355684649984094e-08,0.0,0.0015029768564698439,0.0,7.229924569668666e-06,0.0,0.017984886989225537,-0.03201511301077446,0
202.5,266.777912712641,380.8722958030852,0.003099006762807374,0.06794804080791635,500003000.0,0.0,8.960060744174016e-06,5e-07,1.4323235716234643e-08,0.0,0.001506586533578742,0.0,7.225127595720043e-06,0.0,0.017972954218209065,-0.03202704578179094,0
203.0,266.7618991897501,380.40497416752373,0.0030973082487670473,0.06811466927577542,500003000.0,0.0,8.96720620518807e-06,5e-07,1.4290922028110943e-08,0.0,0.0015101938225232073,0.0,7.220329834456394e-06,0.0,0.017961019488697497,-0.03203898051130251,0
203.5,266.7458796994945,379.93799276039186,0.0030956186932084542,0.06828139800235342,500003000.0,0.0,8.974335576500313e-06,5e-07,1.425874262448551e-08,0.0,0.0015137987228521599,0.0,7.2155312859967245e-06,0.0,0.017949082800986876,-0.032050917199013124,0
204.0,266.72985424089495,379.47135160532787,0.003093938042722404,0.06844822697766197,500003000.0,0.0,8.981448924777143e-06,5e-07,1.4226696553658806e-08,0.0,0.0015174012341150575,0.0,7.210731950503621e-06,0.0,0.017937144155481644,-0.03206285584451836,0
204.5,266.7138228129727,379.00505072591426,0.0030922662443769082,0.06861515619218418,500003000.0,0.0,8.988546316213741e-06,5e-07,1.4194782873197283e-08,0.0,0.0015210013558619017,0.0,7.205931828160021e-06,0.0,0.017925203552636867,-0.032074796447363135,0
205.0,266.69778541474903,378.5390901456748,0.0030906032457246524,0.06878218563693614,500003000.0,0.0,8.99562781653868e-06,5e-07,1.416300064987833e-08,0.0,0.0015245990876432587,0.0,7.20113091919932e-06,0.0,0.017913260993033135,-0.03208673900696687,0
205.5,266.6817420452455,378.07346988807177,0.0030889489947949628,0.06894931530338434,500003000.0,0.0,9.002693491018462e-06,5e-07,1.4131348959565089e-08,0.0,0.0015281944290102783,0.0,7.1963292238991355e-06,0.0,0.017901316477361033,-0.03209868352263897,0
206.0,266.6656927034842,377.6081899765057,0.0030873034400728475,0.0691165451834893,500003000.0,0.0,9.009743404461975e-06,5e-07,1.4099826887023885e-08,0.0,0.0015317873795146898,0.0,7.191526742544837e-06,0.0,0.01788937000633044,-0.032110629993669565,0
206.5,266.64963738848735,377.1432504343124,0.003085666530508909,0.06928387526968746,500003000.0,0.0,9.016777621224918e-06,5e-07,1.4068433525884217e-08,0.0,0.001535377938708821,0.0,7.186723475464774e-06,0.0,0.017877421580758144,-0.03212257841924186,0
207.0,266.6335760992777,376.6786512847604,0.003084038215517212,0.06945130555487979,500003000.0,0.0,9.02379620521419e-06,5e-07,1.403716797854454e-08,0.0,0.0015389661061456176,0.0,7.181919423037286e-06,0.0,0.017865471201585287,-0.03213452879841472,0
207.5,266.6175088348785,376.21439255104957,0.0030824184449564254,0.06961883603243874,500003000.0,0.0,9.030799219892191e-06,5e-07,1.4006029356003318e-08,0.0,0.0015425518813786498,0.0,7.1771145856586e-06,0.0,0.017853518869797514,-0.03214648113020249,0
208.0,266.6014355943134,375.75047425630913,0.003080807169131484,0.06978646669617554,500003000.0,0.0,9.037786728281085e-06,5e-07,1.39750167777849e-08,0.0,0.0015461352639621218,0.0,7.172308963758344e-06,0.0,0.01784156458646354,-0.03215843541353646,0
208.5,266.5853563766066,375.28689642359564,0.0030792043387897834,0.06995419754037244,500003000.0,0.0,9.044758792967006e-06,5e-07,1.3944129371841636e-08,0.0,0.001549716253450886,0.0,7.167502557802166e-06,0.0,0.017829608352741708,-0.032170391647258295,0
209.0,266.569271180783,374.8236590758906,0.0030776099051162704,0.07012202855975386,500003000.0,0.0,9.051715476104232e-06,5e-07,1.3913366274452075e-08,0.0,0.0015532948494004584,0.0,7.16269536829162e-06,0.0,0.01781765016987965,-0.03218234983012035,0
209.5,266.55318000586794,374.36076223609894,0.003076023819725449,0.07028995974947001,500003000.0,0.0,9.058656839419286e-06,5e-07,1.388272663010649e-08,0.0,0.001556871051367027,0.0,7.157887395756725e-06,0.0,0.01780569003919583,-0.03219430996080418,0
210.0,266.53708285088754,373.89820592704723,0.003074446034656366,0.07045799110512838,500003000.0,0.0,9.06558294421499e-06,5e-07,1.3852209591407122e-08,0.0,0.0015604448589074604,0.0,7.153078640755276e-06,0.0,0.0177937279620778,-0.0322062720379222,0
210.5,266.5209797148686,373.43599017148165,0.0030728765023707674,0.07062612262274923,500003000.0,0.0,9.072493851374482e-06,5e-07,1.3821814318983831e-08,0.0,0.0015640162715793242,0.0,7.148269103879446e-06,0.0,0.01778176393999862,-0.03221823606000138,0
211.0,266.5048705968386,372.97411499206623,0.0030713151757464927,0.07079435429878479,500003000.0,0.0,9.079389621365176e-06,5e-07,1.3791539981389344e-08,0.0,0.0015675852889408888,0.0,7.143458785751068e-06,0.0,0.017769797974505144,-0.032230202025494856,0
211.5,266.48875549582584,372.5125804113804,0.0030697620080769447,0.0709626861301162,500003000.0,0.0,9.086270314242687e-06,5e-07,1.3761385755022933e-08,0.0,0.0015711519105511462,0.0,7.138647687030981e-06,0.0,0.017757830067241246,-0.03224216993275876,0
212.0,266.4726344108595,372.0513864519185,0.0030682169530535154,0.07113111811401203,500003000.0,0.0,9.093135989654676e-06,5e-07,1.373135082397879e-08,0.0,0.0015747161359698086,0.0,7.13383580838855e-06,0.0,0.017745860219872015,-0.03225413978012799,0
212.5,266.45650734096944,371.59053313608666,0.00306667996478106,0.07129965024818445,500003000.0,0.0,9.099986706844698e-06,5e-07,1.3701434380043572e-08,0.0,0.0015782779647573342,0.0,7.1290231505479034e-06,0.0,0.017733888434198763,-0.03226611156580124,0
213.0,266.4403742851865,371.13002048620115,0.0030651509977598,0.07146828253073895,500003000.0,0.0,9.10682252465597e-06,5e-07,1.3671635622544486e-08,0.0,0.0015818373964749332,0.0,7.124209714255974e-06,0.0,0.01772191471207954,-0.03227808528792046,0
213.5,266.4242352425426,370.66984852448803,0.003063630006874622,0.07163701496016149,500003000.0,0.0,9.113643501535086e-06,5e-07,1.3641953758231962e-08,0.0,0.0015853944306845685,0.0,7.11939550026762e-06,0.0,0.01770993905539209,-0.032290060944607915,0
214.0,266.40809021207025,370.2100172730793,0.0030621169474159137,0.07180584753536304,500003000.0,0.0,9.120449695535737e-06,5e-07,1.3612388001303636e-08,0.0,0.0015889490669489836,0.0,7.1145805094038526e-06,0.0,0.017697961466178736,-0.03230203853382127,0
214.5,266.39193919280336,369.75052675401355,0.003060611775040328,0.07197478025562035,500003000.0,0.0,9.127241164322318e-06,5e-07,1.3582937573161948e-08,0.0,0.001592501304831694,0.0,7.109764742470426e-06,0.0,0.017685981946443847,-0.03231401805355616,0
215.0,266.3757821837766,369.29137698923205,0.003059114445802673,0.07214381312061728,500003000.0,0.0,9.134017965173563e-06,5e-07,1.355360170248899e-08,0.0,0.0015960511438970141,0.0,7.104948200341432e-06,0.0,0.017674000498361774,-0.032325999501638225,0
215.5,266.3596191840258,368.8325680005779,0.003057624916127367,0.07231294613041277,500003000.0,0.0,9.14078015498609e-06,5e-07,1.3524379625053752e-08,0.0,0.001599598583710062,0.0,7.100130883902478e-06,0.0,0.01766201712413552,-0.03233798287586448,0
216.0,266.34345019258785,368.37409980979453,0.003056143142811743,0.0724821792854257,500003000.0,0.0,9.14752779027792e-06,5e-07,1.3495270583661876e-08,0.0,0.0016031436238367696,0.0,7.0953127940676586e-06,0.0,0.01765003182603895,-0.032349968173961054,0
216.5,266.32727520850085,367.9159724385243,0.003054669083017894,0.07265151258647644,500003000.0,0.0,9.154260927191948e-06,5e-07,1.3466273828055585e-08,0.0,0.001606686263843888,0.0,7.090493931769821e-06,0.0,0.017638044606392587,-0.032361955393607415,0
217.0,266.31109423080403,367.4581859083067,0.00305320269427533,0.0728209460347296,500003000.0,0.0,9.160979621499378e-06,5e-07,1.34373886148622e-08,0.0,0.0016102265032989995,0.0,7.085674297975782e-06,0.0,0.01762605546760145,-0.03237394453239856,0
217.5,266.2949072585378,367.00074024057636,0.0030517439344754063,0.07299047963171187,500003000.0,0.0,9.167683928603132e-06,5e-07,1.3408614207507179e-08,0.0,0.0016137643417705333,0.0,7.080853893682345e-06,0.0,0.017614064412145136,-0.03238593558785487,0
218.0,266.2787142907439,366.5436354566618,0.0030502927618647705,0.07316011337934018,500003000.0,0.0,9.174373903541194e-06,5e-07,1.3379949876123804e-08,0.0,0.0016172997788277692,0.0,7.076032719909901e-06,0.0,0.017602071442561942,-0.03239792855743806,0
218.5,266.2625153264652,366.0868715777835,0.003048849135043589,0.07332984727985807,500003000.0,0.0,9.181049600989937e-06,5e-07,1.3351394897484764e-08,0.0,0.0016208328140408506,0.0,7.071210777707006e-06,0.0,0.017590076561460215,-0.03240992343853979,0
219.0,266.2463103647459,365.63044862505257,0.0030474130129611015,0.07349968133586206,500003000.0,0.0,9.187711075267399e-06,5e-07,1.3322948554922887e-08,0.0,0.0016243634469807942,0.0,7.0663880681486764e-06,0.0,0.01757807977151412,-0.03242192022848588,0
219.5,266.2300994046317,365.17436661946954,0.0030459843549081643,0.07366961555031062,500003000.0,0.0,9.19435838033652e-06,5e-07,1.3294610138239574e-08,0.0,0.0016278916772194951,0.0,7.061564592327542e-06,0.0,0.017566081075441647,-0.03243391892455835,0
220.0,266.2138824451694,364.7186255819219,0.0030445631205238254,0.07383964992648821,500003000.0,0.0,9.200991569808356e-06,5e-07,1.326637894367531e-08,0.0,0.0016314175043297438,0.0,7.056740351377443e-06,0.0,0.017554080476063293,-0.03244591952393671,0
220.5,266.1976594854074,364.26322553318323,0.0030431492697803163,0.07400978446803791,500003000.0,0.0,9.20761069694525e-06,5e-07,1.3238254273786791e-08,0.0,0.0016349409278852327,0.0,7.051915346446904e-06,0.0,0.01754207797623608,-0.03245792202376392,0
221.0,266.1814305243955,363.808166493912,0.0030417427629812577,0.07418001917891394,500003000.0,0.0,9.214215814663942e-06,5e-07,1.3210235437382654e-08,0.0,0.0016384619474605587,0.0,7.047089578703084e-06,0.0,0.017530073578863395,-0.03246992642113661,0
221.5,266.16519556118493,363.35344848464973,0.003040343560764565,0.074350354063412,500003000.0,0.0,9.220806975538682e-06,5e-07,1.3182321749480283e-08,0.0,0.001641980562631238,0.0,7.042263049346545e-06,0.0,0.017518067286931702,-0.032481932713068304,0
222.0,266.1489545948284,362.8990715258198,0.00303895162409216,0.0745207891261546,500003000.0,0.0,9.227384231804285e-06,5e-07,1.3154512531206108e-08,0.0,0.0016454967729737137,0.0,7.037435759595355e-06,0.0,0.017506059103471035,-0.03249394089652897,0
222.5,266.13270762438015,362.44503563772486,0.0030375669142580293,0.07469132437210337,500003000.0,0.0,9.233947635359173e-06,5e-07,1.3126807109776033e-08,0.0,0.0016490105780653727,0.0,7.032607710711515e-06,0.0,0.017494049031620686,-0.03250595096837931,0
223.0,266.11645464889597,361.9913408405467,0.003036189392866371,0.07486195980651139,500003000.0,0.0,9.240497237768348e-06,5e-07,1.3099204818347403e-08,0.0,0.001652521977484543,0.0,7.027778903958104e-06,0.0,0.017482037074522647,-0.03251796292547736,0
223.5,266.10019566743324,361.5379871543442,0.003034819021843363,0.07503269543496129,500003000.0,0.0,9.247033090266356e-06,5e-07,1.3071704996017028e-08,0.0,0.0016560309708105094,0.0,7.02294934063412e-06,0.0,0.01747002323540826,-0.03252997676459174,0
224.0,266.0839306790509,361.0849745990517,0.0030334557634295743,0.07520353126335841,500003000.0,0.0,9.253555243760225e-06,5e-07,1.3044306987736211e-08,0.0,0.0016595375576235235,0.0,7.018119022064424e-06,0.0,0.017458007517573194,-0.03254199248242681,0
224.5,266.06765968280973,360.632303194479,0.0030320995801658207,0.07537446729788622,500003000.0,0.0,9.260063748832325e-06,5e-07,1.3017010144198576e-08,0.0,0.0016630417375048008,0.0,7.01328794957444e-06,0.0,0.017445989924314526,-0.03255401007568548,0
225.0,266.05138267777187,360.17997296030757,0.003030750434916629,0.07554550354506682,500003000.0,0.0,9.26655865574327e-06,5e-07,1.2989813821889996e-08,0.0,0.0016665435100365487,0.0,7.008456124551701e-06,0.0,0.017433970459083833,-0.03256602954091617,0
225.5,266.0350996630014,359.72798391609155,0.003029408290833743,0.07571664001169613,500003000.0,0.0,9.273040014434712e-06,5e-07,1.2962717382881927e-08,0.0,0.0016700428748019573,0.0,7.003623548368715e-06,0.0,0.01742194912529531,-0.032578050874704695,0
226.0,266.01881063756406,359.2763360812551,0.0030280731113774793,0.07588787670489101,500003000.0,0.0,9.279507874532149e-06,5e-07,1.2935720194873645e-08,0.0,0.001673539831385214,0.0,6.998790222439446e-06,0.0,0.017409925926466285,-0.03259007407353372,0
226.5,266.0025156005273,358.8250294750914,0.0030267448603050187,0.07605921363204013,500003000.0,0.0,9.285962285347695e-06,5e-07,1.2908821631093216e-08,0.0,0.001677034379371517,0.0,6.993956148199272e-06,0.0,0.017397900866167344,-0.03260209913383266,0
227.0,265.9862145509604,358.3740641167608,0.0030254235016689396,0.0762306508008454,500003000.0,0.0,9.292403295882817e-06,5e-07,1.2882021070243135e-08,0.0,0.00168052651834708,0.0,6.9891213271085385e-06,0.0,0.01738587394803119,-0.03261412605196881,0
227.5,265.96990748793445,357.9234400252899,0.0030241089998114395,0.07640218821927894,500003000.0,0.0,9.298830954831031e-06,5e-07,1.2855317896428191e-08,0.0,0.0016840162478991396,0.0,6.984285760646041e-06,0.0,0.01737384517573642,-0.03262615482426358,0
228.0,265.9535944105223,357.4731572195706,0.0030228013193602573,0.07657382589560907,500003000.0,0.0,9.305245310580576e-06,5e-07,1.2828711499091371e-08,0.0,0.0016875035676159633,0.0,6.979449450306405e-06,0.0,0.017361814553001006,-0.032638185446998993,0
228.5,265.9372753177988,357.0232157183582,0.0030215004252330414,0.07674556383837415,500003000.0,0.0,9.311646411217069e-06,5e-07,1.2802201272986097e-08,0.0,0.0016909884770868596,0.0,6.9746123976168095e-06,0.0,0.017349782083623904,-0.032650217916376095,0
229.0,265.9209502088406,356.5736154945601,0.003020206282625096,0.07691740205638808,500003000.0,1.0006555664461483,9.318034304526108e-06,3.393788553564023e-06,1.2775786618078637e-08,5.787577107128046e-06,0.0016944709759021835,1.5024391863740864e-13,6.969774604115307e-06,7.686527168092805e-13,0.01733774993895529,-0.032662250061044715,1
229.5,265.9046190838101,356.12435667873586,0.0030189186446390355,0.07708934031919211,500003000.0,1.0072072335943556,9.324409037547822e-06,3.820647621644019e-06,1.2749466043426911e-08,8.537181361599909e-07,0.0016979510634085818,2.1576834715720652e-13,6.964935581168398e-06,1.446393670019552e-13,0.017325710808785033,-0.03267428919121497,1
230.0,265.8882819392145,355.6754392098471,0.003017637991166442,0.07726137921554908,500003000.0,1.013793355849962,9.330770658112897e-06,4.200279631992395e-06,1.272324113015312e-08,7.592640206967539e-07,0.0017014287395461967,2.8856389981737495e-13,6.96009651684984e-06,1.5648685754239708e-13,0.01731367336876453,-0.03268632663123547,1
230.5,265.87193877589885,355.2268631140452,0.003016363928832869,0.07743351835047206,500003000.0,1.0204139825666978,9.337119213000356e-06,4.54602004653659e-06,1.2697109774916881e-08,6.914808290883884e-07,0.001704904003842195,3.682378154859008e-13,6.9552565835314775e-06,1.680344921583959e-13,0.01730163376620741,-0.03269836623379259,1
231.0,265.85558959278194,354.7786284125027,0.0030150964590677357,0.07760575777334079,500003000.0,1.0270691619081294,9.343454748773824e-06,4.865853275055953e-06,1.2671071546935084e-08,6.39666457038726e-07,0.0017083768558652887,4.5450081024341064e-13,6.950415863887356e-06,1.7924641778658422e-13,0.017289592206669393,-0.032710407793330606,1
231.5,265.8392343888853,354.33073512434885,0.0030138355622217933,0.07777809750979432,500003000.0,1.0337589400062825,9.349777311738733e-06,5.1650249915859835e-06,1.2645125929817623e-08,5.983434330600608e-07,0.0017118472952011529,5.471350098092975e-13,6.945574391357593e-06,1.90148919308203e-13,0.017277548773408976,-0.03272245122659102,1
232.0,265.822873163272,353.88318326782195,0.003012581210528805,0.0779505375763348,500003000.0,1.040483360957472,9.35608694792702e-06,5.447207293857695e-06,1.2619272376571675e-08,5.64364604543423e-07,0.0017153153214427767,6.459736345092369e-13,6.940732180066689e-06,2.0078067629060228e-13,0.017265503501670804,-0.0327344964983292,1
232.5,265.80650591502285,353.43597286072384,0.0030113333731748323,0.07812307798598943,500003000.0,1.047242466803282,9.362383703092546e-06,5.715092668367979e-06,1.2593510331054706e-08,5.357707490205686e-07,0.0017187809341866608,7.508877515201991e-13,6.93588923652522e-06,2.111796167133179e-13,0.017253456407757297,-0.0327465435922427,1
233.0,265.79013264322674,352.9891039205944,0.003010092018330863,0.07829571875059746,500003000.0,1.0540362975060282,9.368667622710813e-06,5.970726535813269e-06,1.2567839236535805e-08,5.11267734890581e-07,0.001722244133031356,8.617773066527868e-13,6.931045564323952e-06,2.2137955686449587e-13,0.017241407500696065,-0.032758592499303935,1
233.5,265.7737533469771,352.54257646478146,0.0030088571139117964,0.07846845988167736,500003000.0,1.0608648909216705,9.374938751980244e-06,6.215706917850736e-06,1.2542258538863614e-08,4.899607640749337e-07,0.0017257049175768806,9.785648394650879e-13,6.9262011658899756e-06,2.314097412142621e-13,0.01722935678660711,-0.03277064321339289,1
234.0,265.7573680253704,352.0963905104651,0.003007628627902181,0.07864130139080365,500003000.0,1.0677282827720354,9.381197135824145e-06,6.45131101906639e-06,1.2516767687799583e-08,4.712082024313082e-07,0.001729163287424515,1.1011909441711175e-12,6.921356043243326e-06,2.412952361789554e-13,0.01721730427058608,-0.03278269572941392,1
234.5,265.74097667750567,351.65054607466897,0.00300640652845013,0.07881424328966248,500003000.0,1.0746265066164935,9.387442818892833e-06,6.678579051365211e-06,1.2491366137375197e-08,4.5453606459764126e-07,0.0017326192421767046,1.2296109054128726e-12,6.9165101982192466e-06,2.5105752180254306e-13,0.017205249957258837,-0.03279475004274117,1
235.0,265.7245793024843,351.2050431742623,0.0030051907839326324,0.07898728559018234,500003000.0,1.0815595938237115,9.393675845565896e-06,6.898371766499389e-06,1.2466053346126783e-08,4.39585430268355e-07,0.0017360727814370457,1.3637921485946171e-12,6.9116636326242595e-06,2.607150696116178e-13,0.0171931938511713,-0.03280680614882871,1
235.5,265.70817589940987,350.7598818259596,0.0030039813629675356,0.07916042830450847,500003000.0,1.0885275735432924,9.399896259954449e-06,7.111411143706782e-06,1.2440828777107252e-08,4.260787544147863e-07,0.001739523904810286,1.5037122698799111e-12,6.906816348269355e-06,2.702838457803056e-13,0.01718113595687344,-0.03281886404312656,1
236.0,265.6917664673883,350.3150620463211,0.0030027782344077057,0.07933367144503034,500003000.0,1.095530472677381,9.406104105903361e-06,7.318309906073833e-06,1.2415691897824156e-08,4.1379752473410247e-07,0.0017429726119023185,1.6493574882018677e-12,6.901968346962082e-06,2.7977773069700775e-13,0.01716907627890079,-0.03283092372109921,1
236.5,265.6753510055277,349.8705838517517,0.00300158136734803,0.07950701502434257,500003000.0,1.1025683158523853,9.412299426993476e-06,7.519593406992578e-06,1.2390642180231283e-08,4.025670018374892e-07,0.00174641890232019,1.8007214107275333e-12,6.897119630528121e-06,2.8920886285702046e-13,0.017157014821829075,-0.03284298517817093,1
237.0,265.65892951293864,349.4264472584996,0.0030003907311262706,0.07968045905529623,500003000.0,1.1096411253907295,9.418482266543823e-06,7.715716171309173e-06,1.2365679100695017e-08,3.922455286331903e-07,0.0017498627756721103,1.9578040352982293e-12,6.8922702008185925e-06,2.9858791915181843e-13,0.017144951590293177,-0.03285504840970682,1
237.5,265.6425019887338,348.9826522826547,0.002999206295321139,0.07985400355097647,500003000.0,1.1167489212826658,9.424652667613798e-06,7.907074607709607e-06,1.2340802139949648e-08,3.8271687280086797e-07,0.0017533042315674649,2.120610934864617e-12,6.887420059710956e-06,3.079243433320028e-13,0.01713288658899003,-0.03286711341100997,1
238.0,265.62606843202826,348.5391989401486,0.002998028029740857,0.08002764852465541,500003000.0,1.1238917211581096,9.430810673005305e-06,8.094016924527995e-06,1.231601078301408e-08,3.7388463363677405e-07,0.0017567432696168137,2.289152583667189e-12,6.882569209087945e-06,3.172265327822967e-13,0.017120819822626726,-0.03287918017737328,1
238.5,265.6096288419396,348.096087246753,0.0029968559044276878,0.08020139398986793,500003000.0,1.1310695402586004,9.436956325264893e-06,8.276850967174186e-06,1.229130451917488e-08,3.656680852923849e-07,0.0017601798894319007,2.4634437952149952e-12,6.877717650853209e-06,3.265019919028037e-13,0.017108751295959866,-0.03289124870404014,1
239.0,265.5931832175876,347.6533172180784,0.0029956898896582387,0.08037523996034503,500003000.0,1.1382823914093734,9.44308966668587e-06,8.455850486809018e-06,1.2266682841952092e-08,3.579990392696638e-07,0.0017636140906256642,2.643503249450583e-12,6.872865386937061e-06,3.357574587272564e-13,0.017096681013810237,-0.03290331898618977,1
239.5,265.5767315580945,347.21088886957295,0.0029945299559396526,0.08054918645005608,500003000.0,1.1455302849914817,9.449210739310394e-06,8.63126020831131e-06,1.2242145249048695e-08,3.508194430045825e-07,0.0017670458728122466,2.8293530917999167e-12,6.868012419292797e-06,3.44999010030798e-13,0.017084608981053913,-0.03291539101894609,1
240.0,265.560273862585,346.7688022165219,0.0029933760739983555,0.0807232334731726,500003000.0,1.1528132289139923,9.455319584931529e-06,8.803299967574404e-06,1.221769124227022e-08,3.440795185261884e-07,0.0017704752356069943,3.0210185907082935e-12,6.863158749875884e-06,3.542321490730647e-13,0.017072535202570766,-0.03292746479742924,1
240.5,265.5438101301863,346.327057274046,0.00299222821479113,0.08089738104407423,500003000.0,1.1601312285864003,9.461416245095296e-06,8.97216811912575e-06,1.2193320327536035e-08,3.377363031026925e-07,0.0017739021786264705,3.2185278431708033e-12,6.858304380674274e-06,3.6346187925360966e-13,0.01706045968332005,-0.03293954031667995,1
241.0,265.52734036002795,345.88565405710136,0.002991086349489869,0.08107162917735444,500003000.0,1.1674842868910393,9.467500761102688e-06,9.138044365638875e-06,1.2169032014783584e-08,3.317524930262466e-07,0.0017773267014884564,3.4219115199576556e-12,6.85344931367832e-06,3.726927662760861e-13,0.01704838242826577,-0.03295161757173423,1
241.5,265.5108645512421,345.4445925804769,0.002989950449496112,0.08124597788782081,500003000.0,1.1748724041557739,9.473573174011685e-06,9.301092125009377e-06,1.2144825817994376e-08,3.260955187410052e-07,0.0017807488038119662,3.6312026439090625e-12,6.848593550918877e-06,3.8192899088762923e-13,0.017036303442471597,-0.032963696557528406,1
242.0,265.4943827029633,345.00387285879424,0.0029888204864236077,0.08142042719049154,500003000.0,1.1822955781266826,9.479633524639231e-06,9.461460524243807e-06,1.2120701255090248e-08,3.207367984688585e-07,0.0017841684852172514,3.846436395962987e-12,6.843737094432101e-06,3.911743938456682e-13,0.017024222731013415,-0.03297577726898659,1
242.5,265.4778948143288,344.5634949065067,0.002987696432100763,0.08159497710057209,500003000.0,1.1897538039409685,9.485681853563186e-06,9.619286089721939e-06,1.20966578479111e-08,3.1565113095626597e-07,0.0017875857453258036,4.067649944585055e-12,6.838879946269753e-06,4.0043251444024157e-13,0.0170121402990051,-0.0329878597009949,1
243.0,265.46140088447834,344.123458737899,0.0029865782585641602,0.08176962763347405,500003000.0,1.1972470741000039,9.491718201124265e-06,9.774694188556436e-06,1.2072695122156784e-08,3.1081619766899445e-07,0.0017910005837603585,4.29488229505864e-12,6.8340221084890254e-06,4.0970662364522225e-13,0.01700005615157327,-0.032999943848426735,1
243.5,265.44490091255415,343.6837643670841,0.0029854659380767748,0.08194437880481281,500003000.0,1.2047753784426465,9.49774260742798e-06,9.927800264475624e-06,1.2048812607429077e-08,3.0621215183837633e-07,0.0017944130001449163,4.528174155719307e-12,6.82916358319873e-06,4.189997527699968e-13,0.016987970293972265,-0.033012029706027735,1
244.0,265.42839489770114,343.24441180800386,0.0029843594431002624,0.08211923063039574,500003000.0,1.2123387041185603,9.503755112346524e-06,1.0078710902967996e-05,1.2025009837088482e-08,3.0182127698474384e-07,0.0017978229941047394,4.7675678187159776e-12,6.8243043725004705e-06,4.2831471832349536e-13,0.0169758827314379,-0.0330241172685621,1
244.5,265.41188283906683,342.80540107442755,0.0029832587463058183,0.08229418312622433,500003000.0,1.219937035561849,9.509755755520658e-06,1.0227524753686863e-05,1.2001286348267388e-08,2.9762770143773474e-07,0.0018012305652663598,5.013107053285335e-12,6.819444478517919e-06,4.3765414367520935e-13,0.016963793469260337,-0.033036206530739666,1
245.0,265.3953647358015,342.366732179952,0.0029821638205619473,0.08246923630848542,500003000.0,1.2275703544648149,9.515744576361553e-06,1.0374333332839798e-05,1.1977641681790537e-08,2.936171583058707e-07,0.0018046357132575751,5.264837009849744e-12,6.814583903373296e-06,4.4702047799514165e-13,0.01695170251272565,-0.03304829748727435,1
245.5,265.3788405870578,341.9284051379983,0.0029810746389578643,0.08264439019356713,500003000.0,1.2352386397520834,9.521721614052672e-06,1.0519221724128605e-05,1.1954075382238867e-08,2.8977678257761587e-07,0.0018080384377074802,5.5228041335163105e-12,6.809722649245179e-06,4.5641601287265e-13,0.016939609867259633,-0.03306039013274037,1
246.0,265.36231039199146,341.4904199618132,0.0029799911747663992,0.08281964479803486,500003000.0,1.242941867554686,9.527686907551558e-06,1.0662269193501353e-05,1.1930586997770965e-08,2.86094938745495e-07,0.0018114387382464471,5.78705608576964e-12,6.804860718288067e-06,4.658428969465878e-13,0.0169275155382278,-0.0330724844617722,1
246.5,265.3457741497606,341.05277666446665,0.0029789134014701984,0.08299500013864217,500003000.0,1.2506800111846355,9.533640495591656e-06,1.0803549730334919e-05,1.1907176080198858e-08,2.825610736671314e-07,0.0018148366145061467,6.0576416733346885e-12,6.79999811269648e-06,4.75303148825829e-13,0.01691541953109485,-0.03308458046890515,1
247.0,265.32923185952615,340.6154752588512,0.0029778412927485938,0.08317045623233409,500003000.0,1.2584530411095838,9.53958241668411e-06,1.094313252553812e-05,1.1883842184906371e-08,2.7916559040640204e-07,0.0018182320661195544,6.334610783331059e-12,6.7951348346791725e-06,4.8479866853383e-13,0.016903321851360554,-0.03309667814863945,1
247.5,265.3126835204518,340.1785157576807,0.0029767748224764374,0.08334601309621924,500003000.0,1.2662609249277843,9.545512709119517e-06,1.1081082395341128e-05,1.1860584870815832e-08,2.758997396060135e-07,0.0018216250927209547,6.6180143239670134e-12,6.790270886460602e-06,4.943312476746068e-13,0.016891222504563444,-0.03310877749543656,1
248.0,265.2961291317041,339.7418981734913,0.0029757139647115,0.08352167074758686,500003000.0,1.2741036273432338,9.551431410969672e-06,1.1217460158131877e-05,1.1837403700309792e-08,2.7275552558149953e-07,0.0018250156939459356,6.907904170124128e-12,6.785406270256362e-06,5.039025784877732e-13,0.01687912149621971,-0.03312087850378029,1
248.5,265.2795686924522,339.3056225186371,0.002974658693725174,0.08369742920392712,500003000.0,1.2819811101413285,9.557338560089335e-06,1.1352322970548801e-05,1.1814298239325116e-08,2.697256248338469e-07,0.001828403869431419,7.204333113273488e-12,6.780540988347157e-06,5.135142619347782e-13,0.016867018832007273,-0.03313298116799273,1
249.0,265.2630022018682,338.86968880529264,0.0029736089839569454,0.08387328848286635,500003000.0,1.2898933321644277,9.563234194117906e-06,1.1485724628090753e-05,1.179126805714441e-08,2.6680331508390437e-07,0.0018317896188156425,7.507354815233027e-12,6.775675042979082e-06,5.231678149369586e-13,0.016854914517517704,-0.033145085482482295,1
249.5,265.24642965912693,338.43409704545013,0.0029725648100462436,0.08404924860223406,500003000.0,1.2978402492880567,9.569118350481155e-06,1.1617715834720458e-05,1.1768312726495361e-08,2.639824132594106e-07,0.00183517294173818,7.817023765346244e-12,6.7708084364401515e-06,5.328646768709468e-13,0.016842808558446637,-0.033157191441553366,1
250.0,265.22985106340616,337.99884725091863,0.0029715261468191297,0.0842253095800209,500003000.0,1.3058218143972302,9.57499106639289e-06,1.1748344445284647e-05,1.1745431823470825e-08,2.612572211283804e-07,0.0018385538378399432,8.13339524070871e-12,6.765941171033862e-06,5.426062154091537e-13,0.01683070096052803,-0.033169299039471974,1
250.5,265.2132664138864,337.56393943332324,0.00297049296928535,0.08440147143437425,500003000.0,1.3138379773631406,9.580852378856635e-06,1.187765568402904e-05,1.1722624927490562e-08,2.586224774887834e-07,0.0018419323067631924,8.456525269119024e-12,6.761073249076358e-06,5.523937317833221e-13,0.016818591729527096,-0.033181408270472904,1
251.0,265.19667570975116,337.12937360410496,0.002969465252633333,0.08457773418362383,500003000.0,1.3218886850201175,9.586702324667262e-06,1.2005692342028862e-05,1.1699891621255273e-08,2.560733159996455e-07,0.0018453083481515327,8.786470594468334e-12,6.756204672888874e-06,5.622284655377038e-13,0.016806480871221545,-0.03319351912877846,1
251.5,265.1800789501868,336.69514977451905,0.0029684429722375205,0.08475409784624915,500003000.0,1.3299738811430353,9.592540940412637e-06,1.2132494955970242e-05,1.1677231490749512e-08,2.5360522788275847e-07,0.0018486819616499268,9.123288644317783e-12,6.751335444818178e-06,5.721115988291869e-13,0.016794368391452454,-0.033205631608547545,1
252.0,265.1634761343825,336.2612679556339,0.0029674261036538754,0.08493056244091546,500003000.0,1.338093506424984,9.598368262475236e-06,1.2258101970392147e-05,1.1654644125198191e-08,2.5121402884380997e-07,0.0018520531469047039,9.467037499440575e-12,6.74646556723008e-06,5.82044260325356e-13,0.016782254296108093,-0.03321774570389191,1
252.5,265.1468672615306,335.8277281583312,0.0029664146226090608,0.08510712798641558,500003000.0,1.346247498455271,9.604184327033736e-06,1.23825498852219e-05,1.1632129116998751e-08,2.4889582965950644e-07,0.001855421903563556,9.817775865131786e-12,6.74159504248853e-06,5.920275287433493e-13,0.01677013859107198,-0.03322986140892802,1
253.0,265.1302523308261,335.39453039330357,0.002965408505016589,0.08528379450173743,500003000.0,1.3544357916979324,9.609989170064615e-06,1.2505873390202074e-05,1.1609686061759391e-08,2.466470099603503e-07,0.001858788231275555,1.0175563044112544e-11,6.736723872995927e-06,6.020624360693722e-13,0.016758021282323145,-0.033241978717676854,1
253.5,265.1136313414673,334.96167467105505,0.0029644077269556095,0.08546056200598595,500003000.0,1.3626583174704268,9.61578282734371e-06,1.2628105487604991e-05,1.1587314558191161e-08,2.444641948058348e-07,0.0018621521296911501,1.054045891087015e-11,6.731852061148575e-06,6.121499704905995e-13,0.01674590237582533,-0.033254097624174674,1
254.0,265.0970042926552,334.5291610018998,0.0029634122646812586,0.08563743051845862,500003000.0,1.370915003922892,9.621565334447771e-06,1.2749277604458904e-05,1.1565014208124006e-08,2.423442337078256e-07,0.0018655135984621764,1.0912523887298301e-11,6.726979609363705e-06,6.222910790711947e-13,0.016733781877594212,-0.033266218122405794,1
254.5,265.08037118359397,334.09698939596115,0.0029624220946210832,0.0858144000585789,500003000.0,1.3792057760177152,9.627336726756005e-06,1.2869419695361174e-05,1.1542784616468566e-08,2.402841818045417e-07,0.0018688726372418584,1.129181891951102e-11,6.7221065200749e-06,6.324866701964227e-13,0.016721659793686044,-0.033278340206313956,1
255.0,265.06373201349084,333.66515986317114,0.002961437193368868,0.08599147064593607,500003000.0,1.3875305555095236,9.633097039451589e-06,1.2988560336826086e-05,1.152062539116819e-08,2.3828128292982227e-07,0.0018722292456848167,1.1678405455720044e-11,6.717232795721562e-06,6.427376158096068e-13,0.016709536130171454,-0.03329046386982855,1
255.5,265.04708678155595,333.2336724132688,0.0029604575376950253,0.08616864230025705,500003000.0,1.3958892609256777,9.638846307523196e-06,1.3106726814003958e-05,1.149853614321565e-08,2.363329543557443e-07,0.0018755834234470787,1.2072345425076281e-11,6.712358438775887e-06,6.530447534611604e-13,0.016697410893202536,-0.03330258910679747,1
256.0,265.03043548700253,332.8025270557994,0.002959483104534944,0.08634591504143796,500003000.0,1.4042818075470922,9.64458456576649e-06,1.3223945200512369e-05,1.1476516486584354e-08,2.3443677301682053e-07,0.0018789351701860835,1.2473701217384358e-11,6.70748345171984e-06,6.63408888188588e-13,0.016685284088955612,-0.03331471591104439,1
256.5,265.013778129047,332.371723800115,0.002958513870979639,0.08652328888949988,500003000.0,1.412708107389501,9.650311848785573e-06,1.334024043203653e-05,1.1454566038169169e-08,2.325904630483215e-07,0.001882284485560677,1.2882535663609876e-11,6.7026078370273595e-06,6.738307942426142e-13,0.016673155723586935,-0.03332684427641307,1
257.0,264.9971147069088,331.9412626553723,0.002957549814293155,0.08670076386460805,500003000.0,1.4211680691853243,9.656028190994488e-06,1.3455636374283218e-05,1.1432684417830986e-08,2.3079188449337453e-07,0.0018856313692311262,1.3298912017108114e-11,6.697731597207071e-06,6.843112166748337e-13,0.01666102580333897,-0.03333897419666103,1
257.5,264.98044521981046,331.5111436305323,0.0029565909119010103,0.08687833998708351,500003000.0,1.4296615983658607,9.661733626618653e-06,1.3570155885808851e-05,1.1410871248329312e-08,2.2903902305126873e-07,0.0018889758208591274,1.3722893935505772e-11,6.692854734779404e-06,6.948508727990369e-13,0.016648894334483466,-0.03335110566551654,1
258.0,264.9637696669777,331.08136673435945,0.0029556371413847495,0.08705601727738155,500003000.0,1.4381885970439896,9.667428189696293e-06,1.3683820876186494e-05,1.1389126155278995e-08,2.2732998075528667e-07,0.0018923178401078003,1.4154545463177567e-11,6.687977252267504e-06,7.054504535375211e-13,0.01663676132329885,-0.03336323867670116,1
258.5,264.9470880476394,330.6519319754207,0.0029546884804923326,0.08723379575609302,500003000.0,1.4467489639974511,9.673111914079876e-06,1.379665235992758e-05,1.1367448767168187e-08,2.2566296748217362e-07,0.0018956574266417066,1.4593931014264273e-11,6.683099152223934e-06,7.161106246630739e-13,0.016624626776136662,-0.033375373223863344,1
259.0,264.93040036102747,330.22283936208436,0.0029537449071283858,0.08741167544395567,500003000.0,1.4553425946525131,9.678784833437525e-06,1.3908670506531041e-05,1.1345838715298877e-08,2.2403629320692047e-07,0.0018989945801268517,1.5041115356181407e-11,6.678220437211782e-06,7.268320279456435e-13,0.01661249069937455,-0.03338750930062545,1
259.5,264.91370660637716,329.79408890252023,0.002952806399347653,0.08758965636183616,500003000.0,1.4639693810681778,9.684446981254395e-06,1.4019894686994364e-05,1.1324295633740318e-08,2.224483609266447e-07,0.0019023293002306825,1.5496163593575288e-11,6.67334110979301e-06,7.376152822117173e-13,0.0166003530993873,-0.0333996469006127,1
260.0,264.89700678292684,329.36568060469796,0.002951872935368328,0.08776773853073583,500003000.0,1.472629211921005,9.690098390834075e-06,1.4130343517087573e-05,1.1302819159358809e-08,2.208976601864179e-07,0.0019056615866221034,1.5959141152686795e-11,6.668461172561661e-06,7.484609843243002e-13,0.016588213982629434,-0.03341178601737057,1
260.5,264.88030088991815,328.9376144763871,0.0029509444935544257,0.08794592197177825,500003000.0,1.4813219724903197,9.695739095299939e-06,1.4240034897661244e-05,1.128140893172909e-08,2.193827611473418e-07,0.001908991438971471,1.643011376608337e-11,6.6635806281071036e-06,7.593697100897516e-13,0.016576073355543803,-0.0334239266444562,1
261.0,264.8635889265959,328.5098905251557,0.0029500210524277264,0.08812420670624249,500003000.0,1.4900475446441162,9.701369127596518e-06,1.4348986052233313e-05,1.1260064593159233e-08,2.1790230914413846e-07,0.001912318856950607,1.6909147457729163e-11,6.658699479044033e-06,7.703420150982275e-13,0.01656393122463617,-0.03343606877536383,1
261.5,264.84687089220824,328.08250875836933,0.0029491025906615465,0.08830259275551629,500003000.0,1.4988058068254273,9.70698852049084e-06,1.445721356207578e-05,1.1238785788646139e-08,2.1645501968493435e-07,0.0019156438402328033,1.7396308528359704e-11,6.65381772800138e-06,7.813784355020556e-13,0.0165517875964477,-0.03344821240355231,1
262.0,264.8301467860065,327.655469183191,0.002948189087076194,0.08848108014112062,500003000.0,1.5075966340392655,9.712597306573759e-06,1.4564733399001638e-05,1.1217572165837887e-08,2.150396738517152e-07,0.001918966388492824,1.789166354113451e-11,6.648935377615026e-06,7.924794887383072e-13,0.016539642477536753,-0.03346035752246325,1
262.5,264.81341660724524,327.22877180657946,0.0029472805206438085,0.08865966888471345,500003000.0,1.5164198978401977,9.718195518261275e-06,1.4671560956033566e-05,1.1196423375031989e-08,2.13655114063858e-07,0.001922286501406916,1.839527930754268e-11,6.644052430541628e-06,8.036456741993649e-13,0.016527495874513343,-0.03347250412548666,1
263.0,264.7966803551825,326.80241663528966,0.002946376870478045,0.08883835900805732,500003000.0,1.5252754663204207,9.723783187795834e-06,1.4777711076119218e-05,1.1175339069116317e-08,2.1230024017130345e-07,0.001925604178652805,1.8907222873536252e-11,6.63916888943827e-06,8.148774738553549e-13,0.016515347793988493,-0.03348465220601151,1
263.5,264.7799380290795,326.37640367587125,0.0029454781158416753,0.08901715053304973,500003000.0,1.5341632040985285,9.729360347247624e-06,1.4883198079043063e-05,1.1154318903578295e-08,2.1097400584768838e-07,0.0019289194199097073,1.9427561505872474e-11,6.634284756982449e-06,8.26175352833132e-13,0.016503198242623952,-0.03349680175737605,1
264.0,264.76318962820085,325.9507329346676,0.0029445842361442835,0.08919604348171407,500003000.0,1.5430829723088535,9.734927028515862e-06,1.4988035786671254e-05,1.1133362536476603e-08,2.0967541525638141e-07,0.0019322322248583354,1.995636267864378e-11,6.629400035869693e-06,8.375397599542773e-13,0.016491047227126278,-0.033508952772873725,1
264.5,264.7464351518144,325.52540441781525,0.0029436952109367725,0.0893750378761887,500003000.0,1.5520346285914053,9.740483263330063e-06,1.5092237546653963e-05,1.1112469628401119e-08,2.0840351996542094e-07,0.0019355425931809039,2.0493694059977782e-11,6.624514728803976e-06,8.489711282355289e-13,0.016478894754223,-0.033521105245777005,1
265.0,264.7296745991915,325.1004181312439,0.0029428110199081112,0.08955413373872202,500003000.0,1.5610180270824328,9.746029083251284e-06,1.5195816254698816e-05,1.1091639842441703e-08,2.0715741608970628e-07,0.001938850524561128,2.1039623498891143e-11,6.6196288384931975e-06,8.604698753545714e-13,0.016466740830651364,-0.03353325916934864,1
265.5,264.7129079696069,324.67577408067484,0.002941931642891542,0.08973333109169179,500003000.0,1.5700330184056908,9.75156451967338e-06,1.5298784375519294e-05,1.1070872844192792e-08,2.0593624164095772e-07,0.0019421560186842317,2.159421901228336e-11,6.614742367665845e-06,8.720364040839818e-13,0.01645458546319978,-0.033545414536800225,1
266.0,264.6961352623385,324.2514722716202,0.002941057059862751,0.08991262995759333,500003000.0,1.5790794496643272,9.757089603824243e-06,1.540115396255315e-05,1.1050168301727789e-08,2.0473917406771379e-07,0.0019454590752369589,2.2157548772055695e-11,6.609855319069595e-06,8.836711026951622e-13,0.01644242865870437,-0.03355757134129563,1
266.5,264.67935647666786,323.82751270938263,0.0029401872509293705,0.09009203035902083,500003000.0,1.5881571644333667,9.762604366767014e-06,1.5502936676537906e-05,1.1029525885541223e-08,2.0356542796951166e-07,0.0019487596939075714,2.2729681092341883e-11,6.604967695450371e-06,8.95374345334625e-13,0.016430270423996838,-0.03356972957600317,1
267.0,264.66257161187986,323.4038953990542,0.002939322196343174,0.09027153231869808,500003000.0,1.5972660027529901,9.768108839401301e-06,1.5604143803023395e-05,1.1008945268576322e-08,2.0241425297097866e-07,0.0019520578743858577,2.3310684416842298e-11,6.600079499582388e-06,9.071464923752779e-13,0.016418110765979235,-0.033581889234020765,1
267.5,264.64578066726284,322.9806203455163,0.0029384618764833753,0.09045113585945311,500003000.0,1.6064058011223346,9.773603052464374e-06,1.570478626889468e-05,1.0988426126144442e-08,2.01284931742568e-07,0.0019553536163631345,2.390062730624681e-11,6.595190734233272e-06,9.189878907433943e-13,0.016405949691537178,-0.033594050308462825,1
268.0,264.6289836421086,322.55768755343837,0.0029376062718691706,0.09063084100422085,500003000.0,1.6155763924941444,9.779087036532352e-06,1.580487465797283e-05,1.0967968135954235e-08,2.001767781562972e-07,0.001958646919532252,2.4499578425741403e-11,6.590301402194782e-06,9.308988742239361e-13,0.016393787207616285,-0.03360621279238372,1
268.5,264.6121805357124,322.13509702727725,0.0029367553631536006,0.09081064777605237,500003000.0,1.624777606270019,9.784560822021387e-06,1.5904419225755678e-05,1.0947570978071027e-08,1.9908913556569996e-07,0.001961937783587603,2.510760653258624e-11,6.585411506271598e-06,9.4287976374544e-13,0.016381623321194274,-0.033618376678805725,1
269.0,264.59537134737303,321.71284877127704,0.002935909131117001,0.09099055619809435,500003000.0,1.6340092682963745,9.790024439188825e-06,1.6003429913355755e-05,1.0927234334875038e-08,1.9802137520015418e-07,0.0019652262082251208,2.572478046375862e-11,6.58052104926915e-06,9.549308676456169e-13,0.0163694580392507,-0.0336305419607493,1
269.5,264.57855607639266,321.290942789467,0.002935067556681366,0.09117056629361765,500003000.0,1.6432712008612114,9.795477918134374e-06,1.6101916360688184e-05,1.0906957891097567e-08,1.9697289466485767e-07,0.0019685121931422972,2.6351169123655118e-11,6.575630034028308e-06,9.670524819198105e-13,0.01635729136885324,-0.03364270863114677,1
270.0,264.56173472207706,320.8693790856622,0.0029342306208894257,0.0913506780859778,500003000.0,1.6525632226914535,9.800921288801237e-06,1.6199887918957237e-05,1.0886741333726133e-08,1.959431165381077e-07,0.001971795738038174,2.6986841471842298e-11,6.570738463380969e-06,9.792448904522435e-13,0.016345123317047208,-0.03365487668295279,1
270.5,264.5449072837356,320.4481576634631,0.0029333983049102635,0.09153089159864847,500003000.0,1.6618851489511117,9.806354580977241e-06,1.629735366248663e-05,1.0866584352008682e-08,1.9493148705878468e-07,0.001975076842613348,2.7631866510854207e-11,6.5658463401651094e-06,9.915083652327403e-13,0.016332953890893013,-0.03366704610910699,1
271.0,264.528073760681,320.02727852625304,0.0029325705900540826,0.09171120685519794,500003000.0,1.6712367912402866,9.811777824295986e-06,1.6394322399935137e-05,1.0846486637491483e-08,1.9393747489701586e-07,0.0019783555065699884,2.828631327403132e-11,6.560953667260216e-06,1.0038431665586765e-12,0.016320783097554303,-0.0336792169024457,1
271.5,264.5112341522298,319.60674167719964,0.0029317474577427996,0.09189162387929088,500003000.0,1.680617957594668,9.817191048237934e-06,1.6490802684936144e-05,1.082644788389383e-08,1.9296057000201478e-07,0.0019816317296118277,2.8950250813390297e-11,6.556060447523912e-06,1.0162495432237443e-12,0.016308610944140284,-0.03369138905585972,1
272.0,264.49438845770186,319.1865471192524,0.002930928889536003,0.0920721426947143,500003000.0,1.690028452486079,9.822594282131528e-06,1.6586802826196862e-05,1.0806467787187715e-08,1.920002825214399e-07,0.001984905511444176,2.9623748187529466e-11,6.551166683852339e-06,1.028727732694785e-12,0.016296437437855964,-0.03370356256214404,1
272.5,264.4775366764208,318.7666948551437,0.002930114867106998,0.09225276332532024,500003000.0,1.6994680768235273,9.827987555154275e-06,1.66823308970903e-05,1.0786546045493283e-08,1.9105614178687635e-07,0.001988176851773917,3.030687444955652e-11,6.546272379128969e-06,1.041277961276047e-12,0.01628426258587479,-0.033715737414125216,1
273.0,264.46067880771375,318.3471848873862,0.002929305372265793,0.09243348579508363,500003000.0,1.7089366279552927,9.833370896333849e-06,1.6777394744770842e-05,1.076668235914755e-08,1.9012769536108564e-07,0.0019914457503095256,3.099969863504449e-11,6.541377536278272e-06,1.0539004442640667e-12,0.016272086395472177,-0.03372791360452783,1
273.5,264.4438148509115,317.92801721827396,0.0029285003869314835,0.09261431012805915,500003000.0,1.7184338996715007,9.838744334549142e-06,1.6872001998841956e-05,1.0746876430587012e-08,1.8921450814223005e-07,0.0019947122067610575,3.170228975000281e-11,6.5364821582063075e-06,1.0665953860912824e-12,0.016259908873877703,-0.0337400911261223,1
274.0,264.42694480534846,317.5091918498803,0.0029276998931550844,0.09279523634840851,500003000.0,1.727959682207778,9.84410789853135e-06,1.6966160079602656e-05,1.0727127964415938e-08,1.883161615214012e-07,0.0019979762208401685,3.241471675887155e-11,6.531586247853964e-06,1.0793629804612365e-12,0.01624773002840756,-0.03375226997159245,1
274.5,264.41006867036265,317.0907087840583,0.002926903873101881,0.09297626448037428,500003000.0,1.7375137622494752,9.849461616865013e-06,1.7059876205897416e-05,1.0707436667326146e-08,1.874322525895205e-07,0.00200123779226011,3.3137048572527e-11,6.526689808159814e-06,1.0922034104743442e-12,0.01623554986637214,-0.03376445013362786,1
275.0,264.39318644529584,316.67256802243975,0.0029261123090556125,0.09315739454829304,500003000.0,1.747095922936789,9.854805517989061e-06,1.7153157402592615e-05,1.068780224809716e-08,1.865623933903956e-07,0.0020044969207357296,3.3869354036302654e-11,6.521792842071675e-06,1.1051168487460326e-12,0.016223368395104812,-0.03377663160489519,1
275.5,264.37629812949336,316.25476956643405,0.0029253251834255836,0.09333862657660635,500003000.0,1.7567059438707573,9.860139630197865e-06,1.7246010507700975e-05,1.0668224417606976e-08,1.8570621021672156e-07,0.0020077536059834914,3.4611701918023355e-11,6.516895352564611e-06,1.1181034575173407e-12,0.016211185622006696,-0.033788814377993304,1
276.0,264.35940372230436,315.83731341722853,0.0029245424787279874,0.09351996058982677,500003000.0,1.7663436011198719,9.86546398164224e-06,1.7338442179174006e-05,1.064870288874901e-08,1.8486334294605716e-07,0.0020110078477214616,3.536416089604631e-11,6.511997342601532e-06,1.1311633887578238e-12,0.01619900155444863,-0.03380099844555137,1
276.5,264.34250322308156,315.42019957578674,0.002923764177605978,0.09370139661256136,500003000.0,1.7760086672277762,9.870778600330485e-06,1.743045890138116e-05,1.0629237376490422e-08,1.8403344441430754e-07,0.002014259645669329,3.612679954731671e-11,6.507098815179976e-06,1.144296784262712e-12,0.016186816199887592,-0.03381318380011241,1
277.0,264.3255966311815,315.00342804284867,0.002922990262810044,0.09388293466950891,500003000.0,1.7857009112215247,9.876083514129379e-06,1.7522066991293205e-05,1.0609827597786058e-08,1.8321617982408784e-07,0.0020175089995484005,3.6899686335427053e-11,6.5021997732905985e-06,1.157503775743482e-12,0.01617462956576338,-0.033825370434236626,1
277.5,264.3086839459644,314.58699881892966,0.0029222207172088835,0.09406457478544755,500003000.0,1.7954200986208684,9.881378750765181e-06,1.7613272604386068e-05,1.059047327160352e-08,1.8241122618572466e-07,0.0020207559090816055,3.768288959868825e-11,6.4973002199434216e-06,1.1707844849127525e-12,0.016162441659563966,-0.03383755834043604,1
278.0,264.29176516679416,314.1709119043193,0.0029214555237880115,0.09424631698524902,500003000.0,1.805165991448316,9.886664337824633e-06,1.7704081740280494e-05,1.0571174118903693e-08,1.816182717888521e-07,0.0020240003739935113,3.847647753820772e-11,6.49240015816681e-06,1.1841390235641486e-12,0.016150252488822906,-0.0338497475111771,1
278.5,264.27484029303855,313.7551672990818,0.0029206946656394426,0.09442816129386535,500003000.0,1.8149383482399646,9.891940302755929e-06,1.779450024813177e-05,1.0551929862589226e-08,1.8083701570255096e-07,0.0020272423940103147,3.9280518205973505e-11,6.4874995909866e-06,1.1975674936468778e-12,0.016138062061067437,-0.033861937938932565,1
279.0,264.2579093240691,313.3397650030551,0.0029199381259656697,0.09461010773630937,500003000.0,1.8247369240572482,9.89720667286968e-06,1.78845338317829e-05,1.0532740227505027e-08,1.8006716730226116e-07,0.002030481968859847,4.00950794929475e-11,6.482598521436978e-06,1.2110699873356946e-12,0.016125870383845563,-0.033874129616154436,1
279.5,264.240972259261,312.92470501584967,0.0029191858880873323,0.09479215633771898,500003000.0,1.834561470499594,9.902463475339907e-06,1.7974188054693875e-05,1.0513604940451965e-08,1.7930844582194834e-07,0.0020337190982715916,4.092022911716876e-11,6.477696952579505e-06,1.2246465870976779e-12,0.016113677464773324,-0.03388632253522668,1
280.0,264.2240290979934,312.5099873368486,0.0029184379354277455,0.094974307123268,500003000.0,1.844411735717777,9.907710737204965e-06,1.8063468344658645e-05,1.0494523730117333e-08,1.7856057992953926e-07,0.002036953781976671,4.175603461186121e-11,6.472794887470742e-06,1.2382973657531137e-12,0.01610148331145432,-0.03389851668854568,1
280.5,264.20707983964917,312.0956119652063,0.0029176942515256486,0.0951565601182412,500003000.0,1.8542874644282878,9.91294848536852e-06,1.815237999832102e-05,1.0475496327107186e-08,1.7782330732475033e-07,0.002040186019707869,4.2602563313554766e-11,6.467892329192516e-06,1.2520223865348385e-12,0.01608928793155496,-0.033910712068445044,1
281.0,264.19012448361497,311.6815788998482,0.002916954820022421,0.09533891534798998,500003000.0,1.8641883979284355,9.918176746600463e-06,1.8240928185499745e-05,1.0456522463886925e-08,1.7709637435745115e-07,0.002043415811199619,4.3459882350213305e-11,6.462989280825509e-06,1.2658217031426731e-12,0.016077091332738786,-0.03392290866726122,1
281.5,264.17316302928134,311.2678881394704,0.0029162196246686214,0.09552137283793216,500003000.0,1.8741142741124093,9.923395547537859e-06,1.8329117953332547e-05,1.0437601874791488e-08,1.7637953566560667e-07,0.0020466431561880203,4.4328058629375886e-11,6.458085745465672e-06,1.2796953597953513e-12,0.016064893522707294,-0.03393510647729271,1
282.0,264.1561954760427,310.85453968253864,0.0029154886493210417,0.09570393261358616,500003000.0,1.8840648274881433,9.92860491468586e-06,1.841695423024835e-05,1.0418734296001618e-08,1.7567255383161007e-07,0.0020498680544108368,4.5207158826309e-11,6.4531817262196e-06,1.2936433912799852e-12,0.01605269450918843,-0.03394730549081157,1
282.5,264.1392218232973,310.4415335272886,0.00291476187793568,0.09588659470051136,500003000.0,1.8940397891950467,9.933804874418612e-06,1.85044418297762e-05,1.0399919465505772e-08,1.7497519905569705e-07,0.0020530905056074964,4.60972493721718e-11,6.44827722619088e-06,1.307665822997713e-12,0.01604049429990263,-0.03395950570009737,1
283.0,264.12224207044727,310.0288696717237,0.0029140392945857007,0.09606935912436923,500003000.0,1.9040388870227387,9.938995452980188e-06,1.8591585454199103e-05,1.0381157123151279e-08,1.7428724884580287e-07,0.0020563105095191083,4.699839644219964e-11,6.443372248521648e-06,1.3217626710085566e-12,0.0160282929026662,-0.033971707097333805,1
283.5,264.1052562168986,309.6165481136159,0.0029133208834375072,0.09625222591088739,500003000.0,1.914061845430424,9.944176676485462e-06,1.867838969806037e-05,1.0362447010546213e-08,1.7360848772253763e-07,0.0020595280658884576,4.791066594389851e-11,6.43846679634154e-06,1.3359339420726906e-12,0.016016090325264323,-0.03398390967473568,1
284.0,264.0882642620613,309.2045688505044,0.0029126066287639024,0.09643519508585394,500003000.0,1.9241083855673382,9.949348570921009e-06,1.876485905152968e-05,1.0343788871093727e-08,1.7293870693862021e-07,0.0020627431744600125,4.8834123505262116e-11,6.4335608727986005e-06,1.350179633690208e-12,0.01600388657552794,-0.03399611342447206,1
284.5,264.07126620534905,308.7929318796954,0.002911896514939056,0.09661826667514241,500003000.0,1.934178225293971,9.95451116214599e-06,1.8850997903635654e-05,1.0325182449961608e-08,1.7227770421194658e-07,0.002065955834979928,4.976883446300638e-11,6.428654481049955e-06,1.3644997341394109e-12,0.015991681661310583,-0.03400831833868942,1
285.0,264.0542620461797,308.3816371982611,0.0029111905264395405,0.09680144070468841,500003000.0,1.9442710792041953,9.959664475893027e-06,1.8936810545371347e-05,1.0306627494073598e-08,1.7162528347138654e-07,0.0020691660471960534,5.071486385082663e-11,6.423747624265899e-06,1.3788942225128353e-12,0.01597947559049848,-0.034020524409501526,1
285.5,264.03725178397497,307.97068480304,0.0029104886478368464,0.09698471720049348,500003000.0,1.9543866586482386,9.964808537769063e-06,1.9022301172678707e-05,1.0288123752070651e-08,1.7098125461471948e-07,0.0020723738108579274,5.167227638767731e-11,6.418840305615132e-06,1.3933630687521297e-12,0.015967268370973897,-0.034032731629026106,1
286.0,264.02023541816044,307.5600746906349,0.002909790863811732,0.0971680961886347,500003000.0,1.9645246717566307,9.969943373256237e-06,1.9107473889317705e-05,1.0269670974349556e-08,1.7034543327799745e-07,0.002075579125716796,5.264113646608034e-11,6.4139325282981556e-06,1.4079062336817644e-12,0.015955060010698165,-0.03404493998930184,1
286.5,264.0032129481658,307.1498068574142,0.002909097159130227,0.09735157769524752,500003000.0,1.9746848234648207,9.97506900771272e-06,1.919233270962553e-05,1.0251268912966213e-08,1.6971764061565044e-07,0.002078781991525602,5.3621508140455794e-11,6.40902429549612e-06,1.4225236690410547e-12,0.015942850517584456,-0.03405714948241555,1
287.0,263.9861843734246,306.7398812995089,0.0029084075186730234,0.09753516174653448,500003000.0,1.9848668155389793,9.980185466373583e-06,1.927688156117095e-05,1.0232917321727364e-08,1.6909770309083216e-07,0.002081982408039006,5.461345511549102e-11,6.404115610437245e-06,1.4372153175157273e-12,0.015930639899663007,-0.034069360100336996,1
287.5,263.9691496933744,306.33029801281447,0.0029077219274013895,0.097718848368763,500003000.0,1.9950703466022892,9.985292774351612e-06,1.936112428730864e-05,1.0214615956058818e-08,1.6848545227538911e-07,0.002085180375013374,5.5617040734532146e-11,6.399206476323487e-06,1.451981112768166e-12,0.015918428164898697,-0.034081571835101306,1
288.0,263.9521089074568,305.92105699298884,0.0029070403703817475,0.0979026375882649,500003000.0,2.0052951121624574,9.990390956638153e-06,1.944506464963812e-05,1.0196364573080363e-08,1.6788072465895672e-07,0.0020883758922067906,5.66323279680198e-11,6.3942968963863145e-06,1.466820979467168e-12,0.015906215321329794,-0.034093784678670205,1
288.5,263.93506201511747,305.5121582354524,0.0029063628327738473,0.09808652943144111,500003000.0,2.015540804639884,9.99548003810393e-06,1.9528706330371467e-05,1.0178162931552608e-08,1.6728336146669823e-07,0.0020915689593790604,5.765937940195653e-11,6.389386873862316e-06,1.481734833316967e-12,0.01589400137700727,-0.03410599862299273,1
289.0,263.918009015806,305.1036017353872,0.0029056892998313684,0.09827052392474622,500003000.0,2.025807113396768,1.0000560043499863e-05,1.961205293461406e-05,1.0160010791867789e-08,1.666932084851899e-07,0.002094759576291712,5.869825722641607e-11,6.384476411996202e-06,1.4967225810854914e-12,0.01588178634000229,-0.03411821365999772,1
289.5,263.900949908976,304.695387487736,0.0029050197569074013,0.09845462109469608,500003000.0,2.036093724767113,1.000563099745789e-05,1.9695107992562105e-05,1.0141907916057547e-08,1.661101158960914e-07,0.0020979477427080094,5.974902322409633e-11,6.37956551405442e-06,1.5117841206325544e-12,0.015869570218440047,-0.03413042978155996,1
290.0,263.88388469408517,304.28751548720237,0.002904354189442712,0.09863882096786648,500003000.0,2.0464003220874876,1.0010692924491761e-05,1.9777874961620677e-05,1.01238540677408e-08,1.655339381171458e-07,0.002101133458392948,6.081173875891443e-11,6.37465418330101e-06,1.5269193409375206e-12,0.015857353020439738,-0.034142646979560265,1
290.5,263.86681337059537,303.87998572825,0.00290369258296968,0.09882312357088957,500003000.0,2.0567265857287125,1.0015745848997824e-05,1.9860357228445748e-05,1.0105849012126524e-08,1.649645336501401e-07,0.0021043167231132574,6.18864647646519e-11,6.369742423007859e-06,1.5421281221267711e-12,0.015845134754140046,-0.03415486524585996,1
291.0,263.8497359379724,303.4727982051021,0.002903034923114775,0.09900752893046985,500003000.0,2.0670721931284355,1.002078979525583e-05,1.99425581109135e-05,1.008789251601141e-08,1.6440176493550367e-07,0.00210749753663741,6.297326173365173e-11,6.364830236461689e-06,1.557410335501366e-12,0.015832915427716532,-0.03416708457228347,1
291.5,263.8326523956863,303.06595291174125,0.002902381195592001,0.09919203707334236,500003000.0,2.0774368188244523,1.0025824787429702e-05,2.0024480860020042e-05,1.0069984347746255e-08,1.638454982130855e-07,0.0021106758987356213,6.407218970556575e-11,6.359917626951248e-06,1.5727658435637327e-12,0.01582069504934977,-0.03417930495065023,1
292.0,263.815562743211,302.6594498419076,0.002901731386215153,0.09937664802633159,500003000.0,2.0878201344890366,1.0030850849568336e-05,2.0106128661714563e-05,1.0052124277267706e-08,1.6329560338904318e-07,0.002113851809179863,6.518330825616395e-11,6.355004597795681e-06,1.588194500046028e-12,0.015808473627295937,-0.03419152637270406,1
292.5,263.7984669800246,302.25328898909885,0.002901085480882981,0.09956136181628969,500003000.0,2.0982218089639195,1.0035868005606354e-05,2.0187504638668663e-05,1.0034312076036142e-08,1.6275195390819803e-07,0.002117025267743861,6.630667648619713e-11,6.350091152313558e-06,1.6036961499366933e-12,0.015796251169809733,-0.03420374883019027,1
293.0,263.7813651056095,301.84747034657096,0.0029004434655744314,0.09974617847013068,500003000.0,2.108641508296148,1.004087627936486e-05,2.0268611851984622e-05,1.001654751700888e-08,1.6221442663191372e-07,0.0021201962742030947,6.744235301032339e-11,6.3451772938139965e-06,1.619270629508678e-12,0.015784027685122343,-0.03421597231487766,1
293.5,263.76425711945205,301.44199390733655,0.0028998053263641094,0.09993109801482222,500003000.0,2.1190788957748943,1.00458756945522e-05,2.034945330284513e-05,9.998830374683265e-09,1.6168290172101783e-07,0.0021233648283348018,6.8590395946104e-11,6.34026302563199e-06,1.6349177663474303e-12,0.01577180318152928,-0.034228196818470724,1
294.0,263.7471430210428,301.03685966416407,0.0028991710494170216,0.10011612047740023,500003000.0,2.129533631969008,1.0050866274764734e-05,2.043003193410694e-05,9.981160425068054e-09,1.6115726252361426e-07,0.002126530929917995,6.975086290306537e-11,6.3353483511183685e-06,1.6506373793795013e-12,0.015759577667365427,-0.03424042233263458,1
294.5,263.73002280987646,300.63206760957775,0.002898540620980231,0.10030124588491778,500003000.0,2.1400053747653147,1.0055848043487557e-05,2.051035063184065e-05,9.963537445644474e-09,1.6063739546741916e-07,0.0021296945787334515,7.09238109718301e-11,6.330433273622996e-06,1.6664292789005213e-12,0.015747351150963252,-0.034252648849036754,1
295.0,263.71289648545195,300.22761773585745,0.0028979140273843224,0.10048647426450562,500003000.0,2.1504937794077907,1.0060821024095237e-05,2.0590412226818982e-05,9.94596121536131e-09,1.6012318995666448e-07,0.0021328557745637204,7.210929671332514e-11,6.325517796499476e-06,1.6822932666054318e-12,0.015735123640664487,-0.03426487635933552,1
295.5,263.6957640472723,299.8235100350373,0.0028972912550526897,0.10067180564334731,500003000.0,2.1609984985376123,1.0065785239852566e-05,2.0670219495955513e-05,9.928431514656737e-09,1.5961453827305918e-07,0.0021360145171931324,7.330737614806989e-11,6.3206019231268275e-06,1.6982291356180044e-12,0.015722895144874068,-0.03427710485512593,1
296.0,263.6786254948447,299.41974449890523,0.0028966722904926003,0.10085724004865762,500003000.0,2.1715191822338524,1.0070740713915275e-05,2.0749775163695884e-05,9.910948125417646e-09,1.5911133548074408e-07,0.002139170806407801,7.451810474554071e-11,6.31568565689137e-06,1.7142366705208795e-12,0.015710665672015074,-0.03428933432798493,1
296.5,263.6614808276807,299.0163211190031,0.002896057120288469,0.10104277750771203,500003000.0,2.182055478054997,1.0075687469330748e-05,2.0829081903363445e-05,9.893510830946978e-09,1.586134793351246e-07,0.0021423246419956243,7.574153741362023e-11,6.31076900117352e-06,1.7303156473871099e-12,0.015698435230495866,-0.034301564769504134,1
297.0,263.64433004529593,298.61323988662633,0.0028954457311105575,0.10122841804781814,500003000.0,2.1926070310813124,1.008062552903874e-05,2.0908142338461063e-05,9.876119415983813e-09,1.5812087019523725e-07,0.0021454760237462874,7.697772848813649e-11,6.305851959368135e-06,1.7464658338115295e-12,0.015686203828760705,-0.034313796171239294,1
297.5,263.6271731472103,298.2105007928226,0.002894838109714368,0.10141416169634411,500003000.0,2.203173483957936,1.0085554915872085e-05,2.098695904393089e-05,9.858773666691615e-09,1.5763341093965512e-07,0.0021486249514512676,7.822673172249133e-11,6.300934534884537e-06,1.762686988943776e-12,0.01567397147528982,-0.034326028524710187,1
298.0,263.610010132948,297.8081038283914,0.0028942342429394623,0.10160000848070988,500003000.0,2.213754476938729,1.0090475652557407e-05,2.1065534547373707e-05,9.841473370644648e-09,1.5715100688563052e-07,0.002151771424903845,7.948860027738208e-11,6.296016731145311e-06,1.7789788635215112e-12,0.015661738178596396,-0.03433826182140361,1
298.5,263.5928410020373,297.4060489838837,0.0028936341177049976,0.10178595842836657,500003000.0,2.2243496479308433,1.0095387761715809e-05,2.1143871330229388e-05,9.824218316803353e-09,1.5667356571136408e-07,0.002154915443899101,8.076338671061903e-11,6.291098551577935e-06,1.7953411999042653e-12,0.01564950394720577,-0.034350496052794235,1
299.0,263.5756657540109,297.00433624960203,0.0028930377210056113,0.10197201156680269,500003000.0,2.2349586325400175,1.0100291265863555e-05,2.1221971828920044e-05,9.807008295491143e-09,1.5620099738131224e-07,0.0021580570082339176,8.205114296704228e-11,6.286179999607173e-06,1.811773732108595e-12,0.015637268789636505,-0.0343627312103635,1
299.5,263.55848438840576,296.6029656155992,0.002892445039923242,0.1021581679235714,500003000.0,2.2455810641167133,1.0105186187412768e-05,2.129983843595724e-05,9.789843098425271e-09,1.557332140743884e-07,0.0021611961177069876,8.33519203685461e-11,6.281261078682096e-06,1.828276185844618e-12,0.015625032714467614,-0.03437496728553239,1
300.0,263.541296904763,296.2019370716777,0.0028918560616197813,0.10234442752625345,500003000.0,2.256216573802862,1.0110072548672109e-05,2.137747350101464e-05,9.772722518682665e-09,1.552701301148053e-07,0.002164332772118821,8.466576960420545e-11,6.2763417922613956e-06,1.8448482785523493e-12,0.015612795730302,-0.034387204269698005,1
300.5,263.52410330262813,295.80125060739005,0.002891270773328889,0.1025307904024793,500003000.0,2.2668647905792714,1.011495037184744e-05,2.1454879331967448e-05,9.755646350663302e-09,1.5481166190561585e-07,0.002167466971271739,8.599274072051058e-11,6.271422143796943e-06,1.861489719439989e-12,0.015600557845725593,-0.03439944215427441,1
301.0,263.506903581551,295.4009062120379,0.0028906891623666706,0.1027172565799099,500003000.0,2.277525341313878,1.01198196790425e-05,2.1532058195899793e-05,9.738614390117344e-09,1.5435772786469197e-07,0.0021705987149698847,8.73328831117195e-11,6.2665021367582285e-06,1.8782002095226675e-12,0.015588319069368124,-0.03441168093063188,1
301.5,263.4896977410857,295.0009038746714,0.002890111216128324,0.10290382608624872,500003000.0,2.288197850810564,1.0124680492259562e-05,2.160901232008136e-05,9.721626434124869e-09,1.5390824836313412e-07,0.0021737280030192222,8.868624551032224e-11,6.261581774626349e-06,1.8949794416626775e-12,0.01557607940988817,-0.03442392059011183,1
302.0,263.47248578079063,294.60124358408814,0.0028895369220892143,0.10309049894925845,500003000.0,2.2988819418587245,1.0129532833400107e-05,2.1685743892914343e-05,9.704682281090647e-09,1.5346314566596962e-07,0.0021768548352275527,9.00528759776272e-11,6.256661060897582e-06,1.9118271006109616e-12,0.015563838875982046,-0.034436161124017955,1
302.5,263.4552677002286,294.2019253288339,0.0028889662677927617,0.10327727519670522,500003000.0,2.3095772352833386,1.0134376724265454e-05,2.176225506485181e-05,9.687781730694774e-09,1.5302234387493287e-07,0.0021799792114045023,9.143282189446316e-11,6.251739999058402e-06,1.9287428630483203e-12,0.01555159747632167,-0.03444840252367833,1
303.0,263.43804349896675,293.8029490972016,0.0028883992408628915,0.10346415485641783,500003000.0,2.320283349995867,1.0139212186557417e-05,2.183854794928856e-05,9.67092458392592e-09,1.5258576887349573e-07,0.0021831011313615317,9.282612995201395e-11,6.24681859261369e-06,1.9457263976299078e-12,0.015539355219624714,-0.03446064478037529,1
303.5,263.4208131765766,293.404314877231,0.0028878358289967563,0.10365113795625136,500003000.0,2.33099990304567,1.014403924187894e-05,2.1914624623425442e-05,9.654110643048349e-09,1.5215334827376392e-07,0.0021862205949119405,9.42328461427771e-11,6.241896845072181e-06,1.9627773650291503e-12,0.015527112114618415,-0.03447288788538159,1
304.0,263.4035767326339,293.00602265670705,0.0028872760199766755,0.1038382245241082,500003000.0,2.3417265096721493,1.0148857911734756e-05,2.1990487129108126e-05,9.637339711633297e-09,1.5172501136536658e-07,0.002189337601870878,9.565301575165787e-11,6.236974759973465e-06,1.979895417983924e-12,0.01551486817010674,-0.03448513182989326,1
304.5,263.38633416671894,292.6080724231608,0.00288671980164668,0.10402541458792186,500003000.0,2.352462783357278,1.0153668217531993e-05,2.206613747364119e-05,9.620611594472257e-09,1.5130068906612807e-07,0.0021924521520553376,9.708668334718921e-11,6.232052340838498e-06,1.9970802013431114e-12,0.015502623394847299,-0.0344973766051527,1
305.0,263.36908547841637,292.2104641638689,0.0028861671619271265,0.10421270817564364,500003000.0,2.3632083358789298,1.0158470180580801e-05,2.214157763057844e-05,9.60392609761759e-09,1.5088031387450102e-07,0.0021955642452841585,9.853389277289708e-11,6.22712959120239e-06,2.0143313521145983e-12,0.015490377797632864,-0.03450962220236714,1
305.5,263.3518306673152,291.8131978658522,0.0028856180888155603,0.10440010531528085,500003000.0,2.373962777364711,1.016326382209499e-05,2.2216809540490316e-05,9.587283028377084e-09,1.5046381982375174e-07,0.0021986738813780373,9.999468713880399e-11,6.222206514617409e-06,2.031648499515387e-12,0.015478131387298874,-0.03452186861270113,1
306.0,263.33456973300883,291.41627351587556,0.002885072570383274,0.10458760603486972,500003000.0,2.384725716346351,1.0168049163192636e-05,2.229183511170915e-05,9.570682195294283e-09,1.5005114243766855e-07,0.0022017810601595313,1.0146910881307503e-10,6.217283114646691e-06,2.049031265021767e-12,0.015465884172707793,-0.03453411582729221,1
306.5,263.31730267509516,291.019691100448,0.0028845305947667317,0.1047752103624714,500003000.0,2.395496759814562,1.0172826224896692e-05,2.2366656221053075e-05,9.554123408112035e-09,1.4964221868784968e-07,0.0022048857814530565,1.0295719941380751e-10,6.212359394846925e-06,2.0664792624211233e-12,0.015453636162706012,-0.034546363837293995,1
307.0,263.3000294931765,290.623450605822,0.0028839921501762045,0.10496291832617517,500003000.0,2.4062755132745335,1.0177595028135589e-05,2.2441274714529317e-05,9.537606477793226e-09,1.4923698695248297e-07,0.002207988045084892,1.0445899980097338e-10,6.207435358788118e-06,2.0839920978652285e-12,0.015441387366173035,-0.034558612633826966,1
307.5,263.2827501868596,290.2275520179923,0.0028834572248981833,0.10515072995411678,500003000.0,2.4170615808019362,1.018235559374385e-05,2.25156924080176e-05,9.521131216520713e-09,1.4883538697656866e-07,0.0022110878508831886,1.0597455006851426e-10,6.202511010059864e-06,2.1015693699251136e-12,0.01542913779203707,-0.03457086220796293,1
308.0,263.2654647557556,289.8319953226968,0.0028829258072812763,0.10533864527444534,500003000.0,2.4278545650992807,1.0187107942462671e-05,2.2589911087934318e-05,9.504697437642952e-09,1.4843735983343778e-07,0.0022141851986779656,1.0750388953658425e-10,6.197586352242148e-06,2.1192106696461516e-12,0.015416887449202396,-0.03458311255079761,1
308.5,263.2481731994802,289.4367805054146,0.002882397885752539,0.10552666431535727,500003000.0,2.438654067552966,1.0191852094940532e-05,2.2663932511878154e-05,9.488304955720115e-09,1.4804284788767067e-07,0.0022172800883011223,1.0904705674395974e-10,6.192661388941545e-06,2.1369155806058834e-12,0.01540463634663942,-0.034595363653360585,1
309.0,263.23087551765354,289.04190755136614,0.0028818734488057197,0.1057147871050651,500003000.0,2.449459688290609,1.019658807173377e-05,2.2737758409257747e-05,9.471953586477584e-09,1.476517947591859e-07,0.0022203725195864385,1.1060408944060067e-10,6.187736123767036e-06,2.154683678971763e-12,0.015392384493324512,-0.03460761550667549,1
309.5,263.2135717099002,288.64737644551286,0.002881352485001847,0.10590301367181564,500003000.0,2.460271026238898,1.0201315893307171e-05,2.281139048190205e-05,9.455643146800326e-09,1.4726414528860293e-07,0.0022234624923695772,1.121750245803785e-10,6.182810560332357e-06,2.172514533561225e-12,0.015380131898245851,-0.03461986810175415,1
310.0,263.1962617758493,288.25318717255715,0.0028808349829676483,0.10609134404387656,500003000.0,2.4710876791818257,1.0206035580034531e-05,2.288483040465391e-05,9.439373454720253e-09,1.4687984550372303e-07,0.0022265500064880843,1.1375989831396665e-10,6.177884702253719e-06,2.190407705902423e-12,0.015367878570397748,-0.03463212142960226,1
310.5,263.1789457151345,287.85933971694163,0.002880320931399109,0.1062797782495434,500003000.0,2.481909243819413,1.0210747152199241e-05,2.2958079825947487e-05,9.423144329420393e-09,1.4649884258715112e-07,0.0022296350617813944,1.1535874598190256e-10,6.172958553158463e-06,2.208362750296748e-12,0.01535562451880218,-0.03464437548119782,1
311.0,263.1616235273939,287.46583406284793,0.0028798103190670493,0.10646831631714505,500003000.0,2.4927353158268213,1.0215450629994863e-05,2.303114036836998e-05,9.406955591245655e-09,1.461210848449863e-07,0.0022327176580908435,1.1697160210781973e-10,6.168032116698056e-06,2.226379213882633e-12,0.015343369752541127,-0.034656630247458874,1
311.5,263.14429521227015,287.07267019419703,0.002879303134801076,0.10665695827503174,500003000.0,2.503565489913695,1.0220146033525684e-05,2.310401362920824e-05,9.390807061643019e-09,1.4574652167651926e-07,0.002235797795259661,1.185985003918458e-10,6.1631053965147495e-06,2.2444566367002084e-12,0.015331114280673613,-0.03466888571932639,1
312.0,263.1269607694105,286.679848094649,0.0028787993674964842,0.10684570415157033,500003000.0,2.514399359884,1.0224833382807273e-05,2.3176701180980706e-05,9.37469856317694e-09,1.4537510354492903e-07,0.0022388754731329755,1.2023947370418156e-10,6.158178396257417e-06,2.2625945517575405e-12,0.015318858112275126,-0.03468114188772488,1
312.5,263.10962019846664,286.2873677476013,0.0028782990061250145,0.1070345539751731,500003000.0,2.525236518696246,1.0229512697767052e-05,2.324920457195519e-05,9.358629919557053e-09,1.4500678194897436e-07,0.0022419506915578257,1.2189455407885987e-10,6.1532511196055306e-06,2.280792485098887e-12,0.015306601256497243,-0.03469339874350276,1
313.0,263.0922734990949,285.8952291361904,0.002877802039707363,0.10722350777424607,500003000.0,2.5360765585237646,1.0234183998244823e-05,2.332152532665294e-05,9.342600955541692e-09,1.4464150939549712e-07,0.0022450234503831514,1.2356377270767136e-10,6.148323570211442e-06,2.299049955872429e-12,0.01529434372242406,-0.03470565627757594,1
313.5,263.07492067095615,285.5034322432893,0.0028773084573438285,0.10741256557725158,500003000.0,2.5469190708156497,1.0238847303993338e-05,2.3393664946339416e-05,9.326611497030417e-09,1.442792393729527e-07,0.002248093749459808,1.2524715993428916e-10,6.143395751766855e-06,2.317366476401907e-12,0.015282085519237544,-0.03471791448076246,1
314.0,263.05756171371576,285.11197705150795,0.0028768182481941863,0.10760172741264167,500003000.0,2.557763646357698,1.0243502634678833e-05,2.3465624909502227e-05,9.310661370991578e-09,1.439199263256236e-07,0.0022511615886405684,1.269447452485629e-10,6.138467667960803e-06,2.3357415522567208e-12,0.015269826656113003,-0.034730173343887,1
314.5,263.0401966270438,284.7208635431935,0.0028763314014760163,0.10779099330891329,500003000.0,2.568609875333674,1.0248150009881559e-05,2.353740667231663e-05,9.294750405450137e-09,1.4356352562880272e-07,0.0022542269677801184,1.2865655728100317e-10,6.133539322477106e-06,2.3541746823258125e-12,0.01525756714221275,-0.034742432857787255,1
315.0,263.0228254106149,284.33009170042857,0.0028758479064804844,0.10798036329457138,500003000.0,2.579457347386967,1.0252789449096324e-05,2.3609011669098952e-05,9.27887842953178e-09,1.432099935646465e-07,0.0022572898867350695,1.3038262379745902e-10,6.1286107190289665e-06,2.3726653588911277e-12,0.015245306986772181,-0.034754693013227825,1
315.5,263.0054480641083,283.93966150503155,0.002875367752555903,0.10816983739814154,500003000.0,2.5903056516822565,1.0257420971733025e-05,2.3680441312748376e-05,9.263045273402971e-09,1.4285928729884633e-07,0.0022603503453639574,1.3212297169397584e-10,6.1236818613248995e-06,2.3912130677031353e-12,0.015233046199015008,-0.034766953800985,1
316.0,262.9880645872078,283.5495729385567,0.002874890929109254,0.1083594156481717,500003000.0,2.6011543769674814,1.026204459711716e-05,2.3751696995177384e-05,9.24725076826924e-09,1.4251136485801417e-07,0.0022634083435272437,1.3387762699184892e-10,6.118752753072943e-06,2.409817288057487e-12,0.015220784788163732,-0.03477921521183627,1
316.5,262.9706749796019,283.1598259822921,0.0028744174256232517,0.10854909807324169,500003000.0,2.612003111636112,1.0266660344490372e-05,2.3822780087731275e-05,9.231494746423315e-09,1.4216618510778054e-07,0.0022664638810873283,1.3564661483287646e-10,6.113823398017887e-06,2.4284774928732133e-12,0.01520852276353227,-0.034791477236467735,1
317.0,262.95327924098365,282.7704206172609,0.0028739472316267243,0.10873888470192174,500003000.0,2.6228514437892896,1.0271268233010942e-05,2.3893691941597027e-05,9.215777041143326e-09,1.4182370773150494e-07,0.0022695169579085408,1.3742995947479164e-10,6.108893799879218e-06,2.4471931487707975e-12,0.01519626013437157,-0.03480373986562843,1
317.5,262.9358773710508,282.38135682422006,0.0028734803367201148,0.10892877556282057,500003000.0,2.633698961298437,1.0275868281754326e-05,2.39644338882019e-05,9.200097486768139e-09,1.4148389320974913e-07,0.0022725675738571537,1.392276842869088e-10,6.103963962406256e-06,2.4659637161536582e-12,0.01518399691000678,-0.03481600308999322,1
318.0,262.91846936950583,281.99263458366,0.0028730167305595117,0.10911877068456335,500003000.0,2.6445452518677444,1.0280460509713646e-05,2.4035007239602045e-05,9.184455918639643e-09,1.4114670280029138e-07,0.002275615728801381,1.4103981174595376e-10,6.09903388934514e-06,2.4847886492891433e-12,0.015171733099755107,-0.034828266900244896,1
318.5,262.9010552360557,281.60425387580415,0.002872556402864862,0.10930887009578097,500003000.0,2.655389903096931,1.0285044935800207e-05,2.4105413288861427e-05,9.16885217312258e-09,1.4081209851876164e-07,0.002278661422611383,1.428663634321029e-10,6.094103584457149e-06,2.503667396391113e-12,0.015159468712971417,-0.03484053128702859,1
319.0,262.8836349704122,281.21621468060886,0.0028720993434124204,0.10949907382512801,500003000.0,2.6662325025439557,1.0289621578843994e-05,2.4175653310421374e-05,9.153286087574068e-09,1.4048004311989473e-07,0.002281704655159268,1.447073600252154e-10,6.089173051503615e-06,2.5225993997041737e-12,0.015147203759010684,-0.03485279624098932,1
319.5,262.86620857229167,280.82851697776266,0.0028716455420405487,0.10968938190126645,500003000.0,2.677072637787896,1.0294190457594172e-05,2.4245728560461027e-05,9.137757500355775e-09,1.4015050007930649e-07,0.0022847454263190967,1.465628213012736e-10,6.084242294259075e-06,2.5415840955884577e-12,0.01513493824726071,-0.03486506175273929,1
320.0,262.8487760414153,280.44116074668614,0.002871194988643962,0.10987979435288249,500003000.0,2.687909896491794,1.0298751590719578e-05,2.4315640277248955e-05,9.122266250809342e-09,1.3982343357585236e-07,0.002287783735966887,1.484327661290216e-10,6.0793113164999844e-06,2.56062091460617e-12,0.015122672187114062,-0.03487732781288594,1
320.5,262.8313373775089,280.05414596653117,0.0028707476731791347,0.11007031120867213,500003000.0,2.698743866465603,1.0303304996809212e-05,2.438538968148619e-05,9.106812179267355e-09,1.3949880847447386e-07,0.002290819583980615,1.503172124668132e-10,6.07438012201702e-06,2.5797092816086744e-12,0.01511040558799866,-0.034889594412001346,1
321.0,262.8138925803029,279.6674726161806,0.0028703035856605715,0.1102609324973387,500003000.0,2.709574135729062,1.030785069437273e-05,2.4454977976640975e-05,9.091395127035295e-09,1.3917659030956523e-07,0.00229385297024022,1.522161773596603e-10,6.069448714608038e-06,2.5988486158248537e-12,0.015098138459360269,-0.034901861540639734,1
321.5,262.79644164953254,279.2811406742478,0.0028698627161594906,0.11045165824761805,500003000.0,2.720400292574591,1.031238870184092e-05,2.4524406349275406e-05,9.076014936381319e-09,1.3885674526886148e-07,0.0022968838946276107,1.5412967693648998e-10,6.064517098076159e-06,2.6180383309512126e-12,0.015085870810657738,-0.034914129189342266,1
322.0,262.77898458493786,278.8951501190769,0.002869425054801067,0.11064248848822682,500003000.0,2.7312219256301056,1.031691903756618e-05,2.459367596936426e-05,9.060671450521522e-09,1.3853924017770785e-07,0.002299912357026659,1.5605772640760606e-10,6.059585276224797e-06,2.6372778352413048e-12,0.015073602651350625,-0.03492639734864938,1
322.5,262.76152138626355,278.50950092874183,0.002868990591769845,0.11083342324791828,500003000.0,2.742038623921857,1.0321441719822996e-05,2.4662787990606216e-05,9.0453645136311e-09,1.3822404248391167e-07,0.0023029383573232097,1.5800034006236349e-10,6.054653252869938e-06,2.6565665315986607e-12,0.015061333990929746,-0.03493866600907026,1
323.0,262.744052053259,278.12419308104523,0.0028685593173143815,0.11102446255544897,500003000.0,2.752849976937175,1.0325956766808423e-05,2.473174355072768e-05,9.030093970852902e-09,1.3791112024292863e-07,0.0023059618954050895,1.5995753126705008e-10,6.049721031850713e-06,2.675903817668742e-12,0.015049064838943483,-0.03495093516105652,1
323.5,262.72657658567846,277.7392265535196,0.0028681312217260337,0.1112156064395843,500003000.0,2.763655574686954,1.0330464196642534e-05,2.480054377177944e-05,9.014859668224821e-09,1.3760044210352058e-07,0.002308982971162098,1.6192931246296833e-10,6.044788616985529e-06,2.6952890859325955e-12,0.015036795204888648,-0.034963204795111356,1
324.0,262.7090949832809,277.354601323426,0.00286770629535871,0.11140685492909293,500003000.0,2.7744550077682506,1.0334964027368902e-05,2.4869189760426345e-05,8.999661452736191e-09,1.3729197729381157e-07,0.0023120015844860175,1.6391569516474022e-10,6.039856012114527e-06,2.7147217238014736e-12,0.015024525098316102,-0.0349754749016839,1
324.5,262.6916072458301,276.97031736775324,0.0028672845286257247,0.11159820805277743,500003000.0,2.785247867426648,1.0339456276955059e-05,2.4937682608230237e-05,8.984499172311965e-09,1.369856956077815e-07,0.002315017735270621,1.6591668995881664e-10,6.034923221093715e-06,2.7342011137131165e-12,0.015012254528816162,-0.03498774547118384,1
325.0,262.6741133730945,276.58637466321824,0.002866865911989811,0.11178966583942128,500003000.0,2.79603374561838,1.0343940963292946e-05,2.500602339192626e-05,8.969372675775702e-09,1.3668156739204763e-07,0.0023180314234116663,1.6793230650219255e-10,6.029990247774746e-06,2.753726633226983e-12,0.014999983505968302,-0.0350000164940317,1
325.5,262.6566133648475,276.2027731862657,0.002866450435965644,0.11198122831782126,500003000.0,2.806812235072351,1.0348418104199372e-05,2.507421317369282e-05,8.954281812851927e-09,1.3637956353311622e-07,0.002321042648806902,1.6996255352133693e-10,6.025057096011078e-06,2.7732976551224013e-12,0.014987712039356466,-0.03501228796064354,1
326.0,262.6391072208672,275.81951291306694,0.002866038091130464,0.11217289551679924,500003000.0,2.8175829293520254,1.0352887717416469e-05,2.5142253001415304e-05,8.939226434193604e-09,1.3607965544496732e-07,0.002324051411356076,1.7200743881133852e-10,6.020123769681021e-06,2.792913547497192e-12,0.014975440138626414,-0.03502455986137359,1
326.5,262.62159494093646,275.4365938195198,0.0028656288681117863,0.11236466746517251,500003000.0,2.8283454229169576,1.0357349820612139e-05,2.5210143908943773e-05,8.924206391338176e-09,1.3578181505694026e-07,0.002327057710960936,1.7406696923525299e-10,6.01519027266272e-06,2.8125736738660453e-12,0.014963167813423474,-0.03503683218657653,1
327.0,262.60407652484315,275.0540158812492,0.002865222757584344,0.1125565441917508,500003000.0,2.8390993111841096,1.0361804431380486e-05,2.5277886916344765e-05,8.909221536692602e-09,1.3548601480198503e-07,0.0023300615475252244,1.7614115072366315e-10,6.010256608828507e-06,2.832277393260344e-12,0.014950895073378507,-0.0350491049266215,1
327.5,262.5865519723798,274.67177907360553,0.0028648197502827858,0.112748525725371,500003000.0,2.8498441905890246,1.036625156724227e-05,2.5345483030147404e-05,8.894271723567445e-09,1.3519222760528097e-07,0.0023330629209546917,1.7822998827445716e-10,6.005322782072326e-06,2.852024060329795e-12,0.014938621928176122,-0.035061378071823884,1
328.0,262.5690212833439,274.28988337166476,0.002864419836993898,0.11294061209486568,500003000.0,2.8605796586466115,1.0370691245645343e-05,2.541293324358395e-05,8.879356806147149e-09,1.349004268730937e-07,0.002336061831157097,1.8033348595281007e-10,6.0003887962941404e-06,2.8718130254431396e-12,0.014926348387515886,-0.035073651612484116,1
328.5,262.55148445753764,273.9083287502283,0.002864023008552707,0.11313280332907634,500003000.0,2.871305314011628,1.037512348396508e-05,2.5480238536824943e-05,8.864476639472647e-09,1.346105864819875e-07,0.0023390582780422097,1.8245164689137557e-10,5.995454655392536e-06,2.891643634790666e-12,0.014914074461093932,-0.03508592553890607,1
329.0,262.5339414947682,273.5271151838223,0.0028636292558496096,0.11332509945683943,500003000.0,2.8820207565389193,1.0379548299504808e-05,2.554739987720909e-05,8.849631079458144e-09,1.3432268076830077e-07,0.0023420522615218114,1.8458447329069263e-10,5.990520363280397e-06,2.9115152304868422e-12,0.014901800158641945,-0.035098199841358056,1
329.5,262.5163923948475,273.14624264669635,0.0028632385698333846,0.11351750050701964,500003000.0,2.8927255873433206,1.0383965709496255e-05,2.5614418219468072e-05,8.834819982894977e-09,1.3403668451795863e-07,0.0023450437815097105,1.8673196641980121e-10,5.985585923891883e-06,2.9314271506747545e-12,0.014889525489944532,-0.03511047451005547,1
330.0,262.4988371575925,272.76571111282556,0.0028628509414857775,0.1137100065084431,500003000.0,2.903419408858988,1.038837573109994e-05,2.5681294505946296e-05,8.820043207368078e-09,1.3375257295645044e-07,0.0023480328379217245,1.8889412661705267e-10,5.980651341130086e-06,2.9513787296285703e-12,0.01487725046470899,-0.035122749535291015,1
330.5,262.48127578282487,272.3855205559076,0.0028624663618572396,0.1139026174899794,500003000.0,2.9141018248987467,1.039277838140562e-05,2.5748029666815914e-05,8.805300611360987e-09,1.3347032173923955e-07,0.0023510194306757028,1.9107095329115485e-10,5.975716618942411e-06,2.97136929786061e-12,0.014864975092752851,-0.03513502490724715,1
331.0,262.4637082703712,272.0056709493636,0.002862084822041317,0.11409533348048105,500003000.0,2.9247724407126894,1.0397173677432706e-05,2.581462462028705e-05,8.790592054171687e-09,1.331899069422724e-07,0.0023540035596915196,1.9326244492240068e-10,5.970781761267757e-06,2.991398182225169e-12,0.014852699383872478,-0.03514730061612752,1
331.5,262.44613462006316,271.62616226633827,0.0028617063131773646,0.11428815450880214,500003000.0,2.9354308630465082,1.0401561636130665e-05,2.5881080272813463e-05,8.775917395916053e-09,1.3291130505282737e-07,0.002356985224891076,1.9546859906411285e-10,5.96584677204297e-06,3.011464706024989e-12,0.014840423347859108,-0.035159576652140895,1
332.0,262.4285548317371,271.2469944796981,0.0028613308264638163,0.1144810806037985,500003000.0,2.946076700199459,1.0405942274379447e-05,2.5947397519293755e-05,8.761276497563419e-09,1.3263449296058468e-07,0.00235996442619831,1.9768941234429893e-10,5.96091165523115e-06,3.031568189117841e-12,0.014828146994569276,-0.03517185300543073,1
332.5,262.41096890523437,270.8681675620326,0.0028609583531387047,0.11467411179432535,500003000.0,2.9567095620817136,1.0410315608989882e-05,2.601357724326822e-05,8.746669220871909e-09,1.3235944794892877e-07,0.0023629411635391908,1.9992488046750017e-10,5.955976414781792e-06,3.0517079480233774e-12,0.014815870333825677,-0.035184129666174326,1
333.0,262.3933768404013,270.4896814856524,0.002860588884499452,0.11486724810924566,500003000.0,2.9673290602714446,1.0414681656704104e-05,2.6079620317111465e-05,8.732095428444e-09,1.3208614768649033e-07,0.0023659154368417313,2.0217499821685746e-10,5.951041054672654e-06,3.071883296030918e-12,0.01480359337552129,-0.03519640662447871,1
333.5,262.37577863708907,270.1115362225899,0.0028602224118841847,0.11506048957741778,500003000.0,2.9779348080712262,1.0419040434195935e-05,2.614552760222091e-05,8.717554983664496e-09,1.3181457021888633e-07,0.0023688872460359855,2.0443975945636637e-10,5.946105578871561e-06,3.0920935433069267e-12,0.01479131612952438,-0.03520868387047563,1
334.0,262.35817429515384,269.7337317445985,0.002859858926684395,0.11525383622769342,500003000.0,2.988526420564103,1.0423391958071302e-05,2.6211299949201253e-05,8.703047750734303e-09,1.3154469396068585e-07,0.0023718565910540537,2.0671915713334457e-10,5.941169991363413e-06,3.1123379970033194e-12,0.014779038605745688,-0.03522096139425432,1
334.5,262.34056381445674,269.35626802315244,0.00285949842033653,0.115447288088925,500003000.0,2.9991035146690033,1.0427736244868623e-05,2.627693819804505e-05,8.688573594639945e-09,1.3127649768759307e-07,0.0023748234718300835,2.0901318328109073e-10,5.936234296133364e-06,3.132615961366222e-12,0.014766760814096563,-0.03523323918590344,1
335.0,262.3229471948638,268.979145029446,0.002859140884328576,0.11564084518997977,500003000.0,3.00966570919576,1.0432073311059207e-05,2.634244317830947e-05,8.674132381168806e-09,1.3100996052883845e-07,0.0023777878883002755,2.113218290217509e-10,5.931298497181168e-06,3.152926737845382e-12,0.014754482764524672,-0.03524551723547533,1
335.5,262.30532443624605,268.60236273439403,0.0028587863101888424,0.11583450755969267,500003000.0,3.0202126248994077,1.0436403173047642e-05,2.640781570928932e-05,8.659723976870345e-09,1.3074506195970056e-07,0.002380749840402882,2.1364508456937112e-10,5.926362598498562e-06,3.1732696252021387e-12,0.014742204466957733,-0.03525779553304227,1
336.0,262.2876955384795,268.2259211086307,0.002858434689501247,0.116028275226919,500003000.0,3.0307438845341106,1.0440725847172191e-05,2.647305660018648e-05,8.645348249097698e-09,1.3048178179432255e-07,0.0023837093280782156,2.1598293923315831e-10,5.921426604101595e-06,3.193643919620397e-12,0.014729925931383935,-0.03527007406861607,1
336.5,262.2700605014452,267.84982012250987,0.0028580860138889925,0.11622214822049864,500003000.0,3.041259112906316,1.0445041349705168e-05,2.653816665027579e-05,8.631005065953605e-09,1.3022010017861882e-07,0.002386666351268648,2.1833538142092265e-10,5.916490517997468e-06,3.214048914815375e-12,0.014717647167769448,-0.03528235283223055,1
337.0,262.25241932502905,267.4740597461041,0.002857740275026893,0.11641612656927611,500003000.0,3.0517579369274683,1.044934969685333e-05,2.66031466490675e-05,8.61669429632303e-09,1.2995999758341853e-07,0.0023896209099186112,2.207023986427231e-10,5.91155434421068e-06,3.23448390214415e-12,0.01470536818612346,-0.03529463181387654,1
337.5,262.23477200912214,267.0986399492053,0.002857397464629675,0.11661021030207057,500003000.0,3.0622399856659817,1.0453650904758247e-05,2.6667997376466363e-05,8.602415809833311e-09,1.297014547977301e-07,0.0023925730039746048,2.2308397751469404e-10,5.90661808675947e-06,3.2549481707149315e-12,0.014693088996439592,-0.03530691100356041,1
338.0,262.21711855362037,266.7235607013225,0.0028570575744709765,0.11680439944772664,500003000.0,3.072704890398745,1.04579449894967e-05,2.6732719602927492e-05,8.588169476906747e-09,1.2944445292225702e-07,0.002395522633385202,2.2548010376307305e-10,5.901681749695693e-06,3.2754410074987426e-12,0.014680809608795073,-0.03531919039120493,1
338.5,262.19945895842477,266.34882197168344,0.0028567205963570988,0.11699869403507311,500003000.0,3.0831522846617556,1.0462231967081039e-05,2.679731408960898e-05,8.573955168677097e-09,1.2918897336298042e-07,0.0023984697981010474,2.27890762228398e-10,5.896745337051206e-06,3.2959616974385454e-12,0.01466853003321738,-0.035331469966782623,1
339.0,262.1817932234414,265.97442372923325,0.002856386522143425,0.1171930940929188,500003000.0,3.0935818043002916,1.0466511853459556e-05,2.6861781588521452e-05,8.559772757034562e-09,1.2893499782493984e-07,0.0024014144980748576,2.3031593686990337e-10,5.891808852872406e-06,3.3165095235596226e-12,0.014656250279770154,-0.03534374972022985,1
339.5,262.16412134858126,265.60036594263414,0.002856055343733807,0.1173875996500814,500003000.0,3.1039930875183486,1.0470784664516865e-05,2.6926122842674553e-05,8.545622114619418e-09,1.2868250830620003e-07,0.0024043567332614323,2.3275561077009478e-10,5.88687230121957e-06,3.3370837670807767e-12,0.014643970358551564,-0.03535602964144844,1
340.0,262.14644333376054,265.2266485802659,0.0028557270530678884,0.11758221073535824,500003000.0,3.114385774927324,1.0475050416074255e-05,2.6990338586220507e-05,8.531503114779688e-09,1.2843148709190743e-07,0.0024072965036176456,2.3520976613949857e-10,5.881935686141315e-06,3.3576837075239185e-12,0.014631690279630762,-0.03536830972036924,1
340.5,262.12875917890034,264.853271610224,0.002855401642141929,0.11777692737755371,500003000.0,3.1247595095941665,1.0479309123890069e-05,2.705442954459478e-05,8.517415631629035e-09,1.2818191674854998e-07,0.0024102338091024638,2.3767838432160255e-10,5.876999011718096e-06,3.3783086228253163e-12,0.014619410053156093,-0.03538058994684391,1
341.0,262.1110688839269,264.4802350003213,0.002855079102982781,0.11797174960546042,500003000.0,3.1351139370885854,1.048356080366005e-05,2.7118396434653934e-05,8.503359539964737e-09,1.2793378011830886e-07,0.002413168649676931,2.401614457979546e-10,5.872062282009222e-06,3.3989577894452786e-12,0.014607129689223312,-0.03539287031077669,1
341.5,262.0933724487715,264.10753871808544,0.0028547594276741306,0.11816667744785263,500003000.0,3.1454487055297973,1.048780547101772e-05,2.7182239964810716e-05,8.489334715341628e-09,1.2768706031356096e-07,0.002416101025304191,2.4265893019345615e-10,5.867125501107431e-06,3.419630482478352e-12,0.014594849198011307,-0.035405150801988694,1
342.0,262.0756698733705,263.73518273076047,0.0028544426083327817,0.11836171093350624,500003000.0,3.155763465632276,1.049204314153472e-05,2.7245960835166487e-05,8.475341033997222e-09,1.274417407115397e-07,0.0024190309359494733,2.4517081628180466e-10,5.862188673090702e-06,3.440325975763817e-12,0.01458256858966226,-0.03541743141033774,1
342.5,262.0579611576653,263.36316700530574,0.0028541286371211185,0.11855685009118644,500003000.0,3.166057870750949,1.0496273830721162e-05,2.7309559737641032e-05,8.461378372884634e-09,1.2719780494909253e-07,0.002421958381580103,2.4769708199112284e-10,5.857251802048466e-06,3.4610435419953486e-12,0.014570287874346827,-0.03542971212565318,1
343.0,262.0402463016025,262.9914915083952,0.002853817506248843,0.11875209494963503,500003000.0,3.176331576925571,1.0500497554026e-05,2.7373037356099815e-05,8.447446609673475e-09,1.269552369175636e-07,0.0024248833621655073,2.502377044097467e-10,5.852314892085708e-06,3.4817824528304193e-12,0.01455800706227437,-0.03544199293772563,1
343.5,262.0225253051336,262.62015620641694,0.002853509207968635,0.11894744553761784,500003000.0,3.1865842429243223,1.0504714326837366e-05,2.7436394366478743e-05,8.433545622732742e-09,1.2671402075785705e-07,0.002427805877677216,2.5279265979217803e-10,5.847377947314597e-06,3.5025419790010557e-12,0.014545726163672102,-0.035454273836327904,1
344.0,262.0047981682155,262.2491610654744,0.0028532037345641577,0.11914290188384863,500003000.0,3.196815530286532,1.0508924164482912e-05,2.749963143690649e-05,8.41967529109143e-09,1.2647414085549735e-07,0.002430725928088857,2.5536192356519105e-10,5.842440971830551e-06,3.5233213904209177e-12,0.01453344518872557,-0.035466554811274434,1
344.5,261.98706489080985,261.87850605138436,0.0028529010783741233,0.11933846401705463,500003000.0,3.2070251033648365,1.0513127082230165e-05,2.7562749227824463e-05,8.405835494505456e-09,1.2623558183594416e-07,0.0024336435133761715,2.5794547033411346e-10,5.837503969762017e-06,3.5441199562961604e-12,0.014521164147702485,-0.03547883585229752,1
345.0,261.9693254728837,261.50819112967736,0.0028526012317716338,0.11953413196594996,500003000.0,3.2172126293663093,1.0517323095286861e-05,2.7625748392104426e-05,8.39202611339265e-09,1.2599832855992773e-07,0.0024365586335170063,2.6054327388924716e-10,5.832566945228751e-06,3.5649369452332035e-12,0.014508883050848936,-0.035491116949151066,1
345.5,261.95157991440914,261.1382162655968,0.00285230418717807,0.1197299057592318,500003000.0,3.227377778392937,1.0521512218801296e-05,2.7688629575163883e-05,8.378247028869627e-09,1.257623661189161e-07,0.002439471288491327,2.63155307212453e-10,5.827629902370753e-06,3.585771625346952e-12,0.014496601908461361,-0.03550339809153864,1
346.0,261.93382821536335,260.7685814240996,0.0028520099370462526,0.11992578542558827,500003000.0,3.2375202234811207,1.0525694467862645e-05,2.7751393415079233e-05,8.36449812269836e-09,1.2552767983069883e-07,0.00244238147828121,2.657815424838732e-10,5.822692845314411e-06,3.6066232643687594e-12,0.014484320730802348,-0.03551567926919766,1
346.5,261.91607037572874,260.3992865698556,0.0028517184738739106,0.1201217709936744,500003000.0,3.2476396406405,1.0529869857501306e-05,2.7814040542696755e-05,8.350779277321835e-09,1.2529425523504355e-07,0.0024452892028708506,2.6842195108881323e-10,5.8177557782005654e-06,3.627491129753273e-12,0.014472039528170425,-0.03552796047182958,1
347.0,261.8983063954928,260.03033166724657,0.002851429790203007,0.12031786249217459,500003000.0,3.2577357088918864,1.0534038402689235e-05,2.787657158174152e-05,8.337090375858072e-09,1.2506207808953536e-07,0.0024481944622465634,2.710765036247635e-10,5.812818705183618e-06,3.64837448878717e-12,0.014459758310897856,-0.03554024168910215,1
347.5,261.88053627464825,259.6617166803669,0.0028511438786093914,0.12051405994971771,500003000.0,3.267808110304275,1.0538200118340267e-05,2.7938987148924207e-05,8.323431302065996e-09,1.248311343653712e-07,0.0024510972563967885,2.7374516990855606e-10,5.807881630410988e-06,3.6692726086932034e-12,0.014447477089299545,-0.035552522910700456,1
348.0,261.8627600131929,259.293441573022,0.002850860731718102,0.12071036339493994,500003000.0,3.277856530031173,1.054235501931046e-05,2.8001287854045902e-05,8.309801940386279e-09,1.2460141024339184e-07,0.0024539975853120947,2.764279189836724e-10,5.802944558054773e-06,3.690184756738066e-12,0.014435195873751775,-0.035564804126248226,1
348.5,261.84497761112976,258.9255063087293,0.002850580342183548,0.12090677285645457,500003000.0,3.287880656345836,1.05465031203984e-05,2.806347430010096e-05,8.296202175879723e-09,1.243728921101163e-07,0.0024568954489851778,2.7912471912766804e-10,5.798007492271954e-06,3.711110200336857e-12,0.014422914674593227,-0.03557708532540678,1
349.0,261.8271890684671,258.55791085071724,0.0028503027027065846,0.12110328836286625,500003000.0,3.297880180675867,1.0550644436345535e-05,2.8125547083377914e-05,8.28263189427325e-09,1.241455665539083e-07,0.0024597908474108658,2.818355378597477e-10,5.79307043723962e-06,3.732048207158465e-12,0.014410633502212609,-0.03558936649778739,1
349.5,261.8093943852182,258.19065516192467,0.00285002780602832,0.12129990994277542,500003000.0,3.30785479763681,1.0554778981836504e-05,2.8187506793558525e-05,8.269090981938068e-09,1.2391942036122062e-07,0.0024626837805861264,2.845603419484581e-10,5.7881333971428864e-06,3.752998045229947e-12,0.014398352367018584,-0.03560164763298142,1
350.0,261.79159356140167,257.82373920500106,0.0028497556449247462,0.1214966376247276,500003000.0,3.3178042050648675,1.055890677149944e-05,2.824935401381496e-05,8.255579325870366e-09,1.2369444051287229e-07,0.002465574248510063,2.872990974195063e-10,5.783196376164478e-06,3.773958983038692e-12,0.014386071279413885,-0.03561392872058612,1
350.5,261.77378659704135,257.45716294230664,0.002849486212208418,0.12169347143728781,500003000.0,3.3277281040487616,1.0563027819906286e-05,2.8311089320905223e-05,8.242096813692592e-09,1.23470614180527e-07,0.0024684622511839155,2.900517695637031e-10,5.778259378488666e-06,3.794930289637547e-12,0.01437379024980508,-0.035626209750194926,1
351.0,261.7559734921663,257.0909263359117,0.0028492195007316884,0.12189041140898794,500003000.0,3.3376261989607063,1.0567142141573116e-05,2.8372713285266787e-05,8.228643333659186e-09,1.232479287231318e-07,0.002471347788611066,2.9281832294502514e-10,5.77332240830834e-06,3.815911234745637e-12,0.014361509288620188,-0.03563849071137981,1
351.5,261.7381542468106,256.72502934759547,0.0028489555033937718,0.12208745756835658,500003000.0,3.347498197486552,1.0571249750960453e-05,2.8434226471108542e-05,8.215218774673218e-09,1.2302637168351162e-07,0.002474230860797046,2.955987214087996e-10,5.768385469839748e-06,3.836901088850896e-12,0.01434922840634533,-0.03565077159365467,1
352.0,261.7203288610138,256.35947193884664,0.002848694213123817,0.12228460994389108,500003000.0,3.357343810654863,1.057535066247357e-05,2.8495629436501036e-05,8.201823026233933e-09,1.2280593078498575e-07,0.002477111467749539,2.983929280899855e-10,5.763448567288702e-06,3.857899123310001e-12,0.014336947613440667,-0.035663052386559334,1
352.5,261.7024973348205,255.9942540708629,0.002848435622890796,0.12248186856407219,500003000.0,3.367162752865232,1.0579444890462801e-05,2.8556922733465085e-05,8.188455978461769e-09,1.2258659392809966e-07,0.002479989609478376,3.012009054215769e-10,5.758511704871104e-06,3.878904610448959e-12,0.01432466692039147,-0.03567533307960853,1
353.0,261.68465966828074,255.62937570455114,0.002848179725696301,0.12267923345737236,500003000.0,3.376954741915611,1.0583532449223838e-05,2.8618106908058797e-05,8.175117522074122e-09,1.223683491874217e-07,0.002482865285995539,3.040226151431055e-10,5.753574886798863e-06,3.899916823662621e-12,0.014312386337673072,-0.03568761366232693,1
353.5,261.6668158614496,255.26483680052627,0.0028479265145878365,0.12287670465222844,500003000.0,3.386719499028838,1.0587613352998047e-05,2.8679182500462985e-05,8.161807548419962e-09,1.2215118480837865e-07,0.0024857384973151725,3.0685801830925387e-10,5.748638117307195e-06,3.920935037512461e-12,0.01430010587581879,-0.03569989412418122,1
354.0,261.64896591438753,254.90063731911133,0.0028476759826453727,0.12307428217708188,500003000.0,3.396456748878119,1.0591687615972766e-05,2.8740150045065097e-05,8.148525949437745e-09,1.2193508920422125e-07,0.0024886092434535773,3.09707075298558e-10,5.743701400627936e-06,3.941958527825348e-12,0.01428782554535354,-0.03571217445464646,1
354.5,261.63110982716023,254.53677722033748,0.002847428122984023,0.1232719660603256,500003000.0,3.4061662196116633,1.0595755252281595e-05,2.8801010070541583e-05,8.13527261765969e-09,1.2172005095297123e-07,0.0024914775244292155,3.125697458222086e-10,5.73876474099542e-06,3.962986571788773e-12,0.014275545356808451,-0.03572445464319155,1
355.0,261.61324759983864,254.1732564639432,0.002847182928759334,0.12346975633035578,500003000.0,3.415847642876426,1.0599816276004707e-05,2.8861763099938847e-05,8.122047446223475e-09,1.215060587945304e-07,0.0024943433402627156,3.1544598893294963e-10,5.733828142657611e-06,3.9840184480483434e-12,0.014263265320748566,-0.03573673467925144,1
355.5,261.595379232499,253.8100750093742,0.0028469403931619384,0.12366765301554232,500003000.0,3.4255007538408795,1.0603870701169134e-05,2.8922409650752734e-05,8.108850328853506e-09,1.2129310162777738e-07,0.0024972066909768743,3.1833576303405903e-10,5.728891609865742e-06,4.005053436801862e-12,0.01425098544774706,-0.03574901455225294,1
356.0,261.57750472522287,253.4472328157837,0.0028467005094132856,0.12386565614421519,500003000.0,3.4351252912168606,1.0607918541749056e-05,2.8982950235006604e-05,8.095681159845484e-09,1.2108116850774268e-07,0.002500067576596652,3.212390258884148e-10,5.7239551468662296e-06,4.026090819892967e-12,0.014238705748365131,-0.03576129425163487,1
356.5,261.55962407809704,253.08472984203138,0.0028464632707776794,0.12406376574470636,500003000.0,3.4447209972805903,1.0611959811666104e-05,2.9043385359328052e-05,8.082539834097297e-09,1.2087024864289313e-07,0.0025029259971491857,3.2415573462765144e-10,5.71901875792531e-06,4.047129880905565e-12,0.014226426233213291,-0.03577357376678671,1
357.0,261.5417372912137,252.72256604668357,0.0028462286705503814,0.12426198184532733,500003000.0,3.4542876178926507,1.061599452478964e-05,2.910371552502426e-05,8.069426247071855e-09,1.2066033139241759e-07,0.0025057819526637863,3.2708584576138367e-10,5.714082447305557e-06,4.068169905255235e-12,0.01421414691289294,-0.035785853087107064,1
357.5,261.52384436467014,252.36074138801217,0.002845996702069344,0.1244603044743485,500003000.0,3.4638249025171697,1.0620022694937053e-05,2.9163941228156045e-05,8.05634029482706e-09,1.2045140626357105e-07,0.0025086354431719435,3.3002931518651645e-10,5.7091462192898625e-06,4.0892101802798084e-12,0.014201867798056027,-0.03579813220194397,1
358.0,261.50594529856915,251.999255823995,0.002845767358702484,0.12465873366003906,500003000.0,3.473332604239955,1.0624044335874041e-05,2.922406295961061e-05,8.043281873976476e-09,1.202434629091299e-07,0.0025114864687073306,3.3298609819661537e-10,5.70421007815635e-06,4.110249995330639e-12,0.01418958889934265,-0.03581041110065735,1
358.5,261.4880400930188,251.63810931231615,0.0028455406338462833,0.12485726943061623,500003000.0,3.482810479785747,1.0628059461314882e-05,2.9284081205173018e-05,8.030250881682261e-09,1.200364911248203e-07,0.0025143350293057956,3.3595614949134664e-10,5.699274028176025e-06,4.1312886418601125e-12,0.014177310227375199,-0.0358226897726248,1
359.0,261.4701287481325,251.27730181036458,0.002845316520943233,0.12505591181430262,500003000.0,3.4922582895346728,1.0632068084922732e-05,2.9343996445596466e-05,8.017247215701173e-09,1.1983048084689607e-07,0.0025171811250053774,3.389394231859949e-10,5.694338073648136e-06,4.1523254135115265e-12,0.014165031792846332,-0.03583496820715367,1
359.5,261.4522112640289,250.91683327523464,0.002845095013461797,0.12525466083929118,500003000.0,3.501675797537605,1.0636070220309894e-05,2.940380915667131e-05,8.004270774324842e-09,1.1962542214968587e-07,0.0025200247558462992,3.41935872821024e-10,5.689402218860471e-06,4.173359606204869e-12,0.014152753606420201,-0.0358472463935798,1
360.0,261.4342876408321,250.55670366372507,0.0028448761049118315,0.12545351653373646,500003000.0,3.511062771530753,1.0640065881038104e-05,2.946351980929292e-05,7.99132145642005e-09,1.194213052432154e-07,0.002522865921870977,3.449454513717096e-10,5.684466468120629e-06,4.194390518222497e-12,0.014140475678810249,-0.03585952432118975,1
360.5,261.41635787867153,250.19691293233953,0.0028446597888305003,0.12565247892577755,500003000.0,3.5204189829492276,1.0644055080618797e-05,2.9523128869528372e-05,7.978399161385983e-09,1.192181204709056e-07,0.0025257046231240187,3.479681112578144e-10,5.679530825728276e-06,4.215417450294486e-12,0.014128198020710194,-0.03587180197928981,1
361.0,261.3984219776819,249.83746103728538,0.0028444460587961472,0.1258515480435343,500003000.0,3.5297442069398115,1.0648037832513393e-05,2.9582636798682022e-05,7.965503789190064e-09,1.1901585830729684e-07,0.0025285408596522297,3.510038043533267e-10,5.674595296003256e-06,4.236439705682239e-12,0.014115920642863945,-0.035884079357136056,1
361.5,261.3804799380033,249.47834793447416,0.00284423490841554,0.12605072391510228,500003000.0,3.5390382223727097,1.0652014150133558e-05,2.964204405335993e-05,7.95263524032908e-09,1.1881450935581743e-07,0.0025313746315046124,3.540524819962336e-10,5.669659883260542e-06,4.257456590260714e-12,0.014103643556003314,-0.03589635644399669,1
362.0,261.3625317597813,249.1195735795214,0.0028440263313270248,0.1262500065685263,500003000.0,3.5483008118524535,1.0655984046841476e-05,2.970135108553322e-05,7.939793415835057e-09,1.1861406434658099e-07,0.002534205938732368,3.571140949983437e-10,5.664724591816955e-06,4.27846741259893e-12,0.014091366770864712,-0.03590863322913529,1
362.5,261.3445774431667,248.76113792774595,0.002843820321205778,0.1264493960318615,500003000.0,3.557531761727935,1.065994753595012e-05,2.976055834260037e-05,7.926978217286839e-09,1.1841451413430344e-07,0.0025370347813889007,3.6018859365515453e-10,5.659789426002012e-06,4.299471484042033e-12,0.014079090298216135,-0.03592090970178387,1
363.0,261.32661698831583,248.40304093417012,0.0028436168717577326,0.126648892333106,500003000.0,3.5667308621014904,1.0663904630723515e-05,2.9819666267448446e-05,7.914189546790158e-09,1.1821584969615278e-07,0.0025398611595298178,3.6327592775574973e-10,5.654854390146236e-06,4.320468118788119e-12,0.0140668141488281,-0.0359331858511719,1
363.5,261.30865039539026,248.04528255351863,0.0028434159767267947,0.12684849550025132,500003000.0,3.575897906837151,1.0667855344377012e-05,2.9878675298513317e-05,7.901427306994675e-09,1.1801806212974323e-07,0.00254268507321294,3.663760465927369e-10,5.649919488595885e-06,4.341456633967582e-12,0.014054538333510263,-0.035945461666489736,1
364.0,261.290677664557,247.68786274021878,0.0028432176298864554,0.1270482055612601,500003000.0,3.5850326935679435,1.0671799690077545e-05,2.993758586983887e-05,7.88869140106767e-09,1.1782114265110788e-07,0.002545506522498298,3.694888989722086e-10,5.6449847256966496e-06,4.362436349718905e-12,0.014042262863070884,-0.03595773713692912,1
364.5,261.2726987959885,247.3307814484007,0.002843021825038249,0.12724802254404727,500003000.0,3.594135023702323,1.0675737680943887e-05,2.9996398411135228e-05,7.875981732686918e-09,1.1762508259271574e-07,0.0025483255074481336,3.7261443322373187e-10,5.64005010579103e-06,4.383406589263331e-12,0.014029987748310296,-0.035970012251689706,1
365.0,261.25471378986265,246.97403863189686,0.0028428285560178146,0.1274479464765198,500003000.0,3.603204702429779,1.0679669330046915e-05,3.0055113347836016e-05,7.863298206054598e-09,1.1742987340157806e-07,0.0025511420281269003,3.7575259721036634e-10,5.635115633230741e-06,4.404366678980214e-12,0.014017713000051764,-0.03598228699994824,1
365.5,261.2367226463627,246.61763424424157,0.002842637816694776,0.12764797738655465,500003000.0,3.6122415387255415,1.0683594650409862e-05,3.0113731101154688e-05,7.850640725894012e-09,1.1723550663734054e-07,0.00255395608460127,3.7890333833869965e-10,5.630181312376825e-06,4.425315948479115e-12,0.014005438629141753,-0.03599456137085825,1
366.0,261.21872536567724,246.26156823866998,0.0028424496009771356,0.12784811530199755,500003000.0,3.62124534535446,1.068751365500859e-05,3.0172252088139905e-05,7.838009197458769e-09,1.1704197397043107e-07,0.0025567676769401417,3.820666035689038e-10,5.625247147608725e-06,4.446253730671332e-12,0.013993164646472524,-0.03600683535352748,1
366.5,261.2007219480005,245.9058405681196,0.0028422639027884367,0.1280483602506568,500003000.0,3.630215938873875,1.0691426356771824e-05,3.0230676721730024e-05,7.825403526467004e-09,1.168492671802401e-07,0.00255957680521463,3.8524233942478877e-10,5.6203131432794626e-06,4.4671793618398145e-12,0.013980891062870615,-0.03601910893712939,1
367.0,261.1827123935319,245.55045118522872,0.0028420807160961905,0.12824871226032933,500003000.0,3.6391531396358703,1.0695332768581413e-05,3.0289005410806708e-05,7.812823619176927e-09,1.1665737815336494e-07,0.002562383469498076,3.8843049200389315e-10,5.615379303772253e-06,4.488092181709135e-12,0.013968617889237688,-0.03603138211076232,1
367.5,261.16469670247653,245.19540004233653,0.002841900034895422,0.12844917135875744,500003000.0,3.6480567717885086,1.0699232903272582e-05,3.0347238560247622e-05,7.80026938233865e-09,1.1646629888182978e-07,0.0025651876698660485,3.9163100698756116e-10,5.610445633468326e-06,4.508991533511683e-12,0.013956345136470467,-0.036043654863529534,1
368.0,261.14667487504477,244.84068709148283,0.0028417218532117497,0.12864973757367532,500003000.0,3.656926663276293,1.0703126773634182e-05,3.040537657097833e-05,7.787740723199895e-09,1.1627602146141634e-07,0.0025679894063963455,3.948438296510331e-10,5.60551213675336e-06,4.52987676405556e-12,0.013944072815476766,-0.03605592718452324,1
368.5,261.1286469114525,244.48631228440797,0.0028415461651013483,0.12885041093278574,500003000.0,3.665762645839786,1.0707014392408934e-05,3.0463419840023315e-05,7.775237549503153e-09,1.1608653808996901e-07,0.0025707886791689998,3.980689048735341e-10,5.600578818017806e-06,4.550747223788885e-12,0.013931800937176265,-0.03606819906282374,1
369.0,261.1106128119211,244.13227557255246,0.0028413729646509034,0.1290511914637362,500003000.0,3.6745645550144204,1.0710895772293675e-05,3.0521368760556184e-05,7.762759769482818e-09,1.1589784106573315e-07,0.0025735854882662722,4.0130617714836254e-10,5.595645681657123e-06,4.571602266862783e-12,0.013919529512501128,-0.03608047048749888,1
369.5,261.09257257667736,243.7785769070566,0.0028412022459794483,0.1292520791941799,500003000.0,3.683332230128487,1.0714770925939608e-05,3.057922372194908e-05,7.75030729186746e-09,1.1570992278579493e-07,0.0025763798337726674,4.045555905929726e-10,5.590712732075758e-06,4.5924412511957826e-12,0.013907258552405873,-0.036092741447594126,1
370.0,261.07452620595353,243.42521623876019,0.0028410340032363392,0.12945307415171187,500003000.0,3.692065514300321,1.0718639865952544e-05,3.063698510982131e-05,7.737880025871577e-09,1.1552277574444982e-07,0.002579171715774927,4.0781708895904976e-10,5.585779973683489e-06,4.613263538532833e-12,0.013894988067858298,-0.0361050119321417,1
370.5,261.05647369998746,243.07219351820328,0.0028408682305926434,0.12965417636389107,500003000.0,3.700764254434634,1.072250260489313e-05,3.069465330608715e-05,7.725477881169554e-09,1.153363925316724e-07,0.0025819611343620304,4.110906156425677e-10,5.580847410878889e-06,4.6340684945057175e-12,0.013882718069798343,-0.03611728193020166,1
371.0,261.0384150590224,242.71950869562463,0.0028407049222601835,0.12985538585826623,500003000.0,3.7094283012181917,1.0726359155277101e-05,3.0752228689002956e-05,7.71310076794479e-09,1.1515076583161943e-07,0.0025847480896252014,4.1437611369384705e-10,5.575915048087052e-06,4.654855488692426e-12,0.013870448569231926,-0.03612955143076808,1
371.5,261.020350283307,242.36716172096146,0.002840544072480282,0.13005670266234853,500003000.0,3.718057509114607,1.073020952957553e-05,3.0809711633213514e-05,7.700748596856356e-09,1.1496588842111763e-07,0.002587532581657917,4.1767352582758547e-10,5.570982889737817e-06,4.675623894673297e-12,0.013858179577176777,-0.036141820422823226,1
372.0,261.0022793730956,242.01515254385072,0.0028403856755120295,0.1302581268035973,500003000.0,3.7266517363583045,1.0734053740215033e-05,3.086710250979761e-05,7.688421279004685e-09,1.1478175316819167e-07,0.0025903146105558947,4.2098279443286095e-10,5.5660509402431165e-06,4.696373090086167e-12,0.013845911104606099,-0.036154088895393906,1
372.5,260.9842023286479,241.66348111362723,0.0028402297256559877,0.1304596583094573,500003000.0,3.7352108449479138,1.073789179957803e-05,3.092440168631294e-05,7.676118725993193e-09,1.1459835303066201e-07,0.0025930941764171042,4.2430386158313426e-10,5.561119204043789e-06,4.717102456682123e-12,0.013833643162565008,-0.03616635683743499,1
373.0,260.9661191502292,241.31214737932456,0.00284007621723378,0.13066129720733313,500003000.0,3.7437347006387185,1.0741723720002964e-05,3.0981609526840297e-05,7.663840849870433e-09,1.1441568105471816e-07,0.0025958712793417685,4.276366690462037e-10,5.556187685569904e-06,4.737811380377552e-12,0.01382137576207185,-0.036178624237928156,1
373.5,260.94802983811024,240.96115128967378,0.0028399251446038338,0.13086304352459963,500003000.0,3.752223172934502,1.074554951378455e-05,3.103872639202707e-05,7.651587563170082e-09,1.1423373037354875e-07,0.0025986459194323685,4.3098115829414786e-10,5.5512563892719134e-06,4.758499251306248e-12,0.013809108914195683,-0.03619089108580432,1
374.0,260.92993439256736,240.61049279310413,0.002839776502146208,0.131064897288589,500003000.0,3.7606761350785503,1.0749369193173983e-05,3.109575263913006e-05,7.639358778867438e-09,1.1405249420597791e-07,0.00260141809679364,4.3433727051322546e-10,5.546325319591279e-06,4.779165463869195e-12,0.013796842629983205,-0.036203157370016795,1
374.5,260.91183281388237,240.26017183774238,0.002839630284272565,0.13126685852661266,500003000.0,3.7690934640440084,1.0753182770379184e-05,3.115268862205764e-05,7.627154410403858e-09,1.1387196585515617e-07,0.0026041878115325794,4.377049466137484e-10,5.541394480980337e-06,4.799809416784292e-12,0.013784576920508189,-0.03621542307949181,1
375.0,260.8937251023426,239.91018837141243,0.002839486485424708,0.1314689272659254,500003000.0,3.7774750405235054,1.0756990257565025e-05,3.1209534691411256e-05,7.614974371680223e-09,1.136921387072292e-07,0.002606955063758448,4.410841272399182e-10,5.536463877899695e-06,4.820430513132745e-12,0.013772311796864986,-0.03622768820313502,1
375.5,260.87561125824107,239.5605423416361,0.002839345100064047,0.1316711035337683,500003000.0,3.785820748918019,1.0760791666853538e-05,3.1266291194526305e-05,7.6028185770263e-09,1.1351300623009418e-07,0.002609719853582763,4.4447475277961604e-10,5.5315335147980725e-06,4.841028160406653e-12,0.013760047270118396,-0.036239952729881605,1
376.0,260.85749128187615,239.2112336956316,0.00283920612269126,0.1318733873573305,500003000.0,3.7941304773251785,1.0764587010324162e-05,3.132295847551236e-05,7.590686941250914e-09,1.1333456197211581e-07,0.002612482181119314,4.478767633741665e-10,5.5266033961508885e-06,4.8616017705527244e-12,0.013747783351399642,-0.03625221664860036,1
376.5,260.83936517355187,238.86226238031372,0.0028390695478303133,0.13207577876378282,500003000.0,3.80240411752676,1.076837630001396e-05,3.137953687529282e-05,7.578579379596696e-09,1.1315679956092147e-07,0.0026152420464841597,4.512900989280431e-10,5.5216735264294464e-06,4.882150760016831e-12,0.013735520051829722,-0.03626447994817028,1
377.0,260.8212329335778,238.51362834229394,0.002838935370032416,0.1322782777802397,500003000.0,3.8106415649755587,1.0772159547917834e-05,3.14360267316439e-05,7.566495807748271e-09,1.1297971270216388e-07,0.0026179994497956298,4.547146991185323e-10,5.516743910108955e-06,4.902674549784892e-12,0.013723257382539364,-0.03627674261746064,1
377.5,260.80309456226905,238.16533152787997,0.002838803583876065,0.13248088443379036,500003000.0,3.8188427187816085,1.0775936765988748e-05,3.1492428379233076e-05,7.554436141829979e-09,1.1280329517835984e-07,0.002620754391174325,4.581505034053503e-10,5.511814551668914e-06,4.923172565424737e-12,0.013710995354669986,-0.03628900464533002,1
378.0,260.78495005994637,237.81737188307568,0.002838674183966966,0.13268359875148378,500003000.0,3.827007481697745,1.077970796613795e-05,3.154874214965693e-05,7.542400298403297e-09,1.1262754084771488e-07,0.0026235068707431233,4.615974510402067e-10,5.506885455593281e-06,4.943644237125056e-12,0.0136987339793741,-0.0363012660206259,1
378.5,260.7667994269361,237.46974935358128,0.0028385471649344705,0.13288642076033386,500003000.0,3.83513576010451,1.0783473160235178e-05,3.160496837147843e-05,7.530388194455038e-09,1.124524436429849e-07,0.002626256888627174,4.650554810763138e-10,5.501956626363869e-06,4.964088999733657e-12,0.013686473267798904,-0.0363135267322011,1
379.0,260.74864266356997,237.12246388479167,0.002838422521447234,0.13308935048731801,500003000.0,3.843227463994535,1.0787232360108897e-05,3.166110737026361e-05,7.518399747436467e-09,1.122779975703537e-07,0.002629004444953914,4.685245323778508e-10,5.497028068490959e-06,4.984506292794279e-12,0.013674213231162418,-0.03632578676883758,1
379.5,260.7304797701855,236.77551542179765,0.0028383002481890134,0.1332923879593673,500003000.0,3.8512825069561267,1.0790985577546496e-05,3.171715946861777e-05,7.506434875196795e-09,1.1210419670832387e-07,0.0026317495398530586,4.720045436293501e-10,5.492099786466699e-06,5.004895560581543e-12,0.01366195388063758,-0.03633804611936242,1
380.0,260.71231074712585,236.4289039093857,0.002838180339869828,0.1334955332033855,500003000.0,3.8593008061563787,1.0794732824294501e-05,3.1773124986221096e-05,7.494493496010577e-09,1.1193103520665134e-07,0.002634492173456604,4.754954533450385e-10,5.4871717847870925e-06,5.025256252135758e-12,0.013649695227406916,-0.03635030477259309,1
380.5,260.6941355947396,236.0826292920368,0.002838062791234456,0.1336987862462268,500003000.0,3.8672822823237203,1.07984741120588e-05,3.1829004239863726e-05,7.482575528597745e-09,1.1175850728526626e-07,0.0026372323458988363,4.789971998781179e-10,5.482244067968629e-06,5.045587821294968e-12,0.01363743728270394,-0.036362562717296064,1
381.0,260.67595431338094,235.7366915139267,0.0028379475970510388,0.13390214711471007,500003000.0,3.875226859729779,1.0802209452504846e-05,3.188479754348035e-05,7.470680892091219e-09,1.115866072332419e-07,0.0026399700573163294,4.825097214299724e-10,5.477316640526569e-06,5.065889726726826e-12,0.013625180057759112,-0.03637481994224089,1
381.5,260.6577669034098,235.39109051892584,0.0028378347521115714,0.13410561583563324,500003000.0,3.88313446617073,1.0805938857257863e-05,3.194050520818424e-05,7.458809506035998e-09,1.1141532940778215e-07,0.002642705307847947,4.860329560593129e-10,5.472389506976188e-06,5.086161431959221e-12,0.013612923563802953,-0.03638707643619705,1
382.0,260.6395733651917,235.04582625059913,0.0028377242512347065,0.13430919243572528,500003000.0,3.8910050329480894,1.0809662337903061e-05,3.1996127542300834e-05,7.446961290394306e-09,1.1124466823317977e-07,0.002645438097634848,4.895668416912546e-10,5.467462671838475e-06,5.106402405407426e-12,0.013600667812080202,-0.0363993321879198,1
382.5,260.6213736990978,234.70089865220595,0.002837616089263845,0.1345128769416802,500003000.0,3.8988384948489605,1.081337990598583e-05,3.205166485140076e-05,7.435136165538349e-09,1.110746181998555e-07,0.0026481684268204785,4.931113161263248e-10,5.462536139636728e-06,5.126612120402794e-12,0.013588412813841363,-0.03641158718615864,1
383.0,260.6031679055047,234.3563076666991,0.0028375102610748238,0.1347166693801762,500003000.0,3.9066347901257763,1.0817091573011965e-05,3.2107117438332465e-05,7.423334052268227e-09,1.109051738634028e-07,0.0026508962955505895,4.966663170494023e-10,5.457609914911632e-06,5.146790055219675e-12,0.013576158580380197,-0.03642384141961981,1
383.5,260.5849559847949,234.012053236726,0.002837406761557585,0.13492056977781808,500003000.0,3.9143938604754207,1.0820797350447846e-05,3.2162485603254264e-05,7.411554871761754e-09,1.1073632984359199e-07,0.0026536217039732223,5.002317820385687e-10,5.4526840021862554e-06,5.1669356930982264e-12,0.01356390512294666,-0.03643609487705334,1
384.0,260.5667379373563,233.66813530462682,0.002837305585640895,0.13512457816119747,500003000.0,3.922115651018016,1.0824497249720664e-05,3.2217769643666005e-05,7.399798545636921e-09,1.1056808082348057e-07,0.002656344652238727,5.038076485739092e-10,5.44775840601386e-06,5.187048522270313e-12,0.013551652452865832,-0.03644834754713417,1
384.5,260.5485137635828,233.32455381243625,0.0028372067282632506,0.13532869455684585,500003000.0,3.9298001102749938,1.0828191282218601e-05,3.227296985444023e-05,7.388064995873794e-09,1.1040042154845873e-07,0.002659065140499749,5.073938540462054e-10,5.442833130922287e-06,5.207128035980048e-12,0.013539400581399573,-0.03646059941860043,1
385.0,260.5302834638735,232.98130870188135,0.002837110184404245,0.13553291899125786,500003000.0,3.937447190146923,1.0831879459291049e-05,3.2328086527852916e-05,7.376354144894114e-09,1.1023334682536462e-07,0.002661783168911243,5.109903357655838e-10,5.43790818147442e-06,5.227173732505924e-12,0.013527149519896923,-0.03647285048010308,1
385.5,260.51204703863345,232.63839991438215,0.0028370159490617875,0.13573725149089577,500003000.0,3.945056845890676,1.08355617922488e-05,3.238311995361372e-05,7.364665915499778e-09,1.1006685152160014e-07,0.0026644987376304723,5.145970309700563e-10,5.432983562224722e-06,5.2471851151806795e-12,0.01351489927968599,-0.03648510072031401,1
386.0,260.49380448827327,232.29582739105172,0.0028369240172569764,0.1359416920821736,500003000.0,3.9526290360962064,1.0839238292364242e-05,3.243807041889584e-05,7.353000230883481e-09,1.0990093056424825e-07,0.002667211846817007,5.182138768339887e-10,5.428059277728878e-06,5.267161692409385e-12,0.013502649872097943,-0.03649735012790206,1
386.5,260.4755558132093,231.95359107269644,0.0028368343840305334,0.13614624079144894,500003000.0,3.960163722662858,1.084290897087155e-05,3.249293820836545e-05,7.341357014617458e-09,1.097355789392109e-07,0.002669922496632724,5.218408104764855e-10,5.423135332537269e-06,5.2871029776865026e-12,0.013490401308450759,-0.036509598691549246,1
387.0,260.45730101386357,231.61169089981465,0.0028367470444589167,0.13635089764506111,500003000.0,3.9676608707753274,1.0846573838966896e-05,3.254772360421065e-05,7.329736190693045e-09,1.0957079169039609e-07,0.0026726306872418165,5.254777689696994e-10,5.418211731226003e-06,5.307008489613484e-12,0.013478153600126436,-0.03652184639987357,1
387.5,260.43904009066364,231.27012681259674,0.0028366619936397463,0.1365556626692867,500003000.0,3.9751204488790948,1.0850232907808636e-05,3.260242688617007e-05,7.31813768348083e-09,1.0940656391885803e-07,0.002675336418810794,5.291246893470407e-10,5.413288478369288e-06,5.326877751912054e-12,0.013465906758502257,-0.03653409324149774,1
388.0,260.4207730440429,230.92889875092567,0.002836579226689687,0.1367605358903661,500003000.0,3.982542428655459,1.0853886188517497e-05,3.265704833156107e-05,7.306561417723248e-09,1.0924289078200449e-07,0.002678039691508483,5.327815086113027e-10,5.408365578535698e-06,5.346710293438874e-12,0.01345366079494151,-0.036546339205058495,1
388.5,260.40249987444037,230.58800665437587,0.002836498738756542,0.13696551733450332,500003000.0,3.9899267849962508,1.0857533692176779e-05,3.2711588215307475e-05,7.295007318563669e-09,1.0907976749279855e-07,0.002680740505506028,5.364481637427074e-10,5.403443036311456e-06,5.366505648198155e-12,0.01344141572085139,-0.03655858427914861,1
389.0,260.38422058230077,230.24745046221392,0.0028364205250055634,0.1371706070278484,500003000.0,3.997273495978062,1.0861175429832533e-05,3.276604680996696e-05,7.283475311509171e-09,1.0891718931896064e-07,0.0026834388609768933,5.401245917068486e-10,5.398520856274628e-06,5.386263355352311e-12,0.013429171547618825,-0.036570828452381174,1
389.5,260.3659351680746,229.90723011339833,0.0028363445806249906,0.13737580499650204,500003000.0,4.004582542836155,1.0864811412493754e-05,3.2820424385758056e-05,7.271965322442817e-09,1.087551515822014e-07,0.0026861347580968637,5.438107294625514e-10,5.3935990430059245e-06,5.405982959232349e-12,0.01341692828663733,-0.03658307171336267,1
390.0,260.3476436322179,229.56734554657808,0.002836270900839099,0.1375811112665355,500003000.0,4.011853909938066,1.0868441651132581e-05,3.287472121058679e-05,7.260477277655028e-09,1.0859364965747757e-07,0.002688828197044054,5.475065139696483e-10,5.3886776011137135e-06,5.425664009347709e-12,0.01340468594936924,-0.03659531405063076,1
390.5,260.3293459751926,229.22779670009425,0.00283619948087943,0.13778652586395726,500003000.0,4.019087584756686,1.0872066156684465e-05,3.29289375500729e-05,7.249011103767931e-09,1.0843267897222279e-07,0.002691519177998901,5.512118821966372e-10,5.3837565351796155e-06,5.445306060392797e-12,0.013392444547210364,-0.03660755545278964,1
391.0,260.31104219746624,228.88858351197845,0.002836130316012952,0.13799204881475804,500003000.0,4.026283557843206,1.0875684940048369e-05,3.298307366757573e-05,7.237566727805491e-09,1.082722350056478e-07,0.002694207701144174,5.549267711282736e-10,5.378835849812234e-06,5.464908672255521e-12,0.013380204091623644,-0.03661979590837636,1
391.5,260.29273229951207,228.5497059199533,0.0028360634015246874,0.1381976801448516,500003000.0,4.033441822799604,1.0879298012086942e-05,3.3037129824219716e-05,7.2261440771471025e-09,1.0811231328797759e-07,0.0026968937666649695,5.586511177730498e-10,5.373915549614399e-06,5.484471410020739e-12,0.013367964594057685,-0.036632035405942315,1
392.0,260.2744162818091,228.21116386143225,0.00283599873272279,0.13840341988012228,500003000.0,4.040562376250848,1.0882905383626711e-05,3.30911062789196e-05,7.2147430795386614e-09,1.0795290939977761e-07,0.0026995773747487185,5.623848591705822e-10,5.368995639193051e-06,5.5039938439765e-12,0.013355726065971326,-0.03664427393402868,1
392.5,260.2560941448421,227.8729572735189,0.0028359363049426795,0.13860926804640625,500003000.0,4.047645217816843,1.0886507065458261e-05,3.314500328840523e-05,7.203363663101124e-09,1.0779401897124452e-07,0.0027022585255851877,5.661279323989076e-10,5.364076123167292e-06,5.5234755496168955e-12,0.01334348851885367,-0.036656511481146334,1
393.0,260.2377658891015,227.53508609300752,0.0028358761135361603,0.13881522466950125,500003000.0,4.054690350083999,1.0890103068336412e-05,3.3198821107245995e-05,7.192005756300965e-09,1.0763563768152823e-07,0.0027049372193664782,5.698802745816707e-10,5.359157006148037e-06,5.5429161076446685e-12,0.013331251964173474,-0.03666874803582653,1
393.5,260.2194315150836,227.1975502563829,0.0028358181538787703,0.13902128977513475,500003000.0,4.061697778576601,1.0893693402980395e-05,3.325255998787501e-05,7.180669287966992e-09,1.0747776125803706e-07,0.002707613456287027,5.736418228952227e-10,5.354238292752162e-06,5.562315103971448e-12,0.013319016413414337,-0.03668098358658567,1
394.0,260.2010910232903,226.86034969981938,0.0028357624213748178,0.13922746338900413,500003000.0,4.068667511727908,1.0897278080074046e-05,3.3306220180612914e-05,7.169354187301144e-09,1.0732038547580415e-07,0.002710287236543615,5.774125145756224e-10,5.349319987612205e-06,5.581672129719479e-12,0.013306781878098835,-0.03669321812190117,1
394.5,260.1827444142294,226.5234843591819,0.002835708911440793,0.13943374553676446,500003000.0,4.075599560850906,1.0900857110265963e-05,3.335980193369133e-05,7.158060383834718e-09,1.0716350615682816e-07,0.002712958560335358,5.811922869255242e-10,5.344402095345326e-06,5.600986781220324e-12,0.013294548369711296,-0.03670545163028871,1
395.0,260.16439168841424,226.18695417002428,0.0028356576195291204,0.13964013624401636,500003000.0,4.082493940108972,1.0904430504169706e-05,3.341330549327604e-05,7.146787807486459e-09,1.0700711916942468e-07,0.0027156274278637236,5.849810773209853e-10,5.339484620598273e-06,5.6202586600127206e-12,0.013282315899809676,-0.03671768410019033,1
395.5,260.14603284636416,225.85075906759033,0.0028356085411031145,0.13984663553629775,500003000.0,4.089350666486138,1.0907998272363955e-05,3.3466731103489836e-05,7.135536388497539e-09,1.0685122042759115e-07,0.0027182938393325203,5.887788232181509e-10,5.334567568000445e-06,5.639487372839358e-12,0.013270084479908784,-0.03672991552009122,1
396.0,260.1276678886041,225.5148989868128,0.002835561671656741,0.1400532434391327,500003000.0,4.096169759757271,1.0911560425392695e-05,3.3520079006435045e-05,7.124306057479517e-09,1.0669580589042214e-07,0.00272095779494791,5.925854621598585e-10,5.329650942201293e-06,5.658672531644967e-12,0.013257854121573322,-0.03674214587842668,1
396.5,260.1092968156649,225.1793738623146,0.0028355170066923694,0.140259959977956,500003000.0,4.102951242457912,1.0915116973765373e-05,3.357334944221577e-05,7.113096745356654e-09,1.0654087156144774e-07,0.0027236192949183923,5.96400931782117e-10,5.324734747828745e-06,5.6778137535686435e-12,0.013245624836314467,-0.036754375163685536,1
397.0,260.09091962808304,224.84418362840705,0.0028354745417499597,0.1404667851781893,500003000.0,4.109695139854092,1.0918667927957092e-05,3.362654264895981e-05,7.101908383437356e-09,1.0638641348808803e-07,0.0027262783394548275,6.00225169820512e-10,5.319818989544236e-06,5.696910660941066e-12,0.013233396635726771,-0.03676660336427323,1
397.5,260.0725363264009,224.50932821909055,0.0028354342723825227,0.14067371906518264,500003000.0,4.116401479911776,1.0922213298408768e-05,3.3679658862840324e-05,7.0907409033507785e-09,1.0623242776102301e-07,0.002728934928770426,6.04058114116483e-10,5.314903671996826e-06,5.715962881275515e-12,0.013221169531374,-0.036778830468626005,1
398.0,260.0541469111666,224.1748075680546,0.0028353961941640464,0.14088076166424515,500003000.0,4.123070293266243,1.0925753095527301e-05,3.373269831809714e-05,7.079594237065026e-09,1.060789105136346e-07,0.0027315890630807494,6.07899702623509e-10,5.309988799838336e-06,5.734970047261422e-12,0.013208943534826819,-0.03679105646517318,1
398.5,260.035751382934,223.84062160867697,0.002835360302695334,0.14108791300063372,500003000.0,4.129701613191287,1.0929287329685752e-05,3.378566124705786e-05,7.068468316899892e-09,1.0592585792142882e-07,0.0027342407426037196,6.117498734131939e-10,5.305074377734452e-06,5.753931796755437e-12,0.01319671865769039,-0.03680328134230961,1
399.0,260.01734974226287,223.50677027402432,0.0028353265935921568,0.1412951730995492,500003000.0,4.136295475568211,1.09328160112235e-05,3.3838547880158596e-05,7.0573630754955774e-09,1.0577326620147211e-07,0.002736889967559611,6.15608564681238e-10,5.300160410342781e-06,5.772847772771765e-12,0.013184494911549792,-0.03681550508845021,1
399.5,259.9989419897186,223.1732534968508,0.0028352950625024375,0.14150254198617318,500003000.0,4.1428519188547765,1.0936339150446427e-05,3.389135844596453e-05,7.0462784458537085e-09,1.0562113161186481e-07,0.002739536738171069,6.194757147533205e-10,5.29524690234516e-06,5.791717623473302e-12,0.013172272308050391,-0.03682772769194961,1
400.0,259.98052812587264,222.84007120959984,0.0028352657050778923,0.14171001968558766,500003000.0,4.149370984053855,1.0939856757627059e-05,3.39440931711901e-05,7.035214361265141e-09,1.0546945045114333e-07,0.0027421810546630885,6.233512620908545e-10,5.290333858394915e-06,5.810541002157283e-12,0.013160050858766655,-0.03683994914123335,1
400.5,259.962108151302,222.5072233444023,0.002835238517006686,0.14191760622285535,500003000.0,4.155852714682163,1.0943368843004753e-05,3.3996752280719006e-05,7.024170755389368e-09,1.0531821905780095e-07,0.0027448229172630334,6.272351452966683e-10,5.285421283178026e-06,5.8293175672463695e-12,0.013147830575354279,-0.036852169424645725,1
401.0,259.9436820665897,222.17470983307751,0.002835213493986439,0.14212530162298342,500003000.0,4.162297156738696,1.0946875416785847e-05,3.4049335997623874e-05,7.013147562185847e-09,1.0516743380973717e-07,0.0027474623262006303,6.311273031205537e-10,5.280509181362967e-06,5.84804698227425e-12,0.01313561146942544,-0.03686438853057456,1
401.5,259.9252498723244,221.8425306071318,0.002835190631748926,0.14233310591093012,500003000.0,4.1687043586732315,1.0950376489143833e-05,3.410184454318575e-05,7.002144715973431e-09,1.0501709112374525e-07,0.002750099281707975,6.350276744647375e-10,5.275597557646922e-06,5.8667289158723085e-12,0.013123393552663733,-0.03687660644733627,1
402.0,259.90681156910074,221.51068559775982,0.0028351699260316934,0.14254101911158812,500003000.0,4.175074371354542,1.0953872070219513e-05,3.4154278136913246e-05,6.991162151358538e-09,1.0486718745499137e-07,0.0027527337840195306,6.389361983892172e-10,5.270686416703146e-06,5.885363041754261e-12,0.013111176836693259,-0.036888823163306744,1
402.5,259.8883671575191,221.17917473584347,0.0028351513726022817,0.1427490412498109,500003000.0,4.181407248038727,1.0957362170121159e-05,3.4206636996561514e-05,6.980199803293354e-09,1.0471771929653226e-07,0.0027553658333721275,6.428528141170241e-10,5.265775763226238e-06,5.903949038701986e-12,0.013098961333191215,-0.036901038666808786,1
403.0,259.8699166381857,220.84799795195204,0.0028351349672457427,0.1429571723503985,500003000.0,4.187703044337331,1.096084679892468e-05,3.425892133815092e-05,6.9692576070433185e-09,1.0456868317881195e-07,0.0027579954300049714,6.467774610393607e-10,5.260865601909123e-06,5.92248659054877e-12,0.013086747053830653,-0.03691325294616935,1
403.5,259.8514600117126,220.5171551763417,0.002835120705771052,0.14316541243810132,500003000.0,4.193961818185473,1.096432596667378e-05,3.431113137598551e-05,6.958335498201267e-09,1.0442007566917925e-07,0.0027606225741596433,6.507100787206461e-10,5.255955937455122e-06,5.940975386162635e-12,0.013074534010310496,-0.03692546598968951,1
404.0,259.83299727871776,220.1866463389562,0.0028351085839994385,0.1433737615375963,500003000.0,4.200183629809858,1.096779968338011e-05,3.4363267322671204e-05,6.947433412657173e-09,1.0427189337139421e-07,0.002763247266080096,6.546506069034449e-10,5.251046774556537e-06,5.959415119427728e-12,0.01306232221430228,-0.036937677785697724,1
404.5,259.8145284398249,219.85647136942654,0.0028350985977736273,0.14358221967353307,500003000.0,4.206368541696799,1.097126795902342e-05,3.44153293891338e-05,6.936551286619278e-09,1.0412413292518901e-07,0.0027658695060126543,6.585989855133051e-10,5.246138117911997e-06,5.977805489227777e-12,0.013050111677493283,-0.036949888322506716,1
405.0,259.79605349566367,219.52663019706984,0.0028350907429666515,0.1437907868704984,500003000.0,4.212516618560231,1.0974730803551736e-05,3.446731778463669e-05,6.925689056633915e-09,1.0397679100578117e-07,0.00276848929420603,6.62555154663493e-10,5.241229972242882e-06,5.996146199425699e-12,0.013037902411627398,-0.03696209758837261,1
405.5,259.7775724468695,219.1971227508905,0.0028350850154582113,0.14399946315301823,500003000.0,4.21862792730958,1.09781882268815e-05,3.45192327167984e-05,6.914846659526165e-09,1.0382986432341967e-07,0.00277110663091131,6.66519054659608e-10,5.23632234224983e-06,6.014436958843822e-12,0.013025694428396933,-0.03697430557160307,1
406.0,259.7590852940837,218.8679489595792,0.0028350814111557676,0.1442082485455737,500003000.0,4.224702537017743,1.0981640238897724e-05,3.4571074391609875e-05,6.9040240324497945e-09,1.0368334962294685e-07,0.0027737215163819626,6.704906260041157e-10,5.231415232651887e-06,6.032677481244107e-12,0.01301348773954,-0.03698651226046,1
406.5,259.7405920379535,218.53910875151303,0.0028350799259853044,0.14441714307259626,500003000.0,4.230740518888992,1.0985086849454156e-05,3.462284301345155e-05,6.893221112863108e-09,1.0353724368335358e-07,0.002776333950873844,6.744698094007644e-10,5.226508648169636e-06,6.050867485306809e-12,0.01300128235679855,-0.03699871764320145,1
407.0,259.7220926791319,218.21060205475567,0.002835080555888393,0.1446261467584407,500003000.0,4.236741946226879,1.0988528068373416e-05,3.467453878511021e-05,6.8824378385202905e-09,1.0339154331732735e-07,0.0027789439346451897,6.784565457589019e-10,5.221602593519962e-06,6.069006694607677e-12,0.01298907829190535,-0.037010921708094655,1
407.5,259.70358721827785,217.88242879705697,0.0028350832968285344,0.14483525962743304,500003000.0,4.242706894402182,1.0991963905447158e-05,3.4726161907795635e-05,6.871674147485285e-09,1.032462453708553e-07,0.0027815514679566233,6.824507761976952e-10,5.2166970734279476e-06,6.087094837597382e-12,0.012976875556613572,-0.03702312444338643,1
408.0,259.68507565605614,217.55458890585274,0.0028350881447900852,0.14504448170382678,500003000.0,4.2486354408208475,1.0995394370436222e-05,3.477771258115702e-05,6.860929978127582e-09,1.0310134672277434e-07,0.00278415655107116,6.864524420502442e-10,5.211792092625029e-06,6.105131647576819e-12,0.0129646741626922,-0.0370353258373078,1
408.5,259.6665579931375,217.227082308265,0.002835095095772445,0.1452538130118396,500003000.0,4.254527664891954,1.0998819473070775e-05,3.482919100329921e-05,6.850205269106659e-09,1.0295684428438e-07,0.0027867591842541976,6.90461484867595e-10,5.206887655838511e-06,6.123116862674843e-12,0.012952474121899964,-0.037047525878100035,1
409.0,259.64803423019845,216.89990893110195,0.0028351041457941773,0.14546325357559678,500003000.0,4.260383647995709,1.1002239223050464e-05,3.48805973707987e-05,6.83949995938046e-09,1.0281273499898167e-07,0.0027893593677735273,6.944778464226497e-10,5.201983767799332e-06,6.141050225821901e-12,0.012940275446004646,-0.03705972455399536,1
409.5,259.62950436792147,216.57306870085682,0.0028351152909004773,0.14567280341920966,500003000.0,4.266203473451538,1.1005653630044575e-05,3.4931931878719476e-05,6.828813988221831e-09,1.026690158415505e-07,0.002791957101899335,6.985014687139899e-10,5.197080433255897e-06,6.1589314847282764e-12,0.012928078146817484,-0.03707192185318252,1
410.0,259.61096840699486,216.2465615437085,0.002835128527150912,0.14588246256671958,500003000.0,4.271987226486153,1.100906270369217e-05,3.498319472062862e-05,6.818147295187425e-09,1.0252568381828695e-07,0.0027945523869042045,7.025322939695815e-10,5.192177656951759e-06,6.176760391856532e-12,0.01291588223613766,-0.03708411776386234,1
410.5,259.59242634811295,215.92038738552242,0.0028351438506128506,0.14609223104208297,500003000.0,4.277734994201653,1.101246645360222e-05,3.503438608861173e-05,6.8074998201005905e-09,1.0238273596622158e-07,0.002797145223063105,7.06570264650383e-10,5.1872754436138366e-06,6.194536704394987e-12,0.012903687725722996,-0.03709631227427701,1
411.0,259.57387819197584,215.59454615184842,0.0028351612573909663,0.14630210886924735,500003000.0,4.283446865543853,1.101586488935378e-05,3.5085506173288167e-05,6.796871503120685e-09,1.0224016935287918e-07,0.0027997356106534083,7.106153234538787e-10,5.182373798006521e-06,6.212260184234354e-12,0.012891494627424543,-0.03710850537257546,1
411.5,259.55532393928956,215.26903776792196,0.0028351807435973856,0.14651209607207938,500003000.0,4.289122931270492,1.1019258020496115e-05,3.5136555163826094e-05,6.786262284669899e-09,1.0209798107585404e-07,0.0028023235499548883,7.146674133174824e-10,5.177472724877237e-06,6.229930597937916e-12,0.012879302953051152,-0.03712069704694885,1
412.0,259.5367635907661,214.9438621586637,0.002835202305364544,0.14672219267437364,500003000.0,4.2947632839196235,1.1022645856548846e-05,3.518753324795731e-05,6.775672105462713e-09,1.0195616826244324e-07,0.0028049090412497132,7.187264774218621e-10,5.172572228980138e-06,6.24754771671445e-12,0.012867112714428433,-0.03713288728557157,1
412.5,259.5181971471233,214.61901924867945,0.002835225938843152,0.14693239869989427,500003000.0,4.300368017778075,1.1026028407002095e-05,3.5238440611991964e-05,6.765100906499543e-09,1.0181472806930562e-07,0.002807492084822458,7.227924591941645e-10,5.167672315072541e-06,6.265111316391924e-12,0.012854923923389874,-0.03714507607661013,1
413.0,259.499624609085,214.29450896226,0.0028352516402021313,0.1471427141723381,500003000.0,4.305937228849997,1.1029405681316628e-05,3.5289277440833e-05,6.754548629065177e-09,1.0167365768207684e-07,0.002810072680960098,7.268653023111428e-10,5.1627729879149916e-06,6.282621177387696e-12,0.012842736591777012,-0.03715726340822299,1
413.5,259.4810459773809,213.97033122338146,0.002835279405625225,0.1473531391153279,500003000.0,4.311471014825492,1.1032777688923988e-05,3.5340043917990505e-05,6.744015214719268e-09,1.0153295431500895e-07,0.0028126508299520093,7.309449507021845e-10,5.157874252265235e-06,6.300077084679359e-12,0.012830550731424424,-0.03716944926857558,1
414.0,259.4624612527466,213.64648595570378,0.0028353092313261313,0.14756367355246275,500003000.0,4.316969475049428,1.1036144439226653e-05,3.539074022559583e-05,6.733500605330878e-09,1.0139261521065096e-07,0.0028152265320899824,7.350313485522629e-10,5.152976112905911e-06,6.3174788277775335e-12,0.012818366354228632,-0.03718163364577137,1
414.5,259.4438704359237,213.32297308257253,0.002835341113519517,0.1477743175072515,500003000.0,4.322432710490217,1.1039505941598157e-05,3.544136654441556e-05,6.723004743008201e-09,1.0125263763946112e-07,0.002817799787668209,7.391244403047618e-10,5.148078574592004e-06,6.334826200693415e-12,0.012806183472017377,-0.03719381652798263,1
415.0,259.4252735276597,212.99979252701766,0.0028353750484481346,0.14798507100315472,500003000.0,4.32786082370887,1.1042862205383238e-05,3.5491923053865306e-05,6.712527570161613e-09,1.011130188994932e-07,0.002820370596983289,7.432241706642405e-10,5.143181642100317e-06,6.3521190019104266e-12,0.01279400209667268,-0.03720599790332732,1
415.5,259.40667052870805,212.67694421175324,0.0028354110323743956,0.14819593406357748,500003000.0,4.3332539188281025,1.1046213239897979e-05,3.554240993202334e-05,6.702069029482161e-09,1.0097375631605582e-07,0.002822938960334238,7.47330484599091e-10,5.138285320214244e-06,6.369357034353416e-12,0.012781822240092982,-0.03721817775990702,1
416.0,259.3880614398281,212.35442805917845,0.0028354490615675517,0.14840690671186893,500003000.0,4.338612101501534,1.1049559054429934e-05,3.5592827355644025e-05,6.6916290639099756e-09,1.008348472413814e-07,0.002825504878022476,7.514433273440965e-10,5.133389613700762e-06,6.386540105357666e-12,0.012769643914135884,-0.03723035608586412,1
416.5,259.3694462617852,212.03224399137616,0.0028354891323272217,0.14861798897130898,500003000.0,4.343935478883123,1.1052899658238278e-05,3.564317550017117e-05,6.681207616688421e-09,1.006962890542929e-07,0.0028280683503518426,7.555626444029183e-10,5.128494527353155e-06,6.403668026637255e-12,0.012757467130724454,-0.03724253286927555,1
417.0,259.35082499535054,211.71039193011353,0.0028355312409641576,0.1488291808651172,500003000.0,4.349224159596661,1.1056235060553937e-05,3.569345453975111e-05,6.670804631317326e-09,1.0055807915988737e-07,0.0028306293776285906,7.596883815504758e-10,5.123600065956349e-06,6.42074061425371e-12,0.01274529190176097,-0.03725470809823903,1
417.5,259.33219764130143,211.38887179684244,0.0028355753838006596,0.1490404824164679,500003000.0,4.354478253705425,1.1059565270579712e-05,3.574366464724573e-05,6.6604200515527335e-09,1.0042021498922947e-07,0.002833187960161383,7.638204848352417e-10,5.11870623428787e-06,6.4377576885846455e-12,0.012733118239129319,-0.03726688176087069,1
418.0,259.313564200421,211.06768351269818,0.0028356215571884364,0.1492518936484641,500003000.0,4.359697872682055,1.1062890297490436e-05,3.579380599424524e-05,6.650053821447471e-09,1.0028269399902382e-07,0.0028357440982613082,7.679589005814582e-10,5.1138130371502135e-06,6.454719074290586e-12,0.012720946154775512,-0.037279053845224494,1
418.5,259.29492467349843,210.74682699850047,0.0028356697574860234,0.14946341458414084,500003000.0,4.364883129378488,1.1066210150433084e-05,3.584387875108089e-05,6.639705885296791e-09,1.001455136713095e-07,0.0028382977922418663,7.721035753912517e-10,5.108920479330229e-06,6.4716246002824e-12,0.012708775660606656,-0.037291224339393345,1
419.0,259.27627906132875,210.42630217475246,0.0028357199810770633,0.1496750452464904,500003000.0,4.370034137996137,1.1069524838526924e-05,3.589388308683748e-05,6.6293761876799175e-09,1.0000867151317304e-07,0.0028408490424189836,7.762544561466728e-10,5.104028565632249e-06,6.488474099689506e-12,0.012696606768573355,-0.037303393231426646,1
419.5,259.257627364713,210.10610896164113,0.002835772224357669,0.14988678565844132,500003000.0,4.375151014056192,1.1072834370863638e-05,3.594381916936569e-05,6.6190646734291194e-09,9.987216505643694e-08,0.0028433978491110043,7.80411490011641e-10,5.099137300855442e-06,6.505267409825829e-12,0.012684439490613377,-0.03731556050938663,1
420.0,259.23896958445835,209.78624727903798,0.0028358264837337237,0.15009863584282562,500003000.0,4.380233874370086,1.1076138756507449e-05,3.5993687165294365e-05,6.6087712876222295e-09,9.973599185734644e-08,0.0028459442126386914,7.845746244338088e-10,5.09424668978918e-06,6.522004372155106e-12,0.012672273838640141,-0.03732772616135986,1
420.5,259.22030572137766,209.46671704649717,0.0028358827556448515,0.15031059582247897,500003000.0,4.385282837010231,1.1079438004495268e-05,3.6043487240042536e-05,6.598495975637121e-09,9.960014949633971e-08,0.002848488133325239,7.887438071463501e-10,5.089356737256171e-06,6.5386848322611894e-12,0.012660109824649992,-0.03733989017535001,1
421.0,259.20163577629,209.14751818325732,0.0028359410365287425,0.15052266562011324,500003000.0,4.390298021280788,1.1082732123836802e-05,3.6093219557831376e-05,6.5882386830673994e-09,9.946463557768545e-08,0.002851029611496257,7.929189861696469e-10,5.0844674480486034e-06,6.555308639809002e-12,0.012647947460563377,-0.037352052539436624,1
421.5,259.1829597500203,208.82865060823983,0.002836001322855753,0.15073484525841574,500003000.0,4.395279547688772,1.1086021123514703e-05,3.6142884281696004e-05,6.577999355801556e-09,9.932944772926147e-08,0.00285356864747979,7.971001098129168e-10,5.079578826990323e-06,6.571875648514407e-12,0.012635786758379498,-0.03736421324162051,1
422.0,259.1642776433995,208.51011424004957,0.002836063611104742,0.1509471347599979,500003000.0,4.400227537915241,1.1089305012484686e-05,3.6192481573497126e-05,6.567777939965544e-09,9.919458360224565e-08,0.00285610524160631,8.0128712667574e-10,5.0746908788936494e-06,6.5883857161077005e-12,0.012623627730068898,-0.0373763722699311,1
422.5,259.1455894572645,208.19190899697517,0.002836127897768126,0.15115953414741504,500003000.0,4.405142114786723,1.1092583799675652e-05,3.624201159393255e-05,6.557574381933329e-09,9.906004087085478e-08,0.0028586393942087117,8.054799856495141e-10,5.069803608568615e-06,6.604838704299839e-12,0.012611470387596442,-0.03738852961240356,1
423.0,259.12689519245833,207.8740347969885,0.0028361941793584953,0.15137204344314936,500003000.0,4.410023402246849,1.1095857493989822e-05,3.629147450254858e-05,6.5473886283409445e-09,9.892581723206467e-08,0.0028611711056223234,8.096786359188348e-10,5.06491702083493e-06,6.621234478746999e-12,0.012599314742951081,-0.03740068525704892,1
423.5,259.10819484982983,207.55649155774435,0.002836262452406638,0.15158466266962337,500003000.0,4.4148715253281825,1.1099126104302863e-05,3.634087045775126e-05,6.5372206260806044e-09,9.879191040535219e-08,0.002863700376184905,8.138830269627897e-10,5.060031120518546e-06,6.6375729090161285e-12,0.012587160808137304,-0.037412839191862696,1
424.0,259.08948843023387,207.2392791965804,0.0028363327134602358,0.15179739184921237,500003000.0,4.41968661012426,1.110238963946401e-05,3.639019961681748e-05,6.527070322296436e-09,9.86583181324405e-08,0.0028662272062366526,8.180931085561843e-10,5.055145912449453e-06,6.653853868550327e-12,0.01257500859516965,-0.037424991404830354,1
424.5,259.07077593453147,206.9223976305183,0.002836404959070812,0.15201023100420058,500003000.0,4.424468783761779,1.1105648108296187e-05,3.643946213590599e-05,6.516937664353319e-09,9.852503817701487e-08,0.0028687515961201867,8.223088307706738e-10,5.050261401438618e-06,6.6700772346317256e-12,0.012562858116015352,-0.03743714188398465,1
425.0,259.0520573635895,206.60584677626204,0.002836479185821442,0.15222318015683262,500003000.0,4.429218174373134,1.1108901519596136e-05,3.648865817006824e-05,6.506822599899316e-09,9.839206832449837e-08,0.0028712735461805714,8.265301439758496e-10,5.0453775923274215e-06,6.686242888348217e-12,0.012550709382717313,-0.03744929061728269,1
425.5,259.03333271828086,206.2896265501987,0.002836555390302863,0.15243623932927308,500003000.0,4.433934911069039,1.1112149882134542e-05,3.6537787873259126e-05,6.49672507680957e-09,9.825940638177663e-08,0.0028737930567653037,8.307569988402225e-10,5.0404944899452685e-06,6.70235071455616e-12,0.012538562407288654,-0.03746143759271135,1
426.0,259.0146019994845,205.9737368683982,0.002836633569123985,0.15264940854363276,500003000.0,4.438619123911432,1.1115393204656146e-05,3.658685139834761e-05,6.486645043209222e-09,9.81270501769659e-08,0.0028763101282243166,8.349893463321503e-10,5.035612099128413e-06,6.718400601845777e-12,0.012526417201759541,-0.037473582798240465,1
426.5,258.9958652080854,205.6581776466131,0.002836713718909872,0.15286268782195667,500003000.0,4.443270943886601,1.111863149587988e-05,3.663584889712719e-05,6.476582447467581e-09,9.79949975591614e-08,0.0028788247609099864,8.392271377206866e-10,5.030730424716499e-06,6.734392442504828e-12,0.012514273778168584,-0.03748572622183142,1
427.0,258.9771223449745,205.34294880027934,0.002836795836294565,0.15307607718621735,500003000.0,4.447890502878492,1.112186476449897e-05,3.6684780520326285e-05,6.466537238180591e-09,9.78632463981931e-08,0.002881336955177123,8.434703245763563e-10,5.025849471539978e-06,6.750326132482393e-12,0.012502132148531549,-0.037497867851468455,1
427.5,258.95837341104874,205.02805024451496,0.002836879917938606,0.1532895766583309,500003000.0,4.452477933642332,1.1125093019181073e-05,3.6733646417618484e-05,6.4565093642095884e-09,9.773179458439744e-08,0.002883846711382983,8.477188587718729e-10,5.020969244451277e-06,6.766201571353593e-12,0.012489992324918852,-0.03751000767508115,1
428.0,258.9396184072112,204.71348189412083,0.00283696596051022,0.15350318626014486,500003000.0,4.457033369778391,1.1128316268568391e-05,3.6782446737632673e-05,6.446498774637214e-09,9.760064002837594e-08,0.0028863540298872618,8.519726924827717e-10,5.016089748291574e-06,6.782018662282907e-12,0.012477854319372959,-0.03752214568062705,1
428.5,258.92085733437085,204.39924366358048,0.002837053960694922,0.1537169060134386,500003000.0,4.461556945706022,1.1131534521277786e-05,3.6831181627963056e-05,6.436505418788183e-09,9.746978066076472e-08,0.0028888589110520986,8.562317781879844e-10,5.011210987907967e-06,6.797777311988045e-12,0.012465718143951067,-0.037534281856048936,1
429.0,258.9020901934428,204.08533546706008,0.002837143915192779,0.1539307359399345,500003000.0,4.4660487966379385,1.1134747785900896e-05,3.687985123517906e-05,6.426529246221868e-09,9.733921443201318e-08,0.0028913613552420765,8.60496068670343e-10,5.006332968148727e-06,6.813477430704192e-12,0.01245358381071329,-0.03754641618928671,1
429.5,258.88331698534813,203.77175721840817,0.002837235820720683,0.15414467606127918,500003000.0,4.470509058554722,1.1137956071004263e-05,3.692845570483514e-05,6.4165702067363066e-09,9.720893931214867e-08,0.0028938613628242227,8.647655170170215e-10,5.001455693867442e-06,6.829118932146949e-12,0.012441451331732994,-0.03755854866826701,1
430.0,258.864537711014,203.45850883115617,0.0028373296740059543,0.15435872639905296,500003000.0,4.474937868179559,1.1141159385129439e-05,3.6976995181480415e-05,6.406628250352614e-09,9.707895329056029e-08,0.0028963589341680102,8.690400766199062e-10,4.99657916991187e-06,6.8447017334763725e-12,0.012429320719069041,-0.03757067928093096,1
430.5,258.8457523713735,203.145590218517,0.0028374254718031965,0.15457288697478372,500003000.0,4.479335362953271,1.1144357736793115e-05,3.702546980866831e-05,6.396703327351838e-09,9.694925437578838e-08,0.0028988540696453674,8.733197011759158e-10,4.991703401153706e-06,6.860225755261247e-12,0.012417191984839857,-0.037582808015160146,1
431.0,258.82696096736595,202.83300129338681,0.0028375232108650383,0.1547871578099199,500003000.0,4.483701681009483,1.114755113448722e-05,3.707387972896596e-05,6.386795388207882e-09,9.68198405952934e-08,0.0029013467696306604,8.776043446872341e-10,4.9868283924372375e-06,6.8756909214414855e-12,0.012405065141095687,-0.03759493485890432,1
431.5,258.8081634999365,202.52074196834346,0.0028376228879740026,0.1550015389258496,500003000.0,4.488036961150174,1.115073958667905e-05,3.712222508396359e-05,6.376904383658195e-09,9.669070999525476e-08,0.002903837034500713,8.818939614615113e-10,4.9819541486355034e-06,6.891097159292658e-12,0.012392940199958317,-0.037607059800041684,1
432.0,258.78935997003646,202.20881215564748,0.0028377244999160073,0.1552160303438813,500003000.0,4.492341342821348,1.1153923101811371e-05,3.717050601428376e-05,6.3670302646429975e-09,9.656186064034955e-08,0.002906324864634795,8.861885061119785e-10,4.977080674603833e-06,6.9064443993886775e-12,0.012380817173505483,-0.03761918282649452,1
432.5,258.7705503786232,201.89721176724169,0.0028378280434964097,0.15543063208527552,500003000.0,4.4966149660890435,1.1157101688302542e-05,3.721872265959054e-05,6.357172982340305e-09,9.643329061356435e-08,0.0029088102604146286,8.904879335575181e-10,4.9722079752081705e-06,6.921732575566787e-12,0.01236869607384134,-0.03763130392615866,1
433.0,258.7517347266602,201.58594071475076,0.0028379335155380996,0.155645344171208,500003000.0,4.500857971615556,1.1160275354546622e-05,3.726687515859853e-05,6.347332488160444e-09,9.630499801596993e-08,0.002911293222224391,8.94792199022672e-10,4.9673360553217835e-06,6.936961624889648e-12,0.012356576913088262,-0.03764342308691174,1
433.5,258.7329130151167,201.27499890948138,0.0028380409128777343,0.15586016662280958,500003000.0,4.505070500635925,1.116344410891349e-05,3.73149636490818e-05,6.337508733736527e-09,9.617698096654218e-08,0.002913773750450714,8.991012580375896e-10,4.962464919818789e-06,6.952131487610592e-12,0.012344459703370756,-0.03765554029662925,1
434.0,258.7140852449684,200.96438626242272,0.0028381502323600784,0.15607509946111217,500003000.0,4.509252694934631,1.1166607959748945e-05,3.7362988267882764e-05,6.327701670910786e-09,9.6049237601934e-08,0.0029162518454826825,9.034150664379182e-10,4.95759457356439e-06,6.967242107135105e-12,0.01233234445679115,-0.037667655543208854,1
434.5,258.69525141719674,200.65410268424606,0.002838261470848506,0.15629014270709965,500003000.0,4.51340469682262,1.1169766915374823e-05,3.7410949150920914e-05,6.317911251756948e-09,9.592176607630725e-08,0.0029187275077118364,9.077335803646427e-10,4.952725021433359e-06,6.982293429986611e-12,0.0123202311854756,-0.0376797688145244,1
435.0,258.6764115327895,200.3441480853049,0.002838374625219083,0.15650529638167748,500003000.0,4.517526649114523,1.1172920984089106e-05,3.7458846433201476e-05,6.308137428565951e-09,9.579456456112293e-08,0.0029212007375321713,9.120567562638682e-10,4.947856268299783e-06,6.99728540576899e-12,0.012308119901548554,-0.03769188009845145,1
435.5,258.65756559274024,200.03452237563445,0.0028384896923672894,0.15672056050569674,500003000.0,4.5216186951061745,1.1176070174166036e-05,3.7506680248823955e-05,6.298380153859808e-09,9.566763124496364e-08,0.002923671535340142,9.163845508865511e-10,4.942988319048905e-06,7.0122179871313786e-12,0.012296010617162227,-0.037703989382837776,1
436.0,258.6387135980488,199.7252254649519,0.0028386066691983777,0.15693593509993498,500003000.0,4.525680978552348,1.117921449385622e-05,3.7554450730990624e-05,6.2886393803691124e-09,9.554096433333462e-08,0.002926139901534662,9.207169212881739e-10,4.9381211785604035e-06,7.027091129731244e-12,0.012283903344454996,-0.037716096655545005,1
436.5,258.619855549721,199.4162572626566,0.0028387255526313676,0.15715142018508022,500003000.0,4.529713643644772,1.118235395138674e-05,3.760215801201486e-05,6.2789150610409055e-09,9.54145620484697e-08,0.0029286058365171055,9.250538248283702e-10,4.933254851715504e-06,7.041904792197691e-12,0.012271798095569095,-0.03772820190443091,1
437.0,258.6009914487688,199.10761767782986,0.002838846339599642,0.15736701578178366,500003000.0,4.533716834990404,1.118548855496126e-05,3.764980222332945e-05,6.269207149038946e-09,9.528842262917686e-08,0.0029310693406913043,9.293952191705004e-10,4.928389343398091e-06,7.056658936097606e-12,0.012259694882653386,-0.03774030511734662,1
437.5,258.5821212962101,198.7993066192346,0.0028389690270549965,0.157582721910602,500003000.0,4.537690697589968,1.1188618312760135e-05,3.769738349549476e-05,6.259515597751566e-09,9.516254433062584e-08,0.0029335304144635574,9.337410622811793e-10,4.923524658501838e-06,7.0713535258974495e-12,0.012247593717881082,-0.03775240628211892,1
438.0,258.56324509306904,198.49132399531598,0.002839093611955627,0.15779853859203408,500003000.0,4.541635376816714,1.1191743232940517e-05,3.7744901958206856e-05,6.249840360764179e-09,9.503692542418989e-08,0.002935989058242619,9.380913124297498e-10,4.918660801909481e-06,7.085988528928898e-12,0.0122354946133982,-0.0377645053866018,1
438.5,258.54436284037575,198.1836697142012,0.0028392200912754463,0.1580144658465041,500003000.0,4.545551018395494,1.1194863323636457e-05,3.7792357740305485e-05,6.2401813918788275e-09,9.49115641972606e-08,0.0029384452724397093,9.424459281877133e-10,4.913797778509094e-06,7.100563915352478e-12,0.012223397581364051,-0.03777660241863595,1
439.0,258.52547453916645,197.87634368369896,0.0028393484620074408,0.15823050369436562,500003000.0,4.549437768382068,1.1197978592959016e-05,3.783975096978202e-05,6.23053864512048e-09,9.478645895307645e-08,0.002940899057468513,9.46804868428118e-10,4.9089355931999755e-06,7.1150796581221585e-12,0.012211302633965861,-0.037788697366034144,1
439.5,258.5065801904834,197.56934581129948,0.0028394787211582537,0.15844665215591125,500003000.0,4.553295773142665,1.1201089048996379e-05,3.78870817737873e-05,6.220912074724062e-09,9.466160801055632e-08,0.002943350413745185,9.511680923248915e-10,4.9040742508833365e-06,7.129535732950196e-12,0.01219920978339563,-0.037800790216604374,1
440.0,258.48767979537513,197.26267600417574,0.0028396108657348955,0.15866291125134838,500003000.0,4.557125179333788,1.120419469981393e-05,3.793435027863936e-05,6.211301635104452e-09,9.453700970411734e-08,0.0029457993416883363,9.555355593521326e-10,4.899213756439518e-06,7.143932118270766e-12,0.012187119041793452,-0.03781288095820655,1
440.5,258.46877335489603,196.95633416918184,0.0028397448927743475,0.1588792810008199,500003000.0,4.560926133882351,1.120729555345439e-05,3.798155660983112e-05,6.201707280920258e-09,9.441266238351952e-08,0.002948245841719051,9.599072292833685e-10,4.894354114779167e-06,7.158268795205648e-12,0.012175030421374808,-0.037824969578625196,1
441.0,258.4498608701067,196.65032021285373,0.002839880799319934,0.15909576142440454,500003000.0,4.564698783965986,1.1210391617937902e-05,3.802870089203797e-05,6.192128967021083e-09,9.428856441370033e-08,0.002950689914260883,9.642830621907559e-10,4.889495330802541e-06,7.172545747529017e-12,0.012162943934329354,-0.03783705606567065,1
441.5,258.4309423420739,196.3446340414096,0.002840018582423453,0.15931235254209414,500003000.0,4.5684432769936665,1.1213482901262127e-05,3.8075783249125264e-05,6.182566648451314e-09,9.416471417460045e-08,0.0029531315597398455,9.6866301844425e-10,4.884637409403346e-06,7.1867629616315775e-12,0.012150859592830446,-0.03784914040716956,1
442.0,258.4120177718703,196.039275560749,0.0028401582391595634,0.1595290543738259,500003000.0,4.572159760586578,1.1216569411402366e-05,3.8122803804155775e-05,6.17302028048044e-09,9.404111006102044e-08,0.002955570778584429,9.730470587107288e-10,4.879780355493552e-06,7.2009204264870525e-12,0.012138777409096885,-0.03786122259090312,1
442.5,258.39308716057485,195.73424467645344,0.0028402997666097055,0.15974586693945242,500003000.0,4.575848382559242,1.121965115631165e-05,3.8169762679397e-05,6.16348981856707e-09,9.391775048244585e-08,0.0029580075712255915,9.77435143953081e-10,4.874924173975847e-06,7.215018133616222e-12,0.012126697395324387,-0.03787330260467561,1
443.0,258.3741505092725,195.42954129378612,0.002840443161871695,0.1599627902587639,500003000.0,4.579509290900903,1.1222728143920839e-05,3.821665999632845e-05,6.153975218378831e-09,9.379463386290303e-08,0.002960441938096762,9.818272354292502e-10,4.870068869760207e-06,7.229056077053311e-12,0.012114619563726805,-0.037885380436273194,1
443.5,258.3552078190544,195.12516531769216,0.0028405884220527484,0.16017982435147074,500003000.0,4.583142633757167,1.1225800382138726e-05,3.826349587564885e-05,6.144476435776296e-09,9.367175864079529e-08,0.0029628738796338406,9.86223294691244e-10,4.865214447752037e-06,7.243034253310886e-12,0.012102543926506636,-0.03789745607349337,1
444.0,258.33625909101767,194.82111665279842,0.002840735544276202,0.16039696923720728,500003000.0,4.586748559411918,1.122886787885214e-05,3.831027043728322e-05,6.134993426826578e-09,9.35491232687526e-08,0.002965303396275199,9.906232835841099e-10,4.860360912863785e-06,7.2569526613457826e-12,0.012090470495883887,-0.037909529504116114,1
444.5,258.3173043262656,194.51739520341332,0.002840884525679351,0.1606142249355546,500003000.0,4.590327216269474,1.1231930641926039e-05,3.8356983800389966e-05,6.125526147797665e-09,9.342672621349286e-08,0.0029677304884616856,9.950271642448713e-10,4.855508270011298e-06,7.270811302525983e-12,0.01207839928408704,-0.03792160071591296,1
445.0,258.2983435259077,194.21400087352706,0.002841035363410243,0.1608315914660023,500003000.0,4.593878752837003,1.1234988679203613e-05,3.840363608336779e-05,6.116074555150574e-09,9.330456595565345e-08,0.00297015515663662,9.994348991014271e-10,4.850656524108442e-06,7.284610180595165e-12,0.012066330303339657,-0.037933669696660344,1
445.5,258.2793766910593,193.91093356681154,0.002841188054631198,0.16104906884797196,500003000.0,4.597403317707197,1.1238041998506386e-05,3.845022740386262e-05,6.106638605546003e-09,9.31826409896567e-08,0.0029725774012457984,1.0038464508714198e-09,4.845805680073217e-06,7.29834930163994e-12,0.012054263565875587,-0.03794573643412442,1
446.0,258.26040382284225,193.60819318662095,0.0028413425965108778,0.1612666571008145,500003000.0,4.600901059541201,1.1241090607634298e-05,3.84967578787744e-05,6.09721825582639e-09,9.306094982356382e-08,0.002974997222737489,1.0082617825610695e-09,4.840955742814331e-06,7.312028674056223e-12,0.012042199083905561,-0.03795780091609444,1
446.5,258.2414249223842,193.30577963599126,0.002841498986235451,0.16148435624379098,500003000.0,4.604372127051793,1.1244134514365818e-05,3.854322762426386e-05,6.087813463038983e-09,9.293949097892238e-08,0.0029774146215624368,1.0126808574639767e-09,4.836106717250326e-06,7.325648308515125e-12,0.012030136869664797,-0.03796986313033521,1
447.0,258.22243999081905,193.00369281763946,0.0028416572210122016,0.1617021662961287,500003000.0,4.607816668986858,1.124717372645804e-05,3.858963675575918e-05,6.0784241844425255e-09,9.281826299065353e-08,0.0029798295981738666,1.0171036391598984e-09,4.831258608315742e-06,7.339208217932105e-12,0.012018076935428303,-0.037981923064571696,1
447.5,258.2034490292868,192.70193263396507,0.002841817298045178,0.161920087276928,500003000.0,4.611234834113025,1.1250208251646768e-05,3.863598538796262e-05,6.0690503774542825e-09,9.269726440686462e-08,0.0029822421530274765,1.0215300915134773e-09,4.826411420919827e-06,7.35270841743013e-12,0.012006019293408183,-0.03799398070659182,1
448.0,258.1844520389335,192.40049898704902,0.002841979214562791,0.16213811920526375,500003000.0,4.6146267711996565,1.1253238097646622e-05,3.8682273634857e-05,6.059691999708157e-09,9.257649378876417e-08,0.002984652286581446,1.025960178672963e-09,4.821565159993523e-06,7.366148924311133e-12,0.011993963955870506,-0.0380060360441295,1
448.5,258.1654490209114,192.0993917786539,0.0028421429678030766,0.16235626210010962,500003000.0,4.617992629003021,1.1256263272151133e-05,3.872850160971224e-05,6.050349009022263e-09,9.245594971048693e-08,0.0029870599992964358,1.0303938650688871e-09,4.8167198304645105e-06,7.379529758020333e-12,0.011981910935073245,-0.038018089064926756,1
449.0,258.14643997637893,191.79861091022474,0.002842308555009509,0.16257451598036404,500003000.0,4.621332556250736,1.1259283782832828e-05,3.8774669425091726e-05,6.041021363389184e-09,9.233563075897287e-08,0.0029894652916355796,1.0348311154127194e-09,4.811875437250222e-06,7.39285094011492e-12,0.011969860243248876,-0.038030139756751125,1
449.5,258.12742490650055,191.49815628288823,0.0028424759734443526,0.1627928808648511,500003000.0,4.62464670162647,1.126229963734333e-05,3.8820777192858645e-05,6.031709021003506e-09,9.221553553383565e-08,0.0029918681640644937,1.0392718946954934e-09,4.807031985280559e-06,7.406112494231997e-12,0.0119578118926609,-0.0380421881073391,1
450.0,258.1084038124469,191.19802779745297,0.002842645220381118,0.16301135677234047,500003000.0,4.627935213754885,1.1265310843313452e-05,3.886682502418226e-05,6.022411940244845e-09,9.209566264724131e-08,0.002994268617051273,1.043716168186409e-09,4.802189479485167e-06,7.419314446057402e-12,0.011945765895572197,-0.038054234104427806,1
450.5,258.0893766953947,190.8982253544091,0.0028428162931085897,0.16322994372150432,500003000.0,4.6311982411868255,1.1268317408353295e-05,3.891281302954414e-05,6.013130079685488e-09,9.197601072375757e-08,0.0029966666510665,1.048163901431408e-09,4.797347924800324e-06,7.432456823292285e-12,0.011933722264262137,-0.03806627773573787,1
451.0,258.07034355652684,190.59874885392856,0.002842989188926518,0.16344864173094611,500003000.0,4.63443593238475,1.1271319340052334e-05,3.895874131874426e-05,6.003863398080381e-09,9.185657840024048e-08,0.0029990622665832375,1.0526150602517207e-09,4.792507326161734e-06,7.445539655622729e-12,0.011921681011008675,-0.038078318988991326,1
451.5,258.05130439703237,190.29959819586605,0.0028431639051352603,0.1636674508191908,500003000.0,4.637648435708381,1.1274316645979506e-05,3.9004610000907115e-05,5.994611854344492e-09,9.173736432570375e-08,0.003001455464077025,1.0570696107423914e-09,4.787667688487208e-06,7.458562974688068e-12,0.011909642148045263,-0.03809035785195474,1
452.0,258.0322592181064,190.00077327975734,0.0028433404390660185,0.16388637100470302,500003000.0,4.64083589940068,1.1277309333683314e-05,3.905041918448772e-05,5.985375407615675e-09,9.161836716120349e-08,0.003003846244025894,1.0615275192707903e-09,4.7828290167276305e-06,7.471526814050661e-12,0.01189760568768763,-0.038102394312312375,1
452.5,258.01320802095023,189.70227400482065,0.0028435187880473172,0.1641054023058429,500003000.0,4.643998471573952,1.1280297410691906e-05,3.9096168977277564e-05,5.976154017183149e-09,9.149958557969271e-08,0.0030062346069103514,1.0659887524750828e-09,4.777991315810616e-06,7.484431209163121e-12,0.011885571642193619,-0.03811442835780639,1
453.0,257.9941508067713,189.40410026995602,0.002843698949427166,0.16432454474092437,500003000.0,4.647136300196276,1.1283280884513174e-05,3.9141859486410527e-05,5.966947642533335e-09,9.138101826592973e-08,0.003008620553213395,1.0704532772626984e-09,4.773154590677879e-06,7.497276197340215e-12,0.01187354002385616,-0.03812645997614384,1
453.5,257.9750875767832,189.10625197374583,0.0028438809205590947,0.164543798328158,500003000.0,4.6502495330781315,1.1286259762634834e-05,3.918749081836869e-05,5.95775624331966e-09,9.126266391632904e-08,0.003011004083420501,1.0749210608087634e-09,4.768318846261847e-06,7.510061817726085e-12,0.011861510844945085,-0.03813848915505492,1
454.0,257.9560183322057,188.80872901445466,0.0028440646988111633,0.16476316308569092,500003000.0,4.653338317859269,1.1289234052524523e-05,3.923306307898812e-05,5.948579779380645e-09,9.114452123886343e-08,0.003013385198019632,1.0793920705545204e-09,4.763484087500873e-06,7.52278811126577e-12,0.011849484117744967,-0.038150515882255036,1
454.5,257.93694307426455,188.5115312900284,0.0028442502815724936,0.16498263903160526,500003000.0,4.656402801995851,1.12922037616299e-05,3.9278576373464593e-05,5.9394182107526155e-09,9.102658895294572e-08,0.003015763897501244,1.0838662742057362e-09,4.758650319350189e-06,7.535455120675282e-12,0.011837459854582373,-0.03816254014541763,1
455.0,257.91786180419183,188.21465869809583,0.002844437666226666,0.16520222618388591,500003000.0,4.659443132747738,1.1295168897378706e-05,3.9324030806359245e-05,5.930271497613353e-09,9.090886578929722e-08,0.0030181401823582707,1.0883436397310663e-09,4.753817546737492e-06,7.54806289041052e-12,0.011825438067715384,-0.03817456193228462,1
455.5,257.8987745232257,187.9181111359679,0.0028446268501784388,0.16542192456043633,500003000.0,4.662459457166108,1.1298129467178874e-05,3.9369426481604164e-05,5.921139600337093e-09,9.079135048984181e-08,0.003020514053086135,1.092824135360431e-09,4.748985774607744e-06,7.560611466638598e-12,0.01181341876944503,-0.038186581230554975,1
456.0,257.87968123261044,187.6218885006372,0.0028448178308488102,0.1656417341791188,500003000.0,4.665451922081256,1.1301085478418617e-05,3.941476350250797e-05,5.912022479483268e-09,9.067404180761272e-08,0.0030228855101827514,1.09730772958336e-09,4.744155007914898e-06,7.573100897210289e-12,0.011801401972094715,-0.03819859802790529,1
456.5,257.8605819335965,187.32599068877911,0.0028450106056586042,0.16586165505767783,500003000.0,4.668420674090602,1.1304036938466497e-05,3.946004197176127e-05,5.902920095761621e-09,9.055693850660335e-08,0.0030252545541485155,1.1017943911473139e-09,4.739325251594647e-06,7.585531231627913e-12,0.011789387687942413,-0.03821061231205759,1
457.0,257.8414766274405,187.03041759675102,0.002845205172049261,0.166081687213796,500003000.0,4.671365859546978,1.1306983854671535e-05,3.950526199144211e-05,5.8938324100746025e-09,9.044003936168495e-08,0.0030276211854863176,1.1062840890560069e-09,4.734496510599144e-06,7.597902521018977e-12,0.011777375929307068,-0.038222624070692934,1
457.5,257.82236531540514,186.73516912059245,0.002845401527472369,0.1663018306650851,500003000.0,4.674287624547106,1.1309926234363282e-05,3.955042366302136e-05,5.884759383494758e-09,9.032334315849327e-08,0.0030299854047015347,1.1107767925677011e-09,4.729668789879603e-06,7.610214818107355e-12,0.011765366708505275,-0.03823463329149473,1
458.0,257.8032479987594,186.44024515602592,0.002845599669381687,0.1665220854290589,500003000.0,4.677186114920284,1.1312864084851906e-05,3.959552708736801e-05,5.8757009772475335e-09,9.020684869330801e-08,0.0030323472123020305,1.115272471193488e-09,4.724842094373163e-06,7.62246817718396e-12,0.011753360037818628,-0.038246639962181375,1
458.5,257.7841246787783,186.14564559845613,0.002845799595252214,0.1667424515231647,500003000.0,4.680061476217348,1.1315797413428282e-05,3.964057236475449e-05,5.8666571527498705e-09,9.009055477296233e-08,0.0030347066087981598,1.1197710946955659e-09,4.7200164290346325e-06,7.634662654080145e-12,0.01174135592957268,-0.038258644070427325,1
459.0,257.7649953567431,185.8513703429701,0.002846001302568449,0.16696292896478784,500003000.0,4.682913853699805,1.1318726227364075e-05,3.968555959486186e-05,5.857627871585107e-09,8.997446021473962e-08,0.003037063594702768,1.124272633085492e-09,4.715191798817018e-06,7.646798306140146e-12,0.011729354396088501,-0.0382706456039115,1
459.5,257.74586003394114,185.5574192843374,0.0028462047888243667,0.1671835177711996,500003000.0,4.685743392329203,1.1321650533911826e-05,3.973048887678498e-05,5.848613095502174e-09,8.985856384624517e-08,0.0030394181705311906,1.1287770566224303e-09,4.710368208671585e-06,7.658875192191529e-12,0.011717355449682842,-0.03828264455031716,1
460.0,257.72671871166597,185.26379231701026,0.0028464100515241592,0.16740421795961455,500003000.0,4.688550236756713,1.1324570340305034e-05,3.977536030903765e-05,5.839612786416362e-09,8.974286450533118e-08,0.003041770336801254,1.1332843358113827e-09,4.705545663549164e-06,7.670893372520341e-12,0.01170535910267137,-0.03829464089732863,1
460.5,257.7075713912173,184.97048933512366,0.0028466170881820633,0.16762502954716466,500003000.0,4.691334531312922,1.1327485653758238e-05,3.982017398955764e-05,5.830626906408207e-09,8.962736103998355e-08,0.0030441200940332755,1.1377944414014117e-09,4.700724168399935e-06,7.682852908843123e-12,0.01169336536736814,-0.03830663463263186,1
461.0,257.688418073901,184.67751023249542,0.002846825896324811,0.1678459525509013,500003000.0,4.69409641999785,1.1330396481467102e-05,3.986493001571175e-05,5.82165541772773e-09,8.951205230822263e-08,0.003046467442750061,1.1423073443838528e-09,4.695903728177546e-06,7.69475386428033e-12,0.011681374256095837,-0.03831862574390417,1
461.5,257.669258761029,184.38485490262522,0.0028470364734982856,0.1680669869877999,500003000.0,4.69683604647118,1.1333302830608505e-05,3.9909628484300755e-05,5.812698282807199e-09,8.939693717800677e-08,0.003048812383476918,1.1468230159905182e-09,4.6910843478501025e-06,7.7065963033301e-12,0.011669385781213114,-0.03833061421878689,1
462.0,257.6500934539196,184.09252323869654,0.002847248817241543,0.1682881328747441,500003000.0,4.699553554042656,1.1336204708340609e-05,3.995426949156432e-05,5.803755464207368e-09,8.928201452712702e-08,0.0030511549167416352,1.1513414276918824e-09,4.686266032357462e-06,7.718380291841383e-12,0.011657399955008361,-0.03834260004499164,1
462.5,257.63092215389713,183.80051513357543,0.002847462925116905,0.16850939022854214,500003000.0,4.702249085662743,1.1339102121802948e-05,3.999885313318588e-05,5.794826924678172e-09,8.916728324311912e-08,0.003053495043074499,1.1558625511952697e-09,4.68144878666089e-06,7.730105896988791e-12,0.011645416789823221,-0.03835458321017678,1
463.0,257.611744862292,183.5088304798106,0.002847678794697158,0.1687307590659369,500003000.0,4.7049227839134655,1.1341995078116515e-05,4.004337950429747e-05,5.7859126271317614e-09,8.905274222317228e-08,0.003055832763008289,1.160386358443034e-09,4.676632615721976e-06,7.741773187247327e-12,0.011633436298000153,-0.03836656370199985,1
463.5,257.59256158044104,183.21746916963417,0.002847896423558676,0.1689522394035643,500003000.0,4.70757479099943,1.1344883584383828e-05,4.008784869948448e-05,5.777012534627845e-09,8.893839037401575e-08,0.0030581680770782743,1.164912821610714e-09,4.671817524491453e-06,7.753382232365256e-12,0.011621458491854607,-0.038378541508145396,1
464.0,257.573372309687,182.92643109496103,0.002848115809295848,0.16917383125801005,500003000.0,4.710205248739093,1.134776764768903e-05,4.0132260812790406e-05,5.76812661040225e-09,8.882422661185248e-08,0.0030605009858222223,1.1694419131052067e-09,4.667003517932952e-06,7.764933103341362e-12,0.011609483383734126,-0.03839051661626588,1
464.5,257.5541770513789,182.63571614738908,0.00284833694951191,0.16939553464575202,500003000.0,4.712814298556187,1.1350647275097954e-05,4.0176615937721524e-05,5.759254817847508e-09,8.871024986223987e-08,0.003062831489780392,1.1739736055629147e-09,4.662190601007965e-06,7.776425872397676e-12,0.011597510985980929,-0.038402489014019076,1
465.0,257.53497580687184,182.34532421819935,0.0028485598418195373,0.16961734958320504,500003000.0,4.715402081471362,1.1353522473658211e-05,4.022091416725153e-05,5.750397120513371e-09,8.859645906002005e-08,0.003065159589495539,1.178507871847895e-09,4.6573787786769246e-06,7.787860612956694e-12,0.011585541310934614,-0.03841445868906539,1
465.5,257.5157685775273,182.05525519835655,0.0028487844838375217,0.16983927608668278,500003000.0,4.717968738094011,1.1356393250399261e-05,4.026515559382614e-05,5.7415534820994105e-09,8.848285314921229e-08,0.003067485285512909,1.1830446850499987e-09,4.6525680558938425e-06,7.799237399615481e-12,0.011573574370918804,-0.0384264256290812,1
466.0,257.4965553647128,181.7655089785088,0.002849010873198247,0.17006131417244014,500003000.0,4.7205144086143,1.1359259612332495e-05,4.0309340309367617e-05,5.732723866469367e-09,8.836943108294396e-08,0.003069808578380241,1.1875840184830114e-09,4.647758437618589e-06,7.810556308123307e-12,0.01156161017827169,-0.038438389821728314,1
466.5,257.4773361698019,181.4760854489869,0.0028492390075524152,0.17028346385663762,500003000.0,4.723039232795396,1.1362121566451325e-05,4.035346840527929e-05,5.723908237659857e-09,8.825619182334626e-08,0.003072129468647776,1.1921258456827879e-09,4.642949928824615e-06,7.821817415356381e-12,0.011549648745365267,-0.03845035125463474,1
467.0,257.4581109941746,181.18698449980593,0.0028494688845461073,0.17050572515535087,500003000.0,4.725543349965844,1.1364979119731242e-05,4.0397539972450027e-05,5.715106559833583e-09,8.814313434147166e-08,0.003074447956868243,1.1966701404053747e-09,4.638142534461648e-06,7.833020799294603e-12,0.011537690084512503,-0.0384623099154875,1
467.5,257.43887983921684,180.89820602066365,0.0028497005018520093,0.17072809808459,500003000.0,4.728026899012187,1.1367832279129913e-05,4.0441555101258634e-05,5.706318797341288e-09,8.80302576172174e-08,0.0030767640435968736,1.2012168766251435e-09,4.6333362595065745e-06,7.844166538999115e-12,0.011525734208093937,-0.03847426579190606,1
468.0,257.4196427063209,180.60974990094223,0.002849933857136523,0.17095058266026417,500003000.0,4.730490018371713,1.1370681051587241e-05,4.0485513881578244e-05,5.6975449146551395e-09,8.791756063922425e-08,0.003079077729391386,1.2057660285329042e-09,4.6285311089100315e-06,7.855254714587732e-12,0.011513781128424815,-0.03848621887157519,1
468.5,257.4003995968851,180.32161602970763,0.0028501689480836417,0.17117317889819306,500003000.0,4.732932846025423,1.1373525444025449e-05,4.052941640278064e-05,5.6887848764158745e-09,8.780504240479828e-08,0.0030813890148119975,1.2103175705340296e-09,4.623727087635277e-06,7.866285407212658e-12,0.011501830857851779,-0.03849816914214822,1
469.0,257.38115051231404,180.0338042957088,0.0028504057723954686,0.17139588681415607,500003000.0,4.735355519491185,1.1376365463349166e-05,4.0573262753740565e-05,5.680038647432989e-09,8.769270191985047e-08,0.0030836979004214243,1.2148714772465769e-09,4.6189242006590235e-06,7.877258699039973e-12,0.011489883408754937,-0.038510116591245064,1
469.5,257.3618954540184,179.74631458737892,0.0028506443277730616,0.17161870642381052,500003000.0,4.737758175817027,1.1379201116445489e-05,4.061705302283995e-05,5.671306192645853e-09,8.7580538198777e-08,0.003086004386784877,1.2194277234993956e-09,4.614122452940438e-06,7.888174673223927e-12,0.011477938793470767,-0.038522061206529234,1
470.0,257.3426344234151,179.45914679283547,0.002850884611927907,0.17184163774272831,500003000.0,4.740140951574628,1.1382032410184061e-05,4.066078729797215e-05,5.662587477145988e-09,8.746855026439592e-08,0.0030883084744700584,1.2239862843302456e-09,4.609321849439854e-06,7.899033413886502e-12,0.011465997024338637,-0.03853400297566137,1
470.5,257.3233674219273,179.1723007998798,0.002851126622586039,0.17206468078642506,500003000.0,4.742503982853001,1.1384859351417154e-05,4.070446566654609e-05,5.653882466184494e-09,8.735673714787997e-08,0.0030906101640471723,1.2285471349839111e-09,4.604522395125448e-06,7.909835006096801e-12,0.01145405811371744,-0.03854594188628256,1
471.0,257.30409445098417,178.88577649599742,0.0028513703574811963,0.17228783557031707,500003000.0,4.744847405252316,1.1387681946979732e-05,4.074808821549042e-05,5.64519112515777e-09,8.7245097888658e-08,0.003092909456088913,1.2331102509103147e-09,4.599724094962227e-06,7.920579535847796e-12,0.01144212207395818,-0.038557877926041824,1
471.5,257.28481551202117,178.5995737683579,0.002851615814359567,0.17251110210973128,500003000.0,4.7471713538779206,1.139050020368954e-05,4.079165503125759e-05,5.636513419616228e-09,8.713363153434133e-08,0.003095206351170479,1.2376756077626306e-09,4.594926953919739e-06,7.931267090035467e-12,0.011430188917423166,-0.03856981108257684,1
472.0,257.2655306064799,178.31369250381513,0.0028518629909753033,0.17273448041993636,500003000.0,4.749475963334503,1.1393314128347167e-05,4.083516619982792e-05,5.627849315254733e-09,8.70223371406604e-08,0.0030975008498695597,1.2422431813953966e-09,4.59013097696489e-06,7.941897756439077e-12,0.011418258656468125,-0.03858174134353188,1
472.5,257.24623973580816,178.02813258890757,0.002852111885089833,0.17295797051607648,500003000.0,4.7517613677204436,1.1396123727736123e-05,4.08786218067136e-05,5.619198777910612e-09,8.691121377135867e-08,0.003099792952766344,1.2468129478626311e-09,4.58533616906091e-06,7.952471623697725e-12,0.01140633130343966,-0.03859366869656034,1
473.0,257.2269429014599,177.74289390985794,0.002852362494479833,0.17318157241325688,500003000.0,4.754027700622311,1.1398929008622912e-05,4.0922021936962675e-05,5.610561773578673e-09,8.68002604981555e-08,0.003102082660443516,1.2513848834159475e-09,4.580542535180215e-06,7.962988781293361e-12,0.011394406870707207,-0.03860559312929279,1
473.5,257.20764010489523,177.4579763525736,0.0028526148169272817,0.17340528612646752,500003000.0,4.756275095109542,1.1401729977757108e-05,4.0965366675162996e-05,5.601938268390951e-09,8.668947640063718e-08,0.00310436997348626,1.2559589645026743e-09,4.575750080288463e-06,7.973449319527427e-12,0.011382485370623412,-0.03861751462937659,1
474.0,257.1883313475806,177.17337980264728,0.0028528688502184184,0.17362911167060346,500003000.0,4.758503683729245,1.1404526641871415e-05,4.1008656105446094e-05,5.593328228614081e-09,8.65788605661923e-08,0.0031066548924822473,1.260535167763968e-09,4.570958809342992e-06,7.983853329501679e-12,0.011370566815520214,-0.03862943318447979,1
474.5,257.1690166309883,176.8891041453555,0.0028531245921654402,0.17385304906052404,500003000.0,4.760713598501221,1.140731900768176e-05,4.105189031149108e-05,5.584731620691125e-09,8.646841208996516e-08,0.0031089374180216576,1.2651134700329436e-09,4.566168727327596e-06,7.99420090310095e-12,0.011358651217795373,-0.038641348782204626,1
475.0,257.1496959565972,176.60514926566034,0.0028533820405734996,0.17407709831095108,500003000.0,4.762904970913065,1.141010708188735e-05,4.1095069376528447e-05,5.576148411176249e-09,8.63581300747379e-08,0.0031112175506971614,1.2696938483327916e-09,4.561379839199721e-06,8.004492132969392e-12,0.011346738589781103,-0.0386532614102189,1
475.5,257.1303693258921,176.32151504820885,0.0028536411932639795,0.1743012594365572,500003000.0,4.765077931915489,1.1412890871170738e-05,4.1138193383343896e-05,5.567578566779698e-09,8.624801363089886e-08,0.003113495291103924,1.274276279874911e-09,4.556592149927795e-06,8.014727112494965e-12,0.011334828943836939,-0.038665171056163065,1
476.0,257.111036740364,176.03820137733285,0.0028539020480709593,0.17452553245190688,500003000.0,4.767232611917752,1.1415670382197918e-05,4.118126241428207e-05,5.559022054360148e-09,8.613806187634554e-08,0.003115770639839614,1.2788607420570365e-09,4.551805664485578e-06,8.024905935787979e-12,0.01132292229233569,-0.03867707770766431,1
476.5,257.09169820151016,175.75520813704986,0.002854164602829355,0.1747499173714924,500003000.0,4.769369140783255,1.1418445621618368e-05,4.122427655125028e-05,5.5504788409010005e-09,8.602827393643054e-08,0.00311804359750439,1.2834472124613732e-09,4.547020387833323e-06,8.035028697663819e-12,0.011311018647616553,-0.03868898135238345,1
477.0,257.07235371083397,175.4725352110625,0.002854428855390906,0.17497441420970922,500003000.0,4.771487647825289,1.1421216596065139e-05,4.1267235875722224e-05,5.541948893540852e-09,8.591864894388219e-08,0.003120314164700913,1.2880356688527367e-09,4.5422363249432884e-06,8.045095493623488e-12,0.011299118022048606,-0.03870088197795139,1
477.5,257.05300326984496,175.1901824827586,0.0028546948036165492,0.17519902298088683,500003000.0,4.773588261802929,1.1423983312154919e-05,4.13101404687416e-05,5.533432179557986e-09,8.58091860387493e-08,0.0031225823420343375,1.2926260891766954e-09,4.537453480787621e-06,8.055106419836597e-12,0.011287220428000642,-0.03871277957199936,1
478.0,257.03364688005894,174.9081498352118,0.0028549624453703486,0.1754237436992438,500003000.0,4.775671110917045,1.1426745776488098e-05,4.135299041092576e-05,5.5249286663580064e-09,8.569988436831415e-08,0.0031248481301123154,1.2972184515577165e-09,4.532671860328772e-06,8.065061573121508e-12,0.011275325877817342,-0.03872467412218266,1
478.5,257.01428454299787,174.62643715118185,0.002855231778525771,0.1756485763789278,500003000.0,4.777736322806484,1.1429503995648841e-05,4.139578578246928e-05,5.516438321485443e-09,8.559074308704342e-08,0.0031271115295449926,1.301812734297316e-09,4.527891468529556e-06,8.07496105092923e-12,0.011263434383844287,-0.03873656561615572,1
479.0,256.99491626018977,174.34504431311316,0.0028555028009800507,0.1758735210339995,500003000.0,4.779784024544406,1.1432257976205166e-05,4.143852666314753e-05,5.507961112650735e-09,8.548176135651483e-08,0.003129372540945017,1.306408915872228e-09,4.5231123103758886e-06,8.084804951325264e-12,0.011251545958484531,-0.03874845404151547,1
479.5,256.975542033169,174.06397120313704,0.0028557755106175713,0.17609857767842316,500003000.0,4.781814342634685,1.1435007724708996e-05,4.148121313232021e-05,5.499497007659009e-09,8.537293834534767e-08,0.0031316311649275297,1.3110069749325483e-09,4.5183343908188564e-06,8.094593372971838e-12,0.011239660614054486,-0.038760339385945516,1
480.0,256.95616186347604,173.78321770307053,0.002856049905346065,0.1763237463260854,500003000.0,4.783827403008537,1.1437753247696236e-05,4.1523845268934784e-05,5.4910459744792935e-09,8.526427322914703e-08,0.0031338874021101665,1.315606890299919e-09,4.513557714832096e-06,8.104326415111775e-12,0.011227778362926667,-0.038772221637073334,1
480.5,256.9367757526575,173.50278369441676,0.002856325983078455,0.17654902699079003,500003000.0,4.785823331021221,1.144049455168684e-05,4.1566423151530005e-05,5.482607981208861e-09,8.515576519043681e-08,0.003136141253113061,1.320208640965696e-09,4.508782287383066e-06,8.11400417755135e-12,0.011215899217458213,-0.03878410078254179,1
481.0,256.91738370226625,173.2226690583648,0.0028566037417410138,0.17677441968624538,500003000.0,4.787802251448892,1.1443231643184884e-05,4.16089468582393e-05,5.4741829960883e-09,8.504741341859153e-08,0.0031383927185588485,1.3248122060891327e-09,4.504008113445985e-06,8.123626760643265e-12,0.011204023190023088,-0.038795976809976915,1
481.5,256.89798571386126,172.94287367579062,0.002856883179258513,0.1769999244260641,500003000.0,4.789764288485578,1.1445964528678621e-05,4.165141646679419e-05,5.465770987472469e-09,8.493921710977379e-08,0.003140641799072651,1.3294175649955642e-09,4.499235197978471e-06,8.133194265270293e-12,0.011192150292953954,-0.03880784970704605,1
482.0,256.87858178900774,172.66339742725654,0.002857164293573416,0.17722554122379178,500003000.0,4.791709565740287,1.1448693214640555e-05,4.169383205452763e-05,5.457371923866669e-09,8.483117546688461e-08,0.003142888495282091,1.3340246971746027e-09,4.494463545951838e-06,8.14270679283033e-12,0.011180280538617558,-0.03881971946138245,1
482.5,256.85917192927707,172.38424019301158,0.002857447082632843,0.17745127009287343,500003000.0,4.793638206234251,1.1451417707527505e-05,4.1736193698377374e-05,5.448985773901065e-09,8.472328769948794e-08,0.003145132807817284,1.3386335822783418e-09,4.48969316233059e-06,8.152164445219169e-12,0.011168413939363695,-0.03883158606063631,1
483.0,256.83975613624676,172.10540185299135,0.0028577315443971078,0.1776771110466623,500003000.0,4.795550332398272,1.1454138013780679e-05,4.177850147488925e-05,5.4406125063464e-09,8.461555302375418e-08,0.003147374737310845,1.3432442001195593e-09,4.484924052085892e-06,8.161567324815219e-12,0.011156550507558734,-0.03884344949244127,1
483.5,256.82033441150054,171.8268822868183,0.0028580176768324083,0.17790306409843978,500003000.0,4.79744606607021,1.1456854139825729e-05,4.182075546022045e-05,5.432252090099449e-09,8.450797066240837e-08,0.003149614284397882,1.347856530669938e-09,4.48015622018412e-06,8.170915534464874e-12,0.011144690255557138,-0.038855309744442866,1
484.0,256.8009067566283,171.54868137380217,0.002858305477911252,0.17812912926138677,500003000.0,4.799325528492572,1.145956609207282e-05,4.186295573014278e-05,5.423904494183285e-09,8.440053984465916e-08,0.003151851449715998,1.3524705540582851e-09,4.475389671587594e-06,8.180209177466165e-12,0.011132833195703278,-0.03886716680429672,1
484.5,256.7814731732262,171.27079899294,0.0028585949456157197,0.17835530654859075,500003000.0,4.801188840310241,1.1462273876916696e-05,4.1905102360045854e-05,5.415569687752916e-09,8.429325980614356e-08,0.0031540862339052888,1.357086250568768e-09,4.470624411259749e-06,8.189448357554131e-12,0.011120979340344296,-0.038879020659655705,1
485.0,256.76203366289633,170.99323502291557,0.0028588860779442692,0.17858159597306564,500003000.0,4.803036121568307,1.146497750073675e-05,4.194719542494029e-05,5.4072476401075034e-09,8.418612978887686e-08,0.00315631863760835,1.3617036006391489e-09,4.465860444175754e-06,8.198633178886823e-12,0.01110912870185653,-0.038890871298143476,1
485.5,256.74258822724727,170.71598934210076,0.002859178872890033,0.17880799754772586,500003000.0,4.8048674917100085,1.1467676969897075e-05,4.1989234999460884e-05,5.3989383206487775e-09,8.40791490411846e-08,0.003158548661470265,1.366322584859035e-09,4.461097775288688e-06,8.207763746029741e-12,0.01109728129256137,-0.03890271870743863,1
486.0,256.7231368678936,170.43906182855477,0.0028594733284655802,0.17903451128539835,500003000.0,4.806683069574807,1.1470372290746539e-05,4.203122115786971e-05,5.39064169892727e-09,8.397231681765124e-08,0.0031607763061386146,1.3709431839681355e-09,4.456336409568232e-06,8.216840163942066e-12,0.011085437124821499,-0.038914562875178506,1
486.5,256.70367958645596,170.16245236002402,0.002859769442694425,0.17926113719883527,500003000.0,4.808482973396555,1.1473063469618851e-05,4.2073153974059246e-05,5.3823577446256054e-09,8.386563237906901e-08,0.0031630015722634765,1.3755653788545266e-09,4.451576351987408e-06,8.22586253796306e-12,0.011073596211007912,-0.03892640378899209,1
487.0,256.68421638456147,169.8861608139436,0.002860067213593357,0.17948787530066787,500003000.0,4.810267320801765,1.1475750512832614e-05,4.211503352155543e-05,5.374086427524759e-09,8.375909499236334e-08,0.003165224460497417,1.3801891505529215e-09,4.446817607495156e-06,8.234830973796307e-12,0.011061758563431712,-0.038938241436568294,1
487.5,256.6647472638432,169.61018706743636,0.002860366639200516,0.17971472560346868,500003000.0,4.812036228808017,1.1478433426691392e-05,4.2156859873520715e-05,5.365827717556309e-09,8.365270393056409e-08,0.0031674449714954953,1.384814480242957e-09,4.4420601810600645e-06,8.243745577498638e-12,0.011049924194452863,-0.038950075805547144,1
488.0,256.6452722259404,169.33453099731284,0.0028606677175634972,0.17994168811970687,500003000.0,4.8137898138224475,1.1481112217483782e-05,4.219863310275708e-05,5.357581584779416e-09,8.35464584727324e-08,0.0031696631059152693,1.3894413492474848e-09,4.437304077651839e-06,8.252606455464873e-12,0.011038093116434122,-0.03896190688356588,1
488.5,256.62579127249865,169.05919248007277,0.0028609704467241195,0.18016876286176092,500003000.0,4.815528191640333,1.1483786891483458e-05,4.224035328170904e-05,5.349347999351819e-09,8.344035790391234e-08,0.0031718788644167816,1.3940697390308696e-09,4.4325493022177805e-06,8.261413714415061e-12,0.011026265341682506,-0.038973734658317494,1
489.0,256.6063044051695,168.78417139190364,0.0028612748247498552,0.18039594984191853,500003000.0,4.817251477443815,1.1486457454949251e-05,4.228202048246658e-05,5.341126931588085e-09,8.333440151507795e-08,0.003174092247662572,1.3986996311973033e-09,4.427795859731523e-06,8.270167461381532e-12,0.01101444088257054,-0.038985559117429465,1
489.5,256.5868116256108,168.50946760868138,0.0028615808497104017,0.18062324907239868,500003000.0,4.818959785800688,1.1489123914125208e-05,4.2323634776768124e-05,5.332918351915159e-09,8.32285886030892e-08,0.0031763032563176755,1.4033310074891279e-09,4.42304375515672e-06,8.278867803696945e-12,0.011002619751445926,-0.03899738024855408,1
490.0,256.5673129354865,168.23508100597124,0.0028618885196751986,0.18085066056529644,500003000.0,4.8206532306632885,1.1491786275240641e-05,4.236519623600343e-05,5.324722230867327e-09,8.312291847061773e-08,0.003178511891049612,1.4079638497851561e-09,4.418292993443339e-06,8.287514848979428e-12,0.010990801960622317,-0.039009198039377684,1
490.5,256.5478083364668,167.9610114590274,0.0028621978327290905,0.18107818433263329,500003000.0,4.8223319253675045,1.1494444544510199e-05,4.240670493121649e-05,5.31653853911484e-09,8.3017390426116e-08,0.003180718152528394,1.412598140099019e-09,4.4135435795518775e-06,8.296108705122273e-12,0.010978987522439566,-0.039021012477560436,1
491.0,256.52829783022804,167.6872588427929,0.002862508786966386,0.18130582038633325,500003000.0,4.823995982631866,1.1497098728133924e-05,4.244816093310837e-05,5.308367247452253e-09,8.291200378375653e-08,0.0031829220414265253,1.417233860577517e-09,4.408795518444195e-06,8.304649480280769e-12,0.01096717644924091,-0.03903282355075909,1
491.5,256.50878141845266,167.41382303189974,0.002862821380490475,0.18153356873825094,500003000.0,4.825645514556728,1.1499748832297322e-05,4.248956431204007e-05,5.300208326797143e-09,8.280675786339269e-08,0.003185123558419003,1.4218709934989757e-09,4.40404881508294e-06,8.313137282861315e-12,0.010955368753371551,-0.03904463124662845,1
492.0,256.48925910282935,167.14070390066973,0.0028631356114055865,0.1817614294001269,500003000.0,4.827280632623538,1.1502394863171409e-05,4.253091513803531e-05,5.292061748174366e-09,8.270165199049076e-08,0.0031873227041833104,1.4265095212716171e-09,4.39930347441894e-06,8.321572221507809e-12,0.010943564447147289,-0.039056435552852715,1
492.5,256.4697308850529,166.86790132311395,0.002863451477831539,0.18198940238361555,500003000.0,4.828901447694217,1.150503682691278e-05,4.2572213480783356e-05,5.283927482742789e-09,8.259668549609218e-08,0.0031895194793994243,1.4311494264319456e-09,4.3945595014138906e-06,8.32995440509125e-12,0.010931763542910955,-0.039068236457089046,1
493.0,256.4501967668244,166.5954151729336,0.00286376897788817,0.18221748770028826,500003000.0,4.8305080700106,1.1507674729663663e-05,4.261345940964174e-05,5.27580550176602e-09,8.249185771676563e-08,0.0031917138847498043,1.4357906916431325e-09,4.389816901016502e-06,8.33828394269839e-12,0.010919966052973084,-0.039080033947026915,1
493.5,256.43065674985087,166.3232453235193,0.002864088109712872,0.1824456853616132,500003000.0,4.832100609193992,1.1510308577551986e-05,4.2654652993639014e-05,5.267695776644187e-09,8.238716799455077e-08,0.0031939059209194053,1.4404332996934235e-09,4.385075678189401e-06,8.346560943619774e-12,0.010908171989678823,-0.039091828010321183,1
494.0,256.4111108358457,166.0513916479519,0.002864408871444302,0.1826739953789736,500003000.0,4.833679174244784,1.1512938376691427e-05,4.269579430147747e-05,5.2595982788834e-09,8.228261567691755e-08,0.0031960955885956656,1.4450772334945506e-09,4.380335837884198e-06,8.354785517339401e-12,0.01089638136534592,-0.039103618634654086,1
494.5,256.3915590265284,165.77985401900267,0.0028647312612286252,0.1829024177636495,500003000.0,4.8352438735421694,1.151556413318148e-05,4.273688340153583e-05,5.251512980106766e-09,8.217820011671179e-08,0.0031982828884685142,1.4497224760801531e-09,4.375597385051115e-06,8.362957773523214e-12,0.010884594192288675,-0.03911540580771133,1
495.0,256.37200132362454,165.5086323091328,0.002865055277226866,0.18313095252686312,500003000.0,4.8367948148439375,1.1518185853107515e-05,4.277792036187189e-05,5.24343985206729e-09,8.207392067212627e-08,0.003200467821230367,1.4543690106042175e-09,4.370860324650199e-06,8.371077822010285e-12,0.010872810482845816,-0.03912718951715419,1
495.5,256.352437728866,165.23772639049457,0.0028653809175969557,0.18335959967970294,500003000.0,4.838332105286342,1.1520803542540823e-05,4.2818905250225206e-05,5.235378866614514e-09,8.196977670662405e-08,0.003202650387576124,1.4590168203395189e-09,4.366124661623986e-06,8.37914577279927e-12,0.010861030249312524,-0.03913896975068748,1
496.0,256.3328682439907,164.96713613493063,0.002865708180515013,0.18358835923318131,500003000.0,4.839855851384064,1.152341720753869e-05,4.2859838134019664e-05,5.227329995732918e-09,8.186576758891587e-08,0.003204830588203174,1.4636658886760801e-09,4.3613904009299695e-06,8.387161736040519e-12,0.010849253504021179,-0.03915074649597883,1
496.5,256.31329287074266,164.6968614139742,0.0028660370641634307,0.18381723119823445,500003000.0,4.841366159030234,1.152602685414445e-05,4.290071908036612e-05,5.219293211519579e-09,8.176189269291412e-08,0.0032070084238113956,1.4683161991196416e-09,4.356657547522442e-06,8.395125822025951e-12,0.010837480259296204,-0.0391625197407038,1
497.0,256.2937116108723,164.4269020988506,0.002866367566718476,0.1840462155856737,500003000.0,4.842863133496532,1.1528632488387531e-05,4.294154815606495e-05,5.211268486161197e-09,8.16581513976691e-08,0.0032091838951031418,1.4729677352901335e-09,4.3519261063337516e-06,8.403038141177182e-12,0.010825710527407434,-0.03917428947259257,1
497.5,256.274124466136,164.15725806047556,0.0028666996863845108,0.18427531240624995,500003000.0,4.844346879433391,1.153123411628353e-05,4.298232542760863e-05,5.203255791995793e-09,8.155454308734994e-08,0.0032113570027832595,1.4776204809201789e-09,4.347196082326266e-06,8.410898804038485e-12,0.010813944320699377,-0.03918605567930063,1
498.0,256.25453143829634,163.88792916945638,0.0028670334213615686,0.1845045216705915,500003000.0,4.845817500870228,1.1533831743834256e-05,4.302305096118422e-05,5.195255101453242e-09,8.145106715117572e-08,0.003213527747559076,1.4822744198535832e-09,4.34246748044318e-06,8.418707921264615e-12,0.010802181651468854,-0.03919781834853115,1
498.5,256.2349325291221,163.61891529609267,0.0028673687698530202,0.1847338433892512,500003000.0,4.847275101215776,1.153642537702779e-05,4.3063724822675917e-05,5.187266387068796e-09,8.134772298339075e-08,0.003215696130140401,1.4869295360438557e-09,4.337740305620231e-06,8.426465603613418e-12,0.010790422531994128,-0.03920957746800587,1
499.0,256.2153277403881,163.35021631037492,0.0028677057300855588,0.18496327757269865,500003000.0,4.848719783258495,1.153901502183855e-05,4.310434707766752e-05,5.1792896215186934e-09,8.124450998321833e-08,0.0032178621512395284,1.4915858135527345e-09,4.333014562815922e-06,8.434171961936339e-12,0.010778666974610095,-0.03922133302538991,1
499.5,256.1957170738754,163.08183208198625,0.002868044300277965,0.185192824231275,500003000.0,4.850151649167013,1.1541600684227331e-05,4.314491779144492e-05,5.17132477756318e-09,8.114142755480016e-08,0.003220025811571236,1.4962432365487197e-09,4.328290256964327e-06,8.441827107167498e-12,0.010766914991590885,-0.03923308500840912,1
500.0,256.1761005313712,162.81376248030148,0.0028683844786673556,0.18542248337526546,500003000.0,4.851570800490677,1.1544182370141378e-05,4.3185437028998515e-05,5.163371828093436e-09,8.103847510718251e-08,0.003222187111852782,1.500901789305627e-09,4.323567393014771e-06,8.449431150317831e-12,0.010755166595248564,-0.03924483340475144,1
500.5,256.15647811466886,162.54600737438807,0.0028687262634907906,0.18565225501483837,500003000.0,4.852977338160138,1.1546760085514427e-05,4.322590485502564e-05,5.155430746097912e-09,8.093565205425055e-08,0.003224346052803905,1.5055614562011408e-09,4.3188459759041014e-06,8.456984202463891e-12,0.010743421797864163,-0.039256578202135836,1
501.0,256.13684982556777,162.27856663300582,0.0028690696529981435,0.18588213916008042,500003000.0,4.854371362488027,1.1549333836266769e-05,4.326632133393299e-05,5.1475015046850144e-09,8.083295781470072e-08,0.0032265026351468258,1.5102222217153953e-09,4.3141260105761205e-06,8.464486374740787e-12,0.010731680611736006,-0.039268319388264,1
501.5,256.11721566587363,162.01144012460776,0.0028694146454385236,0.1861121358209728,500003000.0,4.855752973169663,1.1551903628305298e-05,4.330668652983898e-05,5.139584077058263e-09,8.07303918119904e-08,0.003228656859606243,1.5148840704295495e-09,4.30940750196119e-06,8.47193777833285e-12,0.010719943049128993,-0.03928005695087101,1
502.0,256.0975756373982,161.74462771733974,0.0028697612390749484,0.18634224500740043,500003000.0,4.857122269283854,1.1554469467523568e-05,4.3347000506576135e-05,5.131678436542121e-09,8.062795347430127e-08,0.003230808726909331,1.5195469870243882e-09,4.304690454998314e-06,8.479338524465836e-12,0.010708209122329514,-0.039291790877670485,1
502.5,256.0779297419594,161.47812927904027,0.0028701094321822167,0.1865724667291825,500003000.0,4.858479349293752,1.1557031359801857e-05,4.338726332769339e-05,5.123784556577611e-09,8.052564223451007e-08,0.003232958237785751,1.5242109562789292e-09,4.299974874631906e-06,8.48668872440008e-12,0.010696478843637423,-0.039303521156362584,1
503.0,256.0582779813812,161.21194467724138,0.0028704592230353785,0.1868028009960144,500003000.0,4.85982431104774,1.1559589311007207e-05,4.342747505645845e-05,5.115902410701265e-09,8.042345753012716e-08,0.003235105392967637,1.528875963069041e-09,4.295260765794558e-06,8.493988489420315e-12,0.010684752225323158,-0.03931524777467685,1
503.5,256.03862035749387,160.94607377916915,0.0028708106099117198,0.1870332478174896,500003000.0,4.861157251780411,1.1562143326993481e-05,4.346763575586008e-05,5.108031972548292e-09,8.032139880326539e-08,0.0032372501931896003,1.5335419923660745e-09,4.2905481334100925e-06,8.501237930828825e-12,0.01067302927963535,-0.03932697072036465,1
504.0,256.0189568721337,160.68051645174285,0.002871163591108582,0.1872638072031409,500003000.0,4.862478268113589,1.1564693413601423e-05,4.350774548861039e-05,5.100173215883773e-09,8.021946550061678e-08,0.003239392639188727,1.538209029235507e-09,4.28583698242019e-06,8.508437159939548e-12,0.01066131001886705,-0.03933868998113295,1
504.5,255.9992875271431,160.41527256157585,0.0028715181649220703,0.18749447916238107,500003000.0,4.863787456057406,1.1567239576658706e-05,4.354780431714709e-05,5.09232611456429e-09,8.011765707339128e-08,0.0032415327317045816,1.5428770588355957e-09,4.281127317752589e-06,8.515586288068282e-12,0.01064959445527663,-0.03935040554472337,1
505.0,255.97961232437075,160.1503419749758,0.0028718743296563386,0.1877252637045211,500003000.0,4.865084911011431,1.1569781821979983e-05,4.358781230363573e-05,5.0844906425540166e-09,8.001597297728566e-08,0.0032436704714792004,1.5475460664160474e-09,4.2764191443350035e-06,8.522685426526152e-12,0.010637882601122396,-0.03936211739887761,1
505.5,255.95993126567132,159.88572455794454,0.002872232083624778,0.187956160838807,500003000.0,4.866370727765857,1.1572320155366946e-05,4.362776950997196e-05,5.076666773926326e-09,7.991441267245933e-08,0.003245805859257096,1.552216037316696e-09,4.271712467096896e-06,8.529734686613987e-12,0.010626174468667007,-0.03937382553133299,1
506.0,255.94024435290564,159.62142017617845,0.002872591425147638,0.18818717057436626,500003000.0,4.867645000502741,1.1574854582608376e-05,4.36676759977837e-05,5.068854482859105e-09,7.981297562347688e-08,0.0032479388957852547,1.5568869569661948e-09,4.267007290965954e-06,8.536734179613223e-12,0.010614470070168705,-0.0393855299298313,1
506.5,255.9205515879407,159.35742869506876,0.0028729523525498025,0.1884182929202304,500003000.0,4.868907822797283,1.1577385109480192e-05,4.3707531828433336e-05,5.061053743630394e-09,7.971166129927934e-08,0.0032500695818131337,1.5615588108807176e-09,4.262303620864821e-06,8.543684016779965e-12,0.010602769417873192,-0.03939723058212681,1
507.0,255.90085297264963,159.09374997970173,0.002873314864164636,0.18864952788534448,500003000.0,4.870159287619168,1.1579911741745504e-05,4.374733706301991e-05,5.053264530624712e-09,7.961046917315113e-08,0.0032521979180926614,1.5662315846626764e-09,4.25760146171683e-06,8.550584309338735e-12,0.01059107252402787,-0.03940892747597213,1
507.5,255.88114850891165,158.8303838948589,0.0028736789583310484,0.1888808754785492,500003000.0,4.871399487333949,1.1582434485154667e-05,4.378709176238125e-05,5.045486818327435e-09,7.950939872267692e-08,0.0032543239053782363,1.570905263999448e-09,4.252900818441666e-06,8.55743516847521e-12,0.010579379400871074,-0.03942062059912893,1
508.0,255.8614381986121,158.56733030501695,0.002874044633399162,0.1891123357085956,500003000.0,4.872628513704479,1.1584953345445335e-05,4.3826795987096105e-05,5.037720581334291e-09,7.940844942971118e-08,0.0032564475444267315,1.5755798346621123e-09,4.248201695963784e-06,8.564236705330436e-12,0.010567690060653017,-0.03943230993934699,1
508.5,255.84172204364242,158.30458907434829,0.00287441188772271,0.18934390858413824,500003000.0,4.873846457892388,1.1587468328342504e-05,4.3866449797486275e-05,5.029965794337551e-09,7.930762078033978e-08,0.003258568835997486,1.5802552825042047e-09,4.243504099201161e-06,8.570989030994291e-12,0.010556004515607778,-0.03944399548439222,1
509.0,255.8220000459002,158.04216006672107,0.0028747807196632534,0.18957559411372918,500003000.0,4.875053410459607,1.1589979439558571e-05,4.3906053253618694e-05,5.022222432132993e-09,7.920691226484265e-08,0.0032606877808523073,1.58493159346048e-09,4.2388080330715715e-06,8.577692256499155e-12,0.01054432277796894,-0.03945567722203106,1
509.5,255.8022722072892,157.78004314569984,0.002875151127584512,0.1898073923058236,500003000.0,4.876249461369927,1.1592486684793376e-05,4.394560641530752e-05,5.0144904696095856e-09,7.910632337766085e-08,0.0032628043797554686,1.5896087535456847e-09,4.23411350248426e-06,8.584346492814147e-12,0.010532644859948865,-0.03946735514005114,1
510.0,255.78253852971918,157.51823817454505,0.0028755231098663648,0.19003930316879203,500003000.0,4.877434699990616,1.1594990069734263e-05,4.3985109342116206e-05,5.006769881773426e-09,7.900585361736639e-08,0.0032649186334737144,1.5942867488533497e-09,4.229420512360564e-06,8.590951850839801e-12,0.010520970773790004,-0.03947902922621,1
510.5,255.76279901510608,157.25674501621396,0.002875896664885995,0.19027132671088978,500003000.0,4.8786092150940625,1.1597489600056121e-05,4.402456209335951e-05,4.999060643714463e-09,7.890550248661685e-08,0.0032670305427762504,1.598965565554584e-09,4.224729067606189e-06,8.597508441401113e-12,0.010509300531695917,-0.03949069946830409,1
511.0,255.74305366537192,156.99556353336013,0.0028762717910367983,0.19050346294030002,500003000.0,4.879773094859473,1.159998528142144e-05,4.406396472810558e-05,4.991362730638935e-09,7.880526949213696e-08,0.003269140108434751,1.6036451898968922e-09,4.220039173139011e-06,8.604016375243699e-12,0.010497634145900433,-0.039502365854099566,1
511.5,255.72330248244486,156.73469358833458,0.002876648486707643,0.19073571186507754,500003000.0,4.880926426874589,1.1602477119480357e-05,4.4103317305177915e-05,4.983676117832953e-09,7.870515414466462e-08,0.0032712473312233514,1.608325608202989e-09,4.215350833858682e-06,8.61047576302608e-12,0.010485971628592059,-0.039514028371407946,1
512.0,255.70354546825916,156.4741350431853,0.0028770267503027353,0.19096807349320497,500003000.0,4.882069298137467,1.1604965119870704e-05,4.414261988315738e-05,4.976000780696508e-09,7.860515595893806e-08,0.0032733522119186495,1.613006806869645e-09,4.210664054675758e-06,8.616886715316647e-12,0.010474312991986414,-0.03952568700801359,1
512.5,255.68378262475517,156.21388775965767,0.002877406580230483,0.19120054783254814,500003000.0,4.883201795058279,1.1607449288218065e-05,4.4181872520384206e-05,4.96833669472373e-09,7.850527445364677e-08,0.003275454751299707,1.6176887723665266e-09,4.2059788404954e-06,8.623249342586672e-12,0.01046265824828571,-0.03953734175171429,1
513.0,255.6640139538793,155.95395159919462,0.0028777879749068637,0.19143313489089717,500003000.0,4.884324003461156,1.1609929630135819e-05,4.422107527495991e-05,4.960683835508285e-09,7.840550915141333e-08,0.003277554950148048,1.622371491235058e-09,4.201295196222317e-06,8.629563755206839e-12,0.01045100740969102,-0.03954899259030898,1
513.5,255.64423945758415,155.6943264229371,0.0028781709327515012,0.19166583467592682,500003000.0,4.885436008586056,1.1612406151225187e-05,4.426022820474929e-05,4.9530421787361965e-09,7.83058595787471e-08,0.0032796528092476547,1.6270549500872913e-09,4.196613126755065e-06,8.635830063440756e-12,0.010439360488388122,-0.03956063951161188,1
514.0,255.62445913782835,155.43501209172425,0.0028785554521917785,0.19189864719521346,500003000.0,4.88653789509069,1.1614878857075283e-05,4.4299331367382295e-05,4.945411700192521e-09,7.820632526601815e-08,0.003281748329384967,1.6317391356047898e-09,4.19193263699207e-06,8.6420483774408e-12,0.010427717496562464,-0.03957228250343754,1
514.5,255.60467299657662,155.17600846609324,0.0028789415316653358,0.19213157245625184,500003000.0,4.887629747052454,1.1617347753263166e-05,4.433838482025601e-05,4.937792375765184e-09,7.810690574743164e-08,0.0032838415113488873,1.636424034537523e-09,4.187253731835269e-06,8.648218807244057e-12,0.010416078446408232,-0.03958392155359177,1
515.0,255.58488103579984,154.9173154062802,0.002879329169608789,0.19236461046641598,500003000.0,4.888711647970412,1.1619812845353879e-05,4.43773886205365e-05,4.9301841814252186e-09,7.800760056098228e-08,0.0032859323559307698,1.6411096337027728e-09,4.1825764161737175e-06,8.65434146276619e-12,0.010404443350087562,-0.03959555664991244,1
515.5,255.5650832574749,154.65893277221994,0.0028797183644721463,0.19259776123299863,500003000.0,4.889783680767304,1.1622274138900504e-05,4.441634282516072e-05,4.922587093251073e-09,7.790840924843745e-08,0.0032880208639244277,1.6457959199840514e-09,4.177900694904576e-06,8.660416453798532e-12,0.010392812219782756,-0.03960718778021725,1
516.0,255.54527966358478,154.400860423546,0.0028801091147121344,0.19283102476318972,500003000.0,4.890845927791584,1.1624731639444212e-05,4.445524749083837e-05,4.9150010874166994e-09,7.780933135529849e-08,0.0032901070361261316,1.6504828803300325e-09,4.173226572923385e-06,8.666443890002855e-12,0.010381185067672086,-0.03961881493232792,1
516.5,255.5254702561186,154.14309821959174,0.002880501418783786,0.19306440106406955,500003000.0,4.891898470819488,1.1627185352514301e-05,4.449410267405375e-05,4.907426140176856e-09,7.77103664307678e-08,0.0032921908733346025,1.6551705017534913e-09,4.168554055111946e-06,8.672423880906844e-12,0.010369561905899646,-0.039630438094100356,1
517.0,255.50565503707156,153.88564601938992,0.0028808952751551062,0.19329789014264245,500003000.0,4.892941391057129,1.1629635283628247e-05,4.453290843106762e-05,4.899862227891701e-09,7.761151402773066e-08,0.003294272376351014,1.6598587713302588e-09,4.163883146359558e-06,8.678356535901318e-12,0.010357942746628178,-0.039642057253371825,1
517.5,255.48583400844487,153.62850368167292,0.0028812906823018503,0.19353149200578756,500003000.0,4.8939747691426385,1.1632081438291757e-05,4.4571664817918975e-05,4.892309327017447e-09,7.75127737027079e-08,0.0032963515459789954,1.6645476761981884e-09,4.1592138515554625e-06,8.684241964234254e-12,0.010346327602020281,-0.03965367239797972,1
518.0,255.46600717224587,153.3716710648733,0.0028816876387011215,0.19376520666030958,500003000.0,4.894998685148292,1.1634523821998805e-05,4.4610371890426895e-05,4.884767414095082e-09,7.741414501584374e-08,0.0032984283830246237,1.6692372035561277e-09,4.154546175579614e-06,8.69008027500882e-12,0.010334716484215458,-0.03966528351578454,1
518.5,255.44617453048798,153.11514802712415,0.0028820861428368242,0.19399903411288416,500003000.0,4.89601321858271,1.1636962440231685e-05,4.4649029704192325e-05,4.8772364657592735e-09,7.731562753085769e-08,0.0033005028882964237,1.673927340662913e-09,4.149880123310591e-06,8.695871577177472e-12,0.010323109405349779,-0.039676890594650224,1
519.0,255.42633608519066,152.85893442625868,0.0028824861932044326,0.19423297437011888,500003000.0,4.897018448393054,1.1639397298461057e-05,4.468763831459984e-05,4.869716458745987e-09,7.721722081503652e-08,0.003302575062605373,1.6786180748363642e-09,4.145215699632453e-06,8.701615979540606e-12,0.010311506377572955,-0.039688493622427046,1
519.5,255.40649183837945,152.6030301198112,0.002882887788300109,0.19446702743849753,500003000.0,4.898014452967257,1.1641828402145994e-05,4.4726197776819436e-05,4.8622073698736825e-09,7.711892443918587e-08,0.003304644906764897,1.6833093934522977e-09,4.140552909419094e-06,8.70731359074075e-12,0.010299907413009403,-0.0397000925869906,1
520.0,255.38664179208595,152.3474349650168,0.0028832909266302957,0.194701193324422,500003000.0,4.899001310136273,1.1644255756734024e-05,4.476470814580824e-05,4.854709176059133e-09,7.702073797761655e-08,0.0033067124215908654,1.6880012839435487e-09,4.135891757548049e-06,8.712964519260733e-12,0.010288312523792607,-0.039711687476207395,1
520.5,255.36678594834785,152.09214881881218,0.0028836956067026585,0.19493547203418435,500003000.0,4.899979097176355,1.1646679367661175e-05,4.4803169476312295e-05,4.847221854301767e-09,7.692266100810618e-08,0.003308777607901592,1.6926937337990052e-09,4.131232248887521e-06,8.718568873419147e-12,0.010276721722032825,-0.03972327827796718,1
521.0,255.34692430920887,151.83717153783547,0.0028841018270357194,0.1951698635739734,500003000.0,4.900947890811351,1.1649099240352025e-05,4.484158182286823e-05,4.83974538169948e-09,7.682469311187382e-08,0.0033108404665178367,1.6973867305626522e-09,4.12657438831019e-06,8.724126761367337e-12,0.010265135019851459,-0.03973486498014854,1
521.5,255.32705687671879,151.5825029784265,0.0028845095861531607,0.19540436794988775,500003000.0,4.901907767215027,1.1651515380219744e-05,4.487994523980501e-05,4.832279735438654e-09,7.672683387355646e-08,0.0033129009982628024,1.7020802618326293e-09,4.121918180685071e-06,8.729638291086676e-12,0.010253552429360789,-0.039746447570639214,1
522.0,255.30718365293347,151.32814299662766,0.0028849188825790114,0.19563898516791378,500003000.0,4.9028588020134,1.1653927792666137e-05,4.491825978124559e-05,4.824824892785743e-09,7.662908288117372e-08,0.0033149592039621316,1.7067743152602978e-09,4.117263630870663e-06,8.73510357038456e-12,0.010241973962646943,-0.03975802603735306,1
522.5,255.2873046399148,151.0740914481831,0.002885329714854491,0.19587371523395397,500003000.0,4.903801070287104,1.1656336483081695e-05,4.4956525501108646e-05,4.817380831115046e-09,7.653143972611099e-08,0.0033170150844439097,1.7114688785493194e-09,4.112610743738999e-06,8.740522706892594e-12,0.0102303996318297,-0.0397696003681703,1
523.0,255.2674198397307,150.82034818854,0.0028857420815168395,0.19610855815379036,500003000.0,4.904734646573762,1.165874145684563e-05,4.4994742453110185e-05,4.809947527872922e-09,7.6433904003079e-08,0.0033190686405386595,1.716163939454746e-09,4.1079595241454496e-06,8.745895808062091e-12,0.010218829448987407,-0.039781170551012594,1
523.5,255.2475292544552,150.5669130728483,0.0028861559811139024,0.1963435139331165,500003000.0,4.905659604870394,1.1661142719325931e-05,4.5032910690765236e-05,4.802524960601801e-09,7.633647531009869e-08,0.0033211198730793427,1.7208594857821219e-09,4.103309976949549e-06,8.751222981162615e-12,0.010207263426208757,-0.039792736573791246,1
524.0,255.2276328861683,150.31378595596098,0.0028865714121999054,0.1965785825775285,500003000.0,4.9065760186358185,1.1663540275879397e-05,4.507103026738947e-05,4.795113106932705e-09,7.623915324847128e-08,0.0033231687829013584,1.7255555053865931e-09,4.098662107008961e-06,8.75650433327879e-12,0.010195701575577793,-0.03980429842442221,1
524.5,255.20773073695608,150.06096669243465,0.0028869883733315584,0.19681376409250576,500003000.0,4.907483960793094,1.1665934131851686e-05,4.510910123610084e-05,4.787711944578431e-09,7.614193742274559e-08,0.003325215370842539,1.7302519861720332e-09,4.094015919173978e-06,8.761739971306955e-12,0.010184143909160222,-0.03981585609083978,1
525.0,255.18782280891065,149.8084551365295,0.0028874068630753524,0.19704905848344437,500003000.0,4.908383503731964,1.1668324292577357e-05,4.514712364982119e-05,4.780321451345276e-09,7.604482744070322e-08,0.003327259637743154,1.7349489160901752e-09,4.089371418297885e-06,8.766930001953847e-12,0.010172590439029192,-0.03982740956097081,1
525.5,255.16790910413016,149.55625114220976,0.0028878268800010144,0.19728446575562816,500003000.0,4.9092747193113215,1.1670710763379918e-05,4.518509756127785e-05,4.772941605121804e-09,7.594782291332314e-08,0.0033293015844459047,1.7396462831397562e-09,4.084728609227683e-06,8.772074531733015e-12,0.01016104117724222,-0.039838958822757786,1
526.0,255.14798962471878,149.3043545631438,0.0028882484226867323,0.19751998591423486,500003000.0,4.910157678861686,1.1673093549571862e-05,4.522302302300523e-05,4.765572383887125e-09,7.585092345475811e-08,0.0033313412117959235,1.7443440753656734e-09,4.080087496811505e-06,8.777173666962658e-12,0.010149496135859635,-0.039850503864140366,1
526.5,255.1280643727867,149.05276525270457,0.0028886714897135317,0.19775561896435773,500003000.0,4.911032453187702,1.1675472656454712e-05,4.526090008734639e-05,4.7582137657012295e-09,7.575412868231653e-08,0.0033333785206407737,1.7490422808581499e-09,4.075448085890668e-06,8.782227513764115e-12,0.01013795532692482,-0.039862044673075185,1
527.0,255.10813335045015,148.80148306396984,0.002889096079670707,0.19799136491097521,500003000.0,4.911899112570643,1.1677848089319069e-05,4.5298728806454604e-05,4.750865728713579e-09,7.565743821642737e-08,0.003335413511830447,1.753740887751913e-09,4.070810381307364e-06,8.787236178058498e-12,0.010126418762483323,-0.03987358123751668,1
527.5,255.08819655983137,148.5505078497224,0.0028895221911520966,0.19822722375895682,500003000.0,4.912757726770925,1.1680219853444647e-05,4.533650923229491e-05,4.743528251156612e-09,7.556085168061728e-08,0.003337446186217365,1.7584398842253766e-09,4.0661743878994165e-06,8.792199765564729e-12,0.010114886454569828,-0.03988511354543017,1
528.0,255.06825400305866,148.29983946245054,0.0028899498227569313,0.19846319551309846,500003000.0,4.913608365030655,1.168258795410032e-05,4.5374241416645656e-05,4.7362013113467655e-09,7.546436870149743e-08,0.003339476544656373,1.7631392584998438e-09,4.061540110501477e-06,8.797118381798826e-12,0.010103358415211133,-0.03989664158478887,1
528.5,255.04830568226626,148.0494777543481,0.002890378973091079,0.1986992801780514,500003000.0,4.914451096076161,1.1684952396544164e-05,4.5411925411100014e-05,4.7288848876861595e-09,7.536798890871599e-08,0.0033415045880047425,1.7678389988387158e-09,4.0569075539468006e-06,8.8019921320692e-12,0.01009183465643055,-0.03990816534356945,1
529.0,255.0283515995945,147.7994225773148,0.002890809640766373,0.19893547775840362,500003000.0,4.915285988120555,1.1687313186023495e-05,4.5449561267067495e-05,4.72157895866113e-09,7.527171193496047e-08,0.003343530317122168,1.7725390935467059e-09,4.052276723066298e-06,8.80682112147783e-12,0.010080315190245576,-0.03991968480975443,1
529.5,255.0083917571896,147.54967378295652,0.002891241824401867,0.19917178825863754,500003000.0,4.9161131088663,1.1689670327774917e-05,4.5487149035775454e-05,4.714283502843885e-09,7.517553741591986e-08,0.0033455537328707682,1.7772395309690703e-09,4.047647622690287e-06,8.811605454916783e-12,0.010068800028672215,-0.03993119997132779,1
530.0,254.98842615720395,147.30023122258586,0.0028916755226161897,0.19940821168308812,500003000.0,4.916932525507783,1.1692023827024357e-05,4.552468876827058e-05,4.706998498879736e-09,7.507946499024729e-08,0.0033475748361150807,1.7819402994908511e-09,4.043020257637841e-06,8.816345237064858e-12,0.010057289183698512,-0.03994271081630149,1
530.5,254.9684548017958,147.0510947472219,0.0028921107340427136,0.1996447480360448,500003000.0,4.917744304733906,1.1694373688987113e-05,4.556218051542036e-05,4.699723925511401e-09,7.498349429956978e-08,0.0033495936277220645,1.7866413875361196e-09,4.038394632737974e-06,8.821040572389782e-12,0.01004578266733723,-0.03995421733266277,1
531.0,254.94847769312946,146.8022642075912,0.002892547457309711,0.1998813973216646,500003000.0,4.918548512730673,1.1696719918867887e-05,4.559962432791458e-05,4.692459761546412e-09,7.48876249884365e-08,0.003351610108561094,1.7913427835672395e-09,4.0337707528019615e-06,8.825691565143242e-12,0.010034280491557015,-0.039965719508442986,1
531.5,254.92849483337525,146.55373945412748,0.0028929856910605923,0.20011815954399964,500003000.0,4.919345215183808,1.1699062521860831e-05,4.5637020256266727e-05,4.685205985889613e-09,7.479185670430473e-08,0.0033536242795039616,1.7960444760841371e-09,4.029148622651564e-06,8.8302983193604e-12,0.010022782668352583,-0.03997721733164742,1
532.0,254.90850622470944,146.30552033697202,0.002893425433940433,0.20035503470701327,500003000.0,4.920134477281353,1.1701401503149592e-05,4.567436835081549e-05,4.677962577520935e-09,7.469618909752209e-08,0.0033556361414248757,1.8007464536235798e-09,4.024528247100258e-06,8.834860938859002e-12,0.010011289209698055,-0.039988710790301946,1
532.5,254.8885118693143,146.05760670597422,0.0028938666845991553,0.2005920228145524,500003000.0,4.920916363716298,1.1703736867907342e-05,4.571166866172614e-05,4.670729515500226e-09,7.460062182129484e-08,0.003357645695200457,1.805448704758464e-09,4.0199096309576765e-06,8.839379527236895e-12,0.009999800127557983,-0.04000019987244202,1
533.0,254.86851176937807,145.8099984106916,0.0028943094416945428,0.2008291238703671,500003000.0,4.921690938689199,1.1706068621296827e-05,4.5748921238991975e-05,4.66350677897177e-09,7.450515453167181e-08,0.003359652941709741,1.8101512180971182e-09,4.015292779033815e-06,8.843854187871426e-12,0.009988315433897816,-0.040011684566102185,1
533.5,254.84850592709503,145.56269530039052,0.002894753703884903,0.20106633787810066,500003000.0,4.922458265910813,1.1708396768470403e-05,4.578612613243573e-05,4.656294347152115e-09,7.440978688751889e-08,0.0033616578818341696,1.8148539822826059e-09,4.010677696128853e-06,8.848285023917768e-12,0.009976835140658597,-0.040023164859341404,1
534.0,254.82849434466536,145.3156972240459,0.002895199469841285,0.20130366484130274,500003000.0,4.923218408604742,1.1710721314570078e-05,4.582328339171098e-05,4.649092199349392e-09,7.431451855050115e-08,0.0033636605164575994,1.8195569859920542e-09,4.0060643870501005e-06,8.852672138308216e-12,0.009965359259799095,-0.04003464074020091,1
534.5,254.80847702429526,145.06900403034203,0.0028956467382334748,0.20154110476340323,500003000.0,4.923971429510074,1.1713042264727548e-05,4.586039306630351e-05,4.641900314940451e-09,7.421934918505238e-08,0.003365660846466289,1.8242602179359745e-09,4.001452856592595e-06,8.857015633749985e-12,0.009953887803247555,-0.04004611219675245,1
535.0,254.78845396819688,144.82261556767259,0.002896095507741249,0.20177865764774205,500003000.0,4.924717390884026,1.1715359624064242e-05,4.589745520553269e-05,4.634718673388601e-09,7.412427845836324e-08,0.003367658872748906,1.8289636668576023e-09,3.996843109554698e-06,8.861315612725281e-12,0.009942420782940489,-0.04005757921705951,1
535.5,254.76842517858836,144.5765316841412,0.0028965457770458243,0.2020163234975384,500003000.0,4.925456354504606,1.1717673397691356e-05,4.593446985855287e-05,4.6275472542295645e-09,7.402930604034966e-08,0.0033696545961965224,1.8336673215322476e-09,3.992235150726288e-06,8.86557217748908e-12,0.009930958210793305,-0.0400690417892067,1
536.0,254.74839065769376,144.3307522275613,0.002896997544839396,0.20225410231592444,500003000.0,4.926188381673268,1.17199835907099e-05,4.5971437074354686e-05,4.620386037086382e-09,7.393443160364236e-08,0.0033716480177026146,1.8383711707666473e-09,3.987628984901898e-06,8.86978543006941e-12,0.009919500098732987,-0.04008049990126702,1
536.5,254.72835040774314,144.0852770454569,0.0028974508098141903,0.20249199410592317,500003000.0,4.926913533217572,1.1722290208210726e-05,4.6008356901766466e-05,4.6132350016515994e-09,7.383965482355867e-08,0.003373639138163059,1.8430752033983373e-09,3.983024616865668e-06,8.87395547226562e-12,0.009908046458660674,-0.04009195354133933,1
537.0,254.70830443097248,143.84010598506268,0.0028979055706702364,0.20272999887045326,500003000.0,4.927631869493852,1.1724593255274575e-05,4.604522938945551e-05,4.6060941276993375e-09,7.374497537808297e-08,0.0033756279584761313,1.8477794082950247e-09,3.978422051402026e-06,8.87808240564767e-12,0.009896597302478211,-0.040103402697521794,1
537.5,254.6882527296237,143.5952388933242,0.002898361826113689,0.2029681166123133,500003000.0,4.928343450389879,1.1726892736972116e-05,4.608205458592943e-05,4.598963395082273e-09,7.365039294784122e-08,0.0033776144795425083,1.8524837743539733e-09,3.9738212932934055e-06,8.882166331554749e-12,0.009885152642082486,-0.04011484735791752,1
538.0,254.66819530594475,143.35067561689857,0.0028988195748523462,0.20320634733422518,500003000.0,4.929048335327533,1.1729188658363978e-05,4.6118832539537474e-05,4.5918427837242026e-09,7.355590721609372e-08,0.00337959870226526,1.8571882905013985e-09,3.969222347314088e-06,8.886207351096141e-12,0.009873712489350104,-0.0401262875106499,1
538.5,254.64813216218943,143.1064160021545,0.0028992788156024783,0.20344469103878102,500003000.0,4.929746583265474,1.1731481024500793e-05,4.615556329847182e-05,4.5847322736305475e-09,7.34615178686983e-08,0.003381580627549855,1.8618929456918694e-09,3.964625218239583e-06,8.890205565148537e-12,0.009862276856160727,-0.040137723143839274,1
539.0,254.6280633006175,142.86245989517255,0.00289973954708575,0.20368314772847915,500003000.0,4.930438252701817,1.1733769840423235e-05,4.619224691076887e-05,4.577631844883133e-09,7.336722459410128e-08,0.003383560256304154,1.8665977289077243e-09,3.960029910842402e-06,8.894161074356768e-12,0.009850845754386555,-0.040149154245613446,1
539.5,254.60798872349469,142.61880714174572,0.00290020176802611,0.20392171740571985,500003000.0,4.931123401676805,1.1736055111162052e-05,4.622888342431053e-05,4.570541477634963e-09,7.327302708331595e-08,0.003385537589438406,1.871302629158487e-09,3.9554364298878245e-06,8.898073979133e-12,0.00983941919588181,-0.04016058080411819,1
540.0,254.58790843309262,142.37545758737957,0.002900665477155656,0.20416040007278205,500003000.0,4.9318020877754805,1.1738336841738111e-05,4.626547288682548e-05,4.563461152119151e-09,7.317892502989565e-08,0.0033875126278652564,1.8760076354803e-09,3.950844780141908e-06,8.901944379655371e-12,0.00982799719250263,-0.04017200280749737,1
540.5,254.56782243168888,142.1324110772926,0.002901130673209933,0.2043991957318527,500003000.0,4.93247436813037,1.1740615037162432e-05,4.630201534589044e-05,4.556390848641187e-09,7.308491812992304e-08,0.0033894853724997353,1.8807127369353645e-09,3.946254966365088e-06,8.90577237586857e-12,0.009816579756091178,-0.04018342024390882,1
541.0,254.54773072156692,141.88966745641648,0.002901597354931826,0.20463810438500366,500003000.0,4.933140299424153,1.1742889702436224e-05,4.633851084893144e-05,4.549330547584719e-09,7.299100608198348e-08,0.0033914558242592605,1.8854179226113858e-09,3.941666993317455e-06,8.909558067482554e-12,0.009805166898488758,-0.04019483310151124,1
541.5,254.52763330501617,141.64722656939648,0.002902065521066826,0.20487712603419894,500003000.0,4.933799937892333,1.1745160842550926e-05,4.637495944322501e-05,4.542280229403826e-09,7.289718858714781e-08,0.0033934239840636344,1.890123181621028e-09,3.937080865752353e-06,8.913301553972384e-12,0.009793758631519886,-0.04020624136848012,1
542.0,254.50753018433193,141.40508826059187,0.0029025351703665264,0.20511626068131256,500003000.0,4.934453339325925,1.174742846248824e-05,4.641136117589949e-05,4.535239874628172e-09,7.280346534895881e-08,0.0033953898528350447,1.894828503101385e-09,3.932496588421117e-06,8.917002934578614e-12,0.009782354967004088,-0.040217645032995915,1
542.5,254.48742136181542,141.16325237407602,0.0029030063015879053,0.205355508328104,500003000.0,4.935100559074116,1.174969256722017e-05,4.6447716093936194e-05,4.528209463861576e-09,7.270983607340448e-08,0.003397353431498059,1.8995338762134483e-09,3.927914166072114e-06,8.920662308306014e-12,0.009770955916753497,-0.040229044083246505,1
543.0,254.4673068397738,140.92171875363715,0.0029034789134903777,0.2055948689762148,500003000.0,4.935741652046945,1.1751953161709059e-05,4.648402424417064e-05,4.521188977777091e-09,7.261630046889817e-08,0.003399314720979625,1.904239290141589e-09,3.923333603446754e-06,8.924279773923227e-12,0.00975956149256295,-0.040240438507437054,1
543.5,254.44718662052009,140.68048724277787,0.002903953004845995,0.2058343426272043,500003000.0,4.936376672717969,1.1754210250907626e-05,4.652028567329378e-05,4.514178397132569e-09,7.252285824627093e-08,0.003401273722209071,1.9089447340930526e-09,3.918754905293263e-06,8.927855429963895e-12,0.009748171706244226,-0.04025182829375577,1
544.0,254.4270607063732,140.43955768471645,0.002904428574421726,0.20607392928251106,500003000.0,4.937005675126937,1.1756463839758998e-05,4.655650042785315e-05,4.5071777027427885e-09,7.242950911874088e-08,0.0034032304361180984,1.9136501972974524e-09,3.91417807634278e-06,8.931389374725017e-12,0.009736786569566606,-0.040263213430433396,1
544.5,254.406929099658,140.19892992238675,0.002904905620994091,0.20631362894344826,500003000.0,4.9376287128824465,1.1758713933196749e-05,4.6592668554254096e-05,4.50018687550192e-09,7.233625280189383e-08,0.003405184863640783,1.918355669006279e-09,3.9096031213291125e-06,8.934881706266708e-12,0.009725406094306006,-0.040274593905693996,1
545.0,254.38679180270515,139.9586037984383,0.0029053841433472555,0.2065534416112687,500003000.0,4.938245839164621,1.1760960536144939e-05,4.662879009876094e-05,4.493205896380211e-09,7.224308901368454e-08,0.0034071370057135765,1.923061138492415e-09,3.905030044986147e-06,8.938332522414522e-12,0.009714030292238544,-0.04028596970776146,1
545.5,254.36664881785126,139.71857915523682,0.002905864140268851,0.20679336728708653,500003000.0,4.938857106727755,1.1763203653518148e-05,4.6664865107498136e-05,4.48623474641719e-09,7.215001747439493e-08,0.0034090868632753015,1.9277665950496553e-09,3.900458852042211e-06,8.941741920756478e-12,0.009702659175126497,-0.040297340824873504,1
546.0,254.34650014743883,139.47885583486502,0.002906345610545746,0.20703340597190487,500003000.0,4.93946256790298,1.1765443290221504e-05,4.6700893626451446e-05,4.4792734067148945e-09,7.205703790662458e-08,0.0034110344372671464,1.9324720279922418e-09,3.8958895472144464e-06,8.945109998644114e-12,0.009691292754704331,-0.04030870724529567,1
546.5,254.3263457938162,139.23943367912204,0.002906828552979443,0.20727355766663405,500003000.0,4.940062274600922,1.1767679451150736e-05,4.673687570146908e-05,4.472321858461275e-09,7.196415003527852e-08,0.0034129797286326733,1.9371774266544015e-09,3.891322135229433e-06,8.94843685319321e-12,0.009679931042729975,-0.04032006895727003,1
547.0,254.30618575933755,139.0003125295246,0.002907312966368603,0.20751382237208527,500003000.0,4.940656278314343,1.1769912141192186e-05,4.6772811378262855e-05,4.465380082902977e-09,7.187135358754749e-08,0.0034149227383178022,1.941882780389892e-09,3.886756620799779e-06,8.951722581283623e-12,0.00966857405092661,-0.04033142594907339,1
547.5,254.286020046363,138.7614922273069,0.002907798849520569,0.20775420008893164,500003000.0,4.941244630120786,1.1772141365222867e-05,4.680870070240929e-05,4.4584480613627764e-09,7.177864829287906e-08,0.003416863467270824,1.9465880785715523e-09,3.882193008639553e-06,8.954967279557942e-12,0.009657221791021048,-0.040342778208978955,1
548.0,254.26584865725852,138.52297261342122,0.0029082862012446845,0.20799469081777835,500003000.0,4.941827380685229,1.1774367128110482e-05,4.684454371935078e-05,4.451525775229025e-09,7.168603388298109e-08,0.003418801916442387,1.9512933105908752e-09,3.877631303455364e-06,8.95817104442428e-12,0.009645874274721541,-0.04035412572527846,1
548.5,254.24567159439587,138.28475352853806,0.0029087750203583354,0.20823529455908982,500003000.0,4.942404580262709,1.1776589434713465e-05,4.6880340474396674e-05,4.444613205964606e-09,7.159351009178303e-08,0.0034207380867855007,1.9559984658575675e-09,3.873071509954409e-06,8.961333972053758e-12,0.00963453151373781,-0.04036546848626219,1
549.0,254.22548886015275,138.04683481304673,0.002909265305680242,0.20847601131324275,500003000.0,4.942976278700957,1.1778808289881012e-05,4.691609101272439e-05,4.437710335096371e-09,7.150107665543442e-08,0.0034226719792555312,1.9607035337991304e-09,3.868513632835549e-06,8.964456158382656e-12,0.00962319351975883,-0.040376806480241174,1
549.5,254.20530045691262,137.80921630705518,0.002909757056040028,0.2087168410804941,500003000.0,4.943542525443034,1.1781023698453127e-05,4.6951795379380534e-05,4.43081714422945e-09,7.14087333122787e-08,0.003424603594810206,1.965408503860448e-09,3.863957676802029e-06,8.967537699111548e-12,0.00961186030448449,-0.04038813969551551,1
550.0,254.18510638706488,137.5718978503912,0.0029102502702626036,0.2089577838610043,500003000.0,4.9441033695299375,1.1783235665260639e-05,4.698745361928196e-05,4.423933615023163e-09,7.131647980284327e-08,0.0034265329344096013,1.9701133655033732e-09,3.859403646540738e-06,8.970578689706403e-12,0.009600531879573982,-0.040399468120426024,1
550.5,254.16490665300466,137.3348792826019,0.0029107449471870565,0.20919883965481728,500003000.0,4.9446588596032335,1.1785444195125248e-05,4.7023065777216864e-05,4.417059729219487e-09,7.122431586981703e-08,0.003428459999016148,1.9748181082063334e-09,3.85485154674728e-06,8.973579225398218e-12,0.009589208256708184,-0.04041079174329182,1
551.0,254.14470125713302,137.09816044295462,0.0029112410856512185,0.2094400084618746,500003000.0,4.945209043907651,1.1787649292859557e-05,4.7058631897845886e-05,4.4101954686192885e-09,7.113224125803799e-08,0.003430384789594627,1.979522721463934e-09,3.850301382105517e-06,8.976539401183865e-12,0.009577889447538762,-0.04042211055246124,1
551.5,254.1244902018568,136.86174117043717,0.0029117386844996094,0.2096812902820066,500003000.0,4.9457539702937,1.1789850963267105e-05,4.709415202570312e-05,4.403340815094111e-09,7.104025571447439e-08,0.00343230730711217,1.984227194786573e-09,3.845753157298084e-06,8.979459311826166e-12,0.00956657546371433,-0.04043342453628567,1
552.0,254.10427348958865,136.62562130375815,0.0029122377425806127,0.2099226851149387,500003000.0,4.9462936862202636,1.1792049211142395e-05,4.712962620519723e-05,4.396495750581607e-09,7.094835898821041e-08,0.0034342275525382506,1.9889315177000647e-09,3.84120687700267e-06,8.98233905185456e-12,0.009555266316871192,-0.040444733683128814,1
552.5,254.0840511227471,136.3898006813473,0.0029127382587482223,0.21016419296027275,500003000.0,4.946828238757186,1.179424404127094e-05,4.7165054480612445e-05,4.3896602570878815e-09,7.085655083042465e-08,0.0034361455268446914,1.9936356797452655e-09,3.836662545894308e-06,8.985178715564857e-12,0.009543962018639055,-0.04045603798136095,1
553.0,254.06382310375642,136.15427914135574,0.002913240231862551,0.21040581381752627,500003000.0,4.947357674587865,1.1796435458429285e-05,4.720043689610964e-05,4.382834316687966e-09,7.076483099438558e-08,0.0034380612310056556,1.9983396704777095e-09,3.8321201686460435e-06,8.98797839702116e-12,0.009532662580642674,-0.04046733741935733,1
553.5,254.04358943504675,135.9190565216567,0.0029137436607829985,0.21064754768610203,500003000.0,4.947882040011823,1.1798623467385042e-05,4.723577349572735e-05,4.37601791151527e-09,7.067319923542686e-08,0.003439974665997645,2.003043479467253e-09,3.827579749919957e-06,8.99073819005525e-12,0.009521368014479526,-0.04047863198552048,1
554.0,254.023350119054,135.68413265984532,0.0029142485443819453,0.210889394565277,500003000.0,4.948401380947286,1.1800808072896934e-05,4.727106432338282e-05,4.3692110237818566e-09,7.058165531092872e-08,0.003441885832799506,2.0077470962977225e-09,3.823041294385147e-06,8.99345818826675e-12,0.009510078331764552,-0.04048992166823545,1
554.5,254.00310515821988,135.44950739323977,0.0029147548815257472,0.2111313544542338,500003000.0,4.948915742933736,1.1802989279714808e-05,4.7306309422872975e-05,4.362413635749669e-09,7.049019898031121e-08,0.003443794732392413,2.0124505105665683e-09,3.818504806692806e-06,8.996138485024798e-12,0.009498793544068141,-0.04050120645593186,1
555.0,253.98285455499192,135.21518055888086,0.002915262671095388,0.21137342735204764,500003000.0,4.9494251711344805,1.1805167092579688e-05,4.734150883787548e-05,4.355625729761186e-09,7.039883000501531e-08,0.0034457013657598822,2.017153711884532e-09,3.8139702915032733e-06,8.998779173468196e-12,0.009487513662983444,-0.04051248633701656,1
555.5,253.9625983118234,134.98115199353282,0.002915771911971019,0.21161561325767575,500003000.0,4.94992971033919,1.1807341516223796e-05,4.737666261194972e-05,4.348847288215984e-09,7.03075481484844e-08,0.0034476057338877603,2.021856689875313e-09,3.8094377534657944e-06,9.001380346505614e-12,0.009476238700076007,-0.040523761299923994,1
556.0,253.94233643117343,134.74742153368373,0.0029162826030370626,0.2118579121699772,500003000.0,4.950429404966446,1.1809512555370585e-05,4.74117707885378e-05,4.342078293578137e-09,7.021635317615492e-08,0.003449507837764221,2.026559434175245e-09,3.8049071972252116e-06,9.003942096816982e-12,0.00946496866690043,-0.040535031333099575,1
556.5,253.92206891550688,134.51398901554575,0.0029167947431833516,0.21210032408768537,500003000.0,4.950924299066269,1.1811680214734773e-05,4.744683341096552e-05,4.3353187283776165e-09,7.012524485543351e-08,0.0034514076783797695,2.0312619344329788e-09,3.800378627423443e-06,9.006464516853132e-12,0.009453703575004028,-0.04054629642499598,1
557.0,253.90179576729437,134.28085427505533,0.0029173083313069168,0.21234284900944242,500003000.0,4.951414436322649,1.1813844499022379e-05,4.748185052244336e-05,4.328568575212659e-09,7.003422295569178e-08,0.003453305256727237,2.03596418030917e-09,3.7958520487018016e-06,9.008947698837745e-12,0.009442443435932618,-0.040557556564067385,1
557.5,253.88151698901234,134.048017147874,0.002917823366304428,0.2125854869337727,500003000.0,4.951899860056056,1.1816005412930748e-05,4.751682216606748e-05,4.321827816738277e-09,6.994328724824405e-08,0.0034552005738017768,2.040666161476175e-09,3.7913274656911573e-06,9.011391734767107e-12,0.009431188261206041,-0.04056881173879396,1
558.0,253.86123258314294,133.81547746938833,0.002918339847080968,0.21282823785908248,500003000.0,4.952380613225953,1.1818162961148588e-05,4.7551748384820646e-05,4.3150964356790115e-09,6.985243750633276e-08,0.003457093630600867,2.0453678676177547e-09,3.7868048830233573e-06,9.01379671641084e-12,0.009419938062346556,-0.04058006193765345,1
558.5,253.8409425521741,133.58323507471061,0.002918857772543527,0.21307110178369434,500003000.0,4.952856738433292,1.1820317148355997e-05,4.758662922157321e-05,4.308374414819011e-09,6.97616735051233e-08,0.003458984428124302,2.0500692884287804e-09,3.7822843053227567e-06,9.016162735313881e-12,0.009408692850857795,-0.040591307149142206,1
559.0,253.82064689859953,133.351289798679,0.002919377141605977,0.21331407870578772,500003000.0,4.953328277923007,1.1822467979224501e-05,4.7621464719084046e-05,4.30166173700912e-09,6.967099502167316e-08,0.0034608729673741966,2.0547704136149475e-09,3.7777657372126834e-06,9.018489882795137e-12,0.009397452638240832,-0.04060254736175917,1
559.5,253.80034562491866,133.11964147585817,0.0029198979531827444,0.21355716862345536,500003000.0,4.953795273586498,1.182461545841708e-05,4.7656254920001516e-05,4.29495838515729e-09,6.958040183493339e-08,0.003462759249354981,2.0594712328924984e-09,3.7732491833072404e-06,9.020778249950313e-12,0.00938621743597379,-0.040613782564026216,1
560.0,253.78003873363664,132.88828994053935,0.002920420206197653,0.21380037153466736,500003000.0,4.954257766964095,1.1826759590588201e-05,4.769099986686438e-05,4.288264342241311e-09,6.94898937257243e-08,0.0034646432750733967,2.064171735987944e-09,3.7687346482227285e-06,9.023027927651436e-12,0.009374987255540267,-0.04062501274445973,1
560.5,253.75972622726442,132.65723502674118,0.002920943899573079,0.21404368743729524,500003000.0,4.9547157992475315,1.1828900380383848e-05,4.7725699602102745e-05,4.281579591292632e-09,6.939947047672807e-08,0.0034665250455384977,2.0688719126377997e-09,3.7642221365636603e-06,9.02523900654856e-12,0.009363762108394522,-0.04063623789160548,1
561.0,253.73940810831863,132.42647656820952,0.002921469032241822,0.21428711632909656,500003000.0,4.955169411282398,1.1831037832441555e-05,4.776035416803898e-05,4.2749041154134985e-09,6.930913187247062e-08,0.0034684045617616468,2.0735717525883247e-09,3.7597116529380506e-06,9.027411577070085e-12,0.00935254200599954,-0.04064745799400046,1
561.5,253.71908437932163,132.19601439841833,0.002921995603136452,0.2145306582077106,500003000.0,4.95561864357058,1.1833171951390435e-05,4.7794963606888635e-05,4.2682378977610755e-09,6.921887769930647e-08,0.003470281824756513,2.0782712455952604e-09,3.7552032019436906e-06,9.029545729423459e-12,0.00934132695979286,-0.04065867304020714,1
562.0,253.69875504280154,131.96584835056987,0.0029225236111947435,0.2147743130706646,500003000.0,4.956063536272702,1.1835302741851212e-05,4.782952796076134e-05,4.261580921555169e-09,6.912870774540679e-08,0.0034721568355390708,2.082970381423588e-09,3.750696788175161e-06,9.03164155359632e-12,0.009330116981204046,-0.040669883018795955,1
562.5,253.67842010129215,131.73597825759495,0.0029230530553614954,0.21501808091540336,500003000.0,4.956504129210545,1.1837430208436251e-05,4.786404727166172e-05,4.254933170080585e-09,6.903862180075389e-08,0.0034740295951275965,2.0876691498472762e-09,3.7461924162261403e-06,9.033699139358447e-12,0.009318912081660411,-0.04068108791833959,1
563.0,253.65807955733297,131.5064039521536,0.0029235839345823425,0.21526196173921638,500003000.0,4.956940461869473,1.1839554355749591e-05,4.789852158149027e-05,4.248294626677857e-09,6.894861965710767e-08,0.003475900104542668,2.092367540649048e-09,3.7416900906814676e-06,9.035718576260101e-12,0.009307712272567279,-0.040692287727432726,1
563.5,253.63773341346925,131.2771252666353,0.002924116247807707,0.21550595553931956,500003000.0,4.95737257340083,1.1841675188386965e-05,4.793295093204428e-05,4.2416652747487725e-09,6.88587011080147e-08,0.0034777683648071576,2.0970655436201457e-09,3.7371898161222276e-06,9.037699953635889e-12,0.009296517565320635,-0.04070348243467937,1
564.0,253.61738167225192,131.04814203315956,0.002924649993992011,0.21575006231279467,500003000.0,4.957800502624339,1.1843792710935842e-05,4.7967335365018664e-05,4.23504509775495e-09,6.876886594877824e-08,0.003479634376946233,2.1017631485601e-09,3.7326915971247207e-06,9.03964336060355e-12,0.009285327971304564,-0.04071467202869544,1
564.5,253.59702433623758,130.81945408357592,0.0029251851720978935,0.21599428205662985,500003000.0,4.958224288030493,1.1845906927975454e-05,4.800167492200689e-05,4.228434079223679e-09,6.867911397645617e-08,0.00348149814198736,2.1064603452765153e-09,3.7281954382658425e-06,9.041548886066405e-12,0.009274143501904628,-0.040725856498095375,1
565.0,253.57666140798852,130.59106124946462,0.00292572178108868,0.21623861476770012,500003000.0,4.958643967782927,1.1848017844076821e-05,4.8035969644501814e-05,4.2218322027367725e-09,6.85894449898426e-08,0.0034833596609602914,2.111157123584846e-09,3.7237013441134684e-06,9.043416618713635e-12,0.00926296416848395,-0.040737035831516055,1
565.5,253.55629289007277,130.36296336213718,0.002926259819929732,0.21648306044274762,500003000.0,4.959059579720782,1.1850125463802787e-05,4.807021957389654e-05,4.215239451932293e-09,6.849985878944936e-08,0.003485218934897069,2.1158534733081867e-09,3.7192093192281995e-06,9.045246647020566e-12,0.009251789982387558,-0.040748210017612446,1
566.0,253.53591878506396,130.1351602526364,0.0029267992875953003,0.21672761907842747,500003000.0,4.959471161361067,1.1852229791708044e-05,4.810442475148529e-05,4.208655810514171e-09,6.84103551775058e-08,0.003487075964832021,2.120549384277067e-09,3.714719368172062e-06,9.047039059251377e-12,0.00924062095496403,-0.04075937904503597,1
566.5,253.51553909554144,129.9076517517372,0.002927340183058985,0.2169722906712717,500003000.0,4.959878749900995,1.1854330832339163e-05,4.813858521846426e-05,4.2020812622382145e-09,6.832093395793611e-08,0.003488930751801761,2.1252448463292503e-09,3.7102314954963817e-06,9.048793943458794e-12,0.009229457097535315,-0.040770542902464686,1
567.0,253.4951538240902,129.6804376899466,0.0029278825053038783,0.21721707521770778,500003000.0,4.9602823822203295,1.1856428590234627e-05,4.8172701015932435e-05,4.195515790926443e-09,6.823159493635163e-08,0.003490783296845181,2.1299398493095397e-09,3.7057457057546543e-06,9.050511387485837e-12,0.009218298421428763,-0.040781701578571236,1
567.5,253.47476297330093,129.45351789750427,0.0029284262533138795,0.21746197271404144,500003000.0,4.960682094883698,1.1858523069924855e-05,4.820677218489245e-05,4.188959380454355e-09,6.814233792003367e-08,0.0034926336010034564,2.1346343830695835e-09,3.7012620034915226e-06,9.052191478966245e-12,0.009207144937949708,-0.0407928550620503,1
568.0,253.45436654576991,129.22689220438323,0.002928971426075282,0.21770698315647466,500003000.0,4.961077924142911,1.186061427593223e-05,4.824079876625141e-05,4.182412014752993e-09,6.805316271792584e-08,0.0034944816653200332,2.139328437467691e-09,3.696780393244803e-06,9.053834305326194e-12,0.009195996658386496,-0.04080400334161351,1
568.5,253.4339645440991,129.00056044028966,0.002929518022585013,0.21795210654110156,500003000.0,4.961469905939263,1.186270221277114e-05,4.827478080082172e-05,4.175873677820445e-09,6.796406914062065e-08,0.0034963274908406403,2.1440220023686553e-09,3.6923008795558744e-06,9.055439953785241e-12,0.009184853594036334,-0.04081514640596367,1
569.0,253.4135569708961,128.774522434664,0.0029300660418354863,0.2181973428638981,500003000.0,4.961858075905826,1.186478688494799e-05,4.830871832932189e-05,4.1693443536999935e-09,6.787505700034419e-08,0.0034981710786132734,2.1487150676435706e-09,3.687823466950574e-06,9.057008511357021e-12,0.009173715756157769,-0.040826284243842235,1
569.5,253.39314382877419,128.5487780166809,0.0029306154828285694,0.21844269212071105,500003000.0,4.962242469369727,1.1866868296961241e-05,4.8342611392377364e-05,4.162824026499795e-09,6.778612611094145e-08,0.0035000124296881976,2.153407623169668e-09,3.6833481599567994e-06,9.058540064850024e-12,0.00916258315601447,-0.040837416843985536,1
570.0,253.3727251203522,128.32332701524976,0.0029311663445690454,0.2186881543073103,500003000.0,4.962623121354421,1.1868946453301433e-05,4.8376460030521305e-05,4.156312680383305e-09,6.769727628787784e-08,0.0035018515451179476,2.1580996588301457e-09,3.678874963096259e-06,9.0600347008705e-12,0.009151455804854717,-0.04084854419514529,1
570.5,253.3523008482546,128.09816925901515,0.0029317186260660122,0.2189337294193361,500003000.0,4.963000066581951,1.1871021358451219e-05,4.841026428419541e-05,4.1498102995710356e-09,6.76085073482132e-08,0.0035036884259573194,2.162791164514007e-09,3.6744038808862353e-06,9.06149250582176e-12,0.00914033371391577,-0.04085966628608423,1
571.0,253.33187101511155,127.87330457635733,0.0029322723263304983,0.21917941745230632,500003000.0,4.963373339475193,1.1873093016885387e-05,4.844402419375071e-05,4.143316868336943e-09,6.751981911059183e-08,0.0035055230732633754,2.1674821301159073e-09,3.6699349178365943e-06,9.062913565905529e-12,0.00912921689441645,-0.04087078310558355,1
571.5,253.31143562355876,127.6487327953926,0.002932827444378315,0.21942521840163196,500003000.0,4.963742974160094,1.1875161433070893e-05,4.847773979944832e-05,4.136832371012234e-09,6.743121139523492e-08,0.003507355488095433,2.1721725455359973e-09,3.665468078453359e-06,9.064297967123684e-12,0.009118105357566008,-0.040881894642434,1
572.0,253.29099467623755,127.42445374397343,0.0029333839792340536,0.21967113226262505,500003000.0,4.9641090044678995,1.1877226611466888e-05,4.851141114146029e-05,4.130356791990734e-09,6.734268402393077e-08,0.0035091856715150733,2.176862400679782e-09,3.6610033672436827e-06,9.065645795279651e-12,0.009106999114576509,-0.0408930008854235,1
572.5,253.27054817579483,127.20046724968928,0.002933941929919543,0.21991715903047446,500003000.0,4.964471463937367,1.1879288556524743e-05,4.85450382598703e-05,4.123890115712393e-09,6.725423682001667e-08,0.003511013624586128,2.18155168545797e-09,3.6565407887014286e-06,9.06695713597871e-12,0.009095898176626961,-0.04090410182337304,1
573.0,253.25009612488313,126.97677313986688,0.0029345012954638547,0.22016329870025317,500003000.0,4.964830385816968,1.1881347272688083e-05,4.8578621194674484e-05,4.117432326677143e-09,6.716586960836955e-08,0.003512839348374685,2.186240389786338e-09,3.652080347319661e-06,9.06823207462944e-12,0.00908480255489438,-0.04091519744510562,1
573.5,253.22963852616058,126.75337124157085,0.002935062074896089,0.22040955126692338,500003000.0,4.96518580306708,1.18834027643928e-05,4.861215998578218e-05,4.1109834094345574e-09,6.707758221539565e-08,0.003514662843949075,2.1909285035855996e-09,3.6476220475816733e-06,9.06947069644506e-12,0.00907371226053148,-0.04092628773946852,1
574.0,253.20917538229085,126.5302613816037,0.0029356242672558984,0.2206559167253396,500003000.0,4.96553774836217,1.18854550360671e-05,4.864565467301669e-05,4.1045433485983245e-09,6.698937446902021e-08,0.0035164841123798826,2.195616016781273e-09,3.6431658939740353e-06,9.07067308644475e-12,0.00906262730469912,-0.040937372695300886,1
574.5,253.1887066959432,126.30744338650656,0.0029361878715821036,0.22090239507023868,500003000.0,4.96588625409296,1.1887504092131515e-05,4.867910529611603e-05,4.098112128830092e-09,6.690124619867321e-08,0.003518303154739934,2.2003029193035538e-09,3.6387118909724588e-06,9.07183932945444e-12,0.00905154769853115,-0.04094845230146885,1
575.0,253.16823246979249,126.08491708255956,0.002936752886918828,0.2211489862962449,500003000.0,4.966231352368592,1.1889549936998938e-05,4.871251189473367e-05,4.091689734847813e-09,6.681319723527982e-08,0.0035201199721042998,2.204989201087198e-09,3.6342600430494046e-06,9.07296951010823e-12,0.009040473453153336,-0.04095952654684667,1
575.5,253.14775270651907,125.86268229578222,0.0029373193123133157,0.22139569039786758,500003000.0,4.96657307501876,1.189159257507465e-05,4.874587450843929e-05,4.085276151422477e-09,6.672522741124855e-08,0.00352193456555029,2.2096748520713973e-09,3.62981035467138e-06,9.07406371284947e-12,0.00902940457967663,-0.04097059542032337,1
576.0,253.1272674088089,125.64073885193388,0.0029378871468181567,0.22164250736951022,500003000.0,4.966911453595864,1.1893632010756341e-05,4.877919317671952e-05,4.07887136338097e-09,6.663733656046266e-08,0.003523746936157452,2.2143598621996784e-09,3.625362830301673e-06,9.07512202193234e-12,0.009018341089203973,-0.040981658910796026,1
576.5,253.1067765793535,125.41908657651416,0.0029384563894880706,0.22188943720544826,500003000.0,4.967246519377115,1.1895668248434141e-05,4.8812467938978655e-05,4.072475355601372e-09,6.65495245182633e-08,0.0035255570850075656,2.219044221419781e-09,3.620917474396381e-06,9.076144521422217e-12,0.009007282992820423,-0.04099271700717958,1
577.0,253.08628022084991,125.19772529476371,0.00293902703937791,0.2221364798998587,500003000.0,4.967578303366662,1.1897701292490647e-05,4.884569883453938e-05,4.0660881130100156e-09,6.646179112144663e-08,0.003527365013184644,2.223727919683562e-09,3.6164742914019765e-06,9.077131295198001e-12,0.008996230301587095,-0.041003769698412906,1
577.5,253.0657783360007,124.97665483166388,0.0029395990955569658,0.2223836354467931,500003000.0,4.967906836297683,1.1899731147300948e-05,4.88788859026435e-05,4.059709620600999e-09,6.637413620824587e-08,0.0035291707217749305,2.2284109469468896e-09,3.6120332857728666e-06,9.078082426952353e-12,0.00898518302658484,-0.041014816973415164,1
578.0,253.045270927514,124.75587501193786,0.0029401725570879886,0.22263090384019876,500003000.0,4.968232148634476,1.1901757817232652e-05,4.891202918245267e-05,4.05333986340697e-09,6.628655961832597e-08,0.003530974211866894,2.2330932931695495e-09,3.6075944619456e-06,9.078998000193658e-12,0.008974141178850084,-0.04102585882114992,1
578.5,253.0247579981034,124.53538566005075,0.002940747423043078,0.22287828507390844,500003000.0,4.968554270574535,1.1903781306645913e-05,4.8945128713049055e-05,4.046978826520861e-09,6.619906119277054e-08,0.0035327754845512287,2.2377749483151474e-09,3.6031578243583927e-06,9.079878098246912e-12,0.008963104769423396,-0.0410368952305766,1
579.0,253.0042395504881,124.31518660021024,0.0029413236924948597,0.22312577914163476,500003000.0,4.968873232050623,1.1905801619893454e-05,4.897818453343609e-05,4.040626495083495e-09,6.611164077406984e-08,0.003534574540920849,2.242455902351026e-09,3.598723377440294e-06,9.080722804254762e-12,0.008952073809322548,-0.04104792619067746,1
579.5,252.98371558739277,124.09527765636697,0.0029419013645202,0.2233733860369785,500003000.0,4.969189062732812,1.1907818761320598e-05,4.901119668253915e-05,4.034282854288487e-09,6.60242982061125e-08,0.003536371382070888,2.2471361452481735e-09,3.5942911256157366e-06,9.081532201179041e-12,0.00894104830955383,-0.04105895169044617,1
580.0,252.96318611154754,123.87565865221485,0.0029424804382020093,0.2236211057534219,500003000.0,4.969501792030538,1.190983273526529e-05,4.9044165199206237e-05,4.027947889384485e-09,6.593703333417339e-08,0.0035381660090986968,2.2518156669811445e-09,3.589861073306729e-06,9.082306371801758e-12,0.008930028281117493,-0.041069971718882506,1
580.5,252.94265112568812,123.65632941119168,0.0029430609126240297,0.22386893828433962,500003000.0,4.969811449094628,1.1911843546058124e-05,4.907709012220869e-05,4.0216215856678035e-09,6.58498460049061e-08,0.003539958423103838,2.2564944575279827e-09,3.585433224926481e-06,9.083045398726747e-12,0.008919013734991902,-0.0410809862650081,1
581.0,252.92211063255561,123.43728975647932,0.0029436427868776943,0.22411688362299567,500003000.0,4.970118062819312,1.191385119802237e-05,4.9109971490241856e-05,4.015303928491589e-09,6.5762736066332e-08,0.003541748625188088,2.2611725068701427e-09,3.5810075848877613e-06,9.083749364380774e-12,0.008908004682154332,-0.04109199531784567,1
581.5,252.9015646348967,123.2185395110044,0.0029442260600544795,0.22436494176253616,500003000.0,4.970421661844241,1.1915855695473997e-05,4.914280934192577e-05,4.008994903255145e-09,6.567570336782811e-08,0.0035435366164554274,2.2658498049924233e-09,3.5765841575935666e-06,9.08441835101457e-12,0.008897001133557734,-0.04110299886644227,1
582.0,252.88101313546346,123.00007849743884,0.002944810731248373,0.22461311269598316,500003000.0,4.970722274556472,1.19178570427217e-05,4.917560371580583e-05,4.002694495407122e-09,6.558874776011573e-08,0.0035453223980120444,2.270526341882897e-09,3.572162947440156e-06,9.085052440703847e-12,0.008886003100138314,-0.041113996899861685,1
582.5,252.86045613701353,122.78190653820006,0.0029453967995603466,0.22486139641625813,500003000.0,4.971019929092461,1.1919855244066926e-05,4.920835465035346e-05,3.9964026904513695e-09,6.550186909525631e-08,0.0035471059709663304,2.2752021075328443e-09,3.5677439588224514e-06,9.08565171535138e-12,0.008875010592828945,-0.04112498940717106,1
583.0,252.83989364230993,122.5640234554515,0.0029459842640943874,0.22510979291615224,500003000.0,4.97131465334003,1.1921850303803896e-05,4.9241062183966775e-05,3.9901194739413065e-09,6.541506722663396e-08,0.0035488873364288758,2.279877091936701e-09,3.5633271961292054e-06,9.08621625668724e-12,0.008864023622547148,-0.04113597637745285,1
583.5,252.8193256541212,122.34642907110329,0.002946573123954643,0.22535830218836095,500003000.0,4.971606474940326,1.1923842226219635e-05,4.9273726354971254e-05,3.983844831475877e-09,6.532834200895429e-08,0.003550666495512467,2.2845512850919905e-09,3.558912663739574e-06,9.0867461462712e-12,0.00885304220018658,-0.04114695779981342,1
584.0,252.7987521752213,122.12912320681235,0.002947163378253282,0.22560692422545167,500003000.0,4.9718954212897755,1.192583101559399e-05,4.9306347201620365e-05,3.977578748709954e-09,6.52416932982268e-08,0.003552443449332086,2.289224676999276e-09,3.554500366032584e-06,9.087241465492959e-12,0.00884206633664057,-0.04115793366335943,1
584.5,252.7781732083896,121.91210568398299,0.002947755026105695,0.22585565901987792,500003000.0,4.972181519542014,1.1927816676199665e-05,4.9338924762096246e-05,3.971321211347623e-09,6.515512095175834e-08,0.0035542181990049077,2.293897257662109e-09,3.550090307381329e-06,9.08770229557379e-12,0.00883109604278769,-0.041168903957212316,1
585.0,252.757588756411,121.69537632376758,0.0029483480666261017,0.22610450656398423,500003000.0,4.972464796609818,1.1929799212302233e-05,4.937145907451032e-05,3.965072205136086e-09,6.506862482814504e-08,0.0035559907456502917,2.2985690170869797e-09,3.545682492147692e-06,9.08812871756804e-12,0.008820131329478622,-0.04117986867052138,1
585.5,252.73699882207575,121.47893494706673,0.0029489424989368493,0.22635346684999108,500003000.0,4.9727452791670155,1.1931778628160172e-05,4.940395017690395e-05,3.958831715877965e-09,6.498220478725888e-08,0.0035577610903897872,2.3032399452832768e-09,3.5412769246935256e-06,9.088520812363857e-12,0.008809172207563977,-0.041190827792436026,1
586.0,252.71640340817953,121.26278137452975,0.0029495383221642938,0.22660253987000975,500003000.0,4.973022993650386,1.1933754928024884e-05,4.943639810724907e-05,3.952599729425519e-09,6.489586069024193e-08,0.0035595292343471256,2.3079100322632407e-09,3.5368736093756666e-06,9.088878660684931e-12,0.008798218687881882,-0.04120178131211812,1
586.5,252.69580251752348,121.04691542655537,0.0029501355354339207,0.22685172561604042,500003000.0,4.973297966261556,1.193572811614072e-05,4.946880290344882e-05,3.9463762316739296e-09,6.480959239949631e-08,0.00356129517864822,2.31257926804193e-09,3.5324725505401082e-06,9.08920234309171e-12,0.008787270781243493,-0.04121272921875651,1
587.0,252.67519615291408,120.83133692329186,0.002950734137880168,0.22710102407995744,500003000.0,4.973570222968872,1.1937698196745009e-05,4.9501164603338154e-05,3.940161208574227e-09,6.472339977867163e-08,0.0035630589244211603,2.317247642637184e-09,3.528073752533738e-06,9.089491939982164e-12,0.008776328498462192,-0.041223671501537815,1
587.5,252.6545843171633,120.61604568463794,0.0029513341286337763,0.22735043525352697,500003000.0,4.973839789509272,1.1939665174068067e-05,4.9533483244684484e-05,3.9339546461161946e-09,6.463728269265954e-08,0.0035648204727962095,2.321915146069593e-09,3.523677219689217e-06,9.089747531593613e-12,0.008765391850315968,-0.041234608149684035,1
588.0,252.63396701308847,120.4010415302428,0.002951935506836236,0.22759995912839184,500003000.0,4.974106691390137,1.1941629052333241e-05,4.9565758865188276e-05,3.927756530347444e-09,6.455124100758131e-08,0.0035665798249058032,2.326581768362466e-09,3.5192829563422347e-06,9.089969198003509e-12,0.008754460847590344,-0.04124553915240966,1
588.5,252.61334424351227,120.1863242795069,0.002952538271626993,0.22784959569609806,500003000.0,4.974370953891134,1.194358983575692e-05,4.9597991502483665e-05,3.921566847356145e-09,6.446527459078476e-08,0.0035683369818845455,2.3312474995418046e-09,3.5148909668162154e-06,9.09015701913154e-12,0.00874353550104033,-0.04125646449895967,1
589.0,252.59271601126278,119.97189375158202,0.0029531424221560633,0.22809934494805142,500003000.0,4.9746326020660545,1.1945547528548564e-05,4.963018119413908e-05,3.915385583287592e-09,6.437938331082497e-08,0.0035700919448692094,2.3359123296362853e-09,3.5105012554373435e-06,9.09031107473948e-12,0.008732615821427807,-0.041267384178572196,1
589.5,252.5720823191735,119.75774976537231,0.002953747957566782,0.2283492068755504,500003000.0,4.974891660744632,1.1947502134910725e-05,4.966232797765781e-05,3.909212724321126e-09,6.429356703746295e-08,0.0035718447149987276,2.3405762486772326e-09,3.506113826514047e-06,9.090431444433493e-12,0.00872170181947048,-0.04127829818052953,1
590.0,252.55144317008322,119.5438921395343,0.0029543548770141403,0.2285991814697922,500003000.0,4.975148154534342,1.1949453659039071e-05,4.969443189047864e-05,3.903048256694236e-09,6.420782564165852e-08,0.003573595293414194,2.3452392466986016e-09,3.501728684358771e-06,9.090518207665623e-12,0.008710793505896049,-0.041289206494103954,1
590.5,252.53079856683615,119.33032069247754,0.0029549631796531067,0.2288492687218349,500003000.0,4.975402107822212,1.1951402105122414e-05,4.9726492969976416e-05,3.896892166686882e-09,6.412215899555197e-08,0.003575343681258861,2.349901313736969e-09,3.4973458332741093e-06,9.090571443733756e-12,0.008699890891407708,-0.041300109108592296,1
591.0,252.51014851228186,119.1170352423652,0.002955572864641048,0.2290994686226352,500003000.0,4.975653544776604,1.1953347477342727e-05,4.975851125346265e-05,3.8907444406245235e-09,6.403656697246452e-08,0.0035770898796781353,2.354562439831511e-09,3.4929652775556744e-06,9.090591231784142e-12,0.00868899398669128,-0.041311006013308726,1
591.5,252.4894930092752,118.90403560711431,0.002956183931141509,0.22934978116303045,500003000.0,4.975902489348981,1.1955289779875168e-05,4.979048677818609e-05,3.8846050648828854e-09,6.395104944688537e-08,0.0035788338898195718,2.3592226150240054e-09,3.488587021496552e-06,9.090577650812047e-12,0.008678102802426311,-0.04132189719757369,1
592.0,252.46883206067642,118.69132160439628,0.00295679637832082,0.2296002063337413,500003000.0,4.976148965275681,1.195722901688811e-05,4.982241958133332e-05,3.8784740258832835e-09,6.386560629446338e-08,0.003580575712832879,2.363881829358815e-09,3.4842110693832823e-06,9.090530779663056e-12,0.008667217349276056,-0.041332782650723945,1
592.5,252.44816566935106,118.47889305163746,0.0029574102053477945,0.22985074412537335,500003000.0,4.976392996079661,1.1959165192543155e-05,4.985430970002932e-05,3.872351310092046e-09,6.378023739199902e-08,0.0035823153498699078,2.3685400728828893e-09,3.4798374254954984e-06,9.090450697034392e-12,0.008656337637886589,-0.04134366236211341,1
593.0,252.42749383817,118.26674976601966,0.002958025411393306,0.230101394528412,500003000.0,4.976634605072235,1.1961098310995166e-05,4.988615717133804e-05,3.866236904019766e-09,6.369494261743456e-08,0.003584052802084653,2.373197335645754e-09,3.475466094105428e-06,9.090337481475958e-12,0.008645463678885565,-0.04135453632111444,1
593.5,252.40681657000943,118.05489156448053,0.002958641995633965,0.23035215753322058,500003000.0,4.976873815354811,1.1963028376392279e-05,4.9917962032262965e-05,3.8601307942259185e-09,6.360972184984529e-08,0.0035857880706332466,2.377853607699525e-09,3.471097079482208e-06,9.090191211391547e-12,0.00863459548289295,-0.04136540451710705,1
594.0,252.38613386775089,117.84331826371427,0.0029592599572457906,0.2306030331300687,500003000.0,4.977110649820599,1.1964955392875934e-05,4.9949724319747686e-05,3.854032967310409e-09,6.352457496943744e-08,0.003587521156673959,2.382508879098898e-09,3.4667303858844513e-06,9.090011965040979e-12,0.008623733060502525,-0.041376266939497475,1
594.5,252.36544573428114,117.6320296801716,0.0029598792954153965,0.2308540213090825,500003000.0,4.977345131156324,1.1966879364580898e-05,4.998144407067645e-05,3.847943409927941e-09,6.343950185752859e-08,0.003589252061367195,2.387163139901162e-09,3.4623660175733383e-06,9.089799820539716e-12,0.008612876422314465,-0.041387123577685536,1
595.0,252.3447521724923,117.42102563006074,0.0029605000093262802,0.23110512206029132,500003000.0,4.9775772818439155,1.1968800295635283e-05,5.0013121321874724e-05,3.8418621087699645e-09,6.335450239654972e-08,0.003590980785875487,2.391816380166207e-09,3.4580039787965455e-06,9.089554855861576e-12,0.008602025578895348,-0.041397974421104655,1
595.5,252.32405318528174,117.2103059293478,0.0029611220981655153,0.23135633537359562,500003000.0,4.977807124162191,1.197071819016057e-05,5.004475611010974e-05,3.83578905057324e-09,6.326957647002995e-08,0.0035927073313635,2.3964685899565302e-09,3.453644273796108e-06,9.089277148838943e-12,0.008591180540797721,-0.04140881945920228,1
596.0,252.30334877555214,116.99987039375706,0.002961745561127112,0.2316076612387819,500003000.0,4.978034680188529,1.1972633052271633e-05,5.007634847209104e-05,3.829724222123952e-09,6.318472396259165e-08,0.0035944316989980182,2.4011197593372487e-09,3.4492869068122884e-06,9.08896677716446e-12,0.00858034131856972,-0.041419658681430285,1
596.5,252.28263894621142,116.78971883877172,0.0029623703974046684,0.23185909964551263,500003000.0,4.978259971800529,1.1974544886076757e-05,5.010789844447101e-05,3.823667610248032e-09,6.309994475993999e-08,0.0035961538899479486,2.4057698783761182e-09,3.44493188207503e-06,9.088623818391904e-12,0.008569507922733808,-0.04143049207726619,1
597.0,252.2619237001728,116.5798510796342,0.002962996606197273,0.23211065058335859,500003000.0,4.978483020677662,1.1976453695677666e-05,5.013940606384544e-05,3.817619201818586e-09,6.301523874886227e-08,0.003597873905384317,2.410418937143548e-09,3.4405792038108013e-06,9.088248349938476e-12,0.008558680363803807,-0.0414413196361962,1
597.5,252.2412030403547,116.37026693134673,0.002963624186705911,0.23236231404174174,500003000.0,4.978703848302905,1.1978359485169542e-05,5.017087136675404e-05,3.8115789837510744e-09,6.29306058172068e-08,0.0035995917464802653,2.4150669257126176e-09,3.4362288762384253e-06,9.0878404490841e-12,0.008547858652274523,-0.04145214134772548,1
598.0,252.22047696968082,116.16096620867175,0.0029642531381368353,0.2326140900099887,500003000.0,4.97892247596437,1.1980262258641045e-05,5.0202294389680986e-05,3.8055469430074575e-09,6.284604585388735e-08,0.003601307414411046,2.4197138341591014e-09,3.431880903572967e-06,9.087400192974415e-12,0.00853704279863141,-0.0414629572013686,1
598.5,252.19974549108014,115.95194872613267,0.002964883459694266,0.232865978477289,500003000.0,4.979138924756923,1.1982162020174339e-05,5.023367516905542e-05,3.79952306658665e-09,6.276155874886538e-08,0.0036030209103540224,2.424359652561492e-09,3.427535290017291e-06,9.086927658620566e-12,0.008526232813329565,-0.04147376718667044,1
599.0,252.1790086074868,115.74321429801392,0.002965515150593467,0.2331179794327424,500003000.0,4.979353215583783,1.1984058773845109e-05,5.0265013741252e-05,3.793507341541082e-09,6.26771443931534e-08,0.00360473223548866,2.429004371001022e-09,3.4231920397771503e-06,9.086422922901986e-12,0.008515428706831283,-0.04148457129316872,1
599.5,252.15826632184022,115.53476273836192,0.0029661482100450877,0.2333700928653007,500003000.0,4.979565369158119,1.1985952523722588e-05,5.02963101425914e-05,3.787499754956483e-09,6.259280267879355e-08,0.003606441390996532,2.4336479795616955e-09,3.4188511570431184e-06,9.085886062565629e-12,0.008504630489561092,-0.04149536951043891,1
600.0,252.137518637085,115.3265938609852,0.002966782637268502,0.23362231876381823,500003000.0,4.979775406004633,1.1987843273869572e-05,5.032756440934083e-05,3.78150029396874e-09,6.250853349886166e-08,0.0036081483780613073,2.4382904683303166e-09,3.4145126460059483e-06,9.085317154228858e-12,0.008493838171943964,-0.04150616182805604,1
