t_s,T_K,e_Pa,Sw,Si,Ncloud,Nice,r_cloud_m,r_ice_m,drcloud_dt,drice_dt,qcloud,qice,cond_rate_kgm3s,dep_rate_kgm3s,latent_heating_Ks,dT_dt_Ks,ice_active
0.0,273.15,580.4274281530295,-0.05000000000000009,-0.049927860781880086,0.0,0.0,1e-06,5e-07,0.0,0.0,0.0,0.0,0.0,0.0,0.0,-0.1,0
1.0,273.04999999999995,580.214856306059,-0.043428561742235604,-0.042419434998857655,0.0,0.0,1e-06,5e-07,0.0,0.0,0.0,0.0,0.0,0.0,0.0,-0.1,0
2.0,272.94999999999993,580.0022844590885,-0.03680604804737067,-0.034845915692426795,0.0,0.0,1e-06,5e-07,0.0,0.0,0.0,0.0,0.0,0.0,0.0,-0.1,0
3.0,272.8499999999999,579.789712612118,-0.03013202073387262,-0.027206691114391446,0.0,0.0,1e-06,5e-07,0.0,0.0,0.0,0.0,0.0,0.0,0.0,-0.1,0
4.0,272.7499999999999,579.5771407651475,-0.023406037522452485,-0.019501143338710374,0.0,0.0,1e-06,5e-07,0.0,0.0,0.0,0.0,0.0,0.0,0.0,-0.1,0
5.0,272.64999999999986,579.364568918177,-0.016627651994683156,-0.011728648194954618,0.0,0.0,1e-06,5e-07,0.0,0.0,0.0,0.0,0.0,0.0,0.0,-0.1,0
6.0,272.54999999999984,579.1519970712066,-0.009796413551171449,-0.003888575200942975,0.0,0.0,1e-06,5e-07,0.0,0.0,0.0,0.0,0.0,0.0,0.0,-0.1,0
7.0,272.4499999999998,578.9394252242361,-0.002911867369274869,0.004019712505341757,0.0,0.0,1e-06,5e-07,0.0,0.0,0.0,0.0,0.0,0.0,0.0,-0.1,0
8.0,272.3499999999998,578.4737835039554,0.004026445639637308,0.011996858234703955,500003000.0,0.0,1.223477383652823e-06,5e-07,2.2347738365282298e-07,0.0,3.8357390727028474e-06,0.0,2.1018801257689106e-06,0.0,0.005228557526788334,-0.09477144247321168,0
9.0,272.2552285575266,577.2748438852191,0.010190682676939374,0.019155615099380276,500003000.0,0.0,1.6836440381636158e-06,5e-07,4.601666545107929e-07,0.0,9.995673225024991e-06,0.0,8.195928717616256e-06,0.0,0.02038788238212999,-0.07961211761787002,0
10.0,272.17561643990877,575.4791295774164,0.013983021539133701,0.023779691588284656,500003000.0,0.0,2.140701561165681e-06,5e-07,4.570575230020653e-07,0.0,2.054610942450402e-05,0.0,1.31602938745646e-05,0.0,0.032737049439215425,-0.06726295056078457,0
11.0,272.10835348934796,573.2817786908295,0.01581612681833569,0.026306560763259854,500003000.0,0.0,2.5459628679695943e-06,5e-07,4.052613068039132e-07,0.0,3.456347623688284e-05,0.0,1.650523625894346e-05,0.0,0.04105780163916283,-0.058942198360837174,0
12.0,272.0494112909871,570.8485903326437,0.016313506882536116,0.02740220220270672,500003000.0,0.0,2.896417547662392e-06,5e-07,3.5045467969279793e-07,0.0,5.089143878148642e-05,0.0,1.8472967985916576e-05,0.0,0.04595265668138452,-0.054047343318615486,0
13.0,271.99536394766847,568.3071372713695,0.01601401338800377,0.027643488315230575,500003000.0,0.0,3.198012011147095e-06,5e-07,3.01594463484703e-07,0.0,6.850172232823345e-05,0.0,1.9380546528295768e-05,0.0,0.04821031474700439,-0.05178968525299561,0
14.0,271.9435742624155,565.7383803052055,0.015336471254336369,0.02747946859520294,500003000.0,0.0,3.458941925723966e-06,5e-07,2.609299145768706e-07,0.0,8.667443727467508e-05,0.0,1.961520661496425e-05,0.0,0.048794046305881224,-0.05120595369411878,0
15.0,271.89236830872136,563.1844182287881,0.014548344837566212,0.027197210957149255,500003000.0,0.0,3.6872145444814733e-06,5e-07,2.282726187575074e-07,0.0,0.00010499205690094668,0.0,1.949993266330539e-05,0.0,0.048507295182351716,-0.05149270481764829,0
16.0,271.8408756039037,560.6619405236868,0.013789494800540612,0.026946985329846743,500003000.0,0.0,3.889670545775216e-06,5e-07,2.024560012937425e-07,0.0,0.00012325361733253186,0.0,1.9245923954076375e-05,0.0,0.047875432721583025,-0.05212456727841698,0
17.0,271.7887510366253,558.1739859714027,0.01311587221662918,0.026789013374902,500003000.0,0.0,4.071744174357175e-06,5e-07,1.8207362858195904e-07,0.0,0.00014138478327054845,0.0,1.896664383666002e-05,0.0,0.047180706061343336,-0.05281929393865667,0
18.0,271.7359317426866,555.717698899156,0.012538135943703312,0.026734866085791377,500003000.0,0.0,4.237580827591339e-06,5e-07,1.6583665323416423e-07,0.0,0.00015937316758978196,0.0,1.8711085737642373e-05,0.0,0.04654498939712033,-0.053455010602879674,0
19.0,271.6824767320837,553.2885255603838,0.012047259204509497,0.026774942143667428,500003000.0,0.0,4.390284050416226e-06,5e-07,1.527032228248871e-07,0.0,0.00017723075155241653,0.0,1.8493363961153083e-05,0.0,0.046003392938191744,-0.05399660706180826,0
20.0,271.6284801250219,550.8820764286276,0.011628444475302372,0.026893413351231205,500003000.0,0.0,4.532171304963257e-06,5e-07,1.4188725454703164e-07,0.0,0.00019497555700372386,0.0,1.831211440975812e-05,0.0,0.04555252340735851,-0.05444747659264149,0
21.0,271.57403264842924,548.4947347005137,0.011267334362609106,0.027074903104110194,500003000.0,0.0,4.6649884430425515e-06,5e-07,1.3281713807929397e-07,0.0,0.00021262431912671286,0.0,1.8160915443158085e-05,0.0,0.04517640657502012,-0.05482359342497989,0
22.0,271.51920905500424,546.1237071337836,0.010952065843267342,0.02730670040050763,500003000.0,0.0,4.790071820236765e-06,5e-07,1.250833771942137e-07,0.0,0.0002301904461445504,0.0,1.8032922771613027e-05,0.0,0.04485801684480853,-0.055141983155191476,0
23.0,271.46406707184906,543.7668848685028,0.010673465217518214,0.027578974641588056,500003000.0,0.0,4.908464165382921e-06,5e-07,1.1839234514615543e-07,0.0,0.0002476840803447127,0.0,1.7922448737134675e-05,0.0,0.04458320581376785,-0.05541679418623215,0
24.0,271.40865027766284,541.4226757326867,0.010424602794834611,0.02788430059695398,500003000.0,0.0,5.020995199244939e-06,5e-07,1.1253103386201829e-07,0.0,0.00026511276412439095,0.0,1.7825199339817022e-05,0.0,0.044341291890092095,-0.05565870810990791,0
25.0,271.35299156955296,539.0898633202091,0.010200245961948538,0.02821707277117664,500003000.0,0.0,5.128337344961609e-06,5e-07,1.0734214571666979e-07,0.0,0.00028248212797611015,0.0,1.773805175279099e-05,0.0,0.044124506847738776,-0.05587549315226123,0
26.0,271.2971160764007,536.7675025323465,0.009996396931246874,0.028573009893290223,500003000.0,0.0,5.231044497024738e-06,5e-07,1.0270715206312887e-07,0.0,0.00029979643370180343,0.0,1.765875128095813e-05,0.0,0.043927241992433155,-0.05607275800756685,0
27.0,271.2410433183931,534.4548459397917,0.009809949255107296,0.028948786540551337,500003000.0,0.0,5.329579424783221e-06,5e-07,9.85349277584835e-08,0.0,0.0003170589635297094,0.0,1.7585655213976088e-05,0.0,0.04374541098004002,-0.056254589019959986,0
28.0,271.18478872937317,532.1512925724389,0.009638445459568266,0.029341773158791586,500003000.0,0.0,5.424333529442345e-06,5e-07,9.475410465912338e-08,0.0,0.00033427228927951884,0.0,1.7517546429132955e-05,0.0,0.04357598614212178,-0.05642401385787823,0
29.0,271.12836471551526,529.8563520822065,0.009479908488492415,0.029749855252110748,500003000.0,0.0,5.515641387037707e-06,5e-07,9.130785759536225e-08,0.0,0.0003514384578236354,0.0,1.7453505626330265e-05,0.0,0.04341668066251309,-0.05658331933748691,0
30.0,271.07178139617776,527.5696192537356,0.009332723805814881,0.030171306922466185,500003000.0,0.0,5.6037916676368985e-06,5e-07,8.815028059919156e-08,0.0,0.0003685591204273707,0.0,1.739282532790747e-05,0.0,0.04326573464653599,-0.056734265353464014,0
31.0,271.0150471308243,525.2907555103966,0.009195555605721826,0.030604701005176562,500003000.0,0.0,5.689035482641798e-06,5e-07,8.524381500489954e-08,0.0,0.00038563562469150464,0.0,1.733495174224314e-05,0.0,0.043121770503092384,-0.05687822949690762,0
32.0,270.9581689013274,523.0194752245502,0.009067286072267441,0.031048843934109567,500003000.0,0.0,5.771592868873538e-06,5e-07,8.255738623174011e-08,0.0,0.0004026690812861677,0.0,1.727944483745801e-05,0.0,0.04298369362551743,-0.05701630637448257,0
33.0,270.9011525949529,520.7555353952217,0.008946970458280057,0.031502727577527125,500003000.0,0.0,5.851657897033018e-06,5e-07,8.006502815947902e-08,0.0,0.00041966041335819146,0.0,1.7225950356724667e-05,0.0,0.04285062277792206,-0.05714937722207795,0
34.0,270.84400321773086,518.4987277359155,0.008833803243504981,0.03196549295803414,500003000.0,0.0,5.929402747114332e-06,5e-07,7.774485008131405e-08,0.0,0.00043661039376881246,0.0,1.717417978936554e-05,0.0,0.04272184027205358,-0.05727815972794643,0
35.0,270.7867250580029,516.2488725214065,0.0087270922157826,0.032436402469991986,500003000.0,0.0,6.004980996207912e-06,5e-07,7.557824909358054e-08,0.0,0.000453519673603413,0.0,1.71238957535835e-05,0.0,0.042596755605929106,-0.0574032443940709,0
36.0,270.7293218136088,514.00581374087,0.008626238330067777,0.032914818292861255,500003000.0,0.0,6.07853029766884e-06,5e-07,7.354930146092776e-08,0.0,0.00047038880430251,0.0,1.7074901140868922e-05,0.0,0.04247487845987294,-0.05752512154012707,0
37.0,270.67179669206865,511.7694152363024,0.008530719855246094,0.03340018540208378,500003000.0,0.0,6.150174584238783e-06,5e-07,7.164428656994315e-08,0.0,0.0004872182550523758,0.0,1.702703092845639e-05,0.0,0.042355798329493516,-0.05764420167050649,0
38.0,270.61415249039817,509.53955759433467,0.008440079752677857,0.03389201804472147,500003000.0,0.0,6.220025894744594e-06,5e-07,6.985131050581149e-08,0.0,0.0005040084266005599,0.0,1.6980145918894193e-05,0.0,0.042239168952473115,-0.05776083104752689,0
39.0,270.55639165935065,507.3161356212093,0.008353915524227852,0.0343898888624109,500003000.0,0.0,6.288185900186274e-06,5e-07,6.816000544167914e-08,0.0,0.0005207596623396767,0.0,1.69341278942602e-05,0.0,0.042124696254378605,-0.0578753037456214,0
40.0,270.49851635560503,505.09905627416146,0.008271870970549601,0.03489342006186752,500003000.0,0.0,6.354747187575915e-06,5e-07,6.656128738964109e-08,0.0,0.0005374722572791926,0.0,1.6888875823728633e-05,0.0,0.04201212891474784,-0.05798787108525216,0
41.0,270.4405284845198,502.8882369535753,0.008193629443539331,0.03540227618686702,500003000.0,0.0,6.419794346930723e-06,5e-07,6.504715935480746e-08,0.0,0.0005541464653670935,0.0,1.6844302865809048e-05,0.0,0.04190125090997275,-0.058098749090027255,0
42.0,270.38242973542975,500.68360408294546,0.008118908279187953,0.035916158155201564,500003000.0,0.0,6.483404897083254e-06,5e-07,6.36105501525308e-08,0.0,0.000570782505509764,0.0,1.680033397694326e-05,0.0,0.04179187556453547,-0.05820812443546453,0
43.0,270.3242216109943,498.4850919203713,0.008047454171532254,0.036434798304121954,500003000.0,0.0,6.545650078571451e-06,5e-07,6.22451814881967e-08,0.0,0.0005873805665557457,0.0,1.675690398770058e-05,0.0,0.04168384076542433,-0.05831615923457568,0
44.0,270.26590545175975,496.29264155774615,0.007979039303335815,0.036957956246658485,500003000.0,0.0,6.606595536191518e-06,5e-07,6.094545762006693e-08,0.0,0.000603940811448237,0.0,1.671395604325082e-05,0.0,0.04157700508271348,-0.05842299491728652,0
45.0,270.20748245684246,494.10620007321495,0.007913458089850594,0.037485415384746264,500003000.0,0.0,6.666301909395553e-06,5e-07,5.970637320403499e-08,0.0,0.0006204633807055236,0.0,1.6671440329890592e-05,0.0,0.04147124460171789,-0.05852875539828212,0
46.0,270.14895370144416,491.9257198096193,0.007850524422963764,0.03801697995845355,500003000.0,0.0,6.7248253452775756e-06,5e-07,5.852343588202294e-08,0.0,0.0006369483953543116,0.0,1.6629313028264306e-05,0.0,0.04136645031906544,-0.058633549680934566,0
47.0,270.0903201517632,489.7511577571436,0.007790069326475555,0.03855247253561774,500003000.0,0.0,6.78221794618297e-06,5e-07,5.739260090539437e-08,0.0,0.0006533959594148514,0.0,1.658753544760333e-05,0.0,0.041262525989063006,-0.058737474010937,0
48.0,270.0315826777523,487.5824750226596,0.007731938951216417,0.03909173186550382,500003000.0,0.0,6.838528161826041e-06,5e-07,5.6310215643070846e-08,0.0,0.0006698061620165293,0.0,1.654607330540135e-05,0.0,0.041159386331844156,-0.05884061366815585,0
49.0,269.9727420640841,485.4196363715854,0.0076759928528224485,0.03963461103523581,500003000.0,0.0,6.893801134082549e-06,5e-07,5.527297225650902e-08,0.0,0.0006861790792071944,0.0,1.6504896124943256e-05,0.0,0.04105695553468471,-0.05894304446531529,0
50.0,269.9137990196188,483.2626098307297,0.007622102505749401,0.040180975879168024,500003000.0,0.0,6.94807900124081e-06,5e-07,5.4277867158260376e-08,0.0,0.0007025147755071074,0.0,1.6463976728623987e-05,0.0,0.04095516599160196,-0.059044834008398044,0
51.0,269.85475418561043,481.11136634264363,0.007570150015952249,0.04073070360110174,500003000.0,0.0,7.00140116737665e-06,5e-07,5.332216613584066e-08,0.0,0.0007188133052491267,0.0,1.642329081001997e-05,0.0,0.04085395723885565,-0.05914604276114436,0
52.0,269.7956081428493,478.96587946370084,0.007520027001221356,0.04128368157593004,500003000.0,0.0,7.053804541605181e-06,5e-07,5.240337422853055e-08,0.0,0.0007350747137389019,0.0,1.6382816570598025e-05,0.0,0.040753275051238866,-0.05924672494876114,0
53.0,269.7363614179005,476.8261250994488,0.007471633613802842,0.04183980630373818,500003000.0,0.0,7.10532375121639e-06,5e-07,5.1519209611208437e-08,0.0,0.0007512990382629277,0.0,1.6342534410064338e-05,0.0,0.040653070671801836,-0.05934692932819817,0
54.0,269.67701448857235,474.6920812718573,0.007424877684255947,0.04239898249360486,500003000.0,0.0,7.155991332087302e-06,5e-07,5.0667580870912605e-08,0.0,0.0007674863089674716,0.0,1.6302426661374204e-05,0.0,0.04055330015267215,-0.05944669984732785,0
55.0,269.617567788725,472.5637279139729,0.007379673969013992,0.042961122258555154,500003000.0,0.0,7.205837899255105e-06,5e-07,4.984656716780355e-08,0.0,0.0007836365496274478,0.0,1.626247736305101e-05,0.0,0.0404539237886841,-0.059546076211315906,0
56.0,269.5580217125137,470.44104668821666,0.007335943486975945,0.04352614440564298,500003000.0,0.0,7.254892300113038e-06,5e-07,4.905440085793266e-08,0.0,0.0007997497783210546,0.0,1.622267206276482e-05,0.0,0.04035490562876821,-0.0596450943712318,0
57.0,269.4983766181425,468.32402082512573,0.0072936129329445884,0.04409397380850972,500003000.0,0.0,7.303181752338959e-06,5e-07,4.828945222592217e-08,0.0,0.0008158260080236384,0.0,1.6182997647500075e-05,0.0,0.04025621305348278,-0.059743786946517226,0
58.0,269.438632831196,466.21263497986337,0.007252614157405055,0.04466454085075865,500003000.0,0.0,7.350731968369904e-06,5e-07,4.755021603094478e-08,0.0,0.000831865247131819,0.0,1.6143442195944352e-05,0.0,0.04015781640782177,-0.05984218359217824,0
59.0,269.3787906476038,464.1068751041957,0.007212883703989728,0.045237780931192385,500003000.0,0.0,7.397567267987835e-06,5e-07,4.683529961793107e-08,0.0,0.0008478674999274131,0.0,1.6103994850002025e-05,0.0,0.04005968868159707,-0.05994031131840293,0
60.0,269.3188503362854,462.0067283319849,0.007174362397118611,0.045813634022703074,500003000.0,0.0,7.443710680371138e-06,5e-07,4.6143412383302424e-08,0.0,0.0008638327669891322,0.0,1.6064645702511906e-05,0.0,0.03996180523012912,-0.060038194769870885,0
61.0,269.25881214151553,459.91218287652606,0.007136994973471481,0.046392044278064884,500003000.0,0.0,7.489184036788068e-06,5e-07,4.547335641693031e-08,0.0,0.0008797610455588545,0.0,1.6025385698861745e-05,0.0,0.03986414352950683,-0.060135856470493174,0
62.0,269.19867628504505,457.82322793828615,0.0071007297518685085,0.046972959676856586,500003000.0,0.0,7.534008054956651e-06,5e-07,4.4824018168583244e-08,0.0,0.0008956523298683142,0.0,1.598620655057777e-05,0.0,0.03976668296163625,-0.06023331703836376,0
63.0,269.1384429680067,455.7398536218191,0.007065518336828333,0.047556331708388105,500003000.0,0.0,7.5782024159654444e-06,5e-07,4.4194361008793517e-08,0.0,0.0009115066114310776,0.0,1.5947100659103382e-05,0.0,0.03966940462463528,-0.060330595375364726,0
64.0,269.0781123726313,453.66205086077235,0.007031315351873326,0.04814211508645608,500003000.0,0.0,7.62178583453906e-06,5e-07,4.358341857361549e-08,0.0,0.0009273238793041815,0.0,1.5908061048582555e-05,0.0,0.03957229116562825,-0.060427708834371756,0
65.0,269.01768466379696,451.5898113500669,0.006998078199021256,0.04873026749215546,500003000.0,0.0,7.664776123336284e-06,5e-07,4.299028879722405e-08,0.0,0.0009431041203230373,0.0,1.586908130627489e-05,0.0,0.0394753266325246,-0.060524673367475405,0
66.0,268.9571599904295,449.52312748443796,0.006965766841506612,0.04932074934148398,500003000.0,0.0,7.707190251886649e-06,5e-07,4.241412855036514e-08,0.0,0.0009588473193128167,0.0,1.5830155529721686e-05,0.0,0.03937849634259126,-0.060621503657408746,0
67.0,268.8965384867721,447.46199230263943,0.006934343607069103,0.0499135235750004,500003000.0,0.0,7.749044400699839e-06,5e-07,4.185414881319107e-08,0.0,0.0009745534592790224,0.0,1.5791278279702682e-05,0.0,0.03928178676542955,-0.06071821323457045,0
68.0,268.83582027353754,445.4063994366914,0.006903773009570527,0.05050855546704341,500003000.0,0.0,7.790354011020863e-06,5e-07,4.130961032102338e-08,0.0,0.0009902225215796725,0.0,1.575244453834406e-05,0.0,0.03918518541876632,-0.06081481458123369,0
69.0,268.7750054589563,443.35634306563895,0.006874021586906044,0.051105812452407855,500003000.0,0.0,7.831133830650004e-06,5e-07,4.0779819629142004e-08,0.0,0.0010058544860811311,0.0,1.5713649671651908e-05,0.0,0.0390886807752535,-0.060911319224746505,0
70.0,268.7140941397315,441.31181787334395,0.006845057753502207,0.05170526396861928,500003000.0,0.0,7.871397956200079e-06,5e-07,4.0264125550074935e-08,0.0,0.001021449331299441,0.0,1.5674889396013423e-05,0.0,0.03899226217913787,-0.061007737820862135,0
71.0,268.6530864019106,439.2728190098966,0.006816851665842233,0.052306881312122716,500003000.0,0.0,7.911159872122455e-06,5e-07,3.9761915922376275e-08,0.0,0.0010370070345287164,0.0,1.5636159748133583e-05,0.0,0.03889591977147657,-0.061104080228523434,0
72.0,268.5919823216821,437.23934205627876,0.00678937509968178,0.05291063750697867,500003000.0,0.0,7.950432486797648e-06,5e-07,3.9272614675193e-08,0.0,0.001052527571957999,0.0,1.5597457058026975e-05,0.0,0.038799644422952674,-0.06120035557704733,0
73.0,268.53078196610505,435.2113829919535,0.006762601337768393,0.053516507184822176,500003000.0,0.0,7.989228165954884e-06,5e-07,3.879567915723678e-08,0.0,0.0010680109187778044,0.0,1.5558777924717247e-05,0.0,0.03870342767342599,-0.06129657232657402,0
74.0,268.4694853937785,433.1889381650988,0.006736505066986466,0.05412446647484019,500003000.0,0.0,8.027558763657271e-06,5e-07,3.83305977023866e-08,0.0,0.0010834570492773887,0.0,1.5520119194273958e-05,0.0,0.0386072616772984,-0.061392738322701604,0
75.0,268.4080926554558,431.17200426522066,0.006711062284056364,0.054734492902959855,500003000.0,0.0,8.065435651065188e-06,5e-07,3.7876887407918126e-08,0.0,0.0010988659369337652,0.0,1.5481477940056394e-05,0.0,0.038511139154369135,-0.06148886084563087,0
76.0,268.34660379461013,429.1605782979271,0.006686250208890421,0.055346565299162355,500003000.0,0.0,8.10286974316863e-06,5e-07,3.7434092103441827e-08,0.0,0.0011142375544932416,0.0,1.5442851444765874e-05,0.0,0.038415053345188736,-0.06158494665481127,0
77.0,268.2850188479553,427.1546575616588,0.006662047204913782,0.055960663712279875,500003000.0,0.0,8.13987152366039e-06,5e-07,3.7001780491759614e-08,0.0,0.0011295718740462271,0.0,1.5404237184199022e-05,0.0,0.03831899797064433,-0.061681002029355676,0
78.0,268.223337845926,425.1542396261895,0.006638432705707966,0.05657676933156087,500003000.0,0.0,8.176451068105211e-06,5e-07,3.657954444482148e-08,0.0,0.0011448688670960402,0.0,1.536563281255112e-05,0.0,0.03822296719540079,-0.061777032804599216,0
79.0,268.1615608131214,423.1593223127429,0.006615387147342981,0.057194864414261574,500003000.0,0.0,8.212618065544711e-06,5e-07,3.6166997439499745e-08,0.0,0.0011601285046222137,0.0,1.5327036148994226e-05,0.0,0.038126955594513005,-0.061873044405487,0
80.0,268.0996877687159,421.16990367557787,0.006592891905916989,0.05781493221886825,500003000.0,0.0,8.248381838664772e-06,5e-07,3.57637731200609e-08,0.0,0.0011753507571388641,0.0,1.5288445165486176e-05,0.0,0.03803095812309994,-0.06196904187690007,0
81.0,268.037718726839,419.1859819849139,0.006570929239815228,0.0584369569433074,500003000.0,0.0,8.283751362640085e-06,5e-07,3.53695239753124e-08,0.0,0.0011905355947485696,0.0,1.5249857975638964e-05,0.0,0.03793497008865414,-0.06206502991134587,0
82.0,267.9756536969276,417.2075557110743,0.006549482236302259,0.05906092366782334,500003000.0,0.0,8.318735282760055e-06,5e-07,3.498392011997009e-08,0.0,0.0012056829871922225,0.0,1.5211272824615591e-05,0.0,0.03783898712590943,-0.06216101287409057,0
83.0,267.91349268405355,415.23462350974944,0.006528534762012803,0.05968681830203048,500003000.0,0.0,8.353341930930472e-06,5e-07,3.4606648170416935e-08,0.0,0.0012207929038951701,0.0,1.5172688079824304e-05,0.0,0.03774300517369229,-0.06225699482630771,0
84.0,267.8512356892272,413.2671842082783,0.006508071417064842,0.06031462753577717,500003000.0,0.0,8.387579341137137e-06,5e-07,3.423741020666498e-08,0.0,0.0012358653140100318,0.0,1.513410222247046e-05,0.0,0.03764702045390662,-0.06235297954609339,0
85.0,267.7888827096811,411.30523679287404,0.006488077492415378,0.06094433879352187,500003000.0,0.0,8.421455263949611e-06,5e-07,3.387592281247293e-08,0.0,0.001250900186456405,0.0,1.5095513839717786e-05,0.0,0.0375510294520343,-0.06244897054796571,0
86.0,267.72643373913314,409.3487803967017,0.0064685389302792965,0.061575940192007024,500003000.0,0.0,8.45497718013686e-06,5e-07,3.352191618724916e-08,0.0,0.0012658974899578468,0.0,1.5056921617615463e-05,0.0,0.03745502889954096,-0.06254497110045905,0
87.0,267.6638887680327,407.3978142887461,0.006449442287280467,0.06220942050075768,500003000.0,0.0,8.488152313459973e-06,5e-07,3.3175133323112924e-08,0.0,0.001280857193076308,0.0,1.5018324334540732e-05,0.0,0.03735901575756401,-0.062640984242436,0
88.0,267.60124778379026,405.4523378634101,0.0064307747001234195,0.06284476910538554,500003000.0,0.0,8.520987642701583e-06,5e-07,3.283532924160969e-08,0.0,0.0012957792642442078,0.0,1.4979720855135405e-05,0.0,0.03726298720182937,-0.06273701279817064,0
89.0,267.5385107709921,403.5123506307757,0.006412523853633245,0.06348197597333013,500003000.0,0.0,8.55348991298689e-06,5e-07,3.2502270285307235e-08,0.0,0.0013106636717944346,0.0,1.49411101248099e-05,0.0,0.037166940608979855,-0.06283305939102016,0
90.0,267.47567771160107,401.57785220748366,0.006394677950906866,0.06412103162192198,500003000.0,0.0,8.585665646446237e-06,5e-07,3.2175733459347e-08,0.0,0.0013255103839883752,0.0,1.4902491164605262e-05,0.0,0.03707087354379419,-0.06292912645620583,0
91.0,267.41274858514487,399.6488423081836,0.006377225685445122,0.06476192708848466,500003000.0,0.0,8.617521152265262e-06,5e-07,3.185550581902476e-08,0.0,0.0013403193690421419,0.0,1.4863863066463156e-05,0.0,0.03697478374742079,-0.06302521625257922,0
92.0,267.3497233688923,397.72532073750136,0.0063601562151404355,0.06540465390253597,500003000.0,0.0,8.649062536165062e-06,5e-07,3.1541383899799305e-08,0.0,0.0013550905951512314,0.0,1.48252249889352e-05,0.0,0.03687866912670448,-0.06312133087329552,0
93.0,267.286602038019,395.80728738250053,0.006343459137886822,0.06604920405958366,500003000.0,0.0,8.68029570935093e-06,5e-07,3.12331731858682e-08,0.0,0.0013698240305136005,0.0,1.4786576153081706e-05,0.0,0.03678252774398434,-0.06321747225601566,0
94.0,267.22338456576296,393.8947422055849,0.006327124468806667,0.06669556999675734,500003000.0,0.0,8.711226396965767e-06,5e-07,3.093068761483744e-08,0.0,0.0013845196433514278,0.0,1.4747915838816456e-05,0.0,0.036686357808001134,-0.06331364219199886,0
95.0,267.16007092357097,391.9876852378253,0.006311142618855483,0.0673437445698195,500003000.0,0.0,8.741860146080838e-06,5e-07,3.063374911507137e-08,0.0,0.0013991774019315327,0.0,1.4709243381386255e-05,0.0,0.03659015766513994,-0.06340984233486006,0
96.0,267.0966610812361,390.0861165726609,0.006295504374828458,0.06799372103180142,500003000.0,0.0,8.772202333254646e-06,5e-07,3.0342187173809385e-08,0.0,0.001413797274584714,0.0,1.4670558168266219e-05,0.0,0.036493925791707016,-0.06350607420829299,0
97.0,267.0331550070278,388.1900363599696,0.006280200880521338,0.06864549301269805,500003000.0,0.0,8.802258171687633e-06,5e-07,3.005583843298591e-08,0.0,0.0014283792297239127,0.0,1.4631859636099626e-05,0.0,0.036397660786317475,-0.06360233921368252,0
98.0,266.9695526678141,386.29944480046447,0.006265223619099047,0.069299054500619,500003000.0,0.0,8.832032717998955e-06,5e-07,2.9774546311323123e-08,0.0,0.0014429232358614298,0.0,1.4593147267996379e-05,0.0,0.03630136136317508,-0.06369863863682493,0
99.0,266.9058540291773,384.4143421403986,0.006250564396505267,0.06995439982392658,500003000.0,0.0,8.861530878649292e-06,5e-07,2.9498160650337595e-08,0.0,0.0014574292616252292,0.0,1.4554420590974744e-05,0.0,0.03620502634570832,-0.06379497365429168,0
100.0,266.842059055523,382.53472866656176,0.006236215325844559,0.07061152363448543,500003000.0,0.0,8.890757416031813e-06,5e-07,2.922653738251976e-08,0.0,0.0014718972757743495,0.0,1.451567917354616e-05,0.0,0.03610865466056259,-0.06389134533943741,0
101.0,266.7781677101836,380.6606047015422,0.00622216881270497,0.07127042089188292,500003000.0,0.0,8.919716954252047e-06,5e-07,2.895953822023406e-08,0.0,0.0014863272472135463,0.0,1.4476922623515688e-05,0.0,0.03601224533212858,-0.06398775466787143,0
102.0,266.7141799555157,378.791970599235,0.006208417541339091,0.0719310868485719,500003000.0,0.0,8.948413984615804e-06,5e-07,2.869703036375599e-08,0.0,0.0015007191450072338,0.0,1.4438150585941477e-05,0.0,0.035915797477466364,-0.06408420252253363,0
103.0,266.6500957529932,376.9288267405936,0.00619495446159397,0.07259351703583244,500003000.0,0.0,8.976852870842646e-06,5e-07,2.8438886226842852e-08,0.0,0.0015150729383926601,0.0,1.4399362741122713e-05,0.0,0.035819310301300276,-0.06418068969869972,0
104.0,266.5859150632945,375.07117352958323,0.006181772776672397,0.07325770725056861,500003000.0,0.0,9.005037854021857e-06,5e-07,2.8184983179211107e-08,0.0,0.0015293885967925802,0.0,1.4360558802923005e-05,0.0,0.035722783091848266,-0.06427721690815175,0
105.0,266.5216378463864,373.2190113893518,0.006168865931485742,0.07392365354277944,500003000.0,0.0,9.032973057325742e-06,5e-07,2.7935203303885567e-08,0.0,0.0015436660898272257,0.0,1.4321738516976482e-05,0.0,0.035626215216359405,-0.0643737847836406,0
106.0,266.45726406160276,371.3723407585819,0.006156227601731798,0.07459135220381741,500003000.0,0.0,9.060662490494927e-06,5e-07,2.7689433169184147e-08,0.0,0.0015579053873258088,0.0,1.4282901659185498e-05,0.0,0.035529606117376863,-0.06447039388262314,0
107.0,266.3927936677201,369.5311620880254,0.006143851683530145,0.07526079975518193,500003000.0,0.0,9.08811005410871e-06,5e-07,2.7447563613783326e-08,0.0,0.001572106459337472,0.0,1.4244048034210384e-05,0.0,0.03543295530898106,-0.06456704469101895,0
108.0,266.3282266230291,367.6954758372004,0.0061317322836547585,0.0759319929379982,500003000.0,0.0,9.115319543653031e-06,5e-07,2.720948954432096e-08,0.0,0.0015862692761418092,0.0,1.4205177474127525e-05,0.0,0.035336262373451555,-0.06466373762654845,0
109.0,266.2635628854025,365.86528247124784,0.006119863710267937,0.07660492870301974,500003000.0,0.0,9.142294653397466e-06,5e-07,2.697510974443412e-08,0.0,0.0016003938082589137,0.0,1.4166289837110173e-05,0.0,0.035239526957985504,-0.0647604730420145,0
110.0,266.19880241236046,364.04058245793135,0.00610824046417321,0.0772796042011704,500003000.0,0.0,9.169038980092157e-06,5e-07,2.6744326694692383e-08,0.0,0.001614480026459044,0.0,1.4127385006244885e-05,0.0,0.03514274877175344,-0.06485725122824657,0
111.0,266.1339451611322,362.22137626477644,0.006096857230512697,0.07795601677457818,500003000.0,0.0,9.195556026494679e-06,5e-07,2.651704640252239e-08,0.0,0.0016285279017718905,0.0,1.408846288837713e-05,0.0,0.03504592758302769,-0.06495407241697232,0
112.0,266.0689910887152,360.407664356337,0.00608570887091598,0.07863416394806585,500003000.0,0.0,9.221849204736304e-06,5e-07,2.6293178241625346e-08,0.0,0.0016425374054955004,0.0,1.4049523413064193e-05,0.0,0.0349490632165776,-0.06505093678342241,0
113.0,266.0039401519318,358.59944719158415,0.006074790416045076,0.07931404342111223,500003000.0,0.0,9.247921839536457e-06,5e-07,2.6072634800152738e-08,0.0,0.001656508509204859,0.0,1.4010566531564213e-05,0.0,0.03485215555115476,-0.06514784444884525,0
114.0,265.9387923074829,356.79672522140993,0.006064097058522624,0.07999565306014421,500003000.0,0.0,9.273777171273589e-06,5e-07,2.5855331737130795e-08,0.0,0.0016704411847601511,0.0,1.3971592215885046e-05,0.0,0.03475520451712698,-0.06524479548287303,0
115.0,265.873547512,354.99949852303257,0.006053624146240934,0.08067899089131214,500003000.0,1.0197608584499462,9.299418358920286e-06,6.5528921029585795e-06,2.5641187646698294e-08,6.052892102958579e-06,0.0016843354043147654,1.1021871278466796e-12,1.3932600457936622e-05,3.0542635178352798e-12,0.03465821870708891,-0.0653417812929111,1
116.0,265.80820573070713,353.2077686853391,0.0060433654782061095,0.08136405317688263,500003000.0,1.0465390026144399,9.324848475718391e-06,7.016786119555779e-06,2.54301167981053e-08,4.638940165971989e-07,0.001698191136426827,1.388762816625106e-12,1.3893587351245742e-05,2.7544181201828283e-13,0.034561163342006415,-0.06543883665799359,1
117.0,265.7427668940491,351.4215347901076,0.006033322018932325,0.08205084424484406,500003000.0,1.0738715304091095,9.350070541375923e-06,7.451901679877001e-06,2.5222065657531537e-08,4.351155603212229e-07,0.0017120083621723005,1.706913929138218e-12,1.3854565201151475e-05,2.989994403855318e-13,0.03446409338332647,-0.06553590661667354,1
118.0,265.67723098743244,349.6407978856013,0.006023483542140329,0.08273935580126345,500003000.0,1.1017606651480132,9.375087477027155e-06,7.863372687613097e-06,2.5016935651232163e-08,4.1147100773609574e-07,0.001725787049190722,2.057651339779045e-12,1.3815520227345523e-05,3.230155445953104e-13,0.034366966650537185,-0.06563303334946283,1
119.0,265.611597954083,347.8655582016175,0.006013848866784614,0.083429589719874,500003000.0,1.1302080832781705,9.399902145131411e-06,8.254964595265937e-06,2.4814668104255734e-08,3.915919076528401e-07,0.001739527172105627,2.4420918761381343e-12,1.3776459191064978e-05,3.475375595149821e-13,0.03426979996277004,-0.06573020003722996,1
120.0,265.54586775404573,346.0958161271018,0.006004413370729375,0.08412154398867311,500003000.0,1.1592148609713029,9.424517336880662e-06,8.629537638247398e-06,2.4615191749251282e-08,3.74573042981461e-07,0.0017532287043682078,2.861438834285581e-12,1.3737380662275485e-05,3.7261017787785694e-13,0.034172589762851695,-0.0658274102371483,1
121.0,265.4800403438086,344.33157198703725,0.005995173360159083,0.0848152176268698,500003000.0,1.1887814541744923,9.448935777815525e-06,8.989325554135584e-06,2.4418440934862437e-08,3.597879158881846e-07,0.0017668916201079832,3.316968086222658e-12,1.3698285080487035e-05,3.982740510250977e-13,0.03407533714420523,-0.06592466285579478,1
122.0,265.41411568095276,342.572826091206,0.00598612507339857,0.08551060956350442,500003000.0,1.2189076685079308,9.473160129225711e-06,9.336112544681394e-06,2.4224351410185864e-08,3.4678699054580975e-07,0.0017805158937177486,3.810017666734895e-12,1.3659172476491835e-05,4.245657561163597e-13,0.03397804218353129,-0.06602195781646872,1
123.0,265.3480937231363,340.8195787207835,0.005977264903753441,0.08620771888859799,500003000.0,1.2495926321703734,9.497192990400498e-06,9.671350597249608e-06,2.403286117478673e-08,3.352380525682137e-07,0.001794101499957186,4.341979638653778e-12,1.362004299339697e-05,4.515181567609841e-13,0.03388070523691033,-0.06611929476308967,1
124.0,265.2819744283732,339.07183012940317,0.005968589342528892,0.08690654478906845,500003000.0,1.2808347690013413,9.521036900578475e-06,9.996240077441185e-06,2.3843910177977467e-08,3.248894801915779e-07,0.0018076484139361824,4.9142934593198925e-12,1.3580896765342554e-05,4.79160835015481e-13,0.033783326638107646,-0.06621667336189235,1
125.0,265.2157577550113,337.32958054091426,0.005960094987285435,0.08760708655815852,500003000.0,1.312631772565048,9.544694340867245e-06,1.0311786762489281e-05,2.3657440288769774e-08,3.155466850480952e-07,0.0018211566111260764,5.528440351748583e-12,1.3541733945237728e-05,5.075204908695969e-13,0.033685906767569544,-0.06631409323243045,1
126.0,265.14944366177883,335.59283014799166,0.005951778535029341,0.08830934358784535,500003000.0,1.3449805812583195,9.568167736074883e-06,1.0618843235742898e-05,2.3473395207638667e-08,3.0705647325361687e-07,0.0018346260673641267,6.185938348363782e-12,1.3502554697627124e-05,5.366212790352024e-13,0.03358844603467912,-0.06641155396532089,1
127.0,265.0830321078135,333.8615791106102,0.005943636779194348,0.08901331536557752,500003000.0,1.3778773546548013,9.591459456471472e-06,1.0918139591789822e-05,2.329172039658985e-08,2.99296356046925e-07,0.0018480567588594263,6.888337781489912e-12,1.3463359199836658e-05,5.664850810582981e-13,0.033490944880607325,-0.06650905511939267,1
128.0,265.0165230526941,332.13582755461664,0.005935666605926131,0.08971900147013137,500003000.0,1.4113174512524453,9.614571819480702e-06,1.121030664832298e-05,2.3112363009230146e-08,2.921670565331572e-07,0.0018614486621983022,7.637217063609396e-12,1.3424147641167664e-05,5.971317198303473e-13,0.033393403776308915,-0.06660659622369108,1
129.0,264.9499164564704,330.4155755703413,0.005927864990728742,0.09042640156791582,500003000.0,1.4452954078056834,9.637507091305637e-06,1.1495893788072417e-05,2.2935271824934222e-08,2.855871397494377e-07,0.001874801754349666,8.434178646740195e-12,1.338492022257424e-05,6.285791257981503e-13,0.03329582322172024,-0.06670417677827976,1
130.0,264.88321227969215,328.7008232112535,0.005920228995237442,0.09113551540940018,500003000.0,1.4798049204223682,9.660267488491652e-06,1.1775382876937234e-05,2.276039718601572e-08,2.794890888648164e-07,0.0018881160126702696,9.280845082179592e-12,1.3345677156304581e-05,6.608434637809134e-13,0.03319820374486749,-0.06680179625513252,1
131.0,264.81641048343704,326.99157049267114,0.005912755764091167,0.09184634282565224,500003000.0,1.5148388276057592,9.682855179429317e-06,1.2049199265103818e-05,2.258769093766566e-08,2.738163881665851e-07,0.0019013914149097722,1.0178855124408475e-11,1.3306418665463506e-05,6.939392281215918e-13,0.03310054590077864,-0.06689945409922136,1
132.0,264.74951102933784,325.28781739050083,0.0059054425220132906,0.09255888372508099,500003000.0,1.5503890954211699,9.705272285800262e-06,1.2317720585895783e-05,2.2417106370945032e-08,2.685213207919649e-07,0.001914627939215789,1.1129859839293819e-11,1.3267144983757012e-05,7.278793125974976e-13,0.03300285027084826,-0.06699714972915174,1
133.0,264.6825138796087,323.5895638400268,0.005898286570954337,0.09327313809025013,500003000.0,1.5864468049628702,9.727520883968406e-06,1.2581283868731869e-05,2.2248598168144587e-08,2.6356328283608574e-07,0.0019278255641387743,1.2135518688852939e-11,1.3227856355103214e-05,7.62675060333523e-13,0.032905117461869804,-0.0670948825381302,1
134.0,264.61541899707055,321.89680973473617,0.00589128528738952,0.09398910597488491,500003000.0,1.623002142293097,9.749603006319161e-06,1.2840191345185877e-05,2.20821223507548e-08,2.589074764540069e-07,0.0019409842686368198,1.3197495574081345e-11,1.318855303333327e-05,7.98336297974116e-13,0.03280734810529178,-0.06719265189470822,1
135.0,264.54822634517586,320.2095549251774,0.005884436119738655,0.09470678750094304,500003000.0,1.6600443910184226,9.771520642548971e-06,1.3094715230314478e-05,2.1917636229810393e-08,2.545238851286018e-07,0.00195410403208039,1.4317454824537544e-11,1.3149235281921703e-05,8.348713575668245e-13,0.032709542856546946,-0.06729045714345305,1
136.0,264.48093588803243,318.527799217857,0.005877736585872631,0.0954261828558669,500003000.0,1.697561927660551,9.793275740907344e-06,1.3345101692080758e-05,2.175509835837356e-08,2.5038646176627935e-07,0.001967184834256941,1.5497057129114062e-11,1.3109903373678159e-05,8.72287088973938e-13,0.03261170239428558,-0.06738829760571442,1
137.0,264.41354759042673,316.85154237416924,0.005871184270738219,0.09614729228987232,500003000.0,1.7355422199690502,9.814870209393524e-06,1.359157417132278e-05,2.1594468486180267e-08,2.4647247924202315e-07,0.001980226655375465,1.6737955407096173e-11,1.30705575904835e-05,9.105888651221448e-13,0.032513827419719,-0.067486172580281,1
138.0,264.34606141784644,315.1807841093566,0.005864776824079686,0.09687011611340464,500003000.0,1.7739718283118389,9.8363059169098e-06,1.3834336177625363e-05,2.143570751627777e-08,2.4276200630258194e-07,0.001993229476070945,1.8041790622488145e-11,1.3031198223032705e-05,9.497805820036372e-13,0.032415918655980036,-0.06758408134401997,1
139.0,264.2784773365024,313.5155240915027,0.005858511958251798,0.09759465469466333,500003000.0,1.8128364102658097,9.85758469437335e-06,1.4073573658808706e-05,2.1278777463548822e-08,2.3923748118334254e-07,0.002006193277408737,1.9410187547855567e-11,1.2991825570582723e-05,9.898646550242987e-13,0.03231797684749576,-0.06768202315250424,1
140.0,264.21079531334993,311.85576194055085,0.005852387446136087,0.0983209084572214,500003000.0,1.8521207285149273,9.878708335788435e-06,1.4309457020911385e-05,2.112364141508534e-08,2.3588336210267917e-07,0.002019118040888894,2.084475048672449e-11,1.2952439940741271e-05,1.0308420130438046e-12,0.03222000275946213,-0.06777999724053788,1
141.0,264.14301531610937,310.2014972273522,0.00584640111912656,0.09904887787776458,500003000.0,1.8918086621461567,9.899678599280648e-06,1.454214285967593e-05,2.0970263492212334e-08,2.3268583876454482e-07,0.002032003748450409,2.2347058965977865e-11,1.2913041649230277e-05,1.0727120912499096e-12,0.03212199717725549,-0.06787800282274452,1
142.0,264.07513731328663,308.55272947274506,0.005840550865185321,0.09977856348387107,500003000.0,1.9318832214150325,9.920497208094743e-06,1.4771775452341369e-05,2.081860881409535e-08,2.2963259266543978e-07,0.0020448503824753526,2.391866341175879e-11,1.2873631019634191e-05,1.1154728238433086e-12,0.032023960905806434,-0.06797603909419357,1
143.0,264.0071612741924,306.9094581466489,0.0058348346270332705,0.10050996585192008,500003000.0,1.97232656603335,9.941165851557838e-06,1.4998488049077763e-05,2.066864346309548e-08,2.267125967363938e-07,0.002057657925793039,2.5561080824180823e-11,1.2834208383284653e-05,1.1591206373755527e-12,0.03192589476931296,-0.06807410523068705,1
144.0,263.93908716896175,305.2716826671977,0.005829250400319314,0.10124308560502437,500003000.0,2.0131200270087737,9.961686186009087e-06,1.5222403995987572e-05,2.0520334451249687e-08,2.2391594690981013e-07,0.002070426361683999,2.7275790467648606e-11,1.2794774078943554e-05,1.2036504454658338e-12,0.031827799610451984,-0.06817220038954802,1
145.0,263.8709149685722,303.6394023998802,0.005823796231976736,0.10197792341109785,500003000.0,2.0542441320454032,9.982059835697647e-06,1.544363771575508e-05,2.0373649688559626e-08,2.212337197675058e-07,0.00208315567388404,2.906422959488915e-11,1.2755328452751924e-05,1.2490556455286112e-12,0.031729676290252244,-0.06827032370974775,1
146.0,263.8026446448625,302.0126166567191,0.005818470218522583,0.10271447998095631,500003000.0,2.095678634488683,1.0002288393649814e-05,1.566229556738188e-05,2.0228557952166832e-08,2.1865785162680233e-07,0.0020958458465881024,3.0927789223806116e-11,1.2715871857913528e-05,1.2953281180559004e-12,0.03163152568730717,-0.06836847431269283,1
147.0,263.7342761705498,300.3913246954589,0.005813270504533074,0.10345275606649061,500003000.0,2.137402545775637,1.0022373422506997e-05,1.5878476602732353e-05,2.0085028857183568e-08,2.1618103535047263e-07,0.00210849686445418,3.286780998710393e-11,1.2676404654632212e-05,1.3424582289258233e-12,0.031533348697619056,-0.06846665130238094,1
148.0,263.6658095192474,298.77552571878454,0.0058081952810915055,0.10419275245889954,500003000.0,2.179394171324587,1.0042316455335411e-05,1.609227323462206e-05,1.994303282841369e-08,2.137966318897069e-07,0.002121108712607094,3.4885578075184645e-11,1.2636927209861977e-05,1.3904348351393838e-12,0.03143514623397738,-0.06856485376602262,1
149.0,263.59724466548136,297.1652188735536,0.005803242784358671,0.10493446998700459,500003000.0,2.2216311497745918,1.0062118996408851e-05,1.630377182875917e-05,1.980254107344025e-08,2.114985941371089e-07,0.0021336813766422717,3.6982321293194104e-11,1.2597439897204419e-05,1.4392452943263571e-12,0.03133691922570369,-0.06866308077429631,1
150.0,263.52858158470707,295.56040325004994,0.005798411294164891,0.10567790951561294,500003000.0,2.2640904954583734,1.0081782521965534e-05,1.6513053229874355e-05,1.966352555668297e-08,2.0928140111518558e-07,0.002146214842629462,3.9159205253205863e-11,1.2557943096737932e-05,1.4888754783013104e-12,0.031238668618226804,-0.0687613313817732,1
151.0,263.4598202533253,293.9610778812568,0.005793699132658329,0.10642307194392348,500003000.0,2.3067486439676763,1.0101308480940038e-05,1.672019323075692e-05,1.9525958974504744e-08,2.0714000088256425e-07,0.0021587090971163865,4.1417329722438086e-11,1.2518437194859968e-05,1.5393097908960412e-12,0.031140395372690415,-0.06885960462730958,1
152.0,263.39096064869796,292.36724174214896,0.005789104663008181,0.10716995820400996,500003000.0,2.3495815006451917,1.0120698295671359e-05,1.6925262991582513e-05,1.938981473132113e-08,2.050697608255934e-07,0.0021711641271323443,4.3757725148075545e-11,1.2478922584143916e-05,1.5905311902421835e-12,0.031042100465597196,-0.06895789953440282,1
153.0,263.3220027491636,290.77889374900076,0.005784626288159261,0.10791856925931627,500003000.0,2.392564491813059,1.013995336258802e-05,1.7128329415814924e-05,1.925506691666232e-08,2.0306642423241015e-07,0.002183579920191772,4.6181349378721625e-11,1.2439399663207603e-05,1.6425212156252417e-12,0.030943784888481724,-0.06905621511151828,1
154.0,263.25294653405206,289.19603275870816,0.005780262449644058,0.10866890610327831,500003000.0,2.4356726185251687,1.015907505287119e-05,1.7329455488047568e-05,1.9121690283170375e-08,2.0112607223264342e-07,0.002195956464297789,4.8689084601749e-11,1.2399868836610499e-05,1.6952600189844655e-12,0.030845449647654868,-0.06915455035234513,1
155.0,263.18379198369973,287.61865756813563,0.005776011626390535,0.1094209697578754,500003000.0,2.4788805126082583,1.0178064713096484e-05,1.7528700578384e-05,1.898966022529354e-08,1.9924509033643314e-07,0.002208293747945622,5.1281734514832504e-11,1.2360330514651308e-05,1.7487264010802273e-12,0.03074709576370039,-0.06925290423629962,1
156.0,263.11453907946344,286.0467669134682,0.00577187233364933,0.11017476127235562,500003000.0,2.5221624947378594,1.019692366585554e-05,1.7726120717314697e-05,1.8858952759054644e-08,1.9742013893069783e-07,0.0022205917601260798,5.396002174880061e-11,1.2320785113335485e-05,1.8028978523111627e-12,0.030648724271394253,-0.06935127572860575,1
157.0,263.04518780373485,284.48035946958896,0.005767843121879531,0.11093028172187543,500003000.0,2.565492634275657,1.021565321035787e-05,1.7921768844505764e-05,1.8729544502330467e-08,1.9564812719106834e-07,0.002232850490328892,5.672458555755123e-11,1.2281233054171097e-05,1.8577505981101966e-12,0.03055033621919695,-0.06944966378080306,1
158.0,262.97573813995405,282.9194338494629,0.005763922575745264,0.11168753220631782,500003000.0,2.60884481058003,1.0234254623013985e-05,1.8115695034458208e-05,1.8601412656114495e-08,1.9392618995244502e-07,0.002245069928546082,5.957597978927028e-11,1.224167476412281e-05,1.9132596488141175e-12,0.030451932669139176,-0.06954806733086083,1
159.0,262.9061900726232,281.36398860354154,0.005760109313093246,0.11244651384902742,500003000.0,2.6521927754867307,1.0252729158000295e-05,1.8307946701607704e-05,1.8474534986309088e-08,1.9225166714949653e-07,0.002257250065275249,6.251467115146869e-11,1.2202110675449543e-05,1.9693988538513144e-12,0.030353514696418116,-0.06964648530358189,1
160.0,262.8365435873196,279.8140222191777,0.005756401984003852,0.1132072277956221,500003000.0,2.695510216646306,1.0271078047806618e-05,1.849856878710447e-05,1.8348889806323014e-08,1.9062208549676483e-07,0.0022693908915228287,6.554103778053632e-11,1.216254122562662e-05,2.026140960060241e-12,0.03025508338920401,-0.06974491661079599,1
161.0,262.76679867070885,278.2695331200549,0.005752799269857716,0.1139696752129037,500003000.0,2.7387708213956947,1.0289302503766878e-05,1.8687603929230368e-05,1.8224455960260157e-08,1.8903514212589671e-07,0.0022814923988073153,6.865536812453871e-11,1.2122966857231665e-05,2.0834576739120398e-12,0.03015663984835643,-0.06984336015164358,1
162.0,262.6969553105572,276.7305196656304,0.005749299882439225,0.11473385728770834,500003000.0,2.7819483408360055,1.0307403716573623e-05,1.8875092619167945e-05,1.8101212806745274e-08,1.874886899375775e-07,0.00229355457916244,7.185786014592636e-11,1.2083388017842728e-05,2.141319727373814e-12,0.03005818518717107,-0.06994181481282893,1
163.0,262.6270134957444,275.19698015059356,0.005745902563059404,0.11549977522583611,500003000.0,2.8250166537853945,1.0325382856776932e-05,1.906107334362809e-05,1.7979140203308663e-08,1.8598072446014536e-07,0.0023055774251402837,7.514862084868751e-11,1.2043805159914394e-05,2.1996969471226198e-12,0.029959720531071776,-0.07004027946892823,1
164.0,262.5569732162755,273.6689128043292,0.005742606081751917,0.11626743025103504,500003000.0,2.86794983027643,1.0343241075268408e-05,1.924558271566332e-05,1.7858218491476283e-08,1.8450937203523003e-07,0.0023175609298144166,7.852766613229403e-11,1.2004218740747308e-05,2.2585583267899084e-12,0.029861247017534894,-0.07013875298246511,1
165.0,262.486834463293,272.14631579040184,0.005739409236431963,0.11703682360395351,500003000.0,2.9107221942694723,1.0360979503750606e-05,1.9428655594838248e-05,1.7738428482198748e-08,1.8307287917493038e-07,0.002329505086782928,8.199492097254974e-11,1.1964629222321776e-05,2.3178721018895912e-12,0.029762765795675595,-0.07023723420432441,1
166.0,262.41659722908867,270.62918720604824,0.005736310852132379,0.11780795654115744,500003000.0,2.953308385260454,1.0378599255192565e-05,1.9610325197794186e-05,1.761975144195928e-08,1.8166960295593714e-07,0.002341409890171451,8.55502199272544e-11,1.1925037071238388e-05,2.3776058270658755e-12,0.029664278026100385,-0.07033572197389962,1
167.0,262.3462615071148,269.11752508168036,0.005733309780254931,0.11858083033422442,500003000.0,2.995683418469514,1.039610142427191e-05,1.979062320012761e-05,1.750216907934571e-08,1.8029800233342467e-07,0.0023532753346361523,8.919330796237998e-11,1.1885442758636907e-05,2.4377264552775714e-12,0.029565784880705513,-0.07043421511929449,1
168.0,262.2758272919955,267.61132738040027,0.005730404897842372,0.11935544626875373,500003000.0,3.0378227433086176,1.0413487087803997e-05,1.9969579830399922e-05,1.7385663532087363e-08,1.7895663027231367e-07,0.0023651014153666878,9.292384159230697e-11,1.1845846760107712e-05,2.498200418518945e-12,0.02946728754245698,-0.07053271245754303,1
169.0,262.20529457953796,266.1105919975291,0.005727595106862692,0.12013180564348273,500003000.0,3.079702299840145,1.0430757305158511e-05,2.0147223957006808e-05,1.7270217354514696e-08,1.77644126606884e-07,0.0023768881280890877,9.674139032558164e-11,1.1806249555580175e-05,2.5589937096738554e-12,0.029368787205113045,-0.07063121279488696,1
170.0,262.1346633667431,264.6153167601424,0.005724879333550801,0.12090990976943777,500003000.0,3.121298572955262,1.0447913118664074e-05,2.0323583168557205e-05,1.7155813505562336e-08,1.7635921155039663e-07,0.002388635469068656,1.0064543840567654e-10,1.176665162928338e-05,2.620071965089786e-12,0.02927028507312677,-0.07072971492687324,1
171.0,262.0639336518162,263.1254994266197,0.005722256527733041,0.12168975996902892,500003000.0,3.1625886440189177,1.0464955554001148e-05,2.0498683848343105e-05,1.7042435337073788e-08,1.7510067978589842e-07,0.0024003434351127836,1.0463538683434142e-10,1.1727053469626624e-05,2.6814005474553285e-12,0.029171782361348965,-0.07082821763865105,1
172.0,261.99310543417755,261.64113768620336,0.005719725662202324,0.12247135757525938,500003000.0,3.2035502397494353,1.0481885620583747e-05,2.0672551243421096e-05,1.6930066582598775e-08,1.7386739507799245e-07,0.0024120120235737574,1.087105556634058e-10,1.1687455569141678e-05,2.7429446285725368e-12,0.02907328029488485,-0.07092671970511516,1
173.0,261.9221787144724,260.16222915856815,0.0057172857320982266,0.12325470393088563,500003000.0,3.2441617781225993,1.0498704311930279e-05,2.0845209528773117e-05,1.6818691346531086e-08,1.7265828535202198e-07,0.0024236412323515107,1.1287018653928894e-10,1.1647858424394016e-05,2.804669271614201e-12,0.02897478010887339,-0.07102521989112662,1
174.0,261.8511534945813,258.6887713933996,0.005714935754318482,0.12403980038764503,500003000.0,3.284402411114086,1.051541260602393e-05,2.1016681866966824e-05,1.6708294093652867e-08,1.714723381937058e-07,0.0024352310598963543,1.1711344548305284e-10,1.1608262535919079e-05,2.866539512471347e-12,0.02887628304832903,-0.07112371695167097,1
175.0,261.78002977762964,257.2207618699815,0.0057126747669485976,0.12482664830549225,500003000.0,3.32425206411879,1.0532011465662963e-05,2.1186990463694236e-05,1.659885963903251e-08,1.703085967274118e-07,0.002446781505211684,1.214394258875771e-10,1.1568668408157558e-05,2.9285204398052425e-12,0.028777790367980918,-0.07122220963201908,1
176.0,261.7088075679976,255.75819799679766,0.005710501828686175,0.12561524905182692,500003000.0,3.3636914719112063,1.054850183880116e-05,2.135615661953026e-05,1.6490373138196705e-08,1.6916615583602411e-07,0.0024582925678566033,1.2584715171236458e-10,1.1529076549343896e-05,2.990577273434779e-12,0.028679303331995754,-0.07132069666800425,1
177.0,261.6374868713296,254.30107711113914,0.005708416018316965,0.12640560400077755,500003000.0,3.4027022110376723,1.056488465887889e-05,2.1524200778219834e-05,1.6382820077731443e-08,1.6804415868957602e-07,0.002469764247948548,1.3033558085563048e-10,1.148948747146524e-05,3.0526754407110284e-12,0.02858082321387592,-0.07141917678612408,1
178.0,261.56606769454345,252.84939647872113,0.0057064164341953175,0.12719771453248765,500003000.0,3.44126672855739,1.0581160845145052e-05,2.16911425717731e-05,1.6276186266161455e-08,1.6694179355326387e-07,0.002481196546165876,1.3490360868263794e-10,1.1449901690195505e-05,3.1147806505491483e-12,0.028482351296295647,-0.07151764870370436,1
179.0,261.49455004583973,251.40315329331222,0.0057045021937242365,0.12799158203241937,500003000.0,3.4793683670756597,1.0597331302970137e-05,2.1857000862621817e-05,1.6170457825085842e-08,1.6585829084871708e-07,0.00249258946375039,1.3955007168877023e-10,1.1410319724796832e-05,3.176858964813024e-12,0.028383888870856102,-0.0716161111291439,1
180.0,261.4229339347106,249.96234467636873,0.005702672432882759,0.12878720789067136,500003000.0,3.516991386039191,1.0613396924150833e-05,2.202179378306697e-05,1.6065621180695836e-08,1.6479292044515347e-07,0.00250394300250986,1.4427375127556003e-10,1.1370742098085463e-05,3.2388768667734806e-12,0.028285437238000692,-0.0717145627619993,1
181.0,261.3512193719486,248.52696767667913,0.0057009263057490114,0.1295845935013253,500003000.0,3.5541209792885358,1.062935858720635e-05,2.218553877222649e-05,1.5961663055516722e-08,1.6374498915951894e-07,0.0025152571648205026,1.4907337761780007e-10,1.1331169336359061e-05,3.300801326388047e-12,0.028186997706834437,-0.07181300229316556,1
182.0,261.2794063696555,247.0970192700224,0.00569926298401797,0.13038374026177862,500003000.0,3.5907432888874524,1.0645217157666715e-05,2.2348252610673302e-05,1.5858570460364546e-08,1.6271383844681068e-07,0.0025265319536293736,1.5394763359995833e-10,1.1291601969285546e-05,3.3625998621774668e-12,0.028088571594847636,-0.07191142840515237,1
183.0,261.20749494125033,245.67249635882584,0.005697681656596638,0.13118464957214118,500003000.0,3.62684541527319,1.0660973488353455e-05,2.250995145293714e-05,1.5756330686739273e-08,1.6169884226383772e-07,0.002537767372456815,1.5889515880042863e-10,1.1252040529918626e-05,3.424240599506774e-12,0.02799016022795465,-0.07200983977204535,1
184.0,261.1354851014783,244.2533957718416,0.005696181529129295,0.1319873228345778,500003000.0,3.6624154237931035,1.0676628419652689e-05,2.267065085802827e-05,1.565493129923399e-08,1.6069940509113158e-07,0.002548963425398768,1.639145535025525e-10,1.1212485554548109e-05,3.48569232510287e-12,0.027891764940121713,-0.07210823505987829,1
185.0,261.0633768664184,242.83971426382254,0.0056947618236191854,0.13279176145275795,500003000.0,3.6974423477150618,1.0692182779781104e-05,2.2830365818127835e-05,1.5554360128415843e-08,1.5971496009956204e-07,0.002560120117129136,1.6900438271200416e-10,1.1172937582716102e-05,3.5469245376786086e-12,0.02779338707340736,-0.07220661292659264,1
186.0,260.9911702534918,241.43144851521558,0.005693421777983376,0.13359796683120992,500003000.0,3.731916187817407,1.0707637385044823e-05,2.298911078557695e-05,1.5454605263718393e-08,1.5874496744911648e-07,0.002571237452902034,1.741631801608321e-10,1.1133397157076957e-05,3.607907494553236e-12,0.027695027977614157,-0.07230497202238585,1
187.0,260.91886528146944,240.0285951318558,0.005692160645693076,0.1344059403747802,500003000.0,3.7658279086828035,1.0722993040091582e-05,2.314689969828592e-05,1.5355655046757686e-08,1.5778891270896796e-07,0.002582315438554057,1.7938945227937354e-10,1.1093864823402207e-05,3.668612254199521e-12,0.02759668901030114,-0.07240331098969886,1
188.0,260.84646197047977,238.63115064467283,0.00569097769537406,0.13521568348805338,500003000.0,3.7991694318354274,1.0738250538156303e-05,2.3303746003674528e-05,1.5257498064720383e-08,1.5684630538861027e-07,0.002593354080506489,1.846816821182153e-10,1.1054341130484395e-05,3.729010714667297e-12,0.027498371536544625,-0.07250162846345538,1
189.0,260.7739603420163,237.23911150940435,0.005689872210441449,0.1360271975748087,500003000.0,3.8319336258752705,1.0753410661300325e-05,2.345966268124558e-05,1.5160123144021076e-08,1.559166775710521e-07,0.0026043533857674763,1.9003833320348536e-10,1.101482663008674e-05,3.789075647867089e-12,0.02740007692881317,-0.07259992307118683,1
190.0,260.7013604189451,235.85247410631905,0.005688843488735086,0.13684048403745397,500003000.0,3.8641142937752013,1.0768474180644454e-05,2.361466226388533e-05,1.5063519344130134e-08,1.5499958263974974e-07,0.002615313361934157,1.9545785330991943e-10,1.0975321876873227e-05,3.848780729720377e-12,0.027301806566793686,-0.07269819343320633,1
191.0,260.6286622255119,234.47123473994785,0.005687890842169284,0.13765554427653245,500003000.0,3.8957061575165977,1.0783441856596057e-05,2.3768756857977218e-05,1.4967675951603212e-08,1.5409459409188784e-07,0.00262623401719475,2.009386781373928e-10,1.093582742834665e-05,3.9081005662124215e-12,0.027203561837237444,-0.07279643816276256,1
192.0,260.55586578734915,233.0953896388191,0.005687013596412592,0.13847237969017798,500003000.0,3.926704840247583,1.0798314439070404e-05,2.3921958162408282e-05,1.4872582474346695e-08,1.532013044310656e-07,0.0026371153603306375,2.0647923487789185e-10,1.0896343844825187e-05,3.967010715401675e-12,0.027105344133901824,-0.07289465586609818,1
193.0,260.48297113148305,231.7249349552073,0.00568621109053532,0.13929099167361222,500003000.0,3.9571068461538634,1.0813092667706353e-05,2.4074277486541567e-05,1.4778228635949574e-08,1.5231932413328507e-07,0.0026479574007183667,2.1207794566120783e-10,1.085687168933827e-05,4.025487705466922e-12,0.027007154857291375,-0.07299284514270862,1
194.0,260.40997828634033,230.35986676488614,0.005685482676704294,0.14011138161864423,500003000.0,3.986909538236985,1.082777727207664e-05,2.4225725767222124e-05,1.468460437028609e-08,1.5144828068055752e-07,0.0026587601483316417,2.177332308689919e-10,1.0817411527595648e-05,4.08350904889066e-12,0.02690899541458086,-0.07309100458541914,1
195.0,260.3368872817549,229.0001810668923,0.005684827719862561,0.1409335509131929,500003000.0,4.016111114197215,1.0842368971892858e-05,2.4376313584879114e-05,1.4591699816219721e-08,1.5058781765698967e-07,0.0026695236137432503,2.2344351230814173e-10,1.077796392791027e-05,4.141053252896439e-12,0.026810867219423478,-0.07318913278057652,1
196.0,260.26369814897436,227.64587378329358,0.005684245597442243,0.1417575009407869,500003000.0,4.0447105806194,1.0856868477205388e-05,2.4526051178781718e-05,1.4499505312528992e-08,1.4973759390260352e-07,0.0026802478081269883,2.2920721623583043e-10,1.073852946116783e-05,4.198099826272788e-12,0.02671277169187511,-0.0732872283081249,1
197.0,260.19041092066624,226.29694075896697,0.00568373569906273,0.14258323308012702,500003000.0,4.072707725659398,1.0871276488598314e-05,2.4674948461502386e-05,1.4408011392926437e-08,1.488972827206679e-07,0.0026909327432595165,2.350227762297975e-10,1.0699108700752262e-05,4.254629282733715e-12,0.026614710258208996,-0.07338528974179101,1
198.0,260.11702563092445,224.95337776138564,0.005683297426241412,0.1434107487045746,500003000.0,4.10010309042666,1.0885593697379551e-05,2.482301503263686e-05,1.4317208781237154e-08,1.480665711344753e-07,0.0027015784315221787,2.408886358988012e-10,1.0659702222479964e-05,4.310623140972381e-12,0.026516684350752134,-0.07348331564924787,1
199.0,260.0435423152752,223.6151804804114,0.005682930192127267,0.14424004918176697,500003000.0,4.126897939255243,1.0899820785766309e-05,2.497026019182701e-05,1.4227088386757656e-08,1.472451591901496e-07,0.0027121848859027907,2.4680325142938435e-10,1.0620310604562225e-05,4.366063921583902e-12,0.026418695407791758,-0.07358130459220824,1
200.0,259.969961010683,222.2823445280952,0.005682633421230942,0.14507113587311096,500003000.0,4.153094229050712,1.0913958427066032e-05,2.5116692951128947e-05,1.4137641299723489e-08,1.4643275930193791e-07,0.0027227521199973924,2.5276509396627597e-10,1.0580934427546521e-05,4.420935141029194e-12,0.026320744873429343,-0.07367925512657067,1
201.0,259.8962817555564,220.95486543848662,0.005682406549157363,0.1459040101333775,500003000.0,4.178694577894694,1.092800728585293e-05,2.5262322046766113e-05,1.4048858786897717e-08,1.456290956371642e-07,0.0027332801480119432,2.587726518248931e-10,1.0541574274248926e-05,4.475221302831195e-12,0.026222834197412424,-0.07377716580258759,1
202.0,259.8225045897538,219.63273866745092,0.0056822490223527745,0.1467386733102788,500003000.0,4.2037022330822555,1.0941968018140236e-05,2.5407155950304054e-05,1.3960732287306032e-08,1.4483390353794197e-07,0.002743768984763982,2.648244325354711e-10,1.0502230729700301e-05,4.528907886190266e-12,0.026124964835000698,-0.07387503516499931,1
203.0,259.74862955458883,218.31595959249148,0.005682160297867142,0.14757512674401554,500003000.0,4.228121038759689,1.0955841271548351e-05,2.5551202879281124e-05,1.3873253408115958e-08,1.4404692897707092e-07,0.0027542186456842627,2.709189647193503e-10,1.0462904381108006e-05,4.581981332211292e-12,0.026027138246870758,-0.07397286175312925,1
204.0,259.6746566928357,217.00452351258093,0.005682139843109557,0.14841337176693165,500003000.0,4.2519554033220395,1.0969627685468953e-05,2.5694470807327e-05,1.378641392060149e-08,1.4326792804587743e-07,0.002764629146818339,2.7705479979886516e-10,1.042359581779213e-05,4.6344290279405135e-12,0.025929355898957406,-0.0740706441010426,1
205.0,259.60058604873467,215.69842564800348,0.005682187135598262,0.14925340970300846,500003000.0,4.27521026672091,1.0983327891225147e-05,2.5836967473798585e-05,1.370020575619511e-08,1.424966664715859e-07,0.002775000504828077,2.8323051354312725e-10,1.0384305631100265e-05,4.686239288398652e-12,0.025831619262241597,-0.07416838073775842,1
206.0,259.5264176679969,214.3976611401972,0.0056823016627677424,0.1500952418675606,500003000.0,4.297891067824128,1.0996942512227921e-05,2.597870039296112e-05,1.3614621002774213e-08,1.417329191625371e-07,0.002785332736993193,2.8944470745279054e-10,1.0345034414415469e-05,4.737401336813511e-12,0.025733929812770208,-0.0742660701872298,1
207.0,259.4521515978097,213.10222505161326,0.005682482921704225,0.1509388695667851,500003000.0,4.320003711958769,1.1010472164128789e-05,2.611967686274021e-05,1.352965190086756e-08,1.4097646977908824e-07,0.0027956258612126654,2.95696009987534e-10,1.0305782763021939e-05,4.78790528323151e-12,0.025636289031321813,-0.07436371096867819,1
208.0,259.377787886841,211.8121123655717,0.005682730418981936,0.1517842940974133,500003000.0,4.341554538759964,1.1023917454968983e-05,2.625990397306892e-05,1.344529084019381e-08,1.4022711032871046e-07,0.0028058798960061983,3.0198307764066887e-10,1.0266551274143838e-05,4.837742101701912e-12,0.025538698403503195,-0.0744613015964968,1
209.0,259.3033265852445,210.5273179861359,0.0056830436704008655,0.15263151674629893,500003000.0,4.362550290437259,1.1037278985325035e-05,2.639938861385247e-05,1.336153035605156e-08,1.3948464078354942e-07,0.00281609486051555,3.0830459586575624e-10,1.022734054679453e-05,4.886903606209331e-12,0.025441159419374276,-0.07455884058062573,1
210.0,259.2287677446639,209.24783673798683,0.005683422200819425,0.15348053879006146,500003000.0,4.38299808056111,1.1050557348451055e-05,2.6538137482571567e-05,1.327836312601997e-08,1.3874886871909814e-07,0.002826270774505881,3.146592798606414e-10,1.0188151181788245e-05,4.9353824255340555e-12,0.02534367357347702,-0.07465632642652298,1
211.0,259.1541114182374,207.97366336630634,0.005683865543948259,0.15433136149473742,500003000.0,4.402905363461802,1.1063753130417702e-05,2.6676157091544142e-05,1.319578196664758e-08,1.380196089725755e-07,0.0028364076583670475,3.2104587521466404e-10,1.0148983781671173e-05,4.9831719772071505e-12,0.025246242364663996,-0.07475375763533601,1
212.0,259.07935766060206,206.704792536671,0.005684373242142614,0.15518398611538417,500003000.0,4.422279904323465,1.107686691024792e-05,2.6813453774863858e-05,1.311377983021773e-08,1.3729668331971627e-07,0.002846505533114823,3.274631584251371e-10,1.0109838950641196e-05,5.030266440720586e-12,0.02514886729589859,-0.07485113270410142,1
213.0,259.00450652789795,205.44121883494915,0.005684944846234177,0.15603841389574005,500003000.0,4.441129750046587,1.1089899260049602e-05,2.695003369503275e-05,1.3032349801682017e-08,1.3657992016889344e-07,0.0028565644203921133,3.3390993728945164e-10,1.0070717294529117e-05,5.0766607301495724e-12,0.025051549874208264,-0.07494845012579174,1
214.0,258.9295580777721,204.18293676720842,0.005685579915333863,0.15689464606788872,500003000.0,4.459463200942924,1.1102850745145202e-05,2.7085902849304195e-05,1.2951485095600015e-08,1.3586915427144535e-07,0.0028665843424701023,3.4038505117934275e-10,1.0031619420719243e-05,5.122350466331382e-12,0.024954291610486894,-0.0750457083895131,1
215.0,258.85451236938263,202.92994075963026,0.005686278016654036,0.1577526838518973,500003000.0,4.477288783318018,1.1115721924198398e-05,2.722106707575138e-05,1.2871179053195931e-08,1.3516422644718366e-07,0.0028765653222493546,3.4688737120399845e-10,9.992545938096337e-06,5.167331948737497e-12,0.024857094019362775,-0.07514290598063723,1
216.0,258.779369463402,201.682225158428,0.0056870387253546,0.15861252845549995,500003000.0,4.494615222987991,1.1128513349337935e-05,2.7355532059075585e-05,1.279142513953808e-08,1.3446498332420453e-07,0.002886507383260909,3.534158002687696e-10,9.953497457026234e-06,5.211602127170223e-12,0.024759958619150264,-0.07524004138084975,1
217.0,258.7041294220212,200.43978422977932,0.00568786162433952,0.15947418107372083,500003000.0,4.511451419768991,1.1141225566278608e-05,2.7489303336167637e-05,1.2712216940673427e-08,1.337712770920511e-07,0.0028964105496672673,3.599692730362592e-10,9.914474589241446e-06,5.255158573400667e-12,0.024662886931565185,-0.07533711306843482,1
218.0,258.62879230895277,199.2026121597597,0.005688746304122274,0.16033764288858848,500003000.0,4.5278064229702455,1.115385911443959e-05,2.762238630143518e-05,1.2633548160983064e-08,1.3308296526754315e-07,0.0029062748462633896,3.665467557965735e-10,9.875477947840376e-06,5.2979994528645934e-12,0.024565880481722778,-0.07543411951827722,1
219.0,258.5533581894345,197.97070305428778,0.0056896923626435425,0.16120291506880607,500003000.0,4.543689407914197,1.1166414527060084e-05,2.7754786211907588e-05,1.2555412620492936e-08,1.3239991047240897e-07,0.00291610029847761,3.7314724625344015e-10,9.83650814719535e-06,5.340123496514496e-12,0.024468940797908817,-0.07553105920209119,1
220.0,258.4778271302324,196.74405093907447,0.005690699405132172,0.16206999876941683,500003000.0,4.559109653500602,1.1178892331312426e-05,2.7886508192129644e-05,1.2477804252342278e-08,1.3172198022205697e-07,0.0029258869323725333,3.797697732328183e-10,9.79756580292902e-06,5.381529972923596e-12,0.024372069411520883,-0.07562793058847912,1
221.0,258.4021991996439,195.52264975958227,0.005691767043937871,0.16293889513148585,500003000.0,4.574076520824995,1.1191293048412675e-05,2.801755723885449e-05,1.2400717100248391e-08,1.3104904672484432e-07,0.002935634774645863,3.8641339632048465e-10,9.758651531834787e-06,5.422218660727831e-12,0.024275267856870304,-0.0757247321431297,1
222.0,258.32647446750076,194.3064933809908,0.005692894898389099,0.16380960528182056,500003000.0,4.588599432856256,1.120361719372876e-05,2.814793822554574e-05,1.2324145316084514e-08,1.3038098669125195e-07,0.0029453438526311983,3.930772054349365e-10,9.719765951834225e-06,5.462189821484162e-12,0.024178537671076136,-0.07582146232892387,1
223.0,258.25065300517184,193.0955755881696,0.005694082594647035,0.16468213033263276,500003000.0,4.6026878551725705,1.1215865276886264e-05,2.8277655906698062e-05,1.2248083157504461e-08,1.2971768115232342e-07,0.0029550141942987747,3.997603203417622e-10,9.680909681921225e-06,5.501444173011566e-12,0.02408188039392622,-0.07591811960607378,1
224.0,258.1747348855658,191.88989008565773,0.005695329765567672,0.1655564713812735,500003000.0,4.61635127775024,1.1228037801871903e-05,2.8406714921984994e-05,1.2172524985638568e-08,1.2905901528693172e-07,0.0029646458282561717,4.0646189011543047e-10,9.642083342113718e-06,5.5399828632803646e-12,0.02398529756775694,-0.07601470243224306,1
225.0,258.09872018313354,190.68943049765156,0.00569663605055918,0.1664326295098939,500003000.0,4.629599197795312,1.1240135267134735e-05,2.8535119800242264e-05,1.2097465262831738e-08,1.2840487825727104e-07,0.0029742387837489647,4.131810925542253e-10,9.60328755339134e-06,5.577807444899646e-12,0.023888790737298157,-0.07611120926270185,1
226.0,258.02260897387083,189.49419036800202,0.005698001095436628,0.16731060578517917,500003000.0,4.642441103604121,1.1252158165685163e-05,2.866287496329448e-05,1.2022898550427162e-08,1.277551630522143e-07,0.002983793090661306,4.199171335538246e-10,9.564522937623134e-06,5.614919850254396e-12,0.023792361449493225,-0.07620763855050677,1
227.0,257.94640133532033,188.30416316021405,0.005699424552316614,0.16819040125807322,500003000.0,4.654886459435231,1.1264106985191847e-05,2.878998472963252e-05,1.1948819506683616e-08,1.2710976633804127e-07,0.002993308779516511,4.266692464447737e-10,9.525790117556767e-06,5.651322367330299e-12,0.023696011253472146,-0.07630398874652786,1
228.0,257.8700973465738,187.1193422574578,0.005700906079466561,0.1690720169634591,500003000.0,4.666944691372165,1.127598220807649e-05,2.8916453317948624e-05,1.1875222884644097e-08,1.2646858831610452e-07,0.00300278588147755,4.334366912988435e-10,9.487089716725767e-06,5.687017616258963e-12,0.023599741700320736,-0.07640025829967927,1
229.0,257.79369708827414,185.9397209625866,0.005702445341182942,0.16995545391991101,500003000.0,4.678625174153556,1.1287784311606603e-05,2.9042284850535758e-05,1.1802103530112629e-08,1.2583153258713363e-07,0.0030122244283475054,4.4021875420901044e-10,9.448422359400568e-06,5.722008526615282e-12,0.02350355434295879,-0.07649644565704122,1
230.0,257.7172006426171,184.7652924981586,0.00570404200768805,0.17084071312939997,500003000.0,4.689937218945085,1.1299513767986316e-05,2.9167483356557498e-05,1.1729456379713684e-08,1.2519850602173787e-07,0.0030216244525700076,4.4701474654753326e-10,9.409788670564784e-06,5.756298315485763e-12,0.023407450736080984,-0.07659254926391902,1
231.0,257.6406080933532,183.596050006472,0.0057056957549780326,0.17172779557702644,500003000.0,4.700890062025424,1.1311171044445211e-05,2.9292052775194317e-05,1.1657276458894462e-08,1.245694186368181e-07,0.0030309859872295676,4.538240042063227e-10,9.371189275805858e-06,5.789890466326952e-12,0.0233114324358848,-0.07668856756411521,1
232.0,257.56391952578906,182.43198654960196,0.0057074062647370066,0.17261670223075282,500003000.0,4.7114928543569565,1.1322756603325318e-05,2.9415996958671876e-05,1.1585558880106151e-08,1.2394418347756085e-07,0.00304030906605191,4.606458868235599e-10,9.332624801310388e-06,5.822788708625925e-12,0.023215501000058876,-0.07678449899994114,1
233.0,257.48713502678913,181.2730951094489,0.005709173224201103,0.17350743404112468,500003000.0,4.721754652010467,1.1334270902166241e-05,2.953931967517658e-05,1.1514298840923076e-08,1.233227165047042e-07,0.0030495937234042273,4.67479777000234e-10,9.294095873772128e-06,5.854996998369858e-12,0.023119657987554044,-0.07688034201244597,1
234.0,257.4102546847767,180.1193685877896,0.00571099632607253,0.17439999194105082,500003000.0,4.731684407412159,1.1345714393788545e-05,2.966202461166343e-05,1.1443491622303597e-08,1.227049364868474e-07,0.003058839994295416,4.743250795100298e-10,9.255603120377425e-06,5.886519499330944e-12,0.02302390495854709,-0.07697609504145292,1
235.0,257.33327858973524,178.97079980634098,0.005712875268383496,0.17529437684549093,500003000.0,4.741290961380329,1.1357087526375333e-05,2.9784115376560873e-05,1.1373132586788261e-08,1.2209076489744162e-07,0.003068047914376225,4.811812205057299e-10,9.217147168704537e-06,5.917360565161693e-12,0.022928243474190233,-0.07707175652580978,1
236.0,257.25620683320943,177.82738150682812,0.005714809754405259,0.17619058965124204,500003000.0,4.750583035918702,1.136839074355216e-05,2.9905595502377216e-05,1.1303217176827043e-08,1.2148012581634394e-07,0.0030772175199393747,4.880476467250631e-10,9.178728646692456e-06,5.947524722303394e-12,0.022832675096533535,-0.07716732490346648,1
237.0,257.17903950830595,176.68910635105865,0.0057167994925517015,0.1770886312366559,500003000.0,4.759569227732957,1.1379624484465293e-05,3.0026468448212807e-05,1.1233740913131165e-08,1.2087294583559095e-07,0.003086348847919636,4.949238246986818e-10,9.140348182596252e-06,5.9770166536958785e-12,0.022737201388413758,-0.07726279861158625,1
238.0,257.1017767096944,175.5559669210089,0.005718844196254374,0.177988502461409,500003000.0,4.7682580024368875,1.1390789183858297e-05,3.014673760218206e-05,1.1164699393004459e-08,1.202691539692524e-07,0.0030954419358938247,5.018092399627258e-10,9.1020064048929e-06,6.005841183283019e-12,0.022641823913220064,-0.07735817608677995,1
239.0,257.0244185336076,174.4279557189103,0.005720943583901276,0.17889020416628545,500003000.0,4.776657689414755,1.1401885272147131e-05,3.02664062837492e-05,1.1096088288834543e-08,1.1966868156713696e-07,0.003104496822080801,5.087033962782117e-10,9.063703942285288e-06,6.034003261301378e-12,0.022546544234903942,-0.07745345576509606,1
240.0,256.9469650778425,173.30506516735014,0.005723097378704763,0.17979373717285835,500003000.0,4.784776477306514,1.141291317549361e-05,3.0385477745981283e-05,1.1027903346478331e-08,1.190714622320832e-07,0.003113513545341364,5.156058148592602e-10,9.025441423589197e-06,6.061507950334272e-12,0.022451363917698034,-0.07754863608230197,1
241.0,256.86941644176017,172.18728760937717,0.00572530530861786,0.18069910228332914,500003000.0,4.792622410083027,1.1423873315877385e-05,3.0503955177722096e-05,1.0960140383775662e-08,1.1847743174081546e-07,0.003122492145178109,5.225160336119903e-10,8.987219477694412e-06,6.088360412123691e-12,0.02235628452601934,-0.07764371547398066,1
242.0,256.7917727262862,171.07461530861215,0.005727567106258506,0.1816063002802583,500003000.0,4.800203383678902,1.1434766111166494e-05,3.062184170569013e-05,1.0892795289108721e-08,1.178865279680292e-07,0.003131432661735261,5.294336063857064e-10,8.949038733534194e-06,6.114565895114558e-12,0.022261307624393264,-0.07773869237560674,1
243.0,256.7140340339106,169.9670404493681,0.005729882508804824,0.18251533192633224,500003000.0,4.807527143151104,1.1445591975186431e-05,3.073914039650376e-05,1.0825864019936507e-08,1.1729869081362972e-07,0.0031403351357984347,5.36358102237814e-10,8.910899820005758e-06,6.140129722716742e-12,0.022166434777255748,-0.07783356522274426,1
244.0,256.63620046868783,168.86455513677694,0.005732251257913288,0.1834261979641476,500003000.0,4.814601280332264,1.1456351317787834e-05,3.0855854258636724e-05,1.0759342601403319e-08,1.167138621329625e-07,0.003149199608794346,5.432891047137452e-10,8.87280336592359e-06,6.165057282264553e-12,0.022071667548837128,-0.07792833245116287,1
245.0,256.55827213623667,167.7671513969263,0.005734673099616206,0.1843388991159579,500003000.0,4.8214332319483715,1.1467044544912772e-05,3.0971986244306585e-05,1.0693227124937624e-08,1.1613198566985767e-07,0.0031580261227904596,5.502262111429926e-10,8.834749999937691e-06,6.1893540146509935e-12,0.02197700750295871,-0.0780229924970413,1
246.0,256.4802491437396,166.6748211769975,0.005737147784273085,0.18525343608349393,500003000.0,4.82803027817142,1.1477672058659753e-05,3.1087539251299e-05,1.0627513746979953e-08,1.1555300699241634e-07,0.0031668147204946214,5.571690319522176e-10,8.796740350531937e-06,6.21302540461856e-12,0.021882456203028696,-0.0781175437969713,1
247.0,256.40213159994266,165.58755634541725,0.005739675066452643,0.1861698095476965,500003000.0,4.8343995415783905,1.1488234257347362e-05,3.120251612473031e-05,1.0562198687608541e-08,1.1497687343131548e-07,0.0031755654452545953,5.641171899962325e-10,8.758775045912342e-06,6.2360769716791636e-12,0.02178801521176417,-0.07821198478823584,1
248.0,256.3239196151544,164.50534869201167,0.0057422547048797245,0.18708802016854126,500003000.0,4.840547986489063,1.1498731535576675e-05,3.131691965875093e-05,1.0497278229312826e-08,1.1440353402061515e-07,0.0031842783410575897,5.710703199075485e-10,8.720854713992547e-06,6.258514261646183e-12,0.02169368609115501,-0.07830631390884499,1
249.0,256.24561330124556,163.42818992817212,0.005744886462331905,0.18800806858478686,500003000.0,4.8464824186559765,1.1509164284292375e-05,3.1430752598191784e-05,1.0432748715699995e-08,1.1383293944085455e-07,0.003192953452529687,5.780280674650324e-10,8.682979982299485e-06,6.280342838750221e-12,0.02159947040222917,-0.07840052959777083,1
250.0,256.16721277164777,162.35607168702316,0.00574757010559226,0.18892995541379018,500003000.0,4.852209485281021,1.1519532890842704e-05,3.1544017640156197e-05,1.036860655032976e-08,1.1326504196441037e-07,0.0032015908249352697,5.84990088982123e-10,8.645151477961813e-06,6.301568278319941e-12,0.02150536970502391,-0.0784946302949761,1
251.0,256.0887181413528,161.2889855236026,0.005750305405346727,0.18985368125127963,500003000.0,4.857735675334046,1.1529837739038177e-05,3.1656717435559145e-05,1.0304848195472721e-08,1.1269979540295053e-07,0.003210190504176353,5.91956050714931e-10,8.607369827611715e-06,6.322196160001168e-12,0.0214113855583415,-0.0785886144416585,1
252.0,256.0101295269111,160.22692291504453,0.005753092136134914,0.19077924667117407,500003000.0,4.8630673201500425,1.1540079209209166e-05,3.1768854590616085e-05,1.0241470170989757e-08,1.1213715505693736e-07,0.003218752536791898,5.989256282904708e-10,8.569635657365012e-06,6.342232061494009e-12,0.021317519519699693,-0.07868248048030031,1
253.0,255.9314470464308,159.16987526077443,0.005755930076250856,0.19170665222533503,500003000.0,4.868210594282372,1.1550257678262311e-05,3.188043166828311e-05,1.0178469053144764e-08,1.1157707766702338e-07,0.0032272769699570303,6.058985061551521e-10,8.53194959272365e-06,6.361681552781274e-12,0.0212237731450892,-0.07877622685491081,1
254.0,255.8526708195759,158.117833882705,0.005758819007711016,0.1926358984434243,500003000.0,4.87317151659071,1.156037351973587e-05,3.199145118965045e-05,1.0115841473560067e-08,1.1101952136734697e-07,0.003235763851482271,6.128743770436215e-10,8.49431225857623e-06,6.380550190830894e-12,0.02113014798897494,-0.07886985201102506,1
255.0,255.77380096756488,157.07079002544546,0.0057617587161482246,0.1935669858326411,500003000.0,4.877955951543239,1.1570427103853933e-05,3.210191563529097e-05,1.0053584118062314e-08,1.1046444564052096e-07,0.003244213229812646,6.198529414679191e-10,8.456724279085995e-06,6.39884351474273e-12,0.02103664560401742,-0.0789633543959826,1
256.0,255.6948376131689,156.02873485651457,0.005764748990765497,0.19449991487759064,500003000.0,4.8825696107138175,1.1580418797579589e-05,3.221182744656535e-05,9.991693725656346e-09,1.0991181127437161e-07,0.0032526251540267847,6.268339072268909e-10,8.419186277665727e-06,6.416567041325552e-12,0.020943267541010262,-0.07905673245898974,1
257.0,255.6157808807099,154.99165946656214,0.005767789624263207,0.19543468604002742,500003000.0,4.88701805445574,1.1590348964667061e-05,3.2321189026885566e-05,9.930167087472772e-09,1.0936158032021806e-07,0.003260999673835949,6.338169889357093e-10,8.381698876910919e-06,6.433726261074729e-12,0.020850015348713953,-0.07914998465128606,1
258.0,255.53663089605863,153.9595548695953,0.005770880412787587,0.19637129975873288,500003000.0,4.8913066937347365,1.1600217965712833e-05,3.2430002742938316e-05,9.86900104577296e-09,1.0881371605275223e-07,0.0032693368395830297,6.408019075753148e-10,8.344262698562051e-06,6.450326634537119e-12,0.020756890573762,-0.07924310942623801,1
259.0,255.45738778663238,152.9324120032158,0.005774021155846635,0.19730975644925988,500003000.0,4.8954407921048455,1.1610026158205751e-05,3.2538270925869635e-05,9.808192492917906e-09,1.0826818293131921e-07,0.0032776367022414603,6.477883900615329e-10,8.30687836341751e-06,6.466373589034743e-12,0.020663894760444307,-0.0793361052395557,1
260.0,255.37805168139283,151.91022172886144,0.005777211656264841,0.19825005650379043,500003000.0,4.899425467811676,1.1619773896576175e-05,3.264599587243229e-05,9.74773837042343e-09,1.0772494656265679e-07,0.0032858993134140973,6.54776168833583e-10,8.269546491301116e-06,6.481872515734371e-12,0.020571029450626364,-0.07942897054937365,1
261.0,255.29862271084346,150.8929748320547,0.005780451720123416,0.19919220029094553,500003000.0,4.903265696008566,1.1629461532244184e-05,3.2753179846097246e-05,9.687635668008888e-09,1.0718397366495163e-07,0.003294124725332051,6.617649814616582e-10,8.232267701006409e-06,6.496828767038821e-12,0.020478296183610696,-0.07952170381638932,1
262.0,255.21910100702706,149.88066202266035,0.005783741156689841,0.20013618815559187,500003000.0,4.9069663110719235,1.163908941366683e-05,3.285982507813042e-05,9.627881422646694e-09,1.0664523203317748e-07,0.003302312990853447,6.687545702732159e-10,8.195042610224128e-06,6.511247654282349e-12,0.020385696495956392,-0.07961430350404361,1
263.0,255.13948670352303,148.87327393514855,0.005787079778368995,0.20108202041867104,500003000.0,4.910532009003029,1.1648657886384497e-05,3.2965933768636097e-05,9.568472717666189e-09,1.061086905056738e-07,0.0033104641634621444,6.757446819975982e-10,8.157871835498835e-06,6.525134445712805e-12,0.020293231921371245,-0.07970676807862875,1
264.0,255.0597799354444,147.87080112886406,0.005790467400653699,0.20202969737703438,500003000.0,4.913967349904238,1.165816729306637e-05,3.3071508087568e-05,9.509406681873497e-09,1.055743189319017e-07,0.003318578297266412,6.827350674285673e-10,8.120755992182672e-06,6.538494364742245e-12,0.020200903990596725,-0.07979909600940328,1
265.0,254.979980839435,146.87323408830605,0.005793903842046476,0.20297921930325405,500003000.0,4.9172767605184475,1.1667617973555012e-05,3.3176550175709314e-05,9.450680488641229e-09,1.0504208814131539e-07,0.003326655446997521,6.897254811043283e-10,8.083695694347196e-06,6.551332588448344e-12,0.020108714231188603,-0.07989128576881141,1
266.0,254.9000895536662,145.88056322340992,0.005797388924036366,0.20393058644544718,500003000.0,4.920464536821397,1.1677010264910118e-05,3.3281062145622634e-05,9.39229135510539e-09,1.0451196991332046e-07,0.0033346956680083226,6.9671568100459e-10,8.046691554770947e-06,6.563654246311438e-12,0.02001666416748607,-0.07998333583251394,1
267.0,254.82010621783368,144.89277886984058,0.0058009224710183,0.20488379902712725,500003000.0,4.923534846657046,1.1686344501451401e-05,3.338504608257091e-05,9.334236541284227e-09,1.0398393694827559e-07,0.0033426990162717394,7.037054282641989e-10,8.009744184844987e-06,6.575464419171657e-12,0.01992475532037675,-0.08007524467962326,1
268.0,254.74003097315406,143.90987128928955,0.005804504310260904,0.2058388572470336,500003000.0,4.926491732407088,1.1695621014800694e-05,3.348850404541039e-05,9.276513349292075e-09,1.0345796283947808e-07,0.0033506655483792292,7.106944869028761e-10,7.972854194544705e-06,6.586768138390158e-12,0.019832989207226533,-0.08016701079277347,1
269.0,254.6598639623613,142.9318306697805,0.005808134271845468,0.20679576127895158,500003000.0,4.929339113686184,1.1704840133923215e-05,3.3591438067456486e-05,9.21911912252164e-09,1.0293402204609361e-07,0.0033585953215391757,7.176826235705706e-10,7.936022192359998e-06,6.597570385200102e-12,0.019741367341705934,-0.08025863265829407,1
270.0,254.579605329703,141.9586471259813,0.005811812188619813,0.20775451127156003,500003000.0,4.932080790055224,1.171400218516808e-05,3.36938501573235e-05,9.162051244865535e-09,1.0241208986701024e-07,0.0033664883935752444,7.24669607307943e-10,7.899248785244838e-06,6.607876090234926e-12,0.01964989123366461,-0.08035010876633539,1
271.0,254.49925522093667,140.9903106995222,0.005815537896152088,0.2087151073482922,500003000.0,4.934720443745499,1.1723107492308033e-05,3.379574229973907e-05,9.10530713995215e-09,1.0189214241557199e-07,0.003374344822924673,7.316552093214879e-10,7.862534578565295e-06,6.617690133220341e-12,0.019558562389002065,-0.08044143761099794,1
272.0,254.41881378332567,140.02681135932264,0.005819311232674756,0.20967754960712817,500003000.0,4.937261642387173,1.1732156376578413e-05,3.389711645633419e-05,9.04888427038052e-09,1.0137415659512178e-07,0.003382164668636507,7.386392027727945e-10,7.825880176033063e-06,6.627017342815268e-12,0.019467382309502294,-0.08053261769049772,1
273.0,254.33828116563518,139.0681390019223,0.005823132039050673,0.21064183812049644,500003000.0,4.9397078417361024,1.1741149156715416e-05,3.399797456640959e-05,8.992780137003805e-09,1.0085811007539651e-07,0.003389947990369802,7.456213625814621e-10,7.789286179667711e-06,6.635862496594904e-12,0.019376352492739893,-0.08062364750726012,1
274.0,254.25765751812793,138.11428345182102,0.005827000158717051,0.21160797293508915,500003000.0,4.942062388393424,1.1750086148993608e-05,3.4098318547679246e-05,8.936992278191701e-09,1.0034398126965728e-07,0.003397694848391753,7.526014652411693e-10,7.752753189727785e-06,6.6442303211590224e-12,0.019285474431908648,-0.08071452556809136,1
275.0,254.17694299255984,137.165234461824,0.005830915437647312,0.21257595407171717,500003000.0,4.944328522512914,1.1758967667262742e-05,3.4198150296991826e-05,8.881518269134136e-09,9.983174931257997e-08,0.003405405303575777,7.595792886484101e-10,7.716281804665009e-06,6.652125492358529e-12,0.019194749615707628,-0.08080525038429237,1
276.0,254.09613774217556,136.22098171339465,0.005834877724303142,0.2135457815251679,500003000.0,4.946509380491505,1.1767794022983885e-05,3.4297471691030684e-05,8.826355721142717e-09,9.932139403885844e-08,0.0034130794173995497,7.665546119434143e-10,7.679872621064202e-06,6.659552635628818e-12,0.019104179528191715,-0.0808958204718083,1
277.0,254.01524192170376,135.28151481701389,0.005838886869590999,0.21451745526404253,500003000.0,4.948607997638823,1.1776565525264857e-05,3.439628458699317e-05,8.771502280971856e-09,9.881289596248605e-08,0.00342071725194298,7.735272153627714e-10,7.643526233588246e-06,6.6665163264200196e-12,0.01901376564863471,-0.08098623435136529,1
278.0,253.9342556873524,134.3468233125448,0.005842942726830161,0.2154909752306464,500003000.0,4.950627310821972,1.1785282480895027e-05,3.449459082324989e-05,8.716955630169473e-09,9.830623625671552e-08,0.0034283188698861445,7.804968801032868e-10,7.60724323493705e-06,6.6730210907167e-12,0.01892350945142726,-0.08107649054857274,1
279.0,253.8531791968038,133.41689666960622,0.005847045151694873,0.2164663413408105,500003000.0,4.952570161082165,1.1793945194379429e-05,3.4592392219984515e-05,8.662713484400943e-09,9.780139673462426e-08,0.0034358843345071565,7.874633881966043e-10,7.571024215771734e-06,6.6790714056353886e-12,0.018833412405888254,-0.08116658759411174,1
280.0,253.7720126092097,132.49172428795072,0.005851194002187386,0.2174435534837742,500003000.0,4.954439296220209,1.180255396797226e-05,3.468969057981483e-05,8.608773592831254e-09,9.72983598303136e-08,0.003443413709679989,7.944265223941413e-10,7.5348697646783434e-06,6.684671700095266e-12,0.018743475976174585,-0.08125652402382542,1
281.0,253.69075608518588,131.57129549784972,0.005855389138596303,0.21842261152203601,500003000.0,4.956237373348078,1.1811109101709757e-05,3.478648768839551e-05,8.555133737496419e-09,9.679710858067949e-08,0.0034509070598722565,8.013860660618862e-10,7.4987804681113365e-06,6.6898263555518415e-12,0.01865370162114053,-0.08134629837885948,1
282.0,253.60940978680702,130.655599560485,0.005859630423456501,0.21940351529123672,500003000.0,4.957966961404228,1.1819610893442445e-05,3.488278531500327e-05,8.50179173268862e-09,9.629762660775912e-08,0.003458364450142927,8.08341803084625e-10,7.462756910338355e-06,6.694539706788207e-12,0.018564090794200412,-0.0814359092057996,1
283.0,253.52797387760123,129.74462566834785,0.005863917721503701,0.2203862646000017,500003000.0,4.9596305436304995,1.182805963886679e-05,3.497858521310487e-05,8.448745424344766e-09,9.579989810160369e-08,0.003465785946139992,8.152935177791635e-10,7.426799673377542e-06,6.698816042755168e-12,0.018474644943172656,-0.08152535505682734,1
284.0,253.4464485225444,128.8383629456419,0.00586825089965464,0.22137085922982636,500003000.0,4.961230520008796,1.1836455631556273e-05,3.5073889120908566e-05,8.395992689482839e-09,9.530390780368996e-08,0.0034731716140980894,8.222409948161356e-10,7.39090933696664e-06,6.7026596074562745e-12,0.018385365510202912,-0.0816146344897971,1
285.0,253.3648338880546,127.93680044869554,0.005872629826949616,0.22235729893494444,500003000.0,4.962769209655901,1.1844799162991866e-05,3.516869876189939e-05,8.343531435594311e-09,9.480964099082549e-08,0.00348052152083606,8.291840191499838e-10,7.355086478483534e-06,6.70607460086993e-12,0.01829625393156642,-0.08170374606843359,1
286.0,253.28313014198616,127.03992716637725,0.0058770543745385595,0.22334558344220487,500003000.0,4.964248853175109,1.1853090522591975e-05,3.526301584535893e-05,8.29135960010945e-09,9.431708345954259e-08,0.003487835733754478,8.361223759567262e-10,7.319331672921231e-06,6.709065179904118e-12,0.01820731163760577,-0.08179268836239423,1
287.0,253.20133745362378,126.1477320205198,0.005881524415629375,0.2243357124509385,500003000.0,4.965671614963469,1.1861329997741795e-05,3.5356842066869885e-05,8.23947514981854e-09,9.382622151095222e-08,0.0034951143208331067,8.430558505791149e-10,7.283645492814536e-06,6.711635459377693e-12,0.01811854005254849,-0.08188145994745152,1
288.0,253.11945599367633,125.26020386634916,0.005886039825462089,0.2253276856328438,500003000.0,4.967039585473738,1.1869517873822135e-05,3.545017910880594e-05,8.187876080339835e-09,9.333704193605522e-08,0.003502357350628317,8.499842284788242e-10,7.248028508198628e-06,6.713789513024476e-12,0.018029940594404027,-0.08197005940559599,1
289.0,253.03748593427073,124.37733149292063,0.005890600481268975,0.22632150263185588,500003000.0,4.968354783430198,1.1877654434237712e-05,3.554302864080742e-05,8.136560415577221e-09,9.284953200147878e-08,0.0035095648922704482,8.569072951952981e-10,7.212481286549552e-06,6.715531374514491e-12,0.017941514674815716,-0.08205848532518428,1
290.0,252.95542744894556,123.49910362355946,0.005895206262252471,0.22731716306405872,500003000.0,4.969619157997814,1.1885739960444925e-05,3.5635392320243065e-05,8.085526207211994e-09,9.236367943564574e-08,0.0035167370154611305,8.638248363109176e-10,7.177004392746041e-06,6.716865038489905e-12,0.01785326369896579,-0.08214673630103422,1
291.0,252.87328071264452,122.62550891630899,0.005899857049541999,0.22831466651751545,500003000.0,4.970834590904206,1.18937747319791e-05,3.572727179265838e-05,8.034771534174493e-09,9.187947241531598e-08,0.0035238737904705465,8.707366374221376e-10,7.141598389004885e-06,6.717794461608353e-12,0.017765189065414643,-0.08223481093458536,1
292.0,252.79104590170994,121.75653596438455,0.005904552726164393,0.2293140125522076,500003000.0,4.972002898514191,1.1901759026481243e-05,3.581866869221093e-05,7.984294502143743e-09,9.139689955255415e-08,0.003530975288134641,8.776424841162787e-10,7.1062638348326325e-06,6.718323563595157e-12,0.017677292165980657,-0.08232270783401935,1
293.0,252.70872319387593,120.89217329663198,0.005909293177022453,0.23031520069988365,500003000.0,4.973125833856649,1.190969311972431e-05,3.5909584642092975e-05,7.934093243066606e-09,9.091594988204006e-08,0.003538041579852304,8.845421619536477e-10,7.0710012869864795e-06,6.718456228295879e-12,0.017589574385642938,-0.08241042561435707,1
294.0,252.62631276826156,120.03240937799339,0.005914078288853952,0.23131823046399513,500003000.0,4.97420508860373,1.191757728563897e-05,3.600002125494174e-05,7.884165914658932e-09,9.043661284876817e-08,0.0035450727375824728,8.914354564546914e-10,7.035811299411047e-06,6.718196304730625e-12,0.017502037102384026,-0.08249796289761598,1
295.0,252.54381480536395,119.17723260997937,0.005918907950197771,0.23232310131952244,500003000.0,4.975242295002386,1.1925411796338894e-05,3.60899801332378e-05,7.834510699925221e-09,8.995887829605943e-08,0.003552068833841203,8.983221530918832e-10,7.000694423183752e-06,6.717547608142456e-12,0.01741468168705403,-0.08258531831294598,1
296.0,252.461229487051,118.32663133114373,0.005923782051388593,0.23332981271293457,500003000.0,4.976239027758415,1.1933196922145619e-05,3.6179462869691754e-05,7.785125806724077e-09,8.94827364539537e-08,0.003559029941698704,9.052020372860647e-10,6.965651206493387e-06,6.71651392104327e-12,0.01732750950331733,-0.08267249049668268,1
297.0,252.37855699655432,117.48059381756786,0.005928700484498937,0.2343383640620509,500003000.0,4.977196805873251,1.194093293161289e-05,3.6268471047619644e-05,7.736009467271807e-09,8.900817792789266e-08,0.0035659561347762933,9.12074894406969e-10,6.930682194555943e-06,6.7150989942489615e-12,0.017240521907443192,-0.08275947809255682,1
298.0,252.29579751846177,116.63910828334872,0.0059336631433265065,0.23534875475592926,500003000.0,4.978117094433808,1.1948620091550605e-05,3.635700624130737e-05,7.687159937714193e-09,8.853519368772675e-08,0.0035728474872433304,9.189405097776618e-10,6.895787929583977e-06,6.713306547904981e-12,0.017153720248229552,-0.08284627975177045,1
299.0,252.21295123871,115.80216288109185,0.005938669923370557,0.23636098415480922,500003000.0,4.979001306355782,1.1956258667048296e-05,3.644507001636441e-05,7.63857549769087e-09,8.806377505704137e-08,0.003579704073814098,9.257986686826557e-10,6.860968950742282e-06,6.711140272500766e-12,0.017067105866892775,-0.08293289413310723,1
300.0,252.13001834457688,114.9697457024117,0.00594372072179206,0.237375051589956,500003000.0,4.979850804080874,1.1963848921498182e-05,3.6532663930067156e-05,7.590254449886458e-09,8.75939137027436e-08,0.0035865259697446233,9.32649156379447e-10,6.826225794084625e-06,6.708603829867581e-12,0.016980680096910263,-0.08301931990308975,1
301.0,252.0469990246738,114.14184477843584,0.005948815437398792,0.23839095636362975,500003000.0,4.980666901228444,1.1971391116617803e-05,3.661978953169213e-05,7.54219511962131e-09,8.712560162497199e-08,0.0035933132508294704,9.39491758113256e-10,6.79155899251918e-06,6.7057008541636315e-12,0.016894444263934497,-0.08310555573606551,1
302.0,251.96389346893773,113.31844808031528,0.00595395397061435,0.23940869774893125,500003000.0,4.981450864202171,1.1978885512472232e-05,3.670644836283937e-05,7.49439585442859e-09,8.665883114723994e-08,0.0036000659933984776,9.463262591347365e-10,6.75696907575502e-06,6.7024349528388525e-12,0.01680839968565991,-0.0831916003143401,1
303.0,251.8807018686234,112.49954351974047,0.005959136223450086,0.24042827498974276,500003000.0,4.982203913752345,1.1986332367495874e-05,3.679264195774625e-05,7.4468550236424164e-09,8.619359490687363e-08,0.0036067842743134387,9.53152444720453e-10,6.722456570251971e-06,6.6988097075834566e-12,0.016722547671698146,-0.08327745232830186,1
304.0,251.7974244162951,111.68511894946135,0.005964362099489899,0.24144968730063332,500003000.0,4.982927226494425,1.1993731938513883e-05,3.6878371843591943e-05,7.399571018008925e-09,8.5729885845694e-08,0.0036134681709647626,9.599701001959132e-10,6.688021999184762e-06,6.694828675255792e-12,0.016636889523488924,-0.08336311047651108,1
305.0,251.71406130581857,110.87516216381447,0.005969631503851664,0.24247293386677318,500003000.0,4.983621936384599,1.2001084480763157e-05,3.6963639540792894e-05,7.352542249274882e-09,8.52676972009483e-08,0.0036201177612680624,9.667790109609709e-10,6.653665882380632e-06,6.690495388789633e-12,0.01655142653414479,-0.08344857346585521,1
306.0,251.63061273235272,110.06966089925298,0.005974944343179745,0.24349801384383302,500003000.0,4.984289136153021,1.2008390247912979e-05,3.704844656328937e-05,7.305767149821651e-09,8.48070224964773e-08,0.0036267331236607215,9.735789625174032e-10,6.619388736291818e-06,6.685813358079411e-12,0.01646615998838269,-0.08353384001161732,1
307.0,251.5470788923411,109.2686028348842,0.005980300525604456,0.24452492635791023,500003000.0,4.984929878695523,1.2015649492085244e-05,3.713279441882349e-05,7.259244172264686e-09,8.434785553412063e-08,0.003633314337098393,9.803697404984932e-10,6.585191073930868e-06,6.680786070843486e-12,0.016381091162363078,-0.08361890883763692,1
308.0,251.46345998350344,108.4719755930098,0.005985699960735877,0.2455536705054559,500003000.0,4.985545178424541,1.2022862463874345e-05,3.721668460920884e-05,7.212971789101686e-09,8.38901903853478e-08,0.003639861481051474,9.871511307004438e-10,6.551073404844173e-06,6.675416993464323e-12,0.01629622132362407,-0.08370377867637593,1
309.0,251.37975620482706,107.67976673967308,0.005991142559624771,0.2465842453531751,500003000.0,4.986136012580069,1.2030029412366672e-05,3.7300118630591934e-05,7.166948492326754e-09,8.343402138309659e-08,0.0036463746355015285,9.939229191154633e-10,6.51703623504898e-06,6.669709571804116e-12,0.016211551730924756,-0.08378844826907525,1
310.0,251.29596775655799,106.89196378520921,0.005996628234757018,0.24761664993796126,500003000.0,4.9867033225014366,1.2037150585159763e-05,3.7383097973705765e-05,7.121172793091304e-09,8.297934311383364e-08,0.003652853880937664,1.0006848919663646e-09,6.4830800670072434e-06,6.663667231997081e-12,0.016127083634180143,-0.08387291636581987,1
311.0,251.21209484019218,106.10855418480175,0.006002156900018476,0.2486508832668063,500003000.0,4.98724801486074,1.2044226228381098e-05,3.746562412411558e-05,7.075643221335279e-09,8.252615040980935e-08,0.003659299298352871,1.0074368357425392e-09,6.4492053995670375e-06,6.657293381216333e-12,0.016042818274315456,-0.08395718172568455,1
312.0,251.1281376584665,105.32952533904286,0.006007728470683277,0.24968694431674768,500003000.0,4.987770962858745,1.205125658670655e-05,3.75476985624571e-05,7.0303583254523044e-09,8.207443834152212e-08,0.003665710969240319,1.0141785372371551e-09,6.41541272792951e-06,6.650591408416719e-12,0.015958756883183906,-0.0840412431168161,1
313.0,251.04409641534969,104.55486459449942,0.006013342863382863,0.2507248320347798,500003000.0,4.988273007384095,1.2058241903378488e-05,3.762932276466746e-05,6.985316671937817e-09,8.16242022103627e-08,0.0036720889755896017,1.0209097835854574e-09,6.381702543595083e-06,6.6435646850515485e-12,0.01587490068343286,-0.08412509931656714,1
314.0,250.95997131603312,103.78455924428232,0.0060189999960968835,0.25176454533777876,500003000.0,4.988754958136684,1.2065182420223557e-05,3.771049820220891e-05,6.940516845068475e-09,8.117543754144857e-08,0.003678433399882953,1.027630362304036e-09,6.348075334333093e-06,6.636216565764267e-12,0.015791250888428338,-0.08420874911157167,1
315.0,250.87576256692154,103.01859652862105,0.00602469978812705,0.25280608311245,500003000.0,4.98921759471601,1.2072078377670123e-05,3.779122634228555e-05,6.895957446567041e-09,8.072814007664315e-08,0.003684744325091418,1.034340061330944e-09,6.3145315841331964e-06,6.6285503890550506e-12,0.015707808702134122,-0.08429219129786589,1
316.0,250.79147037562367,102.25696363544321,0.0060304421600732286,0.25384944421523364,500003000.0,4.9896616676753505,1.2078930014765398e-05,3.787150864805329e-05,6.851637095275583e-09,8.028230576773866e-08,0.0036910218346709765,1.0410386690665526e-09,6.2810717731594504e-06,6.62056947792098e-12,0.015624575318997537,-0.08437542468100247,1
317.0,250.70709495094266,101.49964770095666,0.006036227033829479,0.2548946274722738,500003000.0,4.9900878995426226,1.2085737569192254e-05,3.795134657882311e-05,6.807554426856618e-09,7.983793076982506e-08,0.003697266012558639,1.0477259744150346e-09,6.247696377725235e-06,6.612277140472075e-12,0.015541551923887068,-0.08445844807611294,1
318.0,250.62263650286656,100.74663581023862,0.006042054332542169,0.2559416316793309,500003000.0,4.990496985808734,1.2092501277285711e-05,3.803074159025792e-05,6.7637080934563535e-09,7.9395011434807e-08,0.0037034769431684867,1.054401766826373e-09,6.214405870228758e-06,6.603676670520549e-12,0.01545873969193192,-0.08454126030806808,1
319.0,250.53809524255848,99.9979149978258,0.006047923980618697,0.25699045560173506,500003000.0,4.990889595884264,1.2099221374049141e-05,3.810969513456301e-05,6.720096763430316e-09,7.895354430509253e-08,0.0037096547113876902,1.0610658363387981e-09,6.1812007191412164e-06,6.594771348145761e-12,0.015376139788492579,-0.08462386021150743,1
320.0,250.45347138234698,99.25347224831214,0.006053835903680577,0.25804109797428665,500003000.0,4.991266374025295,1.2105898093170153e-05,3.8188208660670435e-05,6.676719121011401e-09,7.85135261074207e-08,0.0037157994025724716,1.067717973621559e-09,6.148081388937641e-06,6.585564440232653e-12,0.015293753368988782,-0.08470624663101123,1
321.0,250.36876513571596,98.51329449694738,0.006059790028572027,0.25909355750126645,500003000.0,4.9916279402292165,1.2112531667036197e-05,3.826628361441731e-05,6.633573866044917e-09,7.807495374686939e-08,0.0037219111025440445,1.0743579700179495e-09,6.115048340084926e-06,6.57605920098775e-12,0.015211581578869742,-0.08478841842113026,1
322.0,250.28397671729482,97.77736863024192,0.0060657862833242,0.2601478328563109,500003000.0,4.991974891101291,1.2119122326749877e-05,3.834392143871828e-05,6.590659713679036e-09,7.763782430097269e-08,0.0037279898975845086,1.080985617588495e-09,6.082102028984599e-06,6.566258872427377e-12,0.015129625553471783,-0.08487037444652823,1
323.0,250.1991063428483,97.045681486575,0.006071824597142267,0.2612039226823925,500003000.0,4.992307800692785,1.2125670302143963e-05,3.8421123573732285e-05,6.547975394085535e-09,7.720213501400806e-08,0.003734035874432697,1.0876007091542367e-09,6.0492429079392455e-06,6.556166684843762e-12,0.015047886417934824,-0.08495211358206518,1
324.0,250.11415422926623,96.31821985680514,0.006077904900402824,0.2622618255917879,500003000.0,4.9926272213114515,1.2132175821796158e-05,3.84978914570237e-05,6.505519652195951e-09,7.67678832914171e-08,0.003740049120280012,1.0942030383400238e-09,6.016471425129154e-06,6.545785857246662e-12,0.014966365287144281,-0.08503363471285573,1
325.0,250.02912059455338,95.59497048488747,0.006084027124609689,0.2633215401659587,500003000.0,4.992933684305133,1.2138639113043556e-05,3.857422652371804e-05,6.463291247397531e-09,7.633506669433814e-08,0.0037460297227662007,1.1007923996177628e-09,5.983788024547784e-06,6.5351195977792885e-12,0.014885063265570547,-0.08511493673442946,1
326.0,249.94400565781893,94.87592006849138,0.0060901912024079055,0.2643830649555666,500003000.0,4.993227700819238,1.2145060401996852e-05,3.865013020665234e-05,6.421288953296268e-09,7.590368293430355e-08,0.0037519777699751068,1.1073685883495429e-09,5.951193145995331e-06,6.524171104113692e-12,0.014803981447252975,-0.08519601855274703,1
327.0,249.85880963926618,94.16105525962473,0.006096397067540934,0.2654463984803961,500003000.0,4.993509762528855,1.2151439913554275e-05,3.872560393652038e-05,6.379511557423548e-09,7.54737298680388e-08,0.0037578933504303813,1.1139314008305867e-09,5.9186872250163235e-06,6.51294356382099e-12,0.014723120915644644,-0.08527687908435536,1
328.0,249.77353276018184,93.45036266525888,0.006102644654859735,0.2665115392293151,500003000.0,4.993780342346218,1.2157777871415278e-05,3.8800649142012775e-05,6.337957861002194e-09,7.504520549239588e-08,0.0037637765530911683,1.1204806343319672e-09,5.886270692888471e-06,6.501440154719837e-12,0.014642482743584654,-0.08535751725641536,1
329.0,249.6881752429254,92.74382884795888,0.006108933900291623,0.2675784856602298,500003000.0,4.994039895104266,1.2164074498093952e-05,3.887526724995218e-05,6.296626678674171e-09,7.461810793940274e-08,0.0037696274673477467,1.1270160871430353e-09,5.85394397657234e-06,6.4896640452023476e-12,0.01456206799317289,-0.08543793200682712,1
330.0,249.60273731091857,92.04144032651722,0.0061152647408238454,0.268647236200038,500003000.0,4.994288858216976,1.21703300149322e-05,3.894945968542361e-05,6.255516838248335e-09,7.419243547143065e-08,0.003775446183017138,1.1335375586135066e-09,5.821707498675995e-06,6.477618394538272e-12,0.014481877715682108,-0.0855181222843179,1
331.0,249.51721918863424,91.34318357658914,0.0061216371145040496,0.269717789244582,500003000.0,4.994527652317186,1.2176544642112668e-05,3.902322787190009e-05,6.214627180469372e-09,7.376818647647446e-08,0.0037812327903386945,1.1400448491951657e-09,5.789561677435878e-06,6.465306353157784e-12,0.014401912951510349,-0.08559808704848966,1
332.0,249.43162110158576,90.649045031333,0.006128050960409242,0.27079014315863215,500003000.0,4.994756681872578,1.2182718598671427e-05,3.909657323136364e-05,6.173956558758426e-09,7.334535946354945e-08,0.0037869873799696377,1.146537760483141e-09,5.757506926667917e-06,6.452731062913865e-12,0.014322174730059329,-0.08567782526994068,1
333.0,249.3459432763158,89.95901108205167,0.006134506218650502,0.2718642962758405,500003000.0,4.9949763357804695,1.218885210251042e-05,3.916949718442183e-05,6.133503838994073e-09,7.29239530581896e-08,0.0037927100429805817,1.153016095256709e-09,5.725543655752851e-06,6.4398956573237234e-12,0.01424266406969793,-0.08575733593030208,1
334.0,249.2601859403855,89.27306807883997,0.006141002830331071,0.27294024689867286,500003000.0,4.995186987942086,1.2194945370409672e-05,3.9242001150419876e-05,6.093267899250235e-09,7.250396599804495e-08,0.0037984008708510084,1.159479657519587e-09,5.693672269578132e-06,6.426803261789731e-12,0.014163381977617684,-0.08583661802238232,1
335.0,249.17434932236313,88.59120233123163,0.00614754073756438,0.27401799329842075,500003000.0,4.99538899781693,1.2200998618039269e-05,3.9314086547548476e-05,6.0532476295980386e-09,7.208539712860054e-08,0.003804059955464721,1.1659282525396908e-09,5.661893168536265e-06,6.413456993802628e-12,0.014084329449828637,-0.08591567055017137,1
336.0,249.08843365181295,87.91340010885074,0.0061541198834464475,0.27509753371514006,500003000.0,4.995582710957871,1.2207012059971135e-05,3.938575479294745e-05,6.013441931865459e-09,7.166824539897592e-08,0.0038096873891052853,1.1723616868883078e-09,5.630206748480661e-06,6.399859963124058e-12,0.014005507471049538,-0.08599449252895047,1
337.0,249.002439159284,87.23964764206721,0.0061607402120292245,0.2761788663576323,500003000.0,4.995768459527563,1.2212985909690538e-05,3.9457007302805284e-05,5.973849719402298e-09,7.125250985783249e-08,0.0038152832644513923,1.17877976847867e-09,5.598613400683297e-06,6.386015271951586e-12,0.01392691701460251,-0.0860730829853975,1
338.0,248.9163660762986,86.56993112265201,0.006167401668337235,0.2772619894034098,500003000.0,4.995946562796762,1.221892037960743e-05,3.952784549245466e-05,5.934469916890949e-09,7.083818964937228e-08,0.0038208476745722523,1.185182306603888e-09,5.5671135118322785e-06,6.371926015065468e-12,0.01384855904240699,-0.08615144095759301,1
339.0,248.830214635341,85.90423670443711,0.006174104198333103,0.2783469009986703,500003000.0,4.996117327625162,1.222481568106754e-05,3.9598270776464086e-05,5.895301460110637e-09,7.042528400942901e-08,0.0038263807129229146,1.1915691119742343e-09,5.535707463982911e-06,6.35759527995797e-12,0.013770434504858013,-0.08622956549514199,1
340.0,248.74398506984588,85.24255050397767,0.006180847748909058,0.2794335992582444,500003000.0,4.996281048925235,1.2230672024363271e-05,3.966828456872573e-05,5.856343295730803e-09,7.001379226164498e-08,0.0038318824733395837,1.1979399967537296e-09,5.5043956345331516e-06,6.343026146945296e-12,0.013692544340765153,-0.08630745565923485,1
341.0,248.65767761418664,84.58485860121507,0.006187632267888983,0.2805220822656253,500003000.0,4.996438010109696,1.2236489618744389e-05,3.973788828253948e-05,5.817594381117581e-09,6.960371381375209e-08,0.003837353050034907,1.2042947745960396e-09,5.47317839620859e-06,6.328221689264588e-12,0.013614889477315166,-0.08638511052268484,1
342.0,248.57129250366395,83.93114704014525,0.006194457703988626,0.2816123480728938,500003000.0,4.996588483523082,1.2242268672428493e-05,3.980708333069339e-05,5.77905368410413e-09,6.919504815391606e-08,0.0038427925375932163,1.2106332606796383e-09,5.44205611701069e-06,6.3131849731529295e-12,0.013537470829943223,-0.08646252917005678,1
343.0,248.4848299744939,83.28140182948545,0.0062013240068403705,0.2827043947007337,500003000.0,4.996732730857957,1.2248009392611318e-05,3.987587112554058e-05,5.7407201828251655e-09,6.878779484718437e-08,0.0038482010309657737,1.216955271742234e-09,5.411029160222711e-06,6.297919057912705e-12,0.013460289302347649,-0.08653971069765236,1
344.0,248.39829026379624,82.63560894334672,0.0062082311269468895,0.2837982201383579,500003000.0,4.996871003556279,1.2253711985476806e-05,3.994425307907257e-05,5.702592865487955e-09,6.838195353199552e-08,0.003853578625465968,1.2232606261144358e-09,5.380097884353209e-06,6.282426995960186e-12,0.013383345786349383,-0.08661665421365063,1
345.0,248.31167360958258,81.99375432190573,0.0062151790156981445,0.2848938223435777,500003000.0,4.9970035431963815,1.2259376656207011e-05,4.001223060298937e-05,5.66467073020572e-09,6.797752391679833e-08,0.0038589254167644992,1.2295491437526513e-09,5.349262643135723e-06,6.266711832862446e-12,0.013306641161891185,-0.08669335883810882,1
346.0,248.22498025074447,81.35582387208004,0.006222167625343266,0.2859911992426854,500003000.0,4.997130581866065,1.2265003608991803e-05,4.007980510876608e-05,5.626952784792234e-09,6.757450577671064e-08,0.0038642415008845366,1.235820646271198e-09,5.3185237854893735e-06,6.250776607356787e-12,0.01323017629693964,-0.08676982370306037,1
347.0,248.1382104270414,80.72180346820515,0.006229196908983442,0.28709034873049866,500003000.0,4.9972523425222555,1.2270593047038382e-05,4.014697800771637e-05,5.58943804657912e-09,6.717289895028649e-08,0.0038695269741968507,1.24207495697362e-09,5.287881655498375e-06,6.234624351359711e-12,0.013153952047434182,-0.08684604795256583,1
348.0,248.05136437908882,80.09167895271207,0.0062362668205729116,0.28819126867035527,500003000.0,4.997369039337675,1.2276145172580626e-05,4.021375071105272e-05,5.552125542243248e-09,6.677270333634772e-08,0.0038747819334149286,1.2483119008831995e-09,5.2573365923987274e-06,6.218258089961997e-12,0.013077969257253975,-0.08692203074274603,1
349.0,247.96444234834607,79.46543613680855,0.0062433773148885124,0.2892939568940463,500003000.0,4.997480878034969,1.2281660186888235e-05,4.028012462994359e-05,5.515014307608943e-09,6.637391889087548e-08,0.00388000647559006,1.2545313047726566e-09,5.226888930538669e-06,6.2016808414101296e-12,0.01300222875811958,-0.08699777124188042,1
350.0,247.8774445771042,78.84306080116025,0.006250528347537685,0.29039841120184484,500003000.0,4.997588056208694,1.2287138290275723e-05,4.034610117556759e-05,5.478103387487679e-09,6.597654562399235e-08,0.0038852006981064066,1.2607329971930269e-09,5.19653899937231e-06,6.184895617077542e-12,0.012926731369577069,-0.08707326863042293,1
351.0,247.79037130847377,78.22453869657342,0.006257719874948088,0.29150462936250093,500003000.0,4.997690763635607,1.2292579682111227e-05,4.0411681759164595e-05,5.441391835503922e-09,6.558058359700566e-08,0.0038903646986760583,1.2669168085017138e-09,5.166287123437912e-06,6.1679054214235585e-12,0.012851477898944025,-0.08714852210105598,1
352.0,247.70322278637272,77.60985554468125,0.006264951854334525,0.292612609113186,500003000.0,4.997789182573616,1.2297984560825132e-05,4.0476867792084106e-05,5.4048787139044136e-09,6.518603291951e-08,0.0038954985753340463,1.2730825708897113e-09,5.136133622318183e-06,6.150713251940454e-12,0.012776469141210759,-0.08722353085878924,1
353.0,247.61599925551394,76.99899703862793,0.006272224243728157,0.29372234815955195,500003000.0,4.997883488049813,1.2303353123918557e-05,4.054166068583068e-05,5.3685630934244084e-09,6.479289374657791e-08,0.0039006024264333704,1.2792301184079874e-09,5.106078810652491e-06,6.133322099091961e-12,0.012701705879070702,-0.0872982941209293,1
354.0,247.528700961393,76.39194884375713,0.006279537001932953,0.2948338441756584,500003000.0,4.9979738481379385,1.230868556797165e-05,4.060606185210667e-05,5.332444053093453e-09,6.44011662759895e-08,0.003905676350639974,1.2853592869930381e-09,5.076122998089532e-06,6.115734946239167e-12,0.012627188882802655,-0.08737281111719736,1
355.0,247.4413281502758,75.78869659829988,0.006286890088536009,0.2959470948040201,500003000.0,4.998060424225663,1.231398208865174e-05,4.0670072702852224e-05,5.296520680090632e-09,6.401085074554903e-08,0.00391072044692773,1.2914699144915952e-09,5.04626648928492e-06,6.097954769558912e-12,0.012552918910264792,-0.08744708108973522,1
356.0,247.35388106918606,75.18922591406407,0.006294283463891879,0.2970620976555716,500003000.0,4.998143371272009,1.231924288072132e-05,4.0733694650282674e-05,5.260792069580005e-09,6.362194743044787e-08,0.003915734814573384,1.2975618406844995e-09,5.016509583877892e-06,6.079984537951422e-12,0.012478896706836726,-0.08752110329316327,1
357.0,247.2663599658929,74.59352237712483,0.006301717089115979,0.2981788503096728,500003000.0,4.998222838055286,1.2324468138045877e-05,4.079692910692337e-05,5.2252573245565396e-09,6.32344566406958e-08,0.003920719553151506,1.3036349073097331e-09,4.986852576476034e-06,6.0618272129398135e-12,0.012405123005381498,-0.08759487699461851,1
358.0,247.17876508889827,74.00157154851564,0.006309190926076671,0.29929735031411603,500003000.0,4.998298967411844,1.232965805360157e-05,4.085977748564198e-05,5.189915555693432e-09,6.284837871861189e-08,0.003925674762529401,1.3096889580846149e-09,4.957295756639361e-06,6.04348574856118e-12,0.012331598526205986,-0.08766840147379402,1
359.0,247.09109668742448,73.41335896492023,0.006316704937388105,0.30041759518512196,500003000.0,4.998371896465976,1.2334812819482762e-05,4.092224119967835e-05,5.154765881192651e-09,6.246371403637193e-08,0.003930600542862032,1.315723838727156e-09,4.927839408865582e-06,6.024963091249503e-12,0.012258323977024236,-0.08774167602297576,1
360.0,247.0033550114015,72.82887013936552,0.006324259086396993,0.3015395824073249,500003000.0,4.998441756851287,1.2339932626909396e-05,4.098432166267196e-05,5.119807426633055e-09,6.2080462993611e-08,0.003935496994586899,1.321739396976586e-09,4.8984838125711475e-06,6.0062621797107834e-12,0.012185300052910335,-0.08781469994708967,1
361.0,246.9155403114544,72.24809056191458,0.00633185333718233,0.30266330943381414,500003000.0,4.9985086749238015,1.2345017666234227e-05,4.104602028868705e-05,5.085039324831573e-09,6.169862601509162e-08,0.00394036421841893,1.3277354826130434e-09,4.869229242082962e-06,5.987385944791901e-12,0.012112527436277783,-0.08788747256372223,1
362.0,246.82765283889069,71.67100570036091,0.006339487654538203,0.3037887736860873,500003000.0,4.998572771967141,1.235006812694992e-05,4.110733849223546e-05,5.050460715693144e-09,6.131820354841195e-08,0.00394520231534534,1.333711947476444e-09,4.840075966617559e-06,5.9683373093412485e-12,0.012040006796827693,-0.08795999320317231,1
363.0,246.7396928456875,71.09760100092188,0.006347162003980399,0.30491597255410285,500003000.0,4.998634164390021,1.2355084197696002e-05,4.1168277688297246e-05,5.016070746082157e-09,6.093919606178422e-08,0.0039500113866204915,1.339668645484525e-09,4.811024250279087e-06,5.949119188064556e-12,0.011967738791543777,-0.08803226120845623,1
364.0,246.65166058447903,70.52786188893394,0.006354876351723091,0.3060449033962426,500003000.0,4.998692963916337,1.2360066066265674e-05,4.12288392923391e-05,4.98186856967236e-09,6.05616040418505e-08,0.003954791533760731,1.3456054326500648e-09,4.782074352034968e-06,5.929734487373153e-12,0.011895724064631798,-0.08810427593536821,1
365.0,246.56355630854367,69.96177376954705,0.006362630664682436,0.3071755635393686,500003000.0,4.998749277768138,1.2365013919612495e-05,4.1289024720330665e-05,4.947853346820623e-09,6.018542799156638e-08,0.003959542858539225,1.3515221670973038e-09,4.753226525712711e-06,5.91018610522819e-12,0.011823963247511643,-0.08817603675248836,1
366.0,246.47538027179118,69.39932202841926,0.006370424910470383,0.3083079502787886,500003000.0,4.998803208841697,1.236992794385693e-05,4.1348835388758784e-05,4.914024244435023e-09,5.981066842811967e-08,0.00396426546298078,1.3574187090775444e-09,4.724481019989674e-06,5.890476930977984e-12,0.011752456958791848,-0.08824754304120816,1
367.0,246.38713272874998,68.84049203241231,0.00637825905737683,0.30944206087828385,500003000.0,4.99885485587696,1.2374808324292767e-05,4.140827271463969e-05,4.8803804358363206e-09,5.943732588090885e-08,0.003968959449356652,1.3632949209839635e-09,4.6958380783748225e-06,5.8706098451914235e-12,0.011681205804224236,-0.08831879419577576,1
368.0,246.2988139345542,68.28526913028601,0.006386133074375941,0.3105778925701144,500003000.0,4.99890431362059,1.2379655245393407e-05,4.1467338115529256e-05,4.846921100640391e-09,5.90654008895673e-08,0.003973624920179348,1.3691506673656256e-09,4.667297939209063e-06,5.850587719486449e-12,0.011610210376704733,-0.08838978962329527,1
369.0,246.2104241449309,67.73363865339299,0.006394046931114193,0.3117154425550489,500003000.0,4.9989516729828445,1.2384468890818036e-05,4.1526033009531295e-05,4.813645424628626e-09,5.869489400203821e-08,0.003978261978197428,1.3749858149407082e-09,4.6388608356524755e-06,5.830413416354546e-12,0.011539471256241603,-0.0884605287437584,1
370.0,246.12196361618714,67.18558591637407,0.006402000597894459,0.31285470800233744,500003000.0,4.998997021188506,1.2389249443417654e-05,4.158435881530398e-05,4.780552599617802e-09,5.8325805772688e-08,0.003982870726390275,1.3808002326089537e-09,4.610526995669466e-06,5.810089788980449e-12,0.011468989009918534,-0.08853101099008147,1
371.0,246.03343260519705,66.64109621785107,0.0064099940456965885,0.3139956860497925,500003000.0,4.999040441922091,1.2393997085241014e-05,4.164231695206446e-05,4.747641823359391e-09,5.7958136760482465e-08,0.003987451267962889,1.3865937914633516e-09,4.582296642040863e-06,5.789619681059894e-12,0.011398764191924711,-0.0886012358080753,1
372.0,245.94483136938896,66.10015484112235,0.006418027246134082,0.31513837380371656,500003000.0,4.999082015467518,1.2398711997540408e-05,4.1699908839591646e-05,4.71491229939316e-09,5.759188752718391e-08,0.003992003706340654,1.3923663648010522e-09,4.554169992330438e-06,5.769005926611618e-12,0.011328797343471532,-0.08867120265652847,1
373.0,245.85616016673242,65.56274705485474,0.006426100171484865,0.3162827683389995,500003000.0,4.999121818842475,1.2403394360777366e-05,4.175713589822727e-05,4.682363236958115e-09,5.722705863561944e-08,0.003996528145164105,1.3981178281335354e-09,4.526147258905341e-06,5.748251349789013e-12,0.01125908899284346,-0.08874091100715654,1
374.0,245.76741925572526,65.02885811377742,0.006434212794657037,0.31742886669908593,500003000.0,4.99915992592764,1.2408044354628223e-05,4.181399954887524e-05,4.649993850857234e-09,5.686365064797187e-08,0.004001024688283688,1.4038480591960269e-09,4.498228648910541e-06,5.7273587646869945e-12,0.01118963965533442,-0.08881036034466558,1
375.0,245.6786088953806,64.49847325937351,0.0064423650892010634,0.31857666589600697,500003000.0,4.999196407590971,1.2412662157989581e-05,4.1870501212999365e-05,4.617803361358511e-09,5.6501664124124126e-08,0.004005493439754521,1.4095569379561867e-09,4.470414364276959e-06,5.70633097514747e-12,0.011120449833268039,-0.08887955016673196,1
376.0,245.58972934521387,63.97157772057171,0.006450557029296528,0.31972616291041295,500003000.0,4.999231331807231,1.2417247948983661e-05,4.192664231261941e-05,4.5857909940792745e-09,5.61410996200447e-08,0.004009934503831148,1.415244346622066e-09,4.442704601712102e-06,5.685170774562597e-12,0.01105152001597436,-0.08894847998402565,1
377.0,245.50078086522984,63.448156714436735,0.006458788589749889,0.32087735469156436,500003000.0,4.999264763772926,1.2421801904963541e-05,4.198242427030562e-05,4.553955979880502e-09,5.5781957686208786e-08,0.00401434798496229,1.420910169649349e-09,4.415099552699055e-06,5.66388094567556e-12,0.0109828506797873,-0.08901714932021271,1
378.0,245.41176371590964,62.92819544685955,0.006467059745981205,0.32203023815738613,500003000.0,4.9992967660168315,1.2426324202518295e-05,4.203784850917169e-05,4.522297554755281e-09,5.5424238866068574e-08,0.004018733987785591,1.426554293747887e-09,4.3875994034885125e-06,5.64246426038062e-12,0.010914442288024871,-0.08908555771197513,1
379.0,245.32267815819768,62.411679113245285,0.006475370474035679,0.32318481019446743,500003000.0,4.999327398506258,1.2430815017478033e-05,4.209291645286624e-05,4.490814959736605e-09,5.5067943694556084e-08,0.004023092617122369,1.4321766078875396e-09,4.360204335108301e-06,5.620923479521057e-12,0.01084629529101283,-0.08915370470898717,1
380.0,245.23352445348868,61.8985928992015,0.006483720750560244,0.32434106765808307,500003000.0,4.99935671874922,1.2435274524918814e-05,4.214762952556287e-05,4.459507440782494e-09,5.47130726966271e-08,0.00402742397797236,1.4377770033033229e-09,4.332914523349655e-06,5.5992613526862025e-12,0.01077841012605056,-0.08922158987394944,1
381.0,245.14430286361474,61.38892198122453,0.006492110552808543,0.32549900737222887,500003000.0,4.999384781892661,1.2439702899167498e-05,4.2201989151948715e-05,4.428374248682957e-09,5.435962638584636e-08,0.004031728175508462,1.4433553734998832e-09,4.3057301387735e-06,5.5774806180078654e-12,0.010710787217426689,-0.08928921278257332,1
382.0,245.05501365083217,60.882651527384446,0.0065005398586373,0.3266586261296465,500003000.0,4.999411640816876,1.244410031380646e-05,4.225599675721172e-05,4.397414638962586e-09,5.4007605263008395e-08,0.004036005315071489,1.4489116142553077e-09,4.2786513467113e-06,5.555584001955923e-12,0.010643426976421205,-0.0893565730235788,1
383.0,244.9656570778086,60.37976669800927,0.0065090086464956514,0.32781992069183596,500003000.0,4.999437346226283,1.244846694167824e-05,4.2309653767026515e-05,4.36662787178024e-09,5.36570098147936e-08,0.004040255502164908,1.4544456236242732e-09,4.251678307261901e-06,5.53357421913329e-12,0.010576329801297602,-0.0894236701987024,1
384.0,244.8762334076099,59.88025264636697,0.006517516895429359,0.32898288778909457,500003000.0,4.9994619467366554,1.245280295489008e-05,4.2362961607538977e-05,4.336013211840565e-09,5.330784051246459e-08,0.0040444788424495995,1.4599573019405518e-09,4.224811175298781e-06,5.511453972071074e-12,0.010509496077320905,-0.0894905039226791,1
385.0,244.7867429036872,59.384094519347,0.006526064585063799,0.3301475241205422,500003000.0,4.999485488958986,1.2457108524818373e-05,4.2415921705349576e-05,4.3055699282930255e-09,5.296009781059607e-08,0.004048675441738601,1.4654465518188838e-09,4.1980501004639914e-06,5.489225951023515e-12,0.01044292617674261,-0.0895570738232574,1
386.0,244.69718582986397,58.89127745813964,0.006534651695607449,0.3313138263541255,500003000.0,4.9995080175800695,1.246138382211302e-05,4.246853548749541e-05,4.275297294646465e-09,5.261378214583771e-08,0.004052845405991861,1.4709132781562206e-09,4.171395227176128e-06,5.466892833762902e-12,0.010376620458820507,-0.0896233795411795,1
387.0,244.6075624503228,58.40178659891296,0.006543278207857593,0.33248179112669957,500003000.0,4.999529575439946,1.2465629016701707e-05,4.252080438143113e-05,4.24519458868651e-09,5.2268893935721094e-08,0.0040569888413110045,1.4763573881323592e-09,4.144846694640044e-06,5.444457285375882e-12,0.010310579269842845,-0.08968942073015716,1
388.0,244.51787302959264,57.915607073489745,0.006551944103173509,0.3336514150439979,500003000.0,4.9995502036063275,1.246984427779408e-05,4.2572729815008616e-05,4.215261092373486e-09,5.192543357748578e-08,0.004061105853934089,1.4817787912099686e-09,4.118404636836458e-06,5.421921958058833e-12,0.010244802943102463,-0.08975519705689754,1
389.0,244.42811783253575,57.43272401002147,0.006560649363487054,0.33482269468068515,500003000.0,4.99956994144611,1.2474029773885847e-05,4.262431321645557e-05,4.18549609176655e-09,5.158340144695073e-08,0.004065196550230377,1.4871773991340306e-09,4.092069182536123e-06,5.399289490915246e-12,0.010179291798932065,-0.08982070820106794,1
390.0,244.33829712433467,56.95312253366,0.006569393971304679,0.33599562658041204,500003000.0,4.9995888266940804,1.247818567276279e-05,4.267555601435299e-05,4.155898876943537e-09,5.1242797897417606e-08,0.004069261036695103,1.49255312593069e-09,4.0658404553088155e-06,5.376562509753967e-12,0.010114046144726559,-0.08988595385527345,1
391.0,244.2484111704794,56.47678776722867,0.006578177909685266,0.33717020725581054,500003000.0,4.99960689551894,1.2482312141504698e-05,4.2726459637611586e-05,4.12646874190711e-09,5.090362325859896e-08,0.004073299419944259,1.4979058879055418e-09,4.039718573517942e-06,5.353743626887818e-12,0.010049066274929646,-0.08995093372507036,1
392.0,244.1584602367543,56.003704831890126,0.006587001162251919,0.33834643318853824,500003000.0,4.999624182586721,1.2486409346489213e-05,4.277702551544717e-05,4.097204984514176e-09,5.0565877835585054e-08,0.004077311806709378,1.503235603641356e-09,4.013703650336897e-06,5.330835440934199e-12,0.00998435247107451,-0.09001564752892549,1
393.0,244.06844458922538,55.53385884781242,0.006595863713183757,0.33952430082932505,500003000.0,4.9996407211217155,1.2490477453395607e-05,4.282725507735501e-05,4.068106906394034e-09,5.022956190784124e-08,0.0040812983038323305,1.5085421939952496e-09,3.98779579375348e-06,5.307840536617092e-12,0.009919905001794807,-0.0900800949982052,1
394.0,243.97836449422718,55.06723493483305,0.006604765547210178,0.34070380659798466,500003000.0,4.9996565429650115,1.2494516627208478e-05,4.287714975308324e-05,4.039173812869737e-09,4.989467572823224e-08,0.004085259018260121,1.513825582095325e-09,3.961995106576496e-06,5.2847614845702695e-12,0.00985572412284108,-0.09014427587715892,1
395.0,243.88822021835003,54.60381821312048,0.006613706649611059,0.3418849468834563,500003000.0,4.999671678630705,1.2498527032221362e-05,4.292671097260532e-05,4.0104050128846475e-09,4.9561219522080235e-08,0.004089194057039703,1.519085693336782e-09,3.936301686446524e-06,5.2616008411426395e-12,0.009791810077107556,-0.09020818992289245,1
396.0,243.79801202842714,54.14359380383351,0.006622687006210127,0.34306771804385333,500003000.0,4.9996861573599,1.2502508832040287e-05,4.297594016609157e-05,3.981799818926262e-09,4.9229193486253156e-08,0.004093103527312801,1.5243224553775036e-09,3.910715625843128e-06,5.2383611482055134e-12,0.009728163094650064,-0.09027183690534994,1
397.0,243.7077401915218,53.68654682977803,0.006631706603374589,0.3442521164064623,500003000.0,4.999700007172573,1.2506462189587243e-05,4.302483876387985e-05,3.953357546955355e-09,4.8898597788276813e-08,0.0040969875363107405,1.5295357981331476e-09,3.8852370120963785e-06,5.215044932961364e-12,0.009664783392714713,-0.09033521660728529,1
398.0,243.6174049749145,53.23266241606152,0.006640765428008602,0.3454381382678244,500003000.0,4.99971325491738,1.2510387267103575e-05,4.307340819644533e-05,3.925077516332867e-09,4.8569432565484935e-08,0.004100846191349279,1.5347256537717333e-09,3.859865927395291e-06,5.19165470775569e-12,0.009601671175758874,-0.09039832882424113,1
399.0,243.52700664609026,52.78192569074449,0.006649863467557348,0.34662577989373156,500003000.0,4.999725926319492,1.251428422615333e-05,4.3121649894369524e-05,3.89695904975451e-09,4.824169792418782e-08,0.004104679599823475,1.53989195670775e-09,3.834602448803009e-06,5.168192969890161e-12,0.009538826635488955,-0.09046117336451105,1
400.0,243.43654547272575,52.334321785490104,0.0066590007099912,0.3478150375192891,500003000.0,4.999738046026518,1.2518153227626506e-05,4.31695652883084e-05,3.869001473175057e-09,4.791539393887608e-08,0.004108487869202535,1.5450346435957853e-09,3.8094466482609972e-06,5.144662201438904e-12,0.009476249950870817,-0.09052375004912919,1
401.0,243.34602172267662,51.88983583620975,0.0066681771438242225,0.34900590734892895,500003000.0,4.9997496376526245,1.252199443174226e-05,4.321715580895985e-05,3.841204115754133e-09,4.7590520651446844e-08,0.004112271107024704,1.5501536533236967e-09,3.7843985926135633e-06,5.121064869066823e-12,0.009413941288190791,-0.09058605871180922,1
402.0,243.25543566396482,51.44845298370756,0.006677392758083468,0.3501983855564831,500003000.0,4.99976072382087,1.2525807998052034e-05,4.326442288703031e-05,3.8135663097747215e-09,4.7267078070462217e-08,0.004116029420892144,1.5552489270053208e-09,3.7594583436047247e-06,5.097403423851079e-12,0.009351900801047875,-0.09064809919895213,1
403.0,243.16478756476587,51.01015837432051,0.006686647542331646,0.35139246828516313,500003000.0,4.999771326203871,1.2529594085442629e-05,4.331136795320074e-05,3.7860873905940065e-09,4.6945066170425804e-08,0.004119762918465847,1.560320407972749e-09,3.7346259579061103e-06,5.073680301104411e-12,0.009290128630423134,-0.09070987136957687,1
404.0,243.0740776933963,50.57493716055642,0.006695941486650589,0.352588151647674,500003000.0,4.999781465562841,1.2533352852139202e-05,4.3357992438091836e-05,3.7587666965728336e-09,4.662448489109766e-08,0.004123471707460542,1.565368041768165e-09,3.7099014871230394e-06,5.0498979202026196e-12,0.00922862490469483,-0.09077137509530517,1
405.0,242.983306318301,50.14277450172879,0.00670527458164275,0.3537854317261876,500003000.0,4.999791161785055,1.2537084455708218e-05,4.3404297772228654e-05,3.731603569016929e-09,4.630533413682142e-08,0.004127155895639634,1.5703917761352594e-09,3.685284977811403e-06,5.02605868441349e-12,0.009167389739680416,-0.0908326102603196,1
406.0,242.89247370804068,49.71365556458856,0.00671464681842729,0.3549843045724084,500003000.0,4.99980043391983,1.2540789053060334e-05,4.345028538600454e-05,3.704597352116319e-09,4.598761377588563e-08,0.00413081559081015,1.5753915610102382e-09,3.6607764714920457e-06,5.0021649807297426e-12,0.009106423238672308,-0.0908935767613277,1
407.0,242.80158013127937,49.28756552395273,0.006724058188639665,0.3561847662076069,500003000.0,4.99980930021306,1.2544466800453222e-05,4.3495956709644445e-05,3.6777473928879847e-09,4.567132363990665e-08,0.004134450900817702,1.580367348512422e-09,3.6363760046675698e-06,4.9782191797046686e-12,0.009045725492479683,-0.09095427450752032,1
408.0,242.71062585677186,48.8644895633297,0.006733508684430009,0.3573868126226685,500003000.0,4.9998177781403506,1.254811785349434e-05,4.3541313173167685e-05,3.651053041119058e-09,4.535646352323748e-08,0.004138061933541466,1.5853190929344594e-09,3.6120836088389857e-06,4.9542236352911494e-12,0.008985296579469898,-0.09101470342053011,1
409.0,242.61961115335131,48.44441287554137,0.006742998298460798,0.3585904397781402,500003000.0,4.999825884438842,1.2551742367143651e-05,4.358635620635009e-05,3.6245136493108682e-09,4.5043033182399985e-08,0.004141648796889179,1.5902467507321528e-09,3.5878993105224633e-06,4.93018068468383e-12,0.008925136565610168,-0.09107486343438984,1
410.0,242.52853628991693,48.02732066334261,0.006752527023892931,0.35979564360421556,500003000.0,4.999833635137732,1.2555340495716269e-05,4.3631087238685625e-05,3.5981285726180894e-09,4.473103233553519e-08,0.004145211598792151,1.5951502805139174e-09,3.563823131260543e-06,4.906092648164013e-12,0.008865245504495444,-0.09113475449550457,1
411.0,242.43740153542143,47.613198140035735,0.0067620948544116185,0.36100242000085936,500003000.0,4.999841045587588,1.255891239288508e-05,4.367550769934751e-05,3.571897168810354e-09,4.442046066189021e-08,0.004148750447200304,1.600029643029875e-09,3.539855087654896e-06,4.881961828949405e-12,0.008805623437429914,-0.0911943765625701,1
412.0,242.34620715885885,47.202030530083256,0.006771701784194856,0.36221076483779613,500003000.0,4.999848130488456,1.2562458211683283e-05,4.3719619017148825e-05,3.5458187982043167e-09,4.411131780131406e-08,0.004152265450077217,1.6048848011605956e-09,3.5159951913691504e-06,4.857790513045777e-12,0.00874627039343402,-0.09125372960656598,1
413.0,242.25495342925228,46.79380306971637,0.006781347807924412,0.36342067395453387,500003000.0,4.99985490391685,1.2565978104506902e-05,4.376342262050261e-05,3.5198928236197304e-09,4.3803603353780405e-08,0.004155756715395199,1.6097157199054974e-09,3.4922434491548247e-06,4.833580969102619e-12,0.008687186389308982,-0.09131281361069102,1
414.0,242.16364061564158,46.388501007539475,0.006791032920790897,0.36463214316045617,500003000.0,4.9998613793516435,1.2569472223117236e-05,4.380691993738155e-05,3.494118610333274e-09,4.3497316878938287e-08,0.004159224351130376,1.61452236637091e-09,3.468599862874395e-06,4.809335448273e-12,0.008628371429694177,-0.09137162857030583,1
415.0,242.07226898707128,45.98610960513211,0.006800757118475142,0.36584516823483393,500003000.0,4.999867569698909,1.2572940718643256e-05,4.3850112395277224e-05,3.4684955260212827e-09,4.319245789567659e-08,0.004162668465257805,1.6193047097578154e-09,3.4450644295127e-06,4.785056184076156e-12,0.008569825507095497,-0.09143017449290451,1
416.0,241.98083881257838,45.58661413764606,0.006810520397164954,0.3670597449268617,500003000.0,4.999873487315758,1.2576383741583978e-05,4.3893001421158934e-05,3.443022940721896e-09,4.2889025881713076e-08,0.004166089165746605,1.6240627213492788e-09,3.421637141206994e-06,4.760745392264094e-12,0.008511548601960127,-0.09148845139803988,1
417.0,241.88935036118033,45.18999989439957,0.006820322753540294,0.3682758689557337,500003000.0,4.999879144033204,1.257980144181076e-05,4.393558844143214e-05,3.417700226782032e-09,4.258702027320676e-08,0.004169486560555106,1.6287963744975633e-09,3.398317985261294e-06,4.736405270692147e-12,0.008453540682712212,-0.09154645931728779,1
418.0,241.79780390186303,44.796252179467665,0.006830164184772742,0.36949353601062096,500003000.0,4.999884551178103,1.2583193968569572e-05,4.3977874881896525e-05,3.392526758812901e-09,4.228644046438315e-08,0.004172860757626022,1.6335056446109582e-09,3.3751069441686056e-06,4.712037999192397e-12,0.008395801705808163,-0.09160419829419184,1
419.0,241.70619970356884,44.405356312268204,0.006840044688531288,0.3707127417507684,500003000.0,4.999889719594201,1.2586561470483221e-05,4.401986216770371e-05,3.3675019136496526e-09,4.198728580719006e-08,0.004176211864881654,1.6381905091403144e-09,3.3520039956366503e-06,4.687645739452027e-12,0.008338331615800647,-0.09166166838419935,1
420.0,241.61453803518464,44.017297628144156,0.006849964262979681,0.37193348180554037,500003000.0,4.999894659662317,1.258990409555353e-05,4.406155172331468e-05,3.3426250703077747e-09,4.168955561096831e-08,0.004179539990219103,1.6428509475653037e-09,3.329009112609778e-06,4.663230634894899e-12,0.008281130345393097,-0.0917188696546069,1
421.0,241.52281916553002,43.63206147894243,0.006859922906765344,0.37315575177440674,500003000.0,4.999899381319707,1.2593221991163466e-05,4.410294497245682e-05,3.3178956099365143e-09,4.1393249142137206e-08,0.004182845241505512,1.6474869413804032e-09,3.3061222632873135e-06,4.6387948105664385e-12,0.00822419781548535,-0.09177580218451466,1
422.0,241.4310433633455,43.249633233588064,0.006869920619029874,0.37437954722704203,500003000.0,4.999903894078643,1.259651530407925e-05,4.4144043338080726e-05,3.2933129157839033e-09,4.109836562390946e-08,0.0041861277265733314,1.6520984740806287e-09,3.2833434111528933e-06,4.6143403730235195e-12,0.008167533935246616,-0.09183246606475338,1
423.0,241.33921089728076,42.86999827865468,0.006879957399401821,0.37560486370335056,500003000.0,4.999908207044219,1.2599784180452403e-05,4.418484824231674e-05,3.2688763731540634e-09,4.0804904236017713e-08,0.0041893875532156176,1.6566855311470043e-09,3.260672514995538e-06,4.589869410227388e-12,0.008111138602167913,-0.09188886139783209,1
424.0,241.24732203588295,42.49314201893086,0.006890033247995561,0.37683169671347694,500003000.0,4.9999123289314396,1.260302876582177e-05,4.42253611064312e-05,3.2445853693685524e-09,4.051286411445937e-08,0.004192624829181334,1.6612481000317969e-09,3.2381095289341954e-06,4.565383991440491e-12,0.008055011702123105,-0.0919449882978769,1
425.0,241.15537704758506,42.11904987798202,0.006900148165416678,0.378060041737898,500003000.0,4.999916268081602,1.2606249205115502e-05,4.4265583350782465e-05,3.2204392937316996e-09,4.022224435126593e-08,0.004195839662170703,1.6657861701435063e-09,3.2156544024457117e-06,4.540886167127888e-12,0.007999153109438484,-0.09200084689056152,1
426.0,241.0633762006945,41.74770729870901,0.0069103021527427266,0.37928989422741805,500003000.0,4.99992003247801,1.2609445642652987e-05,4.430551639477675e-05,3.196437537485404e-09,3.9933043994282466e-08,0.004199032159830559,1.6702997328316392e-09,3.1933070803817364e-06,4.516377968861739e-12,0.007943562686934831,-0.09205643731306518,1
427.0,240.97131976338144,41.37909974390105,0.006920495211550237,0.38052124960324785,500003000.0,4.999923629761036,1.2612618222146773e-05,4.434516165682372e-05,3.17257949378646e-09,3.9645262046971854e-08,0.0042022024297497474,1.6747887813712505e-09,3.171067503007595e-06,4.4918614092305244e-12,0.0078882402860241,-0.09211175971397591,1
428.0,240.87920800366746,41.01321269678562,0.006930727343889817,0.3817541032570245,500003000.0,4.999927067242568,1.2615767086704434e-05,4.4384520554291953e-05,3.1488645576606065e-09,3.935889746823092e-08,0.0042053505794545434,1.6792533109472864e-09,3.148935606017379e-06,4.467338481751629e-12,0.00783318574674697,-0.09216681425325304,1
429.0,240.7870411894142,40.650031661573536,0.006940998552293786,0.3829884505508572,500003000.0,4.999930351919864,1.2618892378830407e-05,4.442359450346418e-05,3.125292125972716e-09,3.907394917222619e-08,0.004208476716404089,1.6836933186387141e-09,3.1269113205646377e-06,4.442811160788151e-12,0.007778398897849178,-0.09222160110215083,1
430.0,240.69481958831204,40.28954216399959,0.006951308839777243,0.3842242868173905,500003000.0,4.999933490488829,1.2621994240427802e-05,4.446238491949243e-05,3.1018615973947413e-09,3.879041602824766e-08,0.004211580947985869,1.6881088034024618e-09,3.104994573290329e-06,4.418281401469841e-12,0.007723879556851059,-0.09227612044314895,1
431.0,240.60254346786888,39.93172975185869,0.00696165820983908,0.38546160735978263,500003000.0,4.999936489356748,1.2625072812800177e-05,4.4500893216353e-05,3.0785723723744816e-09,3.850829686057237e-08,0.004214663381511208,1.6924997660571697e-09,3.0831852863510716e-06,4.393751139617246e-12,0.0076696275301178195,-0.09233037246988218,1
432.0,240.510213095399,39.57657999553815,0.006972046666448126,0.38670040745182754,500003000.0,4.999939354654492,1.2628128236653276e-05,4.453912080680135e-05,3.055423853098699e-09,3.8227590448354806e-08,0.004217724124210795,1.6968662092667588e-09,3.061483377441247e-06,4.369222291671041e-12,0.007615642612914519,-0.09238435738708549,1
433.0,240.4178287380119,39.22407848854447,0.006982474214063637,0.38794068233793777,500003000.0,4.999942092248222,1.2631160652096748e-05,4.457706910232688e-05,3.032415443472277e-09,3.7948295525523257e-08,0.004220763283230249,1.7012081375238319e-09,3.039888759830681e-06,4.344696754624198e-12,0.007561924589499805,-0.0924380754105002,1
434.0,240.3253906626014,38.874210848026635,0.006992940857613634,0.3891824272332166,500003000.0,4.9999447077506,1.2634170198645828e-05,4.4614739513107574e-05,3.0095465490796358e-09,3.7670410780697586e-08,0.004223780965625689,1.7055255571329003e-09,3.0184013423840504e-06,4.320176405958761e-12,0.00750847323317419,-0.09249152676682582,1
435.0,240.23289913583457,38.52696271529423,0.007003446602504746,0.3904256373234799,500003000.0,4.9999472065315445,1.2637157015222989e-05,4.465213344796469e-05,2.986816577160893e-09,3.739393485711923e-08,0.004226777278359356,1.7098184761934658e-09,2.997021029594597e-06,4.295663103586263e-12,0.007455288306363909,-0.0925447116936361,1
436.0,240.14035442414092,38.18231975633067,0.00701399145463001,0.39167030776530426,500003000.0,4.999949593728536,1.2640121240159577e-05,4.468925231431729e-05,2.964224936587714e-09,3.7118866352597846e-08,0.0042297523282952545,1.7140869045829392e-09,2.975747721617056e-06,4.27115868579223e-12,0.007402369560702841,-0.09259763043929717,1
437.0,240.04775679370164,37.84026766230295,0.007024575420341593,0.392916433686058,500003000.0,4.99995187425649,1.2643063011197403e-05,4.4726097518136766e-05,2.9417710378251564e-09,3.684520381947092e-08,0.004232706222194822,1.7183308539394233e-09,2.9545813142860666e-06,4.246664971184439e-12,0.007349716737078304,-0.0926502832629217,1
438.0,239.95510651043872,37.50079215006517,0.0070351985064843765,0.39416401018396036,500003000.0,4.999954052817231,1.2645982465490322e-05,4.4762670463901347e-05,2.919454292920103e-09,3.657294576458103e-08,0.004235639066712632,1.7225503376443545e-09,2.933521699160802e-06,4.222183758645461e-12,0.007297329565742067,-0.09270267043425794,1
439.0,239.86240384000448,37.16387896265859,0.007045860720368799,0.39541303232810937,500003000.0,4.999956133908556,1.2648879739605787e-05,4.479897255455061e-05,2.897274115464779e-09,3.6302090649263445e-08,0.004238550968392137,1.7267453708050191e-09,2.912568763544139e-06,4.197716827288651e-12,0.0072452077663580465,-0.09275479223364196,1
440.0,239.76964904777083,36.829513869806206,0.007056562069785156,0.39666349515851035,500003000.0,4.999958121832938,1.2651754969526365e-05,4.483500519143996e-05,2.8752299205785134e-09,3.603263688934898e-08,0.004241442033661417,1.7309159702369423e-09,2.891722390519683e-06,4.173265936418184e-12,0.0071933510480944,-0.0928066489519056,1
441.0,239.67684239881893,36.497682668403314,0.007067302562987292,0.3979153936861245,500003000.0,4.999960020705847,1.2654608290651242e-05,4.4870769774295144e-05,2.8533211248776076e-09,3.5764582855181016e-08,0.004244312368828986,1.7350621544461627e-09,2.8709824589764124e-06,4.148832825493027e-12,0.007141759109684835,-0.09285824089031516,1
442.0,239.58398415792863,36.16837118300183,0.007078082208724199,0.39916872289292477,500003000.0,4.999961834463741,1.2657439837797708e-05,4.490626770116679e-05,2.8315471464653767e-09,3.54979268716471e-08,0.004247162080079619,1.7391839436113957e-09,2.850348843653165e-06,4.124419214094875e-12,0.007090431639539269,-0.09290956836046074,1
443.0,239.49107458956817,35.84156526629163,0.007088901016197908,0.4004234777318985,500003000.0,4.999963566871712,1.26602497452026e-05,4.4941500368385007e-05,2.8099074048931144e-09,3.523266721821868e-08,0.004249991273470204,1.7432813595660963e-09,2.8298214151534352e-06,4.100026801899356e-12,0.007039368315780642,-0.09296063168421936,1
444.0,239.39811395788396,35.5172507995756,0.007099758995094691,0.4016796531271195,500003000.0,4.999965221530819,1.2663038146523752e-05,4.4976469170514015e-05,2.788401321151419e-09,3.4968802129010017e-08,0.004252800054925641,1.7473544257804227e-09,2.809400039990295e-06,4.075657268651745e-12,0.006988568806356653,-0.09301143119364336,1
445.0,239.30510252669032,35.19541369324027,0.007110656155575068,0.4029372439737553,500003000.0,4.999966801885102,1.2665805174841397e-05,4.501117550030686e-05,2.767028317645524e-09,3.47063297928441e-08,0.0042555885302347635,1.7514031673431058e-09,2.7890845806147986e-06,4.051312274145818e-12,0.00693803276911043,-0.09306196723088958,1
446.0,239.21204055945944,34.87603988722186,0.007121592508265239,0.40419624513812075,500003000.0,4.999968311228323,1.266855096265957e-05,4.50456207486602e-05,2.7457878181720997e-09,3.4445248353334223e-08,0.004258356805046292,1.7554276109432437e-09,2.76887489544543e-06,4.026993458206833e-12,0.006887759851853767,-0.09311224014814624,1
447.0,239.1189283193113,34.55911535146658,0.00713256806427549,0.4054566514577276,500003000.0,4.999969752710396,1.2671275641907477e-05,4.507980630456917e-05,2.7246792479071966e-09,3.418555590897763e-08,0.0042611049848648285,1.759427784852002e-09,2.74877083890838e-06,4.002702440678218e-12,0.006837749692467331,-0.09316225030753267,1
448.0,239.02576606900377,34.24462608638698,0.007143582835177078,0.40671845774127935,500003000.0,4.999971129343573,1.2673979343940856e-05,4.511373355508243e-05,2.703702033378786e-09,3.392725051325697e-08,0.004263833175046875,1.7634037189042603e-09,2.7287722614618685e-06,3.9784408214114944e-12,0.006788001918961153,-0.09321199808103885,1
449.0,238.93255407092272,33.93255812331219,0.007154636833026523,0.40798165876875275,500003000.0,4.9999724440083515,1.2676662199543313e-05,4.514740388525719e-05,2.682855602458188e-09,3.367033017475937e-08,0.004266541480796897,1.7673554444801752e-09,2.7088790096391245e-06,3.954210180260542e-12,0.0067385161495815546,-0.09326148385041845,1
450.0,238.8392925870723,33.6228975249343,0.007165730070340345,0.4092462492914129,500003000.0,4.999973699459145,1.2679324338927647e-05,4.518081867811449e-05,2.66213938433325e-09,3.341479285730179e-08,0.004269230007163403,1.7712829944866895e-09,2.689090926072541e-06,3.9300120770789e-12,0.006689291992871223,-0.09331070800712879,1
451.0,238.74598187906517,33.31563038574867,0.007176862560118848,0.41051222403183135,500003000.0,4.999974898329703,1.2681965891737148e-05,4.5213979314594556e-05,2.6415528095007255e-09,3.3160636480068785e-08,0.004271898859035083,1.775186403338986e-09,2.6694078495368078e-06,3.90584805172082e-12,0.006640329047776516,-0.09335967095222349,1
452.0,238.65262220811294,33.01074283248969,0.007188034315832815,0.4117795776839526,500003000.0,4.999976043138319,1.2684586987046893e-05,4.524688717351232e-05,2.6210953097452527e-09,3.2907858917762885e-08,0.0042745481411369576,1.7790657069418912e-09,2.649829614978133e-06,3.8817196240460785e-12,0.006591626903720146,-0.09340837309627986,1
453.0,238.55921383501666,32.70822102456166,0.00719924535142102,0.4130483049131043,500003000.0,4.999977136292795,1.2687187753365015e-05,4.527954363151308e-05,2.600766318123166e-09,3.265645800076274e-08,0.004277177958026577,1.782920942671229e-09,2.6303560535479456e-06,3.8576282939279485e-12,0.0065431851406850235,-0.09345681485931498,1
454.0,238.46575702015735,32.40805115446412,0.007210495681299826,0.4143184003560368,500003000.0,4.999978180095221,1.2689768318633967e-05,4.531195006302838e-05,2.580565268951245e-09,3.240643151529361e-08,0.004279788414090249,1.7867521493551438e-09,2.6109869926412e-06,3.833575541264928e-12,0.006495003329309536,-0.09350499667069047,1
455.0,238.37225202348665,32.110219448212206,0.007221785320359975,0.4155898586209687,500003000.0,4.999979176746531,1.2692328810231758e-05,4.534410784023199e-05,2.560491597791331e-09,3.215777720360763e-08,0.0042823796135392994,1.79055936725538e-09,2.5917222559301274e-06,3.809562825995821e-12,0.0064470810309715096,-0.0935529189690285,1
456.0,238.2786991045176,31.81471216575218,0.007233114283960402,0.41686267428758544,500003000.0,4.9999801283508845,1.2694869354973193e-05,4.537601833299616e-05,2.540544741434564e-09,3.191049276417173e-08,0.0042849516604063775,1.7943426380485395e-09,2.5725616633972166e-06,3.785591588117996e-12,0.006399417797870251,-0.09360058220212976,1
457.0,238.18509852231549,31.52151560137143,0.0072444825879367505,0.41813684190711853,500003000.0,4.999981036919848,1.2697390079111084e-05,4.540768290884803e-05,2.52072413789141e-09,3.166457585186977e-08,0.004287504658541784,1.7981020048073159e-09,2.5535050313736825e-06,3.761663247709514e-12,0.00635201317312224,-0.09364798682687776,1
458.0,238.0914505354886,31.230616084103325,0.007255890248601949,0.41941235600231475,500003000.0,4.999981904376399,1.2699891108337463e-05,4.543910293292624e-05,2.5010292263793404e-09,3.142002407820777e-08,0.004290038711609847,1.8018375119816986e-09,2.5345521725751853e-06,3.737779204953844e-12,0.006304866690849981,-0.09369513330915002,1
459.0,237.99775540217945,30.941999978127328,0.0072673372827359185,0.42068921106754104,500003000.0,4.999982732558778,1.270237256778477e-05,4.5470279767937776e-05,2.4814594473073617e-09,3.117683501153576e-08,0.00429255392308533,1.8055492053801798e-09,2.5157028961339915e-06,3.713940840168732e-12,0.00625797787626201,-0.093742022123738,1
460.0,237.90401338005572,30.655653683163486,0.007278823707596126,0.4219674015687487,500003000.0,4.999983523224152,1.2704834582027038e-05,4.550121477411505e-05,2.462014242268322e-09,3.0935006177271344e-08,0.004295050396249862,1.8092371321509338e-09,2.4969570076386353e-06,3.690149513837438e-12,0.006211346245751553,-0.09378865375424845,1
461.0,237.81022472630147,30.371563634861836,0.0072903495409163644,0.4232469219435284,500003000.0,4.999984278052137,1.2707277275081066e-05,4.553190930917319e-05,2.4426930540275996e-09,3.069453505813659e-08,0.004297528234188436,1.8129013407630081e-09,2.478314309169575e-06,3.666406566643721e-12,0.006164971306985221,-0.09383502869301479,1
462.0,237.71638969760846,30.089716305186712,0.007301914800903048,0.4245277666011565,500003000.0,4.999984998648172,1.2709700770407578e-05,4.556236472826759e-05,2.4234953265115116e-09,3.045541909440296e-08,0.004299987539785908,1.8165418809875016e-09,2.4597745993341816e-06,3.642713319509898e-12,0.0061188525589900514,-0.09388114744100995,1
463.0,237.62250855016745,29.810098202795757,0.007313519506238837,0.42580992992258637,500003000.0,4.999985686546734,1.2712105190912377e-05,4.559258238395173e-05,2.404420504798721e-09,3.0217655684141966e-08,0.0043024284157235524,1.8201588038787548e-09,2.4413376733044275e-06,3.6190710736377047e-12,0.006072989492247255,-0.09392701050775275,1
464.0,237.5285815396597,29.532695873413836,0.007325163676079004,0.4270934062604976,500003000.0,4.999986343214438,1.2714490658947487e-05,4.5622563626135216e-05,2.3854680351097086e-09,2.998124218348671e-08,0.004304850964475659,1.8237521617555442e-09,2.4230033228522506e-06,3.595481110552555e-12,0.006027381588780193,-0.09397261841121982,1
465.0,237.4346089212485,29.257495900201448,0.0073368473300595635,0.42837818993931664,500003000.0,4.999986970052982,1.2716857296312287e-05,4.5652309802042116e-05,2.3666373648005934e-09,2.974617590690014e-08,0.00430725528830615,1.827322008182292e-09,2.4047713363889813e-06,3.5719446921506494e-12,0.005982028322252448,-0.09401797167774756,1
466.0,237.34059094957075,28.98448490411817,0.007348570488290451,0.4296642752552479,500003000.0,4.99998756840198,1.271920522425464e-05,4.5681822256169564e-05,2.347927942352511e-09,2.951245412745115e-08,0.004309641489265245,1.8308683979502897e-09,2.3866414989999174e-06,3.5484630607490983e-12,0.005936929158053838,-0.09406307084194616,1
467.0,237.2465278787288,28.713649544280916,0.0073603331713541454,0.43095165647629013,500003000.0,4.9999881395416725,1.2721534563472003e-05,4.571110233024666e-05,2.3293392173633204e-09,2.9280074077097794e-08,0.0043120096691861625,1.8343913870589512e-09,2.3686135924809113e-06,3.5250374391388975e-12,0.005892083553391423,-0.09410791644660858,1
468.0,237.1524199622822,28.44497651831647,0.007372135400320347,0.4322403278422719,500003000.0,4.999988684695516,1.2723845434112549e-05,4.574015136319364e-05,2.310870640544811e-09,2.904903294697875e-08,0.004314359929681857,1.8378910326970766e-09,2.350687395380204e-06,3.501669030640906e-12,0.005847490957393576,-0.09415250904260643,1
469.0,237.0582674532396,28.17845256270948,0.007383977196725197,0.4335302835648466,500003000.0,4.999989205032665,1.2726137955776258e-05,4.576897069108135e-05,2.2925216637091174e-09,2.88193278877095e-08,0.004316692372141789,1.8413673932241618e-09,2.3328626830289575e-06,3.478359019164362e-12,0.005803150811185925,-0.09419684918881407,1
470.0,236.9640706040508,27.914064453144505,0.007395858582593354,0.4348215178275712,500003000.0,4.999989701670345,1.2728412247516027e-05,4.579756164709104e-05,2.274291739769097e-09,2.8590956009690054e-08,0.0043190070977287475,1.8448205281517285e-09,2.315139227585634e-06,3.455108569268742e-12,0.005759062548001763,-0.09424093745199824,1
471.0,236.8698296665988,27.65179900484355,0.007407779580415405,0.43611402478584527,500003000.0,4.999990175676122,1.2730668427838751e-05,4.582592556147445e-05,2.2561803227251893e-09,2.836391438341214e-08,0.004321304207375688,1.8482504981246935e-09,2.297516798066298e-06,3.431918826227473e-12,0.005715225593257411,-0.0942847744067426,1
472.0,236.77554489219207,27.391643072897402,0.007419740213177606,0.4374077985670298,500003000.0,4.999990628070089,1.273290661470642e-05,4.5854063761514235e-05,2.238186867668826e-09,2.8138200039782058e-08,0.004323583801782633,1.8516573649027886e-09,2.2799951603914275e-06,3.4087909160954473e-12,0.005671639364668681,-0.09432836063533133,1
473.0,236.68121653155674,27.133583552592707,0.0074317405043321455,0.43870283327037474,500003000.0,4.99999105982693,1.2735126925537188e-05,4.5881977571484675e-05,2.220310830768027e-09,2.7913809970439963e-08,0.004325845981413582,1.855041191342007e-09,2.262574077414258e-06,3.385725945777959e-12,0.005628303272321369,-0.09437169672767863,1
474.0,236.58684483482907,26.877607379733224,0.00744378047781538,0.439999122967098,500003000.0,4.999991471877923,1.2737329477206457e-05,4.590966831261277e-05,2.202551669268089e-09,2.7690741128093388e-08,0.004328090846493493,1.858402041376114e-09,2.2452533089641606e-06,3.3627250031032255e-12,0.005585216718779164,-0.09441478328122084,1
475.0,236.49243005154784,26.6237015309558,0.007455860158048685,0.44129666170039095,500003000.0,4.999991865112844,1.2739514386047945e-05,4.593713730303962e-05,2.1849088414872545e-09,2.7468990426852678e-08,0.004330318497005268,1.861739979998197e-09,2.228032611884599e-06,3.3397891568969497e-12,0.005542379099178078,-0.09445762090082192,1
476.0,236.39797243064703,26.371853024041474,0.0074679795699282864,0.44259544348543245,500003000.0,4.999992240381786,1.2741681767854754e-05,4.59643858577822e-05,2.1673818068095785e-09,2.7248554742572475e-08,0.0043325290326868,1.865055073242277e-09,2.210911740067887e-06,3.3169194570594094e-12,0.005499789801312894,-0.09450021019868711,1
477.0,236.30347222044836,26.122048918220884,0.007480138738840028,0.44389546230937954,500003000.0,4.999992598496907,1.274383173788044e-05,4.5991415288695394e-05,2.149970025685506e-09,2.702943091319843e-08,0.004334722553028056,1.8683473881649724e-09,2.193890444497496e-06,3.294116934644938e-12,0.005457448205742421,-0.09454255179425758,1
478.0,236.2089296686541,25.874276314474816,0.00749233769064717,0.44519671213144574,500003000.0,4.999992940234097,1.2745964410840064e-05,4.601822690443452e-05,2.132672959624897e-09,2.68116157391223e-08,0.004336899157268182,1.8716169928272324e-09,2.1769684732823427e-06,3.2713826019441685e-12,0.005415353685874777,-0.09458464631412523,1
479.0,236.11434502233996,25.628522355829396,0.007504576451696117,0.44649918688283746,500003000.0,4.999993266334576,1.274807990091126e-05,4.6044822010418055e-05,2.115490071195694e-09,2.6595105983536884e-08,0.004339058944392664,1.87486395627612e-09,2.1601455716965026e-06,3.2487174525679504e-12,0.005373505608066187,-0.09462649439193382,1
480.0,236.01971852794802,25.38477422764597,0.0075168550488191105,0.4478028804668603,500003000.0,4.999993577506424,1.2750178321735282e-05,4.6071201908790854e-05,2.098420824021971e-09,2.63798983728028e-08,0.004341202013130519,1.8780883485266776e-09,2.1434214822179927e-06,3.2261224615343937e-12,0.005331903331717451,-0.09466809666828255,1
481.0,235.92505043127974,25.14301915790582,0.007529173509333502,0.4491077867588283,500003000.0,4.999993874426034,1.2752259786418063e-05,4.609736789838767e-05,2.0814646827813697e-09,2.6165989596812043e-08,0.004343328461951527,1.8812902405438523e-09,2.1267959445666017e-06,3.2035985853571626e-12,0.005290546209368056,-0.09470945379063195,1
482.0,235.8303409774891,24.90324441748962,0.007541531861043531,0.450413899606174,500003000.0,4.999994157739518,1.2754324407531266e-05,4.612332127469703e-05,2.0646211132035498e-09,2.5953376309364456e-08,0.004345438389063499,1.884469704224497e-09,2.1102686957424553e-06,3.181146762136962e-12,0.005249433586792101,-0.0947505664132079,1
483.0,235.7355904110759,24.665437320451918,0.007553930132234688,0.45172121282838873,500003000.0,4.9999944280640465,1.2756372297113332e-05,4.614906332982557e-05,2.0478895820669596e-09,2.5742055128541767e-08,0.004347531892409585,1.8876268123794505e-09,2.093839470062547e-06,3.1587679116543216e-12,0.005208564803089183,-0.09479143519691083,1
484.0,235.64079897587897,24.429585224290097,0.007566368351683751,0.45302972021707294,500003000.0,4.999994685989115,1.2758403566670532e-05,4.6174595352462664e-05,2.0312695572002098e-09,2.5532022637090796e-08,0.004349609069665619,1.89076163871569e-09,2.077507999201666e-06,3.136462935465045e-12,0.005167939190786193,-0.09483206080921382,1
485.0,235.54596691506976,24.195675530208387,0.007578846548652564,0.4543394155359243,500003000.0,4.999994932077784,1.276041832717801e-05,4.619991862784547e-05,2.0147605074792843e-09,2.532327538280783e-08,0.004351670018237506,1.8938742578185694e-09,2.0612740122287703e-06,3.1142327169973423e-12,0.005127556075927808,-0.0948724439240722,1
486.0,235.4510944711457,23.96369568337659,0.0075913647528927175,0.4556502925207731,500003000.0,4.999995166867832,1.2762416689080839e-05,4.62250344377244e-05,1.9983619028280316e-09,2.5115809878929326e-08,0.004353714835258641,1.896964745134138e-09,2.0451372356464003e-06,3.092078121651221e-12,0.005087414778174524,-0.09491258522182548,1
487.0,235.35618188592386,23.733633173183556,0.007603922994649095,0.4569623448795493,500003000.0,4.9999953908728925,1.2764398762295057e-05,4.6249944060328925e-05,1.9820732142185777e-09,2.490962260452363e-08,0.004355743617587373,1.900033176951552e-09,2.0290973934297154e-06,3.069999996899496e-12,0.005047514610899781,-0.09495248538910023,1
488.0,235.26122940053477,23.505475533486006,0.007616521304643776,0.4582755662923331,500003000.0,4.999995604583509,1.2766364656208723e-05,4.627464877033381e-05,1.965893913666939e-09,2.470471000488954e-08,0.004357756461804506,1.9030796303855636e-09,2.0131542070603194e-06,3.047999172391032e-12,0.005007854881274082,-0.09499214511872592,1
489.0,235.16623725541604,23.279210342851275,0.0076291597141092534,0.45958995041132883,500003000.0,4.999995808468167,1.2768314479682965e-05,4.6299149838825766e-05,1.9498234742417166e-09,2.4501068491956048e-08,0.004359753464210832,1.906104183359112e-09,1.9973073955731696e-06,3.0260764600555786e-12,0.004968434890381703,-0.0950315651096183,1
490.0,235.0712056903064,23.054825224796176,0.007641838254745891,0.46090549086088634,500003000.0,4.9999960029742745,1.2770248341053018e-05,4.632344853327045e-05,1.9338613700534544e-09,2.4298694444686292e-08,0.004361734720824712,1.9091069145860034e-09,1.9815566755833968e-06,3.004232654210473e-12,0.004929253933287396,-0.0950707460667126,1
491.0,234.9761349442397,22.83230784801951,0.0076545569587669815,0.4622221812374951,500003000.0,4.9999961885290904,1.2772166348129286e-05,4.6347546117479935e-05,1.918007076266804e-09,2.4097584209485017e-08,0.004363700327379689,1.912087903553683e-09,1.9659017613361794e-06,2.9824685316691294e-12,0.004890311299160465,-0.09510968870083954,1
492.0,234.88102525553887,22.61164592663034,0.007667315858868962,0.46354001510980364,500003000.0,4.999996365540628,1.277406860819838e-05,4.6371443851580544e-05,1.9022600690937456e-09,2.3897734100608828e-08,0.0043656503793221375,1.915047230506114e-09,1.950342364736929e-06,2.960784851851183e-12,0.004851606271349843,-0.09514839372865017,1
493.0,234.7858768618102,22.392827220370794,0.00768011498824658,0.46485898601860637,500003000.0,4.999996534398508,1.277595522802418e-05,4.639514299198112e-05,1.886619825798527e-09,2.3699140400578978e-08,0.004367584971808963,1.9179849764267467e-09,1.934878195393179e-06,2.93918235689423e-12,0.004813138127488305,-0.0951868618725117,1
494.0,234.6906899999377,22.175839534834093,0.007692954380582656,0.46617908747682407,500003000.0,4.999996695474774,1.2777826313848876e-05,4.641864479134172e-05,1.8710858246964792e-09,2.3501799360596514e-08,0.0043695041997053215,1.920901223021595e-09,1.9195089606499067e-06,2.9176617717671044e-12,0.004774906139580327,-0.09522509386041968,1
495.0,234.59546490607727,21.96067072167719,0.007705834070062981,0.4675003129695784,500003000.0,4.999996849124681,1.2779681971394035e-05,4.6441950498542685e-05,1.8556575451592456e-09,2.3305707200963606e-08,0.004371408157582395,1.923796052702419e-09,1.9042343656311483e-06,2.8962238043851564e-12,0.004736909574105604,-0.0952630904258944,1
496.0,234.50020181565137,21.747308678828603,0.007718754091367927,0.46882265595409167,500003000.0,4.999996995687437,1.278152230586165e-05,4.6465061358654184e-05,1.8403344676144846e-09,2.3110860111500842e-08,0.004373296939715193,1.9266695485700043e-09,1.8890541132756522e-06,2.8748691457261983e-12,0.00469914769210775,-0.09530085230789226,1
497.0,234.40490096334347,21.53574135069122,0.007731714479674735,0.47014610985976224,500003000.0,4.999997135486925,1.2783347421935199e-05,4.6487978612906155e-05,1.8251160735484591e-09,2.2917254251973426e-08,0.004375170640080398,1.929521794397562e-09,1.8739679043752066e-06,2.8535984699487402e-12,0.004661619749289633,-0.09533838025071037,1
498.0,234.30956258309274,21.325956728340138,0.007744715270657654,0.4714706680881299,500003000.0,4.999997268832384,1.2785157423780707e-05,4.6510703498658674e-05,1.8100018455082948e-09,2.2724885752515588e-08,0.004377029352354243,1.9323528746142277e-09,1.8589754376123458e-06,2.8324124345111103e-12,0.004624324996107168,-0.09537567500389284,1
499.0,234.21418690808886,21.117942849715494,0.007757756500489964,0.472796324012861,500003000.0,4.999997396019063,1.2786952415047811e-05,4.653323724937273e-05,1.7949912671048988e-09,2.253375071405797e-08,0.004378873169910436,1.935162874288677e-09,1.8440764095984452e-06,2.811311680292054e-12,0.004587262677864095,-0.09541273732213591,1
500.0,234.11877417076673,20.911687799810075,0.007770838205856083,0.4741230709797809,500003000.0,4.999997517328845,1.278873249887083e-05,4.655558109458149e-05,1.7800838230183415e-09,2.234384520875846e-08,0.00438070218581812,1.9379518791128505e-09,1.829270514914072e-06,2.790296831712828e-12,0.004550432034812339,-0.09544956796518766,1
501.0,234.02332460280155,20.707179710852813,0.007783960423920404,0.47545090230681286,500003000.0,4.999997633030848,1.2790497777869823e-05,4.657773625986192e-05,1.7652789989935137e-09,2.215516528043147e-08,0.004382516492839854,1.9407199753858e-09,1.8145574461390536e-06,2.769368496860141e-12,0.00451383230222682,-0.09548616769777318,1
502.0,233.92783843510378,20.504406762486237,0.00779712319237348,0.4767798112840404,500003000.0,4.99999774338199,1.2792248354151677e-05,4.6599703966806905e-05,1.7505762818537042e-09,2.196770694498384e-08,0.004384316183429664,1.94346724999764e-09,1.7999368939006893e-06,2.7485272676109174e-12,0.004477462710525373,-0.09552253728947463,1
503.0,233.8323158978143,20.30335718194021,0.007810326549386299,0.47810979117362096,500003000.0,4.9999978486275465,1.2793984329311171e-05,4.6621485432997754e-05,1.7359751594933734e-09,2.178146619084629e-08,0.004386101349731098,1.9461937904136317e-09,1.7854085469002975e-06,2.7277737197575033e-12,0.004441322485334792,-0.09555867751466521,1
504.0,233.73675722029964,20.10401924419975,0.007823570533653693,0.47944083520985725,500003000.0,4.999997949001659,1.2795705804432063e-05,4.664308187197717e-05,1.7214751208912883e-09,2.1596438979412657e-08,0.004387872083575343,1.9488996846583685e-09,1.7709720919604182e-06,2.7071084131347663e-12,0.004405410847608247,-0.09559458915239176,1
505.0,233.64116263114724,19.906381272168932,0.007836855184358154,0.4807729365990993,500003000.0,4.999998044727842,1.2797412880088169e-05,4.666449449322264e-05,1.707075656105953e-09,2.1412621245473913e-08,0.004389628476479365,1.9515850213000963e-09,1.7566272140535398e-06,2.686531891747481e-12,0.004369727013696746,-0.09563027298630326,1
506.0,233.54553235816093,19.710431636829245,0.007850180541201002,0.48210608851982073,500003000.0,4.9999981360194585,1.2799105656344455e-05,4.66857245021203e-05,1.6927762562861864e-09,2.1230008897659906e-08,0.0043913706196440925,1.954249889435153e-09,1.7423735963461188e-06,2.666044683899566e-12,0.004334270195458637,-0.09566572980454137,1
507.0,233.44986662835638,19.516158757393598,0.007863546644384992,0.4834402841225365,500003000.0,4.999998223080176,1.2800784232758126e-05,4.670677309993918e-05,1.678576413671101e-09,2.1048597818876374e-08,0.0043930986039526386,1.9568943786725206e-09,1.72821092023144e-06,2.645647302323579e-12,0.004299039600341347,-0.09570096039965865,1
508.0,233.35416566795672,19.32355110145549,0.007876953534618562,0.484775516529833,500003000.0,4.999998306104399,1.2802448708379721e-05,4.672764148380592e-05,1.6644756215950447e-09,2.0868383866747015e-08,0.004394812519968552,1.9595185791185164e-09,1.7141388653672962e-06,2.6253402443116804e-12,0.004264034431475118,-0.09573596556852489,1
509.0,233.25842970238818,19.132597185133232,0.00789040125312579,0.48611177883634904,500003000.0,4.999998385277688,1.2804099181754214e-05,4.6748330846679975e-05,1.6504733744938155e-09,2.0689362874054655e-08,0.004396512457934113,1.9621225813616e-09,1.7001571097147196e-06,2.6051239918472937e-12,0.004229253887769345,-0.09577074611223066,1
510.0,233.16265895627595,18.943285573209778,0.00790388984163381,0.48744906410870364,500003000.0,4.999998460777158,1.280573575092212e-05,4.6768842377329156e-05,1.636569167906254e-09,2.0511530649181464e-08,0.004398198507768665,1.964706476457309e-09,1.6862653295716758e-06,2.5849990117374035e-12,0.004194697163996407,-0.0958053028360036,1
511.0,233.06685365343995,18.755604879267658,0.007917419342382208,0.48878736538557466,500003000.0,4.9999985327718575,1.28073585134206e-05,4.678917726030571e-05,1.6227624984806215e-09,2.0334882976554597e-08,0.004399870759066974,1.9672703559133253e-09,1.6724631996114264e-06,2.56496575574629e-12,0.004160363450887082,-0.09583963654911293,1
512.0,232.97101401689085,18.56954376581926,0.00793098979812481,0.49012667567760543,500003000.0,4.999998601423129,1.280896756628458e-05,4.68093366759228e-05,1.6090528639794601e-09,2.0159415617087016e-08,0.004401529301097643,1.9698143116746646e-09,1.6587503929190586e-06,2.545024660729369e-12,0.004126251935221428,-0.09587374806477858,1
513.0,232.87514026882607,18.38509094443252,0.007944601252128704,0.49146698796742333,500003000.0,4.99999866688496,1.2810563006047864e-05,4.682932180023142e-05,1.5954397632839984e-09,1.9985124308622013e-08,0.004403174222801539,1.972338436108999e-09,1.6451265810272794e-06,2.5251761487681865e-12,0.004092361799917815,-0.09590763820008219,1
514.0,232.77923263062598,18.202235175852117,0.007958253748169861,0.49280829520957004,500003000.0,4.999998729304318,1.2812144928744262e-05,4.68491338049978e-05,1.5819226963980374e-09,1.9812004766375618e-08,0.004404805612790275,1.9748428219921147e-09,1.6315914339514153e-06,2.5054206273058096e-12,0.004058692224119995,-0.09594130777588002,1
515.0,232.6832913228501,18.020965270115923,0.00797194733054239,0.4941505903305565,500003000.0,4.999998788821455,1.2813713429908716e-05,4.686877385768118e-05,1.5685011644546684e-09,1.96400526833827e-08,0.0044064235593447194,1.9773275624934873e-09,1.6181446202270615e-06,2.485758489283304e-12,0.0040252423832907586,-0.09597475761670925,1
516.0,232.58731656523338,17.841270086666995,0.007985682044055484,0.49549386622878927,500003000.0,4.999998845570223,1.2815268604578436e-05,4.6888243121412124e-05,1.55517466972061e-09,1.946926373093948e-08,0.0044080281504135475,1.979792751162005e-09,1.604785806945023e-06,2.4661901132763826e-12,0.003992011449298845,-0.09600798855070117,1
517.0,232.49130857668268,17.66313853446103,0.007999457934035059,0.49683811577455167,500003000.0,4.999998899678358,1.2816810547294038e-05,4.690754275497117e-05,1.5419427156015898e-09,1.9299633559047624e-08,0.004409619473611816,1.9822384819118127e-09,1.5915146597870673e-06,2.4467158636328157e-12,0.0039589985905078865,-0.09604100140949212,1
518.0,232.39526757527318,17.486559572069222,0.008013275046330705,0.49818333180999014,500003000.0,4.999998951267756,1.2818339352100687e-05,4.692667391276803e-05,1.5288048066488164e-09,1.913115779685832e-08,0.004411197616219585,1.9846648490082997e-09,1.5783308430625478e-06,2.4273360906103984e-12,0.003926202971867513,-0.0960737970281325,1
519.0,232.29919377824504,17.311522207777053,0.008027133427297618,0.4995295071490743,500003000.0,4.9999990004547366,1.2819855112549248e-05,4.6945637744821144e-05,1.5157604485607745e-09,1.8963832053115408e-08,0.004412762665180579,1.9870719470542114e-09,1.5652340197399385e-06,2.4080511305153215e-12,0.003893623754991791,-0.09610637624500822,1
520.0,232.20308740200002,17.1380154996781,0.008041033123823645,0.5008766345775877,500003000.0,4.9999990473503,1.2821357921697441e-05,4.696443539673774e-05,1.502809148193718e-09,1.8797651916599302e-08,0.004414314707100863,1.989459870975907e-09,1.5522238514870928e-06,2.388861305841144e-12,0.003861260098259376,-0.09613873990174063,1
521.0,232.1069486620983,16.96602855576389,0.00805497418331078,0.502224706853082,500003000.0,4.999999092060362,1.2822847872111005e-05,4.698306800969431e-05,1.4899504135635362e-09,1.863261295656909e-08,0.004415853828247578,1.99182871600974e-09,1.539299998702343e-06,2.3697669254080034e-12,0.0038291111568908697,-0.09617088884310913,1
522.0,232.01077777325517,16.795550534009056,0.008068956653690555,0.5035737167048834,500003000.0,4.999999134685986,1.2824325055864859e-05,4.700153672041752e-05,1.4771837538541108e-09,1.846871072320588e-08,0.004417380114547689,1.9941785776885887e-09,1.5264621205520435e-06,2.3507682845024335e-12,0.0037971760830422157,-0.0962028239169578,1
523.0,231.9145749493382,16.62657064245258,0.008082980583405227,0.5049236568339867,500003000.0,4.999999175323607,1.2825789564544278e-05,4.7019842661165575e-05,1.464508679419399e-09,1.83059407480524e-08,0.004418893651586792,1.9965095518285097e-09,1.5137098750013876e-06,2.3318656650171382e-12,0.003765454025881357,-0.09623454597411865,1
524.0,231.8183404033641,16.45907813927429,0.008097046021430966,0.5062745199131122,500003000.0,4.999999214065235,1.2827241489246071e-05,4.7037986959710035e-05,1.451924701793319e-09,1.814429854445652e-08,0.004420394524607926,1.998821734515541e-09,1.5010429188530252e-06,2.313059335591641e-12,0.0037339441316842988,-0.0962660558683157,1
525.0,231.72207434749578,16.29306233286728,0.008111153017268679,0.5076262985866156,500003000.0,4.999999250998659,1.2828680920579764e-05,4.705597073931805e-05,1.4394313336936962e-09,1.7983779608009702e-08,0.004421882818510449,2.0011152220926313e-09,1.488460907779305e-06,2.2943495517526846e-12,0.003702645543915315,-0.09629735445608469,1
526.0,231.6257769930397,16.128512581906172,0.008125301620941864,0.5089789854704776,500003000.0,4.999999286207643,1.2830107948668792e-05,4.7073795118735035e-05,1.4270280890276353e-09,1.7824379416987037e-08,0.004423358617848928,2.0033901111467167e-09,1.4759634963557302e-06,2.2757365560551703e-12,0.003671557403310174,-0.09632844259668984,1
527.0,231.529448550443,15.965418295411027,0.008139491883004368,0.5103325731522504,500003000.0,4.999999319772101,1.283152266315169e-05,4.709146121216782e-05,1.414714482898684e-09,1.76660934327852e-08,0.004424822006832069,2.005646498495929e-09,1.4635503380960232e-06,2.257220578223154e-12,0.00364067884796336,-0.09635932115203664,1
528.0,231.43308922929094,15.803768932807237,0.008153723854533872,0.5116870541910572,500003000.0,4.999999351768273,1.2832925153183302e-05,4.710897012926818e-05,1.4024900316115204e-09,1.7508917100360555e-08,0.004426273069321681,2.007884481176942e-09,1.4512210854843863e-06,2.238801835291172e-12,0.0036100090134083256,-0.09638999098659168,1
529.0,231.33669923830436,15.643554003981137,0.00816799758714009,0.5130424211174917,500003000.0,4.999999382268902,1.2834315507435981e-05,4.712632297511685e-05,1.3903542526792702e-09,1.735284584866408e-08,0.004427711888831674,2.010104156432465e-09,1.4389753900102313e-06,2.2204805317454347e-12,0.0035795470327038862,-0.09642045296729612,1
530.0,231.24027878533707,15.4847630693314,0.008182313132971953,0.5143986664336668,500003000.0,4.9999994113433806,1.2835693814100812e-05,4.7143520850207926e-05,1.3783066648305927e-09,1.7197875091078296e-08,0.004429138548527095,2.012305621698865e-09,1.4268129022024316e-06,2.2022568596655273e-12,0.0035492920365194224,-0.09645070796348058,1
531.0,231.1438280773736,15.327385739816854,0.008196670544692435,0.5157557826130803,500003000.0,4.999999439057909,1.2837060160888823e-05,4.7160564850433776e-05,1.3663467880113858e-09,1.7044000225848736e-08,0.00443055313122318,2.0144889745939315e-09,1.4147332716577608e-06,2.1841309988656515e-12,0.003519243153205625,-0.09648075684679439,1
532.0,231.0473473205268,15.171411676999575,0.0082110698755165,0.5171137621006772,500003000.0,4.999999465475641,1.283841463503222e-05,4.71774560670703e-05,1.354474143397162e-09,1.689121663651906e-08,0.004431955719384464,2.016654312904783e-09,1.4027361470801317e-06,2.1661031170365436e-12,0.0034893995088921023,-0.0965106004911079,1
533.0,230.95083672003568,15.016830593084679,0.008225511179173875,0.5184725973126811,500003000.0,4.999999490656823,1.2839757323285614e-05,4.7194195586762656e-05,1.3426882533928392e-09,1.6739519692358847e-08,0.004433346395123898,2.0188017345759124e-09,1.3908211763065737e-06,2.148173369886638e-12,0.0034597602275520042,-0.096540239772448,1
534.0,230.85429648026323,14.863632250955492,0.008239994509945775,0.5198322806366799,500003000.0,4.999999514658924,1.2841088311927259e-05,4.7210784491511456e-05,1.3309886416448546e-09,1.6588904748796372e-08,0.0044347252402020185,2.020931337697368e-09,1.378988006345721e-06,2.1303419012840447e-12,0.003430324431097762,-0.09656967556890224,1
535.0,230.75772680469433,14.711806464205294,0.00825451992263851,0.5211928044314982,500003000.0,4.999999537536766,1.2842407686760302e-05,4.72272238586593e-05,1.3193748330428734e-09,1.6439367147844383e-08,0.004436092336026142,2.0230432204930753e-09,1.3672362834052979e-06,2.1126088433977638e-12,0.00340109123944946,-0.09659890876055055,1
536.0,230.6611278959338,14.561343097164858,0.008269087472601135,0.5225541610271739,500003000.0,4.999999559342641,1.284371553311403e-05,4.7243514760877825e-05,1.3078463537287433e-09,1.6290902218527223e-08,0.004437447763649585,2.0251374813093047e-09,1.3555656529268644e-06,2.09497431683921e-12,0.0033720597706212684,-0.09662794022937873,1
537.0,230.5644999557044,14.412232064926208,0.008283697215722032,0.5239163427249286,500003000.0,4.999999580126429,1.2845011935845133e-05,4.725965826615513e-05,1.2964027311019962e-09,1.6143505277305633e-08,0.004438791603770929,2.0272142186032673e-09,1.3439757596167535e-06,2.0774384308035343e-12,0.0033432291407984047,-0.0966567708592016,1
538.0,230.4678431848452,14.264463333362725,0.008298349208419955,0.5252793417970909,500003000.0,4.999999599935709,1.2846296979338957e-05,4.727565543778363e-05,1.285043493824563e-09,1.5997171628499098e-08,0.0044401239367333045,2.0292735309318593e-09,1.3324662474759582e-06,2.060001283210717e-12,0.0033145984644114748,-0.09668540153558854,1
539.0,230.37115778330963,14.118026919145088,0.008313043507666415,0.5266431504870797,500003000.0,4.99999961881586,1.2847570747510787e-05,4.729150733434834e-05,1.2737681718303668e-09,1.5851896564707762e-08,0.004441444842523713,2.0313155169405417e-09,1.32103675983484e-06,2.0426629608466713e-12,0.0032861668542228176,-0.0967138331457772,1
540.0,230.27444395016386,13.972912889753827,0.008327780170965325,0.5280077610093107,500003000.0,4.999999636810167,1.2848833323807116e-05,4.730721500971557e-05,1.2625762963282545e-09,1.5707675367230456e-08,0.004442754400772381,2.0333402753523603e-09,1.3096869393807041e-06,2.0254235395038887e-12,0.003257933421395096,-0.09674206657860492,1
541.0,230.17770188358526,13.829111363487948,0.00834255925636667,0.5293731655492077,500003000.0,4.999999653959915,1.2850084791206925e-05,4.7322779513022055e-05,1.2514673998102258e-09,1.556450330648344e-08,0.004444052690752138,2.035347904957102e-09,1.2984164281906311e-06,2.008283084122202e-12,0.0032298972755729735,-0.09677010272442703,1
542.0,230.08093178086082,13.686612509469882,0.008357380822466195,0.5307393562630869,500003000.0,4.999999670304477,1.2851325232222983e-05,4.733820188866447e-05,1.240441016057461e-09,1.54223756424143e-08,0.004445339791377838,2.037338504600595e-09,1.2872248677618039e-06,1.9912416489289332e-12,0.00320205752495855,-0.09679794247504145,1
543.0,229.9841338383858,13.545406547646955,0.008372244928396897,0.5321063252781251,500003000.0,4.999999685881406,1.2852554728903129e-05,4.735348317628938e-05,1.2294966801451636e-09,1.5281287624915565e-08,0.004446615781205793,2.0393121731741435e-09,1.276111899040369e-06,1.974299277578993e-12,0.003174413276383159,-0.09682558672361685,1
544.0,229.88730825166218,13.405483748788944,0.008387151633848592,0.5334740646923438,500003000.0,4.999999700726516,1.285377336283158e-05,4.736862441078362e-05,1.2186339284515424e-09,1.5141234494236665e-08,0.004447880738433253,2.041269009604103e-09,1.2650771624543736e-06,1.9574560032947336e-12,0.003146963635389301,-0.0968530363646107,1
545.0,229.79045521529756,13.266834434482332,0.008402100999051382,0.5348425665744978,500003000.0,4.999999714873968,1.2854981215130242e-05,4.738362662226501e-05,1.2078522986614295e-09,1.5002211481391563e-08,0.004449134740897911,2.043209112841592e-09,1.2541202979409067e-06,1.9407118490052014e-12,0.003119707706298156,-0.09688029229370185,1
546.0,229.69357492300387,13.129448977120974,0.008417093084780392,0.5362118229640352,500003000.0,4.999999728356334,1.2856178366460015e-05,4.739849083607358e-05,1.1971513297730786e-09,1.4864213808565949e-08,0.004450377866077431,2.0451325818523426e-09,1.2432409449763155e-06,1.924066827485258e-12,0.0030926445922847537,-0.09690735540771525,1
547.0,229.59666756759614,12.993317799893001,0.008432127952373334,0.5375818258710716,500003000.0,4.999999741204679,1.2857364897022121e-05,4.74132180727631e-05,1.186530562106688e-09,1.4727236689522265e-08,0.004451610191089017,2.047039515606687e-09,1.2324387426079964e-06,1.907520941494351e-12,0.0030657733954570538,-0.09693422660454296,1
548.0,229.4997333409916,12.85843137676475,0.008447205663699227,0.5389525672762604,500003000.0,4.99999975344863,1.2858540886559426e-05,4.74278093480931e-05,1.1759895373059873e-09,1.4591275330000325e-08,0.004452831792688999,2.0489300130696847e-09,1.2217133294787518e-06,1.891074183914609e-12,0.003039093216916534,-0.09696090678308347,1
549.0,229.40277243420852,12.724780232460652,0.008462326281200491,0.5403240391308438,500003000.0,4.999999765116437,1.2859706414357777e-05,4.744226567302122e-05,1.1655277983501592e-09,1.4456324928119365e-08,0.004454042747272461,2.0508041731913846e-09,1.2110643438616693e-06,1.8747265378890064e-12,0.0030126031568449567,-0.09698739684315505,1
550.0,229.30578503736535,12.59235494244037,0.008477489867851051,0.5416962333564518,500003000.0,4.999999776235038,1.2860861559247331e-05,4.745658805369599e-05,1.1551448895539626e-09,1.4322380674772487e-08,0.004455243130872884,2.052662094897219e-09,1.2004914236825202e-06,1.858477976958415e-12,0.002986302314560087,-0.09701369768543992,1
551.0,229.2087713396799,12.46114613287205,0.008492696487192392,0.5430691418451643,500003000.0,4.999999786830126,1.286200639960391e-05,4.747077749145002e-05,1.1448403565786804e-09,1.4189437754024085e-08,0.004456433019161828,2.0545038770785443e-09,1.1899942065531894e-06,1.8423284651988975e-12,0.0029601897885988496,-0.09703981021140115,1
552.0,229.1117315294685,12.331144480602504,0.008507946203319456,0.5444427564593802,500003000.0,4.999999796926197,1.2863141013350347e-05,4.748483498279352e-05,1.1346137464360562e-09,1.4057491343500772e-08,0.0044576124874486376,2.056329618583304e-09,1.179572329797601e-06,1.826277957357985e-12,0.0029342646767818244,-0.09706573532321817,1
553.0,229.0146657941453,12.20234071312416,0.008523239080876467,0.5458170690317539,500003000.0,4.99999980654661,1.286426547795784e-05,4.74987615194083e-05,1.1244646074936387e-09,1.392653661478123e-08,0.004458781610680176,2.058139418206839e-09,1.1692254304788928e-06,1.8103263989906536e-12,0.0029085260762808426,-0.09709147392371917,1
554.0,228.91757432022158,12.07472560853858,0.008538575185072582,0.5471920713651641,500003000.0,4.999999815713636,1.2865379870447323e-05,4.751255808814209e-05,1.1143924894827117e-09,1.3796568733784084e-08,0.004459940463440587,2.0599333746828236e-09,1.1589531454290654e-06,1.7944737265948396e-12,0.0028829730836927407,-0.09711702691630726,1
555.0,228.82045729330528,11.948289995516912,0.008553954581672492,0.5485677552326247,500003000.0,4.999999824448515,1.2866484267390826e-05,4.752622567100324e-05,1.1043969435028355e-09,1.3667582861151988e-08,0.004461089119951086,2.0617115866743395e-09,1.1487551112748925e-06,1.7787198677462652e-12,0.002857604795103817,-0.09714239520489619,1
556.0,228.7233148981004,11.823024753257164,0.008569377336998293,0.5499441123772061,500003000.0,4.999999832771495,1.2867578744912854e-05,4.753976524515587e-05,1.094477522027873e-09,1.3539574152633394e-08,0.004462227654069774,2.063474152765086e-09,1.138630964465167e-06,1.763064741232736e-12,0.002832420306157606,-0.0971675796938424,1
557.0,228.62614731840657,11.698920811438251,0.008584843517937011,0.5513211345119869,500003000.0,4.999999840701886,1.2868663378691768e-05,4.755317778291533e-05,1.084633778912674e-09,1.3412537759462104e-08,0.0044633561392914845,2.065221171450716e-09,1.1285803412984188e-06,1.747508257187924e-12,0.0028074187121238285,-0.09719258128787618,1
558.0,228.52895473711868,11.575969150171062,0.00860035319193449,0.5526988133199843,500003000.0,4.999999848258094,1.2869738243961166e-05,4.756646425174407e-05,1.074865269397962e-09,1.328646882873361e-08,0.004464474648747649,2.0669527411303113e-09,1.118602877948555e-06,1.7320503172244783e-12,0.0027825991079621754,-0.09721740089203783,1
559.0,228.43173733622663,11.454160799946449,0.008615906426997146,0.5540771404540429,500003000.0,4.9999998554576734,1.2870803415511283e-05,4.7579625614247845e-05,1.0651715501162071e-09,1.3161362503778253e-08,0.004465583255206199,2.0686689600979845e-09,1.1086982104913174e-06,1.7166908145664673e-12,0.0027579605883881215,-0.09724203941161189,1
560.0,228.33449529681502,11.333486841580092,0.00863150329170049,0.5554561075368264,500003000.0,4.999999862317354,1.2871858967690381e-05,4.759266282817238e-05,1.05555217909826e-09,1.3037213924533012e-08,0.0044666820310714835,2.0703699265346175e-09,1.0988659749313275e-06,1.701429634181367e-12,0.002733502247940201,-0.09726649775205981,1
561.0,228.23722879906296,11.213938406154487,0.008647143855183566,0.5568357061606927,500003000.0,4.999999868853093,1.287290497440616e-05,4.760557684640029e-05,1.0460067157781759e-09,1.291401822790867e-08,0.0044677710483842226,2.0720557384997244e-09,1.0891058072270396e-06,1.6862666529111635e-12,0.002709223181042083,-0.09729077681895792,1
562.0,228.139938022244,11.09550667495794,0.008662828187152463,0.5582159278876601,500003000.0,4.9999998750801,1.2873941509127159e-05,4.761836861694845e-05,1.0365347209991292e-09,1.2791770548155571e-08,0.004468850378821479,2.073726493923454e-09,1.0794173433166303e-06,1.6712017396029728e-12,0.002685122482066971,-0.09731487751793304,1
563.0,228.04262314472606,10.978182879420725,0.00867855635787755,0.5595967642492669,500003000.0,4.999999881012875,1.2874968644884178e-05,4.7631039082965676e-05,1.0271357570185027e-09,1.26704660172248e-08,0.004469920093696661,2.0753822905987067e-09,1.0698002191428186e-06,1.6562347552387558e-12,0.002661199245399346,-0.09733880075460066,1
564.0,227.94528434397145,10.861958301048244,0.008694328438202377,0.5609782067465688,500003000.0,4.999999886665242,1.2875986454271691e-05,4.7643589182730806e-05,1.0178093875143173e-09,1.2550099765128656e-08,0.004470980263959538,2.077023226173398e-09,1.0602540706788875e-06,1.6413655530646217e-12,0.002637452565499697,-0.0973625474345003,1
565.0,227.84792179653695,10.746824271351493,0.008710144499535902,0.5623602468500244,500003000.0,4.999999892050381,1.2876995009449281e-05,4.7656019849651103e-05,1.0085551775896146e-09,1.24306669202963e-08,0.004472030960196304,2.0786493981428326e-09,1.0507785339523711e-06,1.6265939787191708e-12,0.002613881536963446,-0.09738611846303656,1
566.0,227.7505356780739,10.632772171774581,0.008726004613864047,0.563742875999416,500003000.0,4.999999897180856,1.287799438214306e-05,4.766833201226103e-05,9.99372693779051e-10,1.2312162609927089e-08,0.004473072252629641,2.08026090384222e-09,1.0413732450708453e-06,1.6119198703611895e-12,0.0025904852545851004,-0.0974095147454149,1
567.0,227.6531261633285,10.51979343361972,0.008741908853733847,0.5651260856037635,500003000.0,4.999999902068641,1.2878984643647114e-05,4.768052659422137e-05,9.902615040522634e-10,1.2194581960340756e-08,0.00447410421111882,2.0818578404393065e-09,1.0320378402441599e-06,1.5973430587965832e-12,0.0025672628134135603,-0.09743273718658645,1
568.0,227.55569342614191,10.407879537969134,0.008757857292282218,0.5665098670412745,500003000.0,4.999999906725156,1.2879965864824937e-05,4.76926045143187e-05,9.8122117782227e-10,1.2077920097325179e-08,0.0044751269051598284,2.0834403049271415e-09,1.0227719558117182e-06,1.5828633676046345e-12,0.0025442133088199796,-0.09745578669118003,1
569.0,227.45823763945074,10.297022015604675,0.008773850003206065,0.567894211659225,500003000.0,4.999999911161283,1.2880938116110883e-05,4.770456668646518e-05,9.722512859471256e-10,1.196217214647981e-08,0.004476140403885508,2.0850083941169603e-09,1.013575228262538e-06,1.5684806132633126e-12,0.0025213358365476645,-0.09747866416345234,1
570.0,227.3607589752873,10.187212446924542,0.008789887060784138,0.569279110773906,500003000.0,4.999999915387398,1.288190146751162e-05,4.7716414019698735e-05,9.633514007373962e-10,1.1847333233557356e-08,0.004477144776065734,2.0865622046311954e-09,1.0044472942611764e-06,1.5541946052739827e-12,0.002498629492776569,-0.09750137050722343,1
571.0,227.26325760478008,10.078442461857453,0.008805968539872118,0.5706645556705092,500003000.0,4.999999919413387,1.288285598860758e-05,4.772814741818354e-05,9.54521095960513e-10,1.1733398484801289e-08,0.004478140090107603,2.0881018328966156e-09,9.95387790670216e-07,1.5400051462851687e-12,0.0024760933741792284,-0.09752390662582078,1
572.0,227.16573369815427,9.970703739774283,0.008822094515900361,0.5720505376030701,500003000.0,4.99999992324868,1.2883801748554425e-05,4.773976778121082e-05,9.457599468453886e-10,1.1620363027280983e-08,0.004479126414055649,2.0896273751375803e-09,9.863963545728305e-07,1.525912032215613e-12,0.002453726577976891,-0.09754627342202311,1
573.0,227.06818742473226,9.86398800939708,0.008838265064883746,0.5734370477943623,500003000.0,4.99999992690226,1.2884738816084513e-05,4.775127600320004e-05,9.370675300882632e-10,1.1508221989223262e-08,0.004480103815592083,2.0911389273694175e-09,9.77472623296443e-07,1.5119150523764488e-12,0.002431528201998374,-0.09756847179800163,1
574.0,226.97061895293425,9.758287048705657,0.008854480263413945,0.5748240774358313,500003000.0,4.9999999303826925,1.288566725950837e-05,4.776267297370038e-05,9.284434238565799e-10,1.1396970500341038e-08,0.004481072362037057,2.092636585391929e-09,9.686162344341437e-07,1.4980139895925806e-12,0.002409497344733339,-0.09759050265526667,1
575.0,226.87302845027898,9.653592684841756,0.008870740188659982,0.5762116176874573,500003000.0,4.999999933698139,1.2886587146716163e-05,4.777395957739254e-05,9.198872077937081e-10,1.1286603692158116e-08,0.00448203212034894,2.094120444783005e-09,9.598268258668018e-07,1.4842086203231346e-12,0.002387633105387298,-0.09761236689461271,1
576.0,226.77541608338436,9.54989679401058,0.008887044918384919,0.5775996596777606,500003000.0,4.9999999368563826,1.2887498545179188e-05,4.778513669409087e-05,9.113984630252384e-10,1.1177116698332524e-08,0.004482983157124636,2.0955906008923724e-09,9.511040357866319e-07,1.4704987147812812e-12,0.002365934583940236,-0.09763406541605978,1
577.0,226.6777820179683,9.447191301380249,0.008903394530921432,0.5789881945035815,500003000.0,4.999999939864837,1.288840152195135e-05,4.779620519874585e-05,9.029767721609426e-10,1.1068504654973676e-08,0.004483925538599899,2.0970471488354453e-09,9.424475027160556e-07,1.456884037052807e-12,0.002344400881193532,-0.09765559911880647,1
578.0,226.5801264188495,9.345468180978557,0.00891978910520138,0.5803772132301126,500003000.0,4.999999942730572,1.2889296143670652e-05,4.7807165961446806e-05,8.946217193022278e-10,1.0960762700959738e-08,0.004484859330649688,2.098490183487307e-09,9.338568655321103e-07,1.4433643452142673e-12,0.0023230310988306764,-0.09767696890116932,1
579.0,226.48244944994832,9.244719455587717,0.00893622872073197,0.5817667068907217,500003000.0,4.999999945460322,1.2890182476560695e-05,4.7818019847425056e-05,8.863328900440385e-10,1.0853885978248842e-08,0.004485784598788536,2.0999197994768015e-09,9.253317634848828e-07,1.4299393914498774e-12,0.002301824339463127,-0.09769817566053687,1
580.0,226.3847512742878,9.144937196636619,0.008952713457612895,0.5831566664868963,500003000.0,4.99999994806051,1.2891060586432177e-05,4.782876771705725e-05,8.781098714808548e-10,1.0747869632188843e-08,0.00448670140817094,2.1013360911807456e-09,9.168718362200408e-07,1.4166089221677434e-12,0.002280779706686356,-0.09771922029331365,1
581.0,226.2870320539945,9.046113524090924,0.00896924339653212,0.5845470829881634,500003000.0,4.999999950537254,1.2891930538684387e-05,4.783941042586907e-05,8.699522522104405e-10,1.064270881182333e-08,0.004487609823591771,2.1027391527182493e-09,9.084767237988301e-07,1.4033726781151418e-12,0.002259896305129597,-0.0977401036948704,1
582.0,226.18929195029963,8.948240606340937,0.00898581861876655,0.5859379473319266,500003000.0,4.9999999528963865,1.2892792398306724e-05,4.7849948824539264e-05,8.618596223380077e-10,1.0538398670193444e-08,0.00448850990948671,2.1041290779451575e-09,9.001460667183362e-07,1.3902303944927644e-12,0.0022391732405062474,-0.09776082675949375,1
583.0,226.09153112354014,8.851310660087282,0.009002439206186017,0.5873292504234594,500003000.0,4.999999955143465,1.2893646229880206e-05,4.7860383758903906e-05,8.538315734806201e-10,1.0434934364638266e-08,0.004489401729932695,2.105505960448602e-09,8.918795059318139e-07,1.3771818010683032e-12,0.002218609619664437,-0.09778139038033556,1
584.0,225.9937497331598,8.75531595022454,0.009019105241244758,0.588720983135734,500003000.0,4.9999999572837845,1.2894492097578976e-05,4.7870716069961e-05,8.458676987703284e-10,1.0332311057089962e-08,0.004490285348648392,2.106869893541665e-09,8.836766828675179e-07,1.3642266222888505e-12,0.002198204550633873,-0.09780179544936614,1
585.0,225.89594793771045,8.660248789722592,0.009035816807000156,0.5901131363093585,500003000.0,4.999999959322395,1.2895330065171837e-05,4.788094659387536e-05,8.379675928597981e-10,1.0230523914367023e-08,0.004491160828994693,2.108220970258157e-09,8.755372394499656e-07,1.3513645773925652e-12,0.0021779571426787324,-0.09782204285732127,1
586.0,225.79812589485311,8.566101539506015,0.009052573987103353,0.5915057007524915,500003000.0,4.999999961264105,1.2896160196023762e-05,4.7891076161983824e-05,8.301308519251684e-10,1.0129568108463694e-08,0.004492028233975219,2.109559283347501e-09,8.674608181181331e-07,1.3385953805193337e-12,0.0021578665063429264,-0.09784213349365709,1
587.0,225.70028376135946,8.472866608331536,0.009069376865789793,0.5928986672406864,500003000.0,4.999999963113499,1.2896982553097432e-05,4.790110560080066e-05,8.223570736688997e-10,1.0029438816835459e-08,0.004492887626236853,2.1108849252697332e-09,8.594470618434672e-07,1.325918740820413e-12,0.0021379317534949045,-0.0978620682465051,1
588.0,225.60242169311294,8.380536452663227,0.009086225527908194,0.5942920265168568,500003000.0,4.999999964874949,1.2897797198954758e-05,4.791103573202334e-05,8.146458573260181e-10,9.930131222682681e-09,0.00449373906807029,2.1121979881906038e-09,8.51495614151279e-07,1.3133343625673247e-12,0.002118151997380877,-0.09788184800261913,1
589.0,225.50453984511032,8.289103576546022,0.009103120058890754,0.5956857692911223,500003000.0,4.999999966552613,1.2898604195758423e-05,4.792086737253857e-05,8.069968036649237e-10,9.831640515229281e-09,0.004494582621410595,2.1134985639767903e-09,8.43606119136287e-07,1.3008419452595786e-12,0.002098526352663473,-0.09790147364733653,1
590.0,225.40663837146298,8.198560531477073,0.009120060544779804,0.5970798862407397,500003000.0,4.99999996815046,1.2899403605273415e-05,4.7930601334428565e-05,7.994095149932233e-10,9.733961889999366e-09,0.004495418347837802,2.114786744191219e-09,8.357782214832444e-07,1.2884411837316196e-12,0.0020790539354730605,-0.09792094606452695,1
591.0,225.30871742539844,8.10889991627537,0.009137047072210967,0.598474368009963,500003000.0,4.99999996967227,1.2900195488868574e-05,4.7940238424977656e-05,7.918835951595702e-10,9.637090549089513e-09,0.004496246308577507,2.1160626200884917e-09,8.280115664832256e-07,1.2761317682586747e-12,0.002059733863448254,-0.09794026613655175,1
592.0,225.21077715926188,8.02011437694937,0.00915407972842921,0.5998692052099919,500003000.0,4.999999971121646,1.2900979907518133e-05,4.794977944667909e-05,7.844186495583279e-10,9.541021701438797e-09,0.004497066564501495,2.1173262826104126e-09,8.203058000527036e-07,1.2639133846617807e-12,0.0020405652557833743,-0.09795943474421663,1
593.0,225.11281772451767,7.93219660656299,0.009171158601269474,0.6012643884187916,500003000.0,4.999999972502018,1.2901756921803265e-05,4.795922519724219e-05,7.770142851310728e-10,9.445750563094075e-09,0.004497879176128368,2.118577822381625e-09,8.126605687491534e-07,1.2517857144116615e-12,0.0020215472332672617,-0.09797845276673274,1
594.0,225.01483927175093,7.845139345099485,0.009188283779190978,0.602659908181083,500003000.0,4.999999973816659,1.2902526591913637e-05,4.796857646959966e-05,7.696701103726025e-10,9.35127235747382e-09,0.004498684203624212,2.1198173297053493e-09,8.050755197912111e-07,1.2397484347318828e-12,0.0020026789183334244,-0.09799732108166657,1
595.0,224.91684195066927,7.758935379323994,0.009205455351234171,0.6040557550081206,500003000.0,4.9999999750686825,1.2903288977648968e-05,4.7977834051915286e-05,7.62385735330284e-10,9.257582315626173e-09,0.004499481706803268,2.1210448945592206e-09,7.975503010717026e-07,1.2278012187007072e-12,0.001983959435092448,-0.09801604056490756,1
596.0,224.81882591010435,7.67357754264391,0.009222673407069773,0.6054519193776987,500003000.0,4.99999997626106,1.2904044138420578e-05,4.7986998727591775e-05,7.551607716110753e-10,9.1646756764864e-09,0.0045002717451286135,2.122260606591233e-09,7.900845611785399e-07,1.2159437353523381e-12,0.0019653879093839755,-0.09803461209061604,1
597.0,224.72079129801372,7.589058714967949,0.009239938036957378,0.6068483917339434,500003000.0,4.999999977396621,1.2904792133252959e-05,4.7996071275278905e-05,7.479948323808948e-10,9.07254768712841e-09,0.004501054377712877,2.123464555115775e-09,7.826779494074568e-07,1.204175649776837e-12,0.0019469634688083915,-0.09805303653119161,1
598.0,224.62273826148254,7.505371822563311,0.00925724933177348,0.6082451624872584,500003000.0,4.99999997847806,1.2905533020785329e-05,4.800505246888192e-05,7.408875323696736e-10,8.981193603014867e-09,0.004501829663318956,2.1246568291097747e-09,7.753301157805298e-07,1.1924966232193137e-12,0.0019286852427728902,-0.09807131475722712,1
599.0,224.52466694672532,7.422509837911233,0.009274607383011377,0.609642222014217,500003000.0,4.999999979507946,1.2906266859273203e-05,4.801394307757016e-05,7.338384878739478e-10,8.890608688243199e-09,0.004502597660360755,2.125837517208932e-09,7.680407110619707e-07,1.1809063131780316e-12,0.0019105523625307643,-0.09808944763746924,1
600.0,224.42657749908784,7.340465779561091,0.009292012282765669,0.6110395606574127,500003000.0,4.999999980488726,1.2906993706589961e-05,4.8022743865785946e-05,7.268473167581703e-10,8.800788215787891e-09,0.0045033584269039435,2.127006707704062e-09,7.608093867724265e-07,1.169404373501473e-12,0.001892563961216976,-0.09810743603878302,1
