t_s,T_K,e_Pa,Sw,Si,Ncloud,Nice,r_cloud_m,r_ice_m,drcloud_dt,drice_dt,qcloud,qice,cond_rate_kgm3s,dep_rate_kgm3s,latent_heating_Ks,dT_dt_Ks,ice_active
0.0,273.15,580.5337140765147,-0.05000000000000009,-0.049927860781880086,0.0,0.0,1e-06,1e-07,0.0,0.0,0.0,0.0,0.0,0.0,0.0,-0.1,0
0.5,273.09999999999997,580.4274281530294,-0.0467206380733559,-0.04618174658604934,0.0,0.0,1e-06,1e-07,0.0,0.0,0.0,0.0,0.0,0.0,0.0,-0.1,0
1.0,273.04999999999995,580.3211422295441,-0.04342856174223579,-0.04241943499885785,0.0,0.0,1e-06,1e-07,0.0,0.0,0.0,0.0,0.0,0.0,0.0,-0.1,0
1.5,272.99999999999994,580.2148563060588,-0.04012371661522748,-0.03864085012631594,0.0,0.0,1e-06,1e-07,0.0,0.0,0.0,0.0,0.0,0.0,0.0,-0.1,0
2.0,272.94999999999993,580.1085703825735,-0.036806048047371046,-0.034845915692427176,0.0,0.0,1e-06,1e-07,0.0,0.0,0.0,0.0,0.0,0.0,0.0,-0.1,0
2.5,272.8999999999999,580.0022844590882,-0.03347550113888287,-0.031034555037170026,0.0,0.0,1e-06,1e-07,0.0,0.0,0.0,0.0,0.0,0.0,0.0,-0.1,0
3.0,272.8499999999999,579.8959985356029,-0.03013202073387319,-0.02720669111439202,0.0,0.0,1e-06,1e-07,0.0,0.0,0.0,0.0,0.0,0.0,0.0,-0.1,0
3.5,272.7999999999999,579.7897126121176,-0.02677555141905616,-0.02336224648976701,0.0,0.0,1e-06,1e-07,0.0,0.0,0.0,0.0,0.0,0.0,0.0,-0.1,0
4.0,272.7499999999999,579.6834266886323,-0.023406037522453252,-0.019501143338711144,0.0,0.0,1e-06,1e-07,0.0,0.0,0.0,0.0,0.0,0.0,0.0,-0.1,0
4.5,272.6999999999999,579.577140765147,-0.020023423112089576,-0.015623303444250718,0.0,0.0,1e-06,1e-07,0.0,0.0,0.0,0.0,0.0,0.0,0.0,-0.1,0
5.0,272.64999999999986,579.4708548416617,-0.01662765199468412,-0.011728648194955588,0.0,0.0,1e-06,1e-07,0.0,0.0,0.0,0.0,0.0,0.0,0.0,-0.1,0
5.5,272.59999999999985,579.3645689181764,-0.01321866771433014,-0.007817098582780213,0.0,0.0,1e-06,1e-07,0.0,0.0,0.0,0.0,0.0,0.0,0.0,-0.1,0
6.0,272.54999999999984,579.2582829946911,-0.009796413551172615,-0.0038885752009441476,0.0,0.0,1e-06,1e-07,0.0,0.0,0.0,0.0,0.0,0.0,0.0,-0.1,0
6.5,272.49999999999983,579.1519970712058,-0.006360832520073838,5.7001758191617534e-05,0.0,0.0,1e-06,1e-07,0.0,0.0,0.0,0.0,0.0,0.0,0.0,-0.1,0
7.0,272.4499999999998,579.0457111477205,-0.002911867369276239,0.004019712505340377,0.0,0.0,1e-06,1e-07,0.0,0.0,0.0,0.0,0.0,0.0,0.0,-0.1,0
7.5,272.3999999999998,578.9274791499295,0.0005505394209448527,0.007999637656408222,500003000.0,0.0,1.0153152876555871e-06,1e-07,3.0630575311174175e-08,0.0,2.1921183407478045e-06,0.0,1.9839900002586844e-07,0.0,0.000493529850810618,-0.09950647014918938,0
8.0,272.3502467649252,578.7169666359518,0.003987630951454693,0.011955289714811829,500003000.0,0.0,1.1243088847650258e-06,1e-07,2.1798719421887728e-07,0.0,2.9765840301534666e-06,0.0,1.7313494802422016e-06,0.0,0.004306839503090054,-0.09569316049690996,0
8.5,272.30240018467674,578.38601616116,0.007137037906233377,0.015605513616686186,500003000.0,0.0,1.3000641363410087e-06,1e-07,3.5151050315196594e-07,0.0,4.602094723031635e-06,0.0,3.732934213996816e-06,0.0,0.009285906004967204,-0.0907140939950328,0
9.0,272.2570431376792,577.9166707341986,0.00990344143463269,0.018847715556660784,500003000.0,0.0,1.510508644833075e-06,1e-07,4.208890169841323e-07,0.0,7.218232470022791e-06,0.0,6.033877619429129e-06,0.0,0.015009645819475446,-0.08499035418052456,0
9.5,272.21454796058896,577.3034988579739,0.012224053051001636,0.021614043909436484,500003000.0,0.0,1.7336129395223464e-06,1e-07,4.462085893785428e-07,0.0,1.0912333717423648e-05,0.0,8.426062572342871e-06,0.0,0.020960354657569333,-0.07903964534243067,0
10.0,272.17502813791776,576.5504514508006,0.014076993835621636,0.02388047247557179,500003000.0,0.0,1.9570398142343235e-06,1e-07,4.4685374942395413e-07,0.0,1.5698573932713618e-05,0.0,1.075343471004464e-05,0.0,0.026749837587175723,-0.07325016241282428,0
10.5,272.13840305671135,575.6685388464334,0.015471603532160155,0.025656494804293314,500003000.0,0.0,2.1741776687603867e-06,1e-07,4.342757090521263e-07,0.0,2.15251561982606e-05,0.0,1.2898466309499577e-05,0.0,0.032085737088307406,-0.0679142629116926,0
11.0,272.1044459252555,574.6737113405484,0.016441131741772797,0.026977334304400018,500003000.0,0.0,2.3815327626880525e-06,1e-07,4.147101878553312e-07,0.0,2.8289866680767056e-05,0.0,1.4778838371731343e-05,0.0,0.03676327953167,-0.06323672046833001,0
11.5,272.0728275650213,573.5846694777871,0.01703587716586883,0.027896606575800526,500003000.0,0.0,2.577378081339445e-06,1e-07,3.91690637302785e-07,0.0,3.58587884376292e-05,0.0,1.6348651132403536e-05,0.0,0.04066828639901377,-0.059331713600986234,0
12.0,272.04316170822085,572.4208500200056,0.017315940793924504,0.028478546471962532,500003000.0,0.0,2.7610494323944942e-06,1e-07,3.6734270211009836e-07,0.0,4.408428137408609e-05,0.0,1.7595526016889748e-05,0.0,0.043769965216143646,-0.05623003478385636,0
12.5,272.0150466908289,571.2008235420435,0.017344466114287378,0.02879074367321322,500003000.0,0.0,2.932548174506815e-06,1e-07,3.4299748422464147e-07,0.0,5.28197918087353e-05,0.0,1.8533767866281407e-05,0.0,0.04610390016487912,-0.053896099835120885,0
13.0,271.98809864091135,569.9412038166122,0.017182201810179886,0.028898290338916787,500003000.0,0.0,3.0922952741998003e-06,1e-07,3.1949419938597094e-07,0.0,6.193042916531937e-05,0.0,1.919585078005541e-05,0.0,0.04775087258720251,-0.0522491274127975,0
13.5,271.96197407720496,568.6560519625782,0.016883758056784198,0.02885974466350266,500003000.0,0.0,3.240967470039062e-06,1e-07,2.973443916785234e-07,0.0,7.129929495981239e-05,0.0,1.9624182300118093e-05,0.0,0.04881637388089078,-0.051183626119109225,0
14.0,271.9363822641454,567.3566882507946,0.01649552130223876,0.02872487605569359,500003000.0,0.0,3.3793834388239564e-06,1e-07,2.768319375697886e-07,0.0,8.083019632791963e-05,0.0,1.9864315726828123e-05,0.0,0.0494137207135028,-0.050586279286497206,0
14.5,271.91108912450215,566.0517972364686,0.016054945854064716,0.028533891153081806,500003000.0,0.0,3.508423751898196e-06,1e-07,2.5808062614847846e-07,0.0,9.044766236119844e-05,0.0,1.9960065533601717e-05,0.0,0.049651904312442076,-0.05034809568755793,0
15.0,271.88591507665836,564.7477144733585,0.015590841940559735,0.028317732747958454,500003000.0,0.0,3.628975335639935e-06,1e-07,2.411031674834785e-07,0.0,0.00010009520398756276,0.0,1.995048340033754e-05,0.0,0.049628068160043635,-0.05037193183995637,0
15.5,271.86072911073836,563.44880201397,0.015124285043792993,0.028099048553365872,500003000.0,0.0,3.741894313891793e-06,1e-07,2.258379565037159e-07,0.0,0.00010973262558902351,0.0,1.986837936561433e-05,0.0,0.04942382926769734,-0.05057617073230267,0
16.0,271.83544102537223,562.1578447157204,0.014669833683572404,0.02789349346041396,500003000.0,0.0,3.847982713572588e-06,1e-07,2.1217679936158997e-07,0.0,0.00011933299937067315,0.0,1.973997474732452e-05,0.0,0.04910441479433961,-0.0508955852056604,0
16.5,271.8099932327694,560.8764233545951,0.014236825981470077,0.027711118176007004,500003000.0,0.0,3.947975480522555e-06,1e-07,1.9998553389993333e-07,0.0,0.00012887971281554648,0.0,1.9585287423980412e-05,0.0,0.04871962045766272,-0.05128037954233729,0
17.0,271.7843530429982,559.6052403081137,0.013830605998583401,0.027557683794847007,500003000.0,0.0,4.0425349540662416e-06,1e-07,1.8911894708737262e-07,0.0,0.00013836382859694216,0.0,1.9418920461957213e-05,0.0,0.048305772293425905,-0.0516942277065741,0
17.5,271.7585059291449,558.3443880596832,0.01345359733238182,0.027435813333785804,500003000.0,0.0,4.132250525596021e-06,1e-07,1.794311430595578e-07,0.0,0.00014778186741746575,0.0,1.925101290200736e-05,0.0,0.04788809179603821,-0.0521119082039618,0
18.0,271.7324499750429,557.0935603152005,0.01310619019087042,0.027345943661087,500003000.0,0.0,4.217641703544977e-06,1e-07,1.70782355897913e-07,0.0,0.0001571340368744277,0.0,1.90881939923502e-05,0.0,0.047483069632711934,-0.05251693036728807,0
18.5,271.7061915098593,555.8522110525305,0.01278744023795065,0.02728707576204699,500003000.0,0.0,4.2991632348855786e-06,1e-07,1.6304306268120242e-07,0.0,0.0001664228767486186,0.0,1.8934448898193477e-05,0.0,0.04710061914973502,-0.052899380850264986,0
19.0,271.6797418194342,554.619669436549,0.012495596127931616,0.02725734133601358,500003000.0,0.0,4.377211293069443e-06,1e-07,1.5609611636772773e-07,0.0,0.00017565226425108986,0.0,1.879185246840082e-05,0.0,0.04674590166268861,-0.053254098337311394,0
19.5,271.6531147702655,553.395219214207,0.012228481504319141,0.027254413276396106,500003000.0,0.0,4.45213003567214e-06,1e-07,1.4983748520539398e-07,0.0,0.0001848267134015443,0.0,1.866115974576505e-05,0.0,0.04642079538747525,-0.05357920461252476,0
20.0,271.62632516795924,552.1781507373878,0.011983759643534016,0.02727579020580529,500003000.0,0.0,4.524218066236442e-06,1e-07,1.4417606112860498e-07,0.0,0.00019395090407509397,0.0,1.8542261000124982e-05,0.0,0.046125027363494976,-0.05387497263650503,0
20.5,271.59938768164096,550.9677927089217,0.011759107490381032,0.027318983728232302,500003000.0,0.0,4.593734510749623e-06,1e-07,1.3903288902636103e-07,0.0,0.00020302938336639112,0.0,1.843451879551284e-05,0.0,0.04585701192913641,-0.054142988070863596,0
21.0,271.5723161876055,549.763529481248,0.011552322433395882,0.02738163343360178,500003000.0,0.0,4.660904548151517e-06,1e-07,1.3434007480378768e-07,0.0,0.00021206639142869223,0.0,1.8337008145252655e-05,0.0,0.04561444812251904,-0.05438555187748097,0
21.5,271.5451234116668,548.5648084827194,0.011361381041959951,0.027461570276097465,500003000.0,0.0,4.725924324951429e-06,1e-07,1.300395535998251e-07,0.0,0.00022106577377944747,0.0,1.8248680614733323e-05,0.0,0.045394727897346575,-0.05460527210265343,0
22.0,271.51782077561546,547.3711412234348,0.011184464880710265,0.02755684454974655,500003000.0,0.0,4.788965244715112e-06,1e-07,1.2608183952736547e-07,0.0,0.0002300309510790864,0.0,1.8168471044315935e-05,0.0,0.04519520160277596,-0.05480479839722405,0
22.5,271.49041837641687,546.1821003914812,0.011019964830076492,0.02766573073360199,500003000.0,0.0,4.850177661223104e-06,1e-07,1.2242483301598408e-07,0.0,0.0002389649250619718,0.0,1.809536253565496e-05,0.0,0.045013339640932744,-0.05498666035906726,0
23.0,271.46292504623733,544.9973147999802,0.010866472245815358,0.027786718158841723,500003000.0,0.0,4.90969402569068e-06,1e-07,1.1903272893515183e-07,0.0,0.00024787030548962624,0.0,1.802842217663615e-05,0.0,0.0448468213349158,-0.05515317866508421,0
23.5,271.43534845690476,543.8164633705653,0.010722762815579247,0.027918493794497797,500003000.0,0.0,4.967631548557018e-06,1e-07,1.158750457326764e-07,0.0,0.0002567493477850466,0.0,1.7966817058967898e-05,0.0,0.044693574773551986,-0.05530642522644802,0
24.0,271.4076952442915,542.6392689142381,0.010587777071030702,0.028059921409873803,500003000.0,0.0,5.024094438849301e-06,1e-07,1.1292578058456514e-07,0.0,0.0002656039945779748,0.0,1.7909817647237156e-05,0.0,0.04455178519213223,-0.055448214807867775,0
24.5,271.3799711368876,541.4654921674305,0.010460600106984432,0.028210019860076006,500003000.0,0.0,5.079175781871405e-06,1e-07,1.101626860442095e-07,0.0,0.00027443591696465304,0.0,1.7856793537883458e-05,0.0,0.04441988442259566,-0.055580115577404346,0
25.0,271.3521810790989,540.2949263322795,0.01034044205208446,0.028367942159330202,500003000.0,0.0,5.132959111011325e-06,1e-07,1.075666582798394e-07,0.0,0.00028324655307819784,0.0,1.780720507896387e-05,0.0,0.04429653004717381,-0.0557034699528262,0
25.5,271.3243293441225,539.1273922318854,0.010226620139612732,0.028532956258313043,500003000.0,0.0,5.185519723218638e-06,1e-07,1.0512122441462669e-07,0.0,0.0002920371427689716,0.0,1.776059314843477e-05,0.0,0.044180579971230774,-0.05581942002876923,0
26.0,271.2964196341081,537.9627341041544,0.010118542764714446,0.028704427944383226,500003000.0,0.0,5.236925781099853e-06,1e-07,1.0281211576243114e-07,0.0,0.00030080875796772424,0.0,1.7716568539970177e-05,0.0,0.04407106601982631,-0.05592893398017369,0
26.5,271.26845516711796,536.8008160064073,0.0100156956212257,0.028881805967791552,500003000.0,0.0,5.287239238183952e-06,1e-07,1.0062691416819679e-07,0.0,0.0003095623287739389,0.0,1.7674801810902183e-05,0.0,0.04396716868383627,-0.05603283131616373,0
27.0,271.24043875145986,535.6415187756924,0.009917629837311915,0.029064609309493943,500003000.0,0.0,5.336516618042829e-06,1e-07,9.855475971775396e-08,0.0,0.0003182986655741345,0.0,1.763501404534863e-05,0.0,0.04386819414265829,-0.05613180585734172,0
27.5,271.2123728485312,534.4847374781565,0.00982395193577841,0.029252416405239595,500003000.0,0.0,5.384809672760896e-06,1e-07,9.65861094361328e-08,0.0,0.0003270184776207752,0.0,1.759696872494471e-05,0.0,0.04377355404215101,-0.056226445957848994,0
28.0,271.1842596255523,533.3303792789387,0.009734315404124174,0.029444856096272256,500003000.0,0.0,5.432165941775268e-06,1e-07,9.471253802874514e-08,0.0,0.0003357223885425106,0.0,1.756046473879009e-05,0.0,0.04368274810644301,-0.056317251893557,0
28.5,271.1561009996055,532.1783616676854,0.009648413651319012,0.029641600067944404,500003000.0,0.0,5.478629228328136e-06,1e-07,9.29265731057362e-08,0.0,0.00034441094924587116,0.0,1.752533047209645e-05,0.0,0.04359534943307575,-0.05640465056692426,0
29.0,271.127898674322,531.0286109812623,0.009565974138925272,0.029842356548762883,500003000.0,0.0,5.524240007624474e-06,1e-07,9.122155859267435e-08,0.0,0.0003530846486305565,0.0,1.7491418866000674e-05,0.0,0.043510992203981774,-0.05648900779601823,0
29.5,271.099654170424,529.881061172784,0.009486753494744015,0.03004686506416758,500003000.0,0.0,5.5690357781953024e-06,1e-07,8.959154114165728e-08,0.0,0.00036174392249033324,0.0,1.74586033230907e-05,0.0,0.04342936150022562,-0.05657063849977439,0
30.0,271.0713688511741,528.7356527836919,0.009410533441438843,0.03025489206528105,500003000.0,0.0,5.6130513658477675e-06,1e-07,8.803117530492967e-08,0.0,0.0003703891609183617,0.0,1.7426774332177604e-05,0.0,0.04335018490591444,-0.056649815094085565,0
30.5,271.0430439436271,527.5923320826956,0.009337117397358177,0.030466227279506732,500003000.0,0.0,5.656319187862032e-06,1e-07,8.653564402852892e-08,0.0,0.0003790207144848503,0.0,1.739583669455027e-05,0.0,0.04327322560833401,-0.056726774391666,0
31.0,271.01468055643124,526.4510503416758,0.009266327630030678,0.03068068065461178,500003000.0,0.0,5.698869483702409e-06,1e-07,8.510059168075317e-08,0.0,0.00038763889940905417,0.0,1.736570724730205e-05,0.0,0.04319827673458222,-0.05680172326541778,0
31.5,270.98627969479855,525.3117632240586,0.00919800286332335,0.03089807978997848,500003000.0,0.0,5.740730517384901e-06,1e-07,8.37220673649831e-08,0.0,0.0003962440019076481,0.0,1.733631299373098e-05,0.0,0.04312515670082334,-0.056874843299176664,0
32.0,270.95784227314897,524.1744302657047,0.009131996257238664,0.031118267768087036,500003000.0,0.0,5.781928755735952e-06,1e-07,8.239647670210238e-08,0.0,0.0004048362818678406,0.0,1.7307589565504823e-05,0.0,0.04305370538682792,-0.056946294613172084,0
32.5,270.92936912584236,523.0390144321168,0.009068173694145414,0.03134110131505215,500003000.0,0.0,5.822489026043681e-06,1e-07,8.11205406154586e-08,0.0,0.00041341597596549585,0.0,1.727947995404442e-05,0.0,0.042983780980209996,-0.05701621901979001,0
33.0,270.90086101633244,521.9054817388325,0.009006412317772612,0.0315664492326243,500003000.0,0.0,5.862434656009919e-06,1e-07,7.989125993247628e-08,0.0,0.0004219833003256281,0.0,1.7251933460231266e-05,0.0,0.04291525736375937,-0.05708474263624064,0
33.5,270.87231864501433,520.773800924352,0.008946599281409113,0.0317941910548246,500003000.0,0.0,5.901787598430248e-06,1e-07,7.870588484065712e-08,0.0,0.00043053845280402144,0.0,1.7224904821149924e-05,0.0,0.04284802194315901,-0.057151978056840996,0
34.0,270.8437426559859,519.6439431669542,0.008888630669972348,0.032024215891308216,500003000.0,0.0,5.940568542637569e-06,1e-07,7.756188841464323e-08,0.0,0.000439081614953734,0.0,1.7198353480578938e-05,0.0,0.042781973832285915,-0.05721802616771409,0
34.5,270.8151336429021,518.5158818383596,0.008832410567248643,0.03225642142652158,500003000.0,0.0,5.978797014424685e-06,1e-07,7.64569435742317e-08,0.0,0.00044761295372820883,0.0,1.7172242976500852e-05,0.0,0.04271702232960411,-0.0572829776703959,0
35.0,270.7864921540669,517.3895922884869,0.008777850244990101,0.03249071304980461,500003000.0,0.0,6.016491465898871e-06,1e-07,7.538890294837139e-08,0.0,0.0004561326229631279,0.0,1.7146540424294855e-05,0.0,0.042653085632574264,-0.05734691436742574,0
35.5,270.7578186968832,516.2650516565831,0.008724867454739979,0.032727003095655745,500003000.0,0.0,6.0536693565046245e-06,1e-07,7.435578121150689e-08,0.0,0.00046464076467140285,0.0,1.712121607834349e-05,0.0,0.042590089747123104,-0.0574099102528769,0
36.0,270.72911374175675,515.1422387048334,0.008673385806803916,0.0329652101776021,500003000.0,0.0,6.090347226271558e-06,1e-07,7.335573953386599e-08,0.0,0.0004731375101795903,0.0,1.709624295839205e-05,0.0,0.042527967558189175,-0.05747203244181083,0
36.5,270.7003777255358,514.0211336712325,0.008623334223397769,0.0332052586017003,500003000.0,0.0,6.126540762194614e-06,1e-07,7.238707184611305e-08,0.0,0.0004816229811290002,0.0,1.7071596529410293e-05,0.0,0.04246665803335894,-0.05753334196664107,0
37.0,270.6716110545525,512.901718139029,0.008574646455359583,0.03344707784820602,500003000.0,0.0,6.1622648585290005e-06,1e-07,7.144819266877166e-08,0.0,0.0004900972903608455,0.0,1.704725442611215e-05,0.0,0.042406105537592415,-0.05759389446240759,0
37.5,270.64281410732127,511.78397492049703,0.008527260653527696,0.0336906021119156,500003000.0,0.0,6.197533671676985e-06,1e-07,7.053762629596954e-08,0.0,0.000498560542701546,0.0,1.702319621483309e-05,0.0,0.04234625924087833,-0.05765374075912168,0
38.0,270.61398723694174,510.6678879531495,0.008481118987307381,0.03393576989320159,500003000.0,0.0,6.232360670254716e-06,1e-07,6.965399715546162e-08,0.0,0.0005070128356616489,0.0,1.6999403186745778e-05,0.0,0.04228707260384522,-0.05771292739615479,0
38.5,270.58513077324363,509.5534422067879,0.008436167304267436,0.03418252363298581,500003000.0,0.0,6.266758680852179e-06,1e-07,6.879602119492542e-08,0.0,0.0005154542600597777,0.0,1.6975858177738984e-05,0.0,0.042228502929698965,-0.05777149707030104,0
39.0,270.55624502470846,508.44062360004074,0.008392354825366216,0.034430809386015636,500003000.0,0.0,6.300739929934715e-06,1e-07,6.796249816507377e-08,0.0,0.0005238849005811629,0.0,1.6952545410722604e-05,0.0,0.042170510971946774,-0.05782948902805323,0
39.5,270.5273302801944,507.32941892522376,0.008349633871452933,0.03468057652760853,500003000.0,0.0,6.334316082280083e-06,1e-07,6.715230469073478e-08,0.0,0.0005323048362789896,0.0,1.6929450357310662e-05,0.0,0.04211306059032503,-0.05788693940967497,0
40.0,270.4983868104896,506.21981578053504,0.008307959617114793,0.034931777489829674,500003000.0,0.0,6.3674982762974e-06,1e-07,6.636438803463461e-08,0.0,0.0005407141410255033,0.0,1.6906559615920332e-05,0.0,0.04205611844756302,-0.05794388155243699,0
40.5,270.4694148697134,505.1118025087259,0.008267289868670251,0.03518436752347805,500003000.0,0.0,6.400297156533966e-06,1e-07,6.559776047313174e-08,0.0,0.000549112883918898,0.0,1.6883860804142326e-05,0.0,0.04199965374164758,-0.058000346258352424,0
41.0,270.4404146965842,504.0053681415144,0.008227584863414792,0.03543830448292109,500003000.0,0.0,6.432722903640423e-06,1e-07,6.485149421291386e-08,0.0,0.000557501129651099,0.0,1.6861342463298263e-05,0.0,0.04194363796840364,-0.058056362031596365,0
41.5,270.4113865155684,502.90050234909785,0.008188807087757866,0.03569354863118307,500003000.0,0.0,6.464785262034504e-06,1e-07,6.412471678816276e-08,0.0,0.0005658789388409344,0.0,1.6838993973703e-05,0.0,0.04188804471070398,-0.058111955289296024,0
42.0,270.38233053792374,501.7971953942071,0.0081509211121043,0.03595006246295744,500003000.0,0.0,6.496493565476867e-06,1e-07,6.341660688472453e-08,0.0,0.0005742463683365541,0.0,1.6816805479175525e-05,0.0,0.04183284945068538,-0.05816715054931462,0
42.5,270.35324696264905,500.69543809021786,0.008113893440643413,0.03620781054364989,500003000.0,0.0,6.5278567607492985e-06,1e-07,6.272639054486354e-08,0.0,0.0005826034714904562,0.0,1.6794767819618428e-05,0.0,0.04177802940203589,-0.058221970597964114,0
43.0,270.32413597735007,499.5952217628935,0.008077692374445932,0.03646675936266734,500003000.0,0.0,6.558883429605292e-06,1e-07,6.205333771198715e-08,0.0,0.0005909502984100552,0.0,1.677287247066329e-05,0.0,0.04172356335985893,-0.05827643664014107,0
43.5,270.29499775903,498.49653821538334,0.008042287886491554,0.036726877199506534,500003000.0,0.0,6.589581809145228e-06,1e-07,6.139675907987201e-08,0.0,0.0005992868961863839,0.0,1.6751111489570752e-05,0.0,0.0416694315660964,-0.05833056843390361,0
44.0,270.26583247481307,497.3993796961479,0.008007651507367401,0.03698813400125944,500003000.0,0.0,6.6199598107526225e-06,1e-07,6.075600321478958e-08,0.0,0.0006076133091031797,0.0,1.6729477466582112e-05,0.0,0.04161561558851271,-0.05838438441148729,0
44.5,270.2366402826073,496.3037388695232,0.007973756220547653,0.037250501270437046,500003000.0,0.0,6.650025037714029e-06,1e-07,6.013045392281424e-08,0.0,0.0006159295788283275,0.0,1.670796348106673e-05,0.0,0.041562098211608785,-0.05843790178839122,0
45.0,270.20742133171314,495.209608788663,0.007940576366342133,0.037513951962050096,500003000.0,0.0,6.679784801633122e-06,1e-07,5.9519527838185666e-08,0.0,0.0006242357445894451,0.0,1.6686563062000883e-05,0.0,0.04150886333831066,-0.05849113666168935,0
45.5,270.1781757633823,494.11698287063143,0.00790808755363727,0.03777846038904967,500003000.0,0.0,6.70924613773853e-06,1e-07,5.8922672210816514e-08,0.0,0.0006325318433351597,0.0,1.666527015223077e-05,0.0,0.041455895901071564,-0.05854410409892844,0
46.0,270.1489037113328,493.0258548734465,0.007876266578659023,0.03804400213531058,500003000.0,0.0,6.738415819175309e-06,1e-07,5.833936287355913e-08,0.0,0.0006408179098834303,0.0,1.664407907605525e-05,0.0,0.041403181781231965,-0.05859681821876804,0
46.5,270.1196053022234,491.9362188748892,0.007845091350149545,0.03831055397546066,500003000.0,0.0,6.767300370361586e-06,1e-07,5.776910237255444e-08,0.0,0.000649093977058176,0.0,1.66229845098831e-05,0.0,0.04135070773602761,-0.0586492922639724,0
47.0,270.0902806560914,490.8480692529201,0.007814540820304182,0.038578093800924806,500003000.0,0.0,6.7959060794840685e-06,1e-07,5.721141824496461e-08,0.0,0.0006573600758152746,0.0,1.6601981455516737e-05,0.0,0.04129846133213119,-0.05870153866786881,0
47.5,270.0609298867575,489.7614006675577,0.007784594920977838,0.03884660055156768,500003000.0,0.0,6.824239010199449e-06,1e-07,5.666586143076133e-08,0.0,0.0006656162353589188,0.0,1.6581065215861112e-05,0.0,0.04124643088522665,-0.058753569114773356,0
48.0,270.0315531022001,488.6762080440886,0.00775523450468297,0.039116054152533664,500003000.0,0.0,6.852305012602626e-06,1e-07,5.613200480635546e-08,0.0,0.0006738624832492121,0.0,1.6560231372800802e-05,0.0,0.041194605404977123,-0.05880539459502288,0
48.5,270.00215040490264,487.5924865574951,0.007726441289920187,0.03938643545564701,500003000.0,0.0,6.880109733517077e-06,1e-07,5.5609441828902184e-08,0.0,0.000682098845501754,0.0,1.653947576695158e-05,0.0,0.041142974544655674,-0.05885702545534433,0
49.0,269.97272189217495,486.5102316179943,0.007698197810514506,0.03965772618519879,500003000.0,0.0,6.907658626158016e-06,1e-07,5.5097785281877585e-08,0.0,0.0006903253466799488,0.0,1.651879447920743e-05,0.0,0.04109152855524236,-0.058908471444757644,0
49.5,269.9432676564526,485.4294388575967,0.0076704873685569655,0.03992990888751439,500003000.0,0.0,6.934956959214366e-06,1e-07,5.459666611270068e-08,0.0,0.0006985420099806346,0.0,1.649818381378738e-05,0.0,0.041040258243252185,-0.05895974175674782,0
50.0,269.9137877855742,484.3501041175951,0.007643293990714658,0.04020296688418922,500003000.0,0.0,6.962009825391858e-06,1e-07,5.410573235498351e-08,0.0,0.0007067488573136425,0.0,1.6477640282782887e-05,0.0,0.040989154932295734,-0.05901084506770427,0
50.5,269.8842823630403,483.27222343691204,0.007616602387543401,0.04047688422849416,500003000.0,0.0,6.988822149455674e-06,1e-07,5.36246481276321e-08,0.0,0.0007149459093757527,0.0,1.645716059188202e-05,0.0,0.040938210427567207,-0.0590617895724328,0
51.0,269.8547514682541,482.19579304123386,0.007590397915627398,0.04075164566487497,500003000.0,0.0,7.015398695808114e-06,1e-07,5.315309270488139e-08,0.0,0.0007231331857195378,0.0,1.6436741627312123e-05,0.0,0.04088741698336349,-0.059112583016636515,0
51.5,269.8251951767458,481.12080933286717,0.007564666542284784,0.04102723659111528,500003000.0,0.0,7.041744075633705e-06,1e-07,5.269075965118119e-08,0.0,0.0007313107048175104,0.0,1.6416380443821076e-05,0.0,0.040836767273186754,-0.05916323272681325,0
52.0,269.7956135603824,480.0472688812632,0.007539394812627506,0.041303643023089136,500003000.0,0.0,7.0678627536415085e-06,1e-07,5.2237356015607245e-08,0.0,0.0007394784841219431,0.0,1.6396074253588484e-05,0.0,0.04078625436216041,-0.0592137456378396,0
52.5,269.76600668756345,478.97516841415853,0.0075145698187889425,0.0415808515618281,500003000.0,0.0,7.093759054432012e-06,1e-07,5.179260158100677e-08,0.0,0.0007476365401206963,0.0,1.6375820415981422e-05,0.0,0.04073587168154583,-0.05926412831845418,0
53.0,269.73637462340423,477.9045048092806,0.007490179171189494,0.041858849362723057,500003000.0,0.0,7.119437168513911e-06,1e-07,5.135622816379883e-08,0.0,0.0007557848883893979,0.0,1.635561642816455e-05,0.0,0.04068561300538445,-0.05931438699461555,0
53.5,269.7067174299069,476.83527508657886,0.00746621097162829,0.04213762410674708,500003000.0,0.0,7.144901157993948e-06,1e-07,5.092797896007317e-08,0.0,0.0007639235436402366,0.0,1.6335459916371096e-05,0.0,0.04063547242878382,-0.059364527571216186,0
54.0,269.6770351661213,475.7674764009422,0.007442653788084499,0.0424171639734503,500003000.0,0.0,7.170154961961225e-06,1e-07,5.050760793455412e-08,0.0,0.0007720525197676199,0.0,1.6315348627824433e-05,0.0,0.04058544434782198,-0.05941455565217803,0
54.5,269.6473278882952,474.70110603536415,0.007419496631115632,0.042697457615721905,500003000.0,0.0,7.195202401585851e-06,1e-07,5.009487924925224e-08,0.0,0.0007801718298909552,0.0,1.6295280423289382e-05,0.0,0.04053552344101836,-0.05946447655898165,0
55.0,269.6175956500157,473.63616139452546,0.007396728931708725,0.04297849413607374,500003000.0,0.0,7.220047184950162e-06,1e-07,4.96895667286228e-08,0.0,0.0007882814863947533,0.0,1.6275253270143457e-05,0.0,0.04048570465209815,-0.059514295347901855,0
55.5,269.58783850234175,472.572639998763,0.00737434052049251,0.04326026306436967,500003000.0,0.0,7.244692911629462e-06,1e-07,4.9291453358599554e-08,0.0,0.0007963815009662559,0.0,1.625526523595626e-05,0.0,0.04043598317402055,-0.059564016825979456,0
56.0,269.55805649392875,471.5105394783962,0.007352321608219015,0.043542754336955716,500003000.0,0.0,7.269143077037983e-06,1e-07,4.8900330817042906e-08,0.0,0.0008044718846307799,0.0,1.6235314482550342e-05,0.0,0.04038635443420483,-0.059613645565795174,0
56.5,269.52824967114583,470.4498575683891,0.007330662767383773,0.04382595827696655,500003000.0,0.0,7.293401076554503e-06,1e-07,4.8515999033039114e-08,0.0,0.0008125526477849104,0.0,1.621539926041588e-05,0.0,0.04033681408063652,-0.05966318591936349,0
57.0,269.49841807818615,469.3905921033218,0.007309354914965609,0.0441098655758693,500003000.0,0.0,7.31747020944119e-06,1e-07,4.81382657733746e-08,0.0,0.0008206238002277297,0.0,1.6195517903585367e-05,0.0,0.040287357969117824,-0.05971264203088218,0
57.5,269.46856175717073,468.3327410126498,0.007288389296163034,0.04439446727604635,500003000.0,0.0,7.341353682568162e-06,1e-07,4.7766946253942366e-08,0.0,0.0008286853511902083,0.0,1.617566882483373e-05,0.0,0.040237982151327685,-0.05976201784867232,0
58.0,269.4386807482464,467.2763023162331,0.007267757469071784,0.04467975475441515,500003000.0,0.0,7.3650546139553655e-06,1e-07,4.740186277440745e-08,0.0,0.0008367373093628848,0.0,1.6155850511207117e-05,0.0,0.040188682863699296,-0.05981131713630071,0
58.5,269.4087750896782,466.22127412011776,0.007247451290224747,0.04496571970690941,500003000.0,0.0,7.388576036142571e-06,1e-07,4.7042844374410814e-08,0.0,0.0008447796829219383,0.0,1.6136061519822473e-05,0.0,0.040139456516971324,-0.05986054348302868,0
59.0,269.3788448179367,465.16765461255017,0.007227462900975399,0.045252354133949,500003000.0,0.0,7.411920899397609e-06,1e-07,4.668972651007722e-08,0.0,0.0008528124795537922,0.0,1.6116300474004042e-05,0.0,0.040090299686577215,-0.05990970031342279,0
59.5,269.34888996778,464.1154420602113,0.0072077847146213275,0.04553965032664976,500003000.0,0.0,7.435092074772174e-06,1e-07,4.634235074912973e-08,0.0,0.0008608357064783206,0.0,1.6096566059627028e-05,0.0,0.04004120910354982,-0.05995879089645018,0
60.0,269.3189105723318,463.0646348046536,0.0071884094042628495,0.045827600853816645,500003000.0,0.0,7.458092357013991e-06,1e-07,4.6000564483634964e-08,0.0,0.0008688493704707805,0.0,1.6076857021749994e-05,0.0,0.039992181646144265,-0.06000781835385574,0
60.5,269.2889066631549,462.01523125893215,0.0071693298912923874,0.04611619854964032,500003000.0,0.0,7.480924467343409e-06,1e-07,4.5664220658834795e-08,0.0,0.0008768534778825128,0.0,1.6057172161389124e-05,0.0,0.03994321433181374,-0.060056785668186265,0
61.0,269.2588782703208,460.9672299044131,0.007150539334539151,0.04640543650206651,500003000.0,0.0,7.503591056102118e-06,1e-07,4.5333177517417024e-08,0.0,0.000884848034660528,0.0,1.6037510332568975e-05,0.0,0.03989430430987307,-0.060105695690126935,0
61.5,269.2288254224757,459.9206292877509,0.007132031119979378,0.046695308041811226,500003000.0,0.0,7.52609470528107e-06,1e-07,4.500729835790343e-08,0.0,0.0008928330463660324,0.0,1.6017870439523444e-05,0.0,0.03984544885453593,-0.06015455114546408,0
62.0,269.198748146903,458.8754280180227,0.007113798850996102,0.04698580673190101,500003000.0,0.0,7.548437930934252e-06,1e-07,4.468645130636429e-08,0.0,0.0009008085181919635,0.0,1.599825143407964e-05,0.0,0.039796645358407066,-0.06020335464159294,0
62.5,269.1686464695822,457.83162476401105,0.007095836339147334,0.04727692635784286,500003000.0,0.0,7.570623185484531e-06,1e-07,4.4370509100559295e-08,0.0,0.000908774454979597,0.0,1.5978652313196845e-05,0.0,0.03974789132636031,-0.0602521086736397,0
63.0,269.13852041524535,456.7892182516227,0.007078137595435043,0.04756866091822772,500003000.0,0.0,7.592652859927462e-06,1e-07,4.405934888586139e-08,0.0,0.0009167308612343032,0.0,1.5959072116703184e-05,0.0,0.039699184369908415,-0.06030081563009159,0
63.5,269.1083700074303,455.74820726144213,0.007060696821973641,0.04786100461586179,500003000.0,0.0,7.6145292859383515e-06,1e-07,4.375285202178029e-08,0.0,0.0009246777411404545,0.0,1.5939509925057733e-05,0.0,0.039650522201636146,-0.06034947779836386,0
64.0,269.07819526853115,454.7085906264029,0.007043508404149338,0.04815395184935264,500003000.0,0.0,7.636254737887923e-06,1e-07,4.3450903899143475e-08,0.0,0.0009326150985756045,0.0,1.5919964857395604e-05,0.0,0.039601902630337325,-0.06039809736966268,0
64.5,269.0479962198463,453.67036722957715,0.007026566903117416,0.048447497205088376,500003000.0,0.0,7.657831434771176e-06,1e-07,4.315339376650685e-08,0.0,0.0009405429371239236,0.0,1.5900436069560093e-05,0.0,0.03955332355611963,-0.060446676443880375,0
65.0,269.01777288162435,452.63353600207245,0.007009867048707544,0.04874163544965406,500003000.0,0.0,7.67926154205407e-06,1e-07,4.2860214565789696e-08,0.0,0.0009484612600889703,0.0,1.588092275232458e-05,0.0,0.03950478296598154,-0.060495217034018466,0
65.5,268.98752527310734,451.598095921031,0.006993403732665821,0.0490363615225787,500003000.0,0.0,7.70054717344221e-06,1e-07,4.2571262776280995e-08,0.0,0.0009563700705058207,0.0,1.5861424129685924e-05,0.0,0.039456278929566976,-0.06054372107043303,0
66.0,268.95725341257213,450.5640460077247,0.006977172002238661,0.04933167052950826,500003000.0,0.0,7.721690392575543e-06,1e-07,4.228643826666547e-08,0.0,0.000964269371152608,0.0,1.5841939457280117e-05,0.0,0.03940780959522417,-0.060592190404775835,0
66.5,268.9269573173697,449.53138532574025,0.006961167054063089,0.04962755773563305,500003000.0,0.0,7.74269321465279e-06,1e-07,4.200564415449487e-08,0.0,0.0009721591645615004,0.0,1.5822468020876888e-05,0.0,0.03935937318626092,-0.060640626813739086,0
67.0,268.89663700396284,448.5001129792516,0.006945384228340744,0.049924018559479595,500003000.0,0.0,7.763557607989106e-06,1e-07,4.1728786672635065e-08,0.0,0.0009800394530291368,0.0,1.580300913493635e-05,0.0,0.039310967997354104,-0.0606890320026459,0
67.5,268.8662924879615,447.4702281113718,0.006929819003306763,0.050221048566974916,500003000.0,0.0,7.784285495510329e-06,1e-07,4.1455775042444777e-08,0.0,0.0009879102386265712,0.0,1.5783562141285318e-05,0.0,0.03926259239125701,-0.060737407608742994,0
68.0,268.83592378415716,446.4417299025809,0.0069144669899548735,0.050518643465813466,500003000.0,0.0,7.804878756186909e-06,1e-07,4.118652135316097e-08,0.0,0.000995771523208749,0.0,1.5764126407855998e-05,0.0,0.039214244795661685,-0.06078575520433832,0
68.5,268.80553090655496,445.414617569226,0.006899323927006578,0.05081679910008321,500003000.0,0.0,7.825339226410483e-06,1e-07,4.092094044714771e-08,0.0,0.0010036233084235388,0.0,1.5744701327487733e-05,0.0,0.039165923700218236,-0.06083407629978177,0
69.0,268.77511386840507,444.388890362091,0.006884385676100716,0.0511155114450994,500003000.0,0.0,7.84566870131579e-06,1e-07,4.065894981061458e-08,0.0,0.0010114655957203257,0.0,1.5725286316764456e-05,0.0,0.03911762765364293,-0.06088237234635708,0
69.5,268.7446726822319,443.36454756502866,0.006869648217236787,0.05141477660255283,500003000.0,0.0,7.865868936050672e-06,1e-07,4.040046946976389e-08,0.0,0.0010192983863582341,0.0,1.5705880814989017e-05,0.0,0.039069355261166706,-0.0609306447388333,0
70.0,268.7142073598625,442.3415884936539,0.006855107644401205,0.051714590795799265,500003000.0,0.0,7.885941646996534e-06,1e-07,4.014542189172384e-08,0.0,0.001027121681413965,0.0,1.5686484283156598e-05,0.0,0.03902110518198159,-0.060978894818018416,0
70.5,268.68371791245346,441.3200124940961,0.006840760161388788,0.05201495036543474,500003000.0,0.0,7.905888512941601e-06,1e-07,3.989373189013482e-08,0.0,0.0010349354817892704,0.0,1.566709620297689e-05,0.0,0.038972876126808186,-0.06102712387319182,0
71.0,268.6532043505169,440.2998189418056,0.006826602077824298,0.05231585176499126,500003000.0,0.0,7.925711176209212e-06,1e-07,3.9645326535221e-08,0.0,0.0010427397882180997,0.0,1.564771607597723e-05,0.0,0.03892466685566475,-0.061075333144335255,0
71.5,268.6226666839447,439.2810072404103,0.0068126298053675476,0.05261729155691479,500003000.0,0.0,7.945411243743245e-06,1e-07,3.9400135068065684e-08,0.0,0.0010505346012734387,0.0,1.562834342266837e-05,0.0,0.03887647617579196,-0.06112352382420805,0
72.0,268.5921049220326,438.26357682062405,0.006798839854054365,0.05291926640862323,500003000.0,0.0,7.964990288152567e-06,1e-07,3.915808881864329e-08,0.0,0.001058319921373827,0.0,1.5608977781682173e-05,0.0,0.0388283029395079,-0.06117169706049211,0
72.5,268.5615190735024,437.24752713920014,0.006785228828828526,0.05322177308882306,500003000.0,0.0,7.98444984871645e-06,1e-07,3.891912112776645e-08,0.0,0.0010660957487896017,0.0,1.5589618709024544e-05,0.0,0.03878014604234961,-0.061219853957650394,0
73.0,268.5309091465236,436.23285767792856,0.006771793426215837,0.05352480846393172,500003000.0,0.0,8.003791432352708e-06,1e-07,3.868316727251268e-08,0.0,0.0010738620836488796,0.0,1.5570265777348424e-05,0.0,0.03873200442126474,-0.06126799557873527,0
73.5,268.5002751487342,435.2195679426759,0.0067585304311332285,0.05382836949466586,500003000.0,0.0,8.023016514550182e-06,1e-07,3.8450164394948464e-08,0.0,0.0010816189259432707,0.0,1.55509185752454e-05,0.0,0.03868387705284926,-0.06131612294715075,0
74.0,268.46961708726064,434.2076574624664,0.006745436713828347,0.05413245323278027,500003000.0,0.0,8.042126540267179e-06,1e-07,3.822005143399279e-08,0.0,0.0010893662755333438,0.0,1.5531576706560376e-05,0.0,0.03863576295164273,-0.06136423704835728,0
74.5,268.4389349687365,433.19712578859804,0.00673250922697956,0.05443705681794337,500003000.0,0.0,8.061122924797409e-06,1e-07,3.7992769060462235e-08,0.0,0.0010971041321538827,0.0,1.5512239789811484e-05,0.0,0.03858766116868529,-0.061412338831314715,0
75.0,268.4082287993208,432.1879724937966,0.006719745002883018,0.054742177474748244,500003000.0,0.0,8.08000705460479e-06,1e-07,3.776825961476276e-08,0.0,0.001104832495418908,0.0,1.5492907457559827e-05,0.0,0.038539570789949816,-0.06146042921005019,0
75.5,268.3774985847158,431.180197171405,0.006707141150762696,0.05504781250983636,500003000.0,0.0,8.098780288128452e-06,1e-07,3.7546467047322504e-08,0.0,0.0011125513648264835,0.0,1.547357935582338e-05,0.0,0.03849149093488403,-0.06150850906511598,0
76.0,268.34674433018324,430.17379943460116,0.006694694854225107,0.055353959309156084,500003000.0,0.0,8.117443956559341e-06,1e-07,3.732733686177926e-08,0.0,0.0011202607397633529,0.0,1.5454255143597064e-05,0.0,0.038443420755216576,-0.06155657924478343,0
76.5,268.31596604056085,429.16877891565156,0.006682403368764597,0.05566061533530503,500003000.0,0.0,8.13599936458949e-06,1e-07,3.711081606029705e-08,0.0,0.0011279606195093606,0.0,1.5434934492272787e-05,0.0,0.038395359433514395,-0.06160464056648561,0
77.0,268.28516372027764,428.16513526519185,0.006670264019409092,0.055967778125009686,500003000.0,0.0,8.154447791135201e-06,1e-07,3.6896853091422263e-08,0.0,0.0011356510032417043,0.0,1.541561708517685e-05,0.0,0.03834730618203196,-0.06165269381796805,0
77.5,268.2543373733686,427.16286815153484,0.006658274198458097,0.05627544528670763,500003000.0,0.0,8.17279049003526e-06,1e-07,3.668539780011942e-08,0.0,0.001143331890039027,0.0,1.5396302617123546e-05,0.0,0.038299260241600866,-0.06170073975839914,0
78.0,268.2234870034894,426.1619772600086,0.006646431363276986,0.05658361449818235,500003000.0,0.0,8.191028690725114e-06,1e-07,3.6476401379707394e-08,0.0,0.0011510032788853246,0.0,1.5376990793911027e-05,0.0,0.038251220880375685,-0.06174877911962432,0
78.5,268.1926126139296,425.1624622923165,0.006634733034230885,0.05689228350435932,500003000.0,0.0,8.209163598888152e-06,1e-07,3.626981632607598e-08,0.0,0.0011586651686737207,0.0,1.535768133196036e-05,0.0,0.03820318739293622,-0.06179681260706379,0
79.0,268.16171420762606,424.164322965923,0.006623176792661106,0.0572014501151396,500003000.0,0.0,8.227196397084938e-06,1e-07,3.606559639357358e-08,0.0,0.0011663175582100902,0.0,1.533837395788223e-05,0.0,0.038155159099209524,-0.06184484090079048,0
79.5,268.13079178717567,423.1675590134641,0.00661176027894698,0.05751111220331794,500003000.0,0.0,8.245128245361304e-06,1e-07,3.586369655273342e-08,0.0,0.0011739604462165298,0.0,1.53190684080777e-05,0.0,0.03810713534347686,-0.06189286465652315,0
80.0,268.0998453548474,422.1721701821769,0.006600481190663207,0.05782126770261853,500003000.0,0.0,8.262960281836218e-06,1e-07,3.5664072949825184e-08,0.0,0.0011815938313347167,0.0,1.5299764428404176e-05,0.0,0.03805911549354273,-0.061940884506457274,0
80.5,268.06887491259414,421.1781562333536,0.006589337280778793,0.058131914605760955,500003000.0,0.0,8.280693623270156e-06,1e-07,3.546668286787652e-08,0.0,0.0011892177121291172,0.0,1.528046177378867e-05,0.0,0.03801109893977281,-0.0619889010602272,0
81.0,268.03788046206404,420.185516941814,0.006578326355946454,0.058443050962649123,500003000.0,0.0,8.29832936561484e-06,1e-07,3.527148468937081e-08,0.0,0.0011968320870900892,0.0,1.5261160207908214e-05,0.0,0.037963085094299034,-0.06203691490570097,0
81.5,268.0068620046112,419.1942520953967,0.006567446274855486,0.05875467487858332,500003000.0,0.0,8.315868584545049e-06,1e-07,3.50784378604174e-08,0.0,0.0012044369546368708,0.0,1.5241859502881242e-05,0.0,0.037915073390251845,-0.06208492660974816,0
82.0,267.97581954130635,418.20436149447,0.006556694946633597,0.059066784512556335,500003000.0,0.0,8.33331233597318e-06,1e-07,3.48875028562644e-08,0.0,0.0012120323131204482,0.0,1.522255943894234e-05,0.0,0.037867063280951095,-0.06213293671904891,0
82.5,267.9447530729468,417.21584495146016,0.00654607032931952,0.05937937807563599,500003000.0,0.0,8.35066165654729e-06,1e-07,3.469864114822081e-08,0.0,0.0012196181608263243,0.0,1.5203259804156587e-05,0.0,0.037819054239195495,-0.06218094576080451,0
83.0,267.9136626000664,416.228702290397,0.006535570428382576,0.05969245382936152,500003000.0,0.0,8.367917564133197e-06,1e-07,3.4511815171812714e-08,0.0,0.001227194495977179,0.0,1.5183960394123732e-05,0.0,0.0377710457565267,-0.06222895424347331,0
83.5,267.8825481229447,415.2429333464746,0.006525193295314257,0.06000601008423195,500003000.0,0.0,8.385081058281329e-06,1e-07,3.4326988296260854e-08,0.0,0.0012347613167354424,0.0,1.5164661011735356e-05,0.0,0.03772303734262526,-0.06227696265737474,0
84.0,267.851409641616,414.2585379656272,0.00651493702626126,0.06032004519826876,500003000.0,0.0,8.402153120678866e-06,1e-07,3.4144124795074594e-08,0.0,0.0012423186212057787,0.0,1.5145361466919288e-05,0.0,0.037675028524674845,-0.06232497147532516,0
84.5,267.82024715587835,413.2755160041222,0.006504799760690718,0.06063455757556458,500003000.0,0.0,8.419134715587703e-06,1e-07,3.396318981767436e-08,0.0,0.0012498664074374645,0.0,1.5126061576354091e-05,0.0,0.03762701884665197,-0.06237298115334804,0
85.0,267.7890606653017,412.2938673281641,0.006494779680144508,0.06094954566496527,500003000.0,0.0,8.436026790268854e-06,1e-07,3.378414936230107e-08,0.0,0.0012574046734267078,0.0,1.510676116329028e-05,0.0,0.0375790078688813,-0.06242099213111871,0
85.5,267.7578501692361,411.3135918135143,0.006484875006997834,0.06126500795870274,500003000.0,0.0,8.45283027539372e-06,1e-07,3.360697024973221e-08,0.0,0.001264933417118864,0.0,1.5087460057285612e-05,0.0,0.037530995167377144,-0.06246900483262286,0
86.0,267.7266156668198,410.3346893451235,0.006475084003281789,0.06158094299120351,500003000.0,0.0,8.469546085442761e-06,1e-07,3.343162009808195e-08,0.0,0.0012724526364105873,0.0,1.506815809399697e-05,0.0,0.0374829803333258,-0.06251701966667421,0
86.5,267.69535715698646,409.3571598167768,0.006465404969541772,0.06189734933779961,500003000.0,0.0,8.486175119092014e-06,1e-07,3.325806729850564e-08,0.0,0.001279962329151896,0.0,1.504885511496745e-05,0.0,0.037434962972555844,-0.06256503702744416,0
87.0,267.66407463847275,408.3810031307485,0.006455836243755602,0.062214225613597594,500003000.0,0.0,8.502718259587963e-06,1e-07,3.308628099189876e-08,0.0,0.0012874624931481918,0.0,1.5029550967467614e-05,0.0,0.03738694270514332,-0.0626130572948567,0
87.5,267.63276810982535,407.4062191974714,0.00644637620025171,0.06253157047232624,500003000.0,0.0,8.519176375111091e-06,1e-07,3.2916231046255e-08,0.0,0.0012949531261621868,0.0,1.5010245504255885e-05,0.0,0.03733891916481564,-0.06266108083518437,0
88.0,267.6014375694078,406.4328079352147,0.006437023248698309,0.06284938260525307,500003000.0,0.0,8.5355503191286e-06,1e-07,3.2747888035019056e-08,0.0,0.0013024342259157764,0.0,1.4990938583426077e-05,0.0,0.03729089199857233,-0.06270910800142768,0
88.5,267.5700830154071,405.4607692697745,0.006427775833108533,0.06316766074009708,500003000.0,0.0,8.551840930736663e-06,1e-07,3.2581223216124553e-08,0.0,0.0013099057900918484,0.0,1.4971630068217428e-05,0.0,0.03724286086621251,-0.0627571391337875,0
89.0,267.5387044458402,404.4901031341728,0.006418632430888347,0.06348640364003576,500003000.0,0.0,8.568049034992577e-06,1e-07,3.2416208511828556e-08,0.0,0.0013173678163360294,0.0,1.4952319826852392e-05,0.0,0.03719482543993132,-0.06280517456006868,0
89.5,267.5073018585602,403.5208094683665,0.006409591551917545,0.06380561010269399,500003000.0,0.0,8.584175443237211e-06,1e-07,3.225281648926828e-08,0.0,0.0013248203022583826,0.0,1.4933007732382545e-05,0.0,0.037146785403936684,-0.06285321459606333,0
90.0,267.47587525126215,402.55288821896625,0.006400651737656563,0.06412527895922036,500003000.0,0.0,8.600220953408052e-06,1e-07,3.209102034168006e-08,0.0,0.001332263245435043,0.0,1.4913693662528446e-05,0.0,0.03709874045405086,-0.06290125954594915,0
90.5,267.4444246214892,401.5863393389644,0.006391811560278341,0.06444540907332778,500003000.0,0.0,8.61618635034318e-06,1e-07,3.193079387025515e-08,0.0,0.0013396966434097964,0.0,1.4894377499514199e-05,0.0,0.037050690297299,-0.062949309702701,0
91.0,267.4129499666378,400.6211627874702,0.006383069621853635,0.06476599934043244,500003000.0,0.0,8.632072406076557e-06,1e-07,3.1772111466752345e-08,0.0,0.0013471204936956246,0.0,1.4875059129965399e-05,0.0,0.03700263465165522,-0.06299736534834478,0
91.5,267.38145128396366,399.6573585294549,0.006374424553527143,0.06508704868676558,500003000.0,0.0,8.647879880124824e-06,1e-07,3.161494809653439e-08,0.0,0.0013545347937761808,0.0,1.4855738444727024e-05,0.0,0.03695457324558961,-0.0630454267544104,0
92.0,267.3499285705864,398.69492653550316,0.006365875014756572,0.06540855606857035,500003000.0,0.0,8.663609519766007e-06,1e-07,3.1459279282368747e-08,0.0,0.0013619395411072401,0.0,1.4836415338771293e-05,0.0,0.03690650581783904,-0.06309349418216097,0
92.5,267.3183818234954,397.73386678157453,0.006357419692541337,0.06573052047125105,500003000.0,0.0,8.679262060310312e-06,1e-07,3.130508108860969e-08,0.0,0.0013693347331180804,0.0,1.4817089711027316e-05,0.0,0.03685843211698337,-0.06314156788301664,0
93.0,267.28681103955387,396.77417924876863,0.006349057300719867,0.06605294090865298,500003000.0,0.0,8.694838225363379e-06,1e-07,3.115233010613487e-08,0.0,0.00137672036721285,0.0,1.4797761464318053e-05,0.0,0.036810351901288695,-0.0631896480987113,0
93.5,267.2552162155045,395.8158639231008,0.006340786579240916,0.06637581642224953,500003000.0,0.0,8.710338727082156e-06,1e-07,3.1001003437552926e-08,0.0,0.0013840964407718702,0.0,1.4778430505186761e-05,0.0,0.03676226493827553,-0.06323773506172448,0
94.0,267.2235973479736,394.8589207952829,0.006332606293493023,0.06669914608045234,500003000.0,0.0,8.725764266423697e-06,1e-07,3.0851078683080874e-08,0.0,0.0013914629511529032,0.0,1.4759096743810317e-05,0.0,0.036714171004503277,-0.06328582899549673,0
94.5,267.19195443347587,393.9033498605115,0.00632451523364179,0.06702292897785167,500003000.0,0.0,8.74111553338711e-06,1e-07,3.070253392682787e-08,0.0,0.0013988198956923872,0.0,1.4739760093884362e-05,0.0,0.03666606988528448,-0.06333393011471553,0
95.0,267.1602874684185,392.949151118261,0.006316512213996138,0.06734716423460263,500003000.0,0.0,8.756393207248898e-06,1e-07,3.0555347723574414e-08,0.0,0.0014061672717066358,0.0,1.4720420472531062e-05,0.0,0.03661796137445538,-0.06338203862554462,0
95.5,267.12859644910577,391.99632457208406,0.006308596072382881,0.06767185099570774,500003000.0,0.0,8.771597956791864e-06,1e-07,3.0409499085932685e-08,0.0,0.0014135050764929945,0.0,1.4701077800183154e-05,0.0,0.03656984527408745,-0.06343015472591255,0
96.0,267.0968813717428,391.04487022941674,0.00630076566955531,0.06799698843038608,500003000.0,0.0,8.786730440527864e-06,1e-07,3.026496747199927e-08,0.0,0.0014208333073309758,0.0,1.4681732000505687e-05,0.0,0.03652172139429275,-0.06347827860570726,0
96.5,267.06514223244,390.0947881013912,0.006293019888599523,0.06832257573146748,500003000.0,0.0,8.80179130691452e-06,1e-07,3.012173277331224e-08,0.0,0.001428151961483342,0.0,1.46623830002724e-05,0.0,0.036473589552916415,-0.0635264104470836,0
97.0,267.0333790272164,389.146078202651,0.006285357634389461,0.06864861211475658,500003000.0,0.0,8.816781194566192e-06,1e-07,2.9979775303345625e-08,0.0,0.0014354610361971814,0.0,1.4643030729317062e-05,0.0,0.036425449575415575,-0.06357455042458443,0
97.5,267.0015917520041,388.19874055117515,0.006277777833018575,0.06897509681847666,500003000.0,0.0,8.831700732459283e-06,1e-07,2.9839075786184033e-08,0.0,0.0014427605287049242,0.0,1.4623675120393238e-05,0.0,0.03637730129451054,-0.06362269870548946,0
98.0,266.9697804026514,387.25277516810434,0.00627027943129156,0.06930202910268368,500003000.0,0.0,8.846550540132166e-06,1e-07,2.969961534576506e-08,0.0,0.0014500504362253545,0.0,1.4604316109137992e-05,0.0,0.036329144550094505,-0.0636708554499055,0
98.5,266.93794497492644,386.3081820775717,0.006262861396212675,0.06962940824872879,500003000.0,0.0,8.861331227879853e-06,1e-07,2.9561375495374904e-08,0.0,0.0014573307559645947,0.0,1.4584953633993222e-05,0.0,0.03628097918903787,-0.06371902081096215,0
99.0,266.90608546452097,385.3649613065413,0.0062555227144684995,0.06995723355872824,500003000.0,0.0,8.876043396943543e-06,1e-07,2.942433812737926e-08,0.0,0.001464601485117039,0.0,1.4565587636080721e-05,0.0,0.036232805064877416,-0.06376719493512259,0
99.5,266.8742018670534,384.423112884648,0.006248262391969081,0.07028550435500784,500003000.0,0.0,8.890687639695283e-06,1e-07,2.928848550348076e-08,0.0,0.0014718626208662878,0.0,1.4546218059180953e-05,0.0,0.03618462203776356,-0.06381537796223644,0
100.0,266.8422941780723,383.4826368440443,0.006241079453358347,0.07061421997965708,500003000.0,0.0,8.90526453981782e-06,1e-07,2.915380024507361e-08,0.0,0.0014791141603860312,0.0,1.4526844849609472e-05,0.0,0.036136429974152916,-0.06386357002584708,0
100.5,266.81036239305934,382.5435332192484,0.006233972941586215,0.07094337979399554,500003000.0,0.0,8.91977467247988e-06,1e-07,2.90202653241204e-08,0.0,0.0014863561008409381,0.0,1.4507467956206842e-05,0.0,0.036088228746783184,-0.06391177125321681,0
101.0,266.77840650743275,381.60580204699994,0.00622694191744012,0.07127298317812393,500003000.0,0.0,8.934218604506912e-06,1e-07,2.8887864054064032e-08,0.0,0.001493588439387489,0.0,1.4488087330205443e-05,0.0,0.0360400182343419,-0.0639599817656581,0
101.5,266.74642651654995,380.66944336611596,0.0062199854591452304,0.07160302953046632,500003000.0,0.0,8.94859689454755e-06,1e-07,2.8756580081276146e-08,0.0,0.001500811173174818,0.0,1.4468702925228069e-05,0.0,0.03599179832146286,-0.06400820167853714,0
102.0,266.71442241571066,379.73445721735254,0.006213102661935098,0.07193351826730172,500003000.0,0.0,8.962910093235838e-06,1e-07,2.8626397376576547e-08,0.0,0.001508024299345515,0.0,1.4449314697191032e-05,0.0,0.035943568898485156,-0.06405643110151485,0
102.5,266.6823942001599,378.80084364327126,0.006206292637642008,0.07226444882234444,500003000.0,0.0,8.977158743349361e-06,1e-07,2.8497300227046338e-08,0.0,0.001515227815036402,0.0,1.442992260422704e-05,0.0,0.03589532986126129,-0.06410467013873872,0
103.0,266.6503418650905,377.8686026881075,0.006199554514317906,0.0725958206463375,500003000.0,0.0,8.99134337996345e-06,1e-07,2.8369273228175927e-08,0.0,0.0015224217173792967,0.0,1.4410526606654082e-05,0.0,0.03584708111107981,-0.06415291888892019,0
103.5,266.61826540564607,376.9377343976411,0.006192887435862132,0.07292763320662539,500003000.0,0.0,9.005464530601566e-06,1e-07,2.824230127623096e-08,0.0,0.0015296060035017724,0.0,1.439112666693594e-05,0.0,0.03579882255456702,-0.064201177445433,0
104.0,266.5861648169234,376.00823881907326,0.006186290561632735,0.07325988598675352,500003000.0,0.0,9.019522715381927e-06,1e-07,2.8116369560724502e-08,0.0,0.0015367806705278678,0.0,1.4371722749581175e-05,0.0,0.03575055410343576,-0.06424944589656426,0
104.5,266.5540400939751,375.08011600090435,0.006179763066101815,0.07359257848610735,500003000.0,0.0,9.03351844716056e-06,1e-07,2.7991463557265273e-08,0.0,0.0015439457155788036,0.0,1.4352314821121814e-05,0.0,0.03570227567443238,-0.06429772432556763,0
105.0,266.52189123181233,374.1533659928154,0.006173304138507123,0.07392571021950882,500003000.0,0.0,9.047452231670838e-06,1e-07,2.786756902055653e-08,0.0,0.0015511011357736719,0.0,1.4332902850061397e-05,0.0,0.03565398718920745,-0.06434601281079255,0
105.5,266.48971822540693,373.2279888455534,0.006166912982503997,0.07425928071686592,500003000.0,0.0,9.061324567659617e-06,1e-07,2.7744671977560068e-08,0.0,0.0015582469282301031,0.0,1.4313486806802842e-05,0.0,0.03560568857413642,-0.06439431142586358,0
106.0,266.457521069694,372.30398461081853,0.006160588815846778,0.07459328952281753,500003000.0,0.0,9.075135947020092e-06,1e-07,2.7622758720950466e-08,0.0,0.0015653830900649263,0.0,1.4294066663624252e-05,0.0,0.035557379760259335,-0.06444262023974068,0
106.5,266.4252997595741,371.38135334115395,0.006154330870068472,0.0749277361964013,500003000.0,0.0,9.088886854921448e-06,1e-07,2.750181580271282e-08,0.0,0.0015725096183948118,0.0,1.427464239463088e-05,0.0,0.03550906068316139,-0.06449093931683861,0
107.0,266.3930542899157,370.46009508984,0.006148138390159207,0.07526262031067625,500003000.0,0.0,9.10257776993539e-06,1e-07,2.7381830027882517e-08,0.0,0.0015796265103368878,0.0,1.4255213975685333e-05,0.0,0.035460731282799335,-0.06453926871720067,0
107.5,266.3607846555571,369.5402099107876,0.0061420106342885625,0.0755979414524561,500003000.0,0.0,9.116209164159702e-06,1e-07,2.7262788448622202e-08,0.0,0.0015867337630093685,0.0,1.4235781384420905e-05,0.0,0.03541239150353459,-0.06458760849646542,0
108.0,266.32849085130886,368.6216978584385,0.006135946873479616,0.07593369922194408,500003000.0,0.0,9.129781503338812e-06,1e-07,2.7144678358221082e-08,0.0,0.001593831373532131,0.0,1.4216344600125264e-05,0.0,0.03536404129384394,-0.06463595870615607,0
108.5,266.2961728719558,367.70455898766477,0.006129946391347773,0.07626989323244791,500003000.0,0.0,9.143295246981569e-06,1e-07,2.70274872855149e-08,0.0,0.0016009193390273092,0.0,1.4196903603756963e-05,0.0,0.0353156806063606,-0.0646843193936394,0
109.0,266.26383071225894,366.7887933536716,0.0061240084838140646,0.07660652311006926,500003000.0,0.0,9.156750848476229e-06,1e-07,2.6911202989320013e-08,0.0,0.001607997656619861,0.0,1.417745837788599e-05,0.0,0.03526730939772634,-0.06473269060227366,0
109.5,266.2314643669578,365.87440101190373,0.0061181324588282255,0.07694358849342506,500003000.0,0.0,9.170148755202746e-06,1e-07,2.67958134530355e-08,0.0,0.0016150663234381153,0.0,1.4158008906640952e-05,0.0,0.03521892762846008,-0.06478107237153993,0
110.0,266.1990738307721,364.9613820179509,0.006112317636124824,0.07728108903334012,500003000.0,0.0,9.183489408642502e-06,1e-07,2.6681306879509564e-08,0.0,0.001622125336614332,0.0,1.413855517571695e-05,0.0,0.03517053526297749,-0.06482946473702252,0
110.5,266.16665909840356,364.04973642745824,0.006106563346949282,0.07761902439260523,500003000.0,0.0,9.196773244485446e-06,1e-07,2.656767168588994e-08,0.0,0.0016291746932852224,0.0,1.4119097172298687e-05,0.0,0.03512213226939972,-0.06487786773060028,0
111.0,266.13422016453825,363.1394642960389,0.006100868933808503,0.07795739424566635,500003000.0,0.0,9.210000692734793e-06,1e-07,2.6454896498694798e-08,0.0,0.001636214390592467,0.0,1.4099634885025893e-05,0.0,0.0350737186194674,-0.06492628138053261,0
111.5,266.101757023848,362.2305656791869,0.006095233750238189,0.07829619827838662,500003000.0,0.0,9.223172177809326e-06,1e-07,2.6342970149064303e-08,0.0,0.001643244425683227,0.0,1.4080168303983e-05,0.0,0.035025294288514926,-0.06497470571148509,0
112.0,266.06926967099224,361.32304063219203,0.0060896571605675,0.07863543618779079,500003000.0,0.0,9.236288118643379e-06,1e-07,2.6231881668105143e-08,0.0,0.001650264795710645,0.0,1.4060697420668936e-05,0.0,0.034976859255395364,-0.06502314074460463,0
112.5,266.0367581006199,360.4168892100586,0.006084138539675593,0.07897510768180996,500003000.0,0.0,9.24934892878453e-06,1e-07,2.6121620282302226e-08,0.0,0.0016572754978343245,0.0,1.4041222227934862e-05,0.0,0.03492841350232553,-0.06507158649767447,0
113.0,266.0042223073711,359.5121114674247,0.00607867727277642,0.07931521247903257,500003000.0,0.0,9.262355016489106e-06,1e-07,2.6012175409150862e-08,0.0,0.0016642765292208062,0.0,1.4021742719974264e-05,0.0,0.03487995701486135,-0.06512004298513865,0
113.5,265.97166228587855,358.6087074584824,0.006073272755205816,0.07965575030848658,500003000.0,0.0,9.275306784815552e-06,1e-07,2.590353665289333e-08,0.0,0.001671267887044039,0.0,1.400225889230566e-05,0.0,0.03483148978185488,-0.06516851021814513,0
114.0,265.93907803076945,357.70667723690053,0.006067924392205281,0.0799967209093919,500003000.0,0.0,9.288204631715718e-06,1e-07,2.5795693800333618e-08,0.0,0.001678249568485842,0.0,1.3982770741735684e-05,0.0,0.0347830117953624,-0.06521698820463762,0
114.5,265.90646953666715,356.80601604499765,0.006062631598696141,0.08033812403093478,500003000.0,1.0064632666319997,9.30104895012407e-06,1.5198931061962692e-05,2.568863681670155e-08,3.0197862123925383e-05,0.001685221570736331,1.3573598828065661e-11,1.3963278266288274e-05,8.090575533194194e-11,0.03473475119664805,-0.06526524880335195,1
115.0,265.87383691226546,355.9067366065069,0.006057371385620087,0.08067993414127797,500003000.0,1.0196433990372495,9.313840080800216e-06,1.5298495152430283e-05,2.5582261352291866e-08,1.9912818093517906e-07,0.0016921838652433888,1.4023370124623747e-11,1.3943729821825053e-05,5.475927185662037e-13,0.03468589662332378,-0.06531410337667623,1
115.5,265.84117986057714,355.0088292571828,0.0060522015223171445,0.08102221677364789,500003000.0,1.0329614974655021,9.326578482753016e-06,1.539763079752928e-05,2.5476803905601527e-08,1.9827129019799833e-07,0.001699136490458722,1.4484509228680126e-11,1.3924259766747046e-05,5.595397831819771e-13,0.03463746368418245,-0.06536253631581757,1
116.0,265.80849859241926,354.1122951757733,0.006047077317045677,0.08136492200242315,500003000.0,1.046417837670051,9.339264516954962e-06,1.5496345171108867e-05,2.5372068403890458e-08,1.974287471591755e-07,0.0017060794341782304,1.4957221444825455e-11,1.3904766492432844e-05,5.716803784817095e-13,0.03458897298629284,-0.06541102701370716,1
116.5,265.7757930789124,353.21713485495997,0.006042003208509979,0.08170805521817318,500003000.0,1.0600127595676065,9.351898550303374e-06,1.5594645233608866e-05,2.5268066696824786e-08,1.9660012499999622e-07,0.0017130126899310117,1.544171511794876e-11,1.3885261479963306e-05,5.840164512098705e-13,0.03454045308956307,-0.06545954691043693,1
117.0,265.74306330545716,352.32334851721856,0.006036980618047648,0.0820516184206441,500003000.0,1.073746563971203,9.364480949251691e-06,1.569253773671445e-05,2.5164797896634127e-08,1.9578500621116616e-07,0.0017199362535057707,1.593820017943953e-11,1.3865749244124019e-05,5.965499029183238e-13,0.03449191522480843,-0.06550808477519157,1
117.5,265.7103092630696,351.4309362783864,0.006032009784344192,0.08239561227969577,500003000.0,1.0876195150912378,9.377012077357594e-06,1.5790029230149706e-05,2.5062256211807562e-08,1.9498298687051574e-07,0.0017268501215843754,1.6446888128738525e-11,1.384623155953142e-05,6.092826033425133e-13,0.03444336380650294,-0.06555663619349707,1
118.0,265.67753094497283,350.53989821185843,0.0060270904863917955,0.08274003694758328,500003000.0,1.101631840984517,9.38949229436863e-06,1.5887126069059162e-05,2.4960434022071054e-08,1.9419367781891195e-07,0.0017337542912054314,1.696799198857326e-11,1.3826709125285775e-05,6.222163949237189e-13,0.03439480057370717,-0.06560519942629284,1
118.5,265.6447283452597,349.65023437371684,0.006022222327782964,0.08308489237848606,500003000.0,1.1157837331885307,9.401921955909647e-06,1.5983834421385597e-05,2.4859323082033293e-08,1.9341670465286645e-07,0.001740648759554189,1.7501726247837405e-11,1.3807182219450212e-05,6.353530937603094e-13,0.03434622621812557,-0.06565377378187444,1
119.0,265.6119014583688,348.76194481252645,0.0060174048482722385,0.08343017845393039,500003000.0,1.1300753460346642,9.414301413404876e-06,1.6080160275026996e-05,2.4758914990455828e-08,1.9265170728280203e-07,0.0017475335238805614,1.8048306797790988e-11,1.3787650955956204e-05,6.486944891136785e-13,0.03429764102317481,-0.06570235897682519,1
119.5,265.57905027888035,347.87502957312375,0.006012637567409612,0.08377589503183007,500003000.0,1.1445067958370976,9.426631014090739e-06,1.6176109444700822e-05,2.4659201371725535e-08,1.9189833934764895e-07,0.0017544085814673153,1.8607950863876112e-11,1.3768115385237282e-05,6.622423423223541e-13,0.03424904511431642,-0.06575095488568358,1
120.0,265.54617480143753,346.9894886980608,0.00600792000150031,0.08412204196559098,500003000.0,1.159078160036133,9.438911101063105e-06,1.627168757849964e-05,2.4560173944732915e-08,1.9115626759763586e-07,0.0017612739296178684,1.918087693407056e-11,1.3748575533527189e-05,6.759983854676355e-13,0.03420043855681333,-0.06579956144318667,1
120.5,265.5132750207159,346.10532222812833,0.006003251670182022,0.08446861911150466,500003000.0,1.1737894763282015,9.451142013337154e-06,1.636690016414322e-05,2.4461824548098137e-08,1.904251712871585e-07,0.0017681295656517826,1.9767304684153757e-11,1.3729031418291085e-05,6.899643199288395e-13,0.034151821394116016,-0.06584817860588399,1
121.0,265.480350931413,345.22253020252765,0.005998632098845776,0.08481562633147997,500003000.0,1.1886407417953029,9.463324085911167e-06,1.6461752534939366e-05,2.436414514802603e-08,1.8970474159229264e-07,0.0017749754869031884,2.0367454900021146e-11,1.3709483054103896e-05,7.041418148827891e-13,0.034103193662485216,-0.0658968063375148,1
121.5,265.44740252824425,344.3411126589006,0.005994060819540257,0.08516306349405717,500003000.0,1.2036319120405077,9.475457649831102e-06,1.6556249875468175e-05,2.426712783986944e-08,1.8899468105761946e-07,0.0017818116907204055,2.098154939711585e-11,1.3689930455039304e-05,7.18532505772017e-13,0.03405455539693471,-0.0659454446030653,1
122.0,265.41442980594275,343.46106963330925,0.005989537371202545,0.08551093047469809,500003000.0,1.2187629003320608,9.487543032254575e-06,1.6650397227004448e-05,2.4170764846946424e-08,1.8829470307254463e-07,0.001788638174465986,2.1609810936993437e-11,1.3670373635506533e-05,7.331379927505295e-13,0.034005906633312835,-0.06599409336668717,1
122.5,265.3814327592594,342.58240116019374,0.005985061299687363,0.08585922715578719,500003000.0,1.2340335767584691,9.499580556513862e-06,1.6744199492692498e-05,2.4075048518571362e-08,1.8760453137609794e-07,0.0017954549355169412,2.2252463141041006e-11,1.3650812610617511e-05,7.479598391121887e-13,0.03395724740921588,-0.06604275259078413,1
123.0,265.348411382964,341.7051072723258,0.005980632157671194,0.0862079534265399,500003000.0,1.2494437673957863,9.511570542177673e-06,1.6837661442486888e-05,2.3979971327624715e-08,1.8692389958877762e-07,0.0018022619712650047,2.2909730401357443e-11,1.363124739626073e-05,7.629995697045218e-13,0.03390857776417174,-0.06609142223582826,1
123.5,265.3153656718461,340.8291880007569,0.0059762495045673925,0.08655710918294202,500003000.0,1.264993253488884,9.523513305111781e-06,1.6930787717871866e-05,2.3885525868214664e-08,1.8625255076995692e-07,0.0018090592791169533,2.358183778881725e-11,1.3611678009192823e-05,7.78258669330712e-13,0.03385989773986779,-0.06614010226013221,1
124.0,265.28229562071607,339.954643374768,0.005971912906391271,0.08690669432754289,500003000.0,1.2806817706476512,9.535409157538374e-06,1.70235828363713e-05,2.3791704853186483e-08,1.855902369988698e-07,0.001815846856494903,2.426901095832864e-11,1.3592104467009397e-05,7.93738581139561e-13,0.033811207380078236,-0.06618879261992178,1
124.5,265.24920122440614,339.08147342181945,0.005967621935640293,0.08725670876939114,500003000.0,1.2965090080597277,9.547258408094244e-06,1.7116051195860434e-05,2.3698501111740983e-08,1.8493671897826953e-07,0.0018226247008366208,2.4971476051314102e-11,1.3572526788143743e-05,8.09440705007597e-13,0.03376250673066101,-0.066237493269339,1
125.0,265.21608247777147,338.20967816750164,0.005963376171173229,0.08760715242384122,500003000.0,1.312474607721037,9.559061361887793e-06,1.7208197078689836e-05,2.360590758709588e-08,1.8429176565880615e-07,0.0018293928095958207,2.5689459595439465e-11,1.3552944991856896e-05,8.253663959126196e-13,0.03371379583953294,-0.06628620416046707,1
125.5,265.1829393756912,337.33925763548666,0.0059591751980872425,0.08795802521245216,500003000.0,1.3285781636854512,9.570818320554885e-06,1.7300024655631476e-05,2.351391733418503e-08,1.8365515388327758e-07,0.0018361511802424614,2.6423188401623555e-11,1.3533359098216912e-05,8.4151696230225e-13,0.03366507475661826,-0.06633492524338175,1
126.0,265.1497719130695,336.47021184748127,0.0059550186075996775,0.08830932706284884,500003000.0,1.344819221335015,9.582529582313595e-06,1.739153798965612e-05,2.342252351742102e-08,1.83026668049285e-07,0.0018428998102630355,2.717288945836739e-11,1.3513769128082847e-05,8.578936644581705e-13,0.03361634353380872,-0.0663836564661913,1
126.5,265.1165800848364,335.60254082317846,0.005950905996946286,0.08866105790861627,500003000.0,1.3611972766721714,9.594195442017879e-06,1.7482741039550777e-05,2.3331719408565736e-08,1.8240609978931225e-07,0.0018496386971608666,2.7938789823447163e-11,1.3494175103120238e-05,8.74497712858522e-13,0.03356760222500211,-0.0664323977749979,1
127.0,265.0833638859489,334.73624458021294,0.005946836969251318,0.08901321768914167,500003000.0,1.3777117756351662,9.605816191210145e-06,1.7573637663384287e-05,2.324149838453262e-08,1.817932476670161e-07,0.0018563678384563825,2.87211165130148e-11,1.3474577045747194e-05,8.913302665394012e-13,0.033518850885968114,-0.06648114911403188,1
127.5,265.0501233113919,333.87132313411473,0.005942811133432648,0.08936580634951605,500003000.0,1.3943621134383108,9.61739211817283e-06,1.7664231621828775e-05,2.3151853925367637e-08,1.8118791688897932e-07,0.0018630872316874043,2.9520096388165614e-11,1.3454974979154494e-05,9.083924314585943e-13,0.03347008957439839,-0.06652991042560161,1
128.0,265.0168583561791,333.0077764982653,0.005938828104086176,0.08971882384041806,500003000.0,1.411147633938321,9.628923507978925e-06,1.7754526581344206e-05,2.3062779612188776e-08,1.8058991903086257e-07,0.0018697968744094161,3.033595603902861e-11,1.3435368927273286e-05,9.256852588626802e-13,0.033421318349826104,-0.0665786816501739,1
128.5,264.983569015354,332.1456046838543,0.005934887501378933,0.09007227011798238,500003000.0,1.428067629028173,9.640410642541524e-06,1.7844526117232768e-05,2.2974269125198948e-08,1.799990717771209e-07,0.0018764967641958306,3.116892166644465e-11,1.3415758914757551e-05,9.432097436595625e-13,0.03337253727358238,-0.06662746272641762,1
129.0,264.9502552839908,331.2848076998364,0.005930988950954035,0.09042614514370025,500003000.0,1.445121338060025,9.651853800662414e-06,1.793423371656956e-05,2.288631624178231e-08,1.7941519867358437e-07,0.0018831868986382608,3.201921896130626e-11,1.339614496698817e-05,9.609668227990409e-13,0.03332374640880637,-0.06667625359119364,1
129.5,264.91691715719526,330.42538555288877,0.0059271320838303635,0.0907804488843002,500003000.0,1.4623079472984588,9.663253258079724e-06,1.8023652781015596e-05,2.279891483461674e-08,1.7883812889206952e-07,0.0018898672753467835,3.288707298163199e-11,1.3376527110060256e-05,9.789573736629522e-13,0.03327494582041377,-0.06672505417958624,1
130.0,264.88355463010544,329.56733824736926,0.005923316536305578,0.09113518131165609,500003000.0,1.4796265894055196,9.674609287514641e-06,1.8112786629518805e-05,2.271205886983484e-08,1.7826769700642e-07,0.0018965378919502,3.377270802745894e-11,1.3356905370773163e-05,9.971822124675389e-13,0.03322613557507193,-0.06677386442492808,1
130.5,264.85016769789297,328.71066578527734,0.005919541949843141,0.09149034240263708,500003000.0,1.4970763429588092,9.68592215871722e-06,1.8201638500908393e-05,2.262574240515896e-08,1.7770374277917783e-07,0.0019031987460962773,3.4676347513637984e-11,1.3337279776580046e-05,1.0156420926793002e-12,0.03317731574107444,-0.06682268425892557,1
131.0,264.8167563557635,327.85536816621254,0.00591580797100553,0.09184593213906422,500003000.0,1.5146562320044015,9.697192138511343e-06,1.8290211556387686e-05,2.2539959588246706e-08,1.7714611095858636e-07,0.001909849835452012,3.559821384063419e-11,1.3317650355636798e-05,1.0343377034485086e-12,0.033128486388462726,-0.06687151361153729,1
131.5,264.78332059895774,327.0014453873351,0.005912114251349463,0.09220195050757846,500003000.0,1.5323652256454814,9.708419490838805e-06,1.8378508881930185e-05,2.245470465492373e-08,1.7659465108500087e-07,0.0019164911577038775,3.653852826342107e-11,1.3298017136761139e-05,1.0532696680603533e-12,0.03307964758892446,-0.06692035241107555,1
132.0,264.7498604227522,326.14889744332754,0.005908460447333942,0.09255839749952002,500003000.0,1.55020223766832,9.719604476802554e-06,1.8466533490583367e-05,2.236997192749795e-08,1.7604921730636595e-07,0.001923122710558061,3.74975107585795e-11,1.3278380149416292e-05,1.0724385424071946e-12,0.0330307994157528,-0.06696920058424721,1
132.5,264.71637582246007,325.2977243263568,0.005904846220235688,0.0929152731108719,500003000.0,1.5681661262068938,9.730747354709121e-06,1.8554288324684547e-05,2.2285755813133104e-08,1.755096682023607e-07,0.0019297444917407067,3.847537988971191e-11,1.3258739423707177e-05,1.0918448134848517e-12,0.03298194194383696,-0.06701805805616304,1
133.0,264.68286679343197,324.44792602603593,0.005901271236068456,0.09327257734213608,500003000.0,1.5862556934474568,9.741848380110255e-06,1.86417762579928e-05,2.2202050802267023e-08,1.7497586661650786e-07,0.0019363564989981561,3.9472352671288314e-11,1.3239094990381205e-05,1.1114888979138668e-12,0.032933075249664226,-0.06706692475033578,1
133.5,264.6493333310568,323.59950252938825,0.005897735165489084,0.09363031019825796,500003000.0,1.6044696853742189,9.75290780584376e-06,1.8729000097740812e-05,2.211885146700959e-08,1.744476794960233e-07,0.0019429587300971735,4.048864443104297e-11,1.3219446880795447e-05,1.1313711404892925e-12,0.03288419941123824,-0.06711580058876176,1
134.0,264.6157754307624,322.7524538208092,0.005894237683733569,0.09398847168851618,500003000.0,1.6228067915576572,9.7639258820736e-06,1.8815962586610235e-05,2.2036152459682185e-08,1.7392497773884809e-07,0.001949551182825192,4.1524468671056485e-11,1.3199795126947225e-05,1.1514918127606817e-12,0.032835314508155085,-0.06716468549184493,1
134.5,264.5821930880165,321.90677988203237,0.0058907784705121554,0.09434706182644534,500003000.0,1.6412656449862464,9.774902856329216e-06,1.8902666404634034e-05,2.1953948511231628e-08,1.7340763604760065e-07,0.001956133854990525,4.258003692764569e-11,1.3180139761409202e-05,1.171851111645146e-12,0.032786420621441846,-0.06721357937855815,1
135.0,264.5485862983272,321.0624806920941,0.005887357209946552,0.09470608062975179,500003000.0,1.6598448219432373,9.78583897354413e-06,1.8989114171029043e-05,2.1872234429829388e-08,1.7289553279001854e-07,0.0019627067444225954,4.36555586302111e-11,1.316048081735523e-05,1.1924491580757946e-12,0.03273751783362089,-0.06726248216637912,1
135.5,264.51495505724404,320.21955622729706,0.005883973590501261,0.0950655281202122,500003000.0,1.678542841929414,9.796734476093867e-06,1.907530844596181e-05,2.1791005099474455e-08,1.7238854986553323e-07,0.0019692698489721643,4.4751240959180336e-11,1.3140818328569315e-05,1.213285995687684e-12,0.03268860622873214,-0.06731139377126787,1
136.0,264.4812993603584,319.3780064611778,0.005880627304889152,0.09542540432361378,500003000.0,1.6973581676327512,9.807589603833131e-06,1.916125173225069e-05,2.171025547852679e-08,1.718865725777617e-07,0.001975823166511546,4.586728870319237e-11,1.312115232939368e-05,1.2343615895442918e-12,0.03263968589220393,-0.06736031410779608,1
136.5,264.4476192033045,318.5378313644732,0.005877318050002755,0.0957857092696313,500003000.0,1.7162892049462632,9.818404594132313e-06,1.924694647700691e-05,2.1629980598361937e-08,1.7138948951243617e-07,0.001982366694934813,4.700390411568147e-11,1.3101482854731009e-05,1.2556758249058518e-12,0.03259075691085852,-0.06740924308914148,1
137.0,264.4139145817599,317.6990309050859,0.005874045526860843,0.09614644299179836,500003000.0,1.7353343030351036,9.829179681913366e-06,1.933239507321729e-05,2.15501755621057e-08,1.7089719242075796e-07,0.0019889004321580286,4.816128677102256e-11,1.3081809940077315e-05,1.2772285060439247e-12,0.0325418193729939,-0.0674581806270061,1
137.5,264.3801854914464,316.86160504805315,0.005870809440509587,0.09650760552737818,500003000.0,1.7544917544533596,9.83991509968498e-06,1.941759986127108e-05,2.1470835543225937e-08,1.7040957610757824e-07,0.0019954243761194407,4.933963342038624e-11,1.306213362145056e-05,1.299019355101841e-12,0.032492873368206214,-0.06750712663179378,1
138.0,264.3464319281305,316.0255537555139,0.005867609499975734,0.09686919691732553,500003000.0,1.7737597953120603,9.85061107757715e-06,1.950256313043332e-05,2.139195578433882e-08,1.6992653832448152e-07,0.002001938524779698,5.05391378474886e-11,1.304245393543192e-05,1.3210480110062402e-12,0.0324439189874924,-0.0675560810125076,1
138.5,264.31265388762426,315.190876986677,0.005864445418192067,0.09723121720619107,500003000.0,1.7931366054987246,9.861267843375116e-06,1.958728712026696e-05,2.1313531595935907e-08,1.694479796672838e-07,0.0020084428761220556,5.175999072439367e-11,1.3022770919142393e-05,1.3433140284298317e-12,0.03239495632319198,-0.06760504367680803,1
139.0,264.27885136578584,314.35757469779054,0.005861316911926367,0.09759366644203533,500003000.0,1.812620308949352,9.871885622552689e-06,1.967177402200588e-05,2.1235558355146516e-08,1.6897380347783645e-07,0.0020149374281525755,5.3002379467547053e-11,1.3003084610224216e-05,1.3658168768086207e-12,0.032345985468940866,-0.06765401453105914,1
139.5,264.2450243585203,313.5256468421113,0.005858223701719568,0.09795654467637083,500003000.0,1.8322089739735994,9.882464638304966e-06,1.975602597988086e-05,2.1158031504555345e-08,1.6850391574995754e-07,0.002021422178900323,5.426648809422129e-11,1.2983395046839973e-05,1.3885559394161946e-12,0.03229700651966912,-0.06770299348033088,1
140.0,264.21117286178014,312.6950933698736,0.005855165511830781,0.09831985196410814,500003000.0,1.8519006136337124,9.8930051115805e-06,1.9840045092400483e-05,2.1080946551065446e-08,1.6803822503924823e-07,0.0020278971264175725,5.555249707955377e-11,1.2963702267683861e-05,1.4115305124969528e-12,0.03224801957162898,-0.06775198042837102,1
140.5,264.17729687156594,311.8659142282597,0.005852142070164293,0.09868358836344326,500003000.0,1.8716931861776096,9.903507261112858e-06,1.9923833413588737e-05,2.100429906471686e-08,1.67576642376509e-07,0.0020343622687799988,5.6860583214357166e-11,1.2944006311950559e-05,1.4347398044595117e-12,0.032199024722317414,-0.06780097527768258,1
141.0,264.1433963839271,311.038109361371,0.00584915310821081,0.09904775393581641,500003000.0,1.8915845955267274,9.913971303451646e-06,2.000739295418113e-05,2.0928084677576807e-08,1.6711908118478916e-07,0.0020408176040868685,5.819091946389427e-11,1.292430721933279e-05,1.4581829351342532e-12,0.03215002207047006,-0.06784997792952994,1
141.5,264.1094713949623,310.21167871019827,0.005846198360993457,0.09941234874584627,500003000.0,1.9115726918189722,9.924397452992979e-06,2.0090725682781003e-05,2.085229908266626e-08,1.6666545719974568e-07,0.0020472631304612353,5.954367482780594e-11,1.2904605030026949e-05,1.481858935095805e-12,0.03210101171607521,-0.0678989882839248,1
142.0,264.0755219008204,309.3866222125936,0.005843277567002299,0.09977737286123994,500003000.0,1.9316552720069553,9.934785922009411e-06,2.017383352697758e-05,2.0776938032864486e-08,1.6621568839315563e-07,0.002053698846050125,6.091901420137966e-11,1.2884899784710731e-05,1.5057667450523124e-12,0.0320519937603182,-0.06794800623968181,1
142.5,264.0415478977005,308.56293980324125,0.00584039046814785,0.10014282635276359,500003000.0,1.9518300805118782,9.945136920679361e-06,2.0256718374427365e-05,2.070199733989978e-08,1.65769694899567e-07,0.002060124749024729,6.231709823835706e-11,1.286519152456021e-05,1.5299052153047695e-12,0.03200296830562379,-0.06799703169437621,1
143.0,264.0075493818533,307.7406314136311,0.005837536809688466,0.10050870929413071,500003000.0,1.9720948099329516,9.955450657115993e-06,2.0339382073900224e-05,2.0627472873265718e-08,1.6532739894572014e-07,0.0020665408375805786,6.373808321546601e-11,1.2845480291207037e-05,1.5542731052760326e-12,0.03195393545554982,-0.06804606454445018,1
143.5,263.9735263495811,306.9196969720307,0.005834716340188269,0.10087502176198107,500003000.0,1.9924471018126269,9.965727337395626e-06,2.0421826436291664e-05,2.0553360559263378e-08,1.6488872478287872e-07,0.0020729471099377337,6.51821208988816e-11,1.2825766126760473e-05,1.5788690831139501e-12,0.031904895314841954,-0.06809510468515806,1
144.0,263.9394787972385,306.10013640345744,0.005831928811466713,0.10124176383580752,500003000.0,2.012884547457441,9.975967165585641e-06,2.0504053235602523e-05,2.0479656380030707e-08,1.644535986217174e-07,0.0020793435643409646,6.664935841280547e-11,1.2806049073808669e-05,1.603691725368134e-12,0.03185584798943684,-0.06814415201056317,1
144.5,263.90540672123325,305.2819496296537,0.00582917397852553,0.10160893559787798,500003000.0,2.0334046888141346,9.986170343771897e-06,2.0586064209887386e-05,2.0406356372509654e-08,1.6402194856972263e-07,0.0020857301990599222,6.813993811035361e-11,1.2786329175368156e-05,1.628739516742474e-12,0.03180679358633649,-0.06819320641366351,1
145.0,263.87131011802643,304.46513656905813,0.005826451599526977,0.10197653713320687,500003000.0,2.0540050194012633,9.996337072085701e-06,2.0667861062172922e-05,2.0333456627609543e-08,1.6359370457107436e-07,0.0020921070123893284,6.96539974469625e-11,1.2766606474943653e-05,1.6540108499260548e-12,0.0317577322137571,-0.0682422677862429,1
145.5,263.8371889841333,303.64969713678147,0.005823761435715704,0.10234456852946389,500003000.0,2.074682985295321,1.0006467548730296e-05,2.0749445461347287e-05,2.0260953289188943e-08,1.6316879834872898e-07,0.0020984740026491395,7.119166885648667e-11,1.2746881016462148e-05,1.6795040255016977e-12,0.03170866398096495,-0.06829133601903506,1
146.0,263.8030433161238,302.8356312445803,0.005821103251383758,0.10271302987693423,500003000.0,2.0954359861714384,1.0016561970006898e-05,2.0830819043021673e-05,2.0188842553204288e-08,1.6274716334877527e-07,0.0021048311681847215,7.275307963019728e-11,1.2727152844299471e-05,1.7052172519354719e-12,0.031659588998342654,-0.06834041100165736,1
146.5,263.76887311062296,302.02293880083135,0.0058184768138227205,0.10308192126847142,500003000.0,2.116261376397858,1.0026620530340313e-05,2.091198341036511e-05,2.011712066682831e-08,1.6232873468687605e-07,0.0021111785073670286,7.433835179886393e-11,1.2707422003276564e-05,1.7311486456472976e-12,0.03161050737737977,-0.06838949262262023,1
147.0,263.73467836431166,301.21161971050805,0.005815881893258688,0.10345124279940181,500003000.0,2.137156466183432,1.0036643422304075e-05,2.0992940134913432e-05,2.0045783927524645e-08,1.619134490966428e-07,0.002117516018592753,7.594760201810458e-11,1.2687688538616468e-05,1.7572962311628827e-12,0.03156141923056586,-0.06843858076943415,1
147.5,263.70045907392694,300.4016738751539,0.005813318262835394,0.1038209945675269,500003000.0,2.1581185227778277,1.0046630836645227e-05,2.107369075735347e-05,1.9974828682302754e-08,1.615012448800725e-07,0.002123843700284515,7.75809414572045e-11,1.2667952496004281e-05,1.783657941350572e-12,0.03151232467153961,-0.0684876753284604,1
148.0,263.6662152362627,299.5931011928596,0.005810785698540476,0.10419117667303132,500003000.0,2.1791447717229424,1.0056582962308623e-05,2.1154236788283308e-05,1.9904251326791195e-08,1.6109206185967767e-07,0.002130161550891016,7.923847569156428e-11,1.2648213921521346e-05,1.8102316177403313e-12,0.03146322381492515,-0.06853677618507487,1
148.5,263.6319468481702,298.7859015582385,0.0058082839791751975,0.1045617892184359,500003000.0,2.2002323981551504,1.006649998646086e-05,2.123457970894953e-05,1.983404830447444e-08,1.6068584133243904e-07,0.002136469568887203,8.092030459897602e-11,1.2628472861672288e-05,1.8370150109281736e-12,0.03141411677639927,-0.06858588322360074,1
149.0,263.5976539065584,297.98007486240283,0.005805812886308509,0.10493283230856362,500003000.0,2.2213785481570243,1.0076382094513805e-05,2.1314720971962256e-05,1.9764216105889204e-08,1.6028252602545467e-07,0.0021427677527744364,8.262652225989197e-11,1.260872936337612e-05,1.864005781065788e-12,0.03136500367266934,-0.06863499632733067,1
149.5,263.5633364083947,297.17562099294054,0.0058033722042295935,0.10530430605045574,500003000.0,2.2425803301574163,1.0086229470147719e-05,2.139466200198882e-05,1.9694751267828968e-08,1.5988206005312512e-07,0.0021490561010806463,8.435721686185736e-11,1.2588983473952365e-05,1.8912014984347343e-12,0.031315884621438764,-0.06868411537856124,1
150.0,263.52899435070543,296.372539833892,0.005800961719909125,0.10567621055335981,500003000.0,2.26383481637875,1.0096042295334015e-05,2.147440419642681e-05,1.9625650372591166e-08,1.5948438887598144e-07,0.0021553346123604957,8.611247060827678e-11,1.2569235241124343e-05,1.9185996441075338e-12,0.03126675974141517,-0.06873324025858484,1
150.5,263.49462773057616,295.57083126572786,0.005798581222953116,0.10604854592864794,500003000.0,2.285139044330041,1.0105820750357622e-05,2.1553948926057257e-05,1.9556910047211805e-08,1.5908945926088813e-07,0.0021616032851955276,8.789235963166932e-11,1.2549484713004775e-05,1.9461976106932677e-12,0.031217629152274592,-0.06878237084772541,1
151.0,263.46023654515227,294.77049516532526,0.005796230505573336,0.10642131228980467,500003000.0,2.3064900183444266,1.0115565013839005e-05,2.1633297535678635e-05,1.948852696276829e-08,1.586972192427573e-07,0.0021678621181943376,8.969695391157536e-11,1.2529731938115563e-05,1.9739927031701456e-12,0.031168492974710676,-0.06883150702528933,1
151.5,263.42582079163964,293.9715314059474,0.0057939093625268626,0.10679450975232986,500003000.0,2.32788471115927,1.01252752627558e-05,2.1712451344722384e-05,1.9420497833590452e-08,1.5830761808749777e-07,0.00217411110999271,9.152631719724792e-11,1.2509976965339321e-05,2.00198213980187e-12,0.031119351330314116,-0.06888064866968589,1
152.0,263.39138046730477,293.1739398572197,0.005791617591103899,0.10716813843374993,500003000.0,2.3493200655378477,1.0134951672464122e-05,2.179141164785059e-05,1.9352819416645458e-08,1.579206062564145e-07,0.00218035025925379,9.338050693529493e-11,1.2490219843973533e-05,2.030163053141302e-12,0.03107020434170739,-0.06892979565829262,1
152.5,263.35691556947563,292.3777203851099,0.005789354991059395,0.10754219845351533,500003000.0,2.3707929959301306,1.0144594416719495e-05,2.1870179715536437e-05,1.9285488510745876e-08,1.5753613537169323e-07,0.002186579564668215,9.525957420237682e-11,1.2470460623661993e-05,2.058532491116395e-12,0.03102105213237419,-0.06897894786762582,1
153.0,263.3224260955418,291.582872851905,0.005787121364605055,0.1079166899330085,500003000.0,2.392300390171685,1.015420366769748e-05,2.1948756794628054e-05,1.9218501955970812e-08,1.5715415818323398e-07,0.002192799024954283,9.71635636431195e-11,1.2450699354454875e-05,2.087087418202397e-12,0.030971894826808885,-0.06902810517319112,1
153.5,263.2879120429552,290.78939711619165,0.005784916516343733,0.10829161299545283,500003000.0,2.413839111218049,1.0163779596013934e-05,2.20271441088963e-05,1.9151856632906018e-08,1.5677462853649203e-07,0.0021990086388580872,9.90925134133319e-11,1.2430936086743384e-05,2.115824716675113e-12,0.030922732550353937,-0.06907726744964607,1
154.0,263.2533734092304,289.9972930328341,0.005782740253258077,0.10866696776591094,500003000.0,2.435405998913314,1.017332237074497e-05,2.210534285956707e-05,1.908554946207501e-08,1.5639750134154228e-07,0.0022052084051536725,1.010464551286677e-10,1.2411170871309559e-05,2.1447411879482708e-12,0.030873565429323808,-0.0691264345706762,1
154.5,263.21881019194507,289.2065604529542,0.005780592384655663,0.10904275437119598,500003000.0,2.4569978717903216,1.018283215944659e-05,2.218335422583861e-05,1.901957740323646e-08,1.5602273254307983e-07,0.0022113983226431755,1.0302541381881154e-10,1.2391403759281346e-05,2.1738335539901725e-12,0.030824393590893194,-0.0691756064091068,1
155.0,263.1842223887405,288.4171992239108,0.0057784727221468195,0.10941897293988667,500003000.0,2.478611528900782,1.019230912817399e-05,2.2261179365384398e-05,1.8953937454799874e-08,1.556502790915743e-07,0.0022175783901569753,1.0502940788730248e-10,1.2371634802156364e-05,2.2030984588222606e-12,0.030775217163156163,-0.06922478283684384,1
155.5,263.1496099973221,287.6292091892797,0.005776381079602404,0.10979562360222542,500003000.0,2.5002437516728997,1.0201753441500583e-05,2.233881941484202e-05,1.8888626653185246e-08,1.5528009891524036e-07,0.002223748606553831,1.0705844907706875e-10,1.2351864051781451e-05,2.2325324700938805e-12,0.03072603627507527,-0.06927396372492474,1
156.0,263.1149730154596,286.8425901888336,0.005774317273123525,0.11017270649012857,500003000.0,2.521891305794414,1.0211165262536699e-05,2.2416275490288564e-05,1.8823642072231693e-08,1.5491215089309316e-07,0.0022299089707210258,1.0911254244175811e-10,1.2332091560356427e-05,2.2621320807360946e-12,0.03067685105649093,-0.06932314894350908,1
156.5,263.0803114409879,286.05734205852355,0.005772281120998768,0.11055022173709642,500003000.0,2.5435509431186216,1.0220544752947987e-05,2.249354868770295e-05,1.8758980822575218e-08,1.545463948287691e-07,0.002236059481574501,1.1119168632292319e-10,1.231231738041009e-05,2.2918937106887422e-12,0.030627661638061694,-0.06937233836193832,1
157.0,263.0456252718069,285.27346463045734,0.005770272443699751,0.11092816947824227,500003000.0,2.5652194035914144,1.0229892072973567e-05,2.257064008341563e-05,1.869464005115993e-08,1.5418279142536664e-07,0.002242200138059012,1.1329587233313784e-10,1.2292541564856444e-05,2.321813708703427e-12,0.030578468151404137,-0.06942153184859587,1
157.5,263.0109145058826,284.4909577328829,0.005768291063806765,0.11130654985017928,500003000.0,2.586893417196195,1.0239207381443833e-05,2.2647550734546097e-05,1.8630616940531862e-08,1.5382130226093035e-07,0.0022483309391482455,1.1542508534505748e-10,1.227276416690096e-05,2.3518883542147775e-12,0.0305292707288597,-0.06947072927114031,1
158.0,262.97617914124703,283.70982119016674,0.005766336806021873,0.11168536299102533,500003000.0,2.608569705915241,1.0248490835798046e-05,2.2724281679428542e-05,1.8566908708424973e-08,1.5346188976488846e-07,0.0022544518838449783,1.1757930348650727e-10,1.225298524013178e-05,2.382113859283824e-12,0.030480069503721525,-0.06951993049627848,1
158.5,262.9414191759989,282.93005482277766,0.0057644094970966606,0.11206460904035694,500003000.0,2.6302449857040067,1.0257742592101585e-05,2.2800833938026136e-05,1.8503512607080105e-08,1.531045171951901e-07,0.0022605629711811904,1.1975849814157887e-10,1.2233204838428273e-05,2.4124863706070403e-12,0.03043086461000702,-0.06956913538999299,1
159.0,262.9066346083039,282.151658447267,0.005762508965831685,0.11244428813917101,500003000.0,2.651915968476735,1.0266962805062988e-05,2.287720851233423e-05,1.844042592280381e-08,1.5274914861619272e-07,0.0022666642002182142,1.219626339577927e-10,1.2213423016020824e-05,2.4430019715906785e-12,0.030381656182606614,-0.06961834381739339,1
159.5,262.87182543639517,281.3746318762502,0.005760635043037145,0.11282440042985206,500003000.0,2.673579364100303,1.0276151628050693e-05,2.2953406386772865e-05,1.83776459754104e-08,1.5239574887726538e-07,0.0022727555700468634,1.2419166885930838e-10,1.2193639827467113e-05,2.4736566844873346e-12,0.0303324443572247,-0.0696675556427753,1
160.0,262.83699165857377,280.5989749183892,0.005758787561500682,0.11320494605613045,500003000.0,2.6952318823938852,1.028530921310954e-05,2.3029428528568898e-05,1.83151701176954e-08,1.5204428359206518e-07,0.0022788370797875673,1.264455540661863e-10,1.2173855327642545e-05,2.5044464725920513e-12,0.03028322927035589,-0.06971677072964412,1
160.5,262.80213327320894,279.8246873783748,0.00575696635595881,0.11358592516303995,500003000.0,2.7168702351319256,1.0294435710977004e-05,2.3105275888128135e-05,1.825299573492875e-08,1.5169471911847166e-07,0.002284908728590496,1.2872423411968957e-10,1.2154069571737297e-05,2.5353672424954515e-12,0.03023401105927762,-0.06976598894072239,1
161.0,262.7672502787386,279.05176905690837,0.005755171263075119,0.11396733789689942,500003000.0,2.7384911380478103,1.0303531271099194e-05,2.3180949399397726e-05,1.8191120244377114e-08,1.513470225391846e-07,0.0022909705156356963,1.310276469136009e-10,1.2134282615266607e-05,2.5664148463916206e-12,0.030184789862075817,-0.06981521013792419,1
161.5,262.7323426736696,278.28021975068503,0.005753402121405018,0.11434918440527846,500003000.0,2.76009131283556,1.031259604164659e-05,2.3256449980219182e-05,1.8129541094791328e-08,1.510011616429118e-07,0.0022970224401332156,1.333557237315165e-10,1.2114494514051708e-05,2.597585084436919e-12,0.030135565817597413,-0.0698644341824026,1
162.0,262.69741045657844,277.5100392523759,0.0057516587713748145,0.1147314648369532,500003000.0,2.7816674891470776,1.0321630169529563e-05,2.333177853267225e-05,1.8068255765946594e-08,1.5065710490613266e-07,0.0023030645013232334,1.3570838929007612e-10,1.209470532422991e-05,2.6288737071569848e-12,0.030086339065475486,-0.06991366093452452,1
162.5,262.6624536261112,276.7412273506112,0.005749941055251416,0.11511417934187301,500003000.0,2.8032164065822656,1.0330633800413644e-05,2.3406935943409972e-05,1.8007261768160522e-08,1.5031482147544242e-07,0.0023090966984761875,1.3808556178807102e-10,1.2074915102244074e-05,2.660276417899179e-12,0.03003710974610304,-0.06996289025389696,1
163.0,262.6274721809842,275.9737838299636,0.005748248817115326,0.11549732807112027,500003000.0,2.824734816669479,1.0339607078734558e-05,2.348192308398519e-05,1.7946556641828736e-08,1.4997428115043287e-07,0.0023151190308928963,1.4048715296136545e-10,1.2055123904837991e-05,2.6917888753269766e-12,0.029987878000621544,-0.07001212199937847,1
163.5,262.5924661199845,275.20770847093183,0.005746581902834726,0.11588091117691007,500003000.0,2.8462194848337408,1.0348550147713043e-05,2.3556740811168763e-05,1.7886137956971087e-08,1.4963545436714864e-07,0.0023211314979046846,1.429130681435555e-10,1.2035331789053242e-05,2.7234066959541164e-12,0.029938643970913115,-0.07006135602908689,1
164.0,262.55743544197,274.4430010499239,0.005744940160042122,0.11626492881252037,500003000.0,2.8676671923502384,1.035746314936944e-05,2.3631389967259745e-05,1.7826003312792563e-08,1.4929831218196516e-07,0.002327134098873504,1.4536320633228316e-10,1.2015538812230424e-05,2.755125456712847e-12,0.029889407799603588,-0.07011059220039642,1
164.5,262.52238014586976,273.67966133924085,0.005743323438111948,0.11664938113228739,500003000.0,2.889074738280555,1.0366346224538067e-05,2.3705871380387762e-05,1.776615033725393e-08,1.4896282625603526e-07,0.00233312683319206,1.4783746026110787e-10,1.1995745032011527e-05,2.786940697555836e-12,0.029840169630068414,-0.07015983036993159,1
165.0,262.4873002306848,272.917689107061,0.0057417315881279915,0.11703426829155777,500003000.0,2.9104389413890814,1.0375199512881376e-05,2.378018586480784e-05,1.7706576686617452e-08,1.4862896884015484e-07,0.002339109700283929,1.5033571647682793e-10,1.1975950506320168e-05,2.8188479240859e-12,0.02979092960638352,-0.07020907039361649,1
165.5,262.452195695488,272.15708411742327,0.005740164462871429,0.11741959044667309,500003000.0,2.9317566420374055,1.0384023152903908e-05,2.38543342211879e-05,1.7647280045062794e-08,1.4829671276012266e-07,0.0023450826996036828,1.528578554221494e-10,1.1956155293384013e-05,2.8508426102119917e-12,0.029741687873381085,-0.07025831212661893,1
166.0,262.4170665394247,271.39784613021243,0.005738621916782981,0.11780534775492404,500003000.0,2.953024704053968,1.0392817281966023e-05,2.392831723688915e-05,1.758825812422947e-08,1.4796603140250224e-07,0.002351045830637004,1.5540375152356402e-10,1.1936359451702414e-05,2.8829202008262627e-12,0.029692444576569037,-0.07030755542343096,1
166.5,262.38191276171295,270.63997490114286,0.00573710380595203,0.11819154037453407,500003000.0,2.974240016576993,1.0401582036297447e-05,2.4002135686239572e-05,1.7529508662848482e-08,1.4763689870084283e-07,0.0023569990929008067,1.57973273284323e-10,1.1916563040069415e-05,2.915076114500394e-12,0.029643199862188302,-0.0703568001378117,1
167.0,262.34673436164405,269.8834701817445,0.005735609988078697,0.11857816846460681,500003000.0,2.9953994958680683,1.0410317551010595e-05,2.4075790330800705e-05,1.7471029426297204e-08,1.4730928912226653e-07,0.0023629424859433453,1.6056628338234927e-10,1.1896766117539743e-05,2.947305746195825e-12,0.0295939538771282,-0.07040604612287181,1
167.5,262.3115313385826,269.12833171934574,0.005734140322475385,0.11896523218514536,500003000.0,3.016500087094565,1.0419023960113736e-05,2.414928191962797e-05,1.7412818206280564e-08,1.4698317765453337e-07,0.0023688760093443476,1.6318263877296384e-10,1.1876968743475918e-05,2.9796044699872706e-12,0.029544706769043645,-0.07045529323095637,1
168.0,262.27630369196714,268.37455925706064,0.005732694670015093,0.11935273169697176,500003000.0,3.0375387660781894,1.0427701396523913e-05,2.4222611189524656e-05,1.735487282035605e-08,1.466585397933712e-07,0.0023747996627151067,1.6582219079624216e-10,1.1857170977484253e-05,3.01196764179146e-12,0.02949545868619595,-0.07050454131380406,1
168.5,262.24105142131026,267.622152533772,0.005731272893139288,0.1197406671617293,500003000.0,3.058512541008225,1.0436349992079736e-05,2.4295778865289792e-05,1.7297191111645306e-08,1.4633535153027052e-07,0.0023807134456986187,1.6848478528887283e-10,1.1837372879473475e-05,3.0443906021024702e-12,0.02944620977759866,-0.07055379022240135,1
169.0,262.20577452619904,266.8711112841178,0.005729874855816895,0.1201290387418496,500003000.0,3.0794184541168335,1.0444969877553937e-05,2.4368785659960088e-05,1.7239770948402995e-08,1.4601358934059215e-07,0.0023866173579696857,1.7117026270031838e-10,1.1817574509611397e-05,3.0768686787267476e-12,0.029396960192909778,-0.07060303980709023,1
169.5,262.1704730062955,266.12143523847726,0.0057285004235205095,0.12051784660050457,500003000.0,3.1002535833148217,1.045356118266576e-05,2.444163227504609e-05,1.7182610223643906e-08,1.456932301720031e-07,0.00239251139923502,1.7387845821312084e-10,1.1797775928316776e-05,3.1093971895151748e-12,0.029347710082411514,-0.07065228991758848,1
170.0,262.1351468613367,265.3731241229561,0.005727149463221976,0.12090709090161139,500003000.0,3.1210150437860666,1.0462124036093177e-05,2.451431940076274e-05,1.712570685483315e-08,1.4537425143330317e-07,0.0023983955692333647,1.7660920186717526e-10,1.177797719629009e-05,3.141971445090362e-12,0.02929845959708687,-0.07070154040291314,1
170.5,262.09979609113526,264.626177659372,0.005725821843363331,0.1212967718097928,500003000.0,3.141699989538576,1.047065856548493e-05,2.45868477162545e-05,1.7069058783507578e-08,1.4505663098352112e-07,0.0024042698677356027,1.7936231868777123e-10,1.1758178374493017e-05,3.1745867515631507e-12,0.029249208888568554,-0.07075079111143145,1
171.0,262.06442069557954,263.8805955652406,0.005724517433840585,0.1216868894903537,500003000.0,3.1623056149106703,1.04791648974724e-05,2.465921788981517e-05,1.7012663974940858e-08,1.4474034712133937e-07,0.002410134294544871,1.8213762881722072e-10,1.1738379524153593e-05,3.207238413236608e-12,0.02919995810915189,-0.07080004189084811,1
171.5,262.0290206746341,263.13637755376266,0.005723236105971665,0.12207744410923961,500003000.0,3.182829156030545,1.0487643157681284e-05,2.473143057910257e-05,1.6956520417766655e-08,1.4442537857479822e-07,0.0024159888494966596,1.849349476498678e-10,1.171858070673832e-05,3.239921735293146e-12,0.029150707411725367,-0.07084929258827463,1
172.0,261.99359602834,262.3935233338097,0.005721977732493384,0.12246843583302203,500003000.0,3.203267892227964,1.049609347074313e-05,2.4803486431348227e-05,1.690062612369292e-08,1.441117044913195e-07,0.0024218335324589215,1.8775408597029684e-10,1.169878198398309e-05,3.2726320264628785e-12,0.029101456949847646,-0.07089854305015236,1
172.5,261.9581467568149,261.6520326099107,0.0057207421875337455,0.12285986482888306,500003000.0,3.2236191473963673,1.0504515960306704e-05,2.4875386083562234e-05,1.6844979127147692e-08,1.437993044280094e-07,0.0024276683433321856,1.9059485009451625e-10,1.1678983417872942e-05,3.305364601669009e-12,0.029052206877697148,-0.07094779312230286,1
173.0,261.9226728602538,260.9119050822388,0.005719529346594639,0.12325173126458137,500003000.0,3.243880291304299,1.0512910749049185e-05,2.4947130162733338e-05,1.6789577484960556e-08,1.434881583422103e-07,0.002433493282049656,1.9345704201392534e-10,1.165918507064247e-05,3.338114784646839e-12,0.029002957350073112,-0.0709970426499269,1
173.5,261.88717433892884,260.17314044659827,0.00571833908653304,0.12364403530842857,500003000.0,3.2640487408548187,1.0521277958687207e-05,2.50187192860245e-05,1.673441927604437e-08,1.4317824658232793e-07,0.002439308348577317,1.9634045954184735e-10,1.1639387004772636e-05,3.3708779105339866e-12,0.028953708522387652,-0.07104629147761235,1
174.0,261.85165119319004,259.435738394411,0.005717171285548833,0.12403677712926929,500003000.0,3.2841219612919046,1.0529617709987756e-05,2.5090154060963956e-05,1.6679502601100787e-08,1.4286954987891446e-07,0.0024451135429140467,1.9924489646242466e-10,1.1619589283000389e-05,3.4036493284287e-12,0.02890446055068972,-0.07109553944931028,1
174.5,261.8161034234654,258.6996986127046,0.005716025823152427,0.12442995689642819,500003000.0,3.304097467352625,1.0537930122778893e-05,2.5161435085631936e-05,1.6624825582271378e-08,1.425620493359623e-07,0.0024509088650917082,2.0217014268164984e-10,1.1599791968286694e-05,3.4364244039122587e-12,0.028855213591585566,-0.07114478640841444,1
175.0,261.78053103026116,257.9650207840985,0.005714902580168087,0.1248235747797462,500003000.0,3.3239728243644984,1.0546215315960342e-05,2.52325629488432e-05,1.6570386362897187e-08,1.422557264225304e-07,0.002456694315175259,2.0511598438034056e-10,1.1579995123856497e-05,3.469198521536093e-12,0.028805967802338163,-0.07119403219766185,1
175.5,261.7449340141623,257.2317045867929,0.005713801438692732,0.12521763094949717,500003000.0,3.3437456492868263,1.0554473407513919e-05,2.5303538230325436e-05,1.6516183107153095e-08,1.4195056296447213e-07,0.0024624698932628458,2.0808220416881526e-10,1.1560198813147827e-05,3.501967087265132e-12,0.028756723340740593,-0.07124327665925942,1
176.0,261.70931237583267,256.4997496945553,0.005712722282100212,0.12561212557640117,500003000.0,3.363413611695734,1.0562704514513829e-05,2.537436150089368e-05,1.646221399981841e-08,1.416465411364897e-07,0.0024682355994859115,2.110685812430842e-10,1.1540403099852512e-05,3.5347255308807756e-12,0.028707480365217346,-0.07129251963478266,1
176.5,261.6736661160153,255.76915577670877,0.00571166499501314,0.12600705883158725,500003000.0,3.382974434711949,1.0570908753136807e-05,2.5445033322620855e-05,1.6408477245957487e-08,1.4134364345434921e-07,0.002473991434009292,2.140748915423162e-10,1.1520608047890648e-05,3.567469308336793e-12,0.028658239034760835,-0.07134176096523917,1
177.0,261.6379952355327,255.03992249811938,0.005710629463291961,0.126402430886569,500003000.0,3.402425895871067,1.0579086238672135e-05,2.5515554249004513e-05,1.6354971070654218e-08,1.4104185276731832e-07,0.0024797373970313185,2.171009079073838e-10,1.150081372141942e-05,3.6001939040676353e-12,0.02860899950895331,-0.0713910004910467,1
177.5,261.60229973528715,254.31204951918417,0.005709615574018015,0.12679824191324957,500003000.0,3.4217658279358028,1.05872370855315e-05,2.558592482512993e-05,1.6301693718733135e-08,1.4074115225083629e-07,0.002485473488783915,2.201464002402648e-10,1.1481020184829203e-05,3.6328948332472066e-12,0.028559761947957178,-0.07144023805204283,1
178.0,261.56657961626115,253.58553649582078,0.00570862321546433,0.1271944920838467,500003000.0,3.4409921196498616,1.0595361407258725e-05,2.565614558782958e-05,1.6248643454449717e-08,1.4044152539929703e-07,0.002491199709532688,2.2321113566408638e-10,1.1461227502714739e-05,3.6655676439929715e-12,0.028510526512443336,-0.07148947348755667,1
178.5,261.5308348795174,252.86038307945387,0.005707652277106711,0.12759118157092703,500003000.0,3.4601027164335916,1.0603459316539374e-05,2.5726217065839147e-05,1.6195818561299084e-08,1.40142956019135e-07,0.002496916059577033,2.2629487868362232e-10,1.144143573992652e-05,3.6982079195186855e-12,0.02846129336371895,-0.07153870663628106,1
179.0,261.49506552619926,252.13658891700487,0.005706702649583723,0.12798831054734597,500003000.0,3.4790956210208117,1.0611530925210216e-05,2.5796139779950145e-05,1.6143217341682997e-08,1.3984542822199663e-07,0.0025026225392502247,2.2939739134600562e-10,1.1421644961519245e-05,3.730811280227886e-12,0.028412062663599285,-0.07158793733640072,1
179.5,261.45927155753105,251.4141536508802,0.0057057742246942435,0.12838587918625277,500003000.0,3.4979688940372706,1.0619576344268559e-05,2.5865914243159223e-05,1.6090838116687447e-08,1.3954892641815743e-07,0.0025083191489195123,2.3251843340147918e-10,1.1401855232775117e-05,3.763373385751063e-12,0.028362834574465638,-0.07163716542553436,1
180.0,261.4234529748183,250.69307691896057,0.005704866895375249,0.12878388766104631,500003000.0,3.516720654520587,1.0627595683881463e-05,2.5935540960814255e-05,1.6038679225807763e-08,1.392534353100613e-07,0.002514005888986213,2.356577624639679e-10,1.138206661918715e-05,3.795889936921486e-12,0.028313609259223837,-0.07168639074077617,1
180.5,261.3876097794479,249.973358354589,0.0057039805556989434,0.12918233614537397,500003000.0,3.5353490803820504,1.063558905339483e-05,2.600502043075729e-05,1.5986739026731714e-08,1.3895893988607062e-07,0.002519682759885806,2.388151341712862e-10,1.136227918648055e-05,3.828356677690785e-12,0.02826438688135741,-0.0717356131186426,1
181.0,261.3517419728886,249.25499758656034,0.0057031151008468915,0.12958122481310513,500003000.0,3.553852408810391,1.064355656134236e-05,2.6074353143464468e-05,1.5935015895061385e-08,1.3866542541435267e-07,0.002525349762088028,2.419903023447761e-10,1.1342493000587854e-05,3.8607693969808336e-12,0.028215167604865775,-0.07178483239513422,1
181.5,261.31584955669103,248.53799423911116,0.00570227042709304,0.1299805538382962,500003000.0,3.572228936618005,1.0651498315454391e-05,2.6143539582182927e-05,1.5883508224063776e-08,1.3837287743691574e-07,0.0025310068960969546,2.4518301914819224e-10,1.1322708127641419e-05,3.8931239304711965e-12,0.028165951594245536,-0.07183404840575447,1
182.0,261.27993253248815,247.82234793190773,0.005701446431809369,0.13038032339520397,500003000.0,3.590477020530254,1.0659414422666635e-05,2.621258022306485e-05,1.583221442448751e-08,1.3808128176384504e-07,0.0025366541624511053,2.4839303524566027e-10,1.1302924634010357e-05,3.925416162322663e-12,0.028116739014582382,-0.07188326098541763,1
182.5,261.24399090199546,247.10805828003703,0.005700643013425199,0.13078053365822104,500003000.0,3.608595077418004,1.0667304989128761e-05,2.6281475535298653e-05,1.57811329242539e-08,1.3779062446761008e-07,0.0025422915617235174,2.5162009995850235e-10,1.1283142586245106e-05,3.957642026831945e-12,0.028067530031413206,-0.07193246996858679,1
183.0,261.20802466701116,246.39512489399462,0.005699860071441942,0.1311811848019167,500003000.0,3.6265815844745597,1.0675170120212913e-05,2.6350225981237463e-05,1.573026216830518e-08,1.3750089187761855e-07,0.002547919094521854,2.548639614207905e-10,1.1263362051131453e-05,3.989797510022256e-12,0.028018324810860473,-0.07198167518913953,1
183.5,261.1720338294166,245.68354737967607,0.00569909750639198,0.13158227700094344,500003000.0,3.644435079337176,1.0683009920522063e-05,2.6418832016524853e-05,1.5679600618301163e-08,1.3721207057477847e-07,0.002553536761488473,2.581243667334208e-10,1.124358309563363e-05,4.021878651161696e-12,0.02796912351949072,-0.07203087648050929,1
184.0,261.1360183911763,244.97332533836584,0.005698355219846977,0.1319838104300873,500003000.0,3.6621541601544365,1.0690824493898291e-05,2.648729409021802e-05,1.5629146752455658e-08,1.3692414738633596e-07,0.002559144563300529,2.61401062116582e-10,1.1223805786934716e-05,4.0538815442171535e-12,0.02791992632441501,-0.072080073675585,1
184.5,261.09997835433853,244.26445836672792,0.005697633114391225,0.1323857852641998,500003000.0,3.6797374855999725,1.0698613943430931e-05,2.6555612644908385e-05,1.5578899065279437e-08,1.3663710938072843e-07,0.0025647425006700493,2.646937930604314e-10,1.1204030192407613e-05,4.085802339235337e-12,0.027870733393216777,-0.07212926660678323,1
185.0,261.06391372103514,243.5569460567954,0.005696931093620294,0.1327882016782066,500003000.0,3.6971837748337584,1.070637837146463e-05,2.6623788116839706e-05,1.552885606739567e-08,1.363509438626398e-07,0.002570330574344029,2.6800230447384823e-10,1.1184256379635483e-05,4.11763724365638e-12,0.027821544894002643,-0.07217845510599737,1
185.5,261.0278244934821,242.85078799596096,0.005696249062120248,0.133191059847096,500003000.0,3.714491807411744,1.0714117879607283e-05,2.6691820936023786e-05,1.5479016285305096e-08,1.360656383681589e-07,0.002575908785104511,2.7132634083110395e-10,1.1164484416393602e-05,4.14938252355672e-12,0.02777236099535729,-0.07222763900464271,1
186.0,260.9917106739798,242.14598376696807,0.0056955869254512485,0.13359435994584326,500003000.0,3.7316604231450228,1.0721832568737866e-05,2.6759711526353786e-05,1.5429378261166324e-08,1.3578118065999868e-07,0.0025814771337686663,2.7466564631631725e-10,1.1144714370639605e-05,4.181034504819958e-12,0.027723181866319203,-0.07227681813368081,1
186.5,260.955572264913,241.4425329479001,0.005694944590154637,0.13399810214948724,500003000.0,3.748688521909739,1.0729522539014186e-05,2.6827460305715272e-05,1.537994055264233e-08,1.3549755872297375e-07,0.00258703562118889,2.7801996496557144e-10,1.1124946310549145e-05,4.212589574241911e-12,0.027674007676469367,-0.07232599232353064,1
187.0,260.9194092687512,240.7404351121722,0.005694321963717375,0.13440228663302214,500003000.0,3.7655750634086145,1.0737187889880502e-05,2.6895067686094982e-05,1.5330701732634316e-08,1.3521476075941836e-07,0.002592584248252873,2.8138904080654417e-10,1.1105180304467906e-05,4.244044180559945e-12,0.027624838595811912,-0.0723751614041881,1
187.5,260.8832216880491,240.0396898285211,0.0056937189545798895,0.13480691357144345,500003000.0,3.7823190668856954,1.0744828720075071e-05,2.6962534073687412e-05,1.5281660389135683e-08,1.3493277518485844e-07,0.002598123015883693,2.847726179955591e-10,1.1085416420948078e-05,4.2753948354168886e-12,0.02757567479486483,-0.07242432520513517,1
188.0,260.84700952544654,239.34029666099767,0.005693135472101287,0.135211983139682,500003000.0,3.798919610795228,1.0752445127637557e-05,2.7029859868999254e-05,1.5232815124973864e-08,1.346515906236857e-07,0.0026036519250398804,2.881704409519214e-10,1.1065654728701358e-05,4.3066381142517254e-12,0.027526516444543094,-0.07247348355545691,1
188.5,260.8107727836688,238.64225516895655,0.00569257142657569,0.13561749551263375,500003000.0,3.8153758324263687,1.0760037209916402e-05,2.7097045466951765e-05,1.518416455769201e-08,1.3437119590502484e-07,0.0026091709767155132,2.915822544894596e-10,1.1045895296651157e-05,4.337770657123914e-12,0.027477363716288495,-0.07252263628371151,1
189.0,260.774511465527,237.94556490704764,0.0056920267292038165,0.13602345086510692,500003000.0,3.8316869274847267,1.0767605063576059e-05,2.7164091256981077e-05,1.5135707319313028e-08,1.3409158005862425e-07,0.0026146801719402956,2.9500780394514975e-10,1.102613819389732e-05,4.368789169466181e-12,0.027428216781981894,-0.0725717832180181,1
189.5,260.738225573918,237.25022542520762,0.005691501292084345,0.13642984937181651,500003000.0,3.8478521496323292,1.0775148784604138e-05,2.723099762313652e-05,1.5087442056159482e-08,1.3381273231088895e-07,0.0026201795117796307,2.9844683530474487e-10,1.1006383489719143e-05,4.399690422770404e-12,0.02737907581395076,-0.07262092418604925,1
190.0,260.701915111825,236.5562362686516,0.005690995028202281,0.13683669120738493,500003000.0,3.863870809987401,1.0782668468318472e-05,2.7297764944177028e-05,1.50393674286678e-08,1.3353464208101307e-07,0.002625668997334702,3.018990953253246e-10,1.0986631253572188e-05,4.43047125520601e-12,0.027329940984961203,-0.0726700590150388,1
190.5,260.66558008231743,235.8635969778641,0.005690507851425287,0.1372439765462844,500003000.0,3.8797422765854153,1.0790164209374085e-05,2.7364393593665605e-05,1.499148211122598e-08,1.3325729897715376e-07,0.0026311486297425513,3.0536433165468437e-10,1.0966881555100167e-05,4.4611285721697704e-12,0.027280812468247553,-0.07271918753175245,1
191.0,260.62922048855154,235.17230708859177,0.005690039676479316,0.13765170556286938,500003000.0,3.8954659738028092,1.0797636101770065e-05,2.7430883940061992e-05,1.4943784791959075e-08,1.3298069279277412e-07,0.0026366184101761516,3.08842292947492e-10,1.0947134464106635e-05,4.4916593467720645e-12,0.027231690437441967,-0.07276830956255803,1
191.5,260.59283633377026,234.4823661318347,0.005689590418950331,0.138059878431318,500003000.0,3.9110413817450307,1.0805084238856358e-05,2.749723634681349e-05,1.4896274172585836e-08,1.327048135029935e-07,0.0026420783398444837,3.123327289781571e-10,1.0927390050576651e-05,4.5220606202554485e-12,0.027182575066628287,-0.07281742493337172,1
192.0,260.55642762130356,233.79377363383776,0.005689159995276831,0.13846849532566177,500003000.0,3.926468035600304,1.0812508713340484e-05,2.756345117244404e-05,1.4848948968253081e-08,1.3242965126110008e-07,0.00264752841999262,3.1583539075034857e-10,1.0907648384680335e-05,4.552329502351637e-12,0.027133466530350894,-0.07286653346964911,1
192.5,260.5199943545687,233.1065291160838,0.00568874832272189,0.13887755641970154,500003000.0,3.941745524960579,1.0819909617294143e-05,2.7629528770641563e-05,1.4801807907319115e-08,1.3215519639504622e-07,0.002652968651901784,3.1935003060310407e-10,1.0887909536736946e-05,4.5824631715719184e-12,0.027084365003525367,-0.07291563499647463,1
193.0,260.4835365370705,232.42063209528544,0.0056883553193792305,0.13928706188707002,500003000.0,3.956873493111445,1.0827287042159757e-05,2.769546949034364e-05,1.4754849731228211e-08,1.3188143940415295e-07,0.002658399036889436,3.2287640231350714e-10,1.0868173577243933e-05,4.612458875440212e-12,0.02703527066151073,-0.07296472933848927,1
193.5,260.44705417240124,231.73608208337646,0.005687980904166139,0.13969701190117748,500003000.0,3.971851636292349,1.0834641078756934e-05,2.7761273675821535e-05,1.47080731943526e-08,1.3160837095578966e-07,0.0026638195763093457,3.2641426119587896e-10,1.0848440576880366e-05,4.642313930661827e-12,0.026986183680118004,-0.073013816319882,1
194.0,260.4105472642413,231.05287858750626,0.005687624996788663,0.14010740663517698,500003000.0,3.9866797029286305,1.0841971817288816e-05,2.782694166676261e-05,1.4661477063765214e-08,1.3133598188214735e-07,0.0026692302715516504,3.299633641974492e-10,1.0828710606457341e-05,4.672025723233238e-12,0.026937104235486817,-0.07306289576451319,1
194.5,260.374015816359,230.37102111003043,0.005687287517766883,0.14051824626198056,500003000.0,4.001357492837234,1.08492793473484e-05,2.7892473798351176e-05,1.4615060119169679e-08,1.310642631771302e-07,0.0026746311240429463,3.335234699905076e-10,1.0808983736982604e-05,4.70159170849553e-12,0.026888032504246182,-0.07311196749575383,1
195.0,260.33745983261116,229.69050914850538,0.005686968388391278,0.14092953095423882,500003000.0,4.015884856407194,1.0856563757924728e-05,2.795787040134782e-05,1.4568821152654743e-08,1.3079320599328698e-07,0.002680022135246339,3.3709433906098164e-10,1.0789260039593785e-05,4.731009411129725e-12,0.02683896866334839,-0.07316103133665161,1
195.5,260.3008793169428,229.01134219567916,0.005686667530747618,0.1413412608843349,500003000.0,4.030261693756931,1.0863825137409042e-05,2.8023131802167232e-05,1.452275896862677e-08,1.3052280163882444e-07,0.0026854033066615306,3.4067573379346674e-10,1.076953958562146e-05,4.760276425097507e-12,0.02678991289022591,-0.0732100871097741,1
196.0,260.2642742733879,228.33351973948584,0.005686384867677803,0.14175343622432945,500003000.0,4.044487953869408,1.087106357360083e-05,2.8088258322954556e-05,1.4476872383580073e-08,1.302530415746476e-07,0.0026907746398248792,3.442674185526618e-10,1.0749822446530586e-05,4.789390413526318e-12,0.026740865362645666,-0.07325913463735434,1
196.5,260.2276447060692,227.65704126303845,0.005686120322784164,0.14216605714597774,500003000.0,4.0585636337070365,1.0878279153713822e-05,2.815325028166032e-05,1.4431160225980671e-08,1.2998391741152788e-07,0.0026961361363094663,3.4786915976124134e-10,1.0730108693944062e-05,4.818349108544507e-12,0.026691826258767693,-0.07330817374123232,1
197.0,260.1909906191986,226.981906244622,0.005685873820421445,0.14257912382073054,500003000.0,4.072488777307708,1.0885471964381881e-05,2.821810799211398e-05,1.4385621336120146e-08,1.297154209073209e-07,0.0027014877977251666,3.514807259741551e-10,1.0710398399642606e-05,4.8471503110651314e-12,0.02664279575714477,-0.07335720424285523,1
197.5,260.1543120170772,226.30811415768645,0.005685645285689204,0.14299263641968768,500003000.0,4.086263474863418,1.0892642091664867e-05,2.8282831764096083e-05,1.4340254565972519e-08,1.2944754396420796e-07,0.0027068296257187177,3.55101887949363e-10,1.0690691635565252e-05,4.875791890519084e-12,0.026593774036723732,-0.07340622596327627,1
198.0,260.11760890409556,225.6356644708404,0.005685434644417662,0.14340659511359702,500003000.0,4.099887861782995,1.0899789621054384e-05,2.8347421903409102e-05,1.4295058779036405e-08,1.291802786260365e-07,0.002712161621973784,3.5873241871502247e-10,1.0670988473797216e-05,4.904271784541952e-12,0.0265447612768152,-0.07345523872318481,1
198.5,260.08088128473395,224.96455664784457,0.005685241823162911,0.14382100007283616,500003000.0,4.113362117740399,1.0906914637479485e-05,2.8411878711946955e-05,1.4250032850202745e-08,1.2891361707570569e-07,0.002717483788211022,3.6237209363314885e-10,1.065128898657523e-05,4.932587998614366e-12,0.02649575765710693,-0.07350424234289307,1
199.0,260.0441291635625,224.2947901476063,0.005685066749189316,0.14423585146740617,500003000.0,4.126686465709964,1.0914017225312281e-05,2.8476202487763264e-05,1.4205175665592228e-08,1.2864755163262004e-07,0.00272279612618814,3.6602069045976696e-10,1.0631593246268644e-05,4.960738605658307e-12,0.026446763357616733,-0.07355323664238328,1
199.5,260.0073525452413,223.6263644241722,0.00568490935047934,0.14465114946691016,500003000.0,4.13986117099015,1.0921097468373512e-05,2.8540393525138357e-05,1.4160486122462996e-08,1.2838207475018698e-07,0.0027280986376999688,3.6967798940159635e-10,1.0611901325411575e-05,4.9887217455903486e-12,0.0263977785587725,-0.07360222144122751,1
200.0,259.9705514345207,222.95927892672302,0.005684769555707392,0.14506689424054933,500003000.0,4.152886540216956,1.0928155449938027e-05,2.8604452114645048e-05,1.4115963129030207e-08,1.281171790133832e-07,0.0027333913245785185,3.73343773169282e-10,1.0592213296667619e-05,5.016535624834257e-12,0.026348803441324384,-0.07365119655867562,1
200.5,259.93372583624136,222.29353309956673,0.005684647294246628,0.1454830859570993,500003000.0,4.165762920368567,1.0935191252740212e-05,2.8668378543213228e-05,1.40716056043694e-08,1.2785285713635895e-07,0.00273867418869305,3.7701782702722683e-10,1.057252923285579e-05,5.04417851579371e-12,0.026299838186409342,-0.07370016181359067,1
201.0,259.8968757553346,221.62912638213365,0.005684542496146625,0.1458997247849054,500003000.0,4.178490697762393,1.0942204958979337e-05,2.8732173094193284e-05,1.4027412478249285e-08,1.2758910196010964e-07,0.002743947231950123,3.806999388400515e-10,1.0552849206922106e-05,5.071648756287847e-12,0.02625088297548044,-0.07374911702451957,1
201.5,259.86000119682234,220.96605820897028,0.005684455092135444,0.1463168108918505,500003000.0,4.191070297045921,1.094919665032485e-05,2.8795836047418373e-05,1.3983382691026642e-08,1.2732590645017648e-07,0.0027492104562936675,3.843898991157363e-10,1.0533173291956291e-05,5.098944748950001e-12,0.026201937990348406,-0.0737980620096516,1
202.0,259.8231021658175,220.30432800973327,0.005684385013614554,0.14673434444537936,500003000.0,4.203502180182593,1.0956166407921613e-05,2.8859367679265593e-05,1.393951519352484e-08,1.2706326369444108e-07,0.002754463863705044,3.880875010454895e-10,1.0513501561194882e-05,5.126064960593889e-12,0.026153003413189355,-0.07384699658681065,1
202.5,259.7861786675241,219.6439352091854,0.005684332192630767,0.14715232561243302,500003000.0,4.215786845433838,1.0963114312395043e-05,2.8922768262716043e-05,1.3895808946857968e-08,1.2680116690089756e-07,0.0027597074562030906,3.917925405403814e-10,1.0493834087981836e-05,5.153007921544193e-12,0.026104079426446807,-0.0738959205735532,1
203.0,259.7492307072373,218.9848792271884,0.005684296561901473,0.14757075455949378,500003000.0,4.227924826338742,1.0970040443856236e-05,2.898603806741382e-05,1.3852262922386818e-08,1.2653960939555889e-07,0.0027649412358441952,3.955048162648269e-10,1.0474170945827247e-05,5.179772224939889e-12,0.026055166212977713,-0.0739448337870223,1
203.5,259.7122582903438,218.32715947869943,0.005684278054773418,0.1479896314525161,500003000.0,4.239916690692099,1.0976944881906993e-05,2.904917735972398e-05,1.3808876101514032e-08,1.262785846203186e-07,0.002770165204722343,3.9922412966693235e-10,1.0454512208343309e-05,5.206356526004335e-12,0.0260062639558932,-0.0739937360441068,1
204.0,259.67526142232174,217.6707753737641,0.005684276605247982,0.14840895645696786,500003000.0,4.251763039522412,1.0983827705644814e-05,2.9112186402789453e-05,1.3765647475642855e-08,1.260180861309446e-07,0.0027753793649691848,4.0295028500580884e-10,1.0434857949302607e-05,5.232759541291462e-12,0.025957372838703544,-0.07404262716129646,1
204.5,259.6382401087411,217.01572631751375,0.005684292147936976,0.1488287297377794,500003000.0,4.263464506070501,1.0990688993667798e-05,2.9175065456586973e-05,1.3722576045968652e-08,1.257581075950435e-07,0.002780583718754077,4.066830893758709e-10,1.0415208242568469e-05,5.2589800479027085e-12,0.025908493045144906,-0.0740915069548551,1
205.0,259.6011943552637,216.36201171015847,0.005684324618095199,0.1492489514593316,500003000.0,4.275021754770179,1.0997528824079528e-05,2.9237814777982023e-05,1.367966082345779e-08,1.254986427900993e-07,0.0027857782682841536,4.1042235272822627e-10,1.0395563162166052e-05,5.2850168826810144e-12,0.025859624759356194,-0.07414037524064382,1
205.5,259.5641241676434,215.70963094698317,0.005684373951585653,0.1496696217854734,500003000.0,4.286435480231663,1.100434727449386e-05,2.930043462078281e-05,1.3636900828664966e-08,1.25239685601574e-07,0.0027909630158043713,4.1416788788918597e-10,1.0375922782229662e-05,5.310868941382665e-12,0.025810768165747996,-0.07418923183425201,1
206.0,259.5270295517263,215.0585834183434,0.005684440084877266,0.1500907408794833,500003000.0,4.297706406228873,1.1011144422039676e-05,2.9362925235793317e-05,1.3594295091630925e-08,1.2498123002100717e-07,0.002796137963597564,4.179195105759817e-10,1.0356287177009736e-05,5.3365351778261605e-12,0.025761923449019935,-0.07423807655098007,1
206.5,259.4899105134508,214.4088685096603,0.005684522955046969,0.1505123089040626,500003000.0,4.308835284691566,1.101792034336557e-05,2.9425286870865404e-05,1.3551842651791539e-08,1.2472327014417866e-07,0.0028013031139844957,4.216770394097604e-10,1.0336656420887312e-05,5.362014603022381e-12,0.02571309079419668,-0.07428690920580333,1
207.0,259.4527670588479,213.76048560141584,0.005684622499769834,0.15093432602133752,500003000.0,4.31982289470311,1.1024675114644501e-05,2.9487519770950063e-05,1.3509542557859632e-08,1.2446580016931594e-07,0.0028064584693239226,4.254402959259159e-10,1.0317030588366604e-05,5.3873062842867505e-12,0.02566427038660947,-0.07433572961339054,1
207.5,259.4155991940412,213.11343406915,0.0056847386572982175,0.15135679239280792,500003000.0,4.330670041504764,1.1031408811578343e-05,2.9549624178147713e-05,1.3467393867682349e-08,1.2420881439529925e-07,0.0028116040320126236,4.292091045818318e-10,1.0297409754047588e-05,5.412409344332897e-12,0.025615462411827914,-0.0743845375881721,1
208.0,259.37840692524713,212.46771328345508,0.0056848713664800704,0.15177970817938416,500003000.0,4.341377555507424,1.1038121509402439e-05,2.96116003317577e-05,1.342539564819269e-08,1.2395230721996937e-07,0.0028167398044854682,4.329832927621217e-10,1.0277793992669376e-05,5.437322960354038e-12,0.02556666705576787,-0.07443333294423213,1
208.5,259.34119025877504,211.82332260997194,0.005685020566737834,0.15220307354136575,500003000.0,4.351946291311412,1.1044813282890073e-05,2.9673448468326913e-05,1.3383546975268668e-08,1.2369627313842626e-07,0.002821865789215466,4.3676269078142045e-10,1.025818337908194e-05,5.462046363088458e-12,0.025517884504621138,-0.07448211549537886,1
209.0,259.30394920102736,211.18026140938625,0.005685186198061504,0.15262688863839827,500003000.0,4.3623771267351765,1.1051484206356888e-05,2.9735168821697587e-05,1.3341846933627649e-08,1.2344070674134747e-07,0.0028269819887138123,4.4054713188481186e-10,1.0238577988243464e-05,5.486578835871914e-12,0.02546911494484884,-0.07453088505515117,1
209.5,259.26668375849977,210.53852903742478,0.0056853682010043725,0.15305115362947463,500003000.0,4.372670961853577,1.1058134353665253e-05,2.9796761623054274e-05,1.330029461672816e-08,1.2318560271337344e-07,0.0028320884055299343,4.4433645224596663e-10,1.0218977895222351e-05,5.510919713680367e-12,0.025420358563186415,-0.07457964143681359,1
210.0,259.22939393778137,209.89812484485225,0.005685566516671541,0.1534758686729499,500003000.0,4.382828718046397,1.106476379822858e-05,2.9858227100970043e-05,1.3258889126656136e-08,1.22930955831535e-07,0.002837185042251536,4.4813049096306327e-10,1.0199383175186113e-05,5.535068382163389e-12,0.025371615546616,-0.074628384453384,1
210.5,259.1920797455547,209.25904817746652,0.005685781086731026,0.15390103392649446,500003000.0,4.392851337057808,1.1071372613015613e-05,2.9919565481451875e-05,1.3217629574064851e-08,1.226767609636686e-07,0.002842271901504655,4.5192909005257585e-10,1.017979390343056e-05,5.559024276667179e-12,0.025322886082439003,-0.074677113917561,1
211.0,259.1547411885959,208.62129837609578,0.005686011853389489,0.15432664954711356,500003000.0,4.402739780067199,1.107796087055463e-05,2.9980776987985332e-05,1.3176515078033625e-08,1.224230130669106e-07,0.0028473489859537045,4.557320944409883e-10,1.0160210155345408e-05,5.5827868812524205e-12,0.025274170358190587,-0.07472582964180942,1
211.5,259.117378273775,207.9848747765953,0.005686258759392214,0.15475271569111465,500003000.0,4.412495026772087,1.1084528642937623e-05,3.0041861841578426e-05,1.3135544765984396e-08,1.2216970718618513e-07,0.0028524162983015132,4.5953935195452563e-10,1.0140632006423302e-05,5.606355727704518e-12,0.025225468561662075,-0.07477453143833793,1
212.0,259.0799910080558,207.34977670984384,0.005686521748021256,0.15517923251409851,500003000.0,4.422118074483565,1.109107600182442e-05,3.0102820260804796e-05,1.309471777359495e-08,1.2191683845273902e-07,0.002857473841289379,4.633507133069726e-10,1.0121059532265307e-05,5.629730394539849e-12,0.025176780880914636,-0.07482321911908538,1
212.5,259.04257939849623,206.7160035017409,0.005686800763082283,0.155606200170957,500003000.0,4.431609937234749,1.1097603018446763e-05,3.016365246184615e-05,1.3054033244687246e-08,1.2166440208271033e-07,0.0028625216176971077,4.671660320856524e-10,1.010149280856614e-05,5.652910506008509e-12,0.02512810750424251,-0.0748718924957575,1
213.0,259.0051434522484,206.08355447320403,0.005687095748899725,0.1560336188158483,500003000.0,4.440971644902692,1.1104109763612332e-05,3.0224358658534005e-05,1.30134903311362e-08,1.2141239337571033e-07,0.0028675596303430503,4.709851647356429e-10,1.0081931911114148e-05,5.675895731093857e-12,0.025079448620173007,-0.074920551379827,1
213.5,258.96768317655847,205.4524289401645,0.005687406650328944,0.15646148860222378,500003000.0,4.450204242344259,1.111059630770874e-05,3.0284939062390738e-05,1.2973088192818112e-08,1.2116080771346858e-07,0.00287258788208416,4.748079705423126e-10,1.0062376915821067e-05,5.698685782512322e-12,0.02503080441754047,-0.07496919558245954,1
214.0,258.93019857876726,204.82262621356617,0.0056877334127184,0.15688980968274724,500003000.0,4.459308788546118,1.1117062720707463e-05,3.0345393882669954e-05,1.293282599744622e-08,1.2090964055843017e-07,0.0028776063758160215,4.786343116122276e-10,1.0042827898663361e-05,5.7212804157090975e-12,0.0249821750853404,-0.07501782491465961,1
214.5,258.89268966630993,204.19414559936163,0.005688075981933985,0.1573185822093612,500003000.0,4.468286355789497,1.1123509072167738e-05,3.0405723326396197e-05,1.28927029205491e-08,1.2065888745248326e-07,0.0028826151144729,4.824640528525323e-10,1.0023284935733267e-05,5.743679427859444e-12,0.024933560812856383,-0.07506643918714362,1
215.0,258.85515644671636,203.56698639851058,0.005688434304332609,0.15774780633323024,500003000.0,4.4771380288297555,1.1129935431240405e-05,3.046592759840401e-05,1.2852718145334536e-08,1.2040854401562534e-07,0.0028876141010277722,4.86297061948852e-10,1.000374810320008e-05,5.765882656867311e-12,0.02488496178956383,-0.07511503821043618,1
215.5,258.81759892761113,202.94114790697682,0.005688808326770336,0.15817748220472921,500003000.0,4.485864904091233,1.1136341866671722e-05,3.0526006901376354e-05,1.2812870862632982e-08,1.2015860594468752e-07,0.0028926033384923736,4.90133209341804e-10,9.984217477332324e-06,5.7878899803679986e-12,0.02483637820518509,-0.07516362179481492,1
216.0,258.78001711671374,202.31662941572665,0.0056891979965853195,0.15860760997345194,500003000.0,4.494468088877533,1.1142728446807114e-05,3.0585961435882404e-05,1.2773160270784966e-08,1.1990906901209688e-07,0.002897582829917228,4.939723682021793e-10,9.964693134475368e-06,5.809701314734743e-12,0.02478781024963378,-0.07521218975036623,1
216.5,258.74241102183856,201.6934302107256,0.00568960326161017,0.15903818978820833,500003000.0,4.50294870059754,1.1149095239594912e-05,3.0645791400414733e-05,1.2733585575595745e-08,1.1965992906465522e-07,0.0029025525783916957,4.978144144048726e-10,9.945175151080592e-06,5.831316614089183e-12,0.024739258113087328,-0.07526074188691267,1
217.0,258.7047806508951,201.07154957293682,0.005690024070150917,0.15946922179697745,500003000.0,4.511307866007279,1.115544231259002e-05,3.070549699142589e-05,1.2694145990215826e-08,1.1941118202231107e-07,0.002907512587044009,5.016592265016187e-10,9.925663603675846e-06,5.852735869315245e-12,0.0246907219859135,-0.0753092780140865,1
217.5,258.66712601188806,200.45098677831993,0.005690460370978644,0.1599007061469294,500003000.0,4.5195467204678454,1.1161769732957546e-05,3.076507840336439e-05,1.2654840735051344e-08,1.1916282387700214e-07,0.0029124628590412953,5.055066856926086e-10,9.906158568858215e-06,5.8739591070810974e-12,0.024642202058652387,-0.07535779794134762,1
218.0,258.6294471129174,199.83174109782772,0.005690912113348012,0.16033264298441,500003000.0,4.527666407219606,1.1168077567476412e-05,3.082453582871014e-05,1.2615669037734883e-08,1.1891485069149527e-07,0.002917403397589629,5.093566757970616e-10,9.886660123333291e-06,5.8949863888664305e-12,0.024593698522114085,-0.07540630147788592,1
218.5,258.59174396217844,199.21381179740578,0.0056913792469627765,0.16076503245490945,500003000.0,4.535668076672613,1.1174365882542901e-05,3.088386945800926e-05,1.2576630132979501e-08,1.1866725859823647e-07,0.0029223342059340554,5.132090832227921e-10,9.867168343862178e-06,5.915817809996195e-12,0.024545211567246886,-0.07545478843275312,1
219.0,258.55401656796204,198.59719813798966,0.005691861721997825,0.1611978747030938,500003000.0,4.5435528857135505,1.1180634744174181e-05,3.094307947990839e-05,1.2537723262559017e-08,1.1842004379826603e-07,0.0029272552873586327,5.170637969348651e-10,9.84768330730654e-06,5.936453498684455e-12,0.02449674138524932,-0.07550325861475068,1
219.5,258.5162649386547,197.98189937550475,0.005692359489066646,0.16163116987274792,500003000.0,4.551321997029053,1.1186884218011765e-05,3.100216608118844e-05,1.2498947675168711e-08,1.181732025600945e-07,0.0029321666451864515,5.209207084233795e-10,9.828205090579017e-06,5.9568936150835695e-12,0.024448288167446812,-0.07555171183255319,1
220.0,258.4784890827384,197.36791476086364,0.005692872499245273,0.1620649181068012,500003000.0,4.558976578445678,1.119311436932497e-05,3.106112944679777e-05,1.2460302626411246e-08,1.1792673121865532e-07,0.0029370682827796835,5.247797116704564e-10,9.808733770691184e-06,5.9771383503453455e-12,0.02439985210541099,-0.07560014789458902,1
220.5,258.44068900879114,196.75524353996556,0.0056934007040460284,0.1624991195472902,500003000.0,4.566517802286341,1.1199325263014308e-05,3.111996975988489e-05,1.2421787378673095e-08,1.1768062617423457e-07,0.002941960203539602,5.286407031164776e-10,9.789269424714647e-06,5.997187925689505e-12,0.024351433390862886,-0.07564856660913712,1
221.0,258.40286472548655,196.1438849536944,0.005693944055429096,0.16293377433538161,500003000.0,4.5739468447433715,1.120551696361485e-05,3.1178687201830616e-05,1.2383401201084766e-08,1.1743488389146103e-07,0.00294684241090662,5.32503581625647e-10,9.769812129807288e-06,6.017042591484419e-12,0.024303032215738235,-0.07569696778426177,1
221.5,258.36501624159445,195.5338382379194,0.0056945025057713655,0.16336888261132704,500003000.0,4.581264885268062,1.1211689535299545e-05,3.1237281952279753e-05,1.2345143369388932e-08,1.171895008982704e-07,0.0029517149083603048,5.363682484509154e-10,9.750361963166096e-06,6.036702626336048e-12,0.024254648772070134,-0.07574535122792987,1
222.0,258.32714356598046,194.92510262349208,0.0056950760079026415,0.16380444451448928,500003000.0,4.588473105976825,1.1217843041882522e-05,3.129575418917222e-05,1.2307013165955529e-08,1.1694447378493511e-07,0.00295657769941943,5.402346071983442e-10,9.730919002095223e-06,6.056168336190451e-12,0.024206283252158328,-0.07579371674784167,1
222.5,258.28924670760654,194.31767733624721,0.005695664515059433,0.16424046018329397,500003000.0,4.595572691073687,1.1223977546822331e-05,3.135410408877375e-05,1.2269009879619094e-08,1.1669979920306369e-07,0.0029614307876419848,5.44102563790938e-10,9.711483323932957e-06,6.0754400534451316e-12,0.024157935848387567,-0.07584206415161243,1
223.0,258.2513256755307,193.71156159700115,0.0056962679809098955,0.16467692975524656,500003000.0,4.602564826289282,1.1230093113225166e-05,3.141233182570608e-05,1.223113280567092e-08,1.1645547386466097e-07,0.0029662741766252085,5.479720264320193e-10,9.692055006100193e-06,6.094518136074568e-12,0.024109606753348136,-0.07589039324665187,1
223.5,258.2133804789074,193.10675462155186,0.005696886359532845,0.1651138533669241,500003000.0,4.609450698336084,1.1236189803848042e-05,3.1470437572976674e-05,1.2193381245752833e-08,1.1621149454118888e-07,0.0029711078700056155,5.518429055681823e-10,9.672634126070447e-06,6.113402966767019e-12,0.024061296159761318,-0.07593870384023868,1
224.0,258.1754111269873,192.50325562067712,0.005697519605432446,0.16555123115396153,500003000.0,4.616231494379885,1.1242267681101956e-05,3.152842150200799e-05,1.2155754507828261e-08,1.1596785806264109e-07,0.002975931871459029,5.557151138518838e-10,9.65322076140036e-06,6.132094952073827e-12,0.024013004260555217,-0.07598699573944478,1
224.5,258.1374176291176,191.90106380013637,0.005698167673499892,0.16598906325102236,500003000.0,4.622908401527287,1.1248326807054977e-05,3.15862837826663e-05,1.2118251906041046e-08,1.1572456131662454e-07,0.0029807461847005915,5.595885661037054e-10,9.633814989670394e-06,6.150594521570889e-12,0.023964731248717272,-0.07603526875128273,1
225.0,258.09939999474193,191.30017836066844,0.005698830519050754,0.16642734979182625,500003000.0,4.629482606329253,1.1254367243435346e-05,3.164402458329005e-05,1.2080872760736241e-08,1.1548160124749414e-07,0.0029855508134848017,5.634631792743547e-10,9.61441688855344e-06,6.168902127035416e-12,0.023916477317464904,-0.0760835226825351,1
225.5,258.06135823340065,190.7005984979926,0.0056995080977878376,0.1668660909091044,500003000.0,4.635955294300375,1.1260389051634508e-05,3.170164407071778e-05,1.2043616398323054e-08,1.1523897485545665e-07,0.002990345761605532,5.67338872406425e-10,9.595026535757353e-06,6.187018241633439e-12,0.023868242660102564,-0.07613175733989744,1
226.0,258.0232923547307,190.1023234028083,0.005700200365813096,0.1673052867346148,500003000.0,4.642327649453848,1.126639229271013e-05,3.175914241031564e-05,1.2006482151242979e-08,1.1499667919572902e-07,0.0029951310328960503,5.712155665959763e-10,9.575644009050382e-06,6.2049433591230815e-12,0.02382002747008501,-0.076179972529915,1
226.5,257.98520236846576,189.5053522607954,0.005700907279619501,0.1677449373991199,500003000.0,4.6486008538519155,1.1272377027389077e-05,3.181651976600448e-05,1.1969469357895956e-08,1.1475471137768803e-07,0.002999906631229044,5.750931849539685e-10,9.556269386252554e-06,6.222677993070355e-12,0.023771831940995837,-0.07622816805900418,1
227.0,257.94708828443623,188.9096842526134,0.0057016287960959125,0.16818504303240456,500003000.0,4.654776087171653,1.1278343316070374e-05,3.187377630028651e-05,1.1932577362594603e-08,1.1451306856405976e-07,0.003004672560516647,5.789716525675916e-10,9.536902745248829e-06,6.240222676080302e-12,0.023723656266580233,-0.07627634373341977,1
227.5,257.9089501125695,188.31531855390375,0.005702364872496568,0.16862560376320518,500003000.0,4.660854526285798,1.1284291218828097e-05,3.193091217427154e-05,1.1895805515445236e-08,1.1427174797006949e-07,0.0030094288247104455,5.828508964615198e-10,9.517544163943053e-06,6.2575779590392485e-12,0.02367550064063042,-0.07632449935936958,1
228.0,257.87078786288987,187.72225433528865,0.0057031154664715375,0.16906661971927,500003000.0,4.66683734485862,1.1290220795414275e-05,3.198792754770289e-05,1.1859153172357055e-08,1.1403074686268679e-07,0.0030141754278015078,5.867308455591515e-10,9.498193720313682e-06,6.27474441037588e-12,0.023627365257124243,-0.07637263474287576,1
228.5,257.83260154551846,187.130490762372,0.005703880536043468,0.16950809102732248,500003000.0,4.67272571295642,1.1296132105261746e-05,3.20448225789828e-05,1.1822619694939556e-08,1.13790062559824e-07,0.003018912373820405,5.906114306438393e-10,9.478851492379615e-06,6.291722615333287e-12,0.02357925031014023,-0.07642074968985978,1
229.0,257.7943911706735,186.5400269957401,0.0057046600396059,0.16995001781304422,500003000.0,4.678520796672576,1.130202520748697e-05,3.210159742519758e-05,1.1786204450445983e-08,1.1354969242956171e-07,0.0030236396668372233,5.944925843201679e-10,9.459517558202098e-06,6.30851317525625e-12,0.023531155993862275,-0.07646884400613774,1
229.5,257.75615674867043,185.950862190963,0.005705453935916584,0.17039240020107263,500003000.0,4.684223757766862,1.1307900160892823e-05,3.215825224214228e-05,1.1749906811707045e-08,1.1330963388939643e-07,0.00302835731096158,5.983742409752992e-10,9.44019199587826e-06,6.325116706893516e-12,0.023483082502563576,-0.07651691749743643,1
230.0,257.7178982899217,185.36299549859515,0.005706262184098517,0.17083523831499373,500003000.0,4.689835753318838,1.1313757023971363e-05,3.221478718434503e-05,1.17137261570812e-08,1.130698844054982e-07,0.0030330653103426406,6.022563367404222e-10,9.420874883547293e-06,6.341533841714513e-12,0.02343503003062203,-0.07656496996937798,1
230.5,257.67961580493704,184.77642606417615,0.005707084743640807,0.1712785322773409,500003000.0,4.695357935395083,1.1319595854906566e-05,3.227120240509102e-05,1.1677661870405061e-08,1.1283044149198498e-07,0.0030377636691691374,6.06138809452335e-10,9.401566299396213e-06,6.357765225240936e-12,0.023386998772534508,-0.0766130012274655,1
231.0,257.64130930432333,184.19115302823195,0.00570792157438678,0.171722282209576,500003000.0,4.700791450729984,1.1325416711577026e-05,3.232749805644612e-05,1.1641713340918337e-08,1.1259130271019855e-07,0.0030424523916693837,6.10021598615187e-10,9.382266321644518e-06,6.37381151639228e-12,0.023338988922878737,-0.07666101107712127,1
231.5,257.60297879878476,183.60717552627608,0.005708772636535988,0.17216648823207764,500003000.0,4.706137440419905,1.1331219651558635e-05,3.238367428928012e-05,1.1605879963217888e-08,1.1235246566799776e-07,0.003047131482111286,6.139046453624082e-10,9.362975028551666e-06,6.38967338684633e-12,0.023291000676331882,-0.07670899932366812,1
232.0,257.56462429912295,183.0244926888118,0.005709637890628239,0.17261115046414693,500003000.0,4.711397039630426,1.1337004732127223e-05,3.243973125328966e-05,1.1570161137175932e-08,1.1211392801907367e-07,0.003051800944802352,6.177878924188492e-10,9.343692498395102e-06,6.405351520414795e-12,0.023243034227615887,-0.07675696577238411,1
232.5,257.5262458162368,182.44310364133233,0.005710517297563364,0.17305626902398816,500003000.0,4.716571377316482,1.1342772010261188e-05,3.249566909702079e-05,1.1534556267931251e-08,1.1187568746226256e-07,0.0030564607840897137,6.216712840631648e-10,9.324418809506583e-06,6.420846612432771e-12,0.02319508977158782,-0.07680491022841218,1
233.0,257.4878433611226,181.86300750432343,0.005711410818575072,0.17350184402872346,500003000.0,4.721661575955048,1.1348521542644082e-05,3.255148796789123e-05,1.1499064765787957e-08,1.1163774174088881e-07,0.0030611110043601304,6.255547660904511e-10,9.305154040233377e-06,6.436159369163734e-12,0.023147167503143377,-0.07685283249685662,1
233.5,257.44941694487414,181.28420339326436,0.005712318415243715,0.17394787559433283,500003000.0,4.726668751290212,1.135425338566718e-05,3.260718801221227e-05,1.1463686046193605e-08,1.1140008864207777e-07,0.0030657516100400044,6.294382857751705e-10,9.285898268962947e-06,6.451290507216677e-12,0.023099267617278277,-0.07690073238272173,1
234.0,257.4109665786828,180.7066904186312,0.005713240049470457,0.17439436383569604,500003000.0,4.731594012090277,1.1359967595432e-05,3.2662769375210344e-05,1.142841952964035e-08,1.1116272599613725e-07,0.003070382605595379,6.333217918343713e-10,9.266651574084844e-06,6.466240752980871e-12,0.023051390308993436,-0.07694860969100657,1
234.5,257.3724922738373,180.1304676858967,0.005714175683511927,0.17484130886656754,500003000.0,4.736438459916771,1.1365664227752843e-05,3.27182322010483e-05,1.1393264641687661e-08,1.1092565167591236e-07,0.003075003995531966,6.372052343912409e-10,9.247414034050547e-06,6.481010842072899e-12,0.023003535773443873,-0.07699646422655614,1
235.0,257.333994041724,179.55553429553402,0.005715125279935029,0.1752887107995721,500003000.0,4.741203188904931,1.1371343338159256e-05,3.2773576632846384e-05,1.1358220812826057e-08,1.1068886359616123e-07,0.0030796157843951373,6.410885649389895e-10,9.228185727303896e-06,6.495601518798368e-12,0.022955704205765617,-0.07704429579423439,1
235.5,257.29547189382686,178.9818893430181,0.005716088801643881,0.17573656974618174,500003000.0,4.745889285555565,1.13770049818985e-05,3.282880281270285e-05,1.1323287478485425e-08,1.1045235971293259e-07,0.0030842179767699425,6.449717363050959e-10,9.208966732328265e-06,6.510013535627311e-12,0.022907895801193057,-0.07709210419880695,1
236.0,257.2569258417275,178.40953191882872,0.005717066211856088,0.1761848858167233,500003000.0,4.75049782853789,1.138264921393797e-05,3.288391088171433e-05,1.1288464078943023e-08,1.102161380229698e-07,0.0030888105772811027,6.488547026159252e-10,9.18975712761177e-06,6.5242476526844556e-12,0.022860110754972414,-0.0771398892450276,1
236.5,257.21835589710497,177.8384611084515,0.00571805747412423,0.17663365912038445,500003000.0,4.75502988850322,1.1388276088967631e-05,3.2938900979995894e-05,1.1253750059321475e-08,1.0998019656312358e-07,0.003093393590593038,6.527374192617402e-10,9.170556991685175e-06,6.538304637253365e-12,0.022812349262455997,-0.07718765073754401,1
237.0,257.1797620717362,177.26867599238176,0.005719062552303474,0.17708288976515826,500003000.0,4.7594865279090905,1.1393885661402372e-05,3.299377324670077e-05,1.1219144869481101e-08,1.0974453340974118e-07,0.0030979670214098492,6.566198428621043e-10,9.151366403073266e-06,6.552185263292213e-12,0.022764611518981293,-0.07723538848101871,1
237.5,257.1411443774957,176.70017564612675,0.005720081410567103,0.17753257785788684,500003000.0,4.7638688008536985,1.1399477985384375e-05,3.3048527820039824e-05,1.1184647964007199e-08,1.0950914667811981e-07,0.0031025308744753338,6.605019312317106e-10,9.132185440323026e-06,6.5658903109664445e-12,0.022716897719941002,-0.077283102280059,1
238.0,257.1025028263557,176.13295914020813,0.0057211140134016914,0.17798272350422728,500003000.0,4.768177752920314,1.1405053114785453e-05,3.310316483730079e-05,1.115025880215769e-08,1.0927403452192661e-07,0.0031070851545729875,6.64383643346636e-10,9.113014181999099e-06,6.579420566192313e-12,0.02266920806077177,-0.07733079193922823,1
238.5,257.0638374303861,175.5670255401654,0.005722160325595626,0.17843332680864035,500003000.0,4.772414421031418,1.1410611103209352e-05,3.315768443486711e-05,1.1115976847798406e-08,1.0903919513264002e-07,0.003111629866526006,6.682649393110277e-10,9.093852706668622e-06,6.592776820194354e-12,0.02262154273691648,-0.07737845726308352,1
239.0,257.0251482017546,175.00237390655803,0.005723220312249442,0.17888438787441488,500003000.0,4.7765798333123355,1.1416152003994043e-05,3.321208674823662e-05,1.1081801569381302e-08,1.0880462673902021e-07,0.003116165015197286,6.721457803242481e-10,9.074701092920665e-06,6.6059598690772044e-12,0.022573901943872567,-0.07742609805612743,1
239.5,256.98643515272653,174.43900329496975,0.005724293938754499,0.17933590680359535,500003000.0,4.780675008964066,1.1421675870213973e-05,3.3266371912039885e-05,1.104773243986184e-08,1.0857032760653539e-07,0.003120690605489422,6.760261286484682e-10,9.055559419335464e-06,6.618970513407098e-12,0.022526285877115523,-0.07747371412288448,1
240.0,256.9476982956651,173.87691275601048,0.005725381170812359,0.17978788369706938,500003000.0,4.784700958145111,1.1427182754682321e-05,3.3320540060058326e-05,1.101376893669554e-08,1.0833629603688352e-07,0.003125206642344715,6.79905947576736e-10,9.03642776451798e-06,6.6318095578114235e-12,0.022478694732182322,-0.07752130526781768,1
240.5,256.90893764303115,173.31610133532075,0.005726481974409923,0.18024031865445767,500003000.0,4.7886586818619765,1.1432672709953196e-05,3.337459132524204e-05,1.0979910541749626e-08,1.0810253036741578e-07,0.0031297131307451626,6.837852014015119e-10,9.01730620706146e-06,6.64447781058428e-12,0.022431128704580864,-0.07756887129541915,1
241.0,256.87015320738345,172.75656807357478,0.005727596315829982,0.18069321177418804,500003000.0,4.792549171868165,1.1438145788323838e-05,3.342852583972737e-05,1.0946156741283515e-08,1.0786902897066759e-07,0.00313421007571246,6.876638553836879e-10,8.998194825566952e-06,6.656976083310496e-12,0.02238358798983841,-0.07761641201016159,1
241.5,256.8313450013784,172.1983120064837,0.005728724161649,0.18114656315344554,500003000.0,4.796373410571389,1.144360204183679e-05,3.348234373485429e-05,1.0912507025904942e-08,1.0763579025383132e-07,0.003138697482307998,6.915418757220967e-10,8.979093698642446e-06,6.669305190497765e-12,0.022336072783499528,-0.07766392721650048,1
242.0,256.79251303777016,171.64133216479925,0.005729865478729481,0.18160037288817293,500003000.0,4.800132370948736,1.1449041522282049e-05,3.353604514118342e-05,1.0878960890516358e-08,1.0740281265826375e-07,0.0031431753556328637,6.954192295235074e-10,8.960002904893574e-06,6.681465949222396e-12,0.02228858328110292,-0.07771141671889709,1
242.5,256.7536573294107,171.08562757431787,0.005731020234216326,0.18205464107308117,500003000.0,4.803827016469569,1.1454464281199184e-05,3.3589630188512925e-05,1.084551783426943e-08,1.0717009465900625e-07,0.0031476437008278275,6.992958847731225e-10,8.940922522920497e-06,6.6934591787871325e-12,0.022241119678173688,-0.07775888032182632,1
243.0,256.7147778892498,170.53119725588448,0.00573218839553593,0.18250936780160096,500003000.0,4.807458301025928,1.1459870369879447e-05,3.3643099005895065e-05,1.0812177360525263e-08,1.0693763476428293e-07,0.003152102523073347,7.031718103055716e-10,8.92185263131909e-06,6.705285700388734e-12,0.02219368217022627,-0.07780631782977374,1
243.5,256.6758747303349,169.9780402253972,0.005733369930386648,0.18296455316591675,500003000.0,4.8110271688701784,1.1465259839367846e-05,3.369645172165259e-05,1.0778938976798818e-08,1.0670543151504837e-07,0.0031565518275895443,7.070469757764148e-10,8.90279330866865e-06,6.71694633679954e-12,0.022146270952733874,-0.07785372904726613,1
244.0,256.63694786581124,169.42615549380974,0.00573456480676115,0.18342019725695427,500003000.0,4.8145345545597,1.1470632740465227e-05,3.3749688463394846e-05,1.0745802194763502e-08,1.0647348348451899e-07,0.0031609916196362244,7.109213516341497e-10,8.883744633568921e-06,6.728441912058753e-12,0.022098886221220575,-0.07790111377877942,1
244.5,256.59799730892183,168.87554206713747,0.005735772992906136,0.1838763001643541,500003000.0,4.817981382908338,1.1475989123730297e-05,3.38028093580337e-05,1.0712766530138739e-08,1.0624178927770344e-07,0.0031654219045128447,7.147949090927251e-10,8.86470668458003e-06,6.7397732511741125e-12,0.022051528171111914,-0.07794847182888809,1
245.0,256.5590230730074,168.32619894646083,0.005736994457349378,0.18433286197646834,500003000.0,4.821368568944472,1.148132903948165e-05,3.3855814531799174e-05,1.0679831502704304e-08,1.0601034753095418e-07,0.003169842687558518,7.18667620104572e-10,8.845679540266723e-06,6.750941179835266e-12,0.022004196997844883,-0.07799580300215513,1
245.5,256.5200251715063,167.77812512792977,0.0057382291688873825,0.1847898827803753,500003000.0,4.824697017875391,1.148665253779977e-05,3.390870411025494e-05,1.0646996636241085e-08,1.0577915691153279e-07,0.0031742539741520005,7.225394573341394e-10,8.826663279181458e-06,6.761946524138081e-12,0.021956892896825966,-0.07804310710317404,1
246.0,256.4810036179547,167.23131960276865,0.005739477096578412,0.1852473626618437,500003000.0,4.827967625057831,1.1491959668529011e-05,3.3961478218313516e-05,1.0614261458482575e-08,1.0554821611715804e-07,0.0031786557697116823,7.264103941319467e-10,8.807657979855919e-06,6.772790110317765e-12,0.021909616063409923,-0.07809038393659008,1
246.5,256.4419584259864,166.68578135728103,0.005740738209742875,0.18570530170535163,500003000.0,4.831181275974409,1.149725048127955e-05,3.401413698025131e-05,1.0581625501080448e-08,1.0531752387558777e-07,0.0031830480796955717,7.302804045091447e-10,8.788663720803784e-06,6.783472764493835e-12,0.02186236669290674,-0.07813763330709327,1
247.0,256.4028896093329,166.14150937285405,0.005742012477966819,0.18616369999405563,500003000.0,4.834338846215786,1.1502525025429339e-05,3.40666805197234e-05,1.0549088299576115e-08,1.0508707894418225e-07,0.0031874309096012908,7.341494631125931e-10,8.769680580528146e-06,6.7939953124234e-12,0.02181514498060008,-0.07818485501939992,1
247.5,256.3637971818232,165.59850262596353,0.00574329987109266,0.1866225576098073,500003000.0,4.837441201468321,1.1507783350126014e-05,3.411910895977815e-05,1.051664939334919e-08,1.0485688010949781e-07,0.0031918042649660577,7.380175452004432e-10,8.750708637509345e-06,6.804358579265658e-12,0.02176795112171699,-0.07823204887828301,1
248.0,256.3246811573841,165.056760088179,0.005744600359218541,0.1870818746331297,500003000.0,4.840489197507025,1.1513025504288805e-05,3.417142242287158e-05,1.0484308325582267e-08,1.0462692618686666e-07,0.0031961681513666745,7.418846266182326e-10,8.731747970205986e-06,6.814563389354582e-12,0.02172078531143046,-0.07827921468856955,1
248.5,256.2855415500398,164.51628072616896,0.005745913912694339,0.187541651143217,500003000.0,4.843483680193619,1.1518251536610416e-05,3.4223621030881574e-05,1.0452064643220002e-08,1.0439721601999476e-07,0.003200522574419512,7.4575068377549e-10,8.712798657050835e-06,6.8246105659816394e-12,0.021673647744849187,-0.07832635225515082,1
249.0,256.2463783739122,163.97706350170597,0.0057472405021224485,0.1880018872179304,500003000.0,4.8464254854795055,1.1523461495558885e-05,3.4275704905121856e-05,1.0419917896937217e-08,1.0416774848056349e-07,0.0032048675397804947,7.496156936228391e-10,8.693860776453866e-06,6.834500931187438e-12,0.021626538617025178,-0.07837346138297482,1
249.5,256.2071916432207,163.43910737167275,0.005748580098346995,0.18846258293377438,500003000.0,4.84931543941345,1.1528655429379428e-05,3.432767416635577e-05,1.0387867641086492e-08,1.0393852246782812e-07,0.00320920305314508,7.534796336296117e-10,8.67493440678786e-06,6.844235305561597e-12,0.021579458122917915,-0.07842054187708208,1
250.0,256.16798137228216,162.9024112880664,0.0057499326724712585,0.18892373836591922,500003000.0,4.852154358153818,1.1533833386096276e-05,3.437952893480989e-05,1.0355913433696998e-08,1.037095369082445e-07,0.00321352912024825,7.573424817619598e-10,8.656019626416396e-06,6.85381450805278e-12,0.021532406457463987,-0.07846759354253602,1
250.5,256.1287475755109,162.36697419800498,0.005751298195831728,0.1893853535881833,500003000.0,4.854943047985129,1.1538995413514474e-05,3.443126933018743e-05,1.0324054836395473e-08,1.0348079075508124e-07,0.0032178457468644887,7.612042164614614e-10,8.637116513656527e-06,6.863239355785779e-12,0.021485383815484232,-0.07851461618451577,1
251.0,256.0894902674186,161.83279504373283,0.00575267664001153,0.18984742867300297,500003000.0,4.857682305338814,1.1544141559221673e-05,3.4482895471681445e-05,1.0292291414398581e-08,1.0325228298803281e-07,0.0032221529388077614,7.650648166242243e-10,8.618225146800666e-06,6.8725106638865374e-12,0.021438390391738196,-0.0785616096082618,1
251.5,256.0502094626145,161.29987276262628,0.0057540679768337336,0.1903099636914731,500003000.0,4.860372916817964,1.1549271870589908e-05,3.453440747798788e-05,1.0260622736469315e-08,1.0302401261287103e-07,0.0032264507019315034,7.689242615804763e-10,8.599345604108154e-06,6.88162924531738e-12,0.02139142638090315,-0.07860857361909686,1
252.0,256.0109051758049,160.7682062872001,0.005755472178353037,0.19077295871328206,500003000.0,4.863015659225899,1.1554386394777343e-05,3.458580546731841e-05,1.0229048374871076e-08,1.0279597866105219e-07,0.0032307390421285843,7.727825310746439e-10,8.580477963794486e-06,6.890595910716743e-12,0.02134449197754729,-0.07865550802245272,1
252.5,255.97157742179368,160.23779454511322,0.005756889216861913,0.19123641380675493,500003000.0,4.8656112995984255,1.1559485178730017e-05,3.46370895574131e-05,1.0197567905347828e-08,1.0256818018938084e-07,0.003235017965331303,7.766396052459112e-10,8.561622304042047e-06,6.899411468249954e-12,0.02129758737615644,-0.07870241262384356,1
253.0,255.93222621548176,159.70863645917473,0.0057583190648891535,0.1917003290388344,500003000.0,4.8681605952395826,1.1564568269183562e-05,3.468825986555293e-05,1.016618090709091e-08,1.0234061627964895e-07,0.0032392874775113547,7.80495464609257e-10,8.542778702999388e-06,6.90807672346545e-12,0.021250712771132243,-0.07874928722886776,1
253.5,255.89285157186734,159.18073094735038,0.0057597616951899,0.19216470447505474,500003000.0,4.870664293760739,1.1569635712664908e-05,3.4739316508572065e-05,1.0134886962691262e-08,1.0211328603827708e-07,0.0032435475846798153,7.843500900369641e-10,8.523947238767903e-06,6.9165924791579925e-12,0.02120386835675905,-0.07879613164324095,1
254.0,255.85345350604572,158.6540769227689,0.005761217080749686,0.192629540179563,500003000.0,4.873123133122887,1.1574687555493967e-05,3.4790259602870055e-05,1.0103685658116748e-08,1.01886188595983e-07,0.003247798292887112,7.88203462740596e-10,8.505127989409253e-06,6.924959535240453e-12,0.021157054327222344,-0.07884294567277766,1
254.5,255.81403203320934,158.12867329372855,0.005762685194778225,0.19309483621509346,500003000.0,4.87553784168198,1.1579723843785303e-05,3.484108926442377e-05,1.0072576582671747e-08,1.0165932310743318e-07,0.003252039608223,7.920555642534369e-10,8.486321032937579e-06,6.933178688620902e-12,0.021110270876589402,-0.0788897291234106,1
255.0,255.77458716864763,157.60451896370364,0.005764166010712301,0.1935605926429711,500003000.0,4.877909138237172,1.158474462344979e-05,3.489180560879922e-05,1.0041559328972984e-08,1.0143268875091226e-07,0.003256271536816543,7.959063764133885e-10,8.467526447325075e-06,6.9412507330872945e-12,0.02106351819882315,-0.07893648180117685,1
255.5,255.73511892774704,157.08161283135158,0.005765659502205391,0.19402680952309273,500003000.0,4.88023773208181,1.158974994019624e-05,3.494240875116322e-05,1.0010633492902617e-08,1.0120628472798806e-07,0.003260494084836071,7.997558813463179e-10,8.448744310488078e-06,6.9491764591979395e-12,0.02101679648774754,-0.07898320351225246,1
256.0,255.6956273259909,156.55995379051916,0.005767165643138438,0.19449348691394916,500003000.0,4.882524323057064,1.1594739839533039e-05,3.499289880629482e-05,9.979798673598335e-09,1.009801102631987e-07,0.003264707258489174,8.036040614498549e-10,8.429974700304086e-06,6.956956654179481e-12,0.02097010593708992,-0.07902989406291008,1
256.5,255.65611237895945,156.0395407302502,0.00576868440760183,0.19496062487257626,500003000.0,4.884769601608016,1.1599714366769735e-05,3.504327588859667e-05,9.949054473393892e-09,1.0075416460371285e-07,0.0032689110640226554,8.074508993776254e-10,8.411217694586617e-06,6.964592101828791e-12,0.020923446740418468,-0.07907655325958154,1
257.0,255.61657410232965,155.52037253479173,0.005770215769912331,0.1954282234546075,500003000.0,4.886974248842138,1.1604673567018646e-05,3.5093540112106194e-05,9.918400497820374e-09,1.0052844701903994e-07,0.0032731055077225195,8.112963780239259e-10,8.39247337111111e-06,6.972083582423944e-12,0.020876819091206613,-0.07912318090879339,1
257.5,255.57701251187527,155.0024480836021,0.005771759704590061,0.195896282714194,500003000.0,4.88913893658998,1.1609617485196416e-05,3.5143691590506535e-05,9.88783635553889e-09,1.0030295680068538e-07,0.0032772905959139254,8.151404805088207e-10,8.37374180758252e-06,6.9794318726367795e-12,0.02083022318275246,-0.07916977681724754,1
258.0,255.53742762346664,154.4857662513574,0.0057733161863766725,0.19636480270406728,500003000.0,4.891264327467978,1.161454616602559e-05,3.519373043713747e-05,9.857361658344398e-09,1.0007769326187394e-07,0.003281466334961169,8.189831901636668e-10,8.35502308166284e-06,6.986637745455515e-12,0.02078365920824723,-0.07921634079175277,1
258.5,255.49781945307078,153.97032590795953,0.005774885190216133,0.19683378347549693,500003000.0,4.89335107494324,1.1619459654036142e-05,3.524365676500609e-05,9.826976021105771e-09,9.985265573723051e-08,0.0032856327312676434,8.228244905170532e-10,8.33631727094432e-06,6.993701970109447e-12,0.02073712736070864,-0.07926287263929137,1
259.0,255.45818801675114,153.45612591854334,0.005776466691265489,0.19730322507829412,500003000.0,4.895399823400226,1.162435799356702e-05,3.5293470686797334e-05,9.796679061757344e-09,9.962784358248535e-08,0.0032897897912758144,8.266643652811518e-10,8.317624452966056e-06,7.000625312000337e-12,0.020690627833022165,-0.07930937216697784,1
259.5,255.41853333066766,152.9431651434843,0.0057780606648863645,0.19777312756079918,500003000.0,4.897411208209174,1.1629241228767649e-05,3.5343172314884424e-05,9.76647040125795e-09,9.940325617417664e-08,0.0032939375214671796,8.305027983384736e-10,8.29894470520273e-06,7.007408532638377e-12,0.02064416081791304,-0.07935583918208697,1
260.0,255.37885541107661,152.4314424384062,0.005779667086645827,0.1982434909698831,500003000.0,4.899385855796184,1.1634109403599431e-05,3.53927617613391e-05,9.736349663566143e-09,9.917889290936287e-08,0.0032980759283622414,8.343397737290207e-10,8.28027810506678e-06,7.014052389583436e-12,0.020597726507951664,-0.07940227349204834,1
260.5,255.33915427433058,151.9209566541892,0.0057812859323114136,0.19871431535094505,500003000.0,4.901324383714859,1.1638962561837234e-05,3.544223913794177e-05,9.706316475605856e-09,9.895475320533748e-08,0.003302205018520465,8.381752756378354e-10,8.26162472990222e-06,7.020557636391002e-12,0.0205513250955382,-0.07944867490446181,1
261.0,255.29942993687834,151.41170663697764,0.005782917177852254,0.1991856007479031,500003000.0,4.903227400719383,1.1643800747070856e-05,3.549160455619145e-05,9.676370467242646e-09,9.873083649934476e-08,0.003306324798540247,8.420092883829273e-10,8.242984656987145e-06,7.026925022562454e-12,0.020504956772908832,-0.07949504322709117,1
261.5,255.2596824152648,150.90369122818797,0.005784560799437168,0.19965734720316825,500003000.0,4.905095506838962,1.1648624002706483e-05,3.554085812731559e-05,9.646511271255039e-09,9.8507142248292e-08,0.0033104352750588785,8.458417964035856e-10,8.224357963531846e-06,7.033155293499279e-12,0.020458621732131057,-0.07954137826786895,1
262.0,255.21991172613085,150.39690926451712,0.005786216773431549,0.20012955475767716,500003000.0,4.906929293453509,1.1653432371968136e-05,3.558999996227984e-05,9.61673852330417e-09,9.828366992849074e-08,0.003314536454752507,8.496727842490632e-10,8.205744726675182e-06,7.039249190463376e-12,0.02041232016509469,-0.07958767983490532,1
262.5,255.1801178862134,149.89135957795068,0.005787885076395498,0.2006022234508638,500003000.0,4.9087293433704895,1.1658225897899088e-05,3.5639030171797524e-05,9.587051861905817e-09,9.806041903537562e-08,0.0033186283443360958,8.535022365676236e-10,8.187145023482762e-06,7.045207450539627e-12,0.020366052263507285,-0.07963394773649272,1
263.0,255.14030091234514,149.38704099577114,0.005789565685085719,0.20107535332065485,500003000.0,4.910496230902853,1.1663004623363292e-05,3.5687948866339145e-05,9.557450928408839e-09,9.783738908323684e-08,0.0033227109505633927,8.573301380959528e-10,8.168558930950307e-06,7.051030806603191e-12,0.020319818218902563,-0.07968018178109744,1
263.5,255.1004608214546,148.8839523405667,0.00579125857644571,0.20154894440347162,500003000.0,4.912230521947938,1.166776859104677e-05,3.5736756156141626e-05,9.527935366954648e-09,9.761457960495882e-08,0.003326784280226881,8.611564736489186e-10,8.14998652599059e-06,7.05671998729085e-12,0.02027361822260788,-0.07972638177739212,1
264.0,255.0605976305659,148.3820924302396,0.005792963727613456,0.20202299673419938,500003000.0,4.9139327740672964,1.1672517843459002e-05,3.57854521512175e-05,9.498504824465732e-09,9.739199015174925e-08,0.003330848340157743,8.649812281096812e-10,8.131427885444926e-06,7.062275716975112e-12,0.020227452465772833,-0.07977254753422718,1
264.5,255.02071135679878,147.881460078015,0.005794681115912243,0.2024975103462381,500003000.0,4.9156035365673265,1.1677252422934306e-05,3.583403696136395e-05,9.469158950606694e-09,9.716962029290496e-08,0.0033349031372258177,8.688043864201442e-10,8.112883086070938e-06,7.067698715744335e-12,0.020181321139338813,-0.07981867886066119,1
265.0,254.98080201736846,147.38205409244972,0.005796410718854833,0.20297248527143014,500003000.0,4.917243350580666,1.168197237163319e-05,3.588251069617172e-05,9.439897397767447e-09,9.694746961553013e-08,0.0033389486783395586,8.726259335717369e-10,8.094352204549031e-06,7.072989699382603e-12,0.020135224434055108,-0.0798647755659449,1
265.5,254.94086962958548,146.883873277441,0.0057981525141381695,0.20344792154010216,500003000.0,4.918852749148251,1.1686677731543705e-05,3.593087346503387e-05,9.410719821031149e-09,9.67255377243052e-08,0.0033429849704459907,8.764458545965239e-10,8.07583531747557e-06,7.078149379356347e-12,0.020089162540461957,-0.07991083745953804,1
266.0,254.90091421085572,146.3869164322362,0.005799906479638122,0.20392381918102503,500003000.0,4.920432257301981,1.1691368544482776e-05,3.597912537715449e-05,9.381625878142602e-09,9.650382424122533e-08,0.0033470120205306634,8.802641345586404e-10,8.057332501356192e-06,7.083178462801738e-12,0.020043135648873875,-0.07995686435112613,1
266.5,254.86093577868016,145.891182351441,0.005801672593420395,0.20440017822146048,500003000.0,4.921982392147913,1.1696044852097527e-05,3.6027266541557176e-05,9.352615229502938e-09,9.628232880537765e-08,0.0033510298356176104,8.840807585460372e-10,8.038843832621442e-06,7.088077652517746e-12,0.019997143949418577,-0.08000285605058143,1
267.0,254.82093435065488,145.3966698250293,0.005803450833724674,0.20487699868710185,500003000.0,4.923503662949922,1.1700706695866587e-05,3.6075297067093515e-05,9.323687538121321e-09,9.606105107267773e-08,0.003355038422769299,8.878957116625368e-10,8.020369387605321e-06,7.092847646958954e-12,0.019951187631983617,-0.08004881236801639,1
267.5,254.78090994447086,144.90337763835234,0.005805241178973094,0.2053542806020813,500003000.0,4.924996571213763,1.1705354117101389e-05,3.612321706245133e-05,9.29484246960615e-09,9.583999071563727e-08,0.0033590377890865887,8.917089790201914e-10,8.001909242557486e-06,7.0974891402332465e-12,0.019905266886246706,-0.0800947331137533,1
268.0,254.740862577914,144.41130457214842,0.005807043607759239,0.2058320239889905,500003000.0,4.926461610771474,1.1709987156947452e-05,3.61710266361629e-05,9.266079692125208e-09,9.56191474231394e-08,0.0033630279417086765,8.955205457319355e-10,7.983463473628535e-06,7.102002822102582e-12,0.01985938190163914,-0.08014061809836087,1
268.5,254.7007922688648,143.92044940255215,0.005808858098858174,0.2063102288688537,500003000.0,4.92789926786606,1.1714605856385651e-05,3.6218725896613005e-05,9.237398876399708e-09,9.539852090019845e-08,0.0033670088878130534,8.993303969045296e-10,7.96503215688426e-06,7.106389377985018e-12,0.01981353286738124,-0.08018646713261876,1
269.0,254.6606990352985,143.43081090110448,0.0058106846312135155,0.20678889526112165,500003000.0,4.929310021236401,1.1719210256233482e-05,3.626631495204687e-05,9.208799695661887e-09,9.517811086773019e-08,0.003370980634615454,9.03138517631787e-10,7.94661536828829e-06,7.110649488959799e-12,0.01976771997243918,-0.08023228002756083,1
269.5,254.6205828952847,142.94238783476183,0.005812523183949229,0.2072680231836813,500003000.0,4.930694342202328,1.1723800397146308e-05,3.631379391057804e-05,9.180281825652134e-09,9.49579170623322e-08,0.0033749431893698076,9.069448929880782e-10,7.928213183718563e-06,7.114783831775356e-12,0.019721943405565958,-0.08027805659443404,1
270.0,254.5804438669875,142.455178965907,0.005814373736347901,0.20774761265283254,500003000.0,4.93205269474982,1.172837631961859e-05,3.6361162880196065e-05,9.151844944563348e-09,9.473793923605302e-08,0.0033788965593681847,9.107495080221048e-10,7.9098256789381e-06,7.118793078858604e-12,0.01967620335522869,-0.08032379664477132,1
270.5,254.5402819686651,141.96918305235823,0.005816236267873886,0.20822766368330056,500003000.0,4.933385535616264,1.1732938063985118e-05,3.640842196877415e-05,9.123488733056293e-09,9.451817715617934e-08,0.003382840751940748,9.145523477509433e-10,7.891452929626812e-06,7.12267789832753e-12,0.019630500009687756,-0.08036949999031225,1
271.0,254.50009721866996,141.48439884738,0.005818110758148774,0.2087081762882204,500003000.0,4.934693314375738,1.1737485670422217e-05,3.645557128407666e-05,9.095212874200096e-09,9.429863060501346e-08,0.003386775774455696,9.183533971543428e-10,7.873095011348473e-06,7.126438954004995e-12,0.019584833556914608,-0.0804151664430854,1
271.5,254.45988963544843,141.00082509969275,0.00581999718696793,0.2091891504791244,500003000.0,4.935976473524266,1.1742019178948955e-05,3.650261093376649e-05,9.0670170534775e-09,9.407929937965637e-08,0.0033907016343192133,9.221526411692799e-10,7.854751999573443e-06,7.130076905434698e-12,0.019539204184648315,-0.08046079581535169,1
272.0,254.41965923754077,140.51846055348344,0.005821895534289051,0.20967058626597157,500003000.0,4.937235448564997,1.1746538629428329e-05,3.6549541025412396e-05,9.038900958746412e-09,9.386018329180817e-08,0.0033946183389754157,9.259500646847596e-10,7.836423969663392e-06,7.133592407900219e-12,0.019493612080357575,-0.08050638791964243,1
272.5,254.37940604358096,140.03730394841594,0.005823805780233121,0.21015248365709824,500003000.0,4.9384706680932835,1.175104406156844e-05,3.659636166649617e-05,9.010864280221154e-09,9.364128216754144e-08,0.0033985258959062926,9.297456525368604e-10,7.818110996872869e-06,7.136986112443622e-12,0.01944805743124459,-0.08055194256875542,1
273.0,254.33913007229657,139.55735401964148,0.0058257279050837225,0.21063484265923452,500003000.0,4.939682553881589,1.1755535514923665e-05,3.664307296441972e-05,8.98290671045127e-09,9.342259584710274e-08,0.0034024243126316526,9.335393895040122e-10,7.799813156348553e-06,7.140258665887696e-12,0.019402540424243227,-0.08059745957575679,1
273.5,254.2988313425087,139.07860949780962,0.00582766188928138,0.21111766327751136,500003000.0,4.9408715209642216,1.1760013028895812e-05,3.668967502651208e-05,8.955027944292945e-09,9.320412418471233e-08,0.003406313596709067,9.37331260302509e-10,7.78153052312191e-06,7.143410710859587e-12,0.01935706124600073,-0.08064293875399928,1
274.0,254.2585098731317,138.60106910907854,0.005829607713431584,0.2116009455154322,500003000.0,4.942037977721824,1.1764476642735263e-05,3.6736167960036255e-05,8.92722767890163e-09,9.298586704835355e-08,0.003410193755733811,9.411212495822425e-10,7.763263172120047e-06,7.1464428858149536e-12,0.01931162008290473,-0.08068837991709528,1
274.5,254.21816568317314,138.12473157512622,0.005831565358292667,0.21208468937488423,500003000.0,4.943182325965615,1.176892639554211e-05,3.678255187219604e-05,8.89950561369391e-09,9.27678243195791e-08,0.003414064797338806,9.4490934192266e-10,7.745011178149675e-06,7.149355825064754e-12,0.019266217121043375,-0.08073378287895663,1
275.0,254.17779879173366,137.6495956131612,0.005833534804783351,0.21256889485613173,500003000.0,4.944304961021318,1.177336232626728e-05,3.6828826870142696e-05,8.871861450339754e-09,9.254999589331324e-08,0.0034179267291945597,9.486955218289329e-10,7.726774615907286e-06,7.152150158802943e-12,0.01922085254623061,-0.08077914745376939,1
275.5,254.13740921800678,137.17565993593368,0.005835516033975418,0.21305356195779837,500003000.0,4.945406271812777,1.1777784473713646e-05,3.687499306098152e-05,8.844294892732185e-09,9.233238167765234e-08,0.003421779559009107,9.524797737283359e-10,7.708553559969506e-06,7.154826513135169e-12,0.019175526543982194,-0.08082447345601781,1
276.0,254.09699698127878,136.7029232517467,0.00583750902709415,0.21353869067689388,500003000.0,4.946486640945201,1.178219287653713e-05,3.692105055177837e-05,8.81680564696905e-09,9.211498159368398e-08,0.003425623294527949,9.562620819668303e-10,7.69034808479378e-06,7.157385510110003e-12,0.0191302392995174,-0.0808697607004826,1
276.5,254.05656210092855,136.2313842644675,0.005839513765517499,0.21402428100875634,500003000.0,4.947546444788026,1.1786587573247797e-05,3.696699944956601e-05,8.789393421333003e-09,9.18977955752772e-08,0.0034294579435339896,9.600424308058429e-10,7.672158264717323e-06,7.159827767748946e-12,0.01908499099775642,-0.08091500900224359,1
277.0,254.01610459642743,135.76104167353853,0.005841530230776693,0.21451033294711822,500003000.0,4.948586053557375,1.1790968602210934e-05,3.7012839861350466e-05,8.762057926273815e-09,9.168082356892088e-08,0.0034332835138474733,9.638208044192454e-10,7.653984173957936e-06,7.1621539000811085e-12,0.01903978182332238,-0.08096021817667762,1
277.5,253.97562448733908,135.2918941739894,0.005843558404549215,0.2149968464840373,500003000.0,4.949605831398049,1.1795336001648123e-05,3.7058571894117224e-05,8.734798874379458e-09,9.146406553351417e-08,0.0034371000133259235,9.675971868905139e-10,7.635825886604831e-06,7.164364517175042e-12,0.018994611960518527,-0.08100538803948149,1
278.0,253.93512179331933,134.8239404564481,0.005845598268662857,0.21548382160992802,500003000.0,4.950606136465087,1.1799689809638306e-05,3.7104195654837325e-05,8.707615980363984e-09,9.124752144019643e-08,0.0034409074498640744,9.713715622100775e-10,7.617683476623948e-06,7.16646022517448e-12,0.018949481593341443,-0.08105051840665856,1
278.5,253.894596534116,134.35717920715308,0.005847649805090048,0.21597125831353525,500003000.0,4.95158732100481,1.1804030064118827e-05,3.714971125047341e-05,8.68050896104105e-09,9.103119127215793e-08,0.003444705831393809,9.751439142728437e-10,7.5995570178505366e-06,7.168441626333301e-12,0.018904390905462594,-0.08109560909453742,1
279.0,253.85404872956875,133.89160910796443,0.005849712995954855,0.216459156581964,500003000.0,4.952549731435381,1.1808356802886484e-05,3.7195118787985645e-05,8.653477535316407e-09,9.081507502447335e-08,0.0034484951658840927,9.789142268758996e-10,7.581446583998202e-06,7.170309319053016e-12,0.01885934008025086,-0.08114065991974914,1
279.5,253.81347839960887,133.42722883637603,0.005851787823523181,0.21694751640064602,500003000.0,4.953493708426814,1.1812670063598562e-05,3.7240418374337604e-05,8.62652142415565e-09,9.059917270391383e-08,0.003452275461340906,9.826824837163788e-10,7.563352248646086e-06,7.172063897919201e-12,0.0188143293007406,-0.0811856706992594,1
280.0,253.77288556425924,132.96403706552772,0.005853874270202397,0.2174363377533364,500003000.0,4.954419586980442,1.1816969883773844e-05,3.728561011650199e-05,8.599640350566238e-09,9.038348432877248e-08,0.0034560467258071773,9.86448668389496e-10,7.545274085238384e-06,7.173705953739537e-12,0.018769358749630483,-0.08123064125036952,1
280.5,253.73227024363405,132.50203246421714,0.005855972318544844,0.21792562062211665,500003000.0,4.955327696507828,1.1821256300793637e-05,3.7330694121466336e-05,8.572834039585278e-09,9.016800992869436e-08,0.003459808967362716,9.902127643867424e-10,7.527212167088754e-06,7.175236073582812e-12,0.018724428609294446,-0.08127557139070556,1
281.0,253.69163245793868,132.04121369691205,0.005858081951241848,0.21841536498739728,500003000.0,4.95621836090907,1.1825529351902763e-05,3.737567049623859e-05,8.546102218253555e-09,8.995274954450768e-08,0.0034635621941241364,9.939747550942335e-10,7.50916656737249e-06,7.1766548408184205e-12,0.018679539061762233,-0.08132046093823778,1
281.5,253.65097222746957,131.58157942376266,0.005860203151124759,0.21890557082789988,500003000.0,4.957091898650528,1.1829789074210564e-05,3.742053934785261e-05,8.519444615600082e-09,8.973770322805011e-08,0.0034673064142447954,9.977346237912106e-10,7.4911373591277764e-06,7.177962835155969e-12,0.018634690288722507,-0.0813653097112775,1
282.0,253.61028957261394,131.12312830061367,0.005862335901166658,0.21939623812066295,500003000.0,4.957948622841924,1.1834035504691877e-05,3.746530078337361e-05,8.49286096262765e-09,8.95228710420052e-08,0.0034710416359147182,1.001492353648689e-09,7.47312461525766e-06,7.179160632686048e-12,0.018589882471527746,-0.08141011752847226,1
282.5,253.5695845138497,130.66585897901697,0.005864480184476847,0.21988736684103038,500003000.0,4.958788841312808,1.1838268680188022e-05,3.750995490990348e-05,8.466350992288123e-09,8.930825305973463e-08,0.003474767867360529,1.0052479277282488e-09,7.455128408522856e-06,7.180248805920996e-12,0.018545115791176375,-0.08145488420882363,1
283.0,253.52885707174528,130.2097701062444,0.005866635984297155,0.22037895696266196,500003000.0,4.959612856688398,1.1842488637407752e-05,3.755450183458604e-05,8.439914439460652e-09,8.909384936511994e-08,0.003478485116845374,1.0090013289809634e-09,7.437148811536936e-06,7.181227923836741e-12,0.018500390428300772,-0.08149960957169923,1
283.5,253.48810726695942,129.7548603253001,0.00586880328401075,0.22087100845750085,500003000.0,4.9604209664647545,1.1846695412928226e-05,3.7598941664612234e-05,8.413551040947936e-09,8.887966005239154e-08,0.003482193392668851,1.0127525402464647e-09,7.419185896777275e-06,7.182098551913863e-12,0.018455706563194514,-0.0815442934368055,1
284.0,253.447335120241,129.30112827493343,0.005870982067129621,0.22136352129580328,500003000.0,4.961213463083286,1.1850889043195946e-05,3.7643274507225224e-05,8.38726053544202e-09,8.866568522598037e-08,0.0034858927031669374,1.0165015442521364e-09,7.401239736569006e-06,7.1828612521806745e-12,0.018411064375772442,-0.08158893562422756,1
284.5,253.4065406524289,128.84857258965215,0.005873172317299109,0.22185649544610883,500003000.0,4.9619906340045965,1.1855069564527704e-05,3.76875004697254e-05,8.361042663514772e-09,8.845192500035166e-08,0.003489583056711909,1.020248323612437e-09,7.383310403090561e-06,7.18351658325506e-12,0.01836646404558448,-0.08163353595441553,1
285.0,253.36572388445168,128.3971918997346,0.005875374018303852,0.22234993087525728,500003000.0,4.962752761781629,1.185923701311151e-05,3.773161965947533e-05,8.334897167610337e-09,8.823837949985562e-08,0.003493264461712271,1.0239928608283418e-09,7.365397968380839e-06,7.184065100387779e-12,0.018321905751833425,-0.08167809424816658,1
285.5,253.3248848373276,127.94698483124357,0.00587758715404822,0.22284382754835125,500003000.0,4.963500124132122,1.1863391425007512e-05,3.7775632183904614e-05,8.308823792001607e-09,8.802504885856194e-08,0.003496936926612676,1.0277351382869068e-09,7.34750250431444e-06,7.184507355504565e-12,0.01827738967331338,-0.08172261032668662,1
286.0,253.28402353216427,127.49795000603916,0.005879811708572778,0.22333818542880132,500003000.0,4.96423299401038,1.1867532836148911e-05,3.7819538150514675e-05,8.282822282797977e-09,8.781193322012388e-08,0.00350060045989385,1.0314751382609486e-09,7.32962408262204e-06,7.1848438972507e-12,0.018232915988460403,-0.0817670840115396,1
286.5,253.2431399901585,127.05008604179187,0.005882047666046771,0.2238330044782758,500003000.0,4.964951639678301,1.1871661282342871e-05,3.786333766688348e-05,8.256892387919184e-09,8.759903273761152e-08,0.0035042550700725137,1.0352128429088328e-09,7.311762774880679e-06,7.18507527103309e-12,0.01818848487532837,-0.08181151512467164,1
287.0,253.20223423259617,126.60339155199608,0.005884295010766293,0.2243282846567344,500003000.0,4.965656324775732,1.187577679927141e-05,3.790703084067017e-05,8.23103385707737e-09,8.738634757337512e-08,0.0035079007657013027,1.0389482342743733e-09,7.293918652511171e-06,7.185202019064782e-12,0.018144096511582535,-0.08185590348841747,1
287.5,253.16130628085196,126.15786514598379,0.005886553727150008,0.22482402592239065,500003000.0,4.966347308390068,1.187987942249229e-05,3.795061777961961e-05,8.205246441756025e-09,8.717387789888633e-08,0.0035115375553686884,1.0426812942868361e-09,7.276091786772583e-06,7.185224680407652e-12,0.018099751074485776,-0.08190024892551423,1
288.0,253.1203561563892,125.71350542893771,0.005888823799747629,0.22532022823173659,500003000.0,4.967024845125144,1.1883969187439892e-05,3.799409859156691e-05,8.179529895206699e-09,8.69616238946016e-08,0.0035151654476988955,1.0464120047610429e-09,7.258282248772327e-06,7.185143791016813e-12,0.018055448740923703,-0.0819445512590763,1
288.5,253.07938388075965,125.27031100190531,0.005891105213228339,0.22581689153950762,500003000.0,4.967689185169396,1.1888046129426102e-05,3.8037473384441816e-05,8.153883972418016e-09,8.674958574980746e-08,0.003518784451351825,1.050140347397574e-09,7.240490109451604e-06,7.1849598837834545e-12,0.01801118968736848,-0.08198881031263153,1
289.0,253.03838947560334,124.82828046181231,0.005893397952387626,0.22631401579872135,500003000.0,4.9683405743632845,1.1892110283641158e-05,3.8080742266273065e-05,8.128308430110386e-09,8.653776366249152e-08,0.0035223945750229653,1.0538663037830676e-09,7.222715439593429e-06,7.184673488579681e-12,0.017966974089898745,-0.08203302591010125,1
289.5,252.99737296264829,124.38741240147652,0.0058957020021435476,0.22681160096063802,500003000.0,4.968979254265975,1.1896161685154515e-05,3.812390534519266e-05,8.102803026716177e-09,8.63261578391895e-08,0.0035259958274433158,1.0575898553906054e-09,7.204958309817698e-06,7.184285132301178e-12,0.017922802124187374,-0.08207719787581264,1
290.0,252.95633436371037,123.9477054096218,0.005898017347534622,0.22730964697477246,500003000.0,4.969605462221297,1.1900200368915696e-05,3.8166962729440087e-05,8.07736752236233e-09,8.61147684948505e-08,0.0035295882173793014,1.0613109835801938e-09,7.187218790578237e-06,7.183795338911259e-12,0.01787867396549411,-0.08212132603450589,1
290.5,252.91527370069312,123.5091580708923,0.00590034397371731,0.22780815378888583,500003000.0,4.9702194314229455,1.1904226369755123e-05,3.820991452736643e-05,8.05200167885258e-09,8.590359585269714e-08,0.003533171753632685,1.065029669599325e-09,7.169496952159382e-06,7.183204629484246e-12,0.01783458978865709,-0.08216541021134291,1
291.0,252.87419099558744,123.07176896586616,0.005902681865972482,0.22830712134898065,500003000.0,4.970821390978937,1.1908239722384953e-05,3.825276084743848e-05,8.02670525966205e-09,8.569264014408857e-08,0.003536746445040485,1.068745894583622e-09,7.151792864683435e-06,7.1825135222488715e-12,0.01779054976811135,-0.08220945023188865,1
291.5,252.83308627047148,122.63553667107004,0.0059050310096948715,0.22880654959930893,500003000.0,4.97141156597534,1.1912240461399907e-05,3.829550179824267e-05,8.001478029908753e-09,8.548190160838842e-08,0.0035403123004748896,1.0724596395575656e-09,7.134106598097465e-06,7.181722532631841e-12,0.017746554077856042,-0.08225344592214397,1
292.0,252.7919595475104,122.20045975899349,0.005907391390396653,0.2293064384823526,500003000.0,4.971990177539237,1.191622862127808e-05,3.8338137488489084e-05,7.97631975634457e-09,8.52713804928262e-08,0.003543869328843168,1.0761708854352924e-09,7.116438222177263e-06,7.1808321733005795e-12,0.017702602891464216,-0.08229739710853579,1
292.5,252.75081084895612,121.76653679810295,0.005909762993710401,0.22980678793882628,500003000.0,4.972557442900963,1.1920204236381753e-05,3.8380668027015265e-05,7.951230207345342e-09,8.506107705236671e-08,0.003547417539087583,1.0798796130214754e-09,7.098787806530468e-06,7.179842954206363e-12,0.01765869638209065,-0.08234130361790935,1
293.0,252.70964019714717,121.3337663528567,0.005912145805378635,0.23030759790768635,500003000.0,4.973113575455576,1.1924167340958195e-05,3.842309352279006e-05,7.926209152883087e-09,8.485099154958255e-08,0.0035509569401853025,1.0835858030122668e-09,7.081155420583547e-06,7.1787553826273785e-12,0.017614834722439424,-0.08238516527756058,1
293.5,252.66844761450838,120.90214698371898,0.005914539811264654,0.23080886832609881,500003000.0,4.973658784823604,1.1928117969140458e-05,3.8465414084917314e-05,7.901256364526971e-09,8.464112425451589e-08,0.003554487541148313,1.0872894359963127e-09,7.0635411335943734e-06,7.177569963210566e-12,0.017571018084795234,-0.08242898191520477,1
294.0,252.62723312355078,120.47167724717507,0.005916944997339254,0.23131059912946791,500003000.0,4.974193276911039,1.1932056154948164e-05,3.8507629822639594e-05,7.876371615412052e-09,8.443147544455967e-08,0.003558009351023327,1.0909904924558391e-09,7.045945014635879e-06,7.176287198014757e-12,0.017527246640982704,-0.0824727533590173,1
294.5,252.58599674687127,120.04235569574577,0.005919361349690115,0.23181279025141222,500003000.0,4.974717253968578,1.1935981932288284e-05,3.854974084534176e-05,7.85155468023849e-09,8.422204540432447e-08,0.003561522378891693,1.094688952767791e-09,7.0283671326068e-06,7.174907586552202e-12,0.017483520562393134,-0.08251647943760687,1
295.0,252.54473850715246,119.61418087800229,0.00592178885451633,0.23231544162377418,500003000.0,4.97523091465015,1.193989533495591e-05,3.859174726255452e-05,7.82680533525101e-09,8.401283442551664e-08,0.0035650266338693028,1.0983847972050394e-09,7.010807556224674e-06,7.173431625830727e-12,0.017439840019967075,-0.08256015998003294,1
295.5,252.50345842716246,119.18715133858147,0.005924227498122527,0.2328185531765935,500003000.0,4.975734454070678,1.1943796396635019e-05,3.863364918395792e-05,7.802123358218102e-09,8.380384280680682e-08,0.003568522125106501,1.102078005937646e-09,6.9932663540184595e-06,7.171859810394622e-12,0.01739620518417597,-0.08260379481582403,1
296.0,252.46215652975454,118.7612656182003,0.005926677266932507,0.23332212483813677,500003000.0,4.976228063863119,1.1947685150899238e-05,3.867544671938478e-05,7.777508528436965e-09,8.359507085371693e-08,0.003572008861787992,1.105768559034183e-09,6.9757435943441075e-06,7.170192632366736e-12,0.017352616225060884,-0.08264738377493912,1
296.5,252.42083283786707,118.33652225367149,0.005929138147470614,0.23382615653487152,500003000.0,4.976711932234767,1.1951561631212585e-05,3.8717139978824026e-05,7.75296062669617e-09,8.33865188784912e-08,0.0035754868531327434,1.1094564364631054e-09,6.958239345362134e-06,7.168430581488753e-12,0.01730907331217672,-0.08269092668782328,1
297.0,252.37948737452317,117.91291977791855,0.0059316101263728995,0.2343306481914733,500003000.0,4.977186244022825,1.1955425870930224e-05,3.875872907242401e-05,7.728479435277599e-09,8.317818719997905e-08,0.0035789561083938966,1.1131416180941768e-09,6.94075367505028e-06,7.166574145162062e-12,0.01726557661462371,-0.08273442338537629,1
297.5,252.33812016283048,117.49045671999082,0.005934093190385367,0.23483559973081145,500003000.0,4.977651180749251,1.1959277903299196e-05,3.8800214110495766e-05,7.704064737941426e-09,8.297007614351203e-08,0.0035824166368586675,1.1168240836999446e-09,6.923286651200861e-06,7.164623808487675e-12,0.01722212630104082,-0.08277787369895918,1
298.0,252.296731225981,117.06913160507926,0.005936587326354819,0.23534101107395586,500003000.0,4.97810692067488,1.1963117761459147e-05,3.884159520351616e-05,7.679716319901766e-09,8.276218604078892e-08,0.0035858684478482497,1.120503812957261e-09,6.905838341409624e-06,7.162580054306363e-12,0.017178722539578042,-0.08282127746042196,1
298.5,252.2553205872508,116.64894295453156,0.0059390925212391065,0.2358468821401755,500003000.0,4.978553638852822,1.196694547844306e-05,3.888287246213104e-05,7.655433967827529e-09,8.25545172297592e-08,0.0035893115507177197,1.124180785448848e-09,6.888408813087134e-06,7.1604433632381986e-12,0.0171353654979247,-0.0828646345020753,1
299.0,252.21388826999976,116.22988928586804,0.005941608762095797,0.2363532128469272,500003000.0,4.978991507181154,1.1970761087177968e-05,3.8924045997158294e-05,7.631217469815518e-09,8.234707005450485e-08,0.003592745954855941,1.1278549806649114e-09,6.870998133445102e-06,7.158214213721476e-12,0.01709205534327546,-0.08290794465672455,1
299.5,252.1724342976714,115.81196911279694,0.005944136036090592,0.2368600031098506,500003000.0,4.97942069445488,1.1974564620485663e-05,3.896511591959086e-05,7.607066615389076e-09,8.213984486512536e-08,0.0035961716696854633,1.1315263780047857e-09,6.853606369505591e-06,7.155893082051393e-12,0.017048792242353207,-0.0829512077576468,1
300.0,252.13095869379256,115.39518094523028,0.005946674330492026,0.23736725284279422,500003000.0,4.979841366417212,1.1978356111083402e-05,3.9006082340599676e-05,7.582981195479157e-09,8.193284201763258e-08,0.003599588704662424,1.1351949567786302e-09,6.836233588094303e-06,7.153480442419137e-12,0.017005576361392372,-0.08299442363860764,1
300.5,252.08946148197327,114.97952328929995,0.005949223632664891,0.23787496195775854,500003000.0,4.98025368581012,1.1982135591584604e-05,3.9046945371536586e-05,7.558961002404069e-09,8.172606187382281e-08,0.0036029970692764463,1.1388606962091507e-09,6.818879855832546e-06,7.150976766948412e-12,0.01696240786611893,-0.08303759213388108,1
301.0,252.04794268590632,114.56499464737294,0.005951783930086253,0.23838313036494552,500003000.0,4.980657812424202,1.1985903094499544e-05,3.908770512393718e-05,7.535005829877925e-09,8.151950480118115e-08,0.0036063967730505463,1.1425235754333667e-09,6.8015452391549896e-06,7.1483825257343346e-12,0.01691928692179458,-0.08308071307820543,1
301.5,252.0064023293672,114.15159351806801,0.005954355210323938,0.23889175797272214,500003000.0,4.981053903147853,1.198965865223603e-05,3.912836170952356e-05,7.51111547297159e-09,8.13131711727613e-08,0.003609787825541021,1.1461835735044034e-09,6.7842298042844755e-06,7.145698186879616e-12,0.01687621369315408,-0.08312378630684593,1
302.0,251.9648404362138,113.73931839627153,0.0059569374610482185,0.23940084468762904,500003000.0,4.981442112015745,1.1993402297100088e-05,3.9168915240207104e-05,7.487289728115923e-09,8.11070613670804e-08,0.003613170236337353,1.149840669393321e-09,6.76693361724488e-06,7.142924216531543e-12,0.016833188344437245,-0.08316681165556276,1
302.5,251.923257030386,113.3281677731532,0.0059595306700348126,0.23991039041439868,500003000.0,4.9818225902566295,1.1997134061296634e-05,3.920936582809111e-05,7.463528393093867e-09,8.090117576801694e-08,0.0036165440150621097,1.153494841990975e-09,6.749656743863828e-06,7.140061078918704e-12,0.016790211039395687,-0.08320978896060433,1
303.0,251.88165213590568,112.91814013618291,0.0059621348251486465,0.24042039505590362,500003000.0,4.982195486340454,1.2000853976930138e-05,3.9249713585473456e-05,7.439831267008691e-09,8.069551476469002e-08,0.003619909171370834,1.1571460701098992e-09,6.73239924975375e-06,7.1371092363855305e-12,0.016747281941245723,-0.08325271805875428,1
303.5,251.8400257768763,112.50923396914678,0.005964749914356353,0.24093085851319923,500003000.0,4.982560946024817,1.2004562076005282e-05,3.928995862484914e-05,7.416198150288333e-09,8.049007875136674e-08,0.003623265714951944,1.1607943324862213e-09,6.715161200325469e-06,7.134069149428753e-12,0.016704401212702134,-0.08329559878729786,1
304.0,251.79837797748266,112.10144775216344,0.005967375925722332,0.24144178068550026,500003000.0,4.98291911240074,1.2008258390427618e-05,3.9330101058912816e-05,7.392628844669187e-09,8.028486812735154e-08,0.003626613655526627,1.1644396077815997e-09,6.697942660783114e-06,7.1309412767317376e-12,0.016661569015965536,-0.08333843098403447,1
304.5,251.75670876199064,111.69477996170052,0.005970012847407511,0.2419531614701739,500003000.0,4.983270125937803,1.201194295200421e-05,3.9370141000561254e-05,7.36912315318341e-09,8.007988329688147e-08,0.0036299530028487334,1.1680818745851887e-09,6.6807436961221264e-06,7.127726075198787e-12,0.016618785512717428,-0.08338121448728258,1
305.0,251.71501815474699,111.28922907059136,0.00597266066766523,0.2424650007627592,500003000.0,4.9836141245285965,1.2015615792444281e-05,3.941007856289577e-05,7.345680880142825e-09,7.98751246690296e-08,0.0036332837667046717,1.1717211114156199e-09,6.663564371124071e-06,7.124423999989586e-12,0.01657605086410726,-0.08342394913589274,1
305.5,251.67330618017903,110.88479354805162,0.00597531937484372,0.24297729845694108,500003000.0,4.983951243532545,1.2019276943359846e-05,3.944991385922457e-05,7.32230183113106e-09,7.967059265759705e-08,0.003636605956913302,1.1753572967230106e-09,6.646404750358825e-06,7.121035504552101e-12,0.016533365230757893,-0.08346663476924211,1
306.0,251.6315728627944,110.48147185969587,0.005977988957386818,0.24349005444455518,500003000.0,4.98428161581908,1.2022926436266343e-05,3.948964700306508e-05,7.298985812993547e-09,7.94662876810144e-08,0.003639919583325827,1.1789904088909858e-09,6.629264898184738e-06,7.117561040655737e-12,0.016490728772766004,-0.083509271227234,1
306.5,251.58981822718079,110.07926246755453,0.005980669403829733,0.24400326861559404,500003000.0,4.9846053718101775,1.2026564302583255e-05,3.95292781081462e-05,7.275732633821603e-09,7.926221016224459e-08,0.003643224655825683,1.182620426238723e-09,6.612144878743329e-06,7.114001058424052e-12,0.01644814164968888,-0.08355185835031112,1
307.0,251.54804229800564,109.67816383009053,0.005983360702802398,0.24451694085818887,500003000.0,4.98492263952226,1.2030190573634728e-05,3.9568807288410536e-05,7.2525421029458426e-09,7.905836052867976e-08,0.003646521184328431,1.186247327023012e-09,6.59504475596237e-06,7.110356006366386e-12,0.01640560402055209,-0.08359439597944791,1
307.5,251.50624510001592,109.27817440221628,0.005986062843026598,0.24503107105862382,500003000.0,4.985233544607479,1.203380528065019e-05,3.960823465801656e-05,7.2294140309220935e-09,7.885473921204833e-08,0.003649809178781651,1.1898710894403286e-09,6.577964593552074e-06,7.106626331409803e-12,0.016363116043840012,-0.08363688395616,1
308.0,251.46442665803784,108.87929263531097,0.005988775813310634,0.24554565910131582,500003000.0,4.985538210394379,1.2037408454764947e-05,3.9647560331340715e-05,7.206348229514524e-09,7.865134664831316e-08,0.0036530886491648244,1.1934916916289253e-09,6.560904454998639e-06,7.102812478929696e-12,0.016320677877479765,-0.08367932212252024,1
308.5,251.42258699697658,108.48151697723742,0.005991499602557189,0.2460607048688257,500003000.0,4.985836757927944,1.2041000127020794e-05,3.9686784422979506e-05,7.183344511694753e-09,7.844818327757978e-08,0.003656359605489231,1.1971091116709313e-09,6.543864403572255e-06,7.098914892780689e-12,0.016278289678861135,-0.08372171032113887,1
309.0,251.380726141816,108.08484587235934,0.005994234199756247,0.24657620824185664,500003000.0,4.9861293060090475,1.2044580328366605e-05,3.972590704775151e-05,7.1604026916230256e-09,7.824524954400151e-08,0.0036596220577978286,1.2007233275944691e-09,6.526844502318714e-06,7.094934015326713e-12,0.016235951604815706,-0.0837640483951843,1
309.5,251.3388441176184,107.68927776155843,0.005996979593990738,0.24709216909923823,500003000.0,4.986415971233289,1.2048149089658927e-05,3.976492832069935e-05,7.137522584644761e-09,7.804254589568198e-08,0.0036628760161651493,1.2043343173757765e-09,6.509844814064919e-06,7.090870287470258e-12,0.01619366381163054,-0.08380633618836947,1
310.0,251.2969409495242,107.29481108225201,0.005999735774425337,0.24760858731793872,500003000.0,4.986696868029258,1.205170644166256e-05,3.9803848357091646e-05,7.114704007267104e-09,7.784007278458576e-08,0.0036661214906971783,1.207942058941342e-09,6.492865401406094e-06,7.086724148681788e-12,0.016151426455016393,-0.08384857354498361,1
310.5,251.25501666275173,106.90144426841034,0.006002502730314812,0.2481254627730464,500003000.0,4.986972108696184,1.205525241505114e-05,3.9842667272424865e-05,7.091946777158873e-09,7.763783066644216e-08,0.0036693584915312434,1.2115465301700446e-09,6.475906326714227e-06,7.0824960370279544e-12,0.016109239690128695,-0.0838907603098713,1
311.0,251.2130712825968,106.50917575057368,0.006005280451006773,0.24864279533778863,500003000.0,4.9872418034410435,1.2058787040407712e-05,3.9881385182425194e-05,7.069250713143772e-09,7.743582000065954e-08,0.003672587028835904,1.2151477088953096e-09,6.458967652140322e-06,7.0781863892002125e-12,0.016067103671573164,-0.08393289632842685,1
311.5,251.17110483443258,106.11800395587048,0.006008068925924768,0.2491605848835168,500003000.0,4.987506060415052,1.2062310348225298e-05,3.992000220305031e-05,7.046615635170666e-09,7.723404125023105e-08,0.0036758071128108285,1.2187455729072566e-09,6.4420494395956e-06,7.073795640542057e-12,0.01602501855335905,-0.08397498144664095,1
312.0,251.12911734370925,105.72792730803437,0.006010868144588331,0.24967883127969842,500003000.0,4.987764985749623,1.206582236890746e-05,3.995851845049113e-05,7.024041364327368e-09,7.703249488164442e-08,0.003679018753686685,1.222340099954866e-09,6.42515175077237e-06,7.069324225076065e-12,0.015982984488951024,-0.08401701551104898,1
312.5,251.08710883595373,105.33894422742249,0.006013678096591773,0.2501975343939223,500003000.0,4.988018683591749,1.2069323132768863e-05,3.999693404117353e-05,7.001527722806125e-09,7.683118136479446e-08,0.0036822219617250215,1.225931267748144e-09,6.408274647120684e-06,7.064772575530627e-12,0.015941001631211132,-0.08405899836878887,1
313.0,251.04507933676933,104.95105313103277,0.006016498771621316,0.25071669409189795,500003000.0,4.988267256138836,1.207281267003582e-05,4.003524909175998e-05,6.979074533914043e-09,7.663010117289618e-08,0.0036854167472181497,1.2295190539602887e-09,6.391418189865994e-06,7.0601411233661415e-12,0.015899070132442714,-0.0841009298675573,1
313.5,251.00302887183557,104.56425243252203,0.006019330159442646,0.2512363102374565,500003000.0,4.988510803672986,1.2076291010846843e-05,4.007346371915118e-05,6.956681622049073e-09,7.642925478239816e-08,0.0036886031204890267,1.2331034362298647e-09,6.374582439995238e-06,7.05543029880068e-12,0.01585719014435578,-0.08414280985564422,1
314.0,250.96095746690776,104.17854054222364,0.006022172249908353,0.25175638269253353,500003000.0,4.9887494245947455,1.2079758185253193e-05,4.011157804048762e-05,6.934348812699195e-09,7.622864267289291e-08,0.003691781091891137,1.236684392162975e-09,6.357767458264082e-06,7.050640530834811e-12,0.015815361818085044,-0.08418463818191496,1
314.5,250.9188651478168,103.79391586716577,0.006025025032950071,0.2522769113171962,500003000.0,4.988983215456308,1.2083214223219405e-05,4.014959217315114e-05,6.912075932423989e-09,7.602826532703849e-08,0.0036949506718083735,1.2402618993354359e-09,6.340973305187944e-06,7.045772247276887e-12,0.015773585304167573,-0.08422641469583243,1
315.0,250.8767519404689,103.41037681108926,0.006027888498581777,0.2527978959695821,500003000.0,4.98921227099421,1.208665915462383e-05,4.018750623476637e-05,6.8898628088492105e-09,7.582812323045939e-08,0.003698111870654916,1.2438359352949487e-09,6.3242000410448605e-06,7.040825874765856e-12,0.01573186075254993,-0.08426813924745008,1
315.5,250.83461787084516,103.02792177446581,0.0060307626369005074,0.25331933650598454,500003000.0,4.989436684161483,1.209009300925916e-05,4.0225320343202216e-05,6.867709270658374e-09,7.562821687168458e-08,0.0037012646988751133,1.2474064775632752e-09,6.307447725875551e-06,7.035801838796952e-12,0.01569018831258835,-0.08430981168741165,1
316.0,250.79246296500145,102.64654915451617,0.006033647438081217,0.2538412327807732,500003000.0,4.989656546159301,1.209351581683295e-05,4.0263034616573236e-05,6.845615147577814e-09,7.542854674204529e-08,0.0037044091669433607,1.250973503638407e-09,6.290716419477406e-06,7.030700563743096e-12,0.015648568133033742,-0.08435143186696627,1
316.5,250.75028724906795,102.26625734522841,0.006036542892380034,0.25436358464642406,500003000.0,4.989871946468131,1.2096927606968135e-05,4.030064917324104e-05,6.82358027037135e-09,7.522911333560072e-08,0.003707545285363977,1.2545369909967373e-09,6.27400618140723e-06,7.025522472878349e-12,0.015607000362038569,-0.08439299963796143,1
317.0,250.70809074924898,101.8870447373763,0.0060394489901311205,0.2548863919535218,500003000.0,4.990082972878365,1.2100328409203548e-05,4.0338164131815566e-05,6.801604470827788e-09,7.502991714905777e-08,0.003710673064671084,1.2580969170952235e-09,6.257317070977328e-06,7.020267988400222e-12,0.015565485147147066,-0.08443451485285294,1
317.5,250.66587349182257,101.50890971853744,0.006042365721751616,0.2554096545507465,500003000.0,4.990289711520458,1.2103718252994426e-05,4.037557961115641e-05,6.779687581757595e-09,7.483095868168767e-08,0.003713792515428486,1.2616532593735512e-09,6.240649147259956e-06,7.014937531451186e-12,0.015524022635306322,-0.08447597736469369,1
318.0,250.6236355031402,101.13185067311178,0.006045293077735931,0.255933372284881,500003000.0,4.990492246894598,1.2107097167712915e-05,4.0412895730374034e-05,6.757829436977639e-09,7.463223843524815e-08,0.0037169036482295427,1.2652059952562923e-09,6.224002469080735e-06,7.009531522140132e-12,0.015482612972849922,-0.08451738702715009,1
318.5,250.58137680962662,100.75586598234044,0.006048231048651434,0.25645754500080553,500003000.0,4.990690661899868,1.2110465182648563e-05,4.0450112608830986e-05,6.7360298712977024e-09,7.443375691390358e-08,0.0037200064736970457,1.2687551021550575e-09,6.2073770950136005e-06,7.004050379563114e-12,0.01544125630548535,-0.08455874369451466,1
319.0,250.53909743777936,100.38095402432413,0.006051179625144437,0.25698217254147904,500003000.0,4.990885037862948,1.2113822327008822e-05,4.048723036614306e-05,6.7142887205185575e-09,7.423551462414271e-08,0.00372310100248309,1.2723005574706418e-09,6.190773083386337e-06,6.998494521823302e-12,0.015399952778307779,-0.08460004722169223,1
319.5,250.49679741416853,100.00711317404166,0.006054138797940593,0.257507254747972,500003000.0,4.991075454566343,1.2117168629919533e-05,4.052424912218041e-05,6.692605821423754e-09,7.403751207470927e-08,0.0037261872452689594,1.2758423385951658e-09,6.174190492280271e-06,6.992864366051637e-12,0.015358702535799294,-0.08464129746420071,1
320.0,250.45447676543643,99.63434180336864,0.006057108557842545,0.25803279145943714,500003000.0,4.991261990276151,1.2120504120425418e-05,4.056116899706867e-05,6.670981011768502e-09,7.383974977651838e-08,0.0037292652127649886,1.279380422914211e-09,6.157629379527213e-06,6.9871603284256074e-12,0.015317505721821298,-0.08468249427817871,1
320.5,250.41213551829733,99.26263828109651,0.006060088895722745,0.2585587825131164,500003000.0,4.991444721769364,1.212382882749055e-05,4.059799011118996e-05,6.649414130263327e-09,7.364222824258233e-08,0.003732334915710444,1.2829147878089424e-09,6.141089802701495e-06,6.981382824188366e-12,0.015276362479594689,-0.08472363752040532,1
321.0,250.36977369953712,98.89200097295115,0.006063079802533161,0.25908522774433346,500003000.0,4.99162372436074,1.2127142779998837e-05,4.0634712585183925e-05,6.627905016576449e-09,7.344494798793426e-08,0.0037353963648733926,1.2864454106582299e-09,6.12457181912923e-06,6.975532267667158e-12,0.015235272951722908,-0.0847647270482771,1
321.5,250.327391336013,98.52242824161203,0.006066081269295445,0.2596121269865061,500003000.0,4.991799071929202,1.2130446006754494e-05,4.0671336539948704e-05,6.60645351131469e-09,7.324790952955618e-08,0.0037384495710505766,1.2899722688407546e-09,6.108075485877681e-06,6.96960907229161e-12,0.015194237280165487,-0.08480576271983452,1
322.0,250.28498845465307,98.15391844673076,0.006069093287112726,0.26013948007113674,500003000.0,4.991970836943824,1.2133738536482508e-05,4.070786209664186e-05,6.585059456028097e-09,7.30511133863035e-08,0.0037414945450672853,1.2934953397371121e-09,6.091600859766489e-06,6.963613650611183e-12,0.015153255606265978,-0.08484674439373403,1
322.5,250.2425650824562,97.7864699449504,0.0060721158471554685,0.2606672868277949,500003000.0,4.9921390904893705,1.21370203978291e-05,4.074428937668127e-05,6.563722693186418e-09,7.285456007882759e-08,0.0037445312977772236,1.297014600731901e-09,6.0751479973527935e-06,6.957546414311932e-12,0.015112328070714947,-0.08488767192928506,1
323.0,250.20012124649156,97.42008108992474,0.006075148940664294,0.2611955470841479,500003000.0,4.992303902291414,1.2140291619362187e-05,4.078061850174603e-05,6.542443066174171e-09,7.265825012951094e-08,0.0037475598400623835,1.3005300292158038e-09,6.058716954933501e-06,6.9514077742339484e-12,0.015071454813555606,-0.0849285451864444,1
323.5,250.15765697389833,97.05475023233679,0.006078192558963059,0.261724260665933,500003000.0,4.992465340741035,1.2143552229571835e-05,4.0816849593777224e-05,6.521220419296651e-09,7.246218406238895e-08,0.003750580182832916,1.3040416025876584e-09,6.04230778855762e-06,6.945198140387032e-12,0.015030635974214506,-0.0849693640257855,1
324.0,250.11517229188544,96.69047571991877,0.006081246693433424,0.26225342739695956,500003000.0,4.992623472919103,1.2146802256870708e-05,4.085298277497876e-05,6.500054597744683e-09,7.226636240307936e-08,0.003753592337026999,1.3075492982565161e-09,6.025920554000319e-06,6.938917921966593e-12,0.014989871691437003,-0.085010128308563,1
324.5,250.07266722773116,96.32725589747062,0.006084311335541253,0.2627830470991191,500003000.0,4.992778364620152,1.2150041729594515e-05,4.088901816781812e-05,6.478945447615045e-09,7.207078567871473e-08,0.0037565963136107034,1.3110530936436897e-09,6.009555306788511e-06,6.932567527369336e-12,0.014949162103350896,-0.0850508378966491,1
325.0,250.03014180878284,95.96508910687997,0.006087386476812631,0.26331311959239023,500003000.0,4.992930080375858,1.2153270676002454e-05,4.0924955895027056e-05,6.457892815877039e-09,7.18754544178732e-08,0.0037595921235778654,1.3145529661847878e-09,5.99321210217646e-06,6.926147364208339e-12,0.014908507347405751,-0.08509149265259425,1
325.5,249.98759606245656,95.60397368714104,0.006090472108850438,0.26384364469478966,500003000.0,4.99307868347811,1.2156489124277646e-05,4.0960796079602305e-05,6.436896550382408e-09,7.168036915049907e-08,0.003762579777949954,1.3180488933317427e-09,5.976890995161521e-06,6.9196578393265986e-12,0.014867907560412057,-0.08513209243958794,1
326.0,249.94503001623676,95.2439079743741,0.0060935682233281925,0.264374622222437,500003000.0,4.993224236001699,1.2159697102527572e-05,4.099653884480623e-05,6.415956499851071e-09,7.148553040784872e-08,0.003765559287775935,1.3215408525548183e-09,5.960592040477384e-06,6.9130993588125885e-12,0.014827362878524418,-0.08517263712147559,1
326.5,249.902443697676,94.88489030184532,0.006096674811981134,0.26490605198950495,500003000.0,4.993366798826616,1.2162894638784498e-05,4.1032184314167433e-05,6.3950725138541754e-09,7.129093872241169e-08,0.003768530664132139,1.3250288213446078e-09,5.944315292584785e-06,6.906472328012927e-12,0.014786873437218446,-0.08521312656278156,1
327.0,249.8598371343946,94.52691899998605,0.006099791866618597,0.26543793380824204,500003000.0,4.993506431659981,1.2166081761005908e-05,4.106773261148136e-05,6.3742444428195825e-09,7.109659462784893e-08,0.0037714939181221277,1.3285127772140228e-09,5.928060805682962e-06,6.89977715154624e-12,0.014746439371319257,-0.08525356062868075,1
327.5,249.81721035408026,94.16999239641235,0.006102919379119027,0.2659702674889584,500003000.0,4.993643193057581,1.2169258497074918e-05,4.110318386081082e-05,6.35347213801911e-09,7.090249865892309e-08,0.0037744490608765595,1.3319926977002606e-09,5.911828633704136e-06,6.893014233315774e-12,0.014706060814987739,-0.08529393918501227,1
328.0,249.77456338448775,93.8141088159448,0.0061060573414256315,0.26650305284003034,500003000.0,4.993777140445058,1.2172424874800696e-05,4.113853818648654e-05,6.332755451556577e-09,7.070865135143358e-08,0.0037773961035530534,1.3354685603667638e-09,5.895618830308659e-06,6.886183976522031e-12,0.014665737901708492,-0.08533426209829151,1
328.5,249.7318962534386,93.4592665806281,0.006109205745550932,0.26703628966789256,500003000.0,4.99390833013872,1.2175580921918879e-05,4.1173795713107614e-05,6.3120942363652296e-09,7.051505324214991e-08,0.0037803350573360553,1.3389403428051643e-09,5.879431448888855e-06,6.8792867836747635e-12,0.014625470764299384,-0.08537452923570062,1
329.0,249.68920898882075,93.10546400975069,0.006112364583575429,0.2675699777770563,500003000.0,4.9940368173660055,1.2178726666091978e-05,4.120895656554199e-05,6.291488346199003e-09,7.032170486875075e-08,0.003783265933436699,1.3424080226372098e-09,5.8632665425670346e-06,6.872323056605079e-12,0.014585259534906596,-0.08541474046509341,1
329.5,249.64650161858822,92.75269941986492,0.00611553384764173,0.2681041169700845,500003000.0,4.994162656285588,1.2181862134909787e-05,4.124402086892687e-05,6.270937635619285e-09,7.012860676975466e-08,0.0037861887430926723,1.3458715775166816e-09,5.847124164189306e-06,6.865293196476302e-12,0.014545104344989238,-0.08545489565501077,1
330.0,249.60377417076072,92.40097112480649,0.006118713529964481,0.2686387070475997,500003000.0,4.994285900007138,1.2184987355889787e-05,4.1278988748669094e-05,6.2504419599979335e-09,6.993575948445849e-08,0.00378910349756808,1.3493309851312906e-09,5.8310043663344456e-06,6.858197603795121e-12,0.014505005325341417,-0.08549499467465858,1
330.5,249.56102667342338,92.05027743571458,0.0061219036228193765,0.26917374780828274,500003000.0,4.994406600610745,1.2188102356477536e-05,4.131386033044553e-05,6.230001175498887e-09,6.974316355287414e-08,0.0037920102081533003,1.352786223204563e-09,5.814907201302774e-06,6.85103667842215e-12,0.01446496260606456,-0.08553503739393545,1
331.0,249.51825915472642,91.70061666105187,0.0061251041185463985,0.26970923904887883,500003000.0,4.994524809165998,1.2191207164047073e-05,4.1348635740203365e-05,6.209615139074497e-09,6.955081951566776e-08,0.0037949088861648573,1.356237269497707e-09,5.798832721118702e-06,6.8438108195823e-12,0.014424976316573749,-0.08557502368342626,1
331.5,249.4754716428847,91.35198710662434,0.006128315009554214,0.27024518056417957,500003000.0,4.994640575750745,1.2194301805901306e-05,4.138331510416041e-05,6.18928370846296e-09,6.935872791409431e-08,0.003797799542945271,1.3596841018114675e-09,5.782780977534258e-06,6.836520425874273e-12,0.0143850465856065,-0.08561495341439351,1
332.0,249.43266416617752,91.00438707560141,0.006131536288313506,0.27078157214703114,500003000.0,4.994753949469509,1.2197386309272393e-05,4.1417898548805376e-05,6.169006742174612e-09,6.916688928993811e-08,0.0038006821898629254,1.3631266979879622e-09,5.7667520220221645e-06,6.829165895280198e-12,0.014345173541205533,-0.08565482645879448,1
332.5,249.38983675294813,90.65781486853615,0.006134767947357215,0.2713184135883538,500003000.0,4.994864978471602,1.2200460701322135e-05,4.145238620089811e-05,6.148784099485358e-09,6.897530418545663e-08,0.0038035568383119247,1.3665650359125006e-09,5.750745905775527e-06,6.821747625175218e-12,0.014305357310717998,-0.08569464268928201,1
333.0,249.34698943160348,90.31226878338512,0.006138009979286178,0.2718557046770916,500003000.0,4.994973709968917,1.2203525009142353e-05,4.148677818746976e-05,6.128615640435476e-09,6.878397314330991e-08,0.003806423499711958,1.3699990935153889e-09,5.7347626797124855e-06,6.814266012335195e-12,0.014265598020807057,-0.08573440197919295,1
333.5,249.30412223061387,89.96774711552894,0.006141262376758166,0.27239344520026204,500003000.0,4.995080190253404,1.2206579259755259e-05,4.152107463582302e-05,6.108501225811906e-09,6.859289670651164e-08,0.0038092821855081537,1.3734288487737196e-09,5.718802394465399e-06,6.8067214529461996e-12,0.014225895797424972,-0.08577410420257503,1
334.0,249.26123517851258,89.6242481577923,0.0061445251324972455,0.27293163494292066,500003000.0,4.995184464714241,1.2209623480113835e-05,4.15552756735322e-05,6.088440717150917e-09,6.840207541836302e-08,0.0038121329071709406,1.3768542797131392e-09,5.702865100389007e-06,6.79911434261185e-12,0.014186250765833396,-0.08581374923416661,1
334.5,249.2183283038955,89.28177020046434,0.006147798239287649,0.2734702736881795,500003000.0,4.9952865778547135,1.2212657697102198e-05,4.158938142844339e-05,6.068433976725356e-09,6.821150982239847e-08,0.003814975676195903,1.3802753644096053e-09,5.686950847554148e-06,6.791445076361477e-12,0.014146663050587777,-0.08585333694941223,1
335.0,249.1754016354208,88.94031153131877,0.006151081689979383,0.2740093612171929,500003000.0,4.995386573308782,1.221568193753597e-05,4.1623392028674556e-05,6.0484808675435785e-09,6.802120046232488e-08,0.003817810504103646,1.3836920809911218e-09,5.671059685752352e-06,6.7837140486572014e-12,0.014107132775548748,-0.08589286722445126,1
335.5,249.13245520180857,88.59987043563443,0.006154375477479742,0.27454889730917614,500003000.0,4.995484493857372,1.2218696228162637e-05,4.165730760261554e-05,6.028581253334556e-09,6.783114788196824e-08,0.0038206374024396445,1.387104407639459e-09,5.655191664487437e-06,6.775921653401423e-12,0.01406766006386125,-0.08593233993613876,1
336.0,249.0894890318405,88.26044519621571,0.0061576795947570805,0.2750888817413724,500003000.0,4.99558038144437,1.2221700595661909e-05,4.169112827892814e-05,6.008734998545151e-09,6.764135262521053e-08,0.0038234563827741056,1.390512322591857e-09,5.639346832978452e-06,6.768068283942909e-12,0.014028245037961837,-0.08597175496203817,1
336.5,249.04650315435947,87.922034093413,0.006160994034839945,0.27562931428908616,500003000.0,4.995674277192331,1.2224695066646075e-05,4.172485418654611e-05,5.9889419683328374e-09,6.745181523594033e-08,0.003826267456701824,1.3939158041427083e-09,5.62352524015832e-06,6.760154333083898e-12,0.013988887819575305,-0.0860111121804247,1
337.0,249.00349759826926,87.58463540514308,0.006164318790819436,0.2761701947256504,500003000.0,4.995766221417923,1.2227679667660355e-05,4.1758485454675105e-05,5.969202028561629e-09,6.72625362579909e-08,0.0038290706358420357,1.39731483064523e-09,5.607726934675435e-06,6.752180193085581e-12,0.013949588529718662,-0.08605041147028135,1
337.5,248.96047239253411,87.24824740690966,0.006167653855845391,0.27671152282247136,500003000.0,4.995856253647087,1.2230654425183252e-05,4.179202221279265e-05,5.949515045792012e-09,6.707351623509384e-08,0.0038318659318382774,1.4007093805131092e-09,5.591951964889585e-06,6.74414625567478e-12,0.013910347288690996,-0.08608965271130901,1
338.0,248.91742756617845,86.91286837182405,0.006170999223126217,0.2772532983489541,500003000.0,4.995944412629924,1.2233619365626889e-05,4.182546459064806e-05,5.929880887274583e-09,6.688475571080999e-08,0.0038346533563582376,1.4040994322221373e-09,5.576200378871317e-06,6.736052912047967e-12,0.013871164216071886,-0.08612883578392812,1
338.5,248.87436314828648,86.57849657062587,0.006174354885926911,0.2777955210725847,500003000.0,4.996030736355333,1.223657451533736e-05,4.18588127182623e-05,5.910299420941941e-09,6.669625522849188e-08,0.003837432921093612,1.4074849643118239e-09,5.5604722243995975e-06,6.7279005528781196e-12,0.013832039430715582,-0.08616796056928443,1
339.0,248.83127916800183,86.24513027170345,0.00617772083757613,0.27833819075887406,500003000.0,4.996115262065373,1.2239519900595064e-05,4.189206672592791e-05,5.890770515409294e-09,6.65080153312193e-08,0.0038402046377599614,1.4108659553869942e-09,5.544767548967648e-06,6.71968956831851e-12,0.013792973050765529,-0.08620702694923447,1
339.5,248.7881756545272,85.91276774111466,0.0061810970714571,0.27888130717137155,500003000.0,4.9961980262693695,1.2242455547615044e-05,4.1925226744208786e-05,5.871294039959646e-09,6.632003656174873e-08,0.0038429685180965626,1.4142423841193658e-09,5.529086399774213e-06,6.711420348007548e-12,0.013753965193632636,-0.08624603480636737,1
340.0,248.74505263712402,85.58140724260767,0.006184483581011991,0.27942487007167127,500003000.0,4.9962790647577835,1.2245381482547315e-05,4.1958292903940015e-05,5.851869864541944e-09,6.613231946246258e-08,0.0038457245738662623,1.4176142292491087e-09,5.513428823726996e-06,6.703093281073261e-12,0.01371501597600383,-0.08628498402399618,1
340.5,248.701910145112,85.25104703764161,0.006187880359740689,0.2799688792194054,500003000.0,4.996358412615816,1.2248297731477197e-05,4.199126533622767e-05,5.8324978597638964e-09,6.594486457531577e-08,0.0038484728168553272,1.4209814695863898e-09,5.49779486744101e-06,6.694708756137178e-12,0.013676125513837949,-0.08632387448616205,1
341.0,248.65874820786894,84.92168538540763,0.006191287401196295,0.28051333437223835,500003000.0,4.996436104236773,1.2251204320425638e-05,4.2024144172448566e-05,5.81317789688181e-09,6.575767244178353e-08,0.003851213258873305,1.424344084012893e-09,5.482184577234115e-06,6.686267161318004e-12,0.01363729392235465,-0.08636270607764536,1
341.5,248.61556685483012,84.5933205428493,0.006194704698996435,0.2810582352858913,500003000.0,4.996512173335202,1.2254101275349541e-05,4.2056929544249975e-05,5.7939098478052796e-09,6.557074360281487e-08,0.003853945911752865,1.4277020514833315e-09,5.46659799913647e-06,6.677768884235542e-12,0.013598521316057904,-0.0864014786839421,1
342.0,248.57236611548814,84.2659507646838,0.006198132246810183,0.2816035817141031,500003000.0,4.9965866529597704,1.2256988622142081e-05,4.2089621583549365e-05,5.774693585079071e-09,6.5384078598775e-08,0.0038566707873496607,1.4310553510269257e-09,5.4510351788784845e-06,6.6692143120131805e-12,0.013559807808706041,-0.08644019219129397,1
342.5,248.5291460193925,83.93957430342294,0.006201570038358107,0.28214937340864416,500003000.0,4.996659575505931,1.225986638663302e-05,4.212222042253406e-05,5.755528981877447e-09,6.519767796939809e-08,0.0038593878975421705,1.4344039617488807e-09,5.435496161890416e-06,6.660603831281091e-12,0.013521153513310744,-0.08647884648668926,1
343.0,248.48590659614916,83.61418940939376,0.00620501806742568,0.2826956101193341,500003000.0,4.99673097272835,1.2262734594589026e-05,4.215472619366093e-05,5.736415912010849e-09,6.501154225374125e-08,0.003862097254231562,1.437747862831831e-09,5.419980993313631e-06,6.651937828179283e-12,0.013482558542165058,-0.08651744145783495,1
343.5,248.44264787542025,83.28979433075968,0.006208476327848294,0.2832422915940304,500003000.0,4.996800875753116,1.2265593271713979e-05,4.2187139029656e-05,5.7173542499062536e-09,6.482567199013331e-08,0.0038647988693415276,1.441087033537278e-09,5.404489717986942e-06,6.643216688359792e-12,0.013444023006809405,-0.0865559769931906,1
344.0,248.39936988692367,82.96638731354156,0.006211944813515889,0.28378941757861464,500003000.0,4.996869315089718,1.2268442443649282e-05,4.221945906351406e-05,5.698343870605878e-09,6.464006771612409e-08,0.0038674927548181474,1.4444214532069982e-09,5.389022380450263e-06,6.63444079698861e-12,0.013405547018040673,-0.08659445298195934,1
344.5,248.3560726604327,82.6439666016386,0.006215423518376316,0.2843369878170024,500003000.0,4.9969363206428214,1.2271282135974165e-05,4.225168642849828e-05,5.679384649764609e-09,6.445472996843818e-08,0.0038701789226297306,1.4477511012644432e-09,5.373579024946992e-06,6.625610538747811e-12,0.013367130685918157,-0.08663286931408185,1
345.0,248.31275622577564,82.32253043684949,0.0062189124364284976,0.2848850020511505,500003000.0,4.997001921723815,1.2274112374205984e-05,4.228382125813974e-05,5.6604764636381945e-09,6.426965928292876e-08,0.0038728573847666694,1.451075957216114e-09,5.358159695417632e-06,6.616726297837372e-12,0.01332877411974767,-0.08667122588025233,1
345.5,248.26942061283552,82.00207705889359,0.00622241156172535,0.285433460021041,500003000.0,4.99706614706216,1.2276933183800525e-05,4.231586368623701e-05,5.641619189080434e-09,6.408485619452788e-08,0.003875528153241285,1.4543960006529208e-09,5.342764435501894e-06,6.607788457976334e-12,0.013290477428086792,-0.08670952257191321,1
346.0,248.22606585154955,81.68260470543183,0.006225920888376944,0.28598236146468464,500003000.0,4.997129024816523,1.2279744590152295e-05,4.234781384685561e-05,5.622812703540531e-09,6.39003212372005e-08,0.003878191240087681,1.4577112112515205e-09,5.327393288540908e-06,6.59879740240408e-12,0.013252240718750356,-0.08674775928124964,1
346.5,248.18269197190892,81.36411161208817,0.006229440410540535,0.28653170611813616,500003000.0,4.997190582585719,1.228254661859482e-05,4.237967187432756e-05,5.604056885048696e-09,6.371605494390118e-08,0.003880846657361584,1.4610215687756415e-09,5.312046297568265e-06,6.589753513881628e-12,0.01321406409878818,-0.08678593590121182,1
347.0,248.1392990039583,81.04659601247046,0.006232970122433107,0.2870814937154775,500003000.0,4.997250847419438,1.228533929440093e-05,4.241143790325082e-05,5.585351612222069e-09,6.353205784652556e-08,0.0038834944171401995,1.4643270530773856e-09,5.296723505320279e-06,6.58065717469206e-12,0.013175947674510578,-0.08682405232548943,1
347.5,248.09588697779557,80.7300561381919,0.006236510018319572,0.2876317239888131,500003000.0,4.99730984582879,1.2288122642783055e-05,4.244311206848875e-05,5.5666967642487705e-09,6.334833047586435e-08,0.0038861345315220563,1.4676276440985117e-09,5.2814249542254925e-06,6.5715087666410005e-12,0.013137891551462265,-0.08686210844853774,1
348.0,248.0524559235713,80.41449021889206,0.006240060092520421,0.288182396668284,500003000.0,4.997367603796649,1.2290896688893499e-05,4.2474694505169534e-05,5.5480922208894834e-09,6.316487336156115e-08,0.0038887670126268523,1.4709233218717028e-09,5.266150686410744e-06,6.5623086710571816e-12,0.013099895834437445,-0.08690010416556256,1
348.5,248.0090058714885,80.09989648225836,0.006243620339404708,0.28873351148206583,500003000.0,4.997424146787813,1.2293661457824732e-05,4.250618534868557e-05,5.52953786246597e-09,6.298168703206809e-08,0.003891391872595305,1.474214066521814e-09,5.250900743694823e-06,6.5530572687925644e-12,0.013061960627464037,-0.08693803937253597,1
349.0,247.96553685180226,79.78627315404728,0.00624719075339469,0.2892850681563528,500003000.0,4.997479499758971,1.2296416974609662e-05,4.2537584734692865e-05,5.511033569860008e-09,6.279877201459902e-08,0.003894009123588991,1.4774998582671026e-09,5.235675167591974e-06,6.543754940221909e-12,0.013024086033812375,-0.08697591396618763,1
349.5,247.92204889481917,79.47361845810555,0.006250771328965886,0.2898370664153824,500003000.0,4.997533687168495,1.2299163264221915e-05,4.256889279911041e-05,5.492579224508277e-09,6.26161288350908e-08,0.003896618777790203,1.480780677420438e-09,5.220473999311521e-06,6.5344020652429665e-12,0.012986272155994285,-0.08701372784400573,1
350.0,247.87854203089717,79.16193061639153,0.0062543620606447786,0.2903895059814137,500003000.0,4.997586732986043,1.2301900351576114e-05,4.2600109678119484e-05,5.474174708395196e-09,6.243375801815637e-08,0.0038992208474017886,1.4840565043904934e-09,5.205297279755508e-06,6.524999023275559e-12,0.012948519095757215,-0.08705148090424279,1
350.5,247.83501629044505,78.85120784899684,0.006257962943002241,0.29094238657472016,500003000.0,4.997638660701995,1.2304628261528135e-05,4.2631235508163005e-05,5.455819904042177e-09,6.225166008704139e-08,0.0039018153446469944,1.4873273196829267e-09,5.1901450495129e-06,6.515546193260791e-12,0.012910826954069813,-0.0870891730459302,1
351.0,247.7914717039221,78.54144837416733,0.0062615739706686855,0.2914957079136344,500003000.0,4.997689493336706,1.2307347018875392e-05,4.26622704259448e-05,5.437514694515805e-09,6.206983556358992e-08,0.0039044022817693153,1.4905931039015277e-09,5.175017348871742e-06,6.506043953660958e-12,0.01287319583115216,-0.08712680416884784,1
351.5,247.74790830183767,78.23265040832462,0.006265195138321565,0.2920494697144972,500003000.0,4.997739253449594,1.2310056648357098e-05,4.2693214568428894e-05,5.419258963411942e-09,6.188828496819405e-08,0.003906981671032341,1.4938538377493633e-09,5.159914217808395e-06,6.4964926824575565e-12,0.012835625826449005,-0.087164374173551,1
352.0,247.7043261147509,77.92481216608778,0.006268826440683015,0.29260367169166407,500003000.0,4.99778796314806,1.2312757174654522e-05,4.2724068072838774e-05,5.4010525948488205e-09,6.170700881975407e-08,0.003909553524719596,1.497109502029895e-09,5.1448356959852745e-06,6.4868927571501795e-12,0.01279811703862414,-0.08720188296137586,1
352.5,247.6607251732702,77.61793186029438,0.006272467872532549,0.2931583135575623,500003000.0,4.997835644096239,1.2315448622391258e-05,4.27548310766566e-05,5.3828954734730985e-09,6.152600763564736e-08,0.0039121178551343875,1.500360077648083e-09,5.129781822760909e-06,6.477244554756064e-12,0.012760669565585414,-0.08723933043441459,1
353.0,247.617105508053,77.31200770202216,0.006276119428695621,0.2937133950225943,500003000.0,4.997882317523591,1.231813101613348e-05,4.2785503717622434e-05,5.364787484445131e-09,6.134528193167214e-08,0.003914674674599645,1.5036055456114656e-09,5.114752637180163e-06,6.4675484518068045e-12,0.012723283504460418,-0.08727671649553959,1
353.5,247.57346714980523,77.00703790061061,0.006279781104043209,0.29426891579522957,500003000.0,4.997928004233338,1.2320804380390198e-05,4.2816086133733444e-05,5.346728513433881e-09,6.116483222202277e-08,0.003917223995457771,1.506845887031231e-09,5.099748177973626e-06,6.45780482434818e-12,0.012685958951594961,-0.08731404104840504,1
354.0,247.52981012928103,76.7030206636822,0.006283452893502215,0.29482487558194304,500003000.0,4.99797272461073,1.2323468739613509e-05,4.284657846324306e-05,5.328718446620975e-09,6.098465901924031e-08,0.003919765830070479,1.5100810831232616e-09,5.084768483565662e-06,6.448014047937125e-12,0.0126486960025731,-0.08735130399742691,1
354.5,247.48613447728232,76.39995419716398,0.006287134792044933,0.29538127408725146,500003000.0,4.998016498631176,1.2326124118198851e-05,4.287698084466015e-05,5.3107571706870144e-09,6.080476283417961e-08,0.003922300190818637,1.513311115209166e-09,5.069813592065537e-06,6.438176497640283e-12,0.01261149475219506,-0.08738850524780495,1
355.0,247.4424402246584,76.09783670530925,0.006290826794690269,0.2959381110136783,500003000.0,4.998059345868211,1.2328770540485255e-05,4.2907293416748134e-05,5.292844572807948e-09,6.062514417596482e-08,0.003924827090102116,1.516535964717292e-09,5.0548835412680885e-06,6.428292548031082e-12,0.012574355294478909,-0.0874256447055211,1
355.5,247.39872740230564,75.79666639071898,0.006294528896506678,0.29649538606180226,500003000.0,4.998101285501317,1.2331408030755582e-05,4.2937516318524115e-05,5.274980540652923e-09,6.044580355195951e-08,0.003927346540339629,1.51975561318372e-09,5.039978368655785e-06,6.4183625731882e-12,0.012537277722665668,-0.08746272227733434,1
356.0,247.35499604116697,75.49644145436343,0.006298241092609096,0.29705309893019854,500003000.0,4.998142336323599,1.233403661323677e-05,4.2967649689257976e-05,5.25716496237709e-09,6.026674146771923e-08,0.003929858553968567,1.5229700422532416e-09,5.0250981113959295e-06,6.408386946691936e-12,0.012500262129212368,-0.08749973787078763,1
356.5,247.31124617223156,75.19716009560366,0.00630196337816245,0.2976112493154916,500003000.0,4.998182516749321,1.233665631210008e-05,4.299769366847146e-05,5.239397726619966e-09,6.00879584269629e-08,0.003932363143444853,1.5261792336803185e-09,5.010242806343157e-06,6.398366041622423e-12,0.012463308605798265,-0.08753669139420174,1
357.0,247.26747782653447,74.89882051221328,0.006305695748374131,0.298169836912319,500003000.0,4.998221844821293,1.2339267151461328e-05,4.302764839593722e-05,5.221678722494669e-09,5.990945493153006e-08,0.003934860321242777,1.529383169330025e-09,4.995412490033163e-06,6.388300230556115e-12,0.012426417243309213,-0.08757358275669079,1
357.5,247.22369103515612,74.6014209003997,0.006309438198506441,0.29872886141336247,500003000.0,4.998260338218133,1.2341869155381125e-05,4.30575140116779e-05,5.204007839593712e-09,5.973123148134942e-08,0.003937350099854841,1.5325818311789745e-09,4.9806071986922464e-06,6.378189885563326e-12,0.012389588131861444,-0.08761041186813856,1
358.0,247.17988582922206,74.30495945482619,0.006313190723859455,0.2992883225093027,500003000.0,4.998298014261373,1.234446234786511e-05,4.30872906559651e-05,5.1863849679704165e-09,5.955328857439554e-08,0.0039398324917915934,1.5357752013162246e-09,4.965826968223492e-06,6.368035378204283e-12,0.012352821360767154,-0.08764717863923285,1
358.5,247.13606223990243,74.00943436863302,0.0063169533197890365,0.2998482198888817,500003000.0,4.998334889922454,1.2347046752864184e-05,4.311697846931843e-05,5.168809998149328e-09,5.9375626706663225e-08,0.003942307509581484,1.5389632619441688e-09,4.951071834220686e-06,6.357837079526934e-12,0.012316117018569153,-0.08768388298143086,1
359.0,247.09222029841172,73.71484383345972,0.0063207259816845,0.30040855323882787,500003000.0,4.998370981829573,1.2349622394274736e-05,4.3146577592504495e-05,5.151282821103556e-09,5.919824637212025e-08,0.003944775165770686,1.542145995379408e-09,4.936341831950528e-06,6.347595360062228e-12,0.012279475192996587,-0.08772052480700342,1
359.5,247.0483600360082,73.42118603946604,0.006324508704996012,0.30096932224393774,500003000.0,4.99840630627441,1.2352189295938873e-05,4.317608816653584e-05,5.133803328272803e-09,5.902114806268574e-08,0.003947235472922958,1.5453233840536101e-09,4.92163699637379e-06,6.337310589822006e-12,0.0122428959710176,-0.0877571040289824,1
360.0,247.00448148399371,73.12845917535414,0.00632830148520667,0.30153052658701174,500003000.0,4.9984408792187285,1.235474748164464e-05,4.320551033266993e-05,5.1163714115363474e-09,5.8844332268185184e-08,0.003949688443619466,1.5484954105143467e-09,4.906957362123292e-06,6.3269831382941915e-12,0.012206379438784524,-0.08779362056121548,1
360.5,246.9605846737131,72.83666142838992,0.006332104317854188,0.3020921659488695,500003000.0,4.99847471630084,1.2357296975126254e-05,4.323484423240809e-05,5.098986963226371e-09,5.866779947631923e-08,0.003952134090458634,1.5516620574259143e-09,4.892302963520516e-06,6.316613374439314e-12,0.012169925681675216,-0.08783007431832479,1
361.0,246.91666963655393,72.54579098442491,0.006335917198515015,0.3026542400083868,500003000.0,4.998507832841966,1.2359837800064309e-05,4.326409000749441e-05,5.081649876110908e-09,5.8491550172635394e-08,0.003954572426055984,1.5548233075701442e-09,4.8776738345630495e-06,6.306201666687193e-12,0.012133534784261837,-0.08786646521573817,1
361.5,246.87273640394608,72.25584602791787,0.006339740122813605,0.3032167484424325,500003000.0,4.9985402438524655,1.2362369980086008e-05,4.3293247799914655e-05,5.064360043397153e-09,5.8315584840485367e-08,0.00395700346304397,1.5579791438471857e-09,4.863070008931563e-06,6.295748382931881e-12,0.012097206830328184,-0.08790279316967183,1
362.0,246.82878500736123,71.96682474195629,0.006343573086422561,0.3037796909259308,500003000.0,4.9985719640379465,1.2364893538765372e-05,4.332231775189516e-05,5.047117358727353e-09,5.8139903961001557e-08,0.003959427214071826,1.561129549276282e-09,4.848491519989608e-06,6.285253890528571e-12,0.0120609419028692,-0.0879390580971308,1
362.5,246.78481547831268,71.67872530827847,0.006347416085050171,0.3043430671318229,500003000.0,4.998603007805269,1.2367408499623454e-05,4.335130000590169e-05,5.029921716164825e-09,5.7964508013058666e-08,0.003961843691805396,1.564274506996524e-09,4.833938400773932e-06,6.274718556288711e-12,0.012024740084066884,-0.08797525991593312,1
363.0,246.7408278483547,71.39154590729481,0.006351269114459305,0.30490687673108025,500003000.0,4.998633389268426,1.2369914886128558e-05,4.338019470463831e-05,5.012773010204868e-09,5.778939747324382e-08,0.003964252908926981,1.567414000267592e-09,4.819410684008675e-06,6.264142746475915e-12,0.011988601455325602,-0.08801139854467441,1
363.5,246.69682214908238,71.10528471810981,0.006355132170448528,0.30547111939269017,500003000.0,4.99866312225432,1.2372412721696435e-05,4.340900199104622e-05,4.995671135755763e-09,5.7614572815822416e-08,0.003966654878135175,1.5705480124704762e-09,4.804908402090781e-06,6.253526826801247e-12,0.011952526097235799,-0.08804747390276421,1
364.0,246.652798412131,70.81993991854371,0.006359005248863222,0.3060357947836853,500003000.0,4.998692220308425,1.2374902029690507e-05,4.3437722008302576e-05,4.978615988143591e-09,5.744003451271148e-08,0.003969049612144705,1.5736765271081842e-09,4.7904315870983e-06,6.2428711624192016e-12,0.01191651408959465,-0.08808348591040535,1
364.5,246.6087566691758,70.53550968515391,0.006362888345597464,0.3066009025691298,500003000.0,4.9987206967003415,1.2377382833422061e-05,4.34663548998193e-05,4.96160746310966e-09,5.726578303344644e-08,0.0039714371236862726,1.5767995278064313e-09,4.775980270791545e-06,6.232176117922828e-12,0.011880565511408937,-0.08811943448859107,1
365.0,246.5646969519315,70.25199219325724,0.006366781456577988,0.30716644241208685,500003000.0,4.998748564429253,1.2379855156150458e-05,4.349490080924187e-05,4.944645456794086e-09,5.709181884514573e-08,0.003973817425506381,1.579916998314318e-09,4.76155448460091e-06,6.2214420573384695e-12,0.011844680440864739,-0.08815531955913526,1
365.5,246.52061929215193,69.96938561695119,0.006370684577783107,0.3077324139736826,500003000.0,4.998775836229263,1.2382319021083331e-05,4.352335988044812e-05,4.927729865746655e-09,5.69181424124903e-08,0.00397619053036719,1.5830289225049831e-09,4.747154259640903e-06,6.210669344122015e-12,0.011808858955362366,-0.08819114104463764,1
366.0,246.4765237216296,69.6876881291357,0.006374597705235023,0.30829881691305994,500003000.0,4.998802524574652,1.238477445137679e-05,4.355173225754696e-05,4.910860586916899e-09,5.674475419768653e-08,0.003978556451046344,1.586135284376252e-09,4.732779626704171e-06,6.199858341153217e-12,0.01177310113150146,-0.08822689886849855,1
366.5,246.43241027219534,69.40689790153507,0.006378520834991889,0.3088656508873878,500003000.0,4.998828641685013,1.2387221470135612e-05,4.358001808487718e-05,4.894037517644211e-09,5.6571654660438445e-08,0.003980915200336811,1.589236068051261e-09,4.718430616255508e-06,6.189009410730884e-12,0.01173740704506611,-0.0882625929549339,1
367.0,246.38827897571787,69.12701310471961,0.006382453963158514,0.3094329155518639,500003000.0,4.998854199530304,1.2389660100413443e-05,4.360821750700614e-05,4.8772605556622795e-09,5.6398844257918976e-08,0.003983266791046724,1.5923312577790697e-09,4.704107258439646e-06,6.178122914567861e-12,0.011701776771044234,-0.08829822322895577,1
367.5,246.3441298641034,68.84803190812724,0.0063863970858808955,0.3100006105597255,500003000.0,4.998879209835798,1.2392090365212989e-05,4.363633066872851e-05,4.86052959909114e-09,5.622632344474277e-08,0.003985611235999214,1.5954208379352578e-09,4.689809583077095e-06,6.16719921378606e-12,0.011666210383617225,-0.08833378961638277,1
368.0,246.2999629692952,68.56995248008515,0.0063903501993521,0.3105687355622404,500003000.0,4.998903684086935,1.2394512287486209e-05,4.366435771506498e-05,4.843844546437871e-09,5.6054092672936406e-08,0.003987948548032257,1.598504793022504e-09,4.675537619668289e-06,6.1562386689110925e-12,0.011630707956170262,-0.08836929204382975,1
368.5,246.2557783232733,68.29277298783182,0.00639431329979749,0.3111372902086913,500003000.0,4.998927633534091,1.23969258901345e-05,4.369229879126093e-05,4.8272052965817415e-09,5.588215239190824e-08,0.003990278739998497,1.6015831076711544e-09,4.6612913973826986e-06,6.145241639866749e-12,0.011595269561265229,-0.08840473043873477,1
369.0,246.2115759580539,68.01649159753825,0.0063982863834968415,0.3117062741464284,500003000.0,4.998951069197247,1.2399331196008894e-05,4.372015404278515e-05,4.810611748787244e-09,5.5710503048428313e-08,0.003992601824765103,1.6046557666397704e-09,4.647070945074855e-06,6.134208485970475e-12,0.011559895270680584,-0.08844010472931942,1
369.5,246.16735590568925,67.74110647433012,0.006402269446758183,0.31227568702078634,500003000.0,4.99897400187057,1.2401728227910234e-05,4.3747923615328444e-05,4.7940638026807595e-09,5.553914508658912e-08,0.003994917815213584,1.607722754815665e-09,4.632876291265211e-06,6.1231395659266375e-12,0.011524585155363738,-0.08847541484463627,1
370.0,246.12311819826692,67.46661578230928,0.00640626248593954,0.31284552847517094,500003000.0,4.998996442126912,1.2404117008589365e-05,4.377560765480234e-05,4.777561358263316e-09,5.5368078947791105e-08,0.003997226724239645,1.610784057215422e-09,4.6187074641558595e-06,6.11203523782241e-12,0.01148933928547016,-0.08851066071452984,1
370.5,246.07886286790966,67.1930176845754,0.006410265497437136,0.3134157981510066,500003000.0,4.999018400322212,1.2406497560747314e-05,4.380320630733769e-05,4.761104315898167e-09,5.5197305070708606e-08,0.003999528564753018,1.6138396589854055e-09,4.604564491621899e-06,6.10089585912141e-12,0.011454157730341903,-0.0885458422696581,1
371.0,246.03458994677484,66.92031034324772,0.006414278477689325,0.3139864956877433,500003000.0,4.999039886599826,1.240886990703547e-05,4.383071971928332e-05,4.744692576310189e-09,5.5026823891264664e-08,0.004001823349677293,1.6168895454022446e-09,4.5904474012141854e-06,6.089721786658205e-12,0.011419040558514434,-0.08858095944148557,1
371.5,245.99029946705411,66.64849191948669,0.006418301423175233,0.314557620722878,500003000.0,4.9990609108947615,1.2411234070055761e-05,4.3858148037204625e-05,4.728326040581368e-09,5.4856635842608026e-08,0.004004111091949763,1.6199337018733159e-09,4.5763562201583e-06,6.0785133766329705e-12,0.011383987837714089,-0.08861601216228591,1
372.0,245.94599146097298,66.37756057351558,0.006422334330415297,0.3151291728919495,500003000.0,4.999081482937839,1.2413590072360836e-05,4.388549140788217e-05,4.712004610147724e-09,5.468674135508694e-08,0.004006391804521259,1.6229721139371997e-09,4.562290975354875e-06,6.067270984605717e-12,0.011348999634858862,-0.08865100036514115,1
372.5,245.9016659607904,66.10751446464234,0.00642637719596746,0.3157011518285073,500003000.0,4.999101612259773,1.2415937936454233e-05,4.391274997831028e-05,4.695728186793092e-09,5.4517140856219724e-08,0.004008665500355984,1.6260047672641313e-09,4.548251693376853e-06,6.055994965490049e-12,0.011314076016051606,-0.0886859239839484,1
373.0,245.85732299879842,65.83835175128098,0.006430430016434573,0.3162735571641484,500003000.0,4.999121308195164,1.2418277684790559e-05,4.393992389569562e-05,4.679496672651121e-09,5.434783477067504e-08,0.004010932192431352,1.6290316476564334e-09,4.534238400474696e-06,6.0446856735479164e-12,0.011279217046592974,-0.08872078295340703,1
373.5,245.8129626073217,65.57007059097354,0.006434492788452533,0.31684638852851543,500003000.0,4.999140579886435,1.2420609339775656e-05,4.3967013307455745e-05,4.663309970193267e-09,5.417882352024699e-08,0.004013191893737825,1.6320527410489338e-09,4.520251122567977e-06,6.033343462383732e-12,0.011244422790960511,-0.0887555772090395,1
374.0,245.7685848187172,65.30266914041148,0.006438565508703314,0.317419645549267,500003000.0,4.999159436287657,1.2422932923766773e-05,4.3994018361217656e-05,4.647167982234919e-09,5.401010752382723e-08,0.004015444617278748,1.6350680335093697e-09,4.506289885254558e-06,6.021968684938029e-12,0.011209693312831491,-0.08879030668716852,1
374.5,245.72418966537361,65.03614555545735,0.006442648173906528,0.3179933278521232,500003000.0,4.999177886168345,1.2425248459072737e-05,4.402093920481635e-05,4.631070611925948e-09,5.384168719738698e-08,0.004017690376070187,1.6380775112387833e-09,4.492354713804625e-06,6.010561693482206e-12,0.011175028675068062,-0.08882497132493195,1
375.0,245.67977717971115,64.77049799116635,0.006446740780823801,0.31856743506082835,500003000.0,4.9991959381171425,1.2427555967954112e-05,4.404777598629333e-05,4.6150177627505625e-09,5.367356295394876e-08,0.004019929183140764,1.6410811605718933e-09,4.4784456331637315e-06,5.99912283961198e-12,0.011140428939724832,-0.08885957106027517,1
375.5,245.63534739418103,64.50572460180808,0.006450843326251466,0.3191419667971662,500003000.0,4.999213600545451,1.2429855472623371e-05,4.407452885389511e-05,4.5990093385188415e-09,5.350573520356522e-08,0.004022161051531497,1.6440789679774614e-09,4.464562667947751e-06,5.987652474241615e-12,0.011105894168036307,-0.0888941058319637,1
376.0,245.59090034126504,64.24182354088792,0.006454955807030678,0.31971692268095636,500003000.0,4.999230881690993,1.2432146995245056e-05,4.410119795607176e-05,4.58304524337072e-09,5.333820435329589e-08,0.00402438599429563,1.647070920058643e-09,4.450705842449889e-06,5.976150947597812e-12,0.011071424420434338,-0.08892857557956567,1
376.5,245.54643605347525,63.97879296116877,0.006459078220036721,0.32029230233006856,500003000.0,4.999247789621294,1.2434430557935938e-05,4.412778344147535e-05,4.5671253817651805e-09,5.317097080718656e-08,0.0040266040244984775,1.650057003553321e-09,4.436875180633318e-06,5.9646186092138365e-12,0.011037019756529784,-0.08896298024347023,1
377.0,245.5019545633535,63.71663101469265,0.006463210562184105,0.32086810536040916,500003000.0,4.999264332237109,1.2436706182765179e-05,4.415428545895847e-05,4.551249658480744e-09,5.300403496624548e-08,0.004028815155217252,1.6530372053344316e-09,4.423070706134759e-06,5.953055807923228e-12,0.01100268023512145,-0.08899731976487855,1
377.5,245.45745590347107,63.45533585280208,0.006467352830428724,0.3214443313859153,500003000.0,4.999280517275773,1.2438973891754486e-05,4.418070415757268e-05,4.535417978613827e-09,5.283739722842083e-08,0.004031019399540908,1.6560115124102739e-09,4.409292442265975e-06,5.941462891853569e-12,0.010968405914199774,-0.08903159408580023,1
378.0,245.41294010642818,63.19490562616165,0.0064715050217649716,0.3220209800185797,500003000.0,4.9992963523144915,1.2441233706878274e-05,4.420703968656697e-05,4.519630247573575e-09,5.2671057988582255e-08,0.00403321677056997,1.658979911924805e-09,4.395540412011827e-06,5.9298402084206775e-12,0.01093419685094201,-0.089065803149058,1
378.5,245.36840720485364,62.93533848477948,0.0064756671332263935,0.3225980508684375,500003000.0,4.999311844773562,1.2443485650063814e-05,4.423329219538622e-05,4.503886371079252e-09,5.2505017638498255e-08,0.00403540728141638,1.6619423911579243e-09,4.3818146380307855e-06,5.918188104322237e-12,0.010900053101713483,-0.08909994689828653,1
379.0,245.3238572314045,62.676632578028986,0.006479839161878235,0.3231755435435505,500003000.0,4.999327001919541,1.244572974319139e-05,4.4259461833669626e-05,4.488186255152032e-09,5.2339276566813086e-08,0.0040375909452033225,1.6648989375257456e-09,4.368115142649981e-06,5.9065069255313435e-12,0.010865974722055303,-0.0891340252779447,1
379.5,245.27929021876554,62.41878605466999,0.006484021104833176,0.3237534576500447,500003000.0,4.999341830868342,1.244796600809445e-05,4.428554875124914e-05,4.472529806122886e-09,5.2173835159031486e-08,0.0040397677750650665,1.6678495385808557e-09,4.354441947875896e-06,5.89479701729087e-12,0.010831961766710932,-0.08916803823328907,1
380.0,245.23470619964888,62.161797062870335,0.006488212959237301,0.3243317927920842,500003000.0,4.999356338588275,1.245019446655976e-05,4.4311553098147885e-05,4.45691693061983e-09,5.2008693797494666e-08,0.004041937784146804,1.6707941820125575e-09,4.340795075384958e-06,5.883058724106786e-12,0.010798014289602805,-0.0892019857103972,1
380.5,245.19010520679367,61.90566375022745,0.006492414722272433,0.32491054857187673,500003000.0,4.999370531903029,1.2452415140327544e-05,4.4337475024578564e-05,4.441347535566641e-09,5.184385286136149e-08,0.004044100985604476,1.673732855647106e-09,4.327174546525265e-06,5.871292389742016e-12,0.010764132343836613,-0.0892358676561634,1
381.0,245.1454872729656,61.65038426378966,0.00649662639115946,0.32548972458966213,500003000.0,4.999384417494589,1.2454628051091636e-05,4.4363314680941856e-05,4.425821528182206e-09,5.1679312726587485e-08,0.004046257392604622,1.6766655474479255e-09,4.31358038231892e-06,5.859498357209999e-12,0.010730315981707109,-0.0892696840182929,1
381.5,245.10085243095645,61.395956750077474,0.006500847963161381,0.3260693204437608,500003000.0,4.999398001906109,1.2456833220499626e-05,4.438907221782481e-05,4.410338815979618e-09,5.1515073765911604e-08,0.004048407018324205,1.679592245515822e-09,4.300012603464097e-06,5.84767696876909e-12,0.010696565254703255,-0.08930343474529676,1
382.0,245.0562007135838,61.14237935510507,0.00650507943557436,0.32664933573051663,500003000.0,4.999411291544717,1.2459030670153006e-05,4.4414747785999225e-05,4.394899306757234e-09,5.1351136348830156e-08,0.004050549875950456,1.6825129380891744e-09,4.286471230329264e-06,5.835828565915446e-12,0.010662880213493845,-0.08933711978650616,1
382.5,245.01153215369055,60.889650224401834,0.006509320805727567,0.3272297700443178,500003000.0,4.999424292684264,1.2461220421607304e-05,4.444034153642002e-05,4.379502908595763e-09,5.1187500841580875e-08,0.004052685978680703,1.6854276135441246e-09,4.272956282953247e-06,5.823953489377036e-12,0.010629260907927667,-0.08937073909207234,1
383.0,244.9668467841445,60.63776750303325,0.006513572070999316,0.32781062297762276,500003000.0,4.999437011468032,1.2463402496372236e-05,4.446585362022358e-05,4.36414952986626e-09,5.1024167607127916e-08,0.004054815339722214,1.688336260394742e-09,4.259467781055932e-06,5.81205207910769e-12,0.010595707387060121,-0.08940429261293989,1
383.5,244.92214463783804,60.38672933562271,0.0065178332287916295,0.3283918941209247,500003000.0,4.999449453911381,1.2465576915911841e-05,4.449128418872615e-05,4.348839079210257e-09,5.0861137005139354e-08,0.004056937972292028,1.691238867293192e-09,4.246005744021763e-06,5.8001246742802935e-12,0.010562219699112174,-0.08943778030088784,1
384.0,244.8774257476876,60.13653386637241,0.006522104276553167,0.3289735830627732,500003000.0,4.999461625904334,1.2467743701644618e-05,4.4516633393422135e-05,4.333571465552341e-09,5.0698409391972315e-08,0.004059053889616795,1.6941354230298774e-09,4.232570190914881e-06,5.788171613280769e-12,0.010528797891508013,-0.08947120210849199,1
384.5,244.83269014663335,59.88717923908489,0.006526385211762946,0.3295556893897705,500003000.0,4.999473533214131,1.2469902874943661e-05,4.454190138598246e-05,4.3183465980865425e-09,5.05359851206551e-08,0.00406116310493261,1.6970259165335792e-09,4.219161140468679e-06,5.77619323370172e-12,0.010495442010849076,-0.08950455798915093,1
385.0,244.7879378676388,59.638663597184134,0.006530676031939651,0.3301382126865627,500003000.0,4.999485181487721,1.2472054457136802e-05,4.45670883182529e-05,4.303164386279808e-09,5.037386454086914e-08,0.004063265631484849,1.6999103368715825e-09,4.205778611092033e-06,5.76418987233599e-12,0.010462152102929532,-0.08953784789707048,1
385.5,244.74316894369025,59.39098508373671,0.0065349767346409475,0.33072115253587053,500003000.0,4.999496576254201,1.2474198469506737e-05,4.459219434225237e-05,4.288024739868808e-09,5.021204799893584e-08,0.004065361482528009,1.7027886732497868e-09,4.192422620869001e-06,5.7521618651707665e-12,0.01042892821273555,-0.08957107178726445,1
386.0,244.69838340779663,59.144141841473235,0.006539287317452579,0.33130450851844845,500003000.0,4.999507722927221,1.2476334933291162e-05,4.4617219610171265e-05,4.272927568850134e-09,5.005053583779528e-08,0.004067450671325539,1.7056609150128107e-09,4.179093187552041e-06,5.7401095473807144e-12,0.010395770384428418,-0.08960422961557159,1
386.5,244.65358129298883,58.8981320128092,0.006543607778006582,0.3318882802131141,500003000.0,4.999518626807326,1.2478463869682906e-05,4.464216427436976e-05,4.257872783489574e-09,4.988932839699375e-08,0.004069533211149683,1.708527051644086e-09,4.165790328573869e-06,5.728033253322102e-12,0.01036267866137404,-0.08963732133862597,1
387.0,244.60876263231953,58.65295373986643,0.00654793811396152,0.3324724671967461,500003000.0,4.999529293084266,1.2480585299830059e-05,4.466702848737609e-05,4.242860294306596e-09,4.9728426012667315e-08,0.00407160911528131,1.7113870727659344e-09,4.152514061035047e-06,5.715933316526431e-12,0.010329653086112077,-0.08967034691388792,1
387.5,244.5639274588626,58.408605164493984,0.0065522783230180905,0.3330570690442702,500003000.0,4.999539726839247,1.24826992448361e-05,4.4691812401884856e-05,4.227890012081915e-09,4.9567829017525025e-08,0.004073678397009758,1.7142409681396398e-09,4.139264401714158e-06,5.703810069694015e-12,0.010296693700381226,-0.08970330629961878,1
388.0,244.5190758057128,58.16508442828922,0.0065566284029127415,0.3336420853286811,500003000.0,4.999549933047148,1.2484805725760026e-05,4.471651617075527e-05,4.212961847850743e-09,4.940753774083592e-08,0.004075741069632664,1.7170887276655038e-09,4.126041367063923e-06,5.691663844687952e-12,0.010263800545109596,-0.0897361994548904,1
388.5,244.47420770598535,57.922389672618955,0.006560988351414796,0.3342275156210337,500003000.0,4.999559916578688,1.2486904763616475e-05,4.474113994700948e-05,4.198075712898425e-09,4.924755250841317e-08,0.004077797146455802,1.719930341382897e-09,4.112844973209663e-06,5.679494972527768e-12,0.010230973660410854,-0.08976902633958915,1
389.0,244.42932319281556,57.68051903864048,0.00656535816632957,0.33481335949042146,500003000.0,4.999569682202553,1.2488996379375855e-05,4.476568388383077e-05,4.1832315187599256e-09,4.908787364259691e-08,0.0040798466407929255,1.7227657994702948e-09,4.099675235951514e-06,5.667303783382872e-12,0.010198213085589759,-0.08980178691441025,1
389.5,244.38442229935836,57.43947066732249,0.006569737845499576,0.3353996165040288,500003000.0,4.999579234587484,1.2491080593964463e-05,4.47901481345619e-05,4.168429177218098e-09,4.892850146224596e-08,0.004081889565965598,1.7255950922453056e-09,4.0865321707654164e-06,5.6550906065670275e-12,0.010165518859144596,-0.0898344811408554,1
390.0,244.33950505878792,57.199242699466005,0.006574127386802728,0.33598628622709625,500003000.0,4.999588578304311,1.2493157428264613e-05,4.481453285270326e-05,4.153668600300049e-09,4.876943628271954e-08,0.004083925935303037,1.728418210164685e-09,4.0734157928022405e-06,5.6428557705316374e-12,0.01013289101876503,-0.08986710898123498,1
390.5,244.2945715042973,56.959833275725465,0.006578526788148856,0.33657336822290257,500003000.0,4.999597717827964,1.249522690311475e-05,4.483883819191119e-05,4.138949700272516e-09,4.8610678415861686e-08,0.004085955762141939,1.7312351438243442e-09,4.060326116885922e-06,5.630599602859349e-12,0.010100329601327441,-0.08989967039867257,1
391.0,244.24962166909796,56.72124053662958,0.006582936047483304,0.33716086205281365,500003000.0,4.99960665753943,1.249728903930957e-05,4.4863064305996184e-05,4.124272389641734e-09,4.845222816999324e-08,0.004087979059826332,1.734045883959346e-09,4.047263157515984e-06,5.618322430258494e-12,0.010067834642901221,-0.08993216535709879,1
391.5,244.20465558641942,56.48346262260202,0.006587355162791754,0.33774876727626674,500003000.0,4.999615401727681,1.2499343857600147e-05,4.488721134892113e-05,4.109636581154026e-09,4.829408584989676e-08,0.004089995841707401,1.7368504214438901e-09,4.034226928870753e-06,5.606024578556714e-12,0.010035406178756753,-0.08996459382124325,1
392.0,244.1596732895088,56.24649767398233,0.006591784132092314,0.33833708345073965,500003000.0,4.999623954591553,1.2501391378694042e-05,4.491127947479953e-05,4.0950421877884565e-09,4.8136251756800134e-08,0.004092006121143334,1.7396487472912886e-09,4.021217444802788e-06,5.593706372694423e-12,0.01000304424335406,-0.08999695575664594,1
392.5,244.11467481163047,56.01034383104693,0.006596222953432096,0.33892581013179496,500003000.0,4.999632320241604,1.2503431623255419e-05,4.4935268837893715e-05,4.080489122752414e-09,4.7978726188368905e-08,0.004094009911499154,1.7424408526539357e-09,4.008234718837141e-06,5.5813681367192564e-12,0.00997074887033846,-0.09002925112966155,1
393.0,244.06966018606565,55.774999234029636,0.006600671624899477,0.3395149468730637,500003000.0,4.999640502701911,1.2505464611905162e-05,4.495917959261306e-05,4.065977299486882e-09,4.782150943869211e-08,0.004096007226146558,1.7452267288232585e-09,3.995278764179138e-06,5.569010193779773e-12,0.009938520092559935,-0.09006147990744007,1
393.5,244.02462944611193,55.5404620231424,0.006605130144617486,0.3401044932262424,500003000.0,4.999648505911859,1.2507490365220992e-05,4.4983011893512196e-05,4.051506631660002e-09,4.76646017982698e-08,0.0040979980784637575,1.7480063672296704e-09,3.982349593710641e-06,5.556632866119345e-12,0.009906357942063826,-0.09009364205793619,1
394.0,243.97958262508297,55.30673033859613,0.006609598510739829,0.3406944487411036,500003000.0,4.999656333727871,1.2509508903737574e-05,4.5006765895289195e-05,4.037077033162373e-09,4.7508003554002364e-08,0.004099982481835317,1.7507797594425026e-09,3.969447219988e-06,5.5442364750702374e-12,0.009874262450085743,-0.09012573754991426,1
394.5,243.93451975630802,55.07380232062131,0.006614076721455247,0.34128481296548147,500003000.0,4.99966398992512,1.2511520247946629e-05,4.503044175278378e-05,4.022688418107492e-09,4.735171498917742e-08,0.004101960449651983,1.7535468971699383e-09,3.956571655245046e-06,5.531821341047417e-12,0.009842233647059,-0.09015776635294101,1
395.0,243.88944087313155,54.841676109488496,0.006618564774990803,0.3418755854452864,500003000.0,4.999671478199189,1.2513524418297045e-05,4.505403962097551e-05,4.008340700831488e-09,4.719573638346023e-08,0.004103931995310536,1.7563077722589247e-09,3.943722911395364e-06,5.5193877835427565e-12,0.009810271562620288,-0.09018972843737971,1
395.5,243.84434600891285,54.610349845529036,0.006623062669603185,0.34246676572451173,500003000.0,4.999678802167722,1.2515521435194988e-05,4.507755965498195e-05,3.994033795885627e-09,4.704006801288326e-08,0.00410589713221362,1.7590623766950888e-09,3.930901000027471e-06,5.506936121119144e-12,0.009778376225597657,-0.09022162377440235,1
396.0,243.79923519702564,54.37982166915562,0.006627570403583448,0.3430583533451994,500003000.0,4.999685965372022,1.2517511319004006e-05,4.510100201005687e-05,3.9797676180370276e-09,4.688471014983197e-08,0.004107855873769583,1.7618107026026348e-09,3.918105932408023e-06,5.49446667140415e-12,0.009746547664018513,-0.09025345233598149,1
396.5,243.75410847085766,54.15008972088279,0.006632087975255909,0.3436503478474989,500003000.0,4.999692971278619,1.2519494090045138e-05,4.512436684158839e-05,3.965542082265834e-09,4.672966306304046e-08,0.004109808233392317,1.764552742244234e-09,3.9053377194815414e-06,5.4819797510848335e-12,0.009714785905108924,-0.09028521409489108,1
397.0,243.70896586381022,53.92115214134724,0.006636615382984334,0.3442427487696171,500003000.0,4.999699823280821,1.2521469768597021e-05,4.514765430509718e-05,3.951357103766736e-09,4.657492701757619e-08,0.004111754224501097,1.7672884880209132e-09,3.892596371874412e-06,5.469475675901305e-12,0.009683090975303578,-0.09031690902469643,1
397.5,243.66380740929787,53.69300707132834,0.006641152625163046,0.34483555564785484,500003000.0,4.999706524700215,1.2523438374895991e-05,4.5170864556234596e-05,3.93721259794153e-09,4.642050227483359e-08,0.004113693860520418,1.77001793247192e-09,3.87988189989003e-06,5.456954760641285e-12,0.009651462900233698,-0.09034853709976631,1
398.0,243.618633140748,53.46565265176859,0.006645699700217431,0.34542876801657973,500003000.0,4.9997130787881545,1.252539992913619e-05,4.519399775078086e-05,3.923108480397356e-09,4.6266389092521753e-08,0.004115627154879839,1.7727410682745974e-09,3.867194313509536e-06,5.444417319134029e-12,0.00961990170472888,-0.09038009829527113,1
398.5,243.57344309160035,53.23908702379393,0.006650256606608737,0.3460223854082262,500003000.0,4.999719488727206,1.2527354451469664e-05,4.521705404464319e-05,3.909044666947467e-09,4.611258772465516e-08,0.004117554121013816,1.7754578882442336e-09,3.85453362239503e-06,5.431863664244555e-12,0.009588407412825073,-0.09041159258717493,1
399.0,243.52823729530675,53.01330832873397,0.006654823342832527,0.34661640735334326,500003000.0,4.999725757632568,1.2529301962006469e-05,4.524003359385396e-05,3.89502107360824e-09,4.5959098421549226e-08,0.004119474772361546,1.7781683853339115e-09,3.841899835889065e-06,5.419294107868494e-12,0.009556980047763348,-0.09044301995223666,1
399.5,243.48301578533062,52.788314708142366,0.006659399907415559,0.34721083338053443,500003000.0,4.99973188855347,1.2531242480814766e-05,4.5262936554568864e-05,3.881037616595304e-09,4.5805921429805506e-08,0.004121389122366806,1.7808725526343513e-09,3.829292963013264e-06,5.406708960925699e-12,0.009525619631986422,-0.09047438036801358,1
400.0,243.43777859514663,52.564104303817075,0.006663986298916263,0.3478056630164998,500003000.0,4.999737884474528,1.2533176027920927e-05,4.5285763083065016e-05,3.867094212321857e-09,4.565305699230723e-08,0.004123297184477795,1.7835703833737404e-09,3.8167130124690746e-06,5.394108533355089e-12,0.009494326187140566,-0.09050567381285944,1
400.5,243.3925257582402,52.340675257820244,0.006668582515935057,0.3484008957860271,500003000.0,4.999743748317094,1.2535102623309628e-05,4.5308513335739124e-05,3.853190777402606e-09,4.550050534821018e-08,0.004125198972146968,1.7862618709175553e-09,3.804159992644071e-06,5.381493134108963e-12,0.009463099734091263,-0.09053690026590874,1
401.0,243.34725730810723,52.1180257124986,0.0066731885570980205,0.34899653121199326,500003000.0,4.999749482940555,1.253702228692395e-05,4.533118746910559e-05,3.839327228642332e-09,4.534826673293446e-08,0.004127094498830886,1.7889470087683794e-09,3.79163391160306e-06,5.368863071147409e-12,0.009431940292901089,-0.09056805970709891,1
401.5,243.30197327825368,51.8961538105036,0.0066778044210617305,0.34959256881533285,500003000.0,4.999755091143619,1.2538935038665469e-05,4.5353785639794666e-05,3.825503483036806e-09,4.519634137815385e-08,0.004128983777990047,1.7916257905657086e-09,3.7791347770913697e-06,5.3562186514324535e-12,0.009400847882837892,-0.09059915211716212,1
402.0,243.25667370219512,51.675057694811244,0.00668243010652352,0.3501890081151034,500003000.0,4.999760575665582,1.2540840898394357e-05,4.537630800455056e-05,3.811719457776707e-09,4.504472951179462e-08,0.004130866823088733,1.7942982100857513e-09,3.7666625965410848e-06,5.343560180923346e-12,0.009369822522390311,-0.0906301774776097,1
402.5,243.2113586134563,51.45473550874213,0.006687065612211813,0.35078584862843615,500003000.0,4.999765939187547,1.2542739885929477e-05,4.539875472022957e-05,3.797975070240143e-09,4.489343135802315e-08,0.004132743647594852,1.796964261241221e-09,3.7542173770660358e-06,5.330887964570514e-12,0.009338864229255303,-0.09066113577074471,1
403.0,243.16602804557093,51.235185395981595,0.006691710936881902,0.3513830898705535,500003000.0,4.9997711843336425,1.2544632021048472e-05,4.5421125943798194e-05,3.784270237988422e-09,4.4742447137240736e-08,0.004134614264979773,1.799623938081121e-09,3.7417991254599453e-06,5.318202306310399e-12,0.00930797302033353,-0.09069202697966647,1
403.5,243.1206820320811,51.01640550059952,0.006696366079324789,0.35198073135477004,500003000.0,4.999776313672198,1.2546517323487857e-05,4.544342183233123e-05,3.770604878769209e-09,4.459177706607685e-08,0.004136478688718172,1.8022772347905156e-09,3.7294078482019067e-06,5.305503509060115e-12,0.009277148911742998,-0.090722851088257,1
404.0,243.075320606537,50.79839396707,0.006701031038370495,0.3525787725925134,500003000.0,4.999781329716912,1.2548395812943115e-05,4.546564254300992e-05,3.756978910516474e-09,4.44414213573846e-08,0.004138336932287874,1.8049241456903078e-09,3.717043551458653e-06,5.292791874712398e-12,0.009246391918824681,-0.09075360808117533,1
404.5,243.0299438024964,50.581148940291364,0.0067057058128750105,0.35317721309326827,500003000.0,4.999786234927977,1.2550267509068786e-05,4.548778823312004e-05,3.743392251341342e-09,4.429138022022873e-08,0.004140189009169695,1.8075646652369936e-09,3.704706241077817e-06,5.280067704129663e-12,0.009215702056125786,-0.09078429794387421,1
405.0,242.98455165352448,50.36466856560601,0.0067103904017250604,0.3537760523646361,500003000.0,4.999791031713205,1.2552132431478552e-05,4.550985906004998e-05,3.729844819533012e-09,4.414165385988561e-08,0.004142034932847281,1.8101987880224204e-09,3.6923959225911547e-06,5.267331297139533e-12,0.009185079337407743,-0.09081492066259227,1
405.5,242.9391441931932,50.148950988819855,0.0067150848038474336,0.3543752899123267,500003000.0,4.999795722429106,1.2553990599745332e-05,4.55318551812889e-05,3.716336533562109e-09,4.399224247783644e-08,0.004143874716806956,1.8128265087735327e-09,3.680112601220149e-06,5.254582952529549e-12,0.009154523775660157,-0.09084547622433985,1
406.0,242.89372145508102,49.93399435622227,0.006719789018193164,0.3549749252401255,500003000.0,4.999800309381966,1.2555842033401368e-05,4.5553776754424774e-05,3.702867312070161e-09,4.384314627175834e-08,0.00414570837453756,1.8154478223521137e-09,3.667856281867878e-06,5.241822968041671e-12,0.009124035383080585,-0.09087596461691942,1
406.5,242.84828347277255,49.71979681460551,0.006724503043752369,0.35557495784992554,500003000.0,4.999804794828886,1.2557686751938307e-05,4.5575623937142536e-05,3.6894370738760393e-09,4.369436543552238e-08,0.004147535919530294,1.8180627237545155e-09,3.6556269691276636e-06,5.229051640367618e-12,0.00909361417109603,-0.09090638582890398,1
407.0,242.80283027985809,49.506356511284395,0.006729226879542431,0.35617538724172754,500003000.0,4.999809180978815,1.2559524774807291e-05,4.559739688722213e-05,3.6760457379677293e-09,4.354590015918812e-08,0.00414935736527856,1.8206712081113881e-09,3.643424667277182e-06,5.21626926514381e-12,0.00906326015034831,-0.0909367398496517,1
407.5,242.75736190993325,49.29367159411584,0.0067339605246138625,0.3567762129136191,500003000.0,4.999813469993544,1.2561356121419043e-05,4.5619095762536625e-05,3.6626932235038475e-09,4.339775062899695e-08,0.004151172725277812,1.8232732706873992e-09,3.6312493802822153e-06,5.203476136946186e-12,0.009032973330703393,-0.09096702666929661,1
408.0,242.7118783965986,49.08174021151821,0.006738703978052372,0.3573774343618077,500003000.0,4.999817663988702,1.256318081114395e-05,4.564072072105031e-05,3.6493794498130562e-09,4.324991702737049e-08,0.00415298201302539,1.8258689068809428e-09,3.619101111798317e-06,5.190672549285666e-12,0.009002753721255518,-0.09099724627874449,1
408.5,242.66637977345923,48.87056051249089,0.00674345723897028,0.3579790510805871,500003000.0,4.999821765034717,1.2564998863312143e-05,4.566227192081676e-05,3.636104336387735e-09,4.310239953290294e-08,0.004154785242020373,1.8284581122238525e-09,3.606979865166761e-06,5.177858794602897e-12,0.008972601330317142,-0.09102739866968286,1
409.0,242.6208660741244,48.66013064663345,0.006748220306519317,0.3585810625623701,500003000.0,4.999825775157751,1.2566810297213587e-05,4.5683749519976936e-05,3.6228678028892447e-09,4.295519832036007e-08,0.004156582425763419,1.8310408823810929e-09,3.5948856434219857e-06,5.16503516426381e-12,0.008942516165437432,-0.09105748383456258,1
409.5,242.5753373322071,48.45044876416509,0.006752993179878045,0.3591834682976851,500003000.0,4.999829696340636,1.2568615132098157e-05,4.570515367675728e-05,3.609669769139491e-09,4.280831356067473e-08,0.0041583735777566124,1.8336172131504583e-09,3.5828184492854375e-06,5.1522019485548154e-12,0.008912498233386981,-0.09108750176661302,1
410.0,242.52979358132382,48.24151301594394,0.0067577758582561265,0.3597862677751385,500003000.0,4.999833530523779,1.2570413387175717e-05,4.5726484549467745e-05,3.5965101551216456e-09,4.266174542093989e-08,0.0041601587115033,1.8361871004622566e-09,3.570778285168478e-06,5.139359436677692e-12,0.008882547540165013,-0.09111745245983499,1
410.5,242.4842348550939,48.03332155348613,0.006762568340899007,0.3603894604814728,500003000.0,4.999837279606048,1.2572205081616209e-05,4.574774229649995e-05,3.5833888809810175e-09,4.251549406441031e-08,0.004161937840507949,1.8387505403789929e-09,3.5587651531754432e-06,5.126507916745567e-12,0.008852664091007009,-0.091147335908993,1
411.0,242.4386611871394,47.82587252898511,0.006767370627078934,0.3609930459015228,500003000.0,4.999840945445641,1.2573990234549718e-05,4.57689270763252e-05,3.570305867018707e-09,4.236955965049532e-08,0.004163710978275982,1.8413075290950417e-09,3.5467790550995188e-06,5.113647675777834e-12,0.008822847890374439,-0.09117715210962557,1
411.5,242.39307261108456,47.61916409533056,0.006772182716105115,0.3615970235182527,500003000.0,4.999844529860937,1.2575768865066565e-05,4.5790039047492575e-05,3.5572610336954158e-09,4.222394233475911e-08,0.004165478138313629,1.8438580629363124e-09,3.5348199924286937e-06,5.100778999696012e-12,0.008793098941969571,-0.09120690105803043,1
412.0,242.34746916055553,47.41319440612762,0.006777004607313296,0.36220139281273184,500003000.0,4.999848034631337,1.2577540992217377e-05,4.581107836862703e-05,3.5442543016244154e-09,4.2078642268915756e-08,0.004167239334127773,1.8464021383599184e-09,3.522887966340939e-06,5.087902173318995e-12,0.00876341724872349,-0.09123658275127651,1
412.5,242.3018508691799,47.207961615715845,0.006781836300071261,0.3628061532641293,500003000.0,4.999851461498077,1.2579306635013163e-05,4.583204519842744e-05,3.5312855915729262e-09,4.193365960082611e-08,0.004168994579225791,1.8489397519538279e-09,3.510982977707722e-06,5.0750174803585645e-12,0.008733802812804822,-0.09126619718719518,1
413.0,242.25621777058632,47.00346387918796,0.006786677793783887,0.36341130434975444,500003000.0,4.999854812165027,1.2581065812425395e-05,4.585293969566469e-05,3.518354824463215e-09,4.1788994474499065e-08,0.004170743887115406,1.8514709004365157e-09,3.4991050270972345e-06,5.062125203415432e-12,0.008704255635627774,-0.09129574436437224,1
413.5,242.21056989840415,46.799699352408894,0.006791529087883616,0.36401684554502234,500003000.0,4.99985808829948,1.2582818543386078e-05,4.587376201917974e-05,3.50546192136613e-09,4.164464703008623e-08,0.004172487271304532,1.8539955806566097e-09,3.4872541147701086e-06,5.049225623974549e-12,0.008674775717841483,-0.09132522428215853,1
414.0,242.16490728626306,46.596666192034505,0.006796390181835707,0.36462277632346624,500003000.0,4.999861291532921,1.2584564846787829e-05,4.5894512327881675e-05,3.4926068035023727e-09,4.150061740388109e-08,0.0041742247453011245,1.8565137895925262e-09,3.4754302406827897e-06,5.036319022400974e-12,0.008645363059338391,-0.09135463694066162,1
414.5,242.11922996779273,46.39436255553054,0.006801261075131742,0.3652290961567302,500003000.0,4.999864423461772,1.2586304741483947e-05,4.591519078074583e-05,3.4797893922377117e-09,4.1356905728316704e-08,0.004175956322613019,1.8590255243521087e-09,3.4636334044848914e-06,5.0234056779355814e-12,0.008616017659247681,-0.09138398234075232,1
415.0,242.07353797662236,46.19278660119116,0.0068061417672995155,0.36583580451459735,500003000.0,4.9998674856481395,1.2588038246288491e-05,4.593579753681181e-05,3.4670096090866186e-09,4.121351213196668e-08,0.0041776820167477935,1.8615307821722518e-09,3.4518636055249135e-06,5.0104858686912195e-12,0.008586739515949487,-0.09141326048405052,1
415.5,242.02783134638034,45.99193648815761,0.006811032257897797,0.3664429008649604,500003000.0,4.99987047962053,1.2589765379976346e-05,4.595633275518158e-05,3.4542673757081385e-09,4.107043673954124e-08,0.0041794018412126014,1.864029560418525e-09,3.4401208428482263e-06,4.997559871648299e-12,0.008557528627069893,-0.09144247137293011,1
416.0,241.98211011069387,45.791810376436835,0.00681593254651622,0.36705038467383994,500003000.0,4.999873406874562,1.2591486161283298e-05,4.5976796595017524e-05,3.441562613904433e-09,4.092767967188774e-08,0.004181115809514028,1.8665218565847924e-09,3.4284051151977027e-06,4.984627962650937e-12,0.008528384989482489,-0.09147161501051751,1
416.5,241.93637430318861,45.59240642692007,0.006820842632772503,0.36765825540537733,500003000.0,4.999876268873652,1.2593200608906107e-05,4.599718921554052e-05,3.428895245618009e-09,4.078524104598909e-08,0.004182823935157942,1.869007668292821e-09,3.416716421013035e-06,4.971690416402912e-12,0.008499308599306695,-0.09150069140069331,1
417.0,241.89062395748826,45.393722801401175,0.006825762516320772,0.3682665125218399,500003000.0,4.9998790670497,1.2594908741502575e-05,4.6017510776028e-05,3.4162651929345234e-09,4.0643120974963795e-08,0.0041845262316493395,1.871486993291888e-09,3.405054758435587e-06,4.9587475064638105e-12,0.008470299451919803,-0.0915297005480802,1
417.5,241.8448591072142,45.19575766259519,0.0068306921968410905,0.3688751554836325,500003000.0,4.999881802803752,1.2596610577691613e-05,4.603776143581204e-05,3.4036723780761764e-09,4.0501319568066106e-08,0.004186222712492191,1.8739598294583864e-09,3.393420125303876e-06,4.945799505245255e-12,0.008441357541945759,-0.09155864245805424,1
418.0,241.79907978598519,44.998509174156624,0.006835631674046986,0.36948418374926906,500003000.0,4.999884477506649,1.2598306136053314e-05,4.605794135427738e-05,3.3911167234041444e-09,4.035983693068373e-08,0.004187913391189302,1.8764261747954183e-09,3.381812519158038e-06,4.932846684006851e-12,0.008412482863266265,-0.09158751713673374,1
418.5,241.7532860274168,44.80197550069771,0.006840580947683738,0.3700935967754139,500003000.0,4.999887092499669,1.2599995435129022e-05,4.607805069085955e-05,3.3785981514163894e-09,4.0218673164340965e-08,0.004189598281242155,1.8788860274323886e-09,3.3702319372396867e-06,4.919889312852824e-12,0.008383675409020427,-0.09161632459097958,1
419.0,241.70747786512132,44.60615480780671,0.006845540017525328,0.3707033940168479,500003000.0,4.999889649095145,1.2601678493421394e-05,4.60980896050429e-05,3.3661165847448528e-09,4.00778283666962e-08,0.004191277396150761,1.8813393856245918e-09,3.358678376491141e-06,4.9069276607280295e-12,0.008354935171602828,-0.09164506482839718,1
419.5,241.6616553327071,44.411045262066,0.006850508883380317,0.3713135749264904,500003000.0,4.999892148577082,1.2603355329394473e-05,4.6118058256358675e-05,3.353671946157046e-09,3.993730263154401e-08,0.00419295074941351,1.8837862477527937e-09,3.3471518335590366e-06,4.893961995414522e-12,0.008326262142672524,-0.09167373785732748,1
420.0,241.61581846377845,44.21664503107029,0.006855487545081664,0.37192413895540377,500003000.0,4.999894592201756,1.2605025961473748e-05,4.613795680438308e-05,3.3412641585498085e-09,3.9797096048816083e-08,0.00419461835452703,1.8862266123228096e-09,3.3356523047901054e-06,4.880992583528053e-12,0.008297656313142533,-0.09170234368685748,1
420.5,241.56996729193503,44.0229522834446,0.0068604760024990495,0.37253508555276094,500003000.0,4.999896981198295,1.2606690408046225e-05,4.615778540873537e-05,3.328893144954062e-09,3.9657208704579465e-08,0.004196280224986024,1.8886604779650766e-09,3.3241797862379244e-06,4.8680196905142586e-12,0.00826911767319663,-0.09173088232680338,1
421.0,241.52410185077161,43.82996518886216,0.006865474255533533,0.37314641416589867,500003000.0,4.999899316769262,1.260834868746049e-05,4.617754422907589e-05,3.316558828530934e-09,3.9517640681041636e-08,0.004197936374283138,1.891087843434226e-09,3.3127342736610476e-06,4.8550435806457265e-12,0.008240646212284701,-0.0917593537877153,1
421.5,241.47822217387775,43.63768191806253,0.006870482304109923,0.3737581242402641,500003000.0,4.999901600091206,1.2610000818026774e-05,4.619723342510416e-05,3.304261132566881e-09,3.9378392056547446e-08,0.004199586815908802,1.8935087076086393e-09,3.3013157625201107e-06,4.842064517018078e-12,0.008212241919115541,-0.09178775808088446,1
422.0,241.4323282948373,43.44610064286932,0.006875500148189684,0.3743702152194701,500003000.0,4.999903832315229,1.2611646818017014e-05,4.621685315655696e-05,3.2919999804786916e-09,3.9239462905584986e-08,0.0042012315633510895,1.8959230694900184e-09,3.289924247984819e-06,4.829082761547236e-12,0.008183904781674222,-0.09181609521832579,1
422.5,241.38642024722813,43.25521953620799,0.0068805277877633415,0.37498268654525385,500003000.0,4.99990601456751,1.2613286705664919e-05,4.6236403583206347e-05,3.2797752958086318e-09,3.910085329878367e-08,0.004202870630095567,1.898330928202931e-09,3.2785597249310542e-06,4.81609857496572e-12,0.008155634787214924,-0.09184436521278508,1
423.0,241.34049806462173,43.065036772123634,0.006885565222851465,0.37559553765750064,500003000.0,4.999908147949842,1.2614920499166031e-05,4.625588486485781e-05,3.267587002223741e-09,3.8962563302918006e-08,0.004204504029625148,1.900732282994371e-09,3.267222187942143e-06,4.803112216819702e-12,0.00812743192226406,-0.09187256807773594,1
423.5,241.29456178058285,42.87555052579864,0.006890612453504663,0.3762087679942315,500003000.0,4.999910233540147,1.2616548216677789e-05,4.627529716134826e-05,3.2554350235146696e-09,3.8824592980908425e-08,0.004206131775419949,1.903127133233295e-09,3.255911631309641e-06,4.790123945465744e-12,0.008099296172622252,-0.09190070382737775,1
424.0,241.24861142866916,42.686758973570214,0.006895669479806586,0.37682237699161314,500003000.0,4.9999122723929865,1.2618169876319587e-05,4.629464063254417e-05,3.2433192835959477e-09,3.868694239182432e-08,0.004207753880957142,1.9055154784101783e-09,3.2446280490355502e-06,4.77713401806784e-12,0.008071227523369834,-0.09192877247663017,1
424.5,241.20264704243084,42.49866029294796,0.006900736301870441,0.3774363640839729,500003000.0,4.999914265540048,1.2619785496172839e-05,4.6313915438339616e-05,3.2312397065031815e-09,3.8549611590887255e-08,0.004209370359710812,1.9078973181365416e-09,3.2333714348314486e-06,4.7641426905944995e-12,0.008043225958864683,-0.09195677404113532,1
425.0,241.15666865541027,42.31125266263144,0.006905812919836216,0.3780507287037506,500003000.0,4.999916213990644,1.2621395094281034e-05,4.633312173865435e-05,3.219196216390674e-09,3.841260062947006e-08,0.004210981225151809,1.9102726521444954e-09,3.2221417821180414e-06,4.751150217815403e-12,0.008015291462741117,-0.09198470853725889,1
425.5,241.11067630114164,42.12453426252739,0.006910899333881088,0.37866547028158176,500003000.0,4.999918118732178,1.2622998688649801e-05,4.6352259693431906e-05,3.207188737535152e-09,3.827590955510565e-08,0.0042125864907476005,1.912641480286263e-09,3.21093908403081e-06,4.738156853299254e-12,0.007987424017923928,-0.09201257598207607,1
426.0,241.0646700131506,41.93850327376724,0.0069159955442062125,0.3792805882462169,500003000.0,4.999919980730614,1.2624596297246965e-05,4.6371329462637646e-05,3.195217194328537e-09,3.8139538411483796e-08,0.00421418616996214,1.9150038025337155e-09,3.1997633334146867e-06,4.72516284941021e-12,0.007959623606615156,-0.09204037639338485,1
426.5,241.01864982495388,41.75315787872426,0.006921101551047809,0.3798960820245544,500003000.0,4.9999218009309345,1.2626187938002606e-05,4.639033120625687e-05,3.1832815112820035e-09,3.800348723845672e-08,0.004215780276255709,1.9173596189778914e-09,3.188614522830027e-06,4.712168457305435e-12,0.00793189021030893,-0.09206810978969107,1
427.0,240.97261577005904,41.5684962610309,0.006926217354666844,0.38051195104167024,500003000.0,4.999923580257585,1.2627773628809116e-05,4.64092650842929e-05,3.1713816130201777e-09,3.786775607204451e-08,0.004217368823084782,1.9197089298285186e-09,3.1774926445486894e-06,4.699173926932669e-12,0.007904223809781724,-0.09209577619021828,1
427.5,240.92656788196393,41.38451660559581,0.006931342955359872,0.38112819472077436,500003000.0,4.999925319614911,1.2629353387521257e-05,4.642813125676512e-05,3.1595174242850528e-09,3.7732344944435245e-08,0.004218951823901879,1.922051735413527e-09,3.1663976905598534e-06,4.6861795070271815e-12,0.007876624385106824,-0.09212337561489319,1
428.0,240.88050619415648,41.201217098620845,0.006936478353455577,0.3817448124832335,500003000.0,4.999927019887586,1.2630927231956224e-05,4.644692988370711e-05,3.147688869933344e-09,3.759725388399034e-08,0.0042205292921554316,1.9243880361785664e-09,3.155329652569252e-06,4.673185445109412e-12,0.00784909191565242,-0.09215090808434759,1
428.5,240.8344307401143,41.01859592761825,0.006941623549305418,0.38236180374858647,500003000.0,4.999928681941036,1.263249517989369e-05,4.6465661125164735e-05,3.135895874931242e-09,3.746248291524922e-08,0.0042221012412896304,1.9267178326865124e-09,3.1442885219957748e-06,4.660191987482579e-12,0.007821626380073164,-0.09217837361992684,1
429.0,240.78834155330435,40.836651281427564,0.006946778543293302,0.3829791679344979,500003000.0,4.999930306621846,1.263405724907587e-05,4.64843251411942e-05,3.124138364357819e-09,3.732803205893016e-08,0.004223667684744287,1.9290411256169768e-09,3.1332742899767636e-06,4.64719937922984e-12,0.007794227756323334,-0.09220577224367667,1
429.5,240.7422386671825,40.65538135023226,0.006951943335841469,0.3835969044568174,500003000.0,4.999931894758162,1.2635613457207574e-05,4.6502922091860166e-05,3.112416263406628e-09,3.7193901331938554e-08,0.004225228635954698,1.9313579157658056e-09,3.122286947371463e-06,4.634207864212415e-12,0.0077668960216654166,-0.09223310397833459,1
430.0,240.69612211519333,40.474784325576856,0.00695711792739034,0.38421501272955694,500003000.0,4.999933447160085,1.2637163821956261e-05,4.652145213723385e-05,3.1007294973757113e-09,3.706009074736944e-08,0.004226784108351496,1.933668204044582e-09,3.111326484752856e-06,4.621217685067049e-12,0.007739631152649811,-0.0922603688473502,1
430.5,240.64999193076966,40.29485840038343,0.006962302318417764,0.3848334921648662,500003000.0,4.999934964620057,1.26387083609521e-05,4.653991543739111e-05,3.0890779916752515e-09,3.6926600314510396e-08,0.004228334115360522,1.935971991480121e-09,3.100392892417181e-06,4.608229083203547e-12,0.007712433125138482,-0.09228756687486152,1
431.0,240.60384814733223,40.11560176896836,0.006967496509429701,0.3854523421730667,500003000.0,4.999936447913242,1.264024709178801e-05,4.655831215241053e-05,3.0774616718224506e-09,3.679343003884849e-08,0.004229878670402666,1.938269279213963e-09,3.089486160380628e-06,4.595242298802872e-12,0.00768530191429676,-0.09231469808570325,1
431.5,240.55769079828937,39.93701262705886,0.006972700500963735,0.38607156216266,500003000.0,4.999937897797889,1.2641780032019731e-05,4.657664244237157e-05,3.0658804634421522e-09,3.666057992207563e-08,0.0042314177868937475,1.940560068501866e-09,3.0786062783817914e-06,4.58225757081507e-12,0.007658237494599438,-0.09234176250540056,1
432.0,240.51151991703668,39.75908917180959,0.006977914293583636,0.3866911515402839,500003000.0,4.999939315015699,1.2643307199165863e-05,4.659490646735261e-05,3.054334292263535e-09,3.652804996209044e-08,0.0042329514782443655,1.942844360713291e-09,3.067753235880174e-06,4.569275136956809e-12,0.0076312398398270375,-0.09236876016017297,1
432.5,240.4653355369566,39.58182960181895,0.006983137887889342,0.3873111097107756,500003000.0,4.999940700292179,1.2644828610707924e-05,4.6613104387429116e-05,3.0428230841235645e-09,3.63958401530079e-08,0.004234479757859763,1.945122157330889e-09,3.0569270220614614e-06,4.556295233709931e-12,0.0076043089230789515,-0.09239569107692105,1
433.0,240.41913769141811,39.4052321171456,0.006988371284505392,0.3879314360771102,500003000.0,4.999942054336983,1.2646344284090403e-05,4.66312363626717e-05,3.0313467649610417e-09,3.6263950485160134e-08,0.0042360026391396865,1.947393459949977e-09,3.0461276258333594e-06,4.543318096318936e-12,0.007577444716763068,-0.09242255528323694,1
433.5,240.3729264137765,39.229294919324715,0.006993614484087631,0.388552130040442,500003000.0,4.99994337784426,1.2647854236720813e-05,4.6649302553144254e-05,3.0199052608186616e-09,3.613238094510495e-08,0.004237520135478255,1.949658270278024e-09,3.035355035829451e-06,4.5303439587894816e-12,0.007550647192605379,-0.09244935280739462,1
434.0,240.3267017373728,39.05401621138418,0.006998867487324423,0.3891731910000975,500003000.0,4.999944671492981,1.2649358485969734e-05,4.666730311890207e-05,3.0084984978426315e-09,3.600113151563084e-08,0.004239032260263813,1.95191659013412e-09,3.02460924041061e-06,4.517373053886475e-12,0.007523916321653492,-0.09247608367834652,1
434.5,240.28046369553363,38.87939419786084,0.007004130294929584,0.38979461835357976,500003000.0,4.99994593594727,1.2650857049170873e-05,4.668523821998995e-05,2.997126402278798e-09,3.587020217576308e-08,0.004240539026878803,1.9541684214484583e-09,3.0138902276628925e-06,4.5044056131323574e-12,0.007497252074271383,-0.09250274792572863,1
435.0,240.23421232157077,38.70542708481647,0.0070094029076523175,0.39041641149654954,500003000.0,4.999947171856714,1.265234994362111e-05,4.670310801644033e-05,2.985788900476037e-09,3.573959290076836e-08,0.004242040448699623,1.956413766261796e-09,3.0031979854027228e-06,4.491441866805223e-12,0.007470654420152296,-0.09252934557984771,1
435.5,240.18794764878083,38.53211307985381,0.007014685326270508,0.39103856982285656,500003000.0,4.999948379856681,1.2653837186580552e-05,4.6720912668271416e-05,2.974485918882549e-09,3.560930366216295e-08,0.0042435365390964975,1.958652626724931e-09,2.992532501174939e-06,4.478482043937456e-12,0.007444123328313892,-0.09255587667168612,1
436.0,240.141669710445,38.35945039213267,0.007019977551585659,0.39166109272451555,500003000.0,4.999949560568628,1.2655318795272573e-05,4.673865233548528e-05,2.963217384042916e-09,3.547933442771731e-08,0.0042450273114333316,1.9608850050981634e-09,2.9818937622515927e-06,4.465526372313934e-12,0.007417658767095245,-0.09258234123290476,1
436.5,240.09537853982854,38.18743723238556,0.007025279584439454,0.39228397959171224,500003000.0,4.999950714600391,1.2656794786883875e-05,4.675632717806601e-05,2.951983222604289e-09,3.534968516146309e-08,0.0042465127790675865,1.9631109037507592e-09,2.971281755639935e-06,4.45257507847059e-12,0.007391260704176725,-0.09260873929582328,1
437.0,240.04907417018063,38.01607181293372,0.007030591425693458,0.3929072298128318,500003000.0,4.999951842546491,1.2658265178564528e-05,4.677393735597786e-05,2.9407833613070276e-09,3.5220355823701224e-08,0.004247992955350143,1.9653303251604122e-09,2.9606964680747432e-06,4.439628387693151e-12,0.007364929106560904,-0.0926350708934391,1
437.5,240.0027566347339,37.845352347702665,0.007035913076246083,0.39353084277442124,500003000.0,4.999952944988405,1.2659729987428024e-05,4.679148302916336e-05,2.9296177269910595e-09,3.509134637100647e-08,0.004249467853625162,1.9675432719127033e-09,2.9501378860264667e-06,4.426686524015473e-12,0.0073386639405928124,-0.0926613360594072,1
438.0,239.95642596670422,37.675277052237924,0.007041244537023411,0.3941548178611978,500003000.0,4.999954022494858,1.266118923055132e-05,4.680896435754148e-05,2.918486246591242e-09,3.4962656756234565e-08,0.004250937487229957,1.9697497467005565e-09,2.939605995698291e-06,4.413749710218239e-12,0.007312465171952643,-0.09268753482804737,1
438.5,239.9100821992902,37.505844143720594,0.007046585808980629,0.3947791544560816,500003000.0,4.999955075622097,1.2662642924974887e-05,4.682638150100574e-05,2.907388847137218e-09,3.4834286928531504e-08,0.004252401869494857,1.971949752323693e-09,2.929100783027724e-06,4.400818167827988e-12,0.007286332765659699,-0.09271366723434031,1
439.0,239.86372536567302,37.3370518409828,0.007051936893106177,0.3954038519401765,500003000.0,4.99995610491415,1.2664091087702765e-05,4.6843734619422414e-05,2.8963254557543633e-09,3.470623683333934e-08,0.004253861013743082,1.9741432916880833e-09,2.9186222336892726e-06,4.387892117115715e-12,0.0072602666860790465,-0.09273973331392096,1
439.5,239.81735549901606,37.16889836452328,0.007057297790410763,0.39602890969274573,500003000.0,4.999957110903103,1.2665533735702595e-05,4.6861023872628616e-05,2.885295999658561e-09,3.457850641240191e-08,0.004255314933290597,1.976330367805397e-09,2.908170333090888e-06,4.374971777095543e-12,0.007234266896912672,-0.09276573310308733,1
440.0,239.77097263246452,37.00138193652255,0.007062668501942787,0.3966543270912605,500003000.0,4.999958094109347,1.2666970885905677e-05,4.6878249420430504e-05,2.8743004061617834e-09,3.445109560377552e-08,0.004256763641445996,1.9785109837924538e-09,2.8977450663813063e-06,4.3620573655240275e-12,0.007208333361217751,-0.09279166663878226,1
440.5,239.72457679914513,36.83450078085827,0.007068049028777359,0.39728010351135096,500003000.0,4.999959055041837,1.266840255520701e-05,4.689541142260142e-05,2.8633386026668813e-09,3.432400434183322e-08,0.00425820715151036,1.9806851428706658e-09,2.887346418446495e-06,4.349149098898723e-12,0.007182466041397795,-0.0928175339586022,1
441.0,239.67816803216581,36.668253123120415,0.007073439372020597,0.39790623832686833,500003000.0,4.999959994198332,1.2669828760465343e-05,4.691251003888006e-05,2.8524105166686326e-09,3.4197232557276555e-08,0.004259645476777131,1.9828528483654838e-09,2.8769743739124064e-06,4.3362471924577145e-12,0.007156664899209512,-0.0928433351007905,1
441.5,239.63174636461542,36.50263719062653,0.007078839532802868,0.3985327309098346,500003000.0,4.999960912065645,1.2671249518503218e-05,4.692954542896863e-05,2.841516075750344e-09,3.4070780177140176e-08,0.004261078630531982,1.98501410370584e-09,2.8666289171432388e-06,4.323351860178306e-12,0.007130929895758476,-0.09286907010424153,1
442.0,239.5853118295633,36.337651212436555,0.0070842495122946745,0.39915958063045887,500003000.0,4.999961809119874,1.2672664846107013e-05,4.694651775253103e-05,2.8306552075895417e-09,3.394464712480101e-08,0.004262506626052689,1.9871689124235897e-09,2.856310032248861e-06,4.310463314776316e-12,0.0071052609915175985,-0.09289473900848241,1
442.5,239.53886446005905,36.17329341936798,0.007089669311687366,0.3997867868571478,500003000.0,4.999962685826631,1.2674074760026988e-05,4.696342716919102e-05,2.8198278399495673e-09,3.381883331998685e-08,0.004263929476608998,1.989317278152946e-09,2.8460177030780053e-06,4.297581767705344e-12,0.007079658146310191,-0.09292034185368982,1
443.0,239.4924042891322,36.009562044010735,0.007095098932203688,0.40041434895649325,500003000.0,4.999963542641277,1.267547927697733e-05,4.698027383853041e-05,2.8090339006831624e-09,3.3693338678783985e-08,0.004265347195462496,1.9914592046299208e-09,2.835751913223557e-06,4.284707429155971e-12,0.007054121319323131,-0.09294587868067687,1
443.5,239.44593134979186,35.84645532074194,0.007100538375099647,0.4010422662932842,500003000.0,4.99996438000914,1.2676878413636195e-05,4.6997057920087235e-05,2.798273317732542e-09,3.356816311364634e-08,0.004266759795866489,1.993594695691763e-09,2.825512646024292e-06,4.271840508055169e-12,0.0070286504691111735,-0.09297134953088883,1
444.0,239.3994456750264,35.68397148574065,0.007105987641659798,0.40167053823050713,500003000.0,4.999965198365726,1.2678272186645758e-05,4.7013779573353935e-05,2.7875460191268815e-09,3.344330653340403e-08,0.004268167291065871,1.9957237552763826e-09,2.8152998845639943e-06,4.258981212065705e-12,0.007003245553594766,-0.09299675444640523,1
444.5,239.3529472978032,35.5221087770026,0.007111446733196203,0.40229916412934136,500003000.0,4.999965998136943,1.267966061261225e-05,4.703043895777557e-05,2.776851932981303e-09,3.3318768843271665e-08,0.0042695696942969975,1.9978463874217967e-09,2.805113611672084e-06,4.246129747585538e-12,0.0069779065300616065,-0.0930220934699384,1
445.0,239.30643625106825,35.36086543435477,0.007116915651052209,0.40292814334915916,500003000.0,4.9999667797392995,1.2681043708105999e-05,4.7047036232748e-05,2.7661909874977414e-09,3.3194549944857225e-08,0.0042709670187875545,1.9999625962655486e-09,2.7949538099261348e-06,4.2332863197473336e-12,0.006952633355172902,-0.0930473666448271,1
445.5,239.25991256774583,35.200239699469854,0.007122394396602467,0.4035574752475295,500003000.0,4.999967543580112,1.2682421489661481e-05,4.706357155761609e-05,2.755563110964336e-09,3.307064973617126e-08,0.004272359277756443,2.0020723860441448e-09,2.784820461652894e-06,4.2204511324180714e-12,0.0069274259849659145,-0.09307257401503409,1
446.0,239.21337628073832,35.0402298158808,0.007127882971246998,0.4041871591802312,500003000.0,4.999968290057705,1.2683793973777358e-05,4.708004509167191e-05,2.744968231752553e-09,3.294706811163664e-08,0.004273746484413642,2.0041757610924807e-09,2.774713548927012e-06,4.207624388198749e-12,0.006902284374850792,-0.09309771562514921,1
446.5,239.16682742292573,34.88083402899507,0.007133381376420696,0.40481719450123316,500003000.0,4.999969019561607,1.2685161176916517e-05,4.709645699415296e-05,2.734406278320262e-09,3.2823804962096676e-08,0.004275128651960092,2.0062727258432684e-09,2.764633053575771e-06,4.19480628842394e-12,0.0068772084796223385,-0.09312279152037767,1
447.0,239.12026602716554,34.72205058610899,0.007138889613584311,0.4054475805627034,500003000.0,4.999969732472733,1.2686523115506121e-05,4.7112807424240375e-05,2.7238771792076984e-09,3.2700860174824865e-08,0.004276505793587567,2.00836328482646e-09,2.7545789571766285e-06,4.18199703316158e-12,0.0068521982534538945,-0.0931478017465461,1
447.5,239.07369212629226,34.56387773642192,0.007144407684231739,0.4060783167150256,500003000.0,4.999970429163586,1.2687879805937641e-05,4.712909654105714e-05,2.7133808630396924e-09,3.257823363353536e-08,0.004277877922478551,2.0104474426686745e-09,2.7445512410610745e-06,4.169196821212901e-12,0.0068272536499069435,-0.09317274635009307,1
448.0,239.0271057531172,34.40631373105046,0.007149935589881071,0.4067094023067672,500003000.0,4.999971109998427,1.2689231264566903e-05,4.714532450366633e-05,2.7029172585217164e-09,3.2455925218390626e-08,0.004279245051806116,2.012525204092624e-09,2.7345498863122466e-06,4.156405850112049e-12,0.006802374621925169,-0.09319762537807484,1
448.5,238.98050694042817,34.24935682304236,0.007155473332087737,0.40734083668472715,500003000.0,4.999971775333458,1.2690577507714124e-05,4.716149147106934e-05,2.692486294444321e-09,3.233393480601396e-08,0.004280607194733795,2.014596573916528e-09,2.7245748737710146e-06,4.143624316126348e-12,0.0067775611218496,-0.0932224388781504,1
449.0,238.93389572098909,34.09300526739062,0.007161020912431358,0.4079726191938815,500003000.0,4.9999724255170035,1.2691918551663963e-05,4.717759760220408e-05,2.6820878996776303e-09,3.2212262269496054e-08,0.004281964364415468,2.016661557053541e-09,2.7146261840320106e-06,4.1308524142558735e-12,0.006752813101408724,-0.09324718689859128,1
449.5,238.8872721275398,33.93725732104738,0.007166578332520741,0.4086047491774214,500003000.0,4.99997306088967,1.269325441266555e-05,4.7193643055943286e-05,2.6717220031727275e-09,3.209090747840718e-08,0.0042833165739952295,2.0187201585111714e-09,2.7047037974466094e-06,4.118090338233751e-12,0.006728130511725912,-0.0932718694882741,1
450.0,238.84063619279567,33.78211124293762,0.007172145594000323,0.4092372259767654,500003000.0,4.999973681784523,1.2694585106932532e-05,4.720962799109269e-05,2.6613885339635272e-09,3.1969870298807925e-08,0.0042846638366072776,2.020772383390697e-09,2.6948076941264122e-06,4.105338280526339e-12,0.006703513303328077,-0.09329648669667193,1
450.5,238.79398794944734,33.62756529397298,0.007177722698539513,0.4098700489315118,500003000.0,4.999974288527249,1.2695910650643112e-05,4.7225552566389315e-05,2.6510874211622945e-09,3.1849150593256534e-08,0.004286006165375785,2.0228182368865876e-09,2.6849378539402874e-06,4.092596432333007e-12,0.006678961426138316,-0.09332103857386169,1
451.0,238.74732743016042,33.47361773706547,0.007183309647836464,0.4105032173794853,500003000.0,4.999974881436317,1.2697231059940093e-05,4.724141694049973e-05,2.6408185939605955e-09,3.172874822082195e-08,0.004287343573414786,2.024857724285922e-09,2.6750942565168967e-06,4.079864983586684e-12,0.0066544748294821935,-0.0933455251705178,1
451.5,238.70065466757518,33.32026683714092,0.007188906443623698,0.41113673065672407,500003000.0,4.99997546082313,1.2698546350930908e-05,4.725722127201828e-05,2.630581981630854e-09,3.16086630370934e-08,0.00428867607382805,2.026890850967801e-09,2.6652768812478406e-06,4.067144122954006e-12,0.006630053462095568,-0.09336994653790444,1
452.0,238.65396969430623,33.167510861152586,0.00719451308766025,0.4117705880974632,500003000.0,4.999976026992188,1.2699856539687669e-05,4.727296571946537e-05,2.6203775135229948e-09,3.148889489418996e-08,0.004290003679708969,2.0289176224027647e-09,2.655485707285813e-06,4.054434037835504e-12,0.006605697272119995,-0.09339430272788,1
452.5,238.6072725429423,33.015348078094526,0.007200129581734642,0.41240478903416533,500003000.0,4.999976580241231,1.27011616422472e-05,4.728865044128576e-05,2.6102051190650882e-09,3.136944364077289e-08,0.0042913264041404345,2.0309380441522084e-09,2.6457207135468085e-06,4.041734914366187e-12,0.006581406207108228,-0.09341859379289177,1
453.0,238.56056324604586,32.86377675901497,0.007205755927665756,0.4130393327975017,500003000.0,4.9999771208613915,1.2702461674611082e-05,4.730427559584678e-05,2.6000647277632064e-09,3.12503091220553e-08,0.004292644260194721,2.032952121867796e-09,2.635981878711523e-06,4.029046937415825e-12,0.00655718021402769,-0.09344281978597231,1
453.5,238.51384183615286,32.71279517702949,0.007211392127305041,0.41367421871636056,500003000.0,4.999977649137335,1.2703756652745683e-05,4.731984134143669e-05,2.589956269201759e-09,3.1131491179813425e-08,0.004293957260933369,2.0349598612908757e-09,2.6262691812272298e-06,4.016370290589472e-12,0.006533019239265152,-0.09346698076073486,1
454.0,238.4671083457725,32.56240160733432,0.0072170381825288595,0.4143094461178365,500003000.0,4.999978165347406,1.2705046592582204e-05,4.7335347836262885e-05,2.579879673040315e-09,3.1012989652396927e-08,0.004295265419407067,2.036961268251887e-09,2.616582599306098e-06,4.003705156227909e-12,0.006508923228622545,-0.09349107677137745,1
454.5,238.4203628073868,32.4125943272194,0.007222694095244301,0.41494501432725206,500003000.0,4.999978669763757,1.2706331510016712e-05,4.735079523845026e-05,2.569834869015281e-09,3.089480437474124e-08,0.004296568748655536,2.0389563486697793e-09,2.606922110928419e-06,3.991051715408395e-12,0.006484892127324985,-0.09351510787267502,1
455.0,238.37360525345045,32.263371616081315,0.007228359867392731,0.41558092266815266,500003000.0,4.999979162652497,1.2707611420910182e-05,4.736618370603945e-05,2.559821786940711e-09,3.0776935178378323e-08,0.004297867261707414,2.0409451085514206e-09,2.59728769384495e-06,3.978410147945247e-12,0.006460925880026601,-0.0935390741199734,1
455.5,238.32683571639046,32.114731755436345,0.007234035500940034,0.4162171704622838,500003000.0,4.999979644273812,1.2708886341088534e-05,4.7381513396985175e-05,2.5498403567044507e-09,3.065938189144668e-08,0.00429916097158014,2.042927553991008e-09,2.5876793255745247e-06,3.965780632390358e-12,0.006437024430804601,-0.0935629755691954,1
456.0,238.28005422860588,31.96667302893333,0.007239720997882238,0.4168537570296246,500003000.0,4.999980114882102,1.271015628634267e-05,4.739678446915453e-05,2.5398905082697383e-09,3.054214433870453e-08,0.00430044989127984,2.0449036911694824e-09,2.5780969834071837e-06,3.953163346034185e-12,0.006413187723167047,-0.09358681227683296,1
456.5,238.23326082246746,31.819193722366265,0.007245416360253343,0.41749068168838416,500003000.0,4.9999805747260995,1.2711421272428509e-05,4.74119970803253e-05,2.529972171677532e-09,3.042522234154113e-08,0.004301734033801214,2.0468735263539324e-09,2.568540644408042e-06,3.940558464906502e-12,0.006389415700062483,-0.09361058429993752,1
457.0,238.1864555303175,31.67229212368725,0.007251121590105416,0.41812794375497264,500003000.0,4.999981024049005,1.2712681315067028e-05,4.742715138818429e-05,2.5200852770391705e-09,3.0308615717986555e-08,0.004303013412127418,2.048837065897012e-09,2.559010285411347e-06,3.927966163777035e-12,0.00636570830386515,-0.09363429169613485,1
457.5,238.1396383844694,31.52596652301895,0.00725683668952785,0.41876554254402504,500003000.0,4.999981463088598,1.2713936429944299e-05,4.744224755032565e-05,2.510229754542734e-09,3.0192324282724875e-08,0.004304288039229956,2.050794316236346e-09,2.5495058830284185e-06,3.915386616156537e-12,0.006342065476394743,-0.09365793452360527,1
458.0,238.0928094172076,31.38021521266722,0.007262561660635692,0.4194034773684222,500003000.0,4.9999818920773595,1.2715186632711523e-05,4.74572857242492e-05,2.5004055344486135e-09,3.0076347847106856e-08,0.004305557928068566,2.052745283893938e-09,2.5400274136446485e-06,3.902819994297868e-12,0.00631848715890894,-0.09368151284109107,1
458.5,238.04596866078705,31.2350364871335,0.007268296505576641,0.42004174753924395,500003000.0,4.999982311242594,1.2716431938985067e-05,4.747226606735878e-05,2.4906125470915684e-09,2.996068621915938e-08,0.0043068230915911075,2.054689975475583e-09,2.530574853423067e-06,3.890266469196669e-12,0.006294973292112279,-0.09370502670788773,1
459.0,237.9991161474331,31.09042864312723,0.007274041226526379,0.42068035236581175,500003000.0,4.9999827208065275,1.2717672364346506e-05,4.748718873696058e-05,2.4808507228787818e-09,2.98453392035996e-08,0.00430808354273345,2.056628397670274e-09,2.5211481783038493e-06,3.8777262105927026e-12,0.00627152381615493,-0.09372847618384507,1
459.5,237.9522519093412,30.946389979578086,0.007279795825693593,0.42131929115567807,500003000.0,4.999983120986437,1.2718907924342653e-05,4.75020538902615e-05,2.471119992291215e-09,2.973030660184636e-08,0.004309339294419365,2.0585605572496133e-09,2.5117473640071594e-06,3.865199386970872e-12,0.006248138670639763,-0.09375186132936024,1
460.0,237.90537597867652,30.8029187976483,0.007285560305311288,0.4219585632145945,500003000.0,4.999983511994747,1.2720138634485594e-05,4.751686168436752e-05,2.4614202858803413e-09,2.9615588212030726e-08,0.004310590359560409,2.060486461067217e-09,2.5023723860313033e-06,3.852686165562163e-12,0.006224817794617764,-0.09377518220538224,1
460.5,237.85848838757383,30.660013400744642,0.007291334667650278,0.42259816784658166,500003000.0,4.9999838940391435,1.272136451025273e-05,4.7531612276282026e-05,2.4517515342723746e-09,2.9501183829011795e-08,0.00431183675105582,2.062406116058128e-09,2.493023219658478e-06,3.840186712345305e-12,0.006201561126602327,-0.09379843887339767,1
461.0,237.81158916813712,30.517672094530603,0.0072971189150041705,0.4232381043538546,500003000.0,4.99998426732267,1.2722585567086811e-05,4.754630582290422e-05,2.442113668162884e-09,2.938709324438506e-08,0.0043130784817924095,2.064319529238223e-09,2.4836998399507627e-06,3.8277011920475145e-12,0.006178368604559289,-0.09382163139544071,1
461.5,237.7646783524394,30.375893186938363,0.00730291304969631,0.423878372036868,500003000.0,4.999984632043836,1.2723801820395971e-05,4.756094248102747e-05,2.432506618318856e-09,2.9273316246497237e-08,0.004314315564644451,2.0662267077036174e-09,2.4744022217536593e-06,3.8152297681461006e-12,0.006155240165915733,-0.09384475983408427,1
462.0,237.71775597252235,30.234674988180572,0.0073087170740862165,0.42451897019432305,500003000.0,4.999984988396716,1.2725013285553761e-05,4.75755224073377e-05,2.4229303155805057e-09,2.915985262045907e-08,0.004315548012473568,2.06812765863008e-09,2.465130339699377e-06,3.802772602869853e-12,0.006132175747568158,-0.09386782425243184,1
462.5,237.67082206039615,30.094015810762276,0.007314530990556789,0.4251598981231392,500003000.0,4.999985336571044,1.272621997789919e-05,4.759004575841178e-05,2.4133846908567356e-09,2.9046702148156316e-08,0.004316775838128637,2.070022389272436e-09,2.4558841682036574e-06,3.790329857200245e-12,0.006109175285874587,-0.09389082471412542,1
463.0,237.62387664803907,29.95391396949251,0.007320354801527551,0.4258011551184715,500003000.0,4.999985676752311,1.2727421912736755e-05,4.760451269071591e-05,2.4038696751292323e-09,2.893386460826347e-08,0.004317999054445673,2.0719109069639815e-09,2.4466636814713756e-06,3.777901690872997e-12,0.006086238716668488,-0.09391376128333152,1
463.5,237.5769197673974,29.814367781496145,0.007326188509437881,0.4264427404736904,500003000.0,4.999986009121859,1.2728619105336478e-05,4.761892336060404e-05,2.3943851994466788e-09,2.8821339776255264e-08,0.004319217674247723,2.073793219115885e-09,2.437468853492071e-06,3.765488262379413e-12,0.006063365975247675,-0.09393663402475233,1
464.0,237.52995145038503,29.67537556622521,0.007332032116768957,0.4270846534804523,500003000.0,4.999986333856971,1.2729811570933944e-05,4.763327792431625e-05,2.3849311949316695e-09,2.8709127424423163e-08,0.004320431710344766,2.0756693332166025e-09,2.4282996580484163e-06,3.753089728968403e-12,0.006040556996395356,-0.09395944300360465,1
464.5,237.48297172888323,29.53693564547056,0.007337885626022588,0.4277268934285805,500003000.0,4.999986651130961,1.273099932473033e-05,4.764757653797719e-05,2.375507592773529e-09,2.859722732188226e-08,0.0043216411755336035,2.0775392568312827e-09,2.4191560687103213e-06,3.740706246647279e-12,0.006017811714365479,-0.09398218828563452,1
465.0,237.43598063474042,29.3990463433732,0.007343749039734577,0.42836945960618517,500003000.0,4.999986961113262,1.2732182381892447e-05,4.7661819357594485e-05,2.366114324232421e-09,2.8485639234590184e-08,0.004322846082597753,2.079402997601178e-09,2.410038058840529e-06,3.728337970184156e-12,0.005995130062896647,-0.09400486993710336,1
465.5,237.38897819977186,29.26170598643553,0.0073496223604741975,0.42901235129959936,500003000.0,4.99998726396951,1.2733360757552766e-05,4.767600653905716e-05,2.3567513206388897e-09,2.8374362925356988e-08,0.004324046444307354,2.0812605632430562e-09,2.4009456015955543e-06,3.715985053109227e-12,0.005972511975214454,-0.09402748802478555,1
466.0,237.34196445575947,29.124912903532763,0.007355505590830925,0.4296555677933827,500003000.0,4.99998755986163,1.273453446680946e-05,4.769013823813409e-05,2.347418513389391e-09,2.8263398153858407e-08,0.004325242273419051,2.0831119615486053e-09,2.3918786699225357e-06,3.7036476477164925e-12,0.005949957384023655,-0.09405004261597635,1
466.5,237.29493943445146,28.988665425923887,0.007361398733435277,0.4302991083703457,500003000.0,4.999987848947915,1.2735703524726437e-05,4.7704214610472415e-05,2.338115833952709e-09,2.815274467665039e-08,0.004326433582675905,2.084957200383848e-09,2.3828372365671646e-06,3.691325905065708e-12,0.005927466221527887,-0.09407253377847212,1
467.0,237.24790316756224,28.852961887262936,0.007367301790935791,0.4309429723115206,500003000.0,4.999988131383109,1.2736867946333369e-05,4.7718235811596005e-05,2.3288432138624157e-09,2.8042402247180804e-08,0.004327620384807279,2.086796287688549e-09,2.3738212740673966e-06,3.679019974983985e-12,0.00590503841941403,-0.09409496158058597,1
467.5,237.20085568677194,28.71780062360974,0.007373214766024856,0.4315871588962058,500003000.0,4.999988407318484,1.273802774662573e-05,4.773220199690391e-05,2.319600584724813e-09,2.7932370615805056e-08,0.004328802692528741,2.08862923147563e-09,2.3648307547629274e-06,3.666730006067952e-12,0.0058826739088757764,-0.09411732609112423,1
468.0,237.15379702372638,28.583179973441023,0.0073791376614146436,0.4322316674019265,500003000.0,4.999988676901916,1.2739182940564837e-05,4.774611332166881e-05,2.3103878782111255e-09,2.782264952979742e-08,0.004329980518541969,2.0904560398305773e-09,2.3558656507886206e-06,3.654456145685381e-12,0.005860372620597282,-0.09413962737940272,1
468.5,237.1067272100367,28.449098277661175,0.007385070479849844,0.4328764971044385,500003000.0,4.999988940277964,1.2740333543077867e-05,4.775996994103549e-05,2.3012050260613185e-09,2.7713238733364942e-08,0.00433115387553464,2.092276720910856e-09,2.346925934079768e-06,3.6421985399771825e-12,0.005838134484766251,-0.09416186551523376,1
469.0,237.05964627727909,28.31555387961295,0.007391013224108254,0.43352164727775944,500003000.0,4.999989197587935,1.2741479569057909e-05,4.777377201001932e-05,2.2920519600840604e-09,2.760413796766233e-08,0.004332322776180342,2.09409128294532e-09,2.3380115763734284e-06,3.6299573338595746e-12,0.005815959431077269,-0.09418404056892274,1
469.5,237.01255425699463,28.18254512508818,0.0073969658969939905,0.4341671171941328,500003000.0,4.999989448969966,1.2742621033363985e-05,4.778751968350472e-05,2.2829286121544237e-09,2.7495346970803966e-08,0.004333487233138459,2.0958997342336287e-09,2.329122549207442e-06,3.617732671025901e-12,0.005793847388729348,-0.09420615261127066,1
470.0,236.965451180689,28.05007036233833,0.007402928501343779,0.4348129061240508,500003000.0,4.999989694559088,1.2743757950821093e-05,4.780121311624366e-05,2.2738349142156474e-09,2.7386865477878624e-08,0.004334647259054092,2.097702083145657e-09,2.320258823923591e-06,3.605524693948839e-12,0.0057717982864337915,-0.09422820171356622,1
470.5,236.9183370798322,27.918127942085004,0.007408901040023662,0.4354590133362628,500003000.0,4.999989934487294,1.2744890336220231e-05,4.781485246285414e-05,2.2647707982779383e-09,2.7278693220963603e-08,0.004335802866557945,2.0994983381209096e-09,2.311420371667731e-06,3.5933335438825652e-12,0.005749812052414518,-0.09425018794758548,1
471.0,236.87121198585842,27.786716217530387,0.007414883515927537,0.43610543809773583,500003000.0,4.999990168883612,1.274601820431844e-05,4.7828437877818704e-05,2.2557361964178583e-09,2.717082992913683e-08,0.004336954068266235,2.1012885076679385e-09,2.3026071633905114e-06,3.581159360864692e-12,0.0057278886144098585,-0.09427211138559015,1
471.5,236.82407593016563,27.655833544367546,0.007420875931982243,0.43675217967370517,500003000.0,4.999990397874165,1.2747141569838831e-05,4.784196951548295e-05,2.2467310407797148e-09,2.706327532849302e-08,0.0043381008767805936,2.1030726003637534e-09,2.2938191698501436e-06,3.5690022837187627e-12,0.005706027899679434,-0.09429397210032057,1
472.0,236.77692894411547,27.52547828079063,0.007426878291147595,0.43739923732764746,500003000.0,4.999990621582237,1.2748260447470618e-05,4.7855447530054026e-05,2.2377552635753773e-09,2.695602914215638e-08,0.004339243304687967,2.1048506248532425e-09,2.2850563616135508e-06,3.5568624500563315e-12,0.005684229835007025,-0.09431577016499298,1
472.5,236.72977105903297,27.395648787505177,0.0074328905964052795,0.4380466103212719,500003000.0,4.999990840128337,1.2749374851869159e-05,4.786887207559917e-05,2.2288087970807976e-09,2.6849091090294232e-08,0.004340381364560532,2.106622589848585e-09,2.2763187090541476e-06,3.5447399962791947e-12,0.005662494346695043,-0.09433750565330497,1
473.0,236.68260230620632,27.2663434277381,0.0074389128507732875,0.4386942979145569,500003000.0,4.999991053630261,1.2750484797655979e-05,4.788224330604424e-05,2.2198915736402077e-09,2.6742460890132812e-08,0.004341515068955585,2.1083885041286747e-09,2.2676061823574575e-06,3.5326350575819413e-12,0.005640821360578504,-0.0943591786394215,1
473.5,236.6354227168866,27.13756056724768,0.007444945057300997,0.43934229936570873,500003000.0,4.9999912622031495,1.2751590299418811e-05,4.789556137517222e-05,2.2110035256644752e-09,2.663613825596949e-08,0.004342644430415461,2.1101483765385283e-09,2.258918751520758e-06,3.5205477679540645e-12,0.005619210802024149,-0.09438078919797585,1
474.0,236.5882323222876,27.009298574333542,0.007450987219064065,0.43999061393118616,500003000.0,4.999991465959549,1.2752691371711626e-05,4.790882643662182e-05,2.2021445856294597e-09,2.65301228991881e-08,0.004343769461467432,2.111902215988714e-09,2.2502563863527183e-06,3.5084782601825116e-12,0.005597662595929537,-0.09440233740407047,1
474.5,236.54103115358558,26.881555819846508,0.007457039339168764,0.44063924086570344,500003000.0,4.999991665009469,1.2753788029054665e-05,4.7922038643885956e-05,2.1933146860771813e-09,2.642441452827327e-08,0.004344890174623614,2.113650031454766e-09,2.2416190564759096e-06,3.496426665854145e-12,0.005576176666729298,-0.0944238233332707,1
475.0,236.49381924191894,26.75433067719829,0.007463101420754841,0.4412881794222227,500003000.0,4.999991859460437,1.2754880285934473e-05,4.793519815031037e-05,2.1845137596165246e-09,2.6319012848824507e-08,0.00434600658238088,2.115391831976603e-09,2.2330067313288288e-06,3.484393115358185e-12,0.00555475293840016,-0.09444524706159985,1
475.5,236.44659661838816,26.62762152237124,0.0074691734669882145,0.44193742885195486,500003000.0,4.999992049417555,1.2755968156803934e-05,4.7948305109092155e-05,2.1757417389209806e-09,2.6213917563570492e-08,0.0043471186972207625,2.117127626657957e-09,2.2244193801649015e-06,3.4723777378887298e-12,0.005533391334458471,-0.09446660866554153,1
476.0,236.3993633140554,26.501426733927847,0.007475255481071161,0.44258698840436056,500003000.0,4.999992234983556,1.27570516560823e-05,4.796135967327835e-05,2.1669985567315015e-09,2.6109128372383633e-08,0.004348226531609364,2.1188574246657908e-09,2.2158569720566936e-06,3.460380661447325e-12,0.005512091777970675,-0.09448790822202933,1
476.5,236.35211935994437,26.375744693020344,0.0074813474662310635,0.4432368573271487,500003000.0,4.999992416258848,1.2758130798155226e-05,4.797436199576449e-05,2.1582841458531192e-09,2.6004644972294363e-08,0.004349330097997267,2.1205812352297188e-09,2.2073194758937486e-06,3.4484020128455402e-12,0.005490854191547936,-0.09450914580845207,1
477.0,236.30486478704015,26.250573783400167,0.007487449425723396,0.44388703486627795,500003000.0,4.9999925933415765,1.2759205597374804e-05,4.798731222929324e-05,2.1495984391557408e-09,2.5900467057505858e-08,0.0043504294088194395,2.1222990676414378e-09,2.198806860384694e-06,3.4364419177076324e-12,0.005469678497351373,-0.09453032150264863,1
477.5,236.25759962628882,26.12591239142717,0.0074935613628425,0.44453752026596394,500003000.0,4.999992766327669,1.2760276068059593e-05,4.800021052645295e-05,2.1409413695771245e-09,2.5796594319408897e-08,0.0043515244764951505,2.1240109312541466e-09,2.190319094061563e-06,3.4245005004732476e-12,0.005448564617102811,-0.09455143538289719,1
478.0,236.21032390859736,26.00175890607899,0.007499683280907584,0.4451883127686896,500003000.0,4.999992935310884,1.2761342224494654e-05,4.801305703967625e-05,2.1323128701187705e-09,2.56930264465968e-08,0.004352615313427879,2.1257168354819746e-09,2.1818561452768767e-06,3.4125778844001746e-12,0.005427512472077528,-0.09457248752792248,1
478.5,236.1630376648334,25.878111718960284,0.007505815183264335,0.44583941161514534,500003000.0,4.999993100382861,1.2762404080931577e-05,4.802585192123869e-05,2.123712873846333e-09,2.558976312487778e-08,0.004353701932005222,2.1274167897994067e-09,2.1734179822053335e-06,3.4006741915667784e-12,0.005406521983108451,-0.09459347801689155,1
479.0,236.11574092582495,25.75496922431166,0.007511957073300514,0.4464908160443227,500003000.0,4.999993261633169,1.2763461651588523e-05,4.8038595323257335e-05,2.115141313893931e-09,2.548680403729346e-08,0.0043547843445988135,2.1291108037407164e-09,2.1650045728494988e-06,3.388789542875285e-12,0.00538559307060031,-0.0946144069293997,1
479.5,236.06843372236025,25.632329819018903,0.007518108954421866,0.4471425252934453,500003000.0,4.999993419149348,1.2764514950650252e-05,4.80512873976894e-05,2.106598123457281e-09,2.538414886413079e-08,0.004355862563564232,2.130798886899388e-09,2.15661588503403e-06,3.3769240580542173e-12,0.0053647256545152795,-0.09463527434548473,1
480.0,236.02111608518751,25.510191902621756,0.007524270830073518,0.4477945385979983,500003000.0,4.99999357301696,1.2765563992268151e-05,4.806392829633087e-05,2.0980832357996507e-09,2.528179728293811e-08,0.004356936601240915,2.132481048927555e-09,2.1482518864130382e-06,3.3650778556614135e-12,0.005343919654391282,-0.09465608034560873,1
480.5,235.97378804501471,25.388553877322877,0.0075304427037263056,0.44844685519170396,500003000.0,4.999993723319628,1.2766608790560276e-05,4.807651817081514e-05,2.089596584247957e-09,2.5179748968538973e-08,0.004358006469952074,2.134157299535425e-09,2.1399125444673485e-06,3.35325105308677e-12,0.005323174989335181,-0.09467682501066482,1
481.0,235.9264496325094,25.267414147996575,0.007536624578884087,0.4490994743065606,500003000.0,4.999993870139083,1.2767649359611374e-05,4.808905717261166e-05,2.0811381021947496e-09,2.5078003593048678e-08,0.004359072182004607,2.135827648490714e-09,2.131597826507775e-06,3.341443766555379e-12,0.005302491578030917,-0.09469750842196908,1
481.5,235.8791008782984,25.146771122197496,0.007542816459081584,0.4497523951728136,500003000.0,4.999994013555207,1.2768685713472922e-05,4.8101545453024604e-05,2.0727077230975496e-09,2.497656082588801e-08,0.0043601337496890135,2.137492105618084e-09,2.123307699675694e-06,3.3296561111303258e-12,0.005281869338740949,-0.09471813066125906,1
482.0,235.83174181296778,25.026623210169326,0.007549018347878849,0.45040561701895554,500003000.0,4.9999941536460675,1.276971786616316e-05,4.81139831631915e-05,2.0643053804773006e-09,2.4875420333798215e-08,0.004361191185279315,2.1391506807985727e-09,2.1150421309427e-06,3.3178882007156662e-12,0.005261308189305384,-0.09473869181069462,1
482.5,235.78437246706244,24.906968824853212,0.007555230248874117,0.45105913907174944,500003000.0,4.999994290487965,1.277074583166712e-05,4.8126370454081934e-05,2.0559310079218288e-09,2.4774581780857073e-08,0.004362244501032963,2.1408033839690327e-09,2.106801087115378e-06,3.3061401480595898e-12,0.005240808047153854,-0.09475919195284616,1
483.0,235.73699287108602,24.78780638189627,0.007561452165692477,0.45171296055620597,500003000.0,4.999994424155471,1.2771769623936662e-05,4.813870747649618e-05,2.0475845390827055e-09,2.4674044828492882e-08,0.004363293709190766,2.1424502251215685e-09,2.0985845348333272e-06,3.2944120647573265e-12,0.005220368829300606,-0.0947796311706994,1
483.5,235.68960305550067,24.66913429965998,0.007567684101988396,0.45236708069559745,500003000.0,4.999994554721467,1.27727892568905e-05,4.815099438106393e-05,2.039265907675918e-09,2.457380913550026e-08,0.004364338821976797,2.1440912143029745e-09,2.0903924405710705e-06,3.2827040612543266e-12,0.0051999904523492395,-0.09480000954765076,1
484.0,235.64220305072683,24.55095099922842,0.0075739260614505295,0.45302149871143693,500003000.0,4.999994682257175,1.277380474441424e-05,4.816323131824296e-05,2.0309750474831264e-09,2.4473874358054413e-08,0.004365379851598317,2.145726361614175e-09,2.0822247706405666e-06,3.271016246849256e-12,0.0051796728324989645,-0.09482032716750104,1
484.5,235.5947928871431,24.433254904416565,0.007580178047792865,0.4536762138235177,500003000.0,4.999994806832209,1.2774816100360415e-05,4.817541843831783e-05,2.0227118923492693e-09,2.4374240149727864e-08,0.004366416810245693,2.147355677209667e-09,2.074081491189971e-06,3.259348729697357e-12,0.005159415885541519,-0.09484058411445849,1
485.0,235.54737259508585,24.31604444177831,0.00758644006476711,0.4543312252498837,500003000.0,4.999994928514597,1.2775823338548508e-05,4.818755589139858e-05,2.014476376185849e-09,2.427490616150453e-08,0.004367449710092318,2.148979171296961e-09,2.065962568208215e-06,3.2477016168134675e-12,0.005139219526872557,-0.09486078047312745,1
485.5,235.49994220484928,24.199318040614596,0.007592712116150425,0.454986532206821,500003000.0,4.999995047370824,1.2776826472764992e-05,4.8199643827419475e-05,2.006268432967643e-09,2.4175872041794627e-08,0.004368478563294528,2.150596854136025e-09,2.0578679675228436e-06,3.2360750140751943e-12,0.005119083671486268,-0.09488091632851374,1
486.0,235.45250174668502,24.083074132981366,0.007598994205752112,0.45564213390889546,500003000.0,4.999995163465865,1.277782551676336e-05,4.82116823961377e-05,1.998087996734481e-09,2.407713743645137e-08,0.004369503381991524,2.1522087360387314e-09,2.049797654803038e-06,3.224469026226334e-12,0.0050990082339829,-0.0949009917660171,1
486.5,235.40505125080202,23.967311153697462,0.007605286337411375,0.45629802956891125,500003000.0,4.999995276863219,1.2778820484264155e-05,4.822367174713209e-05,1.989935001590647e-09,2.3978701988784798e-08,0.004370524178305296,2.1538148273683007e-09,2.041751595560202e-06,3.212883756879953e-12,0.005078993128570221,-0.09492100687142979,1
487.0,235.35759074736632,23.85202754035236,0.007611588515002982,0.45695421839794265,500003000.0,4.999995387624941,1.2779811388955008e-05,4.823561202980188e-05,1.981809381706341e-09,2.388056533957826e-08,0.004371540964340538,2.1554151385387555e-09,2.0337297551506526e-06,3.2013193085218303e-12,0.005059038269070201,-0.09494096173092981,1
487.5,235.31012026650086,23.73722173331398,0.007617900742427229,0.4576106996053311,500003000.0,4.999995495811675,1.2780798244490666e-05,4.824750339336543e-05,1.9737110713150747e-09,2.3782727127103654e-08,0.00437255375218458,2.1570096800143603e-09,2.0257320987741412e-06,3.189775782513772e-12,0.005039143568915344,-0.09496085643108466,1
488.0,235.2626398382853,23.62289217573626,0.007624223023620522,0.4582674723986588,500003000.0,4.999995601482686,1.2781781064493024e-05,4.8259345986859e-05,1.965640004716412e-09,2.368518698713585e-08,0.004373562553907301,2.1585984623090827e-09,2.017758591477843e-06,3.178253279096842e-12,0.005019308941158608,-0.0949806910588414,1
488.5,235.2151494927559,23.509037313566868,0.007630555362540197,0.4589245359837715,500003000.0,4.999995704695894,1.278275986255116e-05,4.827113995913549e-05,1.957596116272087e-09,2.3587944552969023e-08,0.004374567381561056,2.1601814959860394e-09,2.0098091981535573e-06,3.1667518973948588e-12,0.004999534298466437,-0.09500046570153357,1
489.0,235.16764925990512,23.3956555955545,0.007636897763186574,0.45958188956478113,500003000.0,4.9999958055078935,1.2783734652221365e-05,4.82828854588632e-05,1.949579340411673e-09,2.3490999455432246e-08,0.004375568247180603,2.1617587916569486e-09,2.0018838835447e-06,3.155271735417833e-12,0.004979819553136169,-0.09502018044686383,1
489.5,235.1201391696817,23.282745473256455,0.007643250229581332,0.4602395323440448,500003000.0,4.999995903973998,1.278470544702718e-05,4.8294582634524653e-05,1.9415896116270645e-09,2.3394351322904097e-08,0.004376565162783027,2.1633303599815946e-09,1.993982612241807e-06,3.143812890065292e-12,0.004960164617084825,-0.09503983538291517,1
490.0,235.07261925199023,23.170305401045812,0.007649612765785431,0.4608974635221991,500003000.0,4.999996000148256,1.2785672260459418e-05,4.830623163441532e-05,1.9336268644770606e-09,2.3297999781329506e-08,0.004377558140367658,2.1648962116672724e-09,1.9861053486884072e-06,3.1323754571299215e-12,0.004940569401863744,-0.09505943059813626,1
490.5,235.02508953669115,23.0583338361188,0.0076559853758840085,0.46155568229812055,500003000.0,4.999996094083489,1.278663510597621e-05,4.8317832606642436e-05,1.925691033583567e-09,2.3201944454233806e-08,0.0043785471919160065,2.166456357468257e-09,1.978252057178282e-06,3.1209595313008676e-12,0.004921033818651758,-0.09507896618134824,1
491.0,234.97755005360048,22.946829238501905,0.007662368063996091,0.46221418786895874,500003000.0,4.999996185831313,1.2787593997003028e-05,4.832938569912381e-05,1.917782053634082e-09,2.3106184962739525e-08,0.004379532329391686,2.168010808185255e-09,1.9704227018591797e-06,3.1095652061674204e-12,0.004901557778264422,-0.09509844222173558,1
491.5,234.9300008324896,22.83579007105897,0.007668760834272687,0.4628729794301115,500003000.0,4.999996275442169,1.2788548946932719e-05,4.83408910595866e-05,1.9098998593812424e-09,2.3010720925581085e-08,0.0043805135647403395,2.1695595746648715e-09,1.9626172467334926e-06,3.0981925742224426e-12,0.004882141191155708,-0.0951178588088443,1
492.0,234.88244190308518,22.725214799498215,0.007675163690893855,0.46353205617525417,500003000.0,4.999996362965344,1.2789499969125539e-05,4.835234883556616e-05,1.902044385642134e-09,2.2915551959121403e-08,0.004381490909889563,2.17110266779907e-09,1.9548356556587017e-06,3.086841726866078e-12,0.0048627839674191126,-0.09513721603258089,1
492.5,234.8348732950689,22.61510189237915,0.007681576638072012,0.464191417296299,500003000.0,4.999996448449007,1.2790447076909188e-05,4.836375917440484e-05,1.894215567299156e-09,2.2820677677366162e-08,0.0043824643767488465,2.172640098524639e-09,1.9470778923494073e-06,3.0755127544091688e-12,0.004843486016792701,-0.0951565139832073,1
493.0,234.78729503807727,22.505449821119427,0.007687999680051689,0.4648510619834317,500003000.0,4.999996531940221,1.2791390283578838e-05,4.837512222325083e-05,1.886413339299996e-09,2.2726097691980644e-08,0.004383433977209492,2.174171877822656e-09,1.939343920378439e-06,3.064205746077035e-12,0.004824247248661873,-0.09517575275133813,1
493.5,234.7397071617016,22.39625706000164,0.007694432821105564,0.46551098942509284,500003000.0,4.999996613484984,1.2792329602397166e-05,4.838643812905698e-05,1.878637636656714e-09,2.263181161230483e-08,0.004384399723144541,2.17569801671796e-09,1.9316337031770496e-06,3.0529207900130534e-12,0.004805067572059844,-0.09519493242794017,1
494.0,234.69210969548763,22.287522086180008,0.0077008760655392266,0.4661711988079869,500003000.0,4.999996693128233,1.2793265046594389e-05,4.8397707038579666e-05,1.8708883944469656e-09,2.253781904536936e-08,0.004385361626408715,2.177218526278615e-09,1.9239472040373013e-06,3.0416579732823573e-12,0.004785946895673581,-0.09521405310432643,1
494.5,234.64450266893547,22.179243379686962,0.0077073294176902675,0.46683168931706576,500003000.0,4.9999967709138895,1.2794196629368296e-05,4.840892909837762e-05,1.863165547813825e-09,2.24441195959107e-08,0.004386319698838337,2.1787334176153846e-09,1.9162843861130053e-06,3.0304173818754716e-12,0.004766885127846143,-0.09523311487215386,1
495.0,234.5968861114994,22.071419423439707,0.007713792881926836,0.46749246013557233,500003000.0,4.999996846884867,1.279512436388428e-05,4.8420104454810816e-05,1.8554690319654935e-09,2.2350712866388262e-08,0.004387273952251267,2.180242701881206e-09,1.9086452124205492e-06,3.0191991007122116e-12,0.004747882176578731,-0.09525211782342127,1
495.5,234.5492600525877,21.96404870324667,0.007720266462648761,0.46815351044497366,500003000.0,4.999996921083095,1.2796048263275367e-05,4.843123325403932e-05,1.8477987821756365e-09,2.2257598456997973e-08,0.004388224398446834,2.181746390270662e-09,1.9010296458403526e-06,3.008003213645138e-12,0.004728937949534318,-0.09527106205046569,1
496.0,234.50162452156246,21.857129707813865,0.007726750164288369,0.46881483942500807,500003000.0,4.999996993549552,1.2796968340642259e-05,4.8442315642022164e-05,1.8401547337836406e-09,2.2164775965689546e-08,0.004389171049205764,2.183244494019458e-09,1.8934376491182452e-06,2.9968298034635298e-12,0.004710052354041071,-0.09528994764595894,1
496.5,234.4539795477395,21.75066092875128,0.007733243991302579,0.46947644625367624,500003000.0,4.9999970643242735,1.2797884609053355e-05,4.8453351764516256e-05,1.8325368221928129e-09,2.207224498818195e-08,0.004390113916290121,2.1847370244038992e-09,1.8858691848647226e-06,2.9856789518971234e-12,0.0046912252970905035,-0.09530877470290951,1
497.0,234.40632516038804,21.644640860578953,0.0077397479481912555,0.47013833010724004,500003000.0,4.999997133446385,1.2798797081544792e-05,4.846434176707525e-05,1.8249449828747959e-09,2.1980005117979213e-08,0.0043910530114432324,2.186223992740375e-09,1.8783242155605884e-06,2.974550739619939e-12,0.004672456685351509,-0.0953275433146485,1
497.5,234.35866138873072,21.539068000733288,0.007746262039472683,0.47080049016021946,500003000.0,4.9999972009541125,1.2799705771120475e-05,4.847528579504844e-05,1.8173791513638539e-09,2.188805594638597e-08,0.004391988346389627,2.1877054103848327e-09,1.8708027035521743e-06,2.963445246254065e-12,0.00465374642515847,-0.09534625357484154,1
498.0,234.3109882619433,21.433940849572934,0.007752786269710613,0.47146292558538316,500003000.0,4.999997266884807,1.2800610690752107e-05,4.84861839935797e-05,1.8098392632633076e-09,2.179639706252312e-08,0.004392919932834972,2.1891812887322666e-09,1.8633046110590548e-06,2.952362550373499e-12,0.004635094422530453,-0.09536490557746956,1
498.5,234.26330580915456,21.329257910384978,0.007759320643485845,0.47212563555378045,500003000.0,4.9999973312749715,1.2801511853379226e-05,4.849703650760637e-05,1.8023252542389671e-09,2.170502805334448e-08,0.004393847782466001,2.190651639216204e-09,1.8558299001683782e-06,2.9413027295081363e-12,0.0046165005831570955,-0.0953834994168429,1
499.0,234.21561405944612,21.225017689390697,0.007765865165421974,0.4727886192346927,500003000.0,4.999997394160263,1.2802409271909239e-05,4.85078434818582e-05,1.7948370600252262e-09,2.1613948503651237e-08,0.0043947719069504605,2.192116473308185e-09,1.8483785328422227e-06,2.9302658601474695e-12,0.00459796481241692,-0.09540203518758308,1
499.5,234.16791304185233,21.121218695751498,0.007772419840166454,0.47345187579566983,500003000.0,4.9999974555755315,1.2803302959217449e-05,4.8518605060856255e-05,1.787374616420741e-09,2.1523157996108785e-08,0.004395692317937035,2.1935758025172588e-09,1.8409504709142303e-06,2.919252017744647e-12,0.004579487015368949,-0.09542051298463106,1
500.0,234.12020278536002,21.01785944157463,0.007778984672402604,0.4741154044025416,500003000.0,4.999997515554822,1.2804192928147094e-05,4.8529321388911885e-05,1.7799378592913115e-09,2.1432656111262996e-08,0.004396609027055296,2.1950296383894687e-09,1.8335456760936486e-06,2.9082612767204584e-12,0.004561067096762766,-0.09543893290323724,1
500.5,234.0724833189084,20.91493844191885,0.007785559666845545,0.47477920421936487,500003000.0,4.9999975741314024,1.2805079191509379e-05,4.853999261012566e-05,1.772526724569021e-09,2.134244242755439e-08,0.004397522045915627,2.1964779925073463e-09,1.826164109965515e-06,2.8972937104670645e-12,0.004542704961038969,-0.09545729503896104,1
501.0,234.02475467138893,20.812454214800056,0.007792144828240921,0.4754432744084693,500003000.0,4.999997631337777,1.2805961762083504e-05,4.855061886838633e-05,1.7651411482520449e-09,2.1252516521335345e-08,0.004398431386109175,2.1979208764894087e-09,1.8188057339915296e-06,2.8863493913521496e-12,0.004524400512331343,-0.09547559948766866,1
501.5,233.9770168716451,20.710405281196834,0.007798740161364603,0.4761076141304391,500003000.0,4.999997687205708,1.2806840652616706e-05,4.856120030736977e-05,1.7577810664046923e-09,2.1162877966885432e-08,0.004399337059207778,2.1993583019896494e-09,1.8114705095111583e-06,2.8754283907228438e-12,0.004506153654469608,-0.0954938463455304,1
502.0,233.92926994847235,20.608790165055893,0.007805345671024652,0.47677222254411933,500003000.0,4.999997741766223,1.2807715875824285e-05,4.8571737070537986e-05,1.750446415157956e-09,2.107352633642751e-08,0.004400239076763913,2.2007902806970384e-09,1.804158397743259e-06,2.8645307789097586e-12,0.0044879642909834575,-0.09551203570901655,1
502.5,233.88151393061784,20.50760739329741,0.0078119613620647324,0.4774370988066112,500003000.0,4.9999977950496435,1.2808587444389641e-05,4.858222930113806e-05,1.743137130710366e-09,2.098446120014334e-08,0.00440113745031063,2.2022168243350217e-09,1.7968693597880153e-06,2.8536566252309836e-12,0.004469832325107378,-0.09553016767489263,1
503.0,233.8337488467804,20.406855495820395,0.007818587239353922,0.4781022420732651,500003000.0,4.9999978470855915,1.2809455370964305e-05,4.8592677142201155e-05,1.7358531493258291e-09,2.0895682126189296e-08,0.004402032191361494,2.203637944661023e-09,1.78960335662576e-06,2.842805997996103e-12,0.0044517576597777105,-0.0955482423402223,1
503.5,233.7859747256103,20.306533005507887,0.007825223307796137,0.4787676514976956,500003000.0,4.999997897903011,1.2810319668167973e-05,4.860308073654151e-05,1.7285944073358453e-09,2.080718868071269e-08,0.004402923311410528,2.205053653465948e-09,1.7823603491203053e-06,2.8319789645103244e-12,0.004433740197640943,-0.09556625980235907,1
504.0,233.7381915957091,20.206638458232092,0.007831869572328327,0.47943332623177676,500003000.0,4.999997947530181,1.2811180348588543e-05,4.8613440226755444e-05,1.7213608411392076e-09,2.071898042786746e-08,0.004403810821932155,2.2064639625736874e-09,1.7751402980196728e-06,2.821175591078524e-12,0.004415779841055529,-0.09558422015894448,1
504.5,233.69039948562963,20.10717039285946,0.007838526037918426,0.48009926542563086,500003000.0,4.999997995994731,1.2812037424782144e-05,4.862375575522036e-05,1.7141523872016635e-09,2.0631056929829712e-08,0.004404694734381143,2.2078688838406274e-09,1.7679431639567862e-06,2.810395943009306e-12,0.0043978764920936,-0.09560212350790641,1
505.0,233.64259842387568,20.008127351255734,0.007845192709561964,0.48076546822763083,500003000.0,4.999998043323656,1.2812890909273172e-05,4.8634027464093766e-05,1.7069689820553078e-09,2.0543417746813668e-08,0.004405575060192537,2.2092684291551566e-09,1.7607689074498722e-06,2.79964008461911e-12,0.004380030052541971,-0.09561996994745803,1
505.5,233.59478843890196,19.90950787829079,0.007851869592294974,0.4814319337844188,500003000.0,4.99999808954333,1.2813740814554323e-05,4.864425549531231e-05,1.6998105623015001e-09,2.0456062437088087e-08,0.004406451810781614,2.210662610437177e-09,1.7536174889065001e-06,2.78890807923642e-12,0.004362240423912186,-0.09563775957608782,1
506.0,233.5469695591139,19.811310521843538,0.00785855669117906,0.482098661240877,500003000.0,4.999998134679521,1.2814587153086626e-05,4.86544399905908e-05,1.6926770646077446e-09,2.0368990556991206e-08,0.004407324997543826,2.2120514396376203e-09,1.7464888686213897e-06,2.7781999892057765e-12,0.004344507507435068,-0.09565549249256494,1
506.5,233.49914181286763,19.71353383280674,0.007865254011306153,0.4827656497401608,500003000.0,4.999998178757405,1.281542993729948e-05,4.866458109142127e-05,1.6855684257088614e-09,2.0282201660947614e-08,0.004408194631854736,2.213434928737959e-09,1.7393830067786367e-06,2.767515875892071e-12,0.004326831204066253,-0.09567316879593375,1
507.0,233.45130522846966,19.61617636509158,0.007871961557808935,0.48343289842367,500003000.0,4.999998221801579,1.2816269179590685e-05,4.867467893907201e-05,1.678484582409335e-09,2.019569530148332e-08,0.004409060725069975,2.214813089749725e-09,1.7322998634551537e-06,2.7568557996846067e-12,0.004309211414494747,-0.09569078858550525,1
507.5,233.4034598341769,19.519236675632445,0.007878679335841432,0.4841004064310408,500003000.0,4.999998263836072,1.2817104892326474e-05,4.868473367458663e-05,1.6714254715792972e-09,2.0109471029241244e-08,0.004409923288525178,2.2161859347140298e-09,1.7252393986175328e-06,2.7462198200012303e-12,0.004291648039135126,-0.09570835196086488,1
508.0,233.35560565819648,19.422713324391367,0.007885407350597574,0.4847681729001831,500003000.0,4.999998304884364,1.2817937087841554e-05,4.869474543878313e-05,1.6643910301586163e-09,2.0023528392998267e-08,0.004410782333535937,2.2175534757010855e-09,1.7182015721272793e-06,2.735607995292703e-12,0.004274140978140555,-0.09572585902185946,1
508.5,233.30774272868555,19.32660487436257,0.00789214560729769,0.48543619696725093,500003000.0,4.9999983449693906,1.281876577843913e-05,4.870471437225297e-05,1.6573811951541676e-09,1.993786693968014e-08,0.004411637871397743,2.2189157248097248e-09,1.7111863437389894e-06,2.7250203830467765e-12,0.004256690131398248,-0.09574330986860176,1
509.0,233.25987107375124,19.230909891576797,0.007898894111201609,0.48610447776666543,500003000.0,4.999998384113563,1.2819590976390953e-05,4.871464061536016e-05,1.6503959036427162e-09,1.9852486214378028e-08,0.004412489913385941,2.22027269416693e-09,1.704193673104335e-06,2.7144570397925158e-12,0.004239295398539391,-0.09576070460146062,1
509.5,233.21199072145052,19.135626945105773,0.007905652867589354,0.4867730144310686,500003000.0,4.999998422338771,1.2820412693937335e-05,4.872452430824034e-05,1.6434350927670311e-09,1.9767385760362952e-08,0.004413338470755666,2.2216243959273554e-09,1.6972235197690353e-06,2.703918021104351e-12,0.004221956678931602,-0.0957780433210684,1
510.0,233.16410169979,19.040754607066308,0.007912421881786638,0.48744180609138005,500003000.0,4.999998459666407,1.2821230943287205e-05,4.8734365590799893e-05,1.6364986997413306e-09,1.968256511910336e-08,0.004414183554741807,2.2229708422728643e-09,1.6902758431794785e-06,2.6934033816065657e-12,0.004204673871695403,-0.0957953261283046,1
510.5,233.11620403672583,18.94629145262457,0.007919201159144396,0.4881108518767619,500003000.0,4.999998496117365,1.2822045736618128e-05,4.8744164602715036e-05,1.6295866618471549e-09,1.9598023830279706e-08,0.004415025176558943,2.224312045412051e-09,1.6833506026794424e-06,2.6829131749773904e-12,0.0041874468756960635,-0.09581255312430394,1
511.0,233.0682977601637,18.85223606000022,0.00792599070504295,0.4887801509146166,500003000.0,4.999998531712058,1.2822857086076345e-05,4.8753921483430934e-05,1.6226989164344096e-09,1.9513761431800434e-08,0.0044158633474013,2.2256480175797786e-09,1.6764477575121562e-06,2.672447453953301e-12,0.004170275589548731,-0.09582972441045128,1
511.5,233.02038289795846,18.758587010470364,0.007932790524902818,0.48944970233061397,500003000.0,4.999998566470431,1.2823665003776806e-05,4.8763636372160846e-05,1.6158354009237023e-09,1.942977745981839e-08,0.004416698078442703,2.2269787710367164e-09,1.6695672668236893e-06,2.662006270333394e-12,0.004153159911626859,-0.09584684008837314,1
512.0,232.97245947791427,18.665342888373637,0.007939600624167613,0.49011950524864917,500003000.0,4.9999986004119705,1.2824469501803208e-05,4.877330940788522e-05,1.6089960528030104e-09,1.9346071448745455e-08,0.0044175293808365185,2.228304318068872e-09,1.6627090896604841e-06,2.651589674983525e-12,0.004136099740056069,-0.09586390025994393,1
512.5,232.9245275277843,18.572502281113998,0.007946421008320756,0.4907895587908856,500003000.0,4.999998633555705,1.2825270592208024e-05,4.878294072935086e-05,1.6021808096312251e-09,1.926264293126955e-08,0.004418357265715613,2.2296246709871337e-09,1.655873184973989e-06,2.6411977178407793e-12,0.004119094972725676,-0.09588090502727432,1
513.0,232.87658707527066,18.480063779164578,0.00795325168287692,0.49145986207773157,500003000.0,4.9999986659202325,1.2826068287012542e-05,4.879253047507004e-05,1.5953896090365556e-09,1.9179491438369696e-08,0.0044191817441923045,2.2309398421268094e-09,1.649059511619974e-06,2.6308304479177088e-12,0.004102145507286989,-0.09589785449271301,1
513.5,232.8286381480243,18.38802597607149,0.007960092653377278,0.4921304142278209,500003000.0,4.999998697523719,1.2826862598206899e-05,4.880207878331971e-05,1.5886223887157458e-09,1.9096616499331222e-08,0.004420002827358314,2.2322498438471775e-09,1.642268028358681e-06,2.6204879133065777e-12,0.00408525124115368,-0.09591474875884633,1
514.0,232.7806807736449,18.29638746845743,0.007966943925402821,0.49280121435806173,500003000.0,4.99999872838391,1.2827653537750117e-05,4.881158579214059e-05,1.5818790864368897e-09,1.9014017641762896e-08,0.0044208205262847204,2.23355468853102e-09,1.6354986938586941e-06,2.6101701611838963e-12,0.004068412071511414,-0.09593158792848859,1
514.5,232.73271497968065,18.205146856025337,0.007973805504562705,0.49347226158359386,500003000.0,4.999998758518143,1.2828441117570136e-05,4.8821051639336395e-05,1.575159640037258e-09,1.8931694391611405e-08,0.004421634852021911,2.234854388584184e-09,1.6287514666956456e-06,2.5998772378146025e-12,0.004051627895314633,-0.09594837210468538,1
515.0,232.68474079362832,18.114302741561936,0.007980677396497831,0.4941435550177922,500003000.0,4.999998787943353,1.2829225349563849e-05,4.883047646247298e-05,1.5684639874241773e-09,1.8849646273177224e-08,0.004422445815599538,2.236148956435119e-09,1.6220263053540722e-06,2.589609188556443e-12,0.004034898609291166,-0.09596510139070884,1
515.5,232.63675824293296,18.02385373094112,0.007987559606889742,0.4948150937722969,500003000.0,4.999998816676086,1.2830006245597138e-05,4.883986039887755e-05,1.5617920665769214e-09,1.876787280913105e-08,0.004423253428026472,2.2374384045344383e-09,1.6153231682303193e-06,2.579366057864439e-12,0.004018224109949459,-0.09598177589005055,1
516.0,232.58876735498794,17.93379843312751,0.007994452141437161,0.495486876956971,500003000.0,4.999998844732502,1.2830783817504909e-05,4.8849203585637815e-05,1.5551438155422947e-09,1.868637352052834e-08,0.004424057700290763,2.238722745354466e-09,1.608642013628911e-06,2.5691478892951118e-12,0.004001604293569548,-0.09599839570643046,1
516.5,232.54076815713472,17.844135460179608,0.008001355005887686,0.4961589036799329,500003000.0,4.999998872128392,1.283155807709113e-05,4.885850615960123e-05,1.548519172440971e-09,1.860514792682595e-08,0.004424858643359589,2.240001991388798e-09,1.601982799770047e-06,2.558954725511e-12,0.003985039056221701,-0.0960149609437783,1
517.0,232.49276067666284,17.75486342725319,0.008008268206008662,0.4968311730475346,500003000.0,4.99999889887918,1.283232903612886e-05,4.886776825737418e-05,1.5419180754619959e-09,1.8524195545897005e-08,0.004425656268179216,2.241276155151858e-09,1.5953454847848455e-06,2.5487866082849495e-12,0.003968528293754589,-0.09603147170624542,1
517.5,232.44474494080973,17.665980952604393,0.008015191747610114,0.49750368416437285,500003000.0,4.999998924999931,1.2833096706360294e-05,4.8876990015321206e-05,1.5353404628673848e-09,1.8443515894047012e-08,0.004426450585674956,2.242545249178458e-09,1.5887300267210326e-06,2.538643578504577e-12,0.003952071901809436,-0.09604792809819057,1
518.0,232.39672097676063,17.577486657592875,0.008022125636529221,0.4981764361332865,500003000.0,4.999998950505365,1.2833861099496789e-05,4.888617156956422e-05,1.528786272989296e-09,1.8363108486029204e-08,0.004427241606751124,2.24380928602336e-09,1.5821363835409392e-06,2.52852567617665e-12,0.003935669775815039,-0.09606433022418497,1
518.5,232.34868881164854,17.489379166684877,0.008029069878636243,0.49884942805535876,500003000.0,4.9999989754098575,1.2834622227218905e-05,4.889531305598175e-05,1.5222554442313446e-09,1.8282972835060285e-08,0.004428029342290998,2.2450682782608443e-09,1.5755645131237832e-06,2.5184329404315183e-12,0.003919321810993444,-0.09608067818900656,1
519.0,232.30064847255403,17.401657107456185,0.008036024479834439,0.49952265902988535,500003000.0,4.999998999727456,1.283538010117644e-05,4.890441461020817e-05,1.515747915068754e-09,1.820310845283522e-08,0.0044288138031567705,2.2463222384842707e-09,1.5690143732667435e-06,2.5083654095274347e-12,0.0039030279023626164,-0.09609697209763739,1
519.5,232.2525999865052,17.314319110595033,0.008042989446060812,0.5001961281544246,500003000.0,4.999999023471879,1.2836134732988464e-05,4.891347636763294e-05,1.5092636240486608e-09,1.8123514849543938e-08,0.0044295950001895165,2.2475711793056503e-09,1.562485921686188e-06,2.4983231208551385e-12,0.003886787944739497,-0.09611321205526051,1
520.0,232.20454338047756,17.227363809904958,0.00804996478328438,0.5008698345247681,500003000.0,4.999999046656528,1.2836886134243359e-05,4.892249846339988e-05,1.5028025097899632e-09,1.804419153388619e-08,0.004430372944209152,2.2488151133552187e-09,1.5559791160184273e-06,2.488306110942206e-12,0.003870601832741877,-0.09612939816725813,1
520.5,232.15647868139393,17.140789842307594,0.008056950497504371,0.5015437772349199,500003000.0,4.999999069294497,1.283763431649885e-05,4.893148103240642e-05,1.4963645109831627e-09,1.7965138013086513e-08,0.0044311476460143885,2.2500540532810046e-09,1.5494939138204514e-06,2.478314415457415e-12,0.0038544694607902303,-0.09614553053920978,1
521.0,232.10840591612433,17.054595847845295,0.00806394659476079,0.5022179553771593,500003000.0,4.999999091398571,1.2838379291282047e-05,4.894042420930288e-05,1.489949566392491e-09,1.7886353792911273e-08,0.004431919116382703,2.25128801174841e-09,1.54303027257304e-06,2.468348069215403e-12,0.003838390723115451,-0.09616160927688455,1
521.5,232.0603251114859,16.968780469683868,0.008070953081117183,0.5028923680419553,500003000.0,4.999999112981243,1.2839121070089474e-05,4.894932812849172e-05,1.483557614852895e-09,1.780783837768197e-08,0.0044326873660702915,2.25251700143978e-09,1.53658814967853e-06,2.458407106180832e-12,0.0038223655137532976,-0.09617763448624671,1
522.0,232.01223629424277,16.883342354115054,0.00807796996267833,0.503567014318046,500003000.0,4.9999991340547165,1.2839859664387111e-05,4.8958192924126864e-05,1.4771885952734758e-09,1.7729591270292656e-08,0.004433452405812037,2.253741035053995e-09,1.5301675024652778e-06,2.448491559473114e-12,0.0038063937265554963,-0.0961936062734445,1
522.5,231.96413949110604,16.798280150559098,0.008084997245576061,0.5042418932923857,500003000.0,4.999999154630909,1.2840595085610428e-05,4.8967018730112974e-05,1.4708424466350589e-09,1.7651611972224026e-08,0.004434214246321463,2.2549601253060397e-09,1.5237682881860248e-06,2.438601461370694e-12,0.0037904752551856753,-0.09620952474481433,1
523.0,231.91603472873362,16.713592511567164,0.008092034935976036,0.5049170040501569,500003000.0,4.999999174721464,1.2841327345164424e-05,4.8975805680104756e-05,1.4645191079916226e-09,1.757389998355912e-08,0.004434972898290713,2.2561742849265944e-09,1.5173904640202689e-06,2.4287368433155618e-12,0.00377460999312526,-0.09622539000687474,1
523.5,231.8679220337302,16.62927809282371,0.008099083040076364,0.5055923456747595,500003000.0,4.999999194337754,1.2842056454423659e-05,4.898455390750626e-05,1.4582185184702231e-09,1.7496454802998427e-08,0.004435728372390496,2.257383526661619e-09,1.5110339870750617e-06,2.4188977359176847e-12,0.00375879783367546,-0.09624120216632455,1
524.0,231.81980143264704,16.54533555314875,0.008106141564113316,0.5062679172478611,500003000.0,4.999999213490887,1.2842782424732295e-05,4.899326354547019e-05,1.4519406172721942e-09,1.7419275927876396e-08,0.004436480679270065,2.2585878632719424e-09,1.5046988143871353e-06,2.409084168959651e-12,0.00374303866996256,-0.09625696133003744,1
524.5,231.77167295198203,16.4617635545001,0.00811321051435283,0.5069437178493178,500003000.0,4.9999992321917155,1.2843505267404131e-05,4.900193472689728e-05,1.4456853436717968e-09,1.7342362854174865e-08,0.004437229829557171,2.2597873075328523e-09,1.4983849029223727e-06,2.3992961714008854e-12,0.0037273323949365985,-0.09627266760506341,1
525.0,231.7235366181795,16.37856076197558,0.008120289897091387,0.5076197465572326,500003000.0,4.999999250450838,1.2844224993722639e-05,4.901056758443555e-05,1.4394526370165746e-09,1.726571507653971e-08,0.004437975833858036,2.2609818722336888e-09,1.4920922095770474e-06,2.389533771382324e-12,0.0037116789013744546,-0.09628832109862555,1
525.5,231.6753924576302,16.295725843815095,0.008127379718662611,0.5082960024479305,500003000.0,4.999999268278606,1.2844941614941004e-05,4.901916225047969e-05,1.4332424367287027e-09,1.7189332088295547e-08,0.004438718702757318,2.262171570177438e-09,1.4858206911800864e-06,2.3797969962308226e-12,0.003696078081885476,-0.09630392191811453,1
526.0,231.62724049667116,16.21325747140264,0.00813447998543349,0.50897248459595,500003000.0,4.999999285685134,1.2845655142282157e-05,4.902771885717042e-05,1.427054682304492e-09,1.711321338146074e-08,0.0044394584468180716,2.2633564141803296e-09,1.4795703044934194e-06,2.370085872463612e-12,0.0036805298289123494,-0.09631947017108766,1
526.5,231.57908076158563,16.13115431926832,0.008141590703800003,0.5096491920740802,500003000.0,4.999999302680297,1.2846365586938813e-05,4.90362375363938e-05,1.420889313313814e-09,1.7037358446763426e-08,0.004440195076581719,2.264536417071437e-09,1.4733410062122407e-06,2.3604004257929113e-12,0.0036650340347317493,-0.09633496596526826,1
527.0,231.530913278603,16.04941506509024,0.008148711880194233,0.5103261239532949,500003000.0,4.999999319273743,1.2847072960073514e-05,4.904471841978063e-05,1.4147462694015357e-09,1.696176677365524e-08,0.00444092860256802,2.2657115916922774e-09,1.467132752967349e-06,2.350740681130217e-12,0.003649590591460162,-0.09635040940853984,1
527.5,231.48273807389873,15.9680383896963,0.008155843521085752,0.5110032793028122,500003000.0,4.9999993354748975,1.2847777272818658e-05,4.905316163870579e-05,1.4086254902879222e-09,1.6886437850327767e-08,0.004441659035275036,2.266881950896419e-09,1.4609455013264192e-06,2.341106662590981e-12,0.0036341993910570447,-0.09636580060894297,1
528.0,231.43455517359425,15.88702297706605,0.008162985632968155,0.5116806571900772,500003000.0,4.999999351292964,1.2848478536276541e-05,4.9061567324287656e-05,1.4025269157665085e-09,1.681137116372723e-08,0.004442386385179097,2.268047507549082e-09,1.4547792077926387e-06,2.3314983934990512e-12,0.0036188603253214367,-0.09638113967467857,1
528.5,231.3863646037569,15.806367514332369,0.008170138222372463,0.5123582566807237,500003000.0,4.999999366736932,1.2849176761519394e-05,4.906993560738744e-05,1.3964504857066057e-09,1.6736566199568784e-08,0.004443110662734778,2.2692082745267503e-09,1.4486338288081494e-06,2.32191589639106e-12,0.0036035732859005212,-0.09639642671409948,1
529.0,231.33816639039986,15.726070691783086,0.008177301295865847,0.5130360768386298,500003000.0,4.999999381815584,1.284987195958942e-05,4.907826661860862e-05,1.3903961400532523e-09,1.6662022442352813e-08,0.0044438318783748595,2.270364264716778e-09,1.4425093207548399e-06,2.3123591930211042e-12,0.0035883381642915946,-0.09641166183570841,1
529.5,231.289960559482,15.646131202862563,0.008184474860049008,0.5137141167258809,500003000.0,4.999999396537495,1.2850564141498834e-05,4.908656048829631e-05,1.3843638188269448e-09,1.6587739375379e-08,0.0044445500425103045,2.2715154910170086e-09,1.4364056399548966e-06,2.302828304365106e-12,0.003573154851843439,-0.09642684514815657,1
530.0,231.24174713690795,15.56654774417326,0.00819165892155094,0.5143923754027758,500003000.0,4.9999994109110455,1.2851253318229895e-05,4.909481734653669e-05,1.3783534621229545e-09,1.6513716480761568e-08,0.0044452651655302235,2.2726619663353845e-09,1.4303227426709285e-06,2.2933232506253615e-12,0.00355802323975663,-0.09644197676024338,1
530.5,231.19352614852784,15.487319015477135,0.008198853487040315,0.5150708519278345,500003000.0,4.999999424944413,1.2851939500734951e-05,4.9103037323156414e-05,1.3723650101134313e-09,1.6439953239444358e-08,0.00444597725780185,2.2738037035895615e-09,1.4242605851089794e-06,2.2838440512350497e-12,0.003542943219091034,-0.09645705678090898,1
531.0,231.14529762013737,15.40844371969706,0.008206058563217447,0.5157495453577803,500003000.0,4.9999994386455935,1.2852622699936475e-05,4.9111220547722024e-05,1.3663984030462337e-09,1.6366449131215353e-08,0.004446686329670514,2.2749407157065388e-09,1.4182191234181347e-06,2.274390724862694e-12,0.003527914680764827,-0.09647208531923518,1
531.5,231.09706157747775,15.329920562918177,0.008213274156811718,0.5164284547475466,500003000.0,4.99999945202239,1.2853302926727097e-05,4.911936714953938e-05,1.3604535812447052e-09,1.629320363472172e-08,0.004447392391459602,2.2760730156222655e-09,1.4121983136911098e-06,2.2649632894166776e-12,0.003512937515555957,-0.09648706248444405,1
532.0,231.0488180462355,15.251748254389152,0.00822050027458986,0.5171075791502807,500003000.0,4.999999465082427,1.2853980191969653e-05,4.912747725765313e-05,1.354530485109239e-09,1.6220216227484778e-08,0.0044480954534705484,2.2772006162812787e-09,1.4061981119666925e-06,2.255561762049764e-12,0.0034980116141082236,-0.09650198838589179,1
532.5,231.00056705204256,15.17392550652336,0.00822773692335268,0.5177869176173447,500003000.0,4.999999477833152,1.2854654506497212e-05,4.913555100084609e-05,1.3486290551169188e-09,1.6147486385914817e-08,0.00444879552598279,2.278323530636319e-09,1.4002184742301804e-06,2.2461861591636073e-12,0.0034831368669323644,-0.09651686313306763,1
533.0,230.95230862047603,15.096451034900063,0.00823498410993145,0.5184664691982882,500003000.0,4.9999994902818345,1.2855325881113122e-05,4.914358850763875e-05,1.342749231821123e-09,1.6075013585325284e-08,0.004449492619253749,2.2794417716479605e-09,1.3942593564137795e-06,2.2368364964131603e-12,0.0034683131644070446,-0.09653168683559296,1
533.5,230.90404277705824,15.01932355826541,0.008242241841200168,0.5191462329408865,500003000.0,4.999999502435578,1.2855994326591048e-05,4.9151589906288725e-05,1.3368909558537012e-09,1.6002797299948375e-08,0.004450186743518811,2.280555352284245e-09,1.3883207143996709e-06,2.2275127887113007e-12,0.003453540396786488,-0.09654645960321352,1
534.0,230.85576954725664,14.942541798533579,0.008249510124053401,0.5198262078911243,500003000.0,4.999999514301322,1.2856659853675008e-05,4.91595553247902e-05,1.331054167921578e-09,1.5930837002949332e-08,0.004450877908991292,2.2816642855203137e-09,1.3824025040172836e-06,2.2182150502332736e-12,0.003438818454193693,-0.09656118154580631,1
534.5,230.80748895648375,14.866104480787621,0.008256788965431316,0.5205063930931557,500003000.0,4.999999525885841,1.2857322473079414e-05,4.9167484890873424e-05,1.3252388088109925e-09,1.5859132166440388e-08,0.004451566125862416,2.282768584338036e-09,1.3765046810484943e-06,2.2089432944210844e-12,0.0034241472266333655,-0.09657585277336664,1
535.0,230.75920103009707,14.790010333280437,0.008264078372300152,0.5211867875893696,500003000.0,4.9999995371957535,1.2857982195489106e-05,4.917537873200417e-05,1.319444819384539e-09,1.5787682261496696e-08,0.004452251404301289,2.283868261725653e-09,1.370627201225351e-06,2.1996975339881762e-12,0.0034095266039862572,-0.09659047339601375,1
535.5,230.71090579339906,14.714258087435573,0.008271378351663762,0.521867390420342,500003000.0,4.99999954823752,1.2858639031559398e-05,4.918323697538325e-05,1.3136721405832168e-09,1.5716486758169992e-08,0.004452933754454882,2.284963330677415e-09,1.364770020232989e-06,2.1904777809237975e-12,0.0033949564760164218,-0.09660504352398358,1
536.0,230.66260327163707,14.638846477848022,0.008278688910557995,0.5225482006248473,500003000.0,4.9999995590174535,1.285929299191611e-05,4.9191059747946e-05,1.3079207134257206e-09,1.5645545125503347e-08,0.004453613186447998,2.2860538041932184e-09,1.3589330937096816e-06,2.181284046497517e-12,0.003380436732371335,-0.09661956326762867,1
536.5,230.61429349000326,14.563774242284943,0.008286010056051426,0.5232292172398484,500003000.0,4.99999956954172,1.2859944087155615e-05,4.9198847176361776e-05,1.3021904790087583e-09,1.5574856831545568e-08,0.004454289710383256,2.2871396952782565e-09,1.353116377247955e-06,2.172116341263699e-12,0.0033659672625846754,-0.09663403273741533,1
537.0,230.56597647363455,14.48904012168627,0.008293341795252668,0.5239104393005265,500003000.0,4.99999957981634,1.286059232784487e-05,4.920659938703346e-05,1.2964813785083816e-09,1.550442134336626e-08,0.004454963336341064,2.2882210169426587e-09,1.347319826396747e-06,2.1629746750660705e-12,0.003351547956081688,-0.09664845204391832,1
537.5,230.5176522476126,14.414642860165388,0.008300684135294785,0.5245918658402282,500003000.0,4.999999589847193,1.2861237724521459e-05,4.921431650609699e-05,1.2907933531777426e-09,1.5434238127069164e-08,0.004455634074379603,2.289297782201142e-09,1.3415433966598536e-06,2.153859057042054e-12,0.0033371787021753254,-0.09666282129782468,1
538.0,230.4693208369637,14.34058120500959,0.008308037083355063,0.5252734958905306,500003000.0,4.999999599640022,1.2861880287693634e-05,4.9221998659420894e-05,1.2851263443503713e-09,1.5364306647808005e-08,0.004456301934534798,2.2903700040726604e-09,1.3357870435001068e-06,2.1447694956274438e-12,0.0033228593900766347,-0.09667714060992337,1
538.5,230.42098226665874,14.266853906680588,0.008315400646640268,0.5259553284811647,500003000.0,4.999999609200436,1.2862520027840354e-05,4.9229645972605795e-05,1.2794802934380617e-09,1.5294626369799168e-08,0.004456966926820306,2.2914376955800565e-09,1.3300507223379445e-06,2.1357059985606574e-12,0.003308589908891205,-0.0966914100911088,1
539.0,230.37263656161318,14.19345971881495,0.008322774832389319,0.5266373626400632,500003000.0,4.999999618533913,1.286315695541132e-05,4.923725857098396e-05,1.2738551419314982e-09,1.522519675633712e-08,0.004457629061227484,2.2925008697497175e-09,1.3243343885528296e-06,2.126668572887358e-12,0.003294370147622696,-0.09670562985237731,1
539.5,230.324283746687,14.120397398224481,0.008330159647873644,0.5273195973933432,500003000.0,4.999999627645801,1.286379108082702e-05,4.924483657961887e-05,1.2682508314005086e-09,1.5156017269808352e-08,0.0044582883477253836,2.2935595396112306e-09,1.3186379974842697e-06,2.1176572249648756e-12,0.0032801999951753732,-0.09671980000482464,1
540.0,230.27592384668458,14.047665704896438,0.008337555100409065,0.5280020317653369,500003000.0,4.999999636541327,1.2864422414478768e-05,4.925238012330472e-05,1.262667303496049e-09,1.5087087371706187e-08,0.004458944796260716,2.294613718197041e-09,1.3129615044346423e-06,2.1086719604667606e-12,0.003266079340361136,-0.09673392065963887,1
540.5,230.22755688635476,13.975263401993882,0.008344961197332875,0.5286846647785102,500003000.0,4.999999645225591,1.2865050966728741e-05,4.925988932656605e-05,1.2571044999469243e-09,1.5018406522643425e-08,0.004459598416757846,2.2956634185421168e-09,1.3073048646665358e-06,2.0997127843870206e-12,0.003252008071892906,-0.0967479919281071,1
541.0,230.1791828903907,13.903189255855787,0.008352377946025587,0.5293674954535628,500003000.0,4.999999653703576,1.2865676747910023e-05,4.926736431365723e-05,1.2515623625632705e-09,1.494997418236849e-08,0.004460249219118766,2.2967086536836077e-09,1.3016680334071234e-06,2.090779701044864e-12,0.0032379860783955036,-0.0967620139216045,1
541.5,230.1308018834299,13.831442035997226,0.008359805353896552,0.5300505228093262,500003000.0,4.99999966198015,1.286629976832664e-05,4.927480520856212e-05,1.2460408332345822e-09,1.4881789809777574e-08,0.00446089721322308,2.297749436660515e-09,1.2960509658468575e-06,2.081872714088875e-12,0.003224013248402403,-0.0967759867515976,1
542.0,230.0824138900541,13.760020515109392,0.008367243428394415,0.5307337458628641,500003000.0,4.999999670060063,1.2866920038253606e-05,4.9282212134993586e-05,1.2405398539314636e-09,1.4813852862930656e-08,0.004461542408927987,2.298785780513355e-09,1.290453617142033e-06,2.0729918265017317e-12,0.0032100894703621084,-0.0967899105296379,1
542.5,230.0340189347893,13.688923469059647,0.008374692176999548,0.5314171636293745,500003000.0,4.999999677947958,1.2867537567936958e-05,4.9289585216393115e-05,1.235059366704694e-09,1.4746162799063682e-08,0.0044621848160682626,2.299817698283833e-09,1.2848759424145567e-06,2.064137040604398e-12,0.003196214632637577,-0.09680378536736242,1
543.0,229.98561704210562,13.618149676891504,0.008382151607223222,0.5321007751222503,500003000.0,4.999999685648367,1.28681523675938e-05,4.9296924575930415e-05,1.2295993136853084e-09,1.4678719074603726e-08,0.004462824444456242,2.300845203014513e-09,1.279317896752767e-06,2.055308358060723e-12,0.003182388623508263,-0.09681761137649174,1
543.5,229.93720823641738,13.547697920824483,0.008389621726617464,0.5327845793530683,500003000.0,4.999999693165718,1.2868764447412343e-05,4.9304230336503005e-05,1.224159637086235e-09,1.461152114518276e-08,0.004463461303881806,2.301868307748493e-09,1.2737794352138693e-06,2.046505779881851e-12,0.0031686113311761724,-0.09683138866882383,1
544.0,229.88879254208297,13.477566986253986,0.008397102542765301,0.5334685753315551,500003000.0,4.999999700504329,1.2869373817551944e-05,4.931150262073583e-05,1.218740279201048e-09,1.4544568465650923e-08,0.004464095404112364,2.3028870255290796e-09,1.268260512823368e-06,2.037729306430559e-12,0.0031548826437644522,-0.09684511735623555,1
544.5,229.84036998340486,13.407755661751093,0.008404594063284296,0.5341527620656229,500003000.0,4.999999707668427,1.2869980488143147e-05,4.9318741550980876e-05,1.2133411824046872e-09,1.4477860490091082e-08,0.004464726754892836,2.3039013693994706e-09,1.2627610845765403e-06,2.0289789374257835e-12,0.0031412024493210544,-0.09685879755067896,1
545.0,229.79194058462951,13.338262739062275,0.008412096295828871,0.5348371385613546,500003000.0,4.99999971466213,1.2870584469287723e-05,4.932594724931679e-05,1.2079622891539736e-09,1.4411396671832361e-08,0.004465355365945645,2.3049113524024316e-09,1.2572811054396954e-06,2.0202546719469913e-12,0.0031275706358218696,-0.09687242936417814,1
545.5,229.74350436994743,13.26908701310912,0.008419609248082839,0.535521703822987,500003000.0,4.999999721489468,1.2871185771058717e-05,4.9333119837548525e-05,1.2026035419867354e-09,1.4345176463463643e-08,0.004465981246970694,2.3059169875799825e-09,1.2518205303499836e-06,2.0115565084385577e-12,0.0031139870911702527,-0.09688601290882976,1
546.0,229.695061363493,13.200227281987916,0.008427132927770972,0.5362064568529343,500003000.0,4.999999728154368,1.287178440350048e-05,4.934025943720695e-05,1.1972648835236501e-09,1.4279199316847784e-08,0.00446660440764536,2.3069182879730797e-09,1.2463793142180282e-06,2.002884444714236e-12,0.0031004517032035685,-0.09689954829679644,1
546.5,229.64661158934462,13.131682346969255,0.008434667342647325,0.536891396651782,500003000.0,4.999999734660671,1.2872380376628713e-05,4.934736616954852e-05,1.1919462564667692e-09,1.42134646831351e-08,0.0044672248576244755,2.307915266621307e-09,1.2409574119271013e-06,1.9942384779615317e-12,0.0030869643596911443,-0.09691303564030886,1
547.0,229.59815507152447,13.063451012497554,0.008442212500501861,0.537576522218257,500003000.0,4.999999741012128,1.2872973700430514e-05,4.935444015555491e-05,1.1866476036006559e-09,1.414797201277661e-08,0.004467842606540316,2.3089079365625637e-09,1.2355547783350167e-06,1.985618604746039e-12,0.0030735249483389727,-0.09692647505166103,1
547.5,229.54969183399865,12.995532086190467,0.008449768409165205,0.5382618325492571,500003000.0,4.9999997472123985,1.287356438486441e-05,4.936148151593268e-05,1.1813688677932283e-09,1.4082720755538096e-08,0.004468457664002589,2.3098963108327525e-09,1.2301713682757132e-06,1.9770248210158874e-12,0.003060133356793657,-0.09693986664320635,1
548.0,229.50122190067705,12.927924378838366,0.008457335076493995,0.5389473266398398,500003000.0,4.999999753265058,1.2874152439860408e-05,4.9368490371112937e-05,1.1761099919939004e-09,1.4017710360513465e-08,0.0044690700395984264,2.3108804024654808e-09,1.2248071365580187e-06,1.9684571221061008e-12,0.003046789472639334,-0.09695321052736067,1
548.5,229.45274529541337,12.860626704403646,0.008464912510386443,0.5396330034832223,500003000.0,4.9999997591735985,1.2874737875320026e-05,4.937546684125101e-05,1.1708709192359443e-09,1.3952940276138304e-08,0.004469679742892361,2.3118602244917537e-09,1.2194620379688094e-06,1.959915502742971e-12,0.0030334931834055303,-0.09696650681659448,1
549.0,229.40426204200506,12.793637880020084,0.008472500718769227,0.5403188620707592,500003000.0,4.999999764941428,1.2875320701116343e-05,4.938241104622611e-05,1.1656515926348604e-09,1.3888409950202938e-08,0.004470286783426327,2.3128357899396676e-09,1.2141360272720046e-06,1.9513999570483708e-12,0.0030202443765646662,-0.09697975562343535,1
549.5,229.35577216419335,12.726956725992071,0.008480099709605242,0.5410049013919681,500003000.0,4.999999770571878,1.2875900927094039e-05,4.938932310564104e-05,1.1604519553896449e-09,1.3824118829866337e-08,0.004470891170719645,2.3138071118341163e-09,1.2088290592105811e-06,1.942910478544176e-12,0.0030070429395370633,-0.09699295706046294,1
550.0,229.30727568566311,12.660582065793758,0.008487709490901059,0.5416911204345387,500003000.0,4.999999776068199,1.287647856306943e-05,4.939620313882188e-05,1.1552719507839746e-09,1.3760066361669645e-08,0.00447149291426901,2.314774203196496e-09,1.2035410885084912e-06,1.934447060156642e-12,0.002993888759695718,-0.09700611124030428,1
550.5,229.25877263004296,12.59451272606828,0.008495330070686402,0.5423775181842532,500003000.0,4.999999781433565,1.2877053618830522e-05,4.940305126481765e-05,1.1501115221836044e-09,1.3696251991548074e-08,0.004472092023548483,2.3157370770444e-09,1.1982720698686395e-06,1.9260096942205424e-12,0.002980781724361266,-0.09701921827563874,1
551.0,229.21026302090513,12.528747536626813,0.008502961457032325,0.5430640936251067,500003000.0,4.999999786671077,1.287762610413704e-05,4.940986760240007e-05,1.1449706130390296e-09,1.3632675164846334e-08,0.004472688508009485,2.316695746391337e-09,1.1930219579763344e-06,1.9175983724838108e-12,0.0029677217208105705,-0.09703227827918944,1
551.5,229.16174688176554,12.463285330447643,0.0085106036580415,0.5437508457391852,500003000.0,4.999999791783761,1.2878196028720482e-05,4.941665227006324e-05,1.1398491668843533e-09,1.3569335326329761e-08,0.004473282377080781,2.317650224246431e-09,1.1877907074987867e-06,1.909213086111566e-12,0.0029547086362754754,-0.09704529136372453,1
552.0,229.11322423608368,12.398124943675123,0.008518256681855832,0.5444377735067499,500003000.0,4.999999796774576,1.2878763402284151e-05,4.942340538602334e-05,1.1347471273384927e-09,1.3506231920198953e-08,0.0044738736401684805,2.3186005236141375e-09,1.18257827308704e-06,1.9008538256906394e-12,0.002941742357947604,-0.0970582576420524,1
552.5,229.06469510726265,12.333265215618637,0.008525920536650224,0.5451248759061851,500003000.0,4.999999801646407,1.2879328234503203e-05,4.943012706821839e-05,1.1296644381045261e-09,1.3443364390101979e-08,0.00447446230665602,2.319546657493956e-09,1.1773846093759631e-06,1.892520581233754e-12,0.0029288227729783434,-0.09707117722702166,1
553.0,229.01615951864915,12.268704988751502,0.008533595230632254,0.5458121519140279,500003000.0,4.999999806402072,1.2879890535024688e-05,4.943681743430796e-05,1.124601042969845e-09,1.3380732179148026e-08,0.004475048385904163,2.320488638880146e-09,1.172209670985072e-06,1.884213342183905e-12,0.002915949768480887,-0.09708405023151911,1
553.5,228.9676174935334,12.204443108709794,0.008541280772047603,0.5464996005049314,500003000.0,4.999999811044326,1.2880450313467591e-05,4.9443476601672916e-05,1.1195568858070502e-09,1.3318334729919816e-08,0.004475631887250988,2.3214264807614437e-09,1.1670534125201312e-06,1.875932097418565e-12,0.0029031232315342207,-0.09709687676846579,1
554.0,228.91906905514915,12.14047842429112,0.008548977169179734,0.5471872206517047,500003000.0,4.999999815575855,1.2881007579422877e-05,4.945010468741516e-05,1.114531910574083e-09,1.3256171484487256e-08,0.004476212820011885,2.3223601961207792e-09,1.1619157885739495e-06,1.8676768352540606e-12,0.002890343049185099,-0.0971096569508149,1
554.5,228.87051422667375,12.076809787453417,0.008556684430338128,0.5478750113252779,500003000.0,4.999999819999284,1.2881562342453533e-05,4.945670180835737e-05,1.1095260613128833e-09,1.3194241884419793e-08,0.004476791193479546,2.323289797935004e-09,1.1567967537256392e-06,1.8594475434497655e-12,0.0028776091084462053,-0.0971223908915538,1
555.0,228.82195303122796,12.013436053313589,0.008564402563876883,0.5485629714947045,500003000.0,4.999999824317177,1.2882114612094608e-05,4.946326808104277e-05,1.1045392821519864e-09,1.3132545370799401e-08,0.004477367016923962,2.3242152991746105e-09,1.1516962625439772e-06,1.8512442092123813e-12,0.0028649212963045094,-0.09713507870369549,1
555.5,228.77338549187613,11.950356080146186,0.008572131578178368,0.5492511001271749,500003000.0,4.999999828532034,1.288266439785326e-05,4.946980362173488e-05,1.099571517304587e-09,1.3071081384233601e-08,0.0044779402995924165,2.3251367128034575e-09,1.1466142695860381e-06,1.843066819200214e-12,0.0028522794997178713,-0.09714772050028213,1
556.0,228.72481163162598,11.887568729381949,0.008579871481669082,0.5499393961880035,500003000.0,4.999999832646301,1.2883211709208795e-05,4.9476308546417317e-05,1.094622711070754e-09,1.300984936486809e-08,0.004478511050709481,2.326054051778505e-09,1.141550729400148e-06,1.834915359527408e-12,0.002839683605622387,-0.09716031639437762,1
556.5,228.6762314734288,11.82507286560642,0.008587622282799615,0.550627858640632,500003000.0,4.999999836662363,1.2883756555612713e-05,4.948278297079352e-05,1.089692807835053e-09,1.2948848752399459e-08,0.00447907927947701,2.326967329049536e-09,1.1365055965240549e-06,1.8267898157681684e-12,0.002827133500927836,-0.09717286649907217,1
557.0,228.62764504017926,11.762867356558377,0.008595383990066803,0.5513164864466186,500003000.0,4.999999840582549,1.2884298946488748e-05,4.948922701028656e-05,1.0847817520695422e-09,1.288807898608783e-08,0.004479644995074132,2.327876557558893e-09,1.1314788254886872e-06,1.8186901729609892e-12,0.0028146290725270333,-0.09718537092747297,1
557.5,228.57905235471551,11.700951073128326,0.008603156611994628,0.5520052785656294,500003000.0,4.999999844409136,1.2884838891232913e-05,4.949564078003895e-05,1.0798894883315292e-09,1.2827539504769285e-08,0.004480208206657256,2.3287817502412146e-09,1.1264703708164585e-06,1.8106164156128395e-12,0.0028021702072916098,-0.0971978297927084,1
558.0,228.53045343981915,11.63932288935689,0.008610940157145744,0.5526942339554716,500003000.0,4.999999848144344,1.2885376399213546e-05,4.950202439491238e-05,1.0750159612652121e-09,1.276722974686902e-08,0.00448076892336006,2.329682920023166e-09,1.1214801870236093e-06,1.8025685277034472e-12,0.002789756792077842,-0.09721024320792217,1
558.5,228.48184831821519,11.577981682433142,0.008618734634119928,0.5533833515720538,500003000.0,4.999999851790342,1.2885911479771347e-05,4.950837796948759e-05,1.0701611156016435e-09,1.2707149150413264e-08,0.004481327154293488,2.330580079823185e-09,1.1165082286208027e-06,1.7945464926894138e-12,0.002777388713728127,-0.09722261128627188,1
559.0,228.43323701257205,11.51692633269295,0.008626540051548124,0.5540726303693815,500003000.0,4.999999855349248,1.2886444142219425e-05,4.951470161806411e-05,1.0653248961581804e-09,1.2647297153041697e-08,0.004481882908545753,2.331473242551216e-09,1.1115544501131774e-06,1.7865502935083876e-12,0.00276506585907112,-0.09723493414092889,1
559.5,228.38461954550158,11.456155723617192,0.008634356418102226,0.5547620692995979,500003000.0,4.999999858823132,1.2886974395843344e-05,4.952099545466012e-05,1.0605072478398607e-09,1.2587673192020543e-08,0.0044824361951823315,2.3323624211084584e-09,1.1066188060024091e-06,1.7785799125833373e-12,0.0027527881149268605,-0.09724721188507314,1
560.0,228.33599593955904,11.395668741829995,0.008642183742486036,0.5554516673129387,500003000.0,4.999999862214009,1.2887502249901164e-05,4.952725959301225e-05,1.0557081156384637e-09,1.2528276704254208e-08,0.004482987023245963,2.333247628387107e-09,1.1017012507863528e-06,1.7706353318266066e-12,0.002740555368105883,-0.09725944463189412,1
560.5,228.2873662172431,11.3354642770969,0.008650022033439954,0.5561414233577399,500003000.0,4.999999865523853,1.288802771362348e-05,4.95334941465754e-05,1.050927444633263e-09,1.2469107126297832e-08,0.004483535401756643,2.334128877270101e-09,1.0968017389604445e-06,1.7627165326441063e-12,0.002728367505412701,-0.0972716324945873,1
561.0,228.2387304009958,11.275541222322975,0.008657871299739814,0.5568313363804559,500003000.0,4.999999868754591,1.2888550796213476e-05,4.9539699228522584e-05,1.0461651799910528e-09,1.2410163894369766e-08,0.004484081339711629,2.335006180630874e-09,1.0919202250183466e-06,1.754823495939484e-12,0.002716224413647417,-0.0972837755863526,1
561.5,228.19008851320262,11.215898473550904,0.008665731550195503,0.5575214053256334,500003000.0,4.999999871908099,1.2889071506846959e-05,4.9545874951744764e-05,1.0414212669661608e-09,1.2351446444363457e-08,0.0044846248460854365,2.3358795513331023e-09,1.0870566634525711e-06,1.7469562021182075e-12,0.0027041259796072685,-0.09729587402039273,1
562.0,228.14144057619242,11.156534929958976,0.008673602793659368,0.5582116291359117,500003000.0,4.999999874986215,1.288958985467241e-05,4.9552021428850694e-05,1.0366956509016153e-09,1.2292954211859642e-08,0.0044851659298298435,2.3367490022304614e-09,1.0822110087563076e-06,1.7391146310916923e-12,0.0026920720900911774,-0.09730792790990883,1
562.5,228.09278661223746,11.097449493859108,0.008681485039012572,0.5589020067520386,500003000.0,4.999999877990729,1.2890105848811023e-05,4.955813877216676e-05,1.0319882772276865e-09,1.2234686632138673e-08,0.004485704599873883,2.3376145461663772e-09,1.0773832154225062e-06,1.7312987622814381e-12,0.0026800626318974705,-0.09731993736810253,1
563.0,228.0441266435534,11.038641070694776,0.008689378295173586,0.5595925371128394,500003000.0,4.999999880923392,1.2890619498356754e-05,4.9564227093736856e-05,1.0272990914630739e-09,1.2176643140192176e-08,0.00448624086512385,2.338476195973788e-09,1.0725732379457202e-06,1.7235085746230746e-12,0.002668097491828459,-0.09733190250817154,1
563.5,227.9954606922993,10.980108569038919,0.008697282571095704,0.5602832191552423,500003000.0,4.999999883785912,1.2891130812376362e-05,4.957028650532222e-05,1.0226280392147812e-09,1.2118823170735443e-08,0.0044867747344633,2.3393339644748998e-09,1.0677810308225738e-06,1.7157440465704967e-12,0.0026561765566916044,-0.0973438234433084,1
564.0,227.94678878057766,10.921850900591767,0.008705197875770225,0.560974051814264,500003000.0,4.999999886579957,1.289163979990945e-05,4.957631711840133e-05,1.0179750661786539e-09,1.2061226158219209e-08,0.004487306216753047,2.340187864480947e-09,1.0630065485529203e-06,1.7080051560999212e-12,0.002644299713302401,-0.0973557002866976,1
564.5,227.8981109304343,10.863866980178647,0.008713124218226445,0.5616650340230004,500003000.0,4.999999889307157,1.289214646996852e-05,4.958231904416975e-05,1.013340118139538e-09,1.20038515368414e-08,0.004487835320831175,2.341037908791962e-09,1.0582497456406015e-06,1.7002918807139222e-12,0.0026324668484862626,-0.09736753315151374,1
565.0,227.84942716385856,10.806155725747749,0.008721061607526823,0.5623561647126294,500003000.0,4.999999891969098,1.2892650831539005e-05,4.958829239354003e-05,1.0087231409708835e-09,1.194669874055907e-08,0.004488362055513029,2.341884110196529e-09,1.0535105765936225e-06,1.6926041974454983e-12,0.002620677849078957,-0.09737932215092104,1
565.5,227.8007375027831,10.748716058367862,0.00872901005276833,0.5630474428124269,500003000.0,4.999999894567337,1.2893152893579323e-05,4.959423727714158e-05,1.00412408063507e-09,1.1889767203100395e-08,0.004488886429591226,2.3427264814715666e-09,1.04878899592508e-06,1.6849420828621426e-12,0.002608932601928918,-0.09739106739807109,1
566.0,227.75204196908408,10.691546902226028,0.008736969563087546,0.5637388672497274,500003000.0,4.999999897103389,1.2893652665020915e-05,4.9600153805320564e-05,9.995428831841572e-10,1.1833056357975965e-08,0.004489408451835655,2.343565035382082e-09,1.0440849581545295e-06,1.677305513069803e-12,0.002597230993900644,-0.09740276900609936,1
566.5,227.703340584581,10.634647184625186,0.00874494014765495,0.5644304369499533,500003000.0,4.999999899578732,1.2894150154768296e-05,4.960604208813981e-05,9.949794947593874e-10,1.1776565638490806e-08,0.004489928130993474,2.3443997846809536e-09,1.0393984178080464e-06,1.6696944637169465e-12,0.002585572911874852,-0.09741442708812516,1
567.0,227.65463337103697,10.578015835981775,0.00875292181567464,0.5651221508365871,500003000.0,4.999999901994812,1.289464537169909e-05,4.961190223537869e-05,9.904338615913233e-10,1.1720294477755697e-08,0.004490445475789125,2.3452307421086953e-09,1.0347293294189472e-06,1.6621089099985184e-12,0.0025739582427502677,-0.09742604175724974,1
567.5,227.60592035015833,10.521651789823242,0.00876091457639459,0.5658140078312106,500003000.0,4.99999990435304,1.2895138324664092e-05,4.961773435653304e-05,9.85905930001164e-10,1.1664242308699317e-08,0.004490960494924331,2.3460579203932407e-09,1.0300776475297403e-06,1.654548826660012e-12,0.0025623868734484835,-0.09743761312655153,1
568.0,227.55720154359506,10.465553982785606,0.008768918439088306,0.56650600685343,500003000.0,4.999999906654795,1.2895629022487292e-05,4.9623538560815074e-05,9.813956463988378e-10,1.1608408564078736e-08,0.004491473197078105,2.346881332249713e-09,1.0254433266907043e-06,1.647014188001304e-12,0.0025508586909104175,-0.09744914130908959,1
568.5,227.5084769729405,10.409721354610864,0.008776933413075491,0.5671981468209629,500003000.0,4.99999990890142,1.2896117473965934e-05,4.962931495715332e-05,9.769029572854802e-10,1.1552792676492107e-08,0.004491983590906745,2.347700990380209e-09,1.0208263214630457e-06,1.6395049678807898e-12,0.0025393735821041727,-0.09746062641789584,1
569.0,227.45974665973156,10.354152848144446,0.008784959507707557,0.5678904266495607,500003000.0,4.999999911094229,1.289660368787056e-05,4.963506365419252e-05,9.724278092519658e-10,1.1497394078389032e-08,0.004492491685043853,2.348516907473579e-09,1.016226586417931e-06,1.6320211397191879e-12,0.002527931434022624,-0.09747206856597739,1
569.5,227.41101062544857,10.298847409332586,0.008792996732372486,0.5685828452530463,500003000.0,4.999999913234502,1.2897087672945049e-05,4.9640784760293565e-05,9.679701489796104e-10,1.1442212202082466e-08,0.0044929974881003296,2.3493290962052042e-09,1.0116440761377822e-06,1.6245626765035605e-12,0.0025165321336866474,-0.09748346786631336,1
570.0,227.3622688915154,10.243803987219687,0.008801045096492002,0.5692754015432993,500003000.0,4.999999915323495,1.2897569437906669e-05,4.964647838353345e-05,9.635299232400182e-10,1.1387246479759829e-08,0.004493501008664386,2.350137569236794e-09,1.0070787452166777e-06,1.6171295507912107e-12,0.002505175568146111,-0.0974948244318539,1
570.5,227.31352147929948,10.189021533945592,0.00880910460952883,0.5699680944302556,500003000.0,4.999999917362425,1.2898048991446117e-05,4.96521446317052e-05,9.591070788960284e-10,1.1332496343494326e-08,0.004494002255301546,2.35094233921616e-09,1.0025305482618975e-06,1.6097217347136073e-12,0.0024938616244837212,-0.09750613837551629,1
571.0,227.2647684101117,10.134499004742842,0.008817175280982035,0.5706609228219,500003000.0,4.999999919352489,1.2898526342227568e-05,4.9657783612317825e-05,9.547015629013512e-10,1.1277961225256002e-08,0.0044945012365546575,2.3517434187770175e-09,9.979994398940966e-07,1.6023391999802674e-12,0.002482590189815457,-0.09751740981018454,1
571.5,227.21600970520663,10.080235357933944,0.008825257120379845,0.5713538856242567,500003000.0,4.99999992129485,1.2899001498888719e-05,4.966339543259628e-05,9.503133222999545e-10,1.1223640556922806e-08,0.0044949979609438945,2.352540820538764e-09,9.934853747472148e-07,1.5949819178826323e-12,0.00247136115129034,-0.09752863884870966,1
572.0,227.16724538578228,10.02622955492849,0.008833350137296053,0.572046981741432,500003000.0,4.9999999231906465,1.2899474470040832e-05,4.966898019948143e-05,9.459423042279793e-10,1.1169533770292272e-08,0.004495492436966766,2.3533345571062826e-09,9.889883074710261e-07,1.5876498592980292e-12,0.002460174396096783,-0.09753982560390323,1
572.5,227.11847547298032,9.972480560220315,0.008841454341339837,0.5727402100755417,500003000.0,4.999999925040987,1.2899945264268789e-05,4.967453801962997e-05,9.41588455912784e-10,1.1115640297091603e-08,0.004495984673098128,2.3541246410697295e-09,9.845081927306853e-07,1.5803429946933957e-12,0.002449029811461453,-0.09755097018853855,1
573.0,227.06969998788605,9.918987341384645,0.008849569742148431,0.5734335695267437,500003000.0,4.999999926846956,1.2900413890131125e-05,4.9680068999414464e-05,9.372517246723275e-10,1.1061959568989103e-08,0.004496474677790184,2.3549110850043343e-09,9.800449852066248e-07,1.5730612941291954e-12,0.0024379272846490243,-0.09756207271535099,1
573.5,227.0209189515284,9.86574886907511,0.008857696349403789,0.5741270589932761,500003000.0,4.999999928609614,1.2900880356160084e-05,4.968557324492327e-05,9.329320579170846e-10,1.1008491017605619e-08,0.004496962459472499,2.3556939014702016e-09,9.755986395970948e-07,1.5658047272633273e-12,0.0024268667029684918,-0.09757313329703152,1
574.0,226.97213238487987,9.812764117020777,0.00886583417282421,0.5748206773713569,500003000.0,4.999999930329992,1.2901344670861658e-05,4.9691050861960527e-05,9.286294031492957e-10,1.0955234074524139e-08,0.004497448026552005,2.3564731030121004e-09,9.711691106179157e-07,1.5585732633547643e-12,0.002415847953772555,-0.09758415204622745,1
574.5,226.92334030885675,9.760032062023148,0.008873983222161371,0.5755144235552826,500003000.0,4.999999932009099,1.290180684271564e-05,4.969650195604618e-05,9.243437079628052e-10,1.0902188171301866e-08,0.004497931387413015,2.3572487021592825e-09,9.667563530028432e-07,1.5513668712675453e-12,0.0024048709244585287,-0.09759512907554148,1
575.0,226.87454274431897,9.707551683953104,0.008882143507205582,0.5762082964373587,500003000.0,4.999999933647921,1.2902266880175661e-05,4.970192663241592e-05,9.20074920043756e-10,1.0849352739480121e-08,0.004498412550417228,2.358020711425271e-09,9.62360321504823e-07,1.544185519474444e-12,0.0023939355024714627,-0.09760606449752854,1
575.5,226.8257397120702,9.655321965747836,0.008890315037780249,0.5769022949079082,500003000.0,4.999999935247416,1.2902724791669246e-05,4.9707324996021215e-05,9.158229871701606e-10,1.0796727210595197e-08,0.004498891523903734,2.3587891433076775e-09,9.579809708960704e-07,1.5370291760607736e-12,0.0023830415753043396,-0.09761695842469567,1
576.0,226.77693123285786,9.603341893407697,0.008898497823749055,0.5775964178553052,500003000.0,4.9999999368085275,1.2903180585597852e-05,4.971269715152931e-05,9.115878572127849e-10,1.0744311016189433e-08,0.004499368316189038,2.359554010288007e-09,9.536182559695194e-07,1.5298978087282169e-12,0.00237218903050168,-0.09762781096949832,1
576.5,226.72811732737313,9.551610455993025,0.00890669187501477,0.578290664165933,500003000.0,4.99999993833217,1.2903634270336919e-05,4.9718043203323224e-05,9.073694781351545e-10,1.0692103587821303e-08,0.004499842935567057,2.3603153248314675e-09,9.492721315393498e-07,1.5227913847985037e-12,0.0023613777556608546,-0.09763862224433915,1
577.0,226.67929801625095,9.500126645620961,0.00891489720151477,0.5789850327241876,500003000.0,4.9999999398192365,1.2904085854235915e-05,4.972336325550176e-05,9.031677979932369e-10,1.0640104357075977e-08,0.0045003153903091404,2.3610730993867777e-09,9.449425524411746e-07,1.5157098712171552e-12,0.002350607638432549,-0.09764939236156746,1
577.5,226.63047332007017,9.448889457462224,0.008923113813219846,0.5796795224125103,500003000.0,4.9999999412706035,1.2904535345618383e-05,4.972865741187955e-05,8.989827649354676e-10,1.0588312755576263e-08,0.004500785688664071,2.361827346385991e-09,9.406294735325832e-07,1.5086532345572788e-12,0.0023398785665221136,-0.0976601214334779,1
578.0,226.58164325935343,9.397897889737822,0.00893134172014213,0.5803741321113013,500003000.0,4.99999994268712,1.2904982752781985e-05,4.9733925775987046e-05,8.948143272036865e-10,1.0536728214992013e-08,0.004501253838858089,2.3625780782443e-09,9.363328496946321e-07,1.5016214410231287e-12,0.002329190427693278,-0.09767080957230673,1
578.5,226.53280785456727,9.347150943715745,0.00893958093232873,0.5810688606990303,500003000.0,4.999999944069622,1.2905428083998552e-05,4.973916845107057e-05,8.906624331326287e-10,1.0485350167051801e-08,0.0045017198490948885,2.363325307359861e-09,9.320526358318253e-07,1.4946144564539927e-12,0.0023185431097680924,-0.09768145689023192,1
579.0,226.48396712612214,9.296647623707615,0.008947831459866126,0.5817637070521363,500003000.0,4.99999994541892,1.2905871347514127e-05,4.974438554009235e-05,8.865270311504966e-10,1.0434178043552088e-08,0.004502183727555647,2.3640690461136104e-09,9.277887868732178e-07,1.4876322463277116e-12,0.0023079365006296823,-0.09769206349937032,1
579.5,226.43512109437245,9.246386937065346,0.00895609331287036,0.5824586700450719,500003000.0,4.999999946735808,1.2906312551549015e-05,4.9749577145730534e-05,8.824080697781289e-10,1.0383211276367996e-08,0.0045026454823990205,2.364809306869086e-09,9.235412577720518e-07,1.4806747757644194e-12,0.002297370488221337,-0.09770262951177867,1
580.0,226.38626977961655,9.196367894177662,0.008964366501505798,0.5831537485503038,500003000.0,4.999999948021061,1.290675170429783e-05,4.975474337037927e-05,8.78305497630976e-10,1.0332449297463597e-08,0.004503105121761172,2.3655461019722504e-09,9.19310003508326e-07,1.473742009530213e-12,0.0022868449605529056,-0.0977131550394471,1
580.5,226.33741320209683,9.146589508466697,0.008972651035966065,0.5838489414382887,500003000.0,4.999999949275434,1.2907188813929539e-05,4.975988431614872e-05,8.742192634173541e-10,1.0281891538901693e-08,0.004503562653755773,2.366279443751314e-09,9.150949790874661e-07,1.466833912040737e-12,0.0022763598056974844,-0.09772364019430252,1
581.0,226.28855138199967,9.097050796384494,0.008980946926483916,0.5845442475774741,500003000.0,4.9999999504996655,1.2907623888587509e-05,4.976500008486515e-05,8.70149315939548e-10,1.0231537432854017e-08,0.00450401808647402,2.3670093445165646e-09,9.108961395419769e-07,1.459950447364826e-12,0.0022659149117955323,-0.09773408508820447,1
581.5,226.23968433945558,9.047750777409496,0.008989254183328563,0.585239665834304,500003000.0,4.999999951694477,1.2908056936389555e-05,4.977009077807095e-05,8.660956040936768e-10,1.0181386411611329e-08,0.004504471427984652,2.367735816560194e-09,9.067134399317939e-07,1.4530915792281245e-12,0.0022555101670557417,-0.09774448983294426,1
582.0,226.1908120945391,8.998688474042956,0.008997572816812105,0.585935195073216,500003000.0,4.999999952860572,1.290848796542799e-05,4.977515649702475e-05,8.62058076870433e-10,1.0131437907593363e-08,0.004504922686333962,2.3684588721561265e-09,9.025468353455479e-07,1.4462572710166808e-12,0.002245145459758185,-0.09775485454024183,1
582.5,226.14193466726897,8.949862911805411,0.009005902837274093,0.586630834156635,500003000.0,4.999999953998635,1.2908916983769667e-05,4.9780197342701426e-05,8.580366833537324e-10,1.0081691353358675e-08,0.004505371869545808,2.3691785235598544e-09,8.983962808996404e-07,1.4394474857805137e-12,0.002234820678252016,-0.09776517932174798,1
583.0,226.0930520776081,8.901273119233027,0.00901424425509683,0.5873265819449532,500003000.0,4.999999955109339,1.2909343999456028e-05,4.978521341579223e-05,8.540313727223069e-10,1.0032146181614373e-08,0.004505818985621632,2.3698947830082683e-09,8.942617317403949e-07,1.4326621862371635e-12,0.0022245357109608186,-0.09777546428903919,1
583.5,226.04416434546357,8.852918127873934,0.009022597080702575,0.5880224372965643,500003000.0,4.999999956193338,1.2909769020503152e-05,4.9790204816704845e-05,8.500420942495466e-10,9.982801825226276e-09,0.004506264042540475,2.370607662719493e-09,8.901431430443768e-07,1.425901334775293e-12,0.0022142904463834075,-0.0977857095536166,1
584.0,225.99527149068678,8.804796972284585,0.009030961324542671,0.5887183990678286,500003000.0,4.99999995725127,1.2910192054901803e-05,4.979517164556346e-05,8.460687973026064e-10,9.933657717228274e-09,0.004506707048258987,2.3713171748927283e-09,8.860404700179333e-07,1.4191648934581688e-12,0.002204084773092678,-0.09779591522690732,1
584.5,225.9463735330733,8.756908690025961,0.009039336997119944,0.5894144661130943,500003000.0,4.99999995828376,1.2910613110617475e-05,4.9800114002208875e-05,8.421114313446181e-10,9.884713290832356e-09,0.004507148010711452,2.3720233317080816e-09,8.819536678999918e-07,1.4124528240272307e-12,0.0021939185797425704,-0.09780608142025743,1
585.0,225.8974704923632,8.709252321659921,0.009047724108955804,0.5901106372846544,500003000.0,4.999999959291416,1.2911032195590441e-05,4.98050319861986e-05,8.381699459317451e-10,9.835967979437684e-09,0.004507586937809791,2.3727261453264154e-09,8.778826919594465e-07,1.4057650879055196e-12,0.0021837917550615676,-0.09781620824493843,1
585.5,225.84856238824074,8.661826910745335,0.009056122670625213,0.5908069114328021,500003000.0,4.999999960274833,1.29114493177358e-05,4.980992569680692e-05,8.342442907165513e-10,9.787421216640917e-09,0.004508023837443593,2.373425627889184e-09,8.738274974991599e-07,1.3991016462012735e-12,0.002173704187862652,-0.09782629581213735,1
586.0,225.79964924033467,8.614631503834302,0.009064532692734146,0.5915032874057701,500003000.0,4.99999996123459,1.2911864484943522e-05,4.981479523302504e-05,8.303344154460209e-10,9.739072436245015e-09,0.004508458717480118,2.37412179151828e-09,8.697880398543569e-07,1.3924624597113035e-12,0.0021636557670393066,-0.0978363442329607,1
586.5,225.7507310682182,8.567665150468295,0.009072954185927871,0.5921997640497624,500003000.0,4.9999999621712545,1.2912277705078503e-05,4.981964069356118e-05,8.264402699624424e-10,9.69092107226912e-09,0.004508891585764319,2.3748146483158837e-09,8.657642743940183e-07,1.385847488924515e-12,0.0021536463815689847,-0.09784635361843103,1
587.0,225.70180789140898,8.520926903174324,0.009081387160882253,0.5928963402089338,500003000.0,4.999999963085379,1.2912688985980604e-05,4.982446217684066e-05,8.225618042027333e-10,9.642966558957713e-09,0.004509322450118866,2.3755042103643043e-09,8.61756156520636e-07,1.379256694025317e-12,0.002143675920512498,-0.09785632407948751,1
587.5,225.65287972936923,8.474415817460958,0.00908983162832253,0.5935930147254154,500003000.0,4.999999963977505,1.2913098335464705e-05,4.982925978100605e-05,8.186989682002523e-10,9.595208330790352e-09,0.004509751318344151,2.376190489725832e-09,8.577636416725735e-07,1.3726900348971095e-12,0.002133744273019893,-0.09786625572698011,1
588.0,225.60394660150575,8.428130951814445,0.009098287599001628,0.5942897864392698,500003000.0,4.999999964848158,1.2913505761320746e-05,4.98340336039173e-05,8.148517120829474e-10,9.547645822490426e-09,0.004510178198218312,2.376873498442592e-09,8.537866853225834e-07,1.366147471125621e-12,0.002123851328326758,-0.09787614867167324,1
588.5,225.55500852716992,8.382071367694705,0.00910675508371691,0.5949866541885135,500003000.0,4.999999965697851,1.2913911271313784e-05,4.983878374315182e-05,8.110199860749767e-10,9.500278469034722e-09,0.004510603097497252,2.3775532485363917e-09,8.49825242979962e-07,1.3596289620023581e-12,0.002113996975759586,-0.09788600302424041,1
589.0,225.5060655256578,8.336236129531345,0.00911523409330061,0.5956836168091334,500003000.0,4.999999966527088,1.2914314873184032e-05,4.984351029600465e-05,8.072037404959535e-10,9.453105705662755e-09,0.004511026023914654,2.3782297520085785e-09,8.458792701902108e-07,1.3531344665280102e-12,0.0021041811047349305,-0.09789581889526508,1
589.5,225.45711761621016,8.290624304719639,0.009123724638620967,0.5963806731350065,500003000.0,4.999999967336359,1.2914716574646912e-05,4.984821335948859e-05,8.034029257611635e-10,9.40612696788513e-09,0.004511446985182001,2.3789030208398993e-09,8.419487225357157e-07,1.3466639434157131e-12,0.002094403604761099,-0.09790559639523891,1
590.0,225.40816481801252,8.245234963616442,0.009132226730589069,0.5970778219980039,500003000.0,4.999999968126142,1.2915116383393102e-05,4.985289303033434e-05,7.996174923822674e-10,9.359341691493684e-09,0.004511865988988596,2.379573066990349e-09,8.38033555636931e-07,1.340217351094553e-12,0.002084664365441095,-0.09791533563455891,1
590.5,225.35920715019523,8.200067179536129,0.009140740380148222,0.5977750622278917,500003000.0,4.999999968896906,1.2915514307088585e-05,4.9857549404990625e-05,7.958473909664737e-10,9.312749312569519e-09,0.004512283043001581,2.380239902399038e-09,8.341337251519576e-07,1.3337946477127709e-12,0.002074963276471568,-0.09792503672352844,1
591.0,225.31024463183346,8.15512002874647,0.009149265598282066,0.5984723926523947,500003000.0,4.999999969649104,1.2915910353374694e-05,4.986218257962437e-05,7.920925722173545e-10,9.266349267492633e-09,0.004512698154865951,2.3809035389840505e-09,8.302491867778414e-07,1.3273957911411794e-12,0.0020653002276460456,-0.09793469977235396,1
591.5,225.2612772819473,8.110392590464482,0.009157802396011076,0.5991698120971503,500003000.0,4.999999970383183,1.2916304529868161e-05,4.9866792650120846e-05,7.883529869346406e-10,9.220140992950394e-09,0.004513111332204579,2.381563988642307e-09,8.263798962507982e-07,1.321020738976412e-12,0.0020556751088554926,-0.09794432489114452,1
592.0,225.2123051195017,8.065883946852223,0.009166350784400942,0.5998673193857489,500003000.0,4.999999971099575,1.2916696844161169e-05,4.987137971208382e-05,7.846285860150356e-10,9.174123925946794e-09,0.004513522582618236,2.3822212632494296e-09,8.225258093475053e-07,1.3146694485442746e-12,0.0020460878100915228,-0.09795391218990848,1
592.5,225.16332816340676,8.021593183012653,0.009174910774542022,0.600564913339665,500003000.0,4.999999971798706,1.2917087303821394e-05,4.987594386083573e-05,7.809193204505618e-10,9.128297503810582e-09,0.004513931913685606,2.3828753746596074e-09,8.186868818838035e-07,1.3083418769029303e-12,0.0020365382214431725,-0.09796346177855683,1
593.0,225.1143464325175,7.9775193869853425,0.009183482377574577,0.6012625927783243,500003000.0,4.999999972480992,1.291747591639206e-05,4.988048519141783e-05,7.772251413308099e-10,9.082661164204714e-09,0.004514339332963317,2.383526334705463e-09,8.148630697174873e-07,1.3020379808462626e-12,0.002027026233103837,-0.09797297376689616,1
593.5,225.06535994563404,7.93366164974223,0.009192065604674175,0.6019603565190512,500003000.0,4.999999973146833,1.291786268939198e-05,4.98850037985904e-05,7.735459998417853e-10,9.037214345134499e-09,0.004514744847985946,2.384174155197927e-09,8.110543287475251e-07,1.2957577169070475e-12,0.0020175517353693355,-0.09798244826463066,1
594.0,225.01636872150172,7.890019065183359,0.009200660467048717,0.602658203377097,500003000.0,4.999999973796628,1.2918247630315613e-05,4.988949977683288e-05,7.698818472657639e-10,8.99195648495653e-09,0.004515148466266053,2.3848188479261007e-09,8.07260614914338e-07,1.2895010413602307e-12,0.0020081146186386035,-0.0979918853813614,1
594.5,224.96737277881104,7.8465907301325375,0.009209266975950845,0.6033561321656049,500003000.0,4.999999974430757,1.2918630746633104e-05,4.989397322034407e-05,7.662326349824239e-10,8.946887022386981e-09,0.0045155501952941985,2.3854604246571335e-09,8.034818842014086e-07,1.2832679102261001e-12,0.0019987147734176905,-0.09800128522658232,1
595.0,224.91837213619775,7.803375744333014,0.009217885142667078,0.6040541416956325,500003000.0,4.999999975049601,1.291901204579034e-05,4.9898424223042324e-05,7.625983144680287e-10,8.90200539651031e-09,0.004515950042538962,2.3860988971361e-09,7.997180926348504e-07,1.2770582792735206e-12,0.001989352090318696,-0.09801064790968131,1
595.5,224.8693668122429,7.760373210443089,0.009226514978526718,0.604752230776144,500003000.0,4.999999975653523,1.2919391535208987e-05,4.9902852878565715e-05,7.589788372962552e-10,8.857311046787677e-09,0.0045163480154469665,2.3867342770858693e-09,7.959691962846933e-07,1.2708721040231082e-12,0.0019800264600629614,-0.09801997353993705,1
596.0,224.82035682547294,7.7175822340317515,0.009235156494891154,0.6054503982139942,500003000.0,4.999999976242883,1.2919769222286555e-05,4.990725928027225e-05,7.553741551374032e-10,8.812803413065225e-09,0.0045167441214429,2.387366576206986e-09,7.922351512644743e-07,1.264709339750383e-12,0.0019707377734800545,-0.09802926222651995,1
596.5,224.77134219435968,7.675001923574222,0.009243809703166914,0.6061486428139516,500003000.0,4.999999976818029,1.2920145114396434e-05,4.991164352124004e-05,7.517842197595513e-10,8.768481935582659e-09,0.004517138367929537,2.387995806177546e-09,7.885159137328655e-07,1.2585699414889597e-12,0.001961485921511819,-0.09803851407848818,1
597.0,224.72232293732043,7.632631390447527,0.009252474614796018,0.6068469633786606,500003000.0,4.9999999773793045,1.2920519218887948e-05,4.9916005694267535e-05,7.48208983027852e-10,8.724346054981185e-09,0.004517530762287764,2.3886219786530837e-09,7.848114398933455e-07,1.2524538640336322e-12,0.0019522707952115566,-0.09804772920478845,1
597.5,224.67329907271804,7.590469748926038,0.009261151241254708,0.6075453587086447,500003000.0,4.999999977927041,1.2920891543086401e-05,4.992034589187369e-05,7.446483969045222e-10,8.680395212311832e-09,0.004517921311876596,2.3892451052664454e-09,7.811216859946025e-07,1.2463610619435094e-12,0.0019430922857450307,-0.09805690771425497,1
598.0,224.62427061886092,7.548516116176951,0.009269839594064194,0.6082438276023315,500003000.0,4.999999978461565,1.2921262094293126e-05,4.9924664206298216e-05,7.411024134497911e-10,8.636628849043873e-09,0.0045183100240332045,2.3898651976276798e-09,7.774466083319342e-07,1.2402914895451584e-12,0.001933950284393947,-0.09806604971560606,1
598.5,224.5752375940031,7.5067696122557654,0.009278539684782516,0.6089423688560373,500003000.0,4.99999997898319,1.2921630879785537e-05,4.992896072950175e-05,7.375709848213199e-10,8.593046407072799e-09,0.00451869690607294,2.3904822673239154e-09,7.737861632470467e-07,1.2342451009356706e-12,0.0019248446825554555,-0.09807515531744455,1
599.0,224.5262000163444,7.465229360101762,0.009287251525001896,0.6096409812639217,500003000.0,4.999999979492231,1.2921997906817174e-05,4.9933235553166115e-05,7.340540632740828e-10,8.549647328728041e-09,0.004519081965289356,2.391096325919258e-09,7.701403071283318e-07,1.228221849985693e-12,0.001915775371742838,-0.09808422462825717,1
599.5,224.47715790403026,7.423894485533382,0.009295975126362441,0.6103396636180674,500003000.0,4.9999999799889885,1.2922363182617754e-05,4.9937488768694503e-05,7.305516011615222e-10,8.506431056781681e-09,0.0045194652089542275,2.391707384954671e-09,7.665089964124799e-07,1.2222216903425825e-12,0.0019067422435895226,-0.09809325775641048,1
600.0,224.42811127515205,7.382764117243691,0.009304710500530965,0.6110384147083807,500003000.0,4.999999980473756,1.292272671439322e-05,4.994172046721173e-05,7.270635509339634e-10,8.463397034455565e-09,0.004519846644317584,2.3923154559478634e-09,7.628921875832156e-07,1.2162445754333317e-12,0.0018977451898459362,-0.09810225481015407,1
