t_s,T_K,e_Pa,Sw,Si,Ncloud,Nice,r_cloud_m,r_ice_m,drcloud_dt,drice_dt,qcloud,qice,cond_rate_kgm3s,dep_rate_kgm3s,latent_heating_Ks,dT_dt_Ks,ice_active
0.0,273.15,580.5868570382573,-0.05000000000000009,-0.049927860781880086,0.0,0.0,1e-06,1e-06,0.0,0.0,0.0,0.0,0.0,0.0,0.0,-0.05,0
0.5,273.125,580.5337140765147,-0.048361904947645556,-0.04805682362937668,0.0,0.0,1e-06,1e-06,0.0,0.0,0.0,0.0,0.0,0.0,0.0,-0.05,0
1.0,273.1,580.480571114772,-0.046720638073359994,-0.04618174658605272,0.0,0.0,1e-06,1e-06,0.0,0.0,0.0,0.0,0.0,0.0,0.0,-0.05,0
1.5,273.07500000000005,580.4274281530294,-0.045076192601897005,-0.044302620200823345,0.0,0.0,1e-06,1e-06,0.0,0.0,0.0,0.0,0.0,0.0,0.0,-0.05,0
2.0,273.05000000000007,580.3742851912867,-0.043428561742243674,-0.04241943499886467,0.0,0.0,1e-06,1e-06,0.0,0.0,0.0,0.0,0.0,0.0,0.0,-0.05,0
2.5,273.0250000000001,580.3211422295441,-0.041777738687580064,-0.04053218148153647,0.0,0.0,1e-06,1e-06,0.0,0.0,0.0,0.0,0.0,0.0,0.0,-0.05,0
3.0,273.0000000000001,580.2679992678014,-0.04012371661523939,-0.03864085012632445,0.0,0.0,1e-06,1e-06,0.0,0.0,0.0,0.0,0.0,0.0,0.0,-0.05,0
3.5,272.97500000000014,580.2148563060588,-0.0384664886866682,-0.036745431386784086,0.0,0.0,1e-06,1e-06,0.0,0.0,0.0,0.0,0.0,0.0,0.0,-0.05,0
4.0,272.95000000000016,580.1617133443161,-0.03680604804738686,-0.034845915692445974,0.0,0.0,1e-06,1e-06,0.0,0.0,0.0,0.0,0.0,0.0,0.0,-0.05,0
4.5,272.9250000000002,580.1085703825735,-0.03514238782694936,-0.032942293448799224,0.0,0.0,1e-06,1e-06,0.0,0.0,0.0,0.0,0.0,0.0,0.0,-0.05,0
5.0,272.9000000000002,580.0554274208308,-0.033475501138902825,-0.03103455503719229,0.0,0.0,1e-06,1e-06,0.0,0.0,0.0,0.0,0.0,0.0,0.0,-0.05,0
5.5,272.8750000000002,580.0022844590882,-0.031805381080747645,-0.029122690814768194,0.0,0.0,1e-06,1e-06,0.0,0.0,0.0,0.0,0.0,0.0,0.0,-0.05,0
6.0,272.85000000000025,579.9491414973455,-0.030132020733897345,-0.02720669111441706,0.0,0.0,1e-06,1e-06,0.0,0.0,0.0,0.0,0.0,0.0,0.0,-0.05,0
6.5,272.8250000000003,579.8959985356029,-0.02845541316363701,-0.025286546244706092,0.0,0.0,1e-06,1e-06,0.0,0.0,0.0,0.0,0.0,0.0,0.0,-0.05,0
7.0,272.8000000000003,579.8428555738602,-0.026775551419084383,-0.02336224648979899,0.0,0.0,1e-06,1e-06,0.0,0.0,0.0,0.0,0.0,0.0,0.0,-0.05,0
7.5,272.7750000000003,579.7897126121176,-0.02509242853314755,-0.021433782109418882,0.0,0.0,1e-06,1e-06,0.0,0.0,0.0,0.0,0.0,0.0,0.0,-0.05,0
8.0,272.75000000000034,579.7365696503749,-0.023406037522485604,-0.019501143338746772,0.0,0.0,1e-06,1e-06,0.0,0.0,0.0,0.0,0.0,0.0,0.0,-0.05,0
8.5,272.72500000000036,579.6834266886323,-0.021716371387466297,-0.017564320388388302,0.0,0.0,1e-06,1e-06,0.0,0.0,0.0,0.0,0.0,0.0,0.0,-0.05,0
9.0,272.7000000000004,579.6302837268896,-0.020023423112126112,-0.015623303444292715,0.0,0.0,1e-06,1e-06,0.0,0.0,0.0,0.0,0.0,0.0,0.0,-0.05,0
9.5,272.6750000000004,579.577140765147,-0.018327185664129185,-0.01367808266768324,0.0,0.0,1e-06,1e-06,0.0,0.0,0.0,0.0,0.0,0.0,0.0,-0.05,0
10.0,272.65000000000043,579.5239978034043,-0.016627651994724903,-0.011728648195000418,0.0,0.0,1e-06,1e-06,0.0,0.0,0.0,0.0,0.0,0.0,0.0,-0.05,0
10.5,272.62500000000045,579.4708548416617,-0.014924815038707701,-0.009774990137824504,0.0,0.0,1e-06,1e-06,0.0,0.0,0.0,0.0,0.0,0.0,0.0,-0.05,0
11.0,272.6000000000005,579.417711879919,-0.013218667714375226,-0.007817098582829462,0.0,0.0,1e-06,1e-06,0.0,0.0,0.0,0.0,0.0,0.0,0.0,-0.05,0
11.5,272.5750000000005,579.3645689181764,-0.011509202923486941,-0.005854963591678101,0.0,0.0,1e-06,1e-06,0.0,0.0,0.0,0.0,0.0,0.0,0.0,-0.05,0
12.0,272.5500000000005,579.3114259564337,-0.00979641355122187,-0.003888575201002559,0.0,0.0,1e-06,1e-06,0.0,0.0,0.0,0.0,0.0,0.0,0.0,-0.05,0
12.5,272.52500000000055,579.2582829946911,-0.00808029246613735,-0.0019179234222965796,0.0,0.0,1e-06,1e-06,0.0,0.0,0.0,0.0,0.0,0.0,0.0,-0.05,0
13.0,272.50000000000057,579.2051400329484,-0.006360832520127319,5.7001758132928274e-05,0.0,0.0,1e-06,1e-06,0.0,0.0,0.0,0.0,0.0,0.0,0.0,-0.05,0
13.5,272.4750000000006,579.1519970712058,-0.0046380265483796914,0.0020362103792324095,0.0,0.0,1e-06,1e-06,0.0,0.0,0.0,0.0,0.0,0.0,0.0,-0.05,0
14.0,272.4500000000006,579.0988541094631,-0.002911867369334201,0.004019712505278837,0.0,0.0,1e-06,1e-06,0.0,0.0,0.0,0.0,0.0,0.0,0.0,-0.05,0
14.5,272.42500000000064,579.0457111477205,-0.0011823477846409146,0.00600751822593427,0.0,0.0,1e-06,1e-06,0.0,0.0,0.0,0.0,0.0,0.0,0.0,-0.05,0
15.0,272.40000000000066,578.9806221116735,0.0005505394208825461,0.007999637656339197,500003000.0,0.0,1.0153152876538543e-06,1e-06,3.063057530770887e-08,0.0,2.192118340736581e-06,0.0,1.9839900000274587e-07,0.0,0.0004935298507530992,-0.0495064701492469,0
15.5,272.37524676492603,578.8735071009543,0.0022480596635406536,0.009954600339896107,500003000.0,0.0,1.0768360272562206e-06,1e-06,1.230414792047325e-07,0.0,2.6152303690681306e-06,0.0,8.964646564375687e-07,0.0,0.002230011583178031,-0.04776998841682197,0
16.0,272.35136177071763,578.7177330579134,0.0038122716349914456,0.011767489862627404,500003000.0,0.0,1.1750887867873963e-06,1e-06,1.9650551906235116e-07,0.0,3.3983903791155314e-06,0.0,1.7048987436523481e-06,0.0,0.004241041650876488,-0.04575895834912352,0
16.5,272.3284822915431,578.5075681450514,0.005220861398251658,0.013414306844443311,500003000.0,0.0,1.298257023910131e-06,1e-06,2.463364742454695e-07,0.0,4.5829304042446455e-06,0.0,2.6087505710397892e-06,0.0,0.006489429281193506,-0.0435105707188065,0
17.0,272.3067270061837,578.2397314208655,0.006454357148335643,0.01487408215120276,500003000.0,0.0,1.435933501702853e-06,1e-06,2.7535295558544425e-07,0.0,6.201035302379452e-06,0.0,3.5673101773341025e-06,0.0,0.008873905913766423,-0.04112609408623358,0
17.5,272.28616395914054,577.9136027417713,0.007501235151802968,0.016134354279885348,500003000.0,0.0,1.580454517567323e-06,1e-06,2.8904203172893983e-07,0.0,8.268128658959457e-06,0.0,4.536359660372413e-06,0.0,0.011284476767095555,-0.03871552323290445,0
18.0,272.2668061975241,577.5309413412274,0.008358681982517033,0.017191996538132994,500003000.0,0.0,1.7266314092707422e-06,1e-06,2.923537834068387e-07,0.0,1.0781026912933483e-05,0.0,5.476340792974934e-06,0.0,0.013622738290982423,-0.03637726170901758,0
18.5,272.24861756666957,577.0954539819027,0.00903173790793783,0.018052307882962842,500003000.0,0.0,1.8710787361121092e-06,1e-06,2.8889465368273373e-07,0.0,1.3719472362977677e-05,0.0,6.354861728450738e-06,0.0,0.015808113752365023,-0.03419188624763498,0
19.0,272.23152162354575,576.6122925989847,0.009531924075331995,0.018727547514518942,500003000.0,0.0,2.0116395216300426e-06,1e-06,2.811215710358667e-07,0.0,1.7049501975944727e-05,0.0,7.147875247011825e-06,0.0,0.01778078419654683,-0.032219215803453174,0
19.5,272.215412015644,576.0875293614879,0.00987561596940013,0.019235194539419853,500003000.0,0.0,2.1469864084441233e-06,1e-06,2.706937736281612e-07,0.0,2.0727604091349873e-05,0.0,7.84005899761247e-06,0.0,0.019502634322419082,-0.03049736567758092,0
20.0,272.20016333280523,575.527660084074,0.01008232464859508,0.019596106288847694,500003000.0,0.0,2.276359003455447e-06,1e-06,2.5874519002264736e-07,0.0,2.4704921933562362e-05,0.0,8.424347447600709e-06,0.0,0.020956088178111218,-0.029043911821888785,0
20.5,272.1856413768943,574.9391774821777,0.010173058435597909,0.019832761061492836,500003000.0,0.0,2.399389743368155e-06,1e-06,2.460614798254159e-07,0.0,2.8931011208195147e-05,0.0,8.900772519858902e-06,0.0,0.02214122517377836,-0.027858774826221643,0
21.0,272.1717119894812,574.3282384811196,0.01016890677413029,0.01996773791880549,500003000.0,0.0,2.5159849541748314e-06,1e-06,2.3319042161335337e-07,0.0,3.335687353123912e-05,0.0,9.27490053890733e-06,0.0,0.02307189188782918,-0.026928108112170824,0
21.5,272.1582479354251,573.7004325525091,0.010089930268006087,0.020022524220711158,500003000.0,0.0,2.6262407737148013e-06,1e-06,2.2051163907993987e-07,0.0,3.7937161944578935e-05,0.0,9.556152481716845e-06,0.0,0.02377152358636031,-0.026228476413639693,0
22.0,272.1451336972183,573.0606447850777,0.00995438290036034,0.02001667922873829,500003000.0,0.0,2.7303819957674904e-06,1e-06,2.0828244410537837e-07,0.0,4.263158248649811e-05,0.0,9.756228480262812e-06,0.0,0.024269225075280627,-0.025730774924719375,0
22.5,272.13226830975594,572.4129991460321,0.009778247482249588,0.019967333741695837,500003000.0,0.0,2.8287167716661364e-06,1e-06,1.9666955179729254e-07,0.0,4.740559650540131e-05,0.0,9.887774036750716e-06,0.0,0.024596452827738098,-0.025403547172261905,0
23.0,272.1195665361698,571.7608636824405,0.009575037215897312,0.01988897539006993,500003000.0,0.0,2.9216028337434964e-06,1e-06,1.8577212415472013e-07,0.0,5.223056822971631e-05,0.0,9.963349734374935e-06,0.0,0.02478445207555954,-0.025215547924440463,0
23.5,272.1069587622076,571.1068991390882,0.009355803410476114,0.01979345534074121,500003000.0,0.0,3.0094224190676314e-06,1e-06,1.7563917064826974e-07,0.0,5.708351076198507e-05,0.0,9.994709042241625e-06,0.0,0.024862460304083647,-0.025137539695916356,0
24.0,272.09438999235965,570.4531343961504,0.00912928815372541,0.019690150780451117,500003000.0,0.0,3.0925639258645523e-06,1e-06,1.662830135938418e-07,0.0,6.194657169723266e-05,0.0,9.992352174977144e-06,0.0,0.0248565974501919,-0.025143402549808104,0
24.5,272.08181829108474,569.8010551798328,0.008902166964417937,0.019586224188145634,500003000.0,0.0,3.171408837917683e-06,1e-06,1.5768982410626198e-07,0.0,6.680637634805299e-05,0.0,9.965305270213783e-06,0.0,0.024789316592571598,-0.025210683407428405,0
25.0,272.06921294938104,569.151695867167,0.00867933648924885,0.0194869311605495,500003000.0,0.0,3.246322770828552e-06,1e-06,1.4982786582173718e-07,0.0,7.165331928815245e-05,0.0,9.921068851617016e-06,0.0,0.024679275750291087,-0.025320724249708916,0
25.5,272.0565525872562,568.5057273720516,0.008464213445086285,0.019395940498299055,500003000.0,0.0,3.3176497156915916e-06,1e-06,1.426538897260796e-07,0.0,7.648086842076833e-05,0.0,9.865682912437986e-06,0.0,0.024541499782184045,-0.025458500217815958,0
26.0,272.0438233371473,567.8635367838548,0.008259021490317521,0.019315641505701493,500003000.0,0.0,3.385708724794515e-06,1e-06,1.3611801820584662e-07,0.0,8.128492277059354e-05,0.0,9.803863973756342e-06,0.0,0.024387721327752094,-0.02561227867224791,0
26.5,272.03101719781114,567.2252965295138,0.008065051598070905,0.01924742299608052,500003000.0,0.0,3.450792421989733e-06,1e-06,1.3016739439043547e-07,0.0,8.60632468399751e-05,0.0,9.739179200597338e-06,0.0,0.024226813931834176,-0.025773186068165827,0
27.0,272.01813060477707,566.5910223558251,0.007882888455614762,0.01919191595537795,500003000.0,0.0,3.5131668374203752e-06,1e-06,1.2474883086128472e-07,0.0,9.081499076436243e-05,0.0,9.674232207131284e-06,0.0,0.024065254246595235,-0.025934745753404768,0
27.5,272.0051632319004,565.960620453396,0.007712600464909993,0.019149197238578355,500003000.0,0.0,3.5730721668066144e-06,1e-06,1.1981065877247847e-07,0.0,9.554029614863967e-05,0.0,9.610843514909957e-06,0.0,0.02390757093261183,-0.026092429067388172,0
28.0,271.9921170173667,565.3339246658836,0.0075538943126680705,0.01911895531764781,500003000.0,0.0,3.630724141566454e-06,1e-06,1.1530394951967953e-07,0.0,0.0001002399815944273,0.0,9.550215323682614e-06,0.0,0.023756754536523917,-0.026243245463476086,0
28.5,271.978995394635,564.710725048086,0.00740623714135388,0.019100621316099565,500003000.0,0.0,3.6863157688509723e-06,1e-06,1.1118325456903598e-07,0.0,0.00010491529871305144,0.0,9.493075278764513e-06,0.0,0.02361461512130476,-0.026385384878695243,0
29.0,271.9658027021956,564.0907891439244,0.007268950418164241,0.019093469711925846,500003000.0,0.0,3.7400192611315155e-06,1e-06,1.0740698456108657e-07,0.0,0.00010956774810225721,0.0,9.439797450603294e-06,0.0,0.023482083210455956,-0.026517916789544047,0
29.5,271.95254374380085,563.4738773239202,0.007141279963708581,0.019096693484501787,500003000.0,0.0,3.7919880243796855e-06,1e-06,1.0393752649634012e-07,0.0,0.00011419894471482666,0.0,9.390501050508775e-06,0.0,0.023359455349524313,-0.02664054465047569,0
30.0,271.9392234714756,562.8597534078772,0.007022446508729243,0.019109458383652522,500003000.0,0.0,3.842358613350381e-06,1e-06,1.0074117794139003e-07,0.0,0.00011881052277229484,0.0,9.34512877662667e-06,0.0,0.023246588996583755,-0.026753411003416248,0
30.5,271.9258467659739,562.2481916429895,0.006911680781231698,0.019130940608521642,500003000.0,0.0,3.891252593312519e-06,1e-06,9.778795992427778e-08,0.0,0.00012340407151613153,0.0,9.30350737496547e-06,0.0,0.023143053171555898,-0.026856946828444105,0
31.0,271.9124182925597,561.6389809383902,0.0068082466226654995,0.01916035164536789,500003000.0,0.0,3.938778271085745e-06,1e-06,9.505135554645212e-08,0.0,0.00012798109439258597,0.0,9.26539322787047e-06,0.0,0.023048241860374304,-0.0269517581396257,0
31.5,271.8989424134899,561.0319270920223,0.006711455081579811,0.019196953424529744,500003000.0,0.0,3.9850322756935915e-06,1e-06,9.250800921569313e-08,0.0,0.00013254298557380858,0.0,9.230505714388448e-06,0.0,0.02296145700096629,-0.027038542999033712,0
32.0,271.88542314199043,560.4268535949379,0.006620671895259568,0.01924006638090741,500003000.0,0.0,4.030100981495391e-06,1e-06,9.013741160359953e-08,0.0,0.00013709101893048678,0.0,9.198550848154431e-06,0.0,0.022881967283966246,-0.027118032716033757,0
32.5,271.8718641256324,559.8236014667649,0.006535320277968133,0.0192890724753112,500003000.0,0.0,4.074061775339736e-06,1e-06,8.792158768868938e-08,0.0,0.00014162634564003163,0.0,9.16923737577369e-06,0.0,0.022809048198442015,-0.027190951801557988,0
33.0,271.8582686497316,559.2220284656803,0.006454880505278669,0.01934341477442807,500003000.0,0.0,4.116984174976463e-06,1e-06,8.584479927345368e-08,0.0,0.00014614999752056925,0.0,9.142287170225094e-06,0.0,0.022742007886132076,-0.027257992113867927,0
33.5,271.8446396536747,558.6220079261466,0.006378887423080956,0.019402594800149008,500003000.0,0.0,4.158930809413646e-06,1e-06,8.389326887436736e-08,0.0,0.00015066289392586725,0.0,9.117441416123308e-06,0.0,0.02268020252766992,-0.02731979747233008,0
34.0,271.83097975493854,558.0234274060691,0.006306926714836023,0.019466168542839175,500003000.0,0.0,4.1999582737124565e-06,1e-06,8.205492859761963e-08,0.0,0.000155165850632267,0.0,9.09446377654032e-06,0.0,0.022623044220249553,-0.02737695577975045,0
34.5,271.81729127704864,557.4261872694534,0.006238630526078641,0.01953374178167549,500003000.0,0.0,4.240117871357624e-06,1e-06,8.031919529033349e-08,0.0,0.00015965958961420662,0.0,9.073141464880072e-06,0.0,0.02257000364398028,-0.027429996356019722,0
35.0,271.80357627887065,556.8301992884997,0.006173672862733272,0.019604965159346077,500003000.0,0.0,4.279456257196212e-06,1e-06,7.867677167717662e-08,0.0,0.00016414474896019615,0.0,9.053284922049881e-06,0.0,0.02252060925883055,-0.02747939074116945,0
35.5,271.78983658350006,556.2353853178487,0.006111765041427453,0.019679529310122117,500003000.0,0.0,4.318015993286023e-06,1e-06,7.711947217962017e-08,0.0,0.00016862189244617654,0.0,9.034726617685622e-06,0.0,0.02247444432260105,-0.027525555677398953,0
36.0,271.7760738056614,555.6416760711664,0.00605265136709703,0.01975716022973813,500003000.0,0.0,4.355836029044114e-06,1e-06,7.564007151618396e-08,0.0,0.00017309151847607403,0.0,9.017319349770126e-06,0.0,0.022431142661119712,-0.02756885733888029,0
36.5,271.76228937699193,555.0490100144373,0.005996105139092206,0.019837614996075215,500003000.0,0.0,4.392952115987751e-06,1e-06,7.423217388727337e-08,0.0,0.00017755406823619457,0.0,9.000934305475651e-06,0.0,0.022390383844466795,-0.027609616155533208,0
37.0,271.74848456891414,554.457332379635,0.00594192503459344,0.019920677893413237,500003000.0,0.0,4.429397166215644e-06,1e-06,7.289010045578741e-08,0.0,0.00018200993300392486,0.0,8.985459060973267e-06,0.0,0.022351888211376285,-0.027648111788623718,0
37.5,271.73466051301983,553.8665942955242,0.005889931882830921,0.02000615695489997,500003000.0,0.0,4.465201562657455e-06,1e-06,7.160879288362205e-08,0.0,0.00018645946061313632,0.0,8.970795635230946e-06,0.0,0.02231541202793768,-0.027684587972062323,0
38.0,271.7208182190338,553.2767520281662,0.005839965820554019,0.02009388091332568,500003000.0,0.0,4.500393428065486e-06,1e-06,7.038373081606397e-08,0.0,0.00019090296111723269,0.0,8.956858667159164e-06,0.0,0.02228074295313225,-0.027719257046867753,0
38.5,271.70695859051034,552.6877663214686,0.0057918838052184165,0.020183696535067935,500003000.0,0.0,4.534998858758564e-06,1e-06,6.921086138615644e-08,0.0,0.00019534071171269524,0.0,8.94357375326096e-06,0.0,0.022247695903634228,-0.027752304096365775,0
39.0,271.69308243846217,552.0996018271983,0.005745557454897615,0.020275466304149323,500003000.0,0.0,4.569042128265678e-06,1e-06,6.8086539014228e-08,0.0,0.00019977296099648817,0.0,8.93087596110976e-06,0.0,0.022216109355994426,-0.027783890644005577,0
39.5,271.67919049314014,551.5122266138276,0.005700871180666597,0.020369066419751083,500003000.0,0.0,4.602545865256913e-06,1e-06,6.700747398247008e-08,0.0,0.0002041999326334741,0.0,8.918708519418015e-06,0.0,0.022185842088104517,-0.027814157911895485,0
40.0,271.6652834141842,550.9256117440815,0.0056577205769127135,0.020464385070181227,500003000.0,0.0,4.635531209488187e-06,1e-06,6.597068846254882e-08,0.0,0.0002086218285079102,0.0,8.907021676487995e-06,0.0,0.022156770339522375,-0.027843229660477628,0
40.5,271.651361799354,550.3397309118419,0.005616011036646089,0.02056132094808426,500003000.0,0.0,4.668017948917814e-06,1e-06,6.497347885925371e-08,0.0,0.00021303883142821548,0.0,8.895771713909263e-06,0.0,0.02212878535798324,-0.027871214642016764,0
41.0,271.637426192033,549.7545601300195,0.005575656561246135,0.02065978197410857,500003000.0,0.0,4.70002464066633e-06,1e-06,6.401338349703223e-08,0.0,0.000217451107447682,0.0,8.884920099650414e-06,0.0,0.02210179129266272,-0.027898208707337283,0
41.5,271.6234770876793,549.1700774619834,0.005536578737295391,0.020759684199743063,500003000.0,0.0,4.7315687180789045e-06,1e-06,6.308815482514943e-08,0.0,0.00022185880785683865,0.0,8.874432764285115e-06,0.0,0.022075703393744067,-0.027924296606255936,0
42.0,271.6095149393762,548.5862627901015,0.005498705856229796,0.020860950863323548,500003000.0,0.0,4.762666585800829e-06,1e-06,6.219573544384904e-08,0.0,0.00022626207089614082,0.0,8.86427948434744e-06,0.0,0.022050446478476222,-0.02794955352152378,0
42.5,271.5955401626154,548.0030976158336,0.005461972155733625,0.020963511576549514,500003000.0,0.0,4.793333704483336e-06,1e-06,6.133423736501429e-08,0.0,0.00023066102323106245,0.0,8.854433358027167e-06,0.0,0.02202595362693325,-0.027974046373066754,0
43.0,271.5815531394289,547.4205648866359,0.0054263171646059954,0.021067301622030632,500003000.0,0.0,4.823584666490083e-06,1e-06,6.0501924013494e-08,0.0,0.0002350557812255554,0.0,8.844870359654708e-06,0.0,0.02200216507376793,-0.027997834926232073,0
43.5,271.56755422196574,546.8386488456416,0.00539168513564266,0.021172261345173627,500003000.0,0.0,4.853433263768487e-06,1e-06,5.969719455680707e-08,0.0,0.00023944645204452617,0.0,8.835568961263729e-06,0.0,0.021979027266825196,-0.028020972733174807,0
44.0,271.55354373559913,546.2573349007099,0.0053580245532052805,0.02127833562622045,500003000.0,0.0,4.882892548876232e-06,1e-06,5.891857021548924e-08,0.0,0.00024383313461118255,0.0,8.826509810721587e-06,0.0,0.02195649206647161,-0.028043507933528392,0
44.5,271.5395219816324,545.6766095099701,0.005325287704372057,0.02138547342041781,500003000.0,0.0,4.911974890008473e-06,1e-06,5.816468226448171e-08,0.0,0.0002482159204410955,0.0,8.817675457671541e-06,0.0,0.021934516063859554,-0.02806548393614045,0
45.0,271.5254892396643,545.0964600814394,0.005293430304200581,0.021493627356281058,500003000.0,0.0,4.940692020749201e-06,1e-06,5.743426148145544e-08,0.0,0.00025259489437132367,0.0,8.809050119665201e-06,0.0,0.021913059999167168,-0.028086940000832835,0
45.5,271.51144576966385,544.516874884683,0.005262411167139657,0.02160275338332223,500003000.0,0.0,4.969055085167755e-06,1e-06,5.6726128837108774e-08,0.0,0.00025697013519998996,0.0,8.800619482054974e-06,0.0,0.021892088263818343,-0.02810791173618166,0
46.0,271.4973918137958,543.9378429728046,0.005232191917964802,0.021712810462168934,500003000.0,0.0,4.997074678795616e-06,1e-06,5.60391872557224e-08,0.0,0.00026134171624927626,0.0,8.792370526362554e-06,0.0,0.021871568473538692,-0.02812843152646131,0
46.5,271.48332759803253,543.3593541133241,0.005202736736596102,0.021823760290993532,500003000.0,0.0,5.024760885945796e-06,1e-06,5.5372414300360365e-08,0.0,0.00026570970586270996,0.0,8.784291382586348e-06,0.0,0.021851471100961063,-0.02814852889903894,0
47.0,271.469253333583,542.7813987267358,0.005174012132017014,0.021935567063211404,500003000.0,0.0,5.052123313775414e-06,1e-06,5.472485565923691e-08,0.0,0.00027007416784585026,0.0,8.776371201601489e-06,0.0,0.02183176915821266,-0.028168230841787344,0
47.5,271.45516921816215,542.2039678317132,0.0051459867414157,0.02204819725214365,500003000.0,0.0,5.079171123440486e-06,1e-06,5.409561933014318e-08,0.0,0.0002744351618581299,0.0,8.768600044702299e-06,0.0,0.021812437922145024,-0.02818756207785498,0
48.0,271.44107543712323,541.6270529960973,0.005118631151081496,0.02216161941910601,500003000.0,0.0,5.105913058647063e-06,1e-06,5.3483870413153875e-08,0.0,0.000278792743762328,0.0,8.760968787507897e-06,0.0,0.021793454695293278,-0.028206545304706725,0
48.5,271.4269721644709,541.0506462929312,0.005091917736249688,0.022275804041711398,500003000.0,0.0,5.132357471865253e-06,1e-06,5.2888826436380795e-08,0.0,0.00028314696593719293,0.0,8.75346903612944e-06,0.0,0.021774798597336917,-0.028225201402663085,0
49.0,271.4128595637696,540.4747402609083,0.005065820517489383,0.022390723359981688,500003000.0,0.0,5.1585123484403014e-06,1e-06,5.230975315009604e-08,0.0,0.00028749787755791355,0.0,8.746093053811192e-06,0.0,0.0217564503826149,-0.0282435496173851,0
49.5,271.3987377889609,539.8993278687016,0.005040315031533746,0.022506351237920996,500003000.0,0.0,5.1843853288068565e-06,1e-06,5.1745960733110436e-08,0.0,0.0002918455248484154,0.0,8.738833696461953e-06,0.0,0.021738392279756106,-0.028261607720243897,0
50.0,271.3846069851008,539.3244024827115,0.005015378214809178,0.022622663038685393,500003000.0,0.0,5.209983728988646e-06,1e-06,5.1196800363580185e-08,0.0,0.00029618995130889687,0.0,8.731684355837942e-06,0.0,0.02172060785034314,-0.028279392149656864,0
50.5,271.37046728902595,538.7499578378357,0.004990988298176524,0.022739635511825736,500003000.0,0.0,5.2353145595451196e-06,1e-06,5.066166111294594e-08,0.0,0.00030053119792155256,0.0,8.724638909352719e-06,0.0,0.021703081864061488,-0.028296918135938515,0
51.0,271.35631882995796,538.1759880109195,0.004967124711527709,0.022857246691018344,500003000.0,0.0,5.260384543108309e-06,1e-06,5.013996712637966e-08,0.0,0.00030486930333697987,0.0,8.717691675517327e-06,0.0,0.021685800187854046,-0.028314199812145956,0
51.5,271.3421617300519,537.6024873965896,0.004943767997171562,0.02297547580129701,500003000.0,0.0,5.28520013063778e-06,1e-06,4.963117505894276e-08,0.0,0.0003092043040434709,0.0,8.710837374350212e-06,0.0,0.021668749687438336,-0.028331250312561666,0
52.0,271.3279961048956,537.029450685212,0.004920899731017061,0.023094303174560835,500003000.0,0.0,5.3097675165077106e-06,1e-06,4.9134771739860693e-08,0.0,0.00031353623452108067,0.0,8.704071092081134e-06,0.0,0.021651918139505306,-0.028348081860494697,0
52.5,271.31382206396535,536.4568728427523,0.00489850245068051,0.023213710172596498,500003000.0,0.0,5.334092652528035e-06,1e-06,4.865027204064846e-08,0.0,0.0003178651273821,0.0,8.697388249552869e-06,0.0,0.021635294153116588,-0.028364705846883415,0
53.0,271.2996397110419,535.884749092336,0.004876559589834098,0.023333679116708375,500003000.0,0.0,5.3581812609913225e-06,1e-06,4.817721692657527e-08,0.0,0.00032219101349939436,0.0,8.690784573951688e-06,0.0,0.021618867099382308,-0.028381132900617695,0
53.5,271.2854491445916,535.3130748973424,0.004855055418087416,0.023454193223315507,500003000.0,0.0,5.382038846827468e-06,1e-06,4.771517167229101e-08,0.0,0.00032651392212384024,0.0,8.684256073355427e-06,0.0,0.02160262704814783,-0.028397372951852174,0
54.0,271.2712504581157,534.7418459458723,0.004833974985907353,0.02357523654495213,500003000.0,0.0,5.405670708940447e-06,1e-06,4.726372422595747e-08,0.0,0.0003308338809919993,0.0,8.677799013884414e-06,0.0,0.02158656471115526,-0.028413435288844744,0
54.5,271.25704374047126,534.1710581364625,0.004813304073990351,0.02369679391603782,500003000.0,0.0,5.429081950793713e-06,1e-06,4.682248370653284e-08,0.0,0.0003351509164249624,0.0,8.67140989900317e-06,0.0,0.02157067139055515,-0.028429328609444852,0
55.0,271.2428290761665,533.6007075649212,0.004793029146741031,0.02381885090301317,500003000.0,0.0,5.452277490304857e-06,1e-06,4.639107902228807e-08,0.0,0.0003394650534192653,0.0,8.665085450886238e-06,0.0,0.02155493893255283,-0.028445061067447173,0
55.5,271.2286065456328,533.0307905121833,0.004773137309382323,0.02394139375842539,500003000.0,0.0,5.475262069104004e-06,1e-06,4.596915759829465e-08,0.0,0.00034377631573060573,0.0,8.658822593473085e-06,0.0,0.02153935968525643,-0.028460640314743574,0
56.0,271.2143762254754,532.4613034330894,0.004753616268413818,0.024064409378576568,500003000.0,0.0,5.498040261205664e-06,1e-06,4.555638420331881e-08,0.0,0.0003480847259510587,0.0,8.652618437131625e-06,0.0,0.02152392646052643,-0.028476073539473575,0
56.5,271.2001381887057,531.8922429460039,0.004734454295078779,0.024187885264363794,500003000.0,0.0,5.520616481139026e-06,1e-06,4.5152439866724475e-08,0.0,0.0003523903055803881,0.0,8.646470264704361e-06,0.0,0.02150863249926458,-0.028491367500735422,0
57.0,271.18589250495535,531.3236058231986,0.004715640191570506,0.02431180948509567,500003000.0,0.0,5.54299499157768e-06,1e-06,4.475702087730813e-08,0.0,0.00035669307509199056,0.0,8.640375518798483e-06,0.0,0.02149347143979722,-0.028506528560202783,0
57.5,271.17163924067523,530.7553889819342,0.00469716325973124,0.024436170644984826,500003000.0,0.0,5.565179910506065e-06,1e-06,4.436983785676896e-08,0.0,0.00036099305399394825,0.0,8.634331790187258e-06,0.0,0.02147843728902303,-0.028521562710976972,0
58.0,271.1573784593198,530.1875894761797,0.004679013272024102,0.024560957852015567,500003000.0,0.0,5.587175217956703e-06,1e-06,4.3990614901277555e-08,0.0,0.0003652902608856182,0.0,8.62833680720856e-06,0.0,0.021463524396041198,-0.028536475603958805,0
58.5,271.1431102215178,529.6202044889134,0.004661180444609502,0.024686160689165723,500003000.0,0.0,5.608984762349468e-06,1e-06,4.361908878553087e-08,0.0,0.00036958471351017044,0.0,8.622388426112844e-06,0.0,0.021448727428141405,-0.028551272571858598,0
59.0,271.1288345852319,529.053231324959,0.004643655412287299,0.024811769187518297,500003000.0,0.0,5.6306122664611766e-06,1e-06,4.325500822341569e-08,0.0,0.0003738764288033871,0.0,8.616484622157727e-06,0.0,0.02143404134865106,-0.028565958651348942,0
59.5,271.11455160590623,528.4866674043117,0.004626429205205801,0.02493777380134459,500003000.0,0.0,5.652061333051715e-06,1e-06,4.289813318107615e-08,0.0,0.0003781654229390598,0.0,8.610623481482316e-06,0.0,0.021419461396722177,-0.028580538603277826,0
60.0,271.1002613366046,527.920510255915,0.004609493227147081,0.0250641653848407,500003000.0,0.0,5.67333545017053e-06,1e-06,4.254823423762994e-08,0.0,0.00038245171137125006,0.0,8.60480319360488e-06,0.0,0.021404983068668854,-0.02859501693133115,0
60.5,271.0859638281389,527.35475751185,0.004592839235312934,0.025190935170484343,500003000.0,0.0,5.694437996165595e-06,1e-06,4.220509199013167e-08,0.0,0.0003867353088736955,0.0,8.599022044582985e-06,0.0,0.0213906021009527,-0.028609397899047304,0
61.0,271.0716591291894,526.7894069019085,0.004576459321413124,0.025318074748780818,500003000.0,0.0,5.715372244414844e-06,1e-06,4.186849649849719e-08,0.0,0.0003910162295765531,0.0,8.593278410630078e-06,0.0,0.021376314454303675,-0.028623685545696328,0
61.5,271.0573472864166,526.2244562485141,0.004560345894049634,0.02544557604939952,500003000.0,0.0,5.736141367798895e-06,1e-06,4.153824676810285e-08,0.0,0.0003952944870007362,0.0,8.587570752326797e-06,0.0,0.02136211629932039,-0.028637883700679614,0
62.0,271.04302834456627,525.6599034619712,0.004544491662198142,0.025573431323497816,500003000.0,0.0,5.756748442931996e-06,1e-06,4.1214150266202235e-08,0.0,0.00039957009408999347,0.0,8.581897609191793e-06,0.0,0.02134800400296466,-0.028651995997035343,0
62.5,271.02870234656774,525.0957465360118,0.004528889619776688,0.025701633127168493,500003000.0,0.0,5.777196454167107e-06,1e-06,4.089602247022207e-08,0.0,0.00040384306324092885,0.0,8.576257594718773e-06,0.0,0.02133397411621585,-0.02866602588378415,0
63.0,271.01436933362584,524.5319835436206,0.004513533031172814,0.025830174305966746,500003000.0,0.0,5.797488297389644e-06,1e-06,4.058368644507318e-08,0.0,0.00040811340633110514,0.0,8.570649391752873e-06,0.0,0.021320023362569336,-0.028679976637430667,0
63.5,271.0000293453071,523.9686126331168,0.004498415417690771,0.02595904798040019,500003000.0,0.0,5.817626783613436e-06,1e-06,4.027697244758478e-08,0.0,0.00041238113474538994,0.0,8.565071748239947e-06,0.0,0.021306148627462555,-0.028693851372537448,0
64.0,270.98568241962084,523.4056320244738,0.0044835305448185,0.026088247532274154,500003000.0,0.0,5.837614642391307e-06,1e-06,3.9975717555743266e-08,0.0,0.0004166462594006598,0.0,8.559523473256313e-06,0.0,0.021292346948398787,-0.028707653051601216,0
64.5,270.97132859309505,522.8430400058593,0.004468872410289517,0.02621776659192659,500003000.0,0.0,5.857454525051917e-06,1e-06,3.9679765321217786e-08,0.0,0.00042090879076900133,0.0,8.554003433361783e-06,0.0,0.021278615505875082,-0.02872138449412492,0
65.0,270.956967900848,522.2808349303813,0.004454435232840039,0.02634759902620323,500003000.0,0.0,5.8771490077734635e-06,1e-06,3.93889654430938e-08,0.0,0.00042516873889949657,0.0,8.548510549168755e-06,0.0,0.02126495161484765,-0.028735048385152354,0
65.5,270.94260037665543,521.7190152130252,0.004440213441645529,0.026477738927108804,500003000.0,0.0,5.8967005945042566e-06,1e-06,3.9103173461586245e-08,0.0,0.0004294261134387048,0.0,8.543043792173514e-06,0.0,0.021251352716849536,-0.028748647283150467,0
66.0,270.9282260530139,521.1575793277668,0.004426201666389787,0.026608180601214438,500003000.0,0.0,5.916111719739413e-06,1e-06,3.88222504703122e-08,0.0,0.0004336809236499437,0.0,8.537602181831036e-06,0.0,0.02123781637271402,-0.028762183627285984,0
66.5,270.91384496120025,520.5965258048525,0.004412394727884693,0.026738918559590794,500003000.0,0.0,5.935384751162153e-06,1e-06,3.8546062845480005e-08,0.0,0.00043793317843142913,0.0,8.532184782780986e-06,0.0,0.021224340255674094,-0.02877565974432591,0
67.0,270.8994571313281,520.0358532282318,0.004398787629253407,0.026869947508380274,500003000.0,0.0,5.954521992157783e-06,1e-06,3.827448199126107e-08,0.0,0.0004421828863333775,0.0,8.526790702310115e-06,0.0,0.021210922145050035,-0.028789077854949968,0
67.5,270.88506259240063,519.475560233134,0.004385375547601295,0.027001262339875515,500003000.0,0.0,5.9735256842077315e-06,1e-06,3.800738409989688e-08,0.0,0.00044643005557412765,0.0,8.521419087960914e-06,0.0,0.02119755992030078,-0.02880244007969922,0
68.0,270.87066137236076,518.9156455037808,0.004372153826146745,0.02713285812411036,500003000.0,0.0,5.9923980091705224e-06,1e-06,3.774464992558139e-08,0.0,0.0004506746940553428,0.0,8.516069125284308e-06,0.0,0.021184251555433603,-0.0288157484445664,0
68.5,270.85625349813847,518.3561077712211,0.004359117966809201,0.027264730100893166,500003000.0,0.0,6.0111410914562365e-06,1e-06,3.748616457142885e-08,0.0,0.00045491680937637244,0.0,8.510740035779533e-06,0.0,0.021170995113879435,-0.028829004886120568,0
69.0,270.8418389956954,517.7969458112857,0.004346263623192246,0.027396873672328504,500003000.0,0.0,6.029757000100423e-06,1e-06,3.723181728837261e-08,0.0,0.0004591564088478199,0.0,8.505431074945126e-06,0.0,0.02115778874364459,-0.028842211256355412,0
69.5,270.82741789006724,517.2381584426496,0.004333586593945478,0.027529284395690485,500003000.0,0.0,6.048247750743067e-06,1e-06,3.698150128528926e-08,0.0,0.00046339349950436386,0.0,8.500141530450665e-06,0.0,0.02114463067276285,-0.028855369327237153,0
70.0,270.8129902054036,516.6797445249982,0.004321082816488826,0.027661957976721697,500003000.0,0.0,6.0666153075179075e-06,1e-06,3.673511354968104e-08,0.0,0.000467628088116888,0.0,8.494870720435949e-06,0.0,0.02113151920506455,-0.028868480794935453,0
70.5,270.79855596500613,516.1217029572905,0.0043087483610583545,0.027794890263248308,500003000.0,0.0,6.084861584856948e-06,1e-06,3.649255467807983e-08,0.0,0.0004718601812039521,0.0,8.489617991893253e-06,0.0,0.02111845271615237,-0.028881547283847633,0
71.0,270.7841151913642,515.56403267611,0.004296579425091376,0.02792807723916827,500003000.0,0.0,6.1029884492148836e-06,1e-06,3.625372871587209e-08,0.0,0.00047608978504266983,0.0,8.484382719201388e-06,0.0,0.021105429649754696,-0.028894570350245306,0
71.5,270.7696679061891,515.006732654103,0.004284572327872991,0.02806151501872155,500003000.0,0.0,6.120997720717616e-06,1e-06,3.601854300546447e-08,0.0,0.0004803169056790035,0.0,8.479164302689472e-06,0.0,0.021092448514152914,-0.02890755148584709,0
72.0,270.7552141304462,514.449801898494,0.0042727235054867835,0.028195199841102008,500003000.0,0.0,6.138891174738998e-06,1e-06,3.5786908042764025e-08,0.0,0.0004845415489375342,0.0,8.47396216734363e-06,0.0,0.021079507878964256,-0.028920492121035746,0
72.5,270.74075388438564,513.8932394496787,0.004261029505990049,0.028329128065281158,500003000.0,0.0,6.156670543409469e-06,1e-06,3.555873734094059e-08,0.0,0.0004887637204307145,0.0,8.468775761526465e-06,0.0,0.02106660637195638,-0.028933393628043622,0
73.0,270.72628718757164,513.337044379885,0.004249486984865779,0.028463296165122196,500003000.0,0.0,6.174337517060256e-06,1e-06,3.5333947301575126e-08,0.0,0.0004929834255676587,0.0,8.463604555838037e-06,0.0,0.021053742676214023,-0.02894625732378598,0
73.5,270.71181405890974,512.7812157918996,0.004238092700694957,0.0285977007247972,500003000.0,0.0,6.191893745606459e-06,1e-06,3.5112457092405584e-08,0.0,0.0004972006695625001,0.0,8.458448042030498e-06,0.0,0.02104091552743905,-0.02895908447256095,0
74.0,270.69733451667344,512.2257528178596,0.004226843511017772,0.028732338434291908,500003000.0,0.0,6.20934083987202e-06,1e-06,3.489418853112147e-08,0.0,0.0005014154574423102,0.0,8.453305731935521e-06,0.0,0.02102812371128239,-0.028971876288717613,0
74.5,270.6828485785291,511.6706546181011,0.0042157363684249115,0.028867206085289563,500003000.0,0.0,6.226680372859659e-06,1e-06,3.46790659752789e-08,0.0,0.0005056277940546333,0.0,8.44817715650742e-06,0.0,0.02101536606096373,-0.02898463393903627,0
75.0,270.6683562615596,511.1159203800614,0.004204768316842573,0.029002300567147844,500003000.0,0.0,6.243913880968548e-06,1e-06,3.4467016217778165e-08,0.0,0.0005098376840746654,0.0,8.443061864929236e-06,0.0,0.02100264145504785,-0.028997358544952154,0
75.5,270.6538575822871,510.5615493172364,0.004193936487969931,0.02913761886311076,500003000.0,0.0,6.261042865162213e-06,1e-06,3.42579683873306e-08,0.0,0.0005140451320120693,0.0,8.437959423717062e-06,0.0,0.020989948815216573,-0.02901005118478343,0
76.0,270.63935255669475,510.00754066818604,0.004183238097896863,0.02927315804665853,500003000.0,0.0,6.278068792089176e-06,1e-06,3.4051853853925356e-08,0.0,0.0005182501422174576,0.0,8.432869415895163e-06,0.0,0.020977287104216823,-0.02902271289578318,0
76.5,270.62484120024686,509.45389369558467,0.004172670443905365,0.0294089152781384,500003000.0,0.0,6.294993095158733e-06,1e-06,3.384860613911492e-08,0.0,0.0005224527188885865,0.0,8.427791440265386e-06,0.0,0.02096465532404325,-0.029035344675956754,0
77.0,270.61032352790886,508.9006076853173,0.004162230901384531,0.029544887801412442,500003000.0,0.0,6.311817175573911e-06,1e-06,3.364816083035577e-08,0.0,0.0005266528660762415,0.0,8.422725110644493e-06,0.0,0.02095205251404103,-0.029047947485958972,0
77.5,270.59579955416586,508.34768194561696,0.004151916920905488,0.02968107294074753,500003000.0,0.0,6.328542403323713e-06,1e-06,3.345045549960476e-08,0.0,0.0005308505876898461,0.0,8.417670055176812e-06,0.0,0.02093947774919605,-0.029060522250803952,0
78.0,270.58126929304046,507.7951158062401,0.0041417260254381265,0.029817468097846234,500003000.0,0.0,6.34517011813664e-06,1e-06,3.3255429625853034e-08,0.0,0.000535045887502821,0.0,8.412625915699196e-06,0.0,0.020926930138555216,-0.029073069861444787,0
78.5,270.56673275810977,507.2429086176803,0.004131655807682999,0.029954070748963505,500003000.0,0.0,6.361701630397252e-06,1e-06,3.306302452122516e-08,0.0,0.0005392387691576897,0.0,8.407592347116725e-06,0.0,0.020914408823673444,-0.02908559117632656,0
79.0,270.5521899625216,506.6910597504158,0.004121703927532245,0.030090878442233324,500003000.0,0.0,6.3781382220275564e-06,1e-06,3.287318326060852e-08,0.0,0.0005434292361709595,0.0,8.402569016828974e-06,0.0,0.020901912977186504,-0.0290980870228135,0
79.5,270.5376409190102,506.13956859419204,0.0041118681096268825,0.030227888795009324,500003000.0,0.0,6.394481147334763e-06,1e-06,3.26858506144131e-08,0.0,0.0005476172919377661,0.0,8.397555604151446e-06,0.0,0.02088944180137176,-0.029110558198628244,0
80.0,270.52308563991085,505.5884345573343,0.004102146141049003,0.03036509949142314,500003000.0,0.0,6.410731633827083e-06,1e-06,3.2500972984639735e-08,0.0,0.0005518029397363256,0.0,8.392551799821065e-06,0.0,0.02087699452691807,-0.02912300547308193,0
80.5,270.5085241371743,505.0376570660912,0.004092535869091024,0.030502508279988655,500003000.0,0.0,6.4268908829989195e-06,1e-06,3.231849834367336e-08,0.0,0.000555986182732179,0.0,8.387557305477699e-06,0.0,0.020864570411636068,-0.029135429588363935,0
81.0,270.4939564223801,504.48723556400586,0.004083035199137399,0.030640112971345758,500003000.0,0.0,6.442960071086904e-06,1e-06,3.2138376175969646e-08,0.0,0.0005601670239822511,0.0,8.382571833203048e-06,0.0,0.020852168739311065,-0.029147831260688938,0
81.5,270.47938250674974,503.93716951131324,0.004073642092643574,0.030777911436077346,500003000.0,0.0,6.4589403497981065e-06,1e-06,3.196055742240496e-08,0.0,0.0005643454664387459,0.0,8.377595105094868e-06,0.0,0.02083978881864395,-0.029160211181356054,0
82.0,270.4648024011591,503.38745838436546,0.004064354565167232,0.030915901602629588,500003000.0,0.0,6.474832847011525e-06,1e-06,3.17849944268367e-08,0.0,0.0005685215129528464,0.0,8.372626852792092e-06,0.0,0.020827429982069882,-0.02917257001793012,0
82.5,270.4502161161501,502.8381016750777,0.004055170684538387,0.03105408145531778,500003000.0,0.0,6.490638667454254e-06,1e-06,3.161164088545858e-08,0.0,0.0005726951662782863,0.0,8.367666817136731e-06,0.0,0.02081509158491724,-0.029184908415082762,0
83.0,270.43562366194254,502.28909889040153,0.0040460885690444546,0.03119244903243835,500003000.0,0.0,6.506358893353199e-06,1e-06,3.144045179789013e-08,0.0,0.0005768664290747398,0.0,8.362714747724936e-06,0.0,0.020802773004290887,-0.029197226995709116,0
83.5,270.4210250484447,501.74044955181625,0.004037106385745695,0.03133100242440046,500003000.0,0.0,6.521994585063609e-06,1e-06,3.127138342081997e-08,0.0,0.0005810353039110884,0.0,8.357770402591845e-06,0.0,0.020790473638288173,-0.02920952636171183,0
84.0,270.40642028526383,501.19215319484346,0.004028222348827564,0.03146973977202854,500003000.0,0.0,6.537546781675305e-06,1e-06,3.1104393223392765e-08,0.0,0.0005852017932685424,0.0,8.352833547844147e-06,0.0,0.020778192905084942,-0.02922180709491506,0
84.5,270.39180938171637,500.6442093685795,0.004019434718039585,0.031608659264834096,500003000.0,0.0,6.553016501597632e-06,1e-06,3.0939439844652435e-08,0.0,0.0005893658995436408,0.0,8.347903957348946e-06,0.0,0.020765930242161557,-0.029234069757838446,0
85.0,270.37719234683743,500.09661763524883,0.004010741797177083,0.0317477591394407,500003000.0,0.0,6.5684047431239485e-06,1e-06,3.0776483052633174e-08,0.0,0.0005935276250511134,0.0,8.342981412394293e-06,0.0,0.02075368510545844,-0.02924631489454156,0
85.5,270.3625691893902,499.5493775697744,0.004002141932642727,0.03188703767801456,500003000.0,0.0,6.583712484976607e-06,1e-06,3.061548370531768e-08,0.0,0.0005976869720266335,0.0,8.338065701403614e-06,0.0,0.02074145696866571,-0.029258543031334294,0
86.0,270.3479399178745,499.0024887593641,0.003993633512067902,0.03202649320679864,500003000.0,0.0,6.598940686833229e-06,1e-06,3.045640371324431e-08,0.0,0.0006018439426294655,0.0,8.33315661966802e-06,0.0,0.020729245322557262,-0.02927075467744274,0
86.5,270.3333045405358,498.4559508031154,0.0039852149629674,0.0321661240946685,500003000.0,0.0,6.61409028983498e-06,1e-06,3.029920600350232e-08,0.0,0.0006059985389449909,0.0,8.328253969046049e-06,0.0,0.0207170496742439,-0.0292829503257561,0
87.0,270.3186630653729,497.90976331163415,0.003976884751472163,0.032305928751799294,500003000.0,0.0,6.629162217077681e-06,1e-06,3.014385448540166e-08,0.0,0.0006101507629871455,0.0,8.323357557728834e-06,0.0,0.02070486954658914,-0.029295130453410863,0
87.5,270.3040155001462,497.3639259066685,0.0039686413810968635,0.032445905628306536,500003000.0,0.0,6.644157374086398e-06,1e-06,2.9990314017433937e-08,0.0,0.0006143006167007548,0.0,8.318467199985107e-06,0.0,0.020692704477574896,-0.029307295522425107,0
88.0,270.28936185238496,496.8184382207572,0.003960483391560347,0.03258605321302827,500003000.0,0.0,6.659076649274204e-06,1e-06,2.983855037561271e-08,0.0,0.000618448101963778,0.0,8.313582715927853e-06,0.0,0.020680554019721027,-0.029319445980278976,0
88.5,270.2747021293948,496.2732998968916,0.003952409357645742,0.03272637003226647,500003000.0,0.0,6.673920914385727e-06,1e-06,2.9688530223046256e-08,0.0,0.0006225932205894582,0.0,8.30870393127895e-06,0.0,0.020668417739499876,-0.029331582260500127,0
89.0,270.26003633826457,495.7285105881894,0.003944417888124442,0.032866854648665914,500003000.0,0.0,6.688691024926167e-06,1e-06,2.954022108087961e-08,0.0,0.0006267359743284043,0.0,8.303830677186611e-06,0.0,0.020656295216882115,-0.029343704783117888,0
89.5,270.245364485873,495.1840699575816,0.003936507624692951,0.033007505660067146,500003000.0,0.0,6.703387820576257e-06,1e-06,2.9393591300180473e-08,0.0,0.0006308763648705799,0.0,8.298962789992023e-06,0.0,0.020644186044756277,-0.029355813955243726,0
90.0,270.23068657889536,494.6399776775117,0.003928677240963041,0.033148321698430884,500003000.0,0.0,6.718012125593774e-06,1e-06,2.924861003503394e-08,0.0,0.000635014393847212,0.0,8.294100111033494e-06,0.0,0.020632089828441526,-0.029367910171558476,0
90.5,270.2160026238096,494.0962334296444,0.003920925441503702,0.03328930142878087,500003000.0,0.0,6.732564749202171e-06,1e-06,2.9105247216794573e-08,0.0,0.0006391500628326458,0.0,8.289242486488557e-06,0.0,0.020620006185294918,-0.029379993814705085,0
91.0,270.2013126269022,493.5528369045868,0.0039132509608922695,0.03343044354824242,500003000.0,0.0,6.747046485966742e-06,1e-06,2.896347352914295e-08,0.0,0.0006432833733461105,0.0,8.284389767167091e-06,0.0,0.020607934744196744,-0.02939206525580326,0
91.5,270.1866165942743,493.0097878016183,0.0039056525628221677,0.033571746785061765,500003000.0,0.0,6.761458116158875e-06,1e-06,2.882326038426622e-08,0.0,0.0006474143268534318,0.0,8.279541808358561e-06,0.0,0.020595875145170552,-0.02940412485482945,0
92.0,270.1719145318469,492.4670858284317,0.0038981290392304186,0.033713209897647416,500003000.0,0.0,6.7758004061088035e-06,1e-06,2.8684579899856235e-08,0.0,0.0006515429247686725,0.0,8.274698469658361e-06,0.0,0.020583827038951147,-0.029416172961048856,0
92.5,270.15720644536634,491.92473070088306,0.0038906792094632217,0.033854831673722975,500003000.0,0.0,6.790074108547319e-06,1e-06,2.8547404877030772e-08,0.0,0.0006556691684557144,0.0,8.26985961481466e-06,0.0,0.02057179008660363,-0.029428209913396373,0
93.0,270.14249234040966,491.3827221427504,0.0038833019194709426,0.03399661092945256,500003000.0,0.0,6.804279962936861e-06,1e-06,2.841170877908448e-08,0.0,0.0006597930592297838,0.0,8.265025111579967e-06,0.0,0.020559763959154143,-0.02944023604084586,0
93.5,270.12777222238924,490.8410598855007,0.0038759960410383485,0.03413854650858949,500003000.0,0.0,6.818418695792403e-06,1e-06,2.8277465711084373e-08,0.0,0.0006639145983589265,0.0,8.260194831582326e-06,0.0,0.020547748337269467,-0.029452251662730536,0
94.0,270.11304609655787,490.2997436680659,0.0038687604710244596,0.034280637281692346,500003000.0,0.0,6.832491020992452e-06,1e-06,2.8144650400096832e-08,0.0,0.0006680337870654189,0.0,8.255368650163811e-06,0.0,0.02053574291085525,-0.02946425708914475,0
94.5,270.0983139680133,489.7587732366269,0.003861594130644105,0.03442288214536261,500003000.0,0.0,6.84649764008058e-06,1e-06,2.8013238176256264e-08,0.0,0.0006721506265271301,0.0,8.250546446256905e-06,0.0,0.02052374737874852,-0.029476252621251482,0
95.0,270.08357584170267,489.2181483444034,0.003854495964783564,0.03456528002148774,500003000.0,0.0,6.860439242557877e-06,1e-06,2.788320495459415e-08,0.0,0.0006762651178788509,0.0,8.24572810228471e-06,0.0,0.020511761448469428,-0.029488238551530575,0
95.5,270.0688317224269,488.6778687514541,0.0038474649413036345,0.034707829856503815,500003000.0,0.0,6.874316506166512e-06,1e-06,2.7754527217268978e-08,0.0,0.0006803772622135461,0.0,8.240913503987307e-06,0.0,0.020499784835789323,-0.02950021516421068,0
96.0,270.0540816148448,488.13793422447986,0.003840500050422823,0.034850530620745265,500003000.0,0.0,6.8881300971649355e-06,1e-06,2.7627181996846703e-08,0.0,0.0006844870605835983,0.0,8.236102540374348e-06,0.0,0.020487817264612806,-0.029512182735387197,0
96.5,270.0393255234771,487.5983445366375,0.0038336003040593146,0.03499338130773667,500003000.0,0.0,6.901880670594802e-06,1e-06,2.7501146859733878e-08,0.0,0.0006885945140019746,0.0,8.231295103546052e-06,0.0,0.02047585846653247,-0.029524141533467534,0
97.0,270.02456345271037,487.05909946735727,0.003826764735249401,0.0351363809335648,500003000.0,0.0,6.915568870540099e-06,1e-06,2.737639989059413e-08,0.0,0.0006926996234433761,0.0,8.226491088636415e-06,0.0,0.0204639081806876,-0.029536091819312403,0
97.5,270.0097954068007,486.52019880216716,0.0038199923975563536,0.035279528536258035,500003000.0,0.0,6.929195330378653e-06,1e-06,2.725291967710838e-08,0.0,0.0006968023898453403,0.0,8.221690393695902e-06,0.0,0.020451966153472393,-0.02954803384652761,0
98.0,269.9950213898775,485.9816423325236,0.00381328236450272,0.03542282317516721,500003000.0,0.0,6.942760673026303e-06,1e-06,2.7130685295300586e-08,0.0,0.0007009028141093025,0.0,8.216892919586031e-06,0.0,0.02044003213827371,-0.029559967861726294,0
98.5,269.98024140594663,485.44342985564725,0.0038066337290307227,0.03556626393039402,500003000.0,0.0,6.956265511174024e-06,1e-06,2.7009676295444084e-08,0.0,0.0007050008971016268,0.0,8.212098569897265e-06,0.0,0.020428105895266828,-0.029571894104733175,0
99.0,269.96545545889427,484.9055611743645,0.0038000456029703422,0.035709849902220064,500003000.0,0.0,6.969710447518218e-06,1e-06,2.6889872688387713e-08,0.0,0.0007090966396545961,0.0,8.207307250847938e-06,0.0,0.02041618719116402,-0.029583812808835982,0
99.5,269.95066355248986,484.3680360969544,0.0037935171165325017,0.035853580210577794,500003000.0,0.0,6.9830960749844234e-06,1e-06,2.6771254932410292e-08,0.0,0.0007131900425673723,0.0,8.202518871202954e-06,0.0,0.02040427579901232,-0.02959572420098768,0
100.0,269.93586569038933,483.8308544369998,0.003787047417819995,0.035997453994510015,500003000.0,0.0,6.9964229769446916e-06,1e-06,2.6653803920536324e-08,0.0,0.000717281106606927,0.0,8.197733342197909e-06,0.0,0.020392371498004748,-0.029607628501995255,0
100.5,269.9210618761383,483.29401601324463,0.0037806356723409217,0.036141470411649806,500003000.0,0.0,7.009691727428788e-06,1e-06,2.6537500968192274e-08,0.0,0.000721369832508932,0.0,8.192950577436772e-06,0.0,0.020380474073225803,-0.0296195259267742,0
101.0,269.9062521131749,482.7575206494544,0.0037742810625597005,0.036285628637753684,500003000.0,0.0,7.0229028913295065e-06,1e-06,2.6422327801437086e-08,0.0,0.0007254562209786314,0.0,8.188170492840364e-06,0.0,0.020368583315523294,-0.02963141668447671,0
101.5,269.8914364048327,482.2213681742825,0.0037679827874424654,0.036429927866207384,500003000.0,0.0,7.036057024602231e-06,1e-06,2.6308266545450362e-08,0.0,0.0007295402726916753,0.0,8.183393006553199e-06,0.0,0.020356699021276615,-0.029643300978723388,0
102.0,269.87661475434334,481.6855584211384,0.0037617400620395215,0.03657436730758514,500003000.0,0.0,7.049154674459014e-06,1e-06,2.619529971356552e-08,0.0,0.0007336219882949439,0.0,8.17861803890241e-06,0.0,0.02034482099229455,-0.02965517900770545,0
102.5,269.8617871648395,481.1500912280631,0.003755552117049424,0.03671894618917003,500003000.0,0.0,7.062196379557239e-06,1e-06,2.6083410196449206e-08,0.0,0.0007377013684073218,0.0,8.173845512289375e-06,0.0,0.020332949035545708,-0.029667050964454295,0
103.0,269.84695363935725,480.6149664376067,0.0037494181984237883,0.036863663754559586,500003000.0,0.0,7.075182670183154e-06,1e-06,2.597258125182902e-08,0.0,0.000741778413620459,0.0,8.169075351143469e-06,0.0,0.020321082963043455,-0.029678917036956548,0
103.5,269.8321141808388,480.08018389671065,0.003743337566973611,0.03700851926319606,500003000.0,0.0,7.088114068430396e-06,1e-06,2.586279649448485e-08,0.0,0.0007458531244995052,0.0,8.164307481853755e-06,0.0,0.02030922259167601,-0.029690777408323994,0
104.0,269.81726879213466,479.54574345659194,0.0037373094979991873,0.03715351199002684,500003000.0,0.0,7.1009910883737195e-06,1e-06,2.5754039886647182e-08,0.0,0.0007499255015838302,0.0,8.159541832727646e-06,0.0,0.020297367743103596,-0.029702632256896407,0
104.5,269.8024174760062,479.01164497263306,0.00373133328090978,0.03729864122505959,500003000.0,0.0,7.113814236237999e-06,1e-06,2.5646295728559268e-08,0.0,0.0007539955453877061,0.0,8.15477833390356e-06,0.0,0.020285518243541193,-0.02971448175645881,0
105.0,269.78756023512796,478.4778883042741,0.0037254082188757504,0.037443906273011175,500003000.0,0.0,7.126584010562744e-06,1e-06,2.5539548649489204e-08,0.0,0.0007580632564009796,0.0,8.150016917311652e-06,0.0,0.020273673923660824,-0.02972632607633918,0
105.5,269.7726970720898,477.944473314909,0.0037195336284751223,0.03758930645290379,500003000.0,0.0,7.1393009023622045e-06,1e-06,2.5433783598920637e-08,0.0,0.0007621286350897106,0.0,8.145257516600345e-06,0.0,0.02026183461840882,-0.029738165381591183,0
106.0,269.757827989399,477.4113998717837,0.0037137088393726387,0.03773484109776035,500003000.0,0.0,7.151965395281292e-06,1e-06,2.532898583817525e-08,0.0,0.0007661916818968085,0.0,8.140500067112805e-06,0.0,0.020250000166947276,-0.029749999833052727,0
106.5,269.7429529894825,476.8786678458982,0.0037079331939892345,0.037880509554207666,500003000.0,0.0,7.164577965747377e-06,1e-06,2.5225140932170185e-08,0.0,0.000770252397242639,0.0,8.135744505821992e-06,0.0,0.02023817041249252,-0.029761829587507484,0
107.0,269.7280720746887,476.3462771119109,0.0037022060471863377,0.038026311182187404,500003000.0,0.0,7.177139083118113e-06,1e-06,2.5122234741470973e-08,0.0,0.0007743107815256127,0.0,8.130990771278398e-06,0.0,0.02022634520218507,-0.029773654797814932,0
107.5,269.7131852472898,475.8142275480475,0.0036965267659588782,0.03817224535457182,500003000.0,0.0,7.189649209825408e-06,1e-06,2.5020253414590344e-08,0.0,0.0007783668351227527,0.0,8.126238803557786e-06,0.0,0.020214524386959667,-0.029785475613040336,0
108.0,269.6982925094833,475.28251903601074,0.0036908947291439268,0.038318311456910635,500003000.0,0.0,7.202108801515694e-06,1e-06,2.4919183380572878e-08,0.0,0.000782420558390248,0.0,8.121488544224822e-06,0.0,0.02020270782145478,-0.029797292178545223,0
108.5,269.68339386339403,474.7511514608934,0.003685309327135703,0.03846450888708063,500003000.0,0.0,7.214518307186592e-06,1e-06,2.4819011341795452e-08,0.0,0.000786471951663995,0.0,8.116739936292959e-06,0.0,0.02019089536391283,-0.029809104636087172,0
109.0,269.668489311076,474.2201247110935,0.003679769961609055,0.0386108370550024,500003000.0,0.0,7.226878169320088e-06,1e-06,2.471972426699159e-08,0.0,0.0007905210152601216,0.0,8.1119929241858e-06,0.0,0.02017908687608408,-0.029820913123915924,0
109.5,269.653578854514,473.68943867823344,0.003674276045234696,0.038757295382359315,500003000.0,0.0,7.239188824012279e-06,1e-06,2.4621309384381793e-08,0.0,0.0007945677494754812,0.0,8.107247453663575e-06,0.0,0.02016728222304372,-0.029832717776956282,0
110.0,269.63866249562557,473.1590932570797,0.0036688270014358,0.0389038833022967,500003000.0,0.0,7.251450701099897e-06,1e-06,2.4523754175236803e-08,0.0,0.0007986121545881522,0.0,8.102503471824783e-06,0.0,0.020155481273195976,-0.029844518726804027,0
110.5,269.62374023626217,472.6290883454653,0.0036634222641265444,0.03905060025918331,500003000.0,0.0,7.263664224283632e-06,1e-06,2.442704636746851e-08,0.0,0.000802654230857915,0.0,8.097760927052514e-06,0.0,0.020143683898140582,-0.02985631610185942,0
111.0,269.60881207821126,472.09942384421566,0.003658061277457619,0.03919744570831615,500003000.0,0.0,7.275829811248338e-06,1e-06,2.4331173929412563e-08,0.0,0.0008066939785267061,0.0,8.093019768961094e-06,0.0,0.020131889972540038,-0.029868110027459965,0
111.5,269.59387802319753,471.57009965707476,0.003652743495590854,0.03934441911566819,500003000.0,0.0,7.28794787378031e-06,1e-06,2.4236125063944e-08,0.0,0.0008107313978190762,0.0,8.088279948392606e-06,0.0,0.020120099374110956,-0.029879900625889046,0
112.0,269.57893807288457,471.04111569063485,0.0036474683824541474,0.03949151995766727,500003000.0,0.0,7.300018817881608e-06,1e-06,2.4141888202595752e-08,0.0,0.0008147664889426202,0.0,8.08354141735579e-06,0.0,0.020108311983472113,-0.02989168801652789,0
112.5,269.5639922288763,470.5124718542679,0.003642235411515787,0.039638747720904165,500003000.0,0.0,7.312043043881577e-06,1e-06,2.4048451999936102e-08,0.0,0.0008187992520883971,0.0,8.078804128994253e-06,0.0,0.020096527684065307,-0.029903472315934695,0
113.0,269.54904049271835,469.9841680600577,0.0036370440655771183,0.03978610190195205,500003000.0,0.0,7.324020946545672e-06,1e-06,2.3955805328191995e-08,0.0,0.0008228296874313498,0.0,8.07406803758227e-06,0.0,0.020084746362144947,-0.029915253637855056,0
113.5,269.5340828658994,469.45620422273527,0.0036318938365461906,0.03993358200710664,500003000.0,0.0,7.335952915181606e-06,1e-06,2.3863937271867345e-08,0.0,0.0008268577951307013,0.0,8.069333098465687e-06,0.0,0.020072967906631062,-0.02992703209336894,0
114.0,269.5191193498527,468.92858025961624,0.0036267842252285525,0.04008118755215142,500003000.0,0.0,7.347839333742902e-06,1e-06,2.377283712259166e-08,0.0,0.0008308835753303357,0.0,8.064599268028505e-06,0.0,0.02006119220902613,-0.02993880779097387,0
114.5,269.50414994595724,468.4012960905387,0.0036217147411364537,0.04022891806218732,500003000.0,0.0,7.359680580930003e-06,1e-06,2.3682494374201843e-08,0.0,0.0008349070281591821,0.0,8.05986650368847e-06,0.0,0.020049419163404154,-0.02995058083659585,0
115.0,269.48917465553893,467.8743516378027,0.0036166849022915473,0.04037677307138707,500003000.0,0.0,7.371477030288947e-06,1e-06,2.3592898717889482e-08,0.0,0.0008389281537315857,0.0,8.055134763866782e-06,0.0,0.02003764866633528,-0.029962351333664723,0
115.5,269.4741934798721,467.34774682611334,0.0036116942350195628,0.040524752122797464,500003000.0,0.0,7.3832290503076475e-06,1e-06,2.3504040037401464e-08,0.0,0.0008429469521476536,0.0,8.050404007928655e-06,0.0,0.020025880616737945,-0.029974119383262058,0
116.0,269.45920642018046,466.8214815825234,0.0036067422737803743,0.0406728547681423,500003000.0,0.0,7.394937004509934e-06,1e-06,2.341590840457322e-08,0.0,0.0008469634234936073,0.0,8.045674196191901e-06,0.0,0.02001411491590025,-0.029985885084099752,0
116.5,269.4442134776384,466.29555583637864,0.003601828560979926,0.04082108056763365,500003000.0,0.0,7.406601251547355e-06,1e-06,2.332849407484142e-08,0.0,0.0008509775678421171,0.0,8.040945289884638e-06,0.0,0.02000235146737472,-0.029997648532625282,0
117.0,269.4292146533721,465.769969519264,0.003596952646796269,0.04096942908977873,500003000.0,0.0,7.418222145288827e-06,1e-06,2.324178748294352e-08,0.0,0.0008549893852526299,0.0,8.036217251124309e-06,0.0,0.019990590176926143,-0.03000940982307386,0
117.5,269.4142099484606,465.24472256495113,0.003592114089013072,0.041117899911214464,500003000.0,0.0,7.429800034908205e-06,1e-06,2.3155779238757172e-08,0.0,0.0008589988757716919,0.0,8.031490042903549e-06,0.0,0.01997883095249639,-0.030021169047503612,0
118.0,269.3991993639369,464.7198149093478,0.0035873124528457818,0.04126649261649404,500003000.0,0.0,7.441335264969795e-06,1e-06,2.3070460123180943e-08,0.0,0.0008630060394332548,0.0,8.026763629050131e-06,0.0,0.019967073704104804,-0.0300329262958952,0
118.5,269.3841829007889,464.19524649044837,0.003582547310785739,0.04141520679795911,500003000.0,0.0,7.452828175511904e-06,1e-06,2.2985821084216735e-08,0.0,0.00086701087625898,0.0,8.022037974217775e-06,0.0,0.01995531834382531,-0.03004468165617469,0
119.0,269.36916055996085,463.67101724828643,0.0035778182424336747,0.041564042055521645,500003000.0,0.0,7.464279102128437e-06,1e-06,2.2901853233066977e-08,0.0,0.0008710133862585243,0.0,8.017313043844227e-06,0.0,0.01994356478568216,-0.030056435214317844,0
119.5,269.3541323423537,463.1471271248866,0.003573124834363729,0.041712997996553126,500003000.0,0.0,7.4756883760486905e-06,1e-06,2.2818547840507682e-08,0.0,0.0008750135694298375,0.0,8.012588804169046e-06,0.0,0.019931812945694145,-0.030068187054305858,0
120.0,269.33909824882653,462.6235760642195,0.003568466679958189,0.041862074235674916,500003000.0,0.0,7.487056324215266e-06,1e-06,2.2735896333151504e-08,0.0,0.0008790114257594337,0.0,8.007865222177368e-06,0.0,0.019920062741734745,-0.030079937258265257,0
120.5,269.3240582801974,462.10036401215746,0.0035638433792672492,0.042011270394648956,500003000.0,0.0,7.498383269360239e-06,1e-06,2.265389028994647e-08,0.0,0.000883006955222662,0.0,8.003142265591564e-06,0.0,0.019908314093511355,-0.030091685906488648,0
121.0,269.3090124372441,461.5774909164306,0.003559254538871108,0.0421605861021784,500003000.0,0.0,7.50966953007962e-06,1e-06,2.2572521438761954e-08,0.0,0.0008870001577839732,0.0,7.998419902860236e-06,0.0,0.0198965669225379,-0.0301034330774621,0
121.5,269.2939607207054,461.0549567265854,0.003554699771733496,0.042310020993812106,500003000.0,0.0,7.520915420906115e-06,1e-06,2.249178165299086e-08,0.0,0.0008909910333971695,0.0,7.993698103120306e-06,0.0,0.01988482115204056,-0.03011517884795944,0
122.0,269.2789031312814,460.53276139394256,0.0035501786970815754,0.042459574711757195,500003000.0,0.0,7.532121252380308e-06,1e-06,2.2411662948387107e-08,0.0,0.0008949795820056652,0.0,7.988976836210892e-06,0.0,0.01987307670699227,-0.030126923293007733,0
122.5,269.26383966963493,460.0109048715575,0.003545690940261852,0.04260924690476526,500003000.0,0.0,7.543287331120217e-06,1e-06,2.2332157479817213e-08,0.0,0.0008989658035427241,0.0,7.984256072626033e-06,0.0,0.01986133351399511,-0.030138666486004894,0
123.0,269.24877033639194,459.4893871141808,0.0035412361326190487,0.04275903722798542,500003000.0,0.0,7.554413959889327e-06,1e-06,2.225325753822136e-08,0.0,0.0009029496979316978,0.0,7.97953578351204e-06,0.0,0.01984959150127373,-0.030150408498726272,0
123.5,269.2336951321426,458.96820807822047,0.0035368139113691162,0.04290894534284004,500003000.0,0.0,7.565501437663127e-06,1e-06,2.21749555475993e-08,0.0,0.0009069312650862565,0.0,7.97481594064482e-06,0.0,0.019837850598618954,-0.03016214940138105,0
124.0,269.2186140574419,458.4473677217045,0.0035324239194825424,0.043058970916873086,500003000.0,0.0,7.576550059694187e-06,1e-06,2.2097244062120974e-08,0.0,0.0009109105049106165,0.0,7.970096516423805e-06,0.0,0.01982611073737265,-0.030173889262627353,0
124.5,269.2035271128106,457.92686600424446,0.0035280658055624383,0.0432091136236708,500003000.0,0.0,7.587560117575819e-06,1e-06,2.2020115763262618e-08,0.0,0.0009148874172997592,0.0,7.96537748384769e-06,0.0,0.01981437185036739,-0.030185628149632614,0
125.0,269.1884342987358,457.4067028870008,0.003523739223727732,0.04335937314267502,500003000.0,0.0,7.598531899304335e-06,1e-06,2.1943563457031507e-08,0.0,0.0009188620021396411,0.0,7.960658816495417e-06,0.0,0.01980263387187915,-0.030197366128120854,0
125.5,269.1733356156717,456.8868783326476,0.0035194438335084018,0.04350974915911618,500003000.0,0.0,7.609465689339995e-06,1e-06,2.1867580071320296e-08,0.0,0.0009228342593074086,0.0,7.955940488528298e-06,0.0,0.01979089673763258,-0.030209103262367424,0
126.0,269.15823106404054,456.3673923053398,0.003515179299725403,0.04366024136386619,500003000.0,0.0,7.620361768666605e-06,1e-06,2.179215865321921e-08,0.0,0.0009268041886715935,0.0,7.951222474651693e-06,0.0,0.019779160384705705,-0.030220839615294297,0
126.5,269.1431206442329,455.84824477067923,0.0035109452923996983,0.04381084945334835,500003000.0,0.0,7.631220414849885e-06,1e-06,2.1717292366560303e-08,0.0,0.0009307717900923214,0.0,7.94650475013672e-06,0.0,0.01976742475158388,-0.030232575248416122,0
127.0,269.1280043566087,455.32943569568283,0.003506741486635882,0.04396157312941586,500003000.0,0.0,7.642041902094562e-06,1e-06,2.1642974489353885e-08,0.0,0.0009347370634215028,0.0,7.941787290779035e-06,0.0,0.019755689778057303,-0.0302443102219427,0
127.5,269.1128822014977,454.8109650487519,0.0035025675625210387,0.0441124120992183,500003000.0,0.0,7.652826501300246e-06,1e-06,2.156919841136808e-08,0.0,0.0009387000085030176,0.0,7.937070072886577e-06,0.0,0.01974395540519049,-0.030256044594809513,0
128.0,269.0977541792003,454.2928327996417,0.0034984232050276403,0.044263366075136285,500003000.0,0.0,7.663574480116136e-06,1e-06,2.1495957631780212e-08,0.0,0.0009426606251728991,0.0,7.932353073271239e-06,0.0,0.01973222157530159,-0.030267778424698414,0
128.5,269.082620289988,453.77503891943104,0.003494308103922536,0.044414434774658215,500003000.0,0.0,7.674286102994592e-06,1e-06,2.14232457569109e-08,0.0,0.0009466189132595178,0.0,7.92763626924929e-06,0.0,0.01972048823196341,-0.03027951176803659,0
129.0,269.06748053410394,453.2575833804929,0.003490221953670352,0.0445656179202796,500003000.0,0.0,7.684961631243576e-06,1e-06,2.1351056497967697e-08,0.0,0.0009505748725837582,0.0,7.92291963862415e-06,0.0,0.01970875531996057,-0.030291244680039433,0
129.5,269.0523349117639,452.7404661564674,0.0034861644533304955,0.04471691523940409,500003000.0,0.0,7.695601323077972e-06,1e-06,2.1279383668793125e-08,0.0,0.0009545285029591822,0.0,7.918203159649844e-06,0.0,0.019697022785198616,-0.030302977214801387,0
130.0,269.03718342315653,452.2236872222328,0.003482135306484373,0.044868326464265244,500003000.0,0.0,7.706205433669891e-06,1e-06,2.1208221183838848e-08,0.0,0.0009584798041922016,0.0,7.913486811058275e-06,0.0,0.019685290574771832,-0.03031470942522817,0
130.5,269.0220260684439,451.7072465538783,0.0034781342211422013,0.04501985133179629,500003000.0,0.0,7.716774215197918e-06,1e-06,2.1137563056055132e-08,0.0,0.0009624287760822472,0.0,7.908770572035728e-06,0.0,0.019673558636904797,-0.030326441363095206,0
131.0,269.00686284776236,451.19114412867924,0.0034741609096424144,0.04517148958357335,500003000.0,0.0,7.727307916895305e-06,1e-06,2.1067403394775308e-08,0.0,0.0009663754184219098,0.0,7.904054422178006e-06,0.0,0.019661826920840814,-0.03033817307915919,0
131.5,268.9916937612228,450.67537992506925,0.003470215088596371,0.04532324096571262,500003000.0,0.0,7.737806785097262e-06,1e-06,2.09977364039132e-08,0.0,0.0009703197309971152,0.0,7.899338341544265e-06,0.0,0.019650095376975783,-0.03034990462302422,0
132.0,268.9765188089113,450.1599539226161,0.0034662964787828777,0.04547510522879058,500003000.0,0.0,7.748271063287207e-06,1e-06,2.092855637989275e-08,0.0,0.0009742617135872653,0.0,7.894622310592573e-06,0.0,0.019638363956697942,-0.03036163604330206,0
132.5,268.96133799088966,449.6448661019968,0.003462404805080318,0.04562708212773552,500003000.0,0.0,7.758700992142128e-06,1e-06,2.0859857709841913e-08,0.0,0.0009782013659653886,0.0,7.889906310196888e-06,0.0,0.01962663261243007,-0.030373367387569933,0
133.0,268.94615130719586,449.13011644497305,0.0034585397963875913,0.04577917142177656,500003000.0,0.0,7.769096809577005e-06,1e-06,2.079163486975322e-08,0.0,0.0009821386878982894,0.0,7.88519032163465e-06,0.0,0.019614901297598634,-0.03038509870240137,0
133.5,268.9309587578447,448.6157049343691,0.00345470118553886,0.04593137287434414,500003000.0,0.0,7.779458750788326e-06,1e-06,2.072388242264144e-08,0.0,0.000986073679146676,0.0,7.880474326556349e-06,0.0,0.01960316996655808,-0.030396830033441923,0
134.0,268.915760342828,448.10163155404706,0.003450888709246359,0.046083686252984125,500003000.0,0.0,7.789787048296777e-06,1e-06,2.0656595016902626e-08,0.0,0.0009900063394653134,0.0,7.87575830701531e-06,0.0,0.01959143857466495,-0.030408561425335053,0
134.5,268.9005560621153,447.5878962888848,0.0034471021080182706,0.04623611132930782,500003000.0,0.0,7.800081931989056e-06,1e-06,2.058976738455516e-08,0.0,0.0009939366686031559,0.0,7.87104224543704e-06,0.0,0.019579707078201593,-0.03042029292179841,0
135.0,268.8853459156544,447.07449912475477,0.0034433411260805795,0.04638864787889078,500003000.0,0.0,7.810343629158824e-06,1e-06,2.0523394339536437e-08,0.0,0.000997864666303469,0.0,7.866326124593965e-06,0.0,0.019567975434313347,-0.030432024565686656,0
135.5,268.87012990337155,446.5614400485019,0.00343960551132242,0.04654129568119439,500003000.0,0.0,7.820572364546908e-06,1e-06,2.045747077616987e-08,0.0,0.0010017903323039673,0.0,7.861609927630378e-06,0.0,0.01955624360107059,-0.030443756398929413,0
136.0,268.8549080251721,446.04871904792265,0.0034358950152185807,0.0466940545195264,500003000.0,0.0,7.830768360380671e-06,1e-06,2.03919916675249e-08,0.0,0.0010057136663369371,0.0,7.856893638031877e-06,0.0,0.01954451153739273,-0.03045548846260727,0
136.5,268.8396802809408,445.5363361117438,0.0034322093927741494,0.04684692418093878,500003000.0,0.0,7.84093183641264e-06,1e-06,2.032695206393721e-08,0.0,0.0010096346681293645,0.0,7.852177239642071e-06,0.0,0.01953277920308973,-0.030467220796910274,0
137.0,268.82444667054233,445.02429122960336,0.0034285484024433057,0.0469999044561797,500003000.0,0.0,7.851063009958342e-06,1e-06,2.0262347091403465e-08,0.0,0.0010135533374030499,0.0,7.847460716616998e-06,0.0,0.019521046558748752,-0.03047895344125125,0
137.5,268.8092071938217,444.5125843920305,0.0034249118060790135,0.04715299513959536,500003000.0,0.0,7.861162095933435e-06,1e-06,2.0198171950186348e-08,0.0,0.0010174696738747256,0.0,7.84274405344704e-06,0.0,0.019509313565788656,-0.030490686434211347,0
138.0,268.7939618506046,444.00121559042634,0.0034212993688668863,0.047306196029109675,500003000.0,0.0,7.87122930689011e-06,1e-06,2.01344219133519e-08,0.0,0.0010213836772561716,0.0,7.83802723493965e-06,0.0,0.019497580186417042,-0.03050241981358296,0
138.5,268.7787106406978,443.4901848170444,0.003417710859272611,0.04745950692611908,500003000.0,0.0,7.881264853052817e-06,1e-06,2.0071092325412265e-08,0.0,0.0010252953472543365,0.0,7.83331024623016e-06,0.0,0.019485846383657114,-0.03051415361634289,0
139.0,268.76345356388964,442.9794920649736,0.00341414604896433,0.047612927635448346,500003000.0,0.0,7.89126894235324e-06,1e-06,2.0008178600846285e-08,0.0,0.0010292046835714316,0.0,7.828593072732296e-06,0.0,0.01947411212122462,-0.030525887878775384,0
139.5,268.74819061995026,442.46913732811896,0.003410604712777711,0.04776645796529686,500003000.0,0.0,7.901241780464688e-06,1e-06,1.9945676222894955e-08,0.0,0.0010331116859050536,0.0,7.823875700183724e-06,0.0,0.019462377363641106,-0.030537622636358897,0
140.0,268.7329218086321,441.9591206011845,0.003407086628642482,0.04792009772715334,500003000.0,0.0,7.911183570835764e-06,1e-06,1.9883580742154217e-08,0.0,0.0010370163539482808,0.0,7.819158114600556e-06,0.0,0.019450642076120787,-0.030549357923879215,0
140.5,268.7176471296702,441.4494418796556,0.00340359157753819,0.0480738467357593,500003000.0,0.0,7.921094514723445e-06,1e-06,1.9821887775361828e-08,0.0,0.001040918687389783,0.0,7.814440302296127e-06,0.0,0.01943890622461723,-0.030561093775382773,0
141.0,268.7023665827825,440.9401011597823,0.0034001193434322558,0.048227704809041275,500003000.0,0.0,7.930974811225496e-06,1e-06,1.9760593004103127e-08,0.0,0.0010448186859139173,0.0,7.809722249856641e-06,0.0,0.01942716977576279,-0.030572830224237214,0
141.5,268.68708016767033,440.4310984385633,0.0033966697132285944,0.04838167176805567,500003000.0,0.0,7.940824657312296e-06,1e-06,1.9699692173600232e-08,0.0,0.001048716349200825,0.0,7.805003944138448e-06,0.0,0.01941543269686181,-0.03058456730313819,0
142.0,268.6717878840188,439.9224337137298,0.0033932424767166257,0.048535747436921566,500003000.0,0.0,7.950644247858058e-06,1e-06,1.9639181091524613e-08,0.0,0.001052611676926527,0.0,7.800285372263782e-06,0.0,0.019403694955880055,-0.030596305044119948,0
142.5,268.6564897314967,439.41410698372783,0.0033898374265333023,0.04868993164281105,500003000.0,0.0,7.96043377567151e-06,1e-06,1.9579055626905125e-08,0.0,0.0010565046687630315,0.0,7.795566521644018e-06,0.0,0.019391956521502534,-0.03060804347849747,0
143.0,268.64118570975745,438.9061182477046,0.0033864543580917742,0.048844224215835993,500003000.0,0.0,7.970193431525942e-06,1e-06,1.9519311708863296e-08,0.0,0.0010603953243784137,0.0,7.790847379923878e-06,0.0,0.01938021736299472,-0.030619782637005283,0
143.5,268.62587581843894,438.398467505493,0.0033830930695437954,0.048998624989037086,500003000.0,0.0,7.979923404188724e-06,1e-06,1.9459945325563535e-08,0.0,0.0010642836434369063,0.0,7.786127935000895e-06,0.0,0.019368477450250984,-0.03063152254974902,0
144.0,268.6105600571641,437.8911547575963,0.0033797533617342815,0.0491531337983078,500003000.0,0.0,7.989623880450293e-06,1e-06,1.9400952523136562e-08,0.0,0.0010681696255989918,0.0,7.781408175024615e-06,0.0,0.019356736753792573,-0.03064326324620743,0
144.5,268.59523842554097,437.38418000517294,0.0033764350381603587,0.04930775048237839,500003000.0,0.0,7.999295045152617e-06,1e-06,1.934232940464681e-08,0.0,0.0010720532705214977,0.0,7.776688088403968e-06,0.0,0.01934499524478599,-0.030655004755214012,0
145.0,268.57991092316337,436.8775432500238,0.003373137904903151,0.04946247488272806,500003000.0,0.0,8.008937081217078e-06,1e-06,1.9284072128922033e-08,0.0,0.0010759345778576623,0.0,7.771967663749735e-06,0.0,0.019333252894899837,-0.030666747105100166,0
145.5,268.5645775496108,436.3712444945769,0.003369861770610914,0.049617306843571754,500003000.0,0.0,8.018550169671926e-06,1e-06,1.9226176909694568e-08,0.0,0.001079813547257234,0.0,7.767246889933158e-06,0.0,0.019321509676450646,-0.030678490323549357,0
146.0,268.54923830444903,435.8652837418742,0.0033666064464391663,0.049772246211789994,500003000.0,0.0,8.028134489679183e-06,1e-06,1.9168640014513194e-08,0.0,0.001083690178366548,0.0,7.76252575604351e-06,0.0,0.019309765562297288,-0.030690234437702715,0
146.5,268.5338931872302,435.3596609955584,0.0033633717460082166,0.04992729283688472,500003000.0,0.0,8.037690218561069e-06,1e-06,1.911145776377167e-08,0.0,0.0010875644708285997,0.0,7.75780425138372e-06,0.0,0.01929802052583015,-0.030701979474169853,0
147.0,268.5185421974931,434.85437625985867,0.003360157485376799,0.05008244657095777,500003000.0,0.0,8.047217531825992e-06,1e-06,1.9054626529844676e-08,0.0,0.0010914364242831376,0.0,7.753082365501284e-06,0.0,0.01928627454104797,-0.030713725458952033,0
147.5,268.5031853347636,434.3494295395789,0.0033569634829784005,0.050237707268640894,500003000.0,0.0,8.056716603194006e-06,1e-06,1.8998142736027663e-08,0.0,0.0010953060383667263,0.0,7.748360088131172e-06,0.0,0.01927452758241585,-0.03072547241758415,0
148.0,268.4878225985548,433.84482084008556,0.00335378955959201,0.050393074787056256,500003000.0,0.0,8.06618760462185e-06,1e-06,1.8942002855688005e-08,0.0,0.0010991733127128202,0.0,7.743637409216334e-06,0.0,0.019262779624916255,-0.030737220375083748,0
148.5,268.4724539883673,433.34055016729326,0.0033506355383155504,0.05054854898579163,500003000.0,0.0,8.075630706327573e-06,1e-06,1.8886203411445407e-08,0.0,0.0011030382469518507,0.0,7.738914318932622e-06,0.0,0.019251030644111,-0.030748969355889003,0
149.0,268.4570795036894,432.8366175276539,0.0033475012445076794,0.050704129726858005,500003000.0,0.0,8.085046076814667e-06,1e-06,1.88307409741885e-08,0.0,0.0011069008407112904,0.0,7.734190807638955e-06,0.0,0.0192392806160173,-0.030760719383982702,0
149.5,268.44169914399737,432.33302292814426,0.003344386505763123,0.05085981687461589,500003000.0,0.0,8.094433882895814e-06,1e-06,1.8775612162295113e-08,0.0,0.001110761093615727,0.0,7.729466865903152e-06,0.0,0.019227529517172017,-0.030772470482827986,0
150.0,268.42631290875596,431.8297663762555,0.003341291151859226,0.051015610295779695,500003000.0,0.0,8.103794289716167e-06,1e-06,1.872081364070466e-08,0.0,0.0011146190052869211,0.0,7.724742484459673e-06,0.0,0.01921577732452655,-0.03078422267547345,0
150.5,268.4109207974182,431.3268478799802,0.003338215014745426,0.05117150985935164,500003000.0,0.0,8.113127460776288e-06,1e-06,1.8666342120244803e-08,0.0,0.0011184745753438888,0.0,7.72001765426482e-06,0.0,0.01920402401558413,-0.03079597598441587,0
151.0,268.395522809426,430.8242674478018,0.003335157928487679,0.05132751543659428,500003000.0,0.0,8.122433557954647e-06,1e-06,1.8612194356718655e-08,0.0,0.0011223278034029616,0.0,7.71529236644635e-06,0.0,0.019192269568274502,-0.0308077304317255,0
151.5,268.3801189442101,430.32202508868363,0.0033321197292398136,0.05148362690099032,500003000.0,0.0,8.131712741529725e-06,1e-06,1.8558367150156142e-08,0.0,0.0011261786890778506,0.0,7.710566612313686e-06,0.0,0.019180513960979317,-0.030819486039020686,0
152.0,268.3647092011906,429.82012081205824,0.003329100255210275,0.05163984412820388,500003000.0,0.0,8.140965170201752e-06,1e-06,1.8504857344051922e-08,0.0,0.0011300272319797109,0.0,7.705840383355995e-06,0.0,0.01916875717252735,-0.03083124282747265,0
152.5,268.3492935797768,429.318554627816,0.003326099346632482,0.05179616699605704,500003000.0,0.0,8.15019100111407e-06,1e-06,1.8451661824635626e-08,0.0,0.0011338734317172079,0.0,7.701113671247141e-06,0.0,0.01915699918220682,-0.030843000817793183,0
153.0,268.33387207936795,428.8173265462959,0.003323116845722021,0.05195259538448168,500003000.0,0.0,8.15939038987411e-06,1e-06,1.8398777520081095e-08,0.0,0.0011377172878965734,0.0,7.696386467818731e-06,0.0,0.019145239969698333,-0.03085476003030167,0
153.5,268.3184446993528,428.31643657827397,0.003320152596658198,0.05210912917549069,500003000.0,0.0,8.168563490574041e-06,1e-06,1.8346201399862402e-08,0.0,0.001141558800121673,0.0,7.691658765088098e-06,0.0,0.019133479515144523,-0.03086652048485548,0
154.0,268.3030114391104,427.8158847349537,0.0033172064455451442,0.05226576825314099,500003000.0,0.0,8.177710455811045e-06,1e-06,1.8293930474007905e-08,0.0,0.0011453979679940645,0.0,7.686930555237615e-06,0.0,0.019121717799098544,-0.03087828220090146,0
154.5,268.28757229800993,427.3156710279574,0.003314278240371684,0.0524225125034996,500003000.0,0.0,8.186831436707225e-06,1e-06,1.8241961792359058e-08,0.0,0.0011492347911130464,0.0,7.682201830589732e-06,0.0,0.01910995480246202,-0.030890045197537984,0
155.0,268.27212727541115,426.8157954693149,0.003311367831002088,0.052579361814633165,500003000.0,0.0,8.19592658292923e-06,1e-06,1.819029244401031e-08,0.0,0.0011530692690757242,0.0,7.677472583652261e-06,0.0,0.019098190506597664,-0.03090180949340234,0
155.5,268.2566763706644,426.31625807145497,0.0033084750691303004,0.05273631607653671,500003000.0,0.0,8.204996042707509e-06,1e-06,1.8138919556558137e-08,0.0,0.0011569014014770648,0.0,7.672742807077765e-06,0.0,0.01908642489322827,-0.030913575106771733,0
156.0,268.24121958311105,425.81705884719656,0.0033055998082531304,0.052893375181124,500003000.0,0.0,8.214039962855241e-06,1e-06,1.8087840295465326e-08,0.0,0.0011607311879099438,0.0,7.668012493665596e-06,0.0,0.01907465794444178,-0.030925342055558223,0
156.5,268.2257569120833,425.31819780973836,0.0033027419036531806,0.05305053902221785,500003000.0,0.0,8.223058488786985e-06,1e-06,1.8037051863488185e-08,0.0,0.0011645586279652113,0.0,7.66328163638529e-06,0.0,0.01906288964274948,-0.03093711035725052,0
157.0,268.21028835690464,424.81967497265,0.0032999012123617402,0.05320780749548687,500003000.0,0.0,8.232051764536988e-06,1e-06,1.7986551500003943e-08,0.0,0.0011683837212317421,0.0,7.658550228352332e-06,0.0,0.019051119971025703,-0.0309488800289743,0
157.5,268.19481391689015,424.3214903498645,0.003297077593123538,0.05336518049842626,500003000.0,0.0,8.241019932777167e-06,1e-06,1.79363364803586e-08,0.0,0.0011722064672964785,0.0,7.65381826280699e-06,0.0,0.0190393489124552,-0.030960651087544803,0
158.0,268.1793335913464,423.82364395566884,0.0032942709063867063,0.053522657930335206,500003000.0,0.0,8.249963134834848e-06,1e-06,1.788640411536134e-08,0.0,0.0011760268657444884,0.0,7.649085733150541e-06,0.0,0.019027576450623238,-0.030972423549376765,0
158.5,268.1638473795717,423.3261358046948,0.003291481014270667,0.05368023969229167,500003000.0,0.0,8.258881510710182e-06,1e-06,1.7836751750667573e-08,0.0,0.0011798449161590206,0.0,7.644352632929111e-06,0.0,0.019015802569475403,-0.0309841974305246,0
159.0,268.14835528085644,422.82896591191246,0.0032887077805268737,0.05383792568710172,500003000.0,0.0,8.267775199093248e-06,1e-06,1.7787376766132913e-08,0.0,0.0011836606181215362,0.0,7.639618955799845e-06,0.0,0.019004027253233444,-0.03099597274676656,0
159.5,268.1328572944831,422.33213429262025,0.003285951070538618,0.053995715819316795,500003000.0,0.0,8.276644337380943e-06,1e-06,1.773827657538725e-08,0.0,0.0011874739712117767,0.0,7.634884695586665e-06,0.0,0.018992250486533992,-0.03100774951346601,0
160.0,268.1173534197263,421.8356409624372,0.003283210751279527,0.05415360999514638,500003000.0,0.0,8.28548906169354e-06,1e-06,1.7689448625193643e-08,0.0,0.0011912849750078047,0.0,7.630149846239132e-06,0.0,0.0189804722543262,-0.031019527745673802,0
160.5,268.1018436558535,421.3394859372962,0.003280486691284205,0.05431160812250177,500003000.0,0.0,8.294309506890981e-06,1e-06,1.7640890394881873e-08,0.0,0.0011950936290860419,0.0,7.625414401818361e-06,0.0,0.01896869254183672,-0.031031307458163283,0
161.0,268.0863280021244,420.84366923343526,0.0032777787606409177,0.054469710110898115,500003000.0,0.0,8.303105806588936e-06,1e-06,1.759259939590867e-08,0.0,0.001198899933021325,0.0,7.620678356533235e-06,0.0,0.018956911334659786,-0.031043088665340217,0
161.5,268.0708064577917,420.3481908673903,0.0032750868309549958,0.05462791587148631,500003000.0,0.0,8.31187809317457e-06,1e-06,1.754457317126823e-08,0.0,0.0012027038863869446,0.0,7.6159417047075485e-06,0.0,0.01894512861867549,-0.03105487138132451,0
162.0,268.05527902210105,419.85305085598736,0.0032724107753350808,0.05478622531700844,500003000.0,0.0,8.320626497822087e-06,1e-06,1.7496809295033394e-08,0.0,0.0012065054887546937,0.0,7.611204440799301e-06,0.0,0.018933344380097764,-0.03106665561990224,0
162.5,268.03974569429107,419.35824921633525,0.003269750468364013,0.05494463836176804,500003000.0,0.0,8.329351150507998e-06,1e-06,1.7449305371822017e-08,0.0,0.0012103047396949094,0.0,7.606466559383324e-06,0.0,0.018921558605431155,-0.031078441394568848,0
163.0,268.0242064735938,418.86378596581915,0.003267105786074801,0.055103154921592346,500003000.0,0.0,8.338052180026147e-06,1e-06,1.7402059036298318e-08,0.0,0.0012141016387765115,0.0,7.6017280551448174e-06,0.0,0.01890977128145477,-0.03109022871854523,0
163.5,268.0086613592345,418.3696611220925,0.0032644766059387017,0.055261774913860105,500003000.0,0.0,8.34672971400252e-06,1e-06,1.735506795274591e-08,0.0,0.0012178961855670487,0.0,7.596988922900131e-06,0.0,0.018897982395273957,-0.031102017604726046,0
164.0,267.9931103504321,417.87587470307005,0.003261862806838848,0.05542049825742709,500003000.0,0.0,8.355383878909806e-06,1e-06,1.7308329814570735e-08,0.0,0.001221688379632744,0.0,7.592249157583066e-06,0.0,0.018886191934286235,-0.031113808065713768,0
164.5,267.97755344639927,417.38242672692223,0.0032592642690387375,0.05557932487262231,500003000.0,0.0,8.364014800081697e-06,1e-06,1.7261842343784265e-08,0.0,0.0012254782205385205,0.0,7.587508754218345e-06,0.0,0.018874399886115285,-0.031125600113884717,0
165.0,267.9619906463423,416.8893172120667,0.0032566808741841956,0.05573825468123119,500003000.0,0.0,8.372622601727032e-06,1e-06,1.721560329067073e-08,0.0,0.001229265707848058,0.0,7.582767707972106e-06,0.0,0.01886260623873658,-0.031137393761263423,0
165.5,267.9464219494617,416.39654617716343,0.0032541125052592433,0.055897287606469045,500003000.0,0.0,8.381207406943642e-06,1e-06,1.7169610433216866e-08,0.0,0.0012330508411238195,0.0,7.578026014094342e-06,0.0,0.018850810980334184,-0.03114918901966582,0
166.0,267.9308473549519,415.9041136411068,0.0032515590465847562,0.05605642357295143,500003000.0,0.0,8.389769337732028e-06,1e-06,1.7123861576774675e-08,0.0,0.0012368336199270955,0.0,7.573283667960072e-06,0.0,0.018839014099403164,-0.03116098590059684,0
166.5,267.9152668620016,415.41201962301983,0.0032490203837889186,0.05621566250669559,500003000.0,0.0,8.39830851500882e-06,1e-06,1.707835455358137e-08,0.0,0.0012406140438180418,0.0,7.568540665044122e-06,0.0,0.01882721558468687,-0.031172784415313133,0
167.0,267.89968046979396,414.92026414224785,0.0032464964037909375,0.056375004335074946,500003000.0,0.0,8.406825058619997e-06,1e-06,1.703308722235568e-08,0.0,0.0012443921123557143,0.0,7.563797000925936e-06,0.0,0.018815415425188897,-0.031184584574811106,0
167.5,267.88408817750656,414.4288472183522,0.0032439869947829742,0.05653444898681141,500003000.0,0.0,8.415319087353941e-06,1e-06,1.698805746789075e-08,0.0,0.0012481678250981082,0.0,7.5590526712895355e-06,0.0,0.018803613610172975,-0.031196386389827028,0
168.0,267.8684899843116,413.9377688711043,0.0032414920462084814,0.05669399639195994,500003000.0,0.0,8.423790718954259e-06,1e-06,1.694326320063423e-08,0.0,0.0012519411816021913,0.0,7.554307671914323e-06,0.0,0.018791810129140107,-0.031208189870859895,0
168.5,267.8528858893762,413.44702912048,0.0032390114487454826,0.05685364648187179,500003000.0,0.0,8.432240070132408e-06,1e-06,1.6898702356300147e-08,0.0,0.0012557121814239347,0.0,7.549561998676669e-06,0.0,0.018780004971832513,-0.03121999502816749,0
169.0,267.8372758918621,412.95662798665296,0.0032365450942940083,0.057013399189191266,500003000.0,0.0,8.440667256580163e-06,1e-06,1.6854372895508014e-08,0.0,0.0012594808241183574,0.0,7.544815647560508e-06,0.0,0.01876819812825997,-0.031231801871740034,0
169.5,267.8216599909262,412.4665654899896,0.003234092875949305,0.057173254447839654,500003000.0,0.0,8.449072392981839e-06,1e-06,1.6810272803353364e-08,0.0,0.0012632471092395515,0.0,7.540068614634025e-06,0.0,0.018756389588641852,-0.03124361041135815,0
170.0,267.8060381857205,411.97684165104266,0.0032316546879952125,0.05733321219298385,500003000.0,0.0,8.457455593026383e-06,1e-06,1.6766400089088842e-08,0.0,0.0012670110363407225,0.0,7.535320896072733e-06,0.0,0.01874457934346451,-0.03125542065653549,0
170.5,267.79041047539226,411.48745649054615,0.0032292304258773634,0.05749327236102403,500003000.0,0.0,8.465816969419235e-06,1e-06,1.672275278570561e-08,0.0,0.0012707726049742192,0.0,7.530572488134774e-06,0.0,0.018732767383419835,-0.03126723261658017,0
171.0,267.774776859084,410.99841002940974,0.0032268199861918727,0.0576534348895803,500003000.0,0.0,8.474156633894035e-06,1e-06,1.667932894960062e-08,0.0,0.0012745318146915646,0.0,7.5258233871717175e-06,0.0,0.018720953699432136,-0.03127904630056787,0
171.5,267.7591373359337,410.5097022887125,0.003224423266673799,0.05781369971746396,500003000.0,0.0,8.482474697224158e-06,1e-06,1.6636126660247457e-08,0.0,0.0012782886650434958,0.0,7.521073589638176e-06,0.0,0.01870913828268203,-0.03129086171731797,0
172.0,267.743491905075,410.0213332896991,0.0032220401661650308,0.05797406678466903,500003000.0,0.0,8.490771269234041e-06,1e-06,1.6593144019766147e-08,0.0,0.0012820431555799834,0.0,7.516323092052811e-06,0.0,0.01869732112450948,-0.03130267887549053,0
172.5,267.7278405656373,409.53330305377415,0.0032196705846119105,0.05813453603235508,500003000.0,0.0,8.499046458810367e-06,1e-06,1.6550379152651528e-08,0.0,0.001285795285850266,0.0,7.511571891028065e-06,0.0,0.018685502216487723,-0.03131449778351228,0
173.0,267.7121833167455,409.0456116024957,0.0032173144230555777,0.05829510740283338,500003000.0,0.0,8.5073003739131e-06,1e-06,1.6507830205468167e-08,0.0,0.0012895450554028887,0.0,7.506819983282294e-06,0.0,0.01867368155045347,-0.03132631844954653,0
173.5,267.6965201575207,408.5582589575718,0.0032149715835967834,0.05845578083953541,500003000.0,0.0,8.51553312158631e-06,1e-06,1.6465495346419288e-08,0.0,0.001293292463785724,0.0,7.502067365591826e-06,0.0,0.018661859118387625,-0.03133814088161238,0
174.0,267.6808510870799,408.071245140855,0.003212641969396683,0.05861655628701267,500003000.0,0.0,8.523744807968862e-06,1e-06,1.6423372765105003e-08,0.0,0.0012970375105460022,0.0,7.49731403482626e-06,0.0,0.018650034912503135,-0.031349965087496864,0
174.5,267.6651761045361,407.5845701743368,0.0032103254846599792,0.058777433690924176,500003000.0,0.0,8.531935538304958e-06,1e-06,1.6381460672194273e-08,0.0,0.0013007801952303456,0.0,7.492559987942138e-06,0.0,0.018638208925229195,-0.03136179107477081,0
175.0,267.6494952089987,407.0982340801436,0.0032080220346145535,0.058938412997992976,500003000.0,0.0,8.540105416954501e-06,1e-06,1.6339757299083484e-08,0.0,0.001304520517384793,0.0,7.487805221967754e-06,0.0,0.018626381149173518,-0.031373618850826485,0
175.5,267.6338083995733,406.6122368805317,0.0032057315255010575,0.059099494156035576,500003000.0,0.0,8.548254547403306e-06,1e-06,1.6298260897610378e-08,0.0,0.0013082584765548254,0.0,7.483049734010751e-06,0.0,0.01861455157714117,-0.03138544842285883,0
176.0,267.6181156753619,406.1265785978822,0.0032034538645638244,0.059260677113903,500003000.0,0.0,8.556383032273195e-06,1e-06,1.6256969739778517e-08,0.0,0.001311994072285403,0.0,7.478293521268195e-06,0.0,0.018602720202159688,-0.031397279797840315,0
176.5,267.60241703546296,405.6412592546966,0.0032011889600272038,0.05942196182149569,500003000.0,0.0,8.5644909733319e-06,1e-06,1.6215882117412044e-08,0.0,0.0013157273041209832,0.0,7.4735365810021465e-06,0.0,0.018590887017418276,-0.03140911298258173,0
177.0,267.58671247897166,405.15627887359244,0.0031989367210891843,0.059583348229732526,500003000.0,0.0,8.572578471502852e-06,1e-06,1.6174996341902285e-08,0.0,0.001319458171605554,0.0,7.468778910555048e-06,0.0,0.01857905201630609,-0.03142094798369391,0
177.5,267.5710020049798,404.67163747729865,0.003196697057904809,0.05974483629054401,500003000.0,0.0,8.580645626874805e-06,1e-06,1.613431074390648e-08,0.0,0.0013231866742826547,0.0,7.464020507340785e-06,0.0,0.018567215192390015,-0.031432784807609984,0
178.0,267.555285612576,404.1873350886517,0.0031944698815715698,0.05990642595685367,500003000.0,0.0,8.588692538711336e-06,1e-06,1.6093823673060617e-08,0.0,0.0013269128116954016,0.0,7.459261368839863e-06,0.0,0.018555376539402643,-0.03144462346059736,0
178.5,267.53956330084566,403.70337173059033,0.003192255104125161,0.060068117182572635,500003000.0,0.0,8.59671930546021e-06,1e-06,1.6053533497748095e-08,0.0,0.0013306365833865184,0.0,7.454501492618295e-06,0.0,0.01854353605128929,-0.03145646394871071,0
179.0,267.5238350688713,403.21974742615174,0.0031900526385186204,0.06022990992258334,500003000.0,0.0,8.604726024762604e-06,1e-06,1.601343860478845e-08,0.0,0.0013343579888983605,0.0,7.44974087630724e-06,0.0,0.018531693722157315,-0.03146830627784269,0
179.5,267.50810091573237,402.73646219846773,0.003187862398608675,0.06039180413270794,500003000.0,0.0,8.612712793462187e-06,1e-06,1.597353739916624e-08,0.0,0.0013380770277729354,0.0,7.444979517598968e-06,0.0,0.01851984954626609,-0.03148015045373391,0
180.0,267.4923608405055,402.2535160707595,0.0031856842991556163,0.06055379976973599,500003000.0,0.0,8.620679707614102e-06,1e-06,1.5933828303831106e-08,0.0,0.0013417936995519342,0.0,7.44021741427396e-06,0.0,0.018508003518094427,-0.03149199648190558,0
180.5,267.47661484226455,401.77090906633424,0.0031835182557978614,0.06071589679136538,500003000.0,0.0,8.628626862493789e-06,1e-06,1.5894309759374582e-08,0.0,0.0013455080037767528,0.0,7.435454564168502e-06,0.0,0.018496155632259956,-0.03150384436774005,0
181.0,267.4608629200807,401.2886412085812,0.003181364185044525,0.060878095156218816,500003000.0,0.0,8.63655435260569e-06,1e-06,1.5854980223800636e-08,0.0,0.0013492199399885146,0.0,7.430690965183824e-06,0.0,0.01848430588354185,-0.03151569411645815,0
181.5,267.44510507302243,400.80671252096784,0.003179222004264949,0.06104039482382133,500003000.0,0.0,8.644462271691831e-06,1e-06,1.5815838172284264e-08,0.0,0.0013529295077280904,0.0,7.42592661528774e-06,0.0,0.018472454266884927,-0.03152754573311507,0
182.0,267.4293413001559,400.32512302703554,0.0031770916316761384,0.06120279575458678,500003000.0,0.0,8.652350712740292e-06,1e-06,1.5776882096923027e-08,0.0,0.0013566367065361267,0.0,7.421161512510994e-06,0.0,0.018460600777390535,-0.03153939922260947,0
182.5,267.41357160054457,399.8438727503952,0.0031749729863408196,0.06136529790983026,500003000.0,0.0,8.660219767993564e-06,1e-06,1.5738110506544275e-08,0.0,0.0013603415359530746,0.0,7.416395654967946e-06,0.0,0.018448745410368023,-0.03155125458963198,0
183.0,267.39779597324974,399.36296171472475,0.0031728659881348643,0.06152790125170558,500003000.0,0.0,8.668069528956747e-06,1e-06,1.569952192636389e-08,0.0,0.001364043995519196,0.0,7.411629040805363e-06,0.0,0.01843688816120737,-0.03156311183879264,0
183.5,267.38201441733037,398.88238994376496,0.003170770557755123,0.06169060574323598,500003000.0,0.0,8.675900086405671e-06,1e-06,1.5661114897848562e-08,0.0,0.0013677440847745946,0.0,7.406861668245151e-06,0.0,0.018425029025485453,-0.031574970974514546,0
184.0,267.36622693184313,398.4021574613149,0.0031686866167078285,0.06185341134828565,500003000.0,0.0,8.683711530394913e-06,1e-06,1.5622887978484352e-08,0.0,0.0013714418032592431,0.0,7.402093535581324e-06,0.0,0.01841316799895852,-0.03158683200104148,0
184.5,267.3504335158426,397.9222642912288,0.003166614087289859,0.06201631803156752,500003000.0,0.0,8.69150395026567e-06,1e-06,1.558483974151328e-08,0.0,0.001375137150513,0.0,7.397324641159918e-06,0.0,0.018401305077512232,-0.03159869492248777,0
185.0,267.33463416838134,397.4427104574128,0.0031645528925809247,0.06217932575860374,500003000.0,0.0,8.699277434653534e-06,1e-06,1.5546968775726934e-08,0.0,0.0013788301260756288,0.0,7.3925549833840405e-06,0.0,0.01838944025717423,-0.03161055974282577,0
185.5,267.3188288885099,396.96349598382153,0.0031625029564307915,0.06234243449571834,500003000.0,0.0,8.707032071496153e-06,1e-06,1.5509273685238426e-08,0.0,0.0013825207294868149,0.0,7.387784560706943e-06,0.0,0.018377573534096872,-0.03162242646590313,0
186.0,267.303017675277,396.48462089445405,0.0031604642034600942,0.06250564421006069,500003000.0,0.0,8.714767948040814e-06,1e-06,1.5471753089323792e-08,0.0,0.0013862089602861972,0.0,7.383013371656509e-06,0.0,0.01836570490461818,-0.03163429509538182,0
186.5,267.2872005277293,396.0060852133505,0.0031584365590405215,0.06266895486954818,500003000.0,0.0,8.722485150851896e-06,1e-06,1.5434405622164862e-08,0.0,0.0013898948180133814,0.0,7.378241414811136e-06,0.0,0.01835383436520183,-0.031646165634798176,0
187.0,267.2713774449119,395.52788896458884,0.003156419949287409,0.06283236644288935,500003000.0,0.0,8.730183765818224e-06,1e-06,1.5397229932655897e-08,0.0,0.0013935783022079632,0.0,7.373468688804348e-06,0.0,0.018341961912448627,-0.031658038087551375,0
187.5,267.2555484258681,395.05003217228165,0.003154414301050532,0.06299587889956448,500003000.0,0.0,8.737863878160326e-06,1e-06,1.536022468420395e-08,0.0,0.0013972594124095448,0.0,7.368695192324762e-06,0.0,0.018330087543096424,-0.03166991245690358,0
188.0,267.23971346963964,394.5725148605729,0.003152419541902943,0.06315949220980333,500003000.0,0.0,8.745525572437588e-06,1e-06,1.5323388554522373e-08,0.0,0.0014009381481577547,0.0,7.363920924111221e-06,0.0,0.018318211254008013,-0.03168178874599199,0
188.5,267.2238725752666,394.0953370536339,0.0031504356001403,0.06332320634458975,500003000.0,0.0,8.753168932555327e-06,1e-06,1.5286720235477727e-08,0.0,0.0014046145089922722,0.0,7.359145882972044e-06,0.0,0.018306333042219014,-0.03169366695778099,0
189.0,267.2080257417877,393.618498775661,0.003148462404757981,0.06348702127565352,500003000.0,0.0,8.760794041771743e-06,1e-06,1.525021843283142e-08,0.0,0.0014082884944528412,0.0,7.35437006775214e-06,0.0,0.01829445290485607,-0.031705547095143935,0
189.5,267.19217296824013,393.14200005087247,0.0031464998854492275,0.06365093697543717,500003000.0,0.0,8.768400982704785e-06,1e-06,1.5213881866085992e-08,0.0,0.0014119601040792859,0.0,7.349593477348835e-06,0.0,0.01828257083917621,-0.03171742916082379,0
190.0,267.1763142536597,392.66584090350466,0.003144547972601381,0.06381495341712147,500003000.0,0.0,8.775989837338947e-06,1e-06,1.5177709268324257e-08,0.0,0.0014156293374115389,0.0,7.344816110723011e-06,0.0,0.018270686842594554,-0.031729313157405445,0
190.5,267.160449597081,392.1900213578094,0.0031426065972781038,0.06397907057458314,500003000.0,0.0,8.783560687031938e-06,1e-06,1.5141699385983118e-08,0.0,0.0014192961939896505,0.0,7.340037966877133e-06,0.0,0.018258800912629686,-0.03174119908737032,0
191.0,267.14457899753734,391.71454143805056,0.0031406756912198295,0.0641432884224199,500003000.0,0.0,8.791113612521297e-06,1e-06,1.5105850978717763e-08,0.0,0.0014229606733538167,0.0,7.335259044875609e-06,0.0,0.01824691304695425,-0.03175308695304575,0
191.5,267.12870245406083,391.2394011685017,0.0031387551868226073,0.06430760693590783,500003000.0,0.0,8.798648693930878e-06,1e-06,1.5070162819164055e-08,0.0,0.0014266227750443844,0.0,7.33047934381437e-06,0.0,0.01823502324331933,-0.03176497675668068,0
192.0,267.1128199656825,390.76460057344235,0.0031368450171448377,0.06447202609100516,500003000.0,0.0,8.806166010777297e-06,1e-06,1.5034633692837317e-08,0.0,0.0014302824986018796,0.0,7.3256988628552825e-06,0.0,0.018223131499640003,-0.03177686850036,0
192.5,267.0969315314323,390.2901396771556,0.0031349451158888928,0.06463654586434857,500003000.0,0.0,8.813665641976253e-06,1e-06,1.4999262397912555e-08,0.0,0.00143393984356702,0.0,7.320917601201655e-06,0.0,0.018211237813934467,-0.031788762186065536,0
193.0,267.0810371503393,389.8160185039259,0.0031330554173891736,0.0648011662332411,500003000.0,0.0,8.821147665848772e-06,1e-06,1.4964047745038057e-08,0.0,0.0014375948094807265,0.0,7.316135558088487e-06,0.0,0.018199342184299718,-0.03180065781570028,0
193.5,267.06513682143145,389.34223707803443,0.0031311758566251635,0.06496588717564848,500003000.0,0.0,8.828612160127408e-06,1e-06,1.4928988557270292e-08,0.0,0.0014412473958841533,0.0,7.311352732830759e-06,0.0,0.01818744460903174,-0.031812555390968264,0
194.0,267.049230543736,388.8687954237576,0.0031293063691905138,0.06513070867017672,500003000.0,0.0,8.836059201962309e-06,1e-06,1.4894083669800863e-08,0.0,0.0014448976023186961,0.0,7.306569124768902e-06,0.0,0.018175545086489806,-0.0318244549135102,0
194.5,267.03331831627924,388.3956935653643,0.0031274468912934994,0.06529563069607805,500003000.0,0.0,8.843488867927227e-06,1e-06,1.4859331929835512e-08,0.0,0.0014485454283260073,0.0,7.301784733287128e-06,0.0,0.01816364361514211,-0.03183635638485789,0
195.0,267.0174001380868,387.9229315271125,0.0031255973597545286,0.06546065323323885,500003000.0,0.0,8.850901234025457e-06,1e-06,1.4824732196460763e-08,0.0,0.0014521908734480165,0.0,7.296999557824704e-06,0.0,0.01815174019359379,-0.03184825980640621,0
195.5,267.0014760081836,387.45050933324666,0.003123757711995382,0.06562577626215967,500003000.0,0.0,8.858296375695694e-06,1e-06,1.4790283340473125e-08,0.0,0.0014558339372269496,0.0,7.292213597867604e-06,0.0,0.018139834820566178,-0.031860165179433825,0
196.0,266.9855459255939,386.9784270079963,0.003121927886020824,0.06579099976397812,500003000.0,0.0,8.865674367817782e-06,1e-06,1.4755984244174467e-08,0.0,0.0014594746192053295,0.0,7.287426852922173e-06,0.0,0.018127927494831275,-0.03187207250516873,0
196.5,266.9696098893413,386.5066845755715,0.003120107820434802,0.06595632372041381,500003000.0,0.0,8.873035284718448e-06,1e-06,1.4721833801332726e-08,0.0,0.0014631129189260096,0.0,7.282639322569199e-06,0.0,0.018116018215346266,-0.03188398178465374,0
197.0,266.953667898449,386.03528206016176,0.003118297454411644,0.06612174811380842,500003000.0,0.0,8.880379200176914e-06,1e-06,1.4687830916931664e-08,0.0,0.0014667488359321793,0.0,7.277851006412769e-06,0.0,0.01810410698112629,-0.03189589301887372,0
197.5,266.9377199519396,385.5642194859327,0.0031164967277002,0.06628727292709584,500003000.0,0.0,8.887706187430454e-06,1e-06,1.4653974507078203e-08,0.0,0.001470382369767382,0.0,7.2730619041057476e-06,0.0,0.01809219379130783,-0.03190780620869217,0
198.0,266.92176604883525,385.0934968770235,0.0031147055806166,0.06645289814378462,500003000.0,0.0,8.895016319179883e-06,1e-06,1.4620263498857663e-08,0.0,0.0014740135199755326,0.0,7.268272015348453e-06,0.0,0.018080278645145404,-0.0319197213548546,0
198.5,266.90580618815784,384.6231142575448,0.0031129239540302685,0.06661862374796787,500003000.0,0.0,8.902309667594963e-06,1e-06,1.4586696830159188e-08,0.0,0.001477642286100928,0.0,7.263481339871398e-06,0.0,0.01806836154196865,-0.031931638458031354,0
199.0,266.88984036892884,384.15307165157606,0.0031111517893645376,0.06678444972431184,500003000.0,0.0,8.909586304319748e-06,1e-06,1.4553273449571461e-08,0.0,0.0014812686676882627,0.0,7.258689877451814e-06,0.0,0.01805644248122342,-0.03194355751877658,0
199.5,266.8738685901695,383.6833690831631,0.003109389028587446,0.06695037605804852,500003000.0,0.0,8.916846300477865e-06,1e-06,1.4519992316233983e-08,0.0,0.0014848926642826467,0.0,7.253897627907115e-06,0.0,0.01804452146245551,-0.03195547853754449,0
200.0,266.85789085090073,383.2140065763157,0.0031076356142051382,0.06711640273496822,500003000.0,0.0,8.924089726677717e-06,1e-06,1.4486852399702257e-08,0.0,0.0014885142754296164,0.0,7.2491045910941765e-06,0.0,0.018032598485308898,-0.0319674015146911,0
200.5,266.8419071501434,382.7449841550053,0.0031058914892550613,0.06728252974140017,500003000.0,0.0,8.931316653017624e-06,1e-06,1.445385267981363e-08,0.0,0.0014921335006751492,0.0,7.2443107669079225e-06,0.0,0.018020673549522196,-0.03197932645047781,0
201.0,266.8259174869182,382.2763018431622,0.003104156597303737,0.06744875706422969,500003000.0,0.0,8.938527149090912e-06,1e-06,1.4420992146576034e-08,0.0,0.0014957503395656823,0.0,7.239516155290392e-06,0.0,0.01800874665495122,-0.03199125334504878,0
201.5,266.80992186024565,381.8079596646743,0.0031024308824292536,0.06761508469087578,500003000.0,0.0,8.945721283990907e-06,1e-06,1.4388269799987316e-08,0.0,0.0014993647916481175,0.0,7.234720756203972e-06,0.0,0.01799681780150242,-0.032003182198497584,0
202.0,266.7939202691464,381.33995764338357,0.003100714289231322,0.0677815126092804,500003000.0,0.0,8.952899126315898e-06,1e-06,1.4355684649984094e-08,0.0,0.0015029768564698439,0.0,7.229924569668666e-06,0.0,0.017984886989225537,-0.03201511301077446,0
202.5,266.777912712641,380.8722958030852,0.003099006762807374,0.06794804080791635,500003000.0,0.0,8.960060744174016e-06,1e-06,1.4323235716234643e-08,0.0,0.001506586533578742,0.0,7.225127595720043e-06,0.0,0.017972954218209065,-0.03202704578179094,0
203.0,266.7618991897501,380.40497416752373,0.0030973082487670473,0.06811466927577542,500003000.0,0.0,8.96720620518807e-06,1e-06,1.4290922028110943e-08,0.0,0.0015101938225232073,0.0,7.220329834456394e-06,0.0,0.017961019488697497,-0.03203898051130251,0
203.5,266.7458796994945,379.93799276039186,0.0030956186932084542,0.06828139800235342,500003000.0,0.0,8.974335576500313e-06,1e-06,1.425874262448551e-08,0.0,0.0015137987228521599,0.0,7.2155312859967245e-06,0.0,0.017949082800986876,-0.032050917199013124,0
204.0,266.72985424089495,379.47135160532787,0.003093938042722404,0.06844822697766197,500003000.0,0.0,8.981448924777143e-06,1e-06,1.4226696553658806e-08,0.0,0.0015174012341150575,0.0,7.210731950503621e-06,0.0,0.017937144155481644,-0.03206285584451836,0
204.5,266.7138228129727,379.00505072591426,0.0030922662443769082,0.06861515619218418,500003000.0,0.0,8.988546316213741e-06,1e-06,1.4194782873197283e-08,0.0,0.0015210013558619017,0.0,7.205931828160021e-06,0.0,0.017925203552636867,-0.032074796447363135,0
205.0,266.69778541474903,378.5390901456748,0.0030906032457246524,0.06878218563693614,500003000.0,0.0,8.99562781653868e-06,1e-06,1.416300064987833e-08,0.0,0.0015245990876432587,0.0,7.20113091919932e-06,0.0,0.017913260993033135,-0.03208673900696687,0
205.5,266.6817420452455,378.07346988807177,0.0030889489947949628,0.06894931530338434,500003000.0,0.0,9.002693491018462e-06,1e-06,1.4131348959565089e-08,0.0,0.0015281944290102783,0.0,7.1963292238991355e-06,0.0,0.017901316477361033,-0.03209868352263897,0
206.0,266.6656927034842,377.6081899765057,0.0030873034400728475,0.0691165451834893,500003000.0,0.0,9.009743404461975e-06,1e-06,1.4099826887023885e-08,0.0,0.0015317873795146898,0.0,7.191526742544837e-06,0.0,0.01788937000633044,-0.032110629993669565,0
206.5,266.64963738848735,377.1432504343124,0.003085666530508909,0.06928387526968746,500003000.0,0.0,9.016777621224918e-06,1e-06,1.4068433525884217e-08,0.0,0.001535377938708821,0.0,7.186723475464774e-06,0.0,0.017877421580758144,-0.03212257841924186,0
207.0,266.6335760992777,376.6786512847604,0.003084038215517212,0.06945130555487979,500003000.0,0.0,9.02379620521419e-06,1e-06,1.403716797854454e-08,0.0,0.0015389661061456176,0.0,7.181919423037286e-06,0.0,0.017865471201585287,-0.03213452879841472,0
207.5,266.6175088348785,376.21439255104957,0.0030824184449564254,0.06961883603243874,500003000.0,0.0,9.030799219892191e-06,1e-06,1.4006029356003318e-08,0.0,0.0015425518813786498,0.0,7.1771145856586e-06,0.0,0.017853518869797514,-0.03214648113020249,0
208.0,266.6014355943134,375.75047425630913,0.003080807169131484,0.06978646669617554,500003000.0,0.0,9.037786728281085e-06,1e-06,1.39750167777849e-08,0.0,0.0015461352639621218,0.0,7.172308963758344e-06,0.0,0.01784156458646354,-0.03215843541353646,0
208.5,266.5853563766066,375.28689642359564,0.0030792043387897834,0.06995419754037244,500003000.0,0.0,9.044758792967006e-06,1e-06,1.3944129371841636e-08,0.0,0.001549716253450886,0.0,7.167502557802166e-06,0.0,0.017829608352741708,-0.032170391647258295,0
209.0,266.569271180783,374.8236590758906,0.0030776099051162704,0.07012202855975386,500003000.0,0.0,9.051715476104232e-06,1e-06,1.3913366274452075e-08,0.0,0.0015532948494004584,0.0,7.16269536829162e-06,0.0,0.01781765016987965,-0.03218234983012035,0
209.5,266.55318000586794,374.36076223609894,0.003076023819725449,0.07028995974947001,500003000.0,0.0,9.058656839419286e-06,1e-06,1.388272663010649e-08,0.0,0.001556871051367027,0.0,7.157887395756725e-06,0.0,0.01780569003919583,-0.03219430996080418,0
210.0,266.53708285088754,373.89820592704723,0.003074446034656366,0.07045799110512838,500003000.0,0.0,9.06558294421499e-06,1e-06,1.3852209591407122e-08,0.0,0.0015604448589074604,0.0,7.153078640755276e-06,0.0,0.0177937279620778,-0.0322062720379222,0
210.5,266.5209797148686,373.43599017148165,0.0030728765023707674,0.07062612262274923,500003000.0,0.0,9.072493851374482e-06,1e-06,1.3821814318983831e-08,0.0,0.0015640162715793242,0.0,7.148269103879446e-06,0.0,0.01778176393999862,-0.03221823606000138,0
211.0,266.5048705968386,372.97411499206623,0.0030713151757464927,0.07079435429878479,500003000.0,0.0,9.079389621365176e-06,1e-06,1.3791539981389344e-08,0.0,0.0015675852889408888,0.0,7.143458785751068e-06,0.0,0.017769797974505144,-0.032230202025494856,0
211.5,266.48875549582584,372.5125804113804,0.0030697620080769447,0.0709626861301162,500003000.0,0.0,9.086270314242687e-06,1e-06,1.3761385755022933e-08,0.0,0.0015711519105511462,0.0,7.138647687030981e-06,0.0,0.017757830067241246,-0.03224216993275876,0
212.0,266.4726344108595,372.0513864519185,0.0030682169530535154,0.07113111811401203,500003000.0,0.0,9.093135989654676e-06,1e-06,1.373135082397879e-08,0.0,0.0015747161359698086,0.0,7.13383580838855e-06,0.0,0.017745860219872015,-0.03225413978012799,0
212.5,266.45650734096944,371.59053313608666,0.00306667996478106,0.07129965024818445,500003000.0,0.0,9.099986706844698e-06,1e-06,1.3701434380043572e-08,0.0,0.0015782779647573342,0.0,7.1290231505479034e-06,0.0,0.017733888434198763,-0.03226611156580124,0
213.0,266.4403742851865,371.13002048620115,0.0030651509977598,0.07146828253073895,500003000.0,0.0,9.10682252465597e-06,1e-06,1.3671635622544486e-08,0.0,0.0015818373964749332,0.0,7.124209714255974e-06,0.0,0.01772191471207954,-0.03227808528792046,0
213.5,266.4242352425426,370.66984852448803,0.003063630006874622,0.07163701496016149,500003000.0,0.0,9.113643501535086e-06,1e-06,1.3641953758231962e-08,0.0,0.0015853944306845685,0.0,7.11939550026762e-06,0.0,0.01770993905539209,-0.032290060944607915,0
214.0,266.40809021207025,370.2100172730793,0.0030621169474159137,0.07180584753536304,500003000.0,0.0,9.120449695535737e-06,1e-06,1.3612388001303636e-08,0.0,0.0015889490669489836,0.0,7.1145805094038526e-06,0.0,0.017697961466178736,-0.03230203853382127,0
214.5,266.39193919280336,369.75052675401355,0.003060611775040328,0.07197478025562035,500003000.0,0.0,9.127241164322318e-06,1e-06,1.3582937573161948e-08,0.0,0.001592501304831694,0.0,7.109764742470426e-06,0.0,0.017685981946443847,-0.03231401805355616,0
215.0,266.3757821837766,369.29137698923205,0.003059114445802673,0.07214381312061728,500003000.0,0.0,9.134017965173563e-06,1e-06,1.355360170248899e-08,0.0,0.0015960511438970141,0.0,7.104948200341432e-06,0.0,0.017674000498361774,-0.032325999501638225,0
215.5,266.3596191840258,368.8325680005779,0.003057624916127367,0.07231294613041277,500003000.0,0.0,9.14078015498609e-06,1e-06,1.3524379625053752e-08,0.0,0.001599598583710062,0.0,7.100130883902478e-06,0.0,0.01766201712413552,-0.03233798287586448,0
216.0,266.34345019258785,368.37409980979453,0.003056143142811743,0.0724821792854257,500003000.0,0.0,9.14752779027792e-06,1e-06,1.3495270583661876e-08,0.0,0.0016031436238367696,0.0,7.0953127940676586e-06,0.0,0.01765003182603895,-0.032349968173961054,0
216.5,266.32727520850085,367.9159724385243,0.003054669083017894,0.07265151258647644,500003000.0,0.0,9.154260927191948e-06,1e-06,1.3466273828055585e-08,0.0,0.001606686263843888,0.0,7.090493931769821e-06,0.0,0.017638044606392587,-0.032361955393607415,0
217.0,266.31109423080403,367.4581859083067,0.00305320269427533,0.0728209460347296,500003000.0,0.0,9.160979621499378e-06,1e-06,1.34373886148622e-08,0.0,0.0016102265032989995,0.0,7.085674297975782e-06,0.0,0.01762605546760145,-0.03237394453239856,0
217.5,266.2949072585378,367.00074024057636,0.0030517439344754063,0.07299047963171187,500003000.0,0.0,9.167683928603132e-06,1e-06,1.3408614207507179e-08,0.0,0.0016137643417705333,0.0,7.080853893682345e-06,0.0,0.017614064412145136,-0.03238593558785487,0
218.0,266.2787142907439,366.5436354566618,0.0030502927618647705,0.07316011337934018,500003000.0,0.0,9.174373903541194e-06,1e-06,1.3379949876123804e-08,0.0,0.0016172997788277692,0.0,7.076032719909901e-06,0.0,0.017602071442561942,-0.03239792855743806,0
218.5,266.2625153264652,366.0868715777835,0.003048849135043589,0.07332984727985807,500003000.0,0.0,9.181049600989937e-06,1e-06,1.3351394897484764e-08,0.0,0.0016208328140408506,0.0,7.071210777707006e-06,0.0,0.017590076561460215,-0.03240992343853979,0
219.0,266.2463103647459,365.63044862505257,0.0030474130129611015,0.07349968133586206,500003000.0,0.0,9.187711075267399e-06,1e-06,1.3322948554922887e-08,0.0,0.0016243634469807942,0.0,7.0663880681486764e-06,0.0,0.01757807977151412,-0.03242192022848588,0
219.5,266.2300994046317,365.17436661946954,0.0030459843549081643,0.07366961555031062,500003000.0,0.0,9.19435838033652e-06,1e-06,1.3294610138239574e-08,0.0,0.0016278916772194951,0.0,7.061564592327542e-06,0.0,0.017566081075441647,-0.03243391892455835,0
220.0,266.2138824451694,364.7186255819219,0.0030445631205238254,0.07383964992648821,500003000.0,0.0,9.200991569808356e-06,1e-06,1.326637894367531e-08,0.0,0.0016314175043297438,0.0,7.056740351377443e-06,0.0,0.017554080476063293,-0.03244591952393671,0
220.5,266.1976594854074,364.26322553318323,0.0030431492697803163,0.07400978446803791,500003000.0,0.0,9.20761069694525e-06,1e-06,1.3238254273786791e-08,0.0,0.0016349409278852327,0.0,7.051915346446904e-06,0.0,0.01754207797623608,-0.03245792202376392,0
221.0,266.1814305243955,363.808166493912,0.0030417427629812577,0.07418001917891394,500003000.0,0.0,9.214215814663942e-06,1e-06,1.3210235437382654e-08,0.0,0.0016384619474605587,0.0,7.047089578703084e-06,0.0,0.017530073578863395,-0.03246992642113661,0
221.5,266.16519556118493,363.35344848464973,0.003040343560764565,0.074350354063412,500003000.0,0.0,9.220806975538682e-06,1e-06,1.3182321749480283e-08,0.0,0.001641980562631238,0.0,7.042263049346545e-06,0.0,0.017518067286931702,-0.032481932713068304,0
222.0,266.1489545948284,362.8990715258198,0.00303895162409216,0.0745207891261546,500003000.0,0.0,9.227384231804285e-06,1e-06,1.3154512531206108e-08,0.0,0.0016454967729737137,0.0,7.037435759595355e-06,0.0,0.017506059103471035,-0.03249394089652897,0
222.5,266.13270762438015,362.44503563772486,0.0030375669142580293,0.07469132437210337,500003000.0,0.0,9.233947635359173e-06,1e-06,1.3126807109776033e-08,0.0,0.0016490105780653727,0.0,7.032607710711515e-06,0.0,0.017494049031620686,-0.03250595096837931,0
223.0,266.11645464889597,361.9913408405467,0.003036189392866371,0.07486195980651139,500003000.0,0.0,9.240497237768348e-06,1e-06,1.3099204818347403e-08,0.0,0.001652521977484543,0.0,7.027778903958104e-06,0.0,0.017482037074522647,-0.03251796292547736,0
223.5,266.10019566743324,361.5379871543442,0.003034819021843363,0.07503269543496129,500003000.0,0.0,9.247033090266356e-06,1e-06,1.3071704996017028e-08,0.0,0.0016560309708105094,0.0,7.02294934063412e-06,0.0,0.01747002323540826,-0.03252997676459174,0
224.0,266.0839306790509,361.0849745990517,0.0030334557634295743,0.07520353126335841,500003000.0,0.0,9.253555243760225e-06,1e-06,1.3044306987736211e-08,0.0,0.0016595375576235235,0.0,7.018119022064424e-06,0.0,0.017458007517573194,-0.03254199248242681,0
224.5,266.06765968280973,360.632303194479,0.0030320995801658207,0.07537446729788622,500003000.0,0.0,9.260063748832325e-06,1e-06,1.3017010144198576e-08,0.0,0.0016630417375048008,0.0,7.01328794957444e-06,0.0,0.017445989924314526,-0.03255401007568548,0
225.0,266.05138267777187,360.17997296030757,0.003030750434916629,0.07554550354506682,500003000.0,0.0,9.26655865574327e-06,1e-06,1.2989813821889996e-08,0.0,0.0016665435100365487,0.0,7.008456124551701e-06,0.0,0.017433970459083833,-0.03256602954091617,0
225.5,266.0350996630014,359.72798391609155,0.003029408290833743,0.07571664001169613,500003000.0,0.0,9.273040014434712e-06,1e-06,1.2962717382881927e-08,0.0,0.0016700428748019573,0.0,7.003623548368715e-06,0.0,0.01742194912529531,-0.032578050874704695,0
226.0,266.01881063756406,359.2763360812551,0.0030280731113774793,0.07588787670489101,500003000.0,0.0,9.279507874532149e-06,1e-06,1.2935720194873645e-08,0.0,0.001673539831385214,0.0,6.998790222439446e-06,0.0,0.017409925926466285,-0.03259007407353372,0
226.5,266.0025156005273,358.8250294750914,0.0030267448603050187,0.07605921363204013,500003000.0,0.0,9.285962285347695e-06,1e-06,1.2908821631093216e-08,0.0,0.001677034379371517,0.0,6.993956148199272e-06,0.0,0.017397900866167344,-0.03260209913383266,0
227.0,265.9862145509604,358.3740641167608,0.0030254235016689396,0.0762306508008454,500003000.0,0.0,9.292403295882817e-06,1e-06,1.2882021070243135e-08,0.0,0.00168052651834708,0.0,6.9891213271085385e-06,0.0,0.01738587394803119,-0.03261412605196881,0
227.5,265.96990748793445,357.9234400252899,0.0030241089998114395,0.07640218821927894,500003000.0,0.0,9.298830954831031e-06,1e-06,1.2855317896428191e-08,0.0,0.0016840162478991396,0.0,6.984285760646041e-06,0.0,0.01737384517573642,-0.03262615482426358,0
228.0,265.9535944105223,357.4731572195706,0.0030228013193602573,0.07657382589560907,500003000.0,0.0,9.305245310580576e-06,1e-06,1.2828711499091371e-08,0.0,0.0016875035676159633,0.0,6.979449450306405e-06,0.0,0.017361814553001006,-0.032638185446998993,0
228.5,265.9372753177988,357.0232157183582,0.0030215004252330414,0.07674556383837415,500003000.0,0.0,9.311646411217069e-06,1e-06,1.2802201272986097e-08,0.0,0.0016909884770868596,0.0,6.9746123976168095e-06,0.0,0.017349782083623904,-0.032650217916376095,0
229.0,265.9209502088406,356.5736155283897,0.003020206282625096,0.07691740205638808,500003000.0,1.0006555664461483,9.318034304526108e-06,2.4468942767820115e-06,1.2775786618078637e-08,2.893788553564023e-06,0.0016944709759021835,5.631034342628058e-14,6.969774604115307e-06,1.9978414531484897e-13,0.01733774833480252,-0.032662251665197484,1
229.5,265.904619083008,356.1243566919638,0.0030189188018137675,0.0770893404964874,500003000.0,1.00720723391691,9.324409037879413e-06,3.0389384187137126e-06,1.2749466706610573e-08,1.1840882838634016e-06,0.0016979510635897275,1.0857816058462807e-13,6.964935943955918e-06,1.269187888507281e-13,0.01732571166127129,-0.032674288338728714,1
230.0,265.88828193883865,355.6754392150333,0.0030176380574864444,0.07726137929076653,500003000.0,1.0137933560018497,9.330770658583936e-06,3.5162235554852003e-06,1.2723241409046739e-08,9.545702735429754e-07,0.0017014287398038727,1.6929215081060152e-13,6.960096670117972e-06,1.3787626311972817e-13,0.017313673697548517,-0.03268632630245148,1
230.5,265.8719387756874,355.22686311602155,0.0030163639598121536,0.07743351838599326,500003000.0,1.0204139826525669,9.337119213536197e-06,3.929225288423486e-06,1.2697109904524016e-08,8.260034658765706e-07,0.0017049040041357195,2.3776894869657016e-13,6.955256655326322e-06,1.4995167847450846e-13,0.017301633893809815,-0.03269836610619019,1
231.0,265.8555895926343,354.7786284131485,0.0030150964760666953,0.0776057577931703,500003000.0,1.0270691619683663,9.343454749344967e-06,4.299264714017016e-06,1.267107161753778e-08,7.400788511870607e-07,0.0017083768561785755,3.1350191169223543e-13,6.950415903464515e-06,1.618994061196242e-13,0.017289592256203187,-0.03271040774379681,1
231.5,265.8392343887624,354.3307351244004,0.0030138355735548398,0.07777809752327781,500003000.0,1.0337589400566713,9.349777312333218e-06,4.6378634683986486e-06,1.2645125976504044e-08,6.771975087632654e-07,0.0017118472955276849,3.9612395084665434e-13,6.94557441788423e-06,1.735200838722224e-13,0.017277548792503972,-0.032722451207496034,1
232.0,265.82287316315865,353.8831832675725,0.00301258121944451,0.07795053758712558,500003000.0,1.0404833610041684,9.356086948539734e-06,4.952119947387117e-06,1.2619272413032506e-08,6.285129579769362e-07,0.0017153153217797765,4.853628707244781e-13,6.9407322010296035e-06,1.848037952304705e-13,0.017265503508764147,-0.03273449649123586,1
232.5,265.80650591491303,353.43597286029325,0.003011333380965912,0.0781230779955282,500003000.0,1.0472424668487428,9.3623837037211e-06,5.246787116523118e-06,1.259351036273188e-08,5.893343382720013e-07,0.0017187809345328377,5.810125594176073e-13,6.935889254902754e-06,1.9578304472490335e-13,0.017253456410055754,-0.03274654358994425,1
233.0,265.79013264311806,352.98910392003455,0.0030100920255201045,0.07829571875948153,500003000.0,1.054036297551232,9.368667623353915e-06,5.525237758665279e-06,1.2567839265629093e-08,5.569012842843219e-07,0.0017222441333860205,6.829146430357459e-13,6.9310455813201745e-06,2.0649756175653612e-13,0.017241407501009477,-0.032758592498990526,1
233.5,265.77375334686855,352.5425764641166,0.0030088571207246813,0.07846845989016434,500003000.0,1.060864890967041,9.374938752637076e-06,5.789970414855352e-06,1.2542258566322301e-08,5.294653123801444e-07,0.0017257049179396024,7.909464034482834e-13,6.926201182023999e-06,2.1698488311955873e-13,0.01722935678606483,-0.03277064321393518,1
234.0,265.7573680252616,352.0963905097095,0.0030076286344330834,0.07864130139898202,500003000.0,1.0677282828177155,9.381197136494087e-06,6.042898484778687e-06,1.2516767714022559e-08,5.058561398466698e-07,0.0017291632877949707,9.050125202960279e-13,6.9213560587323125e-06,2.2727808907414785e-13,0.017217304269588944,-0.03278269573041106,1
234.5,265.7409766773964,351.65054607383155,0.0030064065347568396,0.07881424329760776,500003000.0,1.0746265066625798,9.387442819575391e-06,6.285526548924049e-06,1.2491366162607238e-08,4.852561282907244e-07,0.001732619242554639,1.025039234830681e-12,6.916510213196102e-06,2.374056810841895e-13,0.017205249956017868,-0.032794750043982135,1
235.0,265.7245793023744,351.2050431733489,0.0030051907900527147,0.078987285597935,500003000.0,1.081559593870278,9.393675846260654e-06,6.519063550422061e-06,1.2466053370527462e-08,4.670740029960252e-07,0.0017360727818222467,1.1509701041830458e-12,6.911663647175319e-06,2.473920723727517e-13,0.01719319384979844,-0.03280680615020157,1
235.5,265.7081758992993,350.7598818249751,0.0030039813689216282,0.07916042831209368,500003000.0,1.0885275735903663,9.399896260661037e-06,6.744498509545244e-06,1.244082880076523e-08,4.508699182463667e-07,0.0017395239052025646,1.2827628348442323e-12,6.906816362442e-06,2.5725819658370406e-13,0.01718113595539774,-0.03281886404460226,1
236.0,265.691766467277,350.3150620452696,0.0030027782402134366,0.07933367145246156,500003000.0,1.0955304727249888,9.406104106621445e-06,6.962652930123959e-06,1.2415691920815169e-08,4.36308841157429e-07,0.0017429726123015063,1.4203868698385052e-12,6.901968360796769e-06,2.6702207709932466e-13,0.01716907627734576,-0.03283092372265424,1
236.5,265.6753510054157,349.8705838506372,0.0030015813730168983,0.07950701503163855,500003000.0,1.1025683159005302,9.412299427722748e-06,7.174218127127333e-06,1.2390642202605387e-08,4.2313039400674784e-07,0.001746418902726131,1.563821515653572e-12,6.897119644051217e-06,2.7669931510976254e-13,0.01715701482019294,-0.03284298517980706,1
237.0,265.65892951282575,349.42644725732464,0.0030003907366778285,0.07968045906247742,500003000.0,1.1096411254394634,9.418482267284015e-06,7.3797824714929415e-06,1.2365679122535111e-08,4.1112868873121687e-07,0.0017498627760846716,1.7130544643238943e-12,6.892270214074945e-06,2.863034940514291e-13,0.01714495158862832,-0.032855048411371685,1
237.5,265.64250198862004,348.982652281422,0.0029992063007622627,0.0798540035580404,500003000.0,1.1167489213319919,9.424652668364657e-06,7.5798516995595985e-06,1.2340802161286082e-08,4.001384561333145e-07,0.0017533042319865205,1.868080610459898e-12,6.887420072716287e-06,2.9584651033954944e-13,0.017132886587283312,-0.03286711341271669,1
238.0,265.62606843191367,348.5391989388608,0.0029980280350792666,0.08002764853162352,500003000.0,1.1238917212080315,9.430810673766598e-06,7.774864333728302e-06,1.2316010803880525e-08,3.900252683374076e-07,0.001756743270042248,2.028901092233311e-12,6.882569221859939e-06,3.053388428253994e-13,0.017120819820875748,-0.03287918017912425,1
238.5,265.6096288418241,348.09608724541204,0.002996855909674742,0.080201393996745,500003000.0,1.131069540309146,9.436956326036408e-06,7.965203582383047e-06,1.2291304539619693e-08,3.8067849730948916e-07,0.0017601798898636092,2.1955225050262113e-12,6.8777176634178715e-06,3.147897725568831e-13,0.017108751294187954,-0.032891248705812046,1
239.0,265.59318321747116,347.65331721668633,0.002995689894819433,0.08037523996714613,500003000.0,1.1382823914605464,9.443089667467408e-06,8.151206655876951e-06,1.2266682861999397e-08,3.720061469878071e-07,0.0017636140910635505,2.3679562500268428e-12,6.872865399306948e-06,3.242075626335881e-13,0.017096681012011547,-0.032903318987988456,1
239.5,265.57673155797715,347.21088886813175,0.0029945299610198454,0.08054918645677939,500003000.0,1.1455302850432856,9.449210740101768e-06,8.333172153954435e-06,1.2242145268719885e-08,3.6393099615496686e-07,0.0017670458732562187,2.546217989595406e-12,6.868012431479004e-06,3.3359960610249264e-13,0.01708460897922268,-0.032915391020777326,1
240.0,265.5602738624668,346.7688022150334,0.002993376079003247,0.08072323347982426,500003000.0,1.15281322896643,9.455319585732563e-06,8.511365991913461e-06,1.2217691261590009e-08,3.5638767591805085e-07,0.0017704752360569666,2.7303271880466643e-12,6.863158761891434e-06,3.429725482260913e-13,0.01707253520070924,-0.03292746479929076,1
240.5,265.54381013006713,346.327057272512,0.0029922282197259492,0.08089738105065723,500003000.0,1.1601312286394758,9.461416245905826e-06,8.686026204457328e-06,1.2193320346527076e-08,3.4932042508773436e-07,0.0017739021790823643,2.9203067214576203e-12,6.85830439253111e-06,3.523323881302557e-13,0.017060459681430613,-0.03293954031856939,1
241.0,265.52734035990784,345.8856540555228,0.0029910863543634978,0.08107162918388353,500003000.0,1.1674842869447815,9.467500761922567e-06,8.857366876907784e-06,1.2169032033483235e-08,3.4268134490091144e-07,0.001777326701950202,3.116182543766545e-12,6.853449325396742e-06,3.616845637856649e-13,0.01704838242637404,-0.03295161757362596,1
241.5,265.510864551121,345.44459257885507,0.0029899504543111923,0.08124597789430574,500003000.0,1.1748724042101861,9.473573174840775e-06,9.025581390279446e-06,1.2144825836414475e-08,3.3642902674332527e-07,0.0017807488042794982,3.3179833991652216e-12,6.848593562504886e-06,3.71034023448246e-13,0.017036303440569788,-0.03296369655943021,1
242.0,265.4943827028413,345.00387285713026,0.00298882049118345,0.08142042719692766,500003000.0,1.1822955781817686,9.479633525477397e-06,9.1908451213154e-06,1.2120701273245292e-08,3.3052746207190647e-07,0.001784168485690507,3.5257405728554157e-12,6.843737105893235e-06,3.8038528603876547e-13,0.01702422272909949,-0.03297577727090051,1
242.5,265.47789481420585,344.5634949048024,0.00298769643680372,0.08159497710695918,500003000.0,1.1897538039967062,9.485681854410295e-06,9.353317705488323e-06,1.2096657865795474e-08,3.249451683458484e-07,0.0017875857458047192,3.739487673824102e-12,6.838879957602216e-06,3.897424924371981e-13,0.017012140297050508,-0.0329878597029495,1
243.0,265.46140088435436,344.12345873615453,0.0029865782632245053,0.08176962763982581,500003000.0,1.1972470741564476,9.49171820198021e-06,9.51314494652988e-06,1.2072695139829126e-08,3.1965448208311435e-07,0.0017910005842448858,3.959260444517098e-12,6.834022119725413e-06,3.9910944927395225e-13,0.017000056149641504,-0.032999943850358496,1
243.5,265.4449009124292,343.6837643653007,0.0029854659426899054,0.08194437881112486,500003000.0,1.2047753784997748,9.497742608292646e-06,9.670460437782796e-06,1.2048812624871662e-08,3.1463098250583354e-07,0.001794413000635002,4.18509659324451e-12,6.829163594328481e-06,4.0848966649086637e-13,0.016987970292020812,-0.03301202970797919,1
244.0,265.42839489757523,343.24441180618254,0.002984359447670036,0.08211923063666669,500003000.0,1.2123387041763765,9.503755113219805e-06,9.825386946864599e-06,1.2025009854317717e-08,3.09853018163604e-07,0.0017978229946003343,4.417035645907697e-12,6.824304383532364e-06,4.178863897031977e-13,0.01697588272947357,-0.03302411727052643,1
244.5,265.41188283893996,342.80540107256934,0.0029832587508341096,0.08229418313246196,500003000.0,1.2199370356203563,9.50975575640245e-06,9.978037604590938e-06,1.2001286365291629e-08,3.0530131545267936e-07,0.0018012305657674167,4.655118814231196e-12,6.819444489456201e-06,4.2730262819997633e-13,0.01696379346727975,-0.033036206532720255,1
245.0,265.3953647356736,342.3667321780571,0.00298216382505681,0.08246923631469696,500003000.0,1.2275703545240433,9.51574457725177e-06,1.0128516930981778e-05,1.1977641698642854e-08,3.0095865278167906e-07,0.0018046357137640578,4.899388878164594e-12,6.814583914236326e-06,4.3674117926849257e-13,0.01695170251076151,-0.033048297489238494,1
245.5,265.37884058692896,341.9284051360678,0.0029810746434143632,0.08264439019975134,500003000.0,1.2352386398120099,9.52172161495122e-06,1.027692172485555e-05,1.1954075398900176e-08,2.968095877475431e-07,0.0018080384382193442,5.1498900805035444e-12,6.809722660021652e-06,4.4620464940660137e-13,0.016939609865271744,-0.03306039013472826,1
246.0,265.36231039186157,341.49041995984743,0.0029799911791921147,0.08281964480420069,500003000.0,1.2429418676153408,9.527686908458356e-06,1.0423341838562151e-05,1.1930587014272277e-08,2.928402274132041e-07,0.0018114387387636582,5.4066680320925645e-12,6.804860728995243e-06,4.556954728880198e-13,0.01692751553624784,-0.03307248446375216,1
246.5,265.3457741496297,341.0527766624661,0.002978913405866049,0.08299500014479244,500003000.0,1.250680011246022,9.533640496506628e-06,1.0567860855490883e-05,1.190717609654445e-08,2.89038033857462e-07,0.0018148366150286725,5.669769626226938e-12,6.799998123336418e-06,4.652159280668167e-13,0.0169154195291174,-0.0330845804708826,1
247.0,265.3292318593942,340.61547525681635,0.0029778412971154995,0.0831704562384581,500003000.0,1.2584530411717056,9.539582417607179e-06,1.0710556684873606e-05,1.1883842201100493e-08,2.853916587654467e-07,0.001818232066647362,5.939242961082877e-12,6.795134845253929e-06,4.747681517436781e-13,0.016903321849380863,-0.03309667815061914,1
247.5,265.3126835203189,340.1785157556127,0.0029767748268116298,0.08334601310231936,500003000.0,1.2662609249906178,9.545512710050603e-06,1.0851502085906302e-05,1.186058488684806e-08,2.8189080206539035e-07,0.001821625093254008,6.215137269176454e-12,6.790270896963838e-06,4.843541518634819e-13,0.01689122250255648,-0.03310877749744352,1
248.0,265.2961291315702,339.7418981713904,0.0029757139690221113,0.08352167075367412,500003000.0,1.2741036274068094,9.551431411908707e-06,1.0990765131198137e-05,1.183740371620906e-08,2.785260905836701e-07,0.0018250156944842064,6.4975028529977055e-12,6.7854062807042945e-06,4.939758187711568e-13,0.016879121494217122,-0.03312087850578288,1
248.5,265.2795686923173,339.3056225165044,0.002974658698007263,0.08369742920999451,500003000.0,1.2819811102056224,9.557338561036245e-06,1.1128409617923e-05,1.1814298255076307e-08,2.752889734497267e-07,0.0018284038699748757,6.786391026085252e-12,6.780540998730774e-06,5.036349352176695e-13,0.016867018829978448,-0.03313298117002156,1
249.0,265.26300220173226,338.86968880312827,0.0029736089882180083,0.0838732884889246,500003000.0,1.2898933322294706,9.563234195072635e-06,1.1264495433714698e-05,1.1791268072777761e-08,2.7217163158339635e-07,0.0018317896193642627,7.08185405890871e-12,6.775675053315426e-06,5.133331852786918e-13,0.016854914515497324,-0.03314508548450268,1
249.5,265.24642965899,338.4340970432543,0.0029725648142868966,0.08404924860828232,500003000.0,1.297840249353852,9.569118351443642e-06,1.1399078883252686e-05,1.176831274201374e-08,2.6916689907597853e-07,0.0018351729422919395,7.383945129010183e-12,6.770808446730582e-06,5.230721623243256e-13,0.016842808556430812,-0.03315719144356919,1
250.0,265.2298510632682,337.9988472486918,0.002971526151039313,0.08422530958605694,500003000.0,1.305821814463781,9.57499106736308e-06,1.1532212980582634e-05,1.1745431838874427e-08,2.662681946598938e-07,0.00183855383839882,7.692718274929681e-12,6.765941181278211e-06,5.328533761581325e-13,0.01683070095850945,-0.03316929904149055,1
250.5,265.2132664137475,337.5639394310664,0.002970492973481789,0.08440147144039398,500003000.0,1.3138379774304223,9.580852379834463e-06,1.1663947711468072e-05,1.1722624942766917e-08,2.634694617708769e-07,0.001841932307327159,8.008228353497972e-12,6.76107325926714e-06,5.426782594266678e-13,0.016818591727480632,-0.03318140827251937,1
251.0,265.1966757096112,337.12937360181826,0.0029694652568128988,0.08457773418963921,500003000.0,1.3218886850881613,9.586702325652679e-06,1.1794330269446722e-05,1.1699891636431892e-08,2.607651159573e-07,0.00184530834872057,8.330531000135405e-12,6.756204683041684e-06,5.525481733872361e-13,0.016806480869179834,-0.033193519130820165,1
251.5,265.1800789500458,336.6951497722027,0.0029684429764008416,0.08475409785226413,500003000.0,1.3299738812118442,9.592540941405593e-06,1.192340526874392e-05,1.167723150582923e-08,2.5814999859439744e-07,0.001848681962224017,8.659682591836303e-12,6.751335454934409e-06,5.624644131078764e-13,0.016794368389413103,-0.0332056316105869,1
252.0,265.1634761342405,336.26126795328815,0.0029674261078012445,0.08493056244691906,500003000.0,1.338093506494561,9.598368263475685e-06,1.2051214936758572e-05,1.165464414018251e-08,2.5561933602930515e-07,0.0018520531474838292,8.995740212561445e-12,6.746465577310363e-06,5.72428212166359e-13,0.016782254294067125,-0.033217745705932875,1
252.5,265.14686726138757,335.82772815595644,0.00296641462674094,0.08510712799241868,500003000.0,1.3462474985256194,9.60418432804163e-06,1.2177799288467922e-05,1.1632129131889825e-08,2.531687034187006e-07,0.0018554219041476982,9.338761620789292e-12,6.741595052533871e-06,5.824407469033748e-13,0.01677013858902662,-0.03322986141097338,1
253.0,265.1302523306821,335.39453039090006,0.0029654085091344626,0.08528379450773055,500003000.0,1.3544357917690553,9.609989171079913e-06,1.2303196284785387e-05,1.1609686076563375e-08,2.5079399263493273e-07,0.0018587882318646992,9.688805219009642e-12,6.736723883009672e-06,5.925031402796938e-13,0.0167580212802767,-0.0332419787197233,1
253.5,265.1136313413222,334.96167466862323,0.0029644077310589235,0.0854605620119812,500003000.0,1.3626583175423277,9.615782828366365e-06,1.2427441976640545e-05,1.15873145729062e-08,2.4849138371031416e-07,0.0018621521302852795,1.0045930024963768e-11,6.731852071129421e-06,6.026164653802048e-13,0.01674590237376977,-0.03325409762623023,1
254.0,265.0970042925091,334.5291609994399,0.0029634122687720163,0.08563743052445229,500003000.0,1.3709150039955729,9.621565335477745e-06,1.2550570636324234e-05,1.1565014222758241e-08,2.4625731936737947e-07,0.0018655135990612772,1.0410195644461389e-11,6.726979619316173e-06,6.127817486024313e-13,0.016733781875536223,-0.03326621812446378,1
254.5,265.08037118344686,334.0969893934735,0.0029624220986994164,0.08581440006457255,500003000.0,1.3792057760911796,9.627336727793257e-06,1.267261487744844e-05,1.15427846310228e-08,2.4408848224840936e-07,0.0018688726378459166,1.0781662245619569e-11,6.722106529999252e-06,6.229999725624421e-13,0.01672165979162194,-0.03327834020837806,1
255.0,265.06373201334264,333.6651598606555,0.0029614371974402143,0.08599147065192964,500003000.0,1.387530555583803,9.633097040496089e-06,1.279360576470467e-05,1.1520625405663827e-08,2.419817745124598e-07,0.0018722292462938245,1.1160390534387542e-11,6.717232805630086e-06,6.332720787474175e-13,0.016709536128127644,-0.03329046387187236,1
255.5,265.04708678140673,333.23367241072566,0.0029604575417538806,0.08616864230625303,500003000.0,1.3958892610007463,9.638846308574905e-06,1.2913572914461743e-05,1.149853615763155e-08,2.399342995141457e-07,0.0018755834240610212,1.154644173123446e-11,6.71235844865607e-06,6.435989699400974e-13,0.016697410891143936,-0.03330258910885607,1
256.0,265.0304354868523,332.8025270532292,0.0029594831085824683,0.08634591504743501,500003000.0,1.404281807622953,9.644584566825367e-06,1.303254458712064e-05,1.1476516500925313e-08,2.3794334531779465e-07,0.0018789351708049479,1.1939877548892365e-11,6.707483461574282e-06,6.53981512438308e-13,0.016685284086884883,-0.03331471591311512,1
256.5,265.01377812889575,332.3717237975181,0.0029585138750171697,0.08652328889549066,500003000.0,1.4127081074661567,9.650311849851586e-06,1.3150547772037264e-05,1.1454566052440618e-08,2.360063698332482e-07,0.0018822844861844518,1.2340760171052119e-11,6.702607846859054e-06,6.644205380887062e-13,0.0166731557215079,-0.0333268442784921,1
257.0,264.9971147067565,331.94126265274906,0.0029575498183215185,0.0867007638706058,500003000.0,1.4211680692627773,9.656028192067604e-06,1.3267608265731464e-05,1.1432684432036373e-08,2.341209873883993e-07,0.0018856313698598014,1.274915223192864e-11,6.697731607017862e-06,6.749168461538659e-13,0.016661025801252734,-0.03333897419874727,1
257.5,264.98044521965716,331.5111436278829,0.0029565909159208655,0.08687833999308532,500003000.0,1.429661598444114,9.66173362769884e-06,1.3383750744019806e-05,1.141087126247141e-08,2.3228495657668318e-07,0.001888975821492693,1.3165116796611716e-11,6.692854744570745e-06,6.854712050269613e-13,0.016648894332390307,-0.033351105667609696,1
258.0,264.96376966682334,331.0813667316837,0.0029556371454012415,0.08705601728338716,500003000.0,1.4381885971230748,9.667428190783529e-06,1.3498998828639439e-05,1.1389126169377816e-08,2.3049616923926754e-07,0.0018923178407462525,1.3588717342132533e-11,6.687977262050993e-06,6.960843538096161e-13,0.01663676132122442,-0.03336323867877558,1
258.5,264.94708804748393,330.6519319727184,0.002954688484504588,0.08723379576210866,500003000.0,1.4467489640773714,9.67311191517414e-06,1.361337514886868e-05,1.136744878122051e-08,2.2875264045848186e-07,0.001895657427285041,1.4020017739179999e-11,6.683099161997554e-06,7.067570037645005e-13,0.016624626774072872,-0.03337537322592713,1
259.0,264.930400360871,330.2228393593561,0.0029537449111308573,0.08741167544997412,500003000.0,1.4553425947332412,9.678784834538782e-06,1.3726901398596017e-05,1.1345838729283603e-08,2.270524994546738e-07,0.001898994580775057,1.4459082234408543e-11,6.678220446962965e-06,7.174898396543254e-13,0.01661249069728718,-0.03338750930271282,1
259.5,264.91370660621965,329.79408889976656,0.002952806403342037,0.08758965636785807,500003000.0,1.4639693811497168,9.684446982362614e-06,1.3839598389241873e-05,1.1324295647664178e-08,2.253939812917126e-07,0.0019023293008837493,1.4905975433284255e-11,6.673341119525558e-06,7.282835209776149e-13,0.01660035309728298,-0.033399646902717024,1
260.0,264.8970067827683,329.3656806019192,0.002951872939356328,0.08776773853675984,500003000.0,1.4726292120033568,9.690098391949228e-06,1.3951486098895566e-05,1.1302819173228542e-08,2.2377541930738372e-07,0.0019056615872800238,1.5360762283419807e-11,6.66846118227939e-06,7.391386831096272e-13,0.01658821398051493,-0.03341178601948507,1
260.5,264.8803008897586,328.9376144735836,0.002950944497536365,0.08794592197781208,500003000.0,1.481321972573487,9.695739096422002e-06,1.4062583717993138e-05,1.1281408945546128e-08,2.2219523819514281e-07,0.0019089914396342388,1.582350805835467e-11,6.66358063781072e-06,7.500559383572434e-13,0.01657607335341824,-0.03342392664658177,1
261.0,264.8635889264353,328.5098905223271,0.0029500210564091453,0.08812420671228362,500003000.0,1.4900475447281305,9.701369128725474e-06,1.4172909691829094e-05,1.1260064606944853e-08,2.2065194767191114e-07,0.001912318857618221,1.6294278341742368e-11,6.6586994887459905e-06,7.610358769349549e-13,0.016563931222528014,-0.03343606877747199,1
261.5,264.8468708920465,328.0825087555155,0.002949102594641397,0.08830259276157058,500003000.0,1.4988058069102914,9.706988521626673e-06,1.4282481760166148e-05,1.1238785802396455e-08,2.1914413667410724e-07,0.001915643840905262,1.677313901190466e-11,6.653817737699275e-06,7.720790678683579e-13,0.016551787594348524,-0.033448212405651476,1
262.0,264.8301467858437,327.65546918031185,0.002948189091053773,0.08848108014718367,500003000.0,1.5075966341249816,9.712597307716447e-06,1.4391316994181458e-05,1.1217572179550328e-08,2.1767046803061978e-07,0.001918966389170124,1.726015622672349e-11,6.648935387307228e-06,7.83186059831394e-13,0.016539642475440163,-0.033460357524559836,1
262.5,264.8134166070814,327.2287718036757,0.0029472805246143945,0.08865966889078164,500003000.0,1.5164198979267383,9.718195519410792e-06,1.4499431830965056e-05,1.1196423388688789e-08,2.162296735671938e-07,0.0019222865020890492,1.7755396408837834e-11,6.644052440217472e-06,7.943573819230676e-13,0.016527495872390545,-0.03347250412760946,1
263.0,264.7966803550176,326.80241663236126,0.002946376874447725,0.0888383590141354,500003000.0,1.525275466407818,9.723783188952163e-06,1.4606842105765696e-05,1.1175339082740717e-08,2.1482054960127912e-07,0.0019256041793397698,1.8258926231119434e-11,6.639168899111433e-06,8.055935443876715e-13,0.016515347791871332,-0.03348465220812867,1
263.5,264.77993802891353,326.3764036729182,0.0029454781198100938,0.08901715053914624,500003000.0,1.5341632041867843,9.729360348410748e-06,1.4713563082161357e-05,1.1154318917169053e-08,2.134419527913208e-07,0.0019289194206015016,1.8770812602399086e-11,6.634284766652092e-06,8.168950392838757e-13,0.016503198240508228,-0.033496801759491775,1
264.0,264.7631896280338,325.9507329316899,0.0029445842401112574,0.08919604348781916,500003000.0,1.54308297239797,9.734927029685765e-06,1.4819609480315251e-05,1.1133362550033135e-08,2.1209279630778805e-07,0.0019322322255549585,1.929112265342569e-11,6.629400045535364e-06,8.282623411061437e-13,0.01649104722500884,-0.03350895277499116,1
264.5,264.74643515164627,325.52540441481307,0.0029436952149024687,0.0893750378822993,500003000.0,1.5520346286813846,9.740483264506727e-06,1.4924995503463804e-05,1.1112469641924162e-08,2.1077204629710378e-07,0.001935542593882353,1.9819923723032124e-11,6.624514738466016e-06,8.396959073628823e-13,0.016478894752102728,-0.033521105247897275,1
265.0,264.7296745990223,325.1004181282173,0.002942811023872521,0.089554133744846,500003000.0,1.5610180271732768,9.746029084434693e-06,1.5029734862769851e-05,1.1091639855931331e-08,2.0947871861209465e-07,0.001938850525267401,2.035728334449071e-11,6.6196288481515475e-06,8.511961791137057e-13,0.016466740828526213,-0.03353325917147379,1
265.5,264.71290796943657,324.675774077624,0.0029419316468550097,0.08973333109782938,500003000.0,1.5700330184974018,9.751564520863517e-06,1.5133840800662706e-05,1.107087285765041e-08,2.082118757857115e-07,0.0019421560193953274,2.0903269232041323e-11,6.614742377321249e-06,8.627635814696466e-13,0.016454585461069763,-0.03354541453893024,1
266.0,264.6961352621671,324.2514722685452,0.0029410570638254436,0.08991262996374165,500003000.0,1.5790794497569065,9.757089605021094e-06,1.5237326112776157e-05,1.1050168315154125e-08,2.069706242269015e-07,0.0019454590759528767,2.1457949267574867e-11,6.609855328722389e-06,8.743985240590218e-13,0.016442428656568548,-0.03355757134343146,1
266.5,264.6793564764954,323.8275127062838,0.002940187254891281,0.0900920303651832,500003000.0,1.5881571645268167,9.762604367970561e-06,1.534020316858592e-05,1.1029525898936348e-08,2.0575411161952896e-07,0.001948759694628309,2.2021391487456844e-11,6.604967705100503e-06,8.86101401461141e-13,0.01643027042185336,-0.03356972957814664,1
267.0,264.6625716117063,323.4038953959316,0.0029393222003050003,0.09027153232487514,500003000.0,1.5972660028473118,9.768108840611534e-06,1.544248393083957e-05,1.1008945281942955e-08,2.0456152450730023e-07,0.001952057875111416,2.2593664069480055e-11,6.600079509231397e-06,8.978725936107959e-13,0.016418110763830273,-0.033581889236169726,1
267.5,264.6457806670882,322.98062034237006,0.0029384618804452886,0.09045113586564091,500003000.0,1.60640580121753,9.773603053681276e-06,1.55441799738641e-05,1.0988426139483303e-08,2.033920860490573e-07,0.001955353617093512,2.31748353199303e-11,6.595190743881501e-06,9.097124661750019e-13,0.016405949689381975,-0.03359405031061803,1
268.0,264.6289836419329,322.55768755026867,0.0029376062758313427,0.09063084101041982,500003000.0,1.615576392590215,9.77908703775591e-06,1.5645302500829368e-05,1.0967968149266053e-08,2.0224505393054296e-07,0.0019586469202674487,2.3764973660758057e-11,6.590301411842584e-06,9.216213709047476e-13,0.016393787205454157,-0.03360621279454584,1
268.5,264.61218053553563,322.13509702408425,0.002936755367116204,0.09081064778226272,500003000.0,1.6247776063669668,9.784560823251588e-06,1.5745862360039273e-05,1.0947570991356527e-08,2.0111971841981086e-07,0.0019619377843276184,2.436414761684258e-11,6.58541151591932e-06,9.33599645962966e-13,0.016381623319024572,-0.033618376680975434,1
269.0,264.59537134719517,321.71284876806084,0.0029359091350807404,0.09099055620431734,500003000.0,1.6340092683942005,9.790024440425655e-06,1.5845870060316652e-05,1.092723434813692e-08,2.0001540055475957e-07,0.0019652262089699564,2.4972425803339903e-11,6.580521058918337e-06,9.45647616230528e-13,0.01636945803707581,-0.03363054196292419,1
269.5,264.5785560762137,321.2909427862278,0.0029350675606460617,0.09117056629985625,500003000.0,1.6432712009599169,9.795477919377823e-06,1.5945335785542862e-05,1.090695790433524e-08,1.9893145045241863e-07,0.001968512193891953,2.558987691310823e-11,6.575630043678525e-06,9.577655935923905e-13,0.01635729136667065,-0.033642708633329355,1
270.0,264.56173472189704,320.8693790824001,0.0029342306248554308,0.09135067809223264,500003000.0,1.6525632227910396,9.800921290051293e-06,1.6044269408407967e-05,1.0886741346940973e-08,1.9786724573021087e-07,0.001971795738792651,2.6216569704198415e-11,6.570738473032967e-06,9.699538772040407e-13,0.016345123314857418,-0.03365487668514258,1
270.5,264.5449072835545,320.4481576601782,0.0029333983088779317,0.09153089160491559,500003000.0,1.6618851490515796,9.806354582233894e-06,1.614268050342338e-05,1.0866584365202066e-08,1.9682219003082635e-07,0.0019750768433726474,2.6852572987406888e-11,6.565846349819647e-06,9.82212753741215e-13,0.01633295388869658,-0.033667046111303424,1
271.0,264.52807376049884,320.0272785229455,0.0029325705940234136,0.09171120686148136,500003000.0,1.671236791341638,9.811777825559226e-06,1.6240578359244645e-05,1.0846486650663472e-08,1.9579571164253246e-07,0.001978355507334112,2.7497955613884467e-11,6.5609536769172575e-06,9.945424976328906e-13,0.016320783095349834,-0.03367921690465017,1
271.5,264.51123415204654,319.6067416738696,0.002931747461714149,0.09189162388559127,500003000.0,1.6806179576969038,9.817191049507748e-06,1.6337971990348526e-05,1.0826447897045793e-08,1.9478726220776139e-07,0.001981631730380776,2.8152786462789484e-11,6.556060457184211e-06,1.0069433712787583e-12,0.016308610941928398,-0.033691389058071605,1
272.0,264.4943884575175,319.1865471159,0.002930928893509729,0.09207214270102765,500003000.0,1.6900284525891995,9.822594283407909e-06,1.6434870148105285e-05,1.0806467800321028e-08,1.93796315513518e-07,0.0019849055122179516,2.881713442898913e-11,6.551166693516662e-06,1.0194156252532986e-12,0.016296437435637353,-0.033703562564362646,1
272.5,264.47753667623533,318.7666948517685,0.002930114871087758,0.0922527633316576,500003000.0,1.6994680769275659,9.827987556437221e-06,1.6531281331283937e-05,1.0786546058625112e-08,1.9282236635730376e-07,0.001988176852552527,2.949106841079559e-11,6.54627238880768e-06,1.0319594984957667e-12,0.01628426258367405,-0.033715737416325955,1
273.0,264.4606788075272,318.3471848839885,0.0029293053762475076,0.09243348580142974,500003000.0,1.708936628060218,9.83337089762335e-06,1.662721379602556e-05,1.0766682372255568e-08,1.918649294832437e-07,0.0019914457510929713,3.0174657297738134e-11,6.541377545957754e-06,1.0445752184882784e-12,0.016272086393254285,-0.03372791360674572,1
273.5,264.4438148507238,317.92801721485347,0.002928500390919535,0.09261431013442263,500003000.0,1.7184338997773456,9.838744335845196e-06,1.672267556531725e-05,1.0746876443690997e-08,1.909235385833788e-07,0.0019947122075493454,3.086796995836728e-11,6.53648216789853e-06,1.0572630014230217e-12,0.016259908871671315,-0.03374009112832869,1
274.0,264.4269448051596,317.5091918464369,0.00292769989714805,0.09279523635479277,500003000.0,1.7279596823145438,9.84410789983395e-06,1.6817674437996836e-05,1.0727127977510678e-08,1.8999774535917445e-07,0.0019979762216333027,3.1571075228083345e-11,6.53158625755571e-06,1.070023052357624e-12,0.01624773002620359,-0.03375226997379641,1
274.5,264.41006867017273,317.0907087805925,0.0029269038770952686,0.09297626448677003,500003000.0,1.7375137623571302,9.849461618174148e-06,1.691221799731647e-05,1.0707436680395257e-08,1.8908711863926933e-07,0.0020012377930580896,3.2284041896990963e-11,6.526689817861038e-06,1.0828555653611072e-12,0.016235549864144543,-0.03376445013585546,1
275.0,264.3931864451048,316.6725680189514,0.002926112313054823,0.09315739455471171,500003000.0,1.7470959230453662,9.854805519304729e-06,1.7006313619091247e-05,1.0687802261160412e-08,1.881912435495536e-07,0.0020044969215385617,3.300693869777774e-11,6.521792851784373e-06,1.095760723651279e-12,0.01622336839288241,-0.033776631607117594,1
275.5,264.37629812930123,316.25476956292357,0.0029253251874257554,0.09333862658304103,500003000.0,1.7567059439802237,9.860139631520053e-06,1.7099968479457062e-05,1.0668224430646676e-08,1.8730972073162721e-07,0.0020077536067911756,3.373983429360746e-11,6.516895362277927e-06,1.1087386997220334e-12,0.016211185619761485,-0.03378881438023852,1
276.0,264.3594037221111,315.83731341369577,0.002924542482734538,0.09351996059627715,500003000.0,1.7663436012302616,9.865463982970945e-06,1.719318956226042e-05,1.0648702901784913e-08,1.864421656067139e-07,0.0020110078485340043,3.448279726603688e-11,6.511997352327476e-06,1.1217896554637798e-12,0.016199001552209526,-0.03380099844779048,1
276.5,264.3425032228872,315.4201995722321,0.0029237641816140334,0.09370139661902734,500003000.0,1.776008667339057,9.870778601665697e-06,1.7285983666101276e-05,1.0629237389504838e-08,1.8558820768171064e-07,0.002014259646486731,3.523589610294377e-11,6.507098824907675e-06,1.1349137422757751e-12,0.016186816197626602,-0.0338131838023734,1
277.0,264.325596630986,315.0034280392719,0.0029229902668250385,0.09388293467599951,500003000.0,1.7857009113337285,9.876083515471096e-06,1.7378357411048605e-05,1.0609827610798737e-08,1.8474748989465553e-07,0.0020175090003706673,3.5999199186475314e-11,6.502199783032096e-06,1.1481111011718571e-12,0.01617462956350955,-0.03382537043649045,1
277.5,264.30868394576777,314.58699881533073,0.0029222207212295623,0.09406457479195406,500003000.0,1.7954200987339957,9.881378752113402e-06,1.747031724504703e-05,1.0590473284609906e-08,1.8391966799684812e-07,0.0020207559099087447,3.6772774781004436e-11,6.497300229695884e-06,1.1613818628787582e-12,0.016162441657309363,-0.03383755834269064,1
278.0,264.2917651665964,314.17091190069823,0.0029214555278142046,0.09424631699177759,500003000.0,1.8051659915623672,9.886664339179353e-06,1.7561869450031804e-05,1.0571174131903172e-08,1.8310440996954848e-07,0.0020240003748255263,3.7556691021105946e-11,6.4924001679298196e-06,1.1747261479299617e-12,0.016150252486565625,-0.03384974751343438,1
278.5,264.2748402928397,313.7551672954391,0.0029206946696667922,0.09442816130040133,500003000.0,1.8149383483549069,9.891940304117136e-06,1.7653020147768055e-05,1.0551929875566095e-08,1.8230139547250342e-07,0.0020272423948472073,3.8351015899539736e-11,6.48749960075045e-06,1.1881440667519236e-12,0.0161380620587825,-0.0338619379412175,1
279.0,264.2579093238691,313.33976499939064,0.002919938129999636,0.0946101077428702,500003000.0,1.824736924173114,9.897206674237376e-06,1.7743775305429455e-05,1.053274024047901e-08,1.815103153228014e-07,0.0020304819697016243,3.915581725525252e-11,6.482598531213752e-06,1.2016357197469912e-12,0.0161258703815622,-0.033874129618437804,1
279.5,264.2409722590599,312.92470501216343,0.002919185892127747,0.0947921563442998,500003000.0,1.8345614706163837,9.902463476714087e-06,1.7834140740930282e-05,1.0513604953422436e-08,1.8073087100165157e-07,0.002033719099118259,3.997116276138658e-11,6.47769696236878e-06,1.2152011973699415e-12,0.016113677462489696,-0.03388632253751031,1
280.0,264.2240290977912,312.50998733314054,0.0029184379394746216,0.09497430712987151,500003000.0,1.8444117358354897,9.907710738585629e-06,1.7924122128024077e-05,1.0494523743084334e-08,1.7996277418759232e-07,0.0020369537828282347,4.0797119913304604e-11,6.472794897272507e-06,1.2288405802005424e-12,0.016101483309169624,-0.03389851669083038,1
280.5,264.2070798394458,312.09561196147644,0.0029176942555780854,0.09515656012486508,500003000.0,1.854287464546924,9.912948486755663e-06,1.8013725001181315e-05,1.0475496340067486e-08,1.792057463144735e-07,0.0020401860205643335,4.1633756016628184e-11,6.467892339004739e-06,1.2425539390123819e-12,0.016089287929263396,-0.03391071207073661,1
281.0,264.1901244834104,311.6815788960961,0.0029169548240848236,0.09533891535463214,500003000.0,1.864188398048027,9.918176747994091e-06,1.810295476025757e-05,1.0456522476856275e-08,1.784595181525098e-07,0.0020434158120609955,4.248113817528823e-11,6.462989290657894e-06,1.256341334837031e-12,0.01607709133046376,-0.03392290866953625,1
281.5,264.1731630290756,311.26788813569635,0.002916219628734964,0.09552137284459832,500003000.0,1.8741142742329233,9.923395548937965e-06,1.8191816674963142e-05,1.0437601887748306e-08,1.7772382941114246e-07,0.0020466431570543126,4.3339333279588726e-11,6.4580857553048405e-06,1.2702028190249253e-12,0.016064893520414816,-0.033935106479585184,1
282.0,264.15619547583583,310.8545396787428,0.0029154886533922456,0.09570393262026292,500003000.0,1.884064827609579,9.92860491609244e-06,1.8280315889144308e-05,1.0418734308949221e-08,1.7699842836232964e-07,0.0020498680552820487,4.4208407994291446e-11,6.4531817360675595e-06,1.2841384333030545e-12,0.016052694506882802,-0.0339473054931172,1
282.5,264.13922182308926,310.44153352347064,0.0029147618820165337,0.09588659470721363,500003000.0,1.8940397893174366,9.933804875831672e-06,1.836845742488584e-05,1.0399919478461222e-08,1.7628307148306436e-07,0.0020530905064836376,4.508842874671081e-11,6.448277236058168e-06,1.298148209829581e-12,0.016040494297609398,-0.033959505702390605,1
283.0,264.1222420702381,310.028869667884,0.002914039298670335,0.09606935913109524,500003000.0,1.904038887146049,9.938995454399719e-06,1.8456246186443773e-05,1.0381157136093655e-08,1.75577523115871e-07,0.002056310510400182,4.5979461714829e-11,6.443372258395258e-06,1.3122321712451473e-12,0.016028292900352355,-0.03397170709964765,1
283.5,264.10525621668825,309.61654810975415,0.0029133208875312734,0.09625222591763559,500003000.0,1.914061845554687,9.944176677911465e-06,1.8543686964016967e-05,1.0362447023494536e-08,1.7488155514639026e-07,0.002059528066774472,4.688157281543261e-11,6.438466806233245e-06,1.3263903307223813e-12,0.016016090322958518,-0.033983909677041485,1
284.0,264.0882642618497,309.20456884662053,0.0029126066328655294,0.09643519509262957,500003000.0,1.9241083856925532,9.949348572353487e-06,1.863078443736541e-05,1.0343788884043443e-08,1.741949466968844e-07,0.002062743175350976,4.7794827692263414e-11,6.4335608827055495e-06,1.3406226920123065e-12,0.01600388657322247,-0.03399611342677753,1
284.5,264.07126620513634,308.7929318757898,0.002911896519044493,0.09661826668193478,500003000.0,1.9341782254201036,9.954511163584936e-06,1.8717543179282823e-05,1.0325182462898365e-08,1.735174838348298e-07,0.0020659558358758438,4.871929170419645e-11,6.428654490963177e-06,1.354929249488902e-12,0.015991681658982522,-0.03400831834101748,1
285.0,264.05426204596586,308.38163719433425,0.0029111905305489747,0.09680144071149745,500003000.0,1.9442710793312439,9.959664477338435e-06,1.8803967658930702e-05,1.0306627506998082e-08,1.7284895929575786e-07,0.0020691660480969235,4.965502991344234e-11,6.423747634185768e-06,1.369309988192083e-12,0.015979475588148186,-0.03402052441185181,1
285.5,264.0372517837599,307.9706847990915,0.0029104886519567682,0.09698471720732531,500003000.0,1.9543866587762366,9.964808539220937e-06,1.8890062245040397e-05,1.0288123765005792e-08,1.7218917221939273e-07,0.0020723738117637627,5.0602107073770914e-11,6.418840315555919e-06,1.3837648838680773e-12,0.015967268368636295,-0.03403273163136371,1
286.0,264.02023541794426,307.56007468666513,0.0029097908679358566,0.09716809619548689,500003000.0,1.9645246718855418,9.969943374714574e-06,1.8975831208989632e-05,1.0269670987273154e-08,1.715379278984675e-07,0.0020755791266276013,5.1560587618763536e-11,6.413932538245976e-06,1.398293903008585e-12,0.01595506000833817,-0.03404493999166183,1
286.5,264.00321294794844,307.1498068534229,0.002909097163263949,0.09735157770212134,500003000.0,1.9746848235946781,9.975069009177523e-06,1.906127872775937e-05,1.0251268925897253e-08,1.708950375394789e-07,0.002078781992441387,5.253053565009889e-11,6.409024305462803e-06,1.4128970028887213e-12,0.01594285051523096,-0.03405714948476904,1
287.0,263.9861843732061,306.7398812954965,0.0029084075228109677,0.09753516175342565,500003000.0,1.984866815669747,9.980185467844847e-06,1.9146408886776704e-05,1.0232917334646925e-08,1.7026031803466467e-07,0.002081982408959774,5.351201492586495e-11,6.404115620410926e-06,1.427574131603222e-12,0.015930639897285975,-0.034069360102714025,1
287.5,263.9691496931547,306.3302980087807,0.0029077219315493366,0.0977188483756806,500003000.0,1.9950703467340003,9.98529277582934e-06,1.9231225682649048e-05,1.0214615968987191e-08,1.6963359174468463e-07,0.0020851803759391347,5.450508884890942e-11,6.399206486316841e-06,1.4423252281021644e-12,0.01591842816252915,-0.03408157183747085,1
288.0,263.952108907236,305.9210569889342,0.002907040374533936,0.09790263759520307,500003000.0,2.005295112295076,9.99039095812234e-06,1.9315733025794666e-05,1.0196364585997322e-08,1.6901468629123696e-07,0.0020883758931375465,5.5509820455220475e-11,6.394296906386631e-06,1.4571502222245058e-12,0.01590621531893563,-0.034093784681064374,1
288.5,263.93506201489544,305.5121582313765,0.002906362836936447,0.09808652943840604,500003000.0,2.015540804773442,9.995480039594579e-06,1.939993474297435e-05,1.0178162944479746e-08,1.6840343435936603e-07,0.002091568960314822,5.652627240235576e-11,6.389386883883112e-06,1.472049034732521e-12,0.015894001374621634,-0.03410599862537837,1
289.0,263.91800901558275,305.10360173129,0.0029056893040027222,0.09827052393173051,500003000.0,2.0258071135312634,1.0000560044996978e-05,1.948383457972863e-05,1.0160010804799252e-08,1.6779967350855963e-07,0.0020947595772324887,5.755450695789988e-11,6.384476422033791e-06,1.4870215773433602e-12,0.015881786337615552,-0.03411821366238445,1
289.5,263.90094990875156,304.6953874836175,0.0029050197610871534,0.0984546211017005,500003000.0,2.0360937249025444,1.0005630998961474e-05,1.9567436202724915e-05,1.0141907928992053e-08,1.6720324599257068e-07,0.002097947743653809,5.859458598797692e-11,6.379565524107975e-06,1.5020677527620409e-12,0.0158695702160497,-0.034130429783950304,1
290.0,263.88388469385956,304.28751548306246,0.00290435419363088,0.09863882097489542,500003000.0,2.0464003222238523,1.0010692926001814e-05,1.9650743202018502e-05,1.0123854080678378e-08,1.6661399858717325e-07,0.002101133459343778,5.964657094580111e-11,6.37465419337053e-06,1.5171874547125456e-12,0.015857353018045344,-0.034142646981954655,1
290.5,263.86681337036856,303.8799857240888,0.0029036925871655313,0.09882312357794944,500003000.0,2.056726585866009,1.0015745850514347e-05,1.973375909323131e-05,1.0105849025064594e-08,1.6603178242561157e-07,0.002104316724069125,6.071052286027964e-11,6.3697424330916924e-06,1.5323805679689994e-12,0.015845134751737076,-0.03415486524826293,1
291.0,263.8497359377444,303.47279820091967,0.0029030349273187,0.09900752893754515,500003000.0,2.067072193266662,1.0020789796778822e-05,1.9816487319651952e-05,1.0087892528951301e-08,1.6545645284128873e-07,0.002107497537598323,6.178650232466721e-11,6.364830246560648e-06,1.5476469683864788e-12,0.015832915425306595,-0.034167084574693404,1
291.5,263.83265239545705,303.0659529075371,0.00290238119980835,0.09919203708045257,500003000.0,2.077436818963639,1.0025824788959173e-05,1.9898931254260654e-05,1.0069984360702997e-08,1.6488786921740261e-07,0.0021106758997015917,6.287456948527365e-11,6.359917637074809e-06,1.562986522932258e-12,0.01582069504695605,-0.03417930495304396,1
292.0,263.81556274298055,302.659449837682,0.002901731390437733,0.09937664803345528,500003000.0,2.0878201346291485,1.0030850851104283e-05,1.9981094201682117e-05,1.00521242902198e-08,1.6432589484292626e-07,0.002113851810150896,6.39747840302276e-11,6.355004607930246e-06,1.5783990897152792e-12,0.015808473624884214,-0.034191526375115786,1
292.5,263.798466979793,302.25328898485213,0.00290108548511218,0.09956136182344019,500003000.0,2.0982218091049534,1.0035868007148776e-05,2.0062979400069636e-05,1.0034312088984918e-08,1.6377039677503814e-07,0.002117025268719963,6.508720517830523e-11,6.350091162459934e-06,1.5938845180181516e-12,0.01579625116738165,-0.034203748832618355,1
293.0,263.78136510537666,301.8474703423032,0.0029004434698115832,0.09974617847730415,500003000.0,2.1086415084381005,1.0040876280913756e-05,2.0144590022923208e-05,1.0016547529958938e-08,1.6322124570714397e-07,0.002120196275184273,6.621189166781237e-11,6.345177303975064e-06,1.6094426483262662e-12,0.015784027682684703,-0.034215972317315296,1
293.5,263.76425711921803,301.4419939030479,0.0028998053306090402,0.09993109802201869,500003000.0,2.119078895917764,1.0045875696107573e-05,2.0225929180844575e-05,9.99883038763398e-09,1.626783158427323e-07,0.0021233648293210645,6.734890174554159e-11,6.340263035807333e-06,1.6250733123596638e-12,0.0157718031790807,-0.03422819682091931,1
294.0,263.7471430208076,301.0368596598546,0.0028991710536699364,0.10011612048461564,500003000.0,2.129533632112791,1.0050866276326584e-05,2.030699992323178e-05,9.981160438020105e-09,1.621414847744124e-07,0.0021265309309093485,6.849829315579432e-11,6.335348361308389e-06,1.6407763331038494e-12,0.015759577664906568,-0.03424042233509343,1
294.5,263.73002280964005,300.6320676052475,0.0028985406252415246,0.10030124589216062,500003000.0,2.140005374910008,1.0055848045055884e-05,2.0387805239915772e-05,9.963537458599187e-09,1.6161063336798218e-07,0.002129694579729904,6.96601231294729e-11,6.330433283828514e-06,1.6565515248406778e-12,0.015747351148495826,-0.034252648851504176,1
295.0,263.7128964852143,300.2276177315061,0.002897914031657816,0.10048647427177942,500003000.0,2.1504937795534267,1.006082102567005e-05,2.046834806274146e-05,9.94596122833174e-09,1.6108564565137585e-07,0.002132855775565283,7.083444837325017e-11,6.325517806728779e-06,1.6723986931804862e-12,0.0157351236382088,-0.03426487636179121,1
295.5,263.6957640470334,299.8235100306645,0.002897291259337653,0.1006718056506427,500003000.0,2.1609984986841875,1.006578524143387e-05,2.054863126709552e-05,9.928431527640291e-09,1.6056640870811508e-07,0.002136014518199816,7.20213250588149e-11,6.320601933378266e-06,1.6883176350939861e-12,0.015722895142425714,-0.03427710485757429,1
296.0,263.6786254946046,299.41974449451146,0.0028966722947829605,0.1008572400559734,500003000.0,2.171519182381328,1.0070740715503067e-05,2.062865767338309e-05,9.910948138393516e-09,1.600528125751403e-07,0.002139170807419611,7.322080881219936e-11,6.315685667151667e-06,1.7043081389450175e-12,0.01571066566954073,-0.034289334330459276,1
296.5,263.6614808274394,299.01632111458866,0.0028960571245857584,0.10104277751504973,500003000.0,2.1820554782033703,1.0075687470925026e-05,2.0708430048455477e-05,9.893510843920406e-09,1.5954475014477464e-07,0.002142324643012566,7.443295470319197e-11,6.310769011445984e-06,1.7203699845238353e-12,0.015698435228003477,-0.03430156477199653,1
297.0,263.6443300450534,298.61323988219084,0.0028954457354199497,0.10122841805518121,500003000.0,2.1926070312306147,1.0080625530639512e-05,2.0787951106990772e-05,9.876119428972392e-09,1.5904211707058892e-07,0.0021454760247683726,7.565781723483442e-11,6.305851969663975e-06,1.736502943080512e-12,0.01568620382627789,-0.034313796173722114,1
297.5,263.6271731469665,298.2105007883659,0.002894838114034363,0.10141416170374107,500003000.0,2.203173484108164,1.0085554917479357e-05,2.0867223512829327e-05,9.858773679690163e-09,1.5854481167710773e-07,0.0021486249524785067,7.68954503330083e-11,6.300934545200443e-06,1.752706777359888e-12,0.015673971472808076,-0.034326028527191924,1
298.0,263.61001013270294,297.80810382391337,0.002894234247269701,0.10160000848813004,500003000.0,2.2137544770898794,1.0090475654171183e-05,2.0946249880265824e-05,9.841473383651881e-09,1.5805273487299398e-07,0.002151771425936247,7.814590733612069e-11,6.296016741480453e-06,1.7689812416362754e-12,0.015661738176113403,-0.0343382618238866,1
298.5,263.592841001791,297.40604897938437,0.002893634122044545,0.10178595843581008,500003000.0,2.224349648082911,1.0095387763336091e-05,2.10250327752997e-05,9.824218329816039e-09,1.5756579006775033e-07,0.0021549154449366755,7.940924098488061e-11,6.2910985619302285e-06,1.785326081749912e-12,0.015649503944716106,-0.0343504960552839,1
299.0,263.57566575376336,297.0043362450815,0.002893037725354295,0.10197201157427334,500003000.0,2.2349586326929987,1.0100291267490346e-05,2.110357471684549e-05,9.80700830850866e-09,1.5708388309158253e-07,0.0021580570092766716,8.068550341217597e-11,6.286180009976203e-06,1.801741035143207e-12,0.015637268787138905,-0.0343627312128611,1
299.5,263.55848438815696,296.60296561105747,0.0028924450442812727,0.10215816793106437,500003000.0,2.2455810642706053,1.010518618904607e-05,2.1181878177904713e-05,9.789843111448287e-09,1.5660692211844787e-07,0.0021611961187549306,8.197474613305747e-11,6.2812610890682735e-06,1.8182258308987928e-12,0.015625032711962875,-0.03437496728803713,1
300.0,263.54129690451293,296.20193706711484,0.0028918560659869866,0.10234442753377838,500003000.0,2.25621657395766,1.0110072550311924e-05,2.125994558670073e-05,9.772722531710558e-09,1.5613481759203404e-07,0.00216433277317196,8.327702003482449e-11,6.276341802664305e-06,1.8347801897779876e-12,0.015612795727788877,-0.034387204272211126,1
300.5,263.52410330237683,295.80125060280614,0.0028912707777052882,0.10253079041002744,500003000.0,2.2668647907349713,1.0114950373493771e-05,2.1337779327777993e-05,9.755646363696091e-09,1.5566748215452487e-07,0.002167466972330084,8.459237536721871e-11,6.271422154216577e-06,1.851403824259626e-12,0.015600557843203862,-0.03439944215679614,1
301.0,263.50690358129845,295.40090620743297,0.002890689166752669,0.10271725658748013,500003000.0,2.277525341470475,1.0119819680695349e-05,2.1415381743067083e-05,9.738614403156354e-09,1.552048305781766e-07,0.0021705987160334428,8.592086173273543e-11,6.266502147195424e-06,1.868096438581198e-12,0.015588319066839669,-0.034411680933160334,1
301.5,263.48969774083184,295.00090387004497,0.00289011122052762,0.10290382609384884,500003000.0,2.288197850968089,1.012468049391894e-05,2.1492755132916785e-05,9.721626447182466e-09,1.5474677969940225e-07,0.0021737280040880075,8.726252807704761e-11,6.261581785089065e-06,1.8848577287800534e-12,0.015576079407372602,-0.0344239205926274,1
302.0,263.4724857805355,294.6012435794405,0.0028895369264958356,0.10309049895687959,500003000.0,2.2988819420171387,1.0129532835066014e-05,2.156990175709445e-05,9.70468229414671e-09,1.542932483553308e-07,0.002176854836301572,8.861742267954436e-11,6.256661071372842e-06,1.9016873827355914e-12,0.015563838873446914,-0.03443616112655309,1
302.5,263.45526769997224,294.2019253241653,0.0028889662722078845,0.1032772752043523,500003000.0,2.3095772354426365,1.0134376725937892e-05,2.1646823835755822e-05,9.687781743753223e-09,1.5384415732274226e-07,0.002179979212483763,8.998559314399892e-11,6.251740009548711e-06,1.9185850802128468e-12,0.01555159747377303,-0.034448402526226975,1
303.0,263.43804349870913,293.8029490925122,0.002888399245286337,0.10346415486409037,500003000.0,2.3202833501560436,1.0139212188236385e-05,2.172352355038546e-05,9.670924596986131e-09,1.5339942925927462e-07,0.0021831011324460413,9.13670863893551e-11,6.246818603118622e-06,1.9355504929071997e-12,0.015539355217061346,-0.03446064478293866,1
303.5,263.42081317631767,293.40431487252033,0.0028878358334341833,0.10365113796395459,500003000.0,2.3309999032067563,1.0144039243564449e-05,2.1800003044708845e-05,9.654110656129171e-09,1.5295898864676802e-07,0.0021862205960017115,9.276194864064492e-11,6.2418968556039095e-06,1.9525832844899936e-12,0.01552711211207045,-0.03447288788792956,1
304.0,263.4035767323737,293.0060226519754,0.0028872760244214968,0.10383822453183605,500003000.0,2.341726509834105,1.0148857913426806e-05,2.1876264425577184e-05,9.637339724712674e-09,1.5252276173667602e-07,0.002189337602965918,9.417022542003344e-11,6.236974770517711e-06,1.969683110655197e-12,0.015514868167538522,-0.03448513183246148,1
304.5,263.3863341664575,292.60807241840854,0.0028867198060992974,0.10402541459566651,500003000.0,2.3524627835200986,1.0153668219230582e-05,2.1952309763825924e-05,9.620611607551518e-09,1.5209067649747941e-07,0.0021924521531556523,9.559196153800245e-11,6.232052351396097e-06,1.986849619167634e-12,0.015502623392260759,-0.034497376607739244,1
305.0,263.36908547815364,292.21046415909547,0.0028861671663936105,0.10421270818342611,500003000.0,2.3632083360426446,1.015847018228594e-05,2.2028141095107918e-05,9.603926110716872e-09,1.516626625639904e-07,0.0021955642463897603,9.702720108466741e-11,6.227129601786384e-06,2.004082449912272e-12,0.015490377795060321,-0.03450962220493968,1
305.5,263.35183066705116,291.81319786105746,0.0028856180932936,0.10440010532309174,500003000.0,2.3739627775293153,1.0163263823806684e-05,2.2103760420702112e-05,9.587283041488618e-09,1.5123865118839074e-07,0.0021986738824889373,9.847598742123203e-11,6.222206525222761e-06,2.021381234943595e-12,0.015478131384727686,-0.034521868615272316,1
306.0,263.33456973274355,291.41627351106,0.002885072574867607,0.10458760604270304,500003000.0,2.384725716511804,1.0168049164910885e-05,2.2179169708298696e-05,9.570682208400566e-09,1.5081857519316948e-07,0.0022017810612757357,9.993836317159135e-11,6.21728312526202e-06,2.038745598538428e-12,0.015465884170109528,-0.03453411582989047,1
306.5,263.3173026748286,291.01969109561196,0.002884530599258935,0.1047752103703232,500003000.0,2.395496759980858,1.0172826226621495e-05,2.2254370892761487e-05,9.554123421218293e-09,1.5040236892558198e-07,0.0022048857825745717,1.01414370214078e-10,6.212359405475593e-06,2.0561751572480347e-12,0.015453636160088931,-0.03454636383991107,1
307.0,263.30002949290866,290.6234506009651,0.002883992154681595,0.10496291833405615,500003000.0,2.406275513441702,1.0177595029866953e-05,2.232936587686838e-05,9.537606490916977e-09,1.4998996821378246e-07,0.0022079880462117295,1.0290404967335492e-10,6.207435369441511e-06,2.0736695199524374e-12,0.015441387363565371,-0.03455861263643463,1
307.5,263.2827501865904,290.2275520131144,0.0028834572294156153,0.10515072996202814,500003000.0,2.417061580969972,1.0182355595481781e-05,2.24041565320306e-05,9.521131229658088e-09,1.495813103244405e-07,0.0022110878520153593,1.0440744191245928e-10,6.202511020735465e-06,2.0912282879153432e-12,0.015429137789432468,-0.034570862210567536,1
308.0,263.26546475548514,289.83199531779775,0.002882925811809597,0.10533864528238845,500003000.0,2.427854565268178,1.0187107944207176e-05,2.2478744698991526e-05,9.50469745079008e-09,1.4917633392185148e-07,0.002214185199815479,1.0592458652500183e-10,6.197586362937428e-06,2.108851054840704e-12,0.015416887446594488,-0.034583112553405515,1
308.5,263.24817319920845,289.4367805004944,0.002882397890291183,0.10552666432332634,500003000.0,2.438654067722718,1.0191852096691613e-05,2.2553132188505766e-05,9.488304968875076e-09,1.4877497902847713e-07,0.0022172800894439877,1.0745552232752624e-10,6.192661399655241e-06,2.12653740693092e-12,0.015404636344024988,-0.034595363655975014,1
309.0,263.23087551738047,289.0419075464249,0.0028818734533543134,0.10571478711306069,500003000.0,2.4494596884612116,1.0196588073491433e-05,2.2627320781999168e-05,9.471953599639092e-09,1.4837718698680063e-07,0.0022203725207346654,1.090002873520216e-10,6.187736134498296e-06,2.1442869229456753e-12,0.015392384490701372,-0.03460761550929863,1
309.5,263.2135717096258,288.64737644055054,0.002881352489561203,0.1059030136798371,500003000.0,2.4602710264103447,1.0201315895071419e-05,2.270131223221041e-05,9.455643159970999e-09,1.4798290042249044e-07,0.002223462493523175,1.1055891883859962e-10,6.182810571082883e-06,2.162099174262269e-12,0.015380131895618177,-0.03461986810438183,1
310.0,263.1962617755736,288.2531871675738,0.0028808349875368007,0.10609134405192736,500003000.0,2.4710876793541097,1.0206035581805367e-05,2.277510826381482e-05,9.439373467896867e-09,1.475920632088124e-07,0.0022265500076470613,1.1213145322833531e-10,6.177884713021387e-06,2.1799737249372427e-12,0.015367878567760205,-0.0346321214322398,1
310.5,263.1789457148575,287.85933971193737,0.002880320935978079,0.10627977825761568,500003000.0,2.481909243992528,1.0210747153976669e-05,2.284871057403093e-05,9.423144342602975e-09,1.472046204322205e-07,0.0022296350629457604,1.137179261562774e-10,6.172958563943276e-06,2.1979101317690976e-12,0.01535562451615473,-0.034644375483845274,1
311.0,263.1616235271156,287.46583405782275,0.0028798103236562537,0.1064683163252478,500003000.0,2.4927353160007613,1.0215450631778886e-05,2.2922120833210518e-05,9.406955604435516e-09,1.4682051835917925e-07,0.0022327176592606066,1.1531837244462894e-10,6.168032127500862e-06,2.215907944363529e-12,0.01534336974988584,-0.03465663025011416,1
311.5,263.14429521199054,287.07267018915104,0.00287930313940014,0.10665695828315973,500003000.0,2.5035654900884525,1.0220146035316305e-05,2.2995340685412484e-05,9.390807074838882e-09,1.4643970440393253e-07,0.00223579779643483,1.1693282609609274e-10,6.163105407334696e-06,2.233966705197494e-12,0.015331114278008342,-0.03466888572199166,1
312.0,263.12696076912954,286.67984808958175,0.0028787993721102086,0.1068457041597355,500003000.0,2.514399360059605,1.0224833384604503e-05,2.3068371748961235e-05,9.374698576394361e-09,1.4606212709750147e-07,0.002238875474313564,1.1856132028739965e-10,6.1581784071047135e-06,2.252085949687222e-12,0.015318858109625237,-0.034681141890374766,1
312.5,263.10962019818436,286.2873677425131,0.0028782990107468565,0.10703455398335852,500003000.0,2.525236518872656,1.022951269957089e-05,2.3141215616990016e-05,9.35862993277469e-09,1.4568773605756504e-07,0.00224195069274384,1.2020388736300652e-10,6.153251130466145e-06,2.2702652062553307e-12,0.015306601253827816,-0.03469339874617219,1
313.0,263.09227349881127,285.89522913108084,0.0028778020443427288,0.10722350778246656,500003000.0,2.536076558701008,1.0234184000055278e-05,2.3213873857969743e-05,9.342600968777037e-09,1.453164819594536e-07,0.0022450234515746033,1.2186055882898028e-10,6.148323581096873e-06,2.288503996401383e-12,0.015294343719763692,-0.03470565628023631,1
313.5,263.07492067067113,285.5034322381582,0.002877308461991553,0.10741256558549889,500003000.0,2.54691907099372,1.0238847305810418e-05,2.3286348016223716e-05,9.326611510279595e-09,1.4494831650794776e-07,0.0022480937506567105,1.2353136534705538e-10,6.143395762674555e-06,2.3068018347714657e-12,0.015282085516579889,-0.03471791448342011,1
314.0,263.05756171342944,285.11197704635583,0.0028768182528484936,0.10760172742091427,500003000.0,2.5577636465365527,1.0243502636502537e-05,2.335863961242875e-05,9.310661384235858e-09,1.4458319241007515e-07,0.0022511615898429265,1.2521633672887835e-10,6.138467678878411e-06,2.325158229230512e-12,0.015269826653427314,-0.03473017334657269,1
314.5,263.04019662675614,284.7208635380201,0.002876331406142929,0.10779099331720911,500003000.0,2.5686098755133413,1.0248150011711892e-05,2.3430750144103143e-05,9.294750418708941e-09,1.4422106334877997e-07,0.0022542269689879426,1.2691550193044074e-10,6.133539333417412e-06,2.3435726809359804e-12,0.015257567139530854,-0.03474243286046915,1
315.0,263.0228254103259,284.33009169523376,0.0028758479111592305,0.10798036330290091,500003000.0,2.5794573475674403,1.0252789450933293e-05,2.3502681086081837e-05,9.278878442802536e-09,1.438618839573876e-07,0.0022572898879483698,1.2862888904669067e-10,6.1286107299902725e-06,2.362044684411917e-12,0.015245306984089867,-0.03475469301591014,1
315.5,263.00544806381794,283.9396614998159,0.0028753677572408813,0.1081698374064922,500003000.0,2.590305651863492,1.0257420973576626e-05,2.3574433890979266e-05,9.263045286667598e-09,1.4350560979485545e-07,0.002260350346582739,1.303565253063378e-10,6.1236818722952365e-06,2.3805737276239776e-12,0.015233046196302523,-0.03476695380369748,1
316.0,262.9880645869161,283.54957293332,0.002874890933806914,0.10835941565655367,500003000.0,2.6011543771495083,1.02620445989674e-05,2.364600998964024e-05,9.247250781548447e-09,1.431521973219501e-07,0.002263408344751517,1.3209843706685544e-10,6.118752764065989e-06,2.39915929205823e-12,0.01522078478545513,-0.03477921521454487,1
316.5,262.9706749793088,283.1598259770342,0.0028744174303326152,0.10854909808164852,500003000.0,2.6120031118189218,1.0266660346347258e-05,2.3717410791579227e-05,9.231494759713884e-09,1.4280160387797546e-07,0.002266463882317104,1.3385464980966423e-10,6.11382340903151e-06,2.4178008527977318e-12,0.01520852276082228,-0.03479147723917772,1
317.0,262.9532792406892,282.7704206119819,0.0028739472363470127,0.10873888471036161,500003000.0,2.6228514439728756,1.027126823487448e-05,2.3788637685408404e-05,9.215777054442688e-09,1.424537876583548e-07,0.0022695169591438295,1.356251881355131e-10,6.10889381091171e-06,2.436497878602556e-12,0.015196260131655984,-0.03480373986834402,1
317.5,262.935877370755,282.38135681891976,0.002873480341451756,0.10892877557128962,500003000.0,2.633698961482792,1.0275868283624519e-05,2.3859692039254833e-05,9.200097500077605e-09,1.4210870769285992e-07,0.002272567575097966,1.3741007576006345e-10,6.103963973458478e-06,2.455249831990344e-12,0.015183996907287778,-0.034816003092712225,1
318.0,262.91846936920865,281.99263457833854,0.002873016735301318,0.10911877069306064,500003000.0,2.6445452520528594,1.0280460511590497e-05,2.3930575201167105e-05,9.184455931955356e-09,1.417663238245462e-07,0.0022756157300477236,1.3920933550966052e-10,6.099033900414516e-06,2.474056169318479e-12,0.015171733097026343,-0.03482826690297366,1
318.5,262.90105523575716,281.60425387046155,0.00287255640761726,0.10930887010430665,500003000.0,2.6553899032827983,1.028504493768372e-05,2.4001288499511745e-05,9.168852186445852e-09,1.4142659668927645e-07,0.002278661423863265,1.410229893173117e-10,6.0941035955445425e-06,2.4929163408666135e-12,0.01515946871023509,-0.034840531289764914,1
319.0,262.88363497011227,281.21621467524517,0.0028720993481752303,0.109499073833678,500003000.0,2.666232502730568,1.0289621580734172e-05,2.4071833243359704e-05,9.15328610090427e-09,1.4108948769591922e-07,0.0022817046564166978,1.428510582188581e-10,6.089173062608591e-06,2.5118297909211024e-12,0.015147203756265775,-0.034852796243734226,1
319.5,262.8662085719904,280.82851697237794,0.002871645546813793,0.10968938190984852,500003000.0,2.677072637975246,1.0294190459491018e-05,2.4142210722863272e-05,9.137757513692927e-09,1.4075495900713636e-07,0.002284745427582084,1.446935623493531e-10,6.084242305381632e-06,2.530795957860517e-12,0.015134938244507287,-0.03486506175549271,1
320.0,262.84877604111267,280.4411607412805,0.0028711949934274593,0.10987979436149276,500003000.0,2.687909896679872,1.0298751592623095e-05,2.4212422209623628e-05,9.122266264152824e-09,1.4042297352071554e-07,0.002287783737235439,1.4655052093963968e-10,6.079311327639698e-06,2.5498142742415837e-12,0.015122672184351144,-0.03487732781564886,1
320.5,262.8313373772049,280.05414596110467,0.0028707476779731107,0.11007031121730577,500003000.0,2.698743866654401,1.0303304998719404e-05,2.4282468957049384e-05,9.106812192617818e-09,1.4009349485151362e-07,0.0022908195852547413,1.4842195231313527e-10,6.074380133174311e-06,2.5688841668872563e-12,0.01511040558522737,-0.03488959441477263,1
321.0,262.8138925799975,279.6674726107332,0.0028703035904652525,0.11026093250600442,500003000.0,2.709574135918573,1.03078506962896e-05,2.4352352200706344e-05,9.091395140393413e-09,1.3976648731391634e-07,0.0022938529715199303,1.5030787388281818e-10,6.069448725783343e-06,2.588005056975396e-12,0.01509813845658178,-0.03490186154341822,1
321.5,262.7964416492258,279.2811406687797,0.002869862720974287,0.11045165825630682,500003000.0,2.7204002927648046,1.0312388703764473e-05,2.4422073158658738e-05,9.076014949745167e-09,1.394419159047923e-07,0.0022968838959129133,1.5220830214842003e-10,6.064517109268182e-06,2.6071763601280815e-12,0.015085870807868915,-0.03491412919213109,1
322.0,262.77898458462977,278.8951501135881,0.002869425059626205,0.1106424884969447,500003000.0,2.7312219258210164,1.031691903949642e-05,2.4491633031802233e-05,9.060671463891773e-09,1.3911974628698884e-07,0.0022999123583175617,1.5412325269382545e-10,6.059585287433969e-06,2.6263974865026803e-12,0.015073602648552635,-0.03492639735144737,1
322.5,262.76152138595404,278.5095009232319,0.0028689905966098562,0.1108334232566674,500003000.0,2.742038624113489,1.032144172175993e-05,2.4561033004188884e-05,9.045364527021954e-09,1.3879994477330186e-07,0.002302938358619726,1.560527401846822e-10,6.054653264105757e-06,2.6456678408838326e-12,0.015061333988146321,-0.03493866601185368,1
323.0,262.7440520529481,278.1241930755144,0.0028685593221629427,0.11102446256422797,500003000.0,2.7528499771294856,1.0325956768752052e-05,2.4630274243344332e-05,9.030093984244387e-09,1.3848247831089298e-07,0.002305961896707226,1.5799677836621213e-10,6.0497210430998e-06,2.6649868227759207e-12,0.01504906483614145,-0.034950935163858554,1
323.5,262.7265765853662,277.7392265479681,0.0028681312265841875,0.11121560644839015,500003000.0,2.763655574879934,1.0330464198592862e-05,2.4699357900577425e-05,9.014859681620179e-09,1.3816731446618372e-07,0.002308982972469863,1.5995538006123846e-10,6.044788628250036e-06,2.684353826497134e-12,0.015036795202073466,-0.034963204797926535,1
324.0,262.70909498296726,277.35460131785345,0.0028677063002310035,0.11140685493793692,500003000.0,2.774455007961927,1.0334964029325936e-05,2.4768285111282518e-05,8.999661466149623e-09,1.3785442141018714e-07,0.0023120015857994226,1.6192855716842035e-10,6.039856023403975e-06,2.703768241274471e-12,0.015024525095511575,-0.03497547490448843,1
324.5,262.691607245515,276.97031736215945,0.002867284533510752,0.11159820806164605,500003000.0,2.7852478676210115,1.0339456278918804e-05,2.483705699523463e-05,8.984499185738971e-09,1.3754376790422345e-07,0.0023150177365896768,1.639163206606916e-10,6.034923232405081e-06,2.723229451338881e-12,0.015012254526014892,-0.03498774547398511,1
325.0,262.674113372778,276.5863746576031,0.0028668659168865716,0.11178966584831829,500003000.0,2.7960337458134212,1.034394096526341e-05,2.490567465687768e-05,8.969372689213077e-09,1.3723532328610412e-07,0.0023180314247363836,1.6591868058391646e-10,6.029990259105876e-06,2.7427368360225967e-12,0.014999983503165058,-0.03500001649683494,1
325.5,262.65661336452956,276.20277318062915,0.002866450440873546,0.11198122832675683,500003000.0,2.8068122352680613,1.0348418106176559e-05,2.4974139185606005e-05,8.954281826297753e-09,1.369290574566538e-07,0.0023210426501372896,1.679356460557508e-10,6.02505710736067e-06,2.762289769856209e-12,0.014987712036548142,-0.03501228796345186,1
326.0,262.6391072205478,275.81951290740903,0.0028660380960491174,0.11217289552576105,500003000.0,2.8175829295483967,1.0352887719400383e-05,2.504245165603932e-05,8.939226447646613e-09,1.3662494086662923e-07,0.0023240514126921436,1.6996722526472055e-10,6.020123781048214e-06,2.7818876226670003e-12,0.014975440135811004,-0.035024559864188995,1
326.5,262.62159494061575,275.43659381384117,0.002865628873036656,0.1123646674741496,500003000.0,2.8283454231139444,1.0357349822602775e-05,2.5110613128291338e-05,8.924206404784211e-09,1.3632294450403982e-07,0.0023270577123026856,1.7201342546950016e-10,6.015190284037948e-06,2.801529759678642e-12,0.014963167810577323,-0.035036832189422676,1
327.0,262.604076524521,275.0540158755495,0.002865222762522076,0.11255654420076412,500003000.0,2.839099311381737,1.036180443337785e-05,2.517862464823224e-05,8.909221550152301e-09,1.360230398818016e-07,0.002330061548872668,1.7407425299841408e-10,6.010256620225665e-06,2.821215541611465e-12,0.014950895070536327,-0.03504910492946368,1
327.5,262.58655197205627,274.6717790678848,0.0028648197552317498,0.11274852573441609,500003000.0,2.849844190787285,1.0366251569246368e-05,2.5246487247745076e-05,8.894271737035671e-09,1.3572519902567146e-07,0.0023330629223078385,1.7614971324913407e-10,6.005322793487944e-06,2.840944324781942e-12,0.01493862192532943,-0.03506137807467057,1
328.0,262.5690212830189,274.28988336592295,0.0028644198419541193,0.11294061210394124,500003000.0,2.8605796588454946,1.037069124765618e-05,2.5314201944976395e-05,8.879356819623915e-09,1.354293944626364e-07,0.0023360618325159576,1.7823981068860106e-10,6.000388807728218e-06,2.860715461205668e-12,0.014926348384664837,-0.03507365161533517,1
328.5,262.55148445721125,273.90832874446545,0.002864023013523587,0.11313280333817816,500003000.0,2.871305314211125,1.0375123485982658e-05,2.5381769744581165e-05,8.864476652956045e-09,1.3513559920953843e-07,0.002339058279406791,1.8034454885314742e-10,5.9954546668437694e-06,2.8805282986991465e-12,0.014914074458235446,-0.035085925541764554,1
329.0,262.53394149444034,273.5271151780379,0.002863629260835762,0.11332509946597993,500003000.0,2.8820207567390552,1.0379548301529139e-05,2.544919163796219e-05,8.849631092962347e-09,1.3484378676204863e-07,0.0023420522628921276,1.8246393034883653e-10,5.990520374758376e-06,2.9003821809831697e-12,0.01490180015580004,-0.035098199844199963,1
329.5,262.5163923945182,273.1462426408907,0.002863238574828164,0.11351750051618387,500003000.0,2.8927255875440503,1.0383965711527339e-05,2.5516468603504135e-05,8.834819996399407e-09,1.345539310838958e-07,0.002345043782885768,1.8459795685200125e-10,5.985585935382666e-06,2.9202764477857014e-12,0.014889525487084694,-0.03511047451291531,1
330.0,262.4988371572618,272.7657111069988,0.002862850946490035,0.1137100065176398,500003000.0,2.9034194090603025,1.0388375733137777e-05,2.558360160680236e-05,8.82004322087533e-09,1.3426600659645327e-07,0.0023480328393035315,1.867466291099995e-10,5.980651352635408e-06,2.940210434946949e-12,0.014877250461835714,-0.035122749538164286,1
330.5,262.48127578249273,272.38552055005994,0.0028624663668714127,0.11390261749920084,500003000.0,2.9141018251006363,1.0392778383450214e-05,2.5650591600886643e-05,8.80530062487236e-09,1.3397998816856535e-07,0.002351019432063266,1.8890994694218038e-10,5.975716630463134e-06,2.960183474524162e-12,0.014864975089868459,-0.03513502491013154,1
331.0,262.46370827003767,272.00567094349515,0.0028620848270654257,0.1140953334897318,500003000.0,2.9247724409151443,1.0397173679484057e-05,2.5717439526439978e-05,8.790592067687207e-09,1.3369585110666739e-07,0.002354003561084847,1.9108790924104644e-10,5.970781772803882e-06,2.9801948948972804e-12,0.014852699380977151,-0.03514730061902285,1
331.5,262.4461346197282,271.626162260449,0.0028617063182118496,0.1142881545180785,500003000.0,2.9354308632495183,1.0401561638188775e-05,2.5784146312012543e-05,8.775917409437021e-09,1.3341357114512794e-07,0.0023569852262901743,1.9328051397362905e-10,5.965846783595362e-06,3.000244020874269e-12,0.014840423344955184,-0.03515957665504482,1
332.0,262.4285548314007,271.24699447378816,0.0028613308315087005,0.11448108061310497,500003000.0,2.946076700403015,1.040594227644432e-05,2.5850712874231005e-05,8.76127651108986e-09,1.331331244369226e-07,0.0023599644276031885,1.954877581830743e-10,5.9609116667998114e-06,3.020330173798714e-12,0.014828146991656957,-0.035171853008343044,1
332.5,262.4109689048965,270.86816755610147,0.002860958358198435,0.11467411180366512,500003000.0,2.9567095622858393,1.0410315611061529e-05,2.5917140118003245e-05,8.746669234417338e-09,1.3285448754448368e-07,0.0023629411649498623,1.9770963799042408e-10,5.955976426375918e-06,3.040452671656141e-12,0.014815870330928026,-0.03518412966907197,1
333.0,262.39337684006193,270.48968147969987,0.002860588889571748,0.11486724811861623,500003000.0,2.96732906047613,1.041468165878253e-05,2.5983428936718665e-05,8.73209544200136e-09,1.3257763743083705e-07,0.0023659154382582068,1.999461485966063e-10,5.95104106628744e-06,3.0606108291818975e-12,0.014803593372626557,-0.035196406627373444,1
333.5,262.37577863674824,270.1115362166159,0.002860222416968232,0.11506048958681832,500003000.0,2.9779348082764616,1.0419040436281146e-05,2.6049580212444144e-05,8.71755499723123e-09,1.3230255145095693e-07,0.0023688872474582744,2.021972842846265e-10,5.946105590505256e-06,3.0808039579691083e-12,0.014791316126628415,-0.03520868387337159,1
334.0,262.35817429481153,269.73373173860296,0.002859858931780009,0.11525383623712304,500003000.0,2.9885264207698774,1.04233919601633e-05,2.6115594816115812e-05,8.703047764309781e-09,1.3202920734333565e-07,0.0023718565924821648,2.0446303842196388e-10,5.941170003015579e-06,3.1010313665767994e-12,0.014779038602847603,-0.0352209613971524,1
334.5,262.34056381411295,269.3562680171354,0.002859498425442466,0.11544728809839118,500003000.0,2.999103514875307,1.0427736246967411e-05,2.6181473607726715e-05,8.688573608220336e-09,1.3175758322180297e-07,0.002374823473264024,2.0674340346316028e-10,5.936234307801372e-06,3.121292360638977e-12,0.014766760811190032,-0.03523323918880997,1
335.0,262.3229471945186,268.979145023408,0.002859140889440823,0.11564084519947042,500003000.0,3.009665709402549,1.0432073313164781e-05,2.6247217436510472e-05,8.674132394741919e-09,1.3148765756751577e-07,0.0023777878897400496,2.0903837095261473e-10,5.931298508856654e-06,3.141586242973147e-12,0.014754482761589104,-0.0352455172384109,1
335.5,262.30532443589937,268.602362728335,0.0028587863153135694,0.11583450756921088,500003000.0,3.020212625106705,1.0436403175160009e-05,2.631282714112107e-05,8.659723990454831e-09,1.312194092211944e-07,0.0023807498418484995,2.113479315275754e-10,5.9263626101942655e-06,3.161912313690096e-12,0.014742204464025035,-0.03525779553597497,1
336.0,262.2876955381314,268.2259211025509,0.0028584346946335893,0.11602827523646192,500003000.0,3.030743884741873,1.0440725849291349e-05,2.6378303549808838e-05,8.645348262678803e-09,1.3095281737553795e-07,0.002383709329529683,2.136720749213151e-10,5.921426615807399e-06,3.1822698703032433e-12,0.014729925928429165,-0.03527007407157084,1
336.5,262.2700605010956,267.8498201164091,0.002858086019033863,0.11622214823007614,500003000.0,3.041259113114566,1.0445041351831121e-05,2.644364748059276e-05,8.631005079546116e-09,1.3068786156784203e-07,0.0023866663527259725,2.1601078996652272e-10,5.916490529723485e-06,3.2026582078387688e-12,0.014717647164817983,-0.035282352835182024,1
337.0,262.252419324678,267.4740597399823,0.002857740280183256,0.11641612657888312,500003000.0,3.051757937136197,1.0449349698986083e-05,2.6508859741429146e-05,8.616694309923759e-09,1.3042452167277187e-07,0.0023896209113818045,2.1836406459886256e-10,5.911554355954715e-06,3.2230766189447755e-12,0.014705368183170076,-0.03529463181682993,1
337.5,262.2347720087696,267.0986399430624,0.002857397469797557,0.1166102103117063,500003000.0,3.0622399858751765,1.0453650906897805e-05,2.6573941130376828e-05,8.602415823442274e-09,1.3016277789536423e-07,0.0023925730054436744,2.2073188586074093e-10,5.906618098521525e-06,3.2435243940019704e-12,0.014693088993484522,-0.03530691100651548,1
338.0,262.21711855326635,266.72356069515854,0.0028570575796495476,0.11680439945739773,500003000.0,3.0727048906083967,1.0457944991643066e-05,2.663889243575894e-05,8.588169490521385e-09,1.2990261076422318e-07,0.0023955226348601577,2.2311423990526333e-10,5.901681761473999e-06,3.2640008212349545e-12,0.014680809605834153,-0.03531919039416585,1
338.5,262.1994589580693,266.3488219654984,0.0028567206015459538,0.11699869404476934,500003000.0,3.083152284871853,1.0462231969234214e-05,2.670371443632133e-05,8.573955182296146e-09,1.2964400112478092e-07,0.0023984697995818953,2.255111120003611e-10,5.8967453488448726e-06,3.2845051868207007e-12,0.014668530030248638,-0.03533146996975137,1
339.0,262.1817932230844,265.9744237230272,0.0028563865273430154,0.11719309410264687,500003000.0,3.0935818045108245,1.0466511855619543e-05,2.6768407901387755e-05,8.55977277065933e-09,1.293869301328522e-07,0.0024014144995616058,2.2792248653312005e-10,5.891808864682319e-06,3.305036775000491e-12,0.014656250276796037,-0.03534374972320396,1
339.5,262.1641213482228,265.6003659364071,0.0028560553489432963,0.11738759965983614,500003000.0,3.1039930877293065,1.0470784666683667e-05,2.6832973591011884e-05,8.545622128247354e-09,1.2913137924826048e-07,0.002404356734754089,2.303483470142854e-10,5.8868723130439595e-06,3.3255948681895475e-12,0.014643970355567916,-0.03535602964443209,1
340.0,262.1464433334006,265.22664857401793,0.0028557270582877273,0.11758221074514558,500003000.0,3.1143857751386954,1.0475050418247873e-05,2.6897412256126223e-05,8.531503128412091e-09,1.2887733022867801e-07,0.002407296505116219,2.327886760829433e-10,5.881935697981055e-06,3.346178747088032e-12,0.014631690276640007,-0.03536830972336,1
340.5,262.1287591785389,264.8532716039553,0.002855401647371709,0.11777692738737254,500003000.0,3.1247595098059415,1.0479309126070506e-05,2.6961724638688015e-05,8.517415645264643e-09,1.2862476512358216e-07,0.002410233810606961,2.352434555113931e-10,5.876999023572299e-06,3.3667876907912643e-12,0.01461941005015628,-0.03538058994984372,1
341.0,262.11106888356403,264.4802349940318,0.002855079108222953,0.11797174961530621,500003000.0,3.1351139373007526,1.0483560805847308e-05,2.7025911471822202e-05,8.503359553604851e-09,1.2837366626837587e-07,0.002413168651187359,2.377126662101779e-10,5.872062293878768e-06,3.387420976900027e-12,0.014607129686216885,-0.03539287031378312,1
341.5,262.09337244840714,264.10753871177525,0.002854759432924718,0.1181666774577258,500003000.0,3.1454487057423464,1.0487805473211802e-05,2.7089973479961525e-05,8.489334728986266e-09,1.2812401627864816e-07,0.002416101026820558,2.401962882333096e-10,5.867125512992318e-06,3.408077881630964e-12,0.014594849194998519,-0.035405150805001485,1
342.0,262.07566987300464,263.73518272442965,0.002854442613593589,0.11836171094341086,500003000.0,3.1557634658451965,1.0492043143735624e-05,2.715391137898382e-05,8.475341047645758e-09,1.2787579804458512e-07,0.0024190309374717864,2.426943007836456e-10,5.8621886849904775e-06,3.428757679926848e-12,0.014582568586642248,-0.03541743141335776,1
342.5,262.05796115729794,263.3631669989537,0.00285412864239672,0.11855685010112153,500003000.0,3.1660578709642633,1.04962738329289e-05,2.7217725876346562e-05,8.461378386550558e-09,1.2762899472548784e-07,0.0024219583831083732,2.452066822184512e-10,5.857251813972453e-06,3.4494596455661576e-12,0.014570287871343054,-0.03542971212865695,1
343.0,262.0402463012336,262.9914915020218,0.0028538175115366744,0.11875209495960991,500003000.0,3.176331577139267,1.0500497556240574e-05,2.728141767121879e-05,8.447446623349095e-09,1.2738358974445195e-07,0.0024248833636997444,2.477334100551142e-10,5.852314904028583e-06,3.47018305127304e-12,0.014558007059273856,-0.03544199294072615,1
343.5,262.02252530476323,262.6201562000226,0.0028535092132635094,0.11894744554761338,500003000.0,3.186584243138357,1.0504714329058776e-05,2.734498745461037e-05,8.433545636402699e-09,1.2713956678315854e-07,0.002427805879217425,2.502744609770357e-10,5.847377959265694e-06,3.49092716882677e-12,0.014545726160648588,-0.035454273839351416,1
344.0,262.00479816784355,262.24916105905885,0.0028532037398719605,0.11914290189388042,500003000.0,3.1968155305009267,1.0508924166711162e-05,2.740843590949878e-05,8.419675304773047e-09,1.2689690977682065e-07,0.0024307259296350472,2.5282981083967805e-10,5.842440983801864e-06,3.51169126917173e-12,0.014533445185709171,-0.035466554814290834,1
344.5,261.9870648904364,261.87850604494747,0.002852901083693144,0.1193384640271219,500003000.0,3.207025103579581,1.051312708446526e-05,2.747176371095337e-05,8.405835508193622e-09,1.2665560290917703e-07,0.0024336435149283522,2.5539943467676504e-10,5.837503981749992e-06,3.5324746225249993e-12,0.014521164144684637,-0.03547883585531537,1
345.0,261.96932547250873,261.5081911232191,0.0028526012371016796,0.11953413197604633,500003000.0,3.217212629581392,1.0517323097528803e-05,2.7534971526257213e-05,8.392026127086747e-09,1.264156306076876e-07,0.0024365586350751853,2.579833067066464e-10,5.832566957232944e-06,3.5532764984860228e-12,0.014508883047828814,-0.03549111695217119,1
345.5,261.95157991403266,261.13821625911766,0.002852304192514138,0.11972990576935157,500003000.0,3.2273777786083153,1.052151222105008e-05,2.759806001502661e-05,8.378247042554932e-09,1.2617697753879864e-07,0.002439471290055507,2.605814003388132e-10,5.827629914380898e-06,3.57409616614468e-12,0.01449660190541371,-0.03550339809458629,1
346.0,261.9338282149854,260.7685814176,0.00285200994238988,0.11992578543573221,500003000.0,3.237520223696783,1.052569447011827e-05,2.766102982932828e-05,8.364498136379381e-09,1.2593962860333567e-07,0.002442381479851396,2.631936881805632e-10,5.822692857333612e-06,3.5949328941894136e-12,0.014484320727735176,-0.03551567927226483,1
346.5,261.91607037534925,260.3992865633352,0.0028517184792308074,0.1201217710038591,500003000.0,3.2476396408564674,1.0529869859763777e-05,2.772388161379427e-05,8.350779291015246e-09,1.257035689319765e-07,0.0024452892044470507,2.6582014204381344e-10,5.817755790240415e-06,3.6157859510141513e-12,0.014472039525112858,-0.03552796047488714,1
347.0,261.89830639511183,260.0303316607057,0.00285142979556728,0.12031786250238323,500003000.0,3.2577357091081156,1.0534038404958551e-05,2.7786616005734694e-05,8.337090389546596e-09,1.2546878388085355e-07,0.0024481944638287847,2.684607329520494e-10,5.812818717232062e-06,3.6366546048253445e-12,0.014459758307820203,-0.0355402416921798,1
347.5,261.88053627426575,259.66171667380536,0.0028511438839861074,0.12051405995995448,500003000.0,3.2678081105207877,1.0538200120616433e-05,2.784923363524833e-05,8.323431315764383e-09,1.2523525902727286e-07,0.0024510972579850393,2.7111543114743786e-10,5.807881642478288e-06,3.657538123749241e-12,0.014447477086227624,-0.03555252291377238,1
348.0,261.86276001280885,259.2934415664395,0.0028508607371070718,0.12071036340521235,500003000.0,3.277856530247958,1.054235502159348e-05,2.7911735125331082e-05,8.3098019540939e-09,1.250029801655045e-07,0.002453997586906385,2.737842060980527e-10,5.8029445701404885e-06,3.678435775937523e-12,0.014435195870684786,-0.03556480412931522,1
348.5,261.8449776107442,258.9255063021259,0.002850580347583038,0.1209067728667564,500003000.0,3.2878806565628818,1.0546503122688275e-05,2.797412109198241e-05,8.296202189591479e-09,1.2477193330265149e-07,0.0024568954505855144,2.764670265052481e-10,5.798007504372504e-06,3.699346829671994e-12,0.014422914671522565,-0.035577085328477434,1
349.0,261.82718906808,258.5579108440929,0.0028503027081161767,0.12110328837320192,500003000.0,3.297880180893163,1.0550644438642269e-05,2.8036392144309755e-05,8.282631907987877e-09,1.2454210465469367e-07,0.0024597908490172557,2.791638603111689e-10,5.793070449354104e-06,3.720270553471156e-12,0.014410633499136327,-0.035589366500863674,1
349.5,261.80939438482955,258.1906551552794,0.002850027811448035,0.12129990995313686,500003000.0,3.3078547978543456,1.0554778984140096e-05,2.809854888463102e-05,8.269090995655582e-09,1.2431348064252915e-07,0.0024626837821985765,2.818746747063825e-10,5.788133409271297e-06,3.741206216193313e-12,0.014398352363936974,-0.03560164763606303,1
350.0,261.7915935610115,257.8237391983349,0.0028497556503543848,0.12149663763511645,500003000.0,3.317804205282631,1.0558906773809891e-05,2.816059190857509e-05,8.255579339590146e-09,1.2408604788814033e-07,0.00246557425012858,2.8459943613763617e-10,5.783196388306361e-06,3.762153087140068e-12,0.01438607127632612,-0.03561392872367388,1
350.5,261.77378659664964,257.4571629356197,0.0028494862176477787,0.12169347144771414,500003000.0,3.3277281042667415,1.0563027822223599e-05,2.822252180518054e-05,8.242096827414016e-09,1.238597932109006e-07,0.0024684622528085066,2.873381103157405e-10,5.7782593906435634e-06,3.783110436160851e-12,0.014373790246710334,-0.03562620975328967,1
351.0,261.755973491773,257.09092632920346,0.0028492195061856763,0.12189041141944656,500003000.0,3.3376261991789242,1.0567142143897297e-05,2.8284339156992464e-05,8.22864334739635e-09,1.2363470362384648e-07,0.0024713477902417406,2.900906622235748e-10,5.773322420486128e-06,3.804077533753205e-12,0.014361509285543334,-0.03563849071445667,1
351.5,261.7381542464158,256.72502934086623,0.0028489555088550894,0.12208745757884093,500003000.0,3.347498197704964,1.05712497532915e-05,2.8346044540157545e-05,8.215218788405022e-09,1.234107663301655e-07,0.00247423086243381,2.9285705612420103e-10,5.7683854820256e-06,3.825053651166286e-12,0.0143492284032498,-0.0356507715967502,1
352.0,261.72032886061737,256.359471932096,0.0028486942185982633,0.1222846099544103,500003000.0,3.357343810873491,1.0575350664811488e-05,2.8407638524517383e-05,8.20182303997703e-09,1.23187968719678e-07,0.002477111469392402,2.956372555691072e-10,5.7634485794942995e-06,3.846038060501266e-12,0.014336947610355835,-0.035663052389644165,1
352.5,261.70249733442256,255.9942540640913,0.0028484356283720513,0.12248186857461725,500003000.0,3.367162753084032,1.0579444892807588e-05,2.8469121673700074e-05,8.188455992197948e-09,1.2296629836538552e-07,0.0024799896111273416,2.9843122340652945e-10,5.758511717083627e-06,3.867030034810157e-12,0.014324666917285758,-0.03567533308271424,1
353.0,261.6846596678812,255.6293756977583,0.0028481797311901784,0.12267923346795155,500003000.0,3.376954742134604,1.0583532451575498e-05,2.8530494545210176e-05,8.175117535820032e-09,1.2274574302020274e-07,0.0024828652876506168,3.0123892178992096e-10,5.75357489903e-06,3.888028848197753e-12,0.014312386334575877,-0.035687613665424125,1
353.5,261.66681586104846,255.26483679371202,0.0028479265200928028,0.12287670466284331,500003000.0,3.3867194992480125,1.0587613355356583e-05,2.859175769051698e-05,8.161807562171138e-09,1.225262906136082e-07,0.0024857384989763697,3.0406031218648865e-10,5.748638129553791e-06,3.909033775917451e-12,0.014300105872722586,-0.03569989412727742,1
354.0,261.6489659139848,254.90063731227562,0.002847675988160894,0.1230742821877245,500003000.0,3.3964567490974638,1.059168761833818e-05,2.8652911655141236e-05,8.148525963192607e-09,1.223079292485068e-07,0.002488609245120901,3.068953553858501e-10,5.743701412888861e-06,3.9300440944708825e-12,0.014287825542255838,-0.03571217445774416,1
354.5,261.6311098267559,254.53677721348032,0.0028474281285094504,0.12327196607099919,500003000.0,3.4061662198311664,1.0595755254653887e-05,2.8713956978740275e-05,8.135272631416342e-09,1.2209064719807635e-07,0.002491477526102672,3.0974401150877887e-10,5.738764753269317e-06,3.95105908170386e-12,0.0142755453537062,-0.0357244546462938,1
355.0,261.6132475994328,254.17325645706515,0.0028471829342899715,0.12346975634105216,500003000.0,3.4158476430960465,1.0599816278383872e-05,2.8774894195191636e-05,8.122047459968507e-09,1.2187443290271885e-07,0.002494343341942307,3.126062400160445e-10,5.733828154934985e-06,3.972078016902634e-12,0.01426326531761847,-0.03573673468238153,1
355.5,261.5953792320916,253.81007500247563,0.0028469403986994745,0.12366765302626054,500003000.0,3.4255007540606073,1.0603870703555168e-05,2.8835723832675175e-05,8.108850342591738e-09,1.2165927496708029e-07,0.002497206692662604,3.154819997173479e-10,5.728891622149962e-06,3.993100180889382e-12,0.014250985444597828,-0.03574901455540218,1
356.0,261.5775047248139,253.44723280886424,0.002846700514963697,0.12386565615497169,500003000.0,3.435125291436714,1.0607918544141964e-05,2.8896446413753727e-05,8.09568117359387e-09,1.214451621571044e-07,0.0025000675782885294,3.1837124878032926e-10,5.723955159169255e-06,4.014124856115581e-12,0.014238705745226846,-0.03576129425477316,1
356.5,261.55962407768646,253.08472983509088,0.002846463276339195,0.12406376575550306,500003000.0,3.4447209975005584,1.061195981406589e-05,2.8957062455452313e-05,8.082539847850738e-09,1.2123208339717094e-07,0.00250292599884722,3.2127394473966684e-10,5.7190187702435236e-06,4.03515132675522e-12,0.014226426230077284,-0.03577357376992272,1
357.0,261.5417372908015,252.72256603972198,0.002846228676122124,0.12426198185614346,500003000.0,3.454287618112723,1.0615994527196305e-05,2.901757246933596e-05,8.069426260827816e-09,1.2102002776729573e-07,0.0025057819543679817,3.2419004450625614e-10,5.714082459637145e-06,4.05617887879707e-12,0.01421414690975503,-0.03578585309024497,1
357.5,261.5238443642564,252.36074138102953,0.002845996707650771,0.12446030448519921,500003000.0,3.4638249027373345,1.0620022697350598e-05,2.9077976961586177e-05,8.056340308583961e-09,1.2080898450043128e-07,0.002508635444882308,3.271195043764678e-10,5.709146231633688e-06,4.077206800137351e-12,0.014201867794913723,-0.03579813220508628,1
358.0,261.50594529815385,251.99925581699185,0.0028457673642887445,0.1246587336709131,500003000.0,3.473332604460172,1.0624044338294458e-05,2.9138276433076033e-05,8.043281887720602e-09,1.2059894297971143e-07,0.0025114864704238646,3.30062280041464e-10,5.704210090502654e-06,4.098234380667377e-12,0.01418958889617201,-0.035810411103827995,1
358.5,261.4880400926019,251.6381093052923,0.0028455406394441835,0.12485726944152306,500003000.0,3.4828104800060347,1.0628059463742175e-05,2.9198471379443973e-05,8.030250895432795e-09,1.2038989273587918e-07,0.002514335031028508,3.330183265966013e-10,5.699274040538392e-06,4.119260912364615e-12,0.014177310224210355,-0.035822689775789646,1
359.0,261.470128747714,251.27730180331994,0.0028453165265513243,0.12505591182524364,500003000.0,3.492258289755021,1.0632068087356902e-05,2.9258562291166323e-05,8.01724722945398e-09,1.2018182344469987e-07,0.002517181126734273,3.3598759855088245e-10,5.69433808602361e-06,4.140285689380114e-12,0.014165031789680267,-0.035834968210319736,1
359.5,261.45221126360883,250.91683326816914,0.002845095019080102,0.12525466085025597,500003000.0,3.501675797758002,1.0636070222750942e-05,2.931854965362854e-05,8.004270788079946e-09,1.1997472492443762e-07,0.0025200247575813853,3.389700498364802e-10,5.689402231249051e-06,4.161308008125306e-12,0.014152753603253255,-0.035847246396746746,1
360.0,261.43428764041045,250.55670365663877,0.002844876110539462,0.1254535165447342,500003000.0,3.511062771751188,1.064006588348603e-05,2.9378433947195247e-05,7.99132147017491e-09,1.1976858713341595e-07,0.0025228659236122596,3.419656338183209e-10,5.684466480520485e-06,4.182327167358781e-12,0.014140475675638213,-0.03585952432436179,1
360.5,261.4163578782483,250.19691292523245,0.002844659794467246,0.12565247893680917,500003000.0,3.520418983169691,1.0644055083073599e-05,2.9438215647279034e-05,7.97839917513998e-09,1.1956340016757474e-07,0.002525704624871502,3.4497430330371395e-10,5.679530838138944e-06,4.203342468269943e-12,0.014128198017532253,-0.03587180198246775,1
361.0,261.39842197725704,249.8374610301576,0.002844446064441913,0.12585154805459964,500003000.0,3.5297442071602916,1.064803783497507e-05,2.9497895224408102e-05,7.965503802942898e-09,1.1935915425813737e-07,0.0025285408614059194,3.479960105520429e-10,5.674595308424499e-06,4.22435321456375e-12,0.01411592063967986,-0.03588407936032014,1
361.5,261.38047993757687,249.4783479273257,0.0028442349140705716,0.12605072392619335,500003000.0,3.539038222593196,1.0652014152602112e-05,2.9557473144292743e-05,7.952635254081407e-09,1.1915583976928239e-07,0.0025313746332645145,3.5103070728449626e-10,5.6696598956928e-06,4.245358712542627e-12,0.014103643552814519,-0.03589635644718549,1
362.0,261.36253175935326,249.11957357235232,0.0028440263369907686,0.12625000657964666,500003000.0,3.548300812072935,1.0655984049316905e-05,2.961694986789068e-05,7.939793429585296e-09,1.1895344719588004e-07,0.002534205940498487,3.540783446938453e-10,5.664724604259079e-06,4.266358271187868e-12,0.014091366767668695,-0.03590863323233131,1
362.5,261.3445774427371,248.7611379205564,0.00284382032687825,0.1264493960430112,500003000.0,3.5575317619484013,1.0659947538432422e-05,2.967632585147133e-05,7.926978231035018e-09,1.1875196716129841e-07,0.0025370347831612412,3.5713887345426917e-10,5.659789438453989e-06,4.287351202240737e-12,0.014079090295013214,-0.03592090970498679,1
363.0,261.3266169878846,248.40304092696005,0.0028436168774396394,0.1266488923442844,500003000.0,3.5667308623219314,1.066390463321269e-05,2.9735601546678923e-05,7.914189560538207e-09,1.185513904151893e-07,0.002539861161308386,3.602122437312089e-10,5.654854402609425e-06,4.308336820279929e-12,0.014066814145622003,-0.035933185854378,1
363.5,261.30865039495745,248.04528254628812,0.0028434159824172345,0.12684849551145866,500003000.0,3.5758979070575543,1.066785534687306e-05,2.9794777400594626e-05,7.901427320740056e-09,1.1835170783140415e-07,0.0025426850749977405,3.63298405191265e-10,5.649919501068445e-06,4.329314442800997e-12,0.014054538330296757,-0.03594546166970325,1
364.0,261.2906776641226,247.6878627329679,0.002843217635586021,0.1270482055724976,500003000.0,3.5850326937883006,1.0671799692580466e-05,2.985385385579757e-05,7.888691414812004e-09,1.1815291040588983e-07,0.002545506524289337,3.6639730701211796e-10,5.6449847381797155e-06,4.350283390292179e-12,0.014042262859853152,-0.03595773714014685,1
364.5,261.2726987955525,247.3307814411295,0.0028430218307463812,0.12724802255531287,500003000.0,3.5941350239226226,1.067573768345368e-05,2.9912831350424883e-05,7.87598174642862e-09,1.1795498925462804e-07,0.0025483255092454147,3.695088978924775e-10,5.640050118283442e-06,4.371242986309039e-12,0.0140299877450858,-0.0359700122549142,1
365.0,261.25471378942507,246.9740386246054,0.00284282856173453,0.1274479464878153,500003000.0,3.603204702650011,1.0679669332563577e-05,2.9971710318230723e-05,7.86329821979369e-09,1.1775793561168007e-07,0.002551142029930429,3.7263312606206237e-10,5.635115645732486e-06,4.39219255755029e-12,0.014017712996820817,-0.03598228700317919,1
365.5,261.23672264592346,246.6176342369294,0.0028426378224249513,0.1276479773978861,500003000.0,3.6122415389457236,1.06835946529334e-05,3.0030491188644322e-05,7.850640739643913e-09,1.1756174082720228e-07,0.0025539560864110554,3.757699392916009e-10,5.630181324897507e-06,4.413131433929801e-12,0.01400543862592861,-0.03599456137407139,1
366.0,261.2187253652364,246.26156823133738,0.0028424496067137373,0.12784811531335558,500003000.0,3.6212453455745535,1.0687513657539e-05,3.0089174386827078e-05,7.838009211200037e-09,1.1736639636550832e-07,0.002556767678756187,3.7891928490283817e-10,5.625247160134373e-06,4.434058948647456e-12,0.01399316464324278,-0.03600683535675722,1
366.5,261.20072194755807,245.9058405607668,0.0028422639085325173,0.12804836026204602,500003000.0,3.630215939093869,1.0691426359309101e-05,3.014776033372869e-05,7.82540354020253e-09,1.1717189380322493e-07,0.0025595768070369373,3.8208110977857184e-10,5.62031315581212e-06,4.454974438260974e-12,0.01398089105962971,-0.03601910894037029,1
367.0,261.18271239308785,245.55045117785528,0.0028420807218529917,0.12824871227174664,500003000.0,3.6391531398557837,1.0695332771125561e-05,3.0206249446142404e-05,7.812823632921079e-09,1.1697822482742629e-07,0.0025623834713266536,3.8525536037269763e-10,5.615379316322221e-06,4.475877242754208e-12,0.0139686178860116,-0.0360313821139884,1
367.5,261.1646967020309,245.1954000349428,0.0028419000406581098,0.1284491713702035,500003000.0,3.6480567720083035,1.0699232905823597e-05,3.0264642136759314e-05,7.800269396072628e-09,1.1678538123381875e-07,0.0025651876717008985,3.88441982720244e-10,5.610445646022061e-06,4.496766705604437e-12,0.013956345133225868,-0.03604365486677413,1
368.0,261.14667487459747,244.8406870840685,0.002841721858986158,0.12864973758516038,500003000.0,3.6569266634959856,1.0703126776192067e-05,3.0322938814221816e-05,7.787740736939668e-09,1.1659335492500458e-07,0.0025679894082374774,3.91640922447449e-10,5.6055121493223315e-06,4.517642173850437e-12,0.013944072812242537,-0.036055927187757464,1
368.5,261.1286469110036,244.48631227697342,0.0028415461708812023,0.12885041094429195,500003000.0,3.665762646059339,1.0707014394973683e-05,3.038113988317616e-05,7.775237563231522e-09,1.1640213790868904e-07,0.0025707886810164135,3.9485212478179295e-10,5.6005788305896e-06,4.538502998155198e-12,0.013931800933921887,-0.03606819906607812,1
369.0,261.11061281147056,244.1322755650974,0.0028413729704424035,0.129051191475281,500003000.0,3.674564555233851,1.0710895774865292e-05,3.0439245744324183e-05,7.762759783216697e-09,1.1621172229604378e-07,0.002573585490119976,3.980755345620788e-10,5.5956456942439e-06,4.559348532872581e-12,0.013919529509257206,-0.0360804704907428,1
369.5,261.09257257622517,243.77857689958088,0.002841202251780867,0.12925207920575266,500003000.0,3.6833322303477862,1.0714770928518094e-05,3.0497256794474173e-05,7.750307305602081e-09,1.1602210029998279e-07,0.002576379835632667,4.0131109624846313e-10,5.590712744674062e-06,4.5801781361074755e-12,0.013907258549164173,-0.03609274145083583,1
370.0,261.07452620549975,243.42521623126433,0.002841034009042306,0.12945307416330845,500003000.0,3.6920655145194514,1.071863986853789e-05,3.0555173426590954e-05,7.737880039592305e-09,1.1583326423355549e-07,0.002579171717641223,4.045587539325101e-10,5.585779986282727e-06,4.600991169778224e-12,0.013894988064592828,-0.036105011935407175,1
370.5,261.05647369953203,243.07219351068701,0.002840868236409615,0.1296541763755205,500003000.0,3.700764254653612,1.0722502607485336e-05,3.061299602984512e-05,7.72547789489393e-09,1.1564520650833771e-07,0.0025819611362346284,4.078184513472279e-10,5.580847423491694e-06,4.621786999676351e-12,0.013882718066540888,-0.03611728193345912,1
371.0,261.0384150585653,242.71950868808787,0.0028407049280865415,0.12985538586992407,500003000.0,3.7094283014370073,1.0726359157876171e-05,3.067072498966155e-05,7.713100781668374e-09,1.1545791963285245e-07,0.0025847480915041077,4.110901318770823e-10,5.5759150607102e-06,4.642564995524741e-12,0.013870448565974823,-0.03612955143402518,1
371.5,261.0203502828483,242.36716171340473,0.0028405440783111,0.13005670267403385,500003000.0,3.718057509333224,1.0730209532181454e-05,3.072836068776707e-05,7.700748610565788e-09,1.1527139621104127e-07,0.0025875325835431314,4.1437373856800715e-10,5.570982902361607e-06,4.663324531035451e-12,0.013858179573896257,-0.03614182042610375,1
372.0,261.00227937263526,242.01515253627377,0.0028403856813534393,0.13025812681531618,500003000.0,3.7266517365767404,1.0734053742827812e-05,3.078590350223743e-05,7.688421292716548e-09,1.1508562894072861e-07,0.002590314612447423,4.176692141373907e-10,5.566050952879522e-06,4.684064983964629e-12,0.013845911101332306,-0.0361540888986677,1
372.5,260.9842023281859,241.66348110602996,0.002840229731506952,0.13045965832120732,500003000.0,3.7352108451661588,1.0737891802197665e-05,3.084335380754351e-05,7.676118739704636e-09,1.1490061061215334e-07,0.0025930941783149524,4.2097650098403386e-10,5.561119216690723e-06,4.70478573616755e-12,0.013833643159293117,-0.03616635684070689,1
373.0,260.9661191497656,241.31214737170694,0.0028400762230936095,0.1306612972191134,500003000.0,3.7437347008567623,1.0741723722629454e-05,3.0900711974596764e-05,7.663840863579569e-09,1.1471633410651367e-07,0.00259587128124594,4.2429554119809285e-10,5.556187698225973e-06,4.725486173651792e-12,0.013821375758798753,-0.036178624241201246,1
373.5,260.948029837645,240.96115128203587,0.0028399251504718365,0.1308630435364106,500003000.0,3.752223173152336,1.0745549516417892e-05,3.095797837079404e-05,7.651587576875008e-09,1.1453279239453982e-07,0.0025986459213428684,4.27626276570995e-10,5.551256401935712e-06,4.746165686629069e-12,0.013809108910918244,-0.03619089108908176,1
374.0,260.92993439210045,240.61049278544596,0.002839776508022398,0.13106489730043064,500003000.0,3.7606761352961633,1.0749369195814176e-05,3.1015153360061575e-05,7.639358792568184e-09,1.143499785350821e-07,0.002601418098710472,4.309686486053138e-10,5.5463253322628e-06,4.7668236695650956e-12,0.01379684262670177,-0.03620315737329823,1
374.5,260.9118328134138,240.26017183006397,0.002839630290156958,0.13126685853848274,500003000.0,3.7690934642613922,1.0753182773026227e-05,3.107223730289845e-05,7.627154424100439e-09,1.1416788567375506e-07,0.002604187813455748,4.3432259852462273e-10,5.541394493659562e-06,4.787459521229448e-12,0.013784576917223072,-0.036215423082776935,1
375.0,260.8937251018724,239.91018836371387,0.0028394864913169632,0.13146892727782558,500003000.0,3.7774750407406503,1.0756990260218913e-05,3.112923055641924e-05,7.614974385371702e-09,1.1398650704156721e-07,0.002606955065687956,4.3768806728330767e-10,5.536463890585913e-06,4.80807264474232e-12,0.013772311793574783,-0.03622768820642522,1
375.5,260.8756112577692,239.5605423339174,0.002839345105964535,0.1316711035456977,500003000.0,3.7858207491349156,1.076079166951427e-05,3.118613347439605e-05,7.602818590713647e-09,1.1380583595362317e-07,0.0026097198555186146,4.410649955763378e-10,5.5315335274919615e-06,4.8286624476218415e-12,0.013760047266825153,-0.036239952733174846,1
376.0,260.85749128140264,239.2112336878928,0.0028392061285992813,0.13187338736928983,500003000.0,3.7941304775418176,1.0764587012991735e-05,3.124294640729995e-05,7.590686954932245e-09,1.1362586580780436e-07,0.0026124821830615123,4.444533238490096e-10,5.526603408851044e-06,4.849228341828268e-12,0.013747783348100229,-0.036252216651899774,1
376.5,260.8393651730767,238.86226237255494,0.0028390695537459996,0.1320757787757708,500003000.0,3.8024041177431327,1.0768376302688372e-05,3.129966970234171e-05,7.578579393272344e-09,1.1344659008351588e-07,0.0026152420484327078,4.478529923066336e-10,5.521673539136083e-06,4.869769743808394e-12,0.013735520048525037,-0.036264479951474964,1
377.0,260.821232933101,238.51362833451518,0.00283893537595602,0.13227827779225765,500003000.0,3.8106415651916565,1.0772159550599081e-05,3.135630370351192e-05,7.566495821418891e-09,1.1326800234041363e-07,0.0026179994517505313,4.512639409241798e-10,5.516743922822519e-06,4.890286074536857e-12,0.013723257379230878,-0.036276742620769124,1
377.5,260.8030945617906,238.1653315200813,0.0028388035898071224,0.1324808844458328,500003000.0,3.818842718997422,1.0775936768676828e-05,3.1412848751620517e-05,7.554436155494318e-09,1.1309009621719205e-07,0.002620754393135583,4.546861094558779e-10,5.51181456438846e-06,4.910776759557659e-12,0.013710995351355707,-0.0362890046486443,1
378.0,260.78495005946627,237.81737187525718,0.002838674189905609,0.13268359876355967,500003000.0,3.8270074819132645,1.0779707968832858e-05,3.1469305184335715e-05,7.542400312061697e-09,1.1291286543039228e-07,0.00262350687271074,4.581194374447656e-10,5.5068854683190265e-06,4.93124122902427e-12,0.013698733976054934,-0.03630126602394507,1
378.5,260.76679942645427,237.46974934574249,0.0028385471708852793,0.1328864207724424,500003000.0,3.8351357603197527,1.0783473162936918e-05,3.152567333622231e-05,7.530388208119602e-09,1.1273630377318966e-07,0.002626256890601157,4.615638642321838e-10,5.501956639104633e-06,4.951678917736516e-12,0.01368647326449715,-0.03631352673550285,1
379.0,260.7486426630865,237.12246387693293,0.0028384225274033807,0.1330893504994525,500003000.0,3.843227464209466,1.0787232362817462e-05,3.158195353877944e-05,7.518399761089078e-09,1.125604051142551e-07,0.0026290044469342634,4.65019328967216e-10,5.497028081233472e-06,4.972089265178352e-12,0.01367421322784543,-0.036325786772154575,1
379.5,260.7304797697004,236.77551541391912,0.0028383002541517064,0.13329238797153395,500003000.0,3.8512825071707377,1.0790985580261883e-05,3.163814612047775e-05,7.50643488884066e-09,1.1238516339662068e-07,0.0026317495418397784,4.68485770616078e-10,5.492099799213273e-06,4.992471715553665e-12,0.013661953877311466,-0.03633804612268854,1
380.0,260.7123107466391,236.42890390148753,0.002838180345839197,0.1334955332155766,500003000.0,3.8593008063706606,1.0794732827016706e-05,3.169425140679602e-05,7.494493509646025e-09,1.1221057263654138e-07,0.0026344921754496947,4.719631279714333e-10,5.4871717975379276e-06,5.012825717819482e-12,0.01364969522407254,-0.03635030477592746,1
380.5,260.6941355942511,236.08262928411855,0.002838062797215709,0.133698786258454,500003000.0,3.8672822825376896,1.0798474114787825e-05,3.1750269720257236e-05,7.482575542238476e-09,1.1203662692242744e-07,0.0026372323478983054,4.754513396616702e-10,5.4822440807337385e-06,5.033150725720321e-12,0.01363743727938657,-0.03636256272061343,1
381.0,260.67595431289084,235.7366915059887,0.0028379476030371852,0.13390214712696677,500003000.0,3.875226859943403,1.0802209455240684e-05,3.1806201380464096e-05,7.470680905718803e-09,1.1186332041372329e-07,0.0026399700593221775,4.789503441600828e-10,5.4773166532924155e-06,5.0534461978176e-12,0.013625180054425437,-0.036374819945574566,1
381.5,260.65776690291807,235.3910905109682,0.0028378347581041892,0.1341056158479164,500003000.0,3.883134466384001,1.0805938860000512e-05,3.186204670413405e-05,7.458809519654592e-09,1.116906473399073e-07,0.0026427053098601774,4.824600797940256e-10,5.472389519745783e-06,5.073711597522677e-12,0.01361292356046082,-0.03638707643953918,1
382.0,260.6395733646983,235.0458262426221,0.002837724257233562,0.13430919244803244,500003000.0,3.891005033160997,1.0809662340652513e-05,3.191780600513375e-05,7.44696130400329e-09,1.115186019993963e-07,0.0026454380996534604,4.859804847539673e-10,5.4674626846113286e-06,5.093946393123107e-12,0.013600667808728754,-0.03639933219127125,1
382.5,260.62137369860267,234.70089864420908,0.002837616095274296,0.1345128769540228,500003000.0,3.8988384950615225,1.0813379908742089e-05,3.197347959451303e-05,7.435136179151734e-09,1.1134717875856509e-07,0.00264816842884548,4.895114971024981e-10,5.4625361524231045e-06,5.114150057812139e-12,0.013588412810506493,-0.03641158718949351,1
383.0,260.6031679050079,234.3563076586827,0.002837510267090203,0.13471666939254393,500003000.0,3.906634790337959,1.0817091575775024e-05,3.202906778053839e-05,7.423334065868542e-09,1.1117637205072157e-07,0.002650896297581981,4.930530547832463e-10,5.457609927698663e-06,5.134322069713912e-12,0.013576158577030251,-0.036423841422969755,1
383.5,260.5849559842964,234.01205322868975,0.002837406767583261,0.1349205697902241,500003000.0,3.914393860687241,1.0820797353217706e-05,3.208457086872596e-05,7.411554885363004e-09,1.1100617637514106e-07,0.0026536217060110097,4.966050956297458e-10,5.452684014984209e-06,5.1544619119094695e-12,0.013563905119607544,-0.036436094880392456,1
384.0,260.5667379368562,233.66813529657108,0.0028373055916711526,0.13512457817362883,500003000.0,3.9221156512294417,1.0824497252497318e-05,3.2139989161874e-05,7.399798559224188e-09,1.1083658629607392e-07,0.0026563446542829097,5.001675573742042e-10,5.447758418811726e-06,5.174569072459213e-12,0.013551652449510515,-0.036448347550489486,1
384.5,260.54851376308096,233.32455380436073,0.002837206734303595,0.1353286945693018,500003000.0,3.92980011048604,1.0828191285002048e-05,3.219532296009491e-05,7.388065009461399e-09,1.1066759644182733e-07,0.0026590651425503313,5.037403776562165e-10,5.4428331437305814e-06,5.194643044426927e-12,0.01353940057805457,-0.03646059942194543,1
385.0,260.53028346337,232.98130869378596,0.0028371101904529857,0.13553291900375172,500003000.0,3.9374471903575827,1.0831879462081287e-05,3.225057256084682e-05,7.376354158477624e-09,1.1049920150382294e-07,0.002661783170968229,5.073234940313846e-10,5.43790819428985e-06,5.21468332590051e-12,0.013527149516554399,-0.036472850483445604,1
385.5,260.5120470381283,232.6383999062674,0.002837015955113544,0.1357372515034197,500003000.0,3.9450568461009174,1.0835561795045819e-05,3.230573825896465e-05,7.364665929065231e-09,1.1033139623565714e-07,0.00266449873969386,5.109168439798643e-10,5.432983575036953e-06,5.234689420010836e-12,0.013514899276320597,-0.03648510072367941,1
386.0,260.49380448776645,232.29582738291782,0.0028369240233141993,0.1359416920947195,500003000.0,3.9526290363060217,1.0839238295168038e-05,3.2360820346690767e-05,7.353000244437254e-09,1.101641754522313e-07,0.002667211848886798,5.145203649148374e-10,5.428059290542572e-06,5.254660834951966e-12,0.013502649868721628,-0.036497350131278375,1
386.5,260.4755558127008,231.9535910645431,0.002836834390097904,0.13614624080402465,500003000.0,3.960163722872263,1.0842908973682124e-05,3.2415819113705196e-05,7.341357028171642e-09,1.0999753402885804e-07,0.0026699224987089235,5.181339941908854e-10,5.423135345361329e-06,5.274597083998126e-12,0.013490401305086028,-0.03650959869491398,1
387.0,260.45730101335334,231.6116908916417,0.002836747050535104,0.13635089765766886,500003000.0,3.9676608709843153,1.0846573841784247e-05,3.2470734847155395e-05,7.329736204244159e-09,1.0983146690039345e-07,0.0026726306893244283,5.21757669112292e-10,5.4182117440578315e-06,5.294497685520048e-12,0.013478153596767184,-0.03652184640323282,1
387.5,260.4390400901517,231.27012680440413,0.0028366619997237824,0.13655566268192115,500003000.0,3.9751204490876573,1.0850232910632759e-05,3.252556783168558e-05,7.318137697026354e-09,1.0966596906036542e-07,0.0026753364208998223,5.253913269412604e-10,5.413288491206992e-06,5.314362162999201e-12,0.01346590675514413,-0.036534093244855875,1
388.0,260.42077304352927,230.92889874271341,0.0028365792327808455,0.13676053590303885,500003000.0,3.982542428863588,1.085388619134839e-05,3.258031834946567e-05,7.30656143126129e-09,1.0950103556017423e-07,0.0026780396936039287,5.290349049060349e-10,5.408365591377849e-06,5.334190045043485e-12,0.013453660791581303,-0.036546339208418696,1
388.5,260.4024998739251,230.58800664614455,0.002836498744849884,0.13696551734719792,500003000.0,3.9899267852039166,1.085753369501443e-05,3.263498668021978e-05,7.2950073320815515e-09,1.0933666150821737e-07,0.0026807405076078885,5.326883402089438e-10,5.403443049148625e-06,5.353980865397478e-12,0.013441415717466005,-0.036558584282534,1
389.0,260.38422058178384,230.24745045396378,0.002836420531103559,0.13717060704056808,500003000.0,3.9972734961852585,1.0861175432676937e-05,3.2689573101254345e-05,7.28347532501326e-09,1.0917284206913499e-07,0.0026834388630851695,5.363515700343519e-10,5.398520869111485e-06,5.373734162956632e-12,0.013429171544220228,-0.036570828455779775,1
389.5,260.36593516755596,229.90723010512906,0.002836344586732979,0.1373758050092459,500003000.0,4.004582543042897,1.0864811415344911e-05,3.2744077887485825e-05,7.271965335946787e-09,1.0900957246296509e-07,0.0026861347602115597,5.400245315565166e-10,5.393599055852575e-06,5.3934494817751814e-12,0.013416928283251014,-0.03658307171674899,1
390.0,260.34764363169757,229.56734553828954,0.0028362709069553647,0.13758111127931955,500003000.0,4.011853910144345,1.0868441653990488e-05,3.279850131146803e-05,7.26047729115445e-09,1.0884684796440844e-07,0.0026888281991651725,5.437071619473594e-10,5.388677613966848e-06,5.4131263710776565e-12,0.01340468594598732,-0.03659531405401269,1
390.5,260.32934597467056,229.22779669178638,0.002836199487003368,0.13778652587677548,500003000.0,4.019087584962497,1.0872066159549117e-05,3.285284364341903e-05,7.2490111172612406e-09,1.0868466390199257e-07,0.002691519180126445,5.47399398384135e-10,5.383756548038042e-06,5.432764385263521e-12,0.013392444543830224,-0.03660755545616978,1
391.0,260.3110421969425,228.88858350365132,0.0028361303221434543,0.13799204882759758,500003000.0,4.026283558048542,1.0875684942919761e-05,3.2907105151247723e-05,7.237566741289846e-09,1.0852301565738797e-07,0.002694207703278144,5.511011780570251e-10,5.378835862673812e-06,5.452363083917743e-12,0.013380204088240309,-0.03661979591175969,1
391.5,260.2927322989866,228.54970591160694,0.0028360634076618884,0.13819768015771655,500003000.0,4.033441823004457,1.0879298014965072e-05,3.296128610058004e-05,7.226144090622837e-09,1.0836189866462844e-07,0.002696893768805368,5.548124381766211e-10,5.373915562479339e-06,5.471922031814694e-12,0.013367964590672026,-0.036632035409327975,1
392.0,260.27441628128196,228.21116385306667,0.002835998738866701,0.13840341989302446,500003000.0,4.040562376455213,1.0882905386511575e-05,3.3015386754784734e-05,7.214743093005796e-09,1.082013084093913e-07,0.0026995773768955476,5.585331159813169e-10,5.368995652061339e-06,5.491440798923346e-12,0.013355726062583654,-0.03664427393741635,1
392.5,260.25609414431324,227.87295726513412,0.0028359363110930604,0.13860926805933727,500003000.0,4.047645218020712,1.0886507068349854e-05,3.306940737499886e-05,7.203363676559043e-09,1.0804124042825318e-07,0.0027022585277384488,5.622631487446091e-10,5.364076136038433e-06,5.510918960409563e-12,0.013343488515463102,-0.0366565114845369,1
393.0,260.23776588857095,227.53508608460365,0.0028358761196927698,0.13881522468246082,500003000.0,4.054690350287365,1.0890103071234728e-05,3.3123348220152875e-05,7.192005769749048e-09,1.078816903080311e-07,0.0027049372215261725,5.660024737822931e-10,5.359157019021537e-06,5.5303560966409185e-12,0.013331251960779125,-0.03666874803922088,1
393.5,260.21943151455133,227.19755024796,0.0028358181600414917,0.1390212897881189,500003000.0,4.061697778779459,1.089369340588543e-05,3.3177209546995394e-05,7.18066930140494e-09,1.0772265368503766e-07,0.0027076134584531554,5.697510284595658e-10,5.354238305627759e-06,5.549751793185584e-12,0.0133190164100159,-0.036680983589984104,1
394.0,260.2010910227563,226.8603496913775,0.002835762427543911,0.139227463402022,500003000.0,4.068667511930252,1.0897278082985794e-05,3.323099161011762e-05,7.169354200729613e-09,1.0756412624444747e-07,0.0027102872387161784,5.735087501980349e-10,5.349320000490354e-06,5.569105640815247e-12,0.013306781874697781,-0.03669321812530222,1
394.5,260.1827444136937,226.5234843507211,0.002835708917616016,0.1394337455498067,500003000.0,4.075599561052727,1.0900857113184422e-05,3.328469466197741e-05,7.1580603972530925e-09,1.0740610371958341e-07,0.002712958562514358,5.772755764826139e-10,5.344402108225534e-06,5.588417235502177e-12,0.013294548366306745,-0.03670545163369326,1
395.0,260.16439168787684,226.1869541615446,0.0028356576257107325,0.13964013625708185,500003000.0,4.0824939403102665,1.090443050709487e-05,3.333831895292306e-05,7.146787820895389e-09,1.0724858189128973e-07,0.002715627430049162,5.8105144486834e-10,5.339484633480992e-06,5.60768617841937e-12,0.013282315896403094,-0.03671768410359691,1
395.5,260.14603284582506,225.85075905909184,0.0028356085472907465,0.1398466355493954,500003000.0,4.089350666686898,1.0907998275295819e-05,3.3391864731216685e-05,7.135536401896091e-09,1.0709155658725952e-07,0.0027182938415243984,5.848362929870659e-10,5.334567580884941e-06,5.626912075936532e-12,0.013270084476498682,-0.03672991552350132,1
396.0,260.1276678880633,225.51489897829555,0.002835561677850275,0.14005324345225947,500003000.0,4.096169759957491,1.0911560428331252e-05,3.3445332243057396e-05,7.1243060708673934e-09,1.0693502368141482e-07,0.002720957797146227,5.886300585540739e-10,5.3296509550873054e-06,5.64609453961744e-12,0.013257854118159391,-0.03674214588184061,1
396.5,260.1092968151224,225.17937385377869,0.002835517012891686,0.14025995999111376,500003000.0,4.102951242657587,1.0915116976710619e-05,3.349872173260402e-05,7.113096758733557e-09,1.0677897909325328e-07,0.0027236192971231495,5.924326793745663e-10,5.3247347607160155e-06,5.665233186213822e-12,0.013245624832896407,-0.036754375167103594,1
397.0,260.0909196275388,224.84418361985252,0.0028354745479553197,0.140466785191375,500003000.0,4.109695140053215,1.091866793090902e-05,3.355203344199766e-05,7.101908396803934e-09,1.0662341878726607e-07,0.0027262783416660257,5.962440933500803e-10,5.3198190024332146e-06,5.6843276376617366e-12,0.013233396632306032,-0.03676660336769397,1
397.5,260.07253632585497,224.50932821051745,0.0028354342785939348,0.14067371907839632,500003000.0,4.116401480110342,1.0922213301367374e-05,3.360526761138381e-05,7.090740916707058e-09,1.064683387723019e-07,0.002728934930988066,6.000642384847758e-10,5.3149036848874965e-06,5.7033775210733705e-12,0.01322116952795088,-0.03677883047204912,1
398.0,260.05414691061895,224.17480755946303,0.002835396200381009,0.1408807616774866,500003000.0,4.123070293464247,1.0925753098492579e-05,3.3658424478934304e-05,7.07959425040975e-09,1.0631373510098394e-07,0.002731589065304831,6.038930528916347e-10,5.30998881272972e-06,5.7223824687303235e-12,0.013208943531399222,-0.03679105646860078,1
398.5,260.03575138238466,223.84062160006695,0.002835360308918619,0.14108791301389878,500003000.0,4.129701613388722,1.0929287332657696e-05,3.371150428086886e-05,7.068468330234984e-09,1.0615960386911419e-07,0.0027342407448342427,6.07730474798556e-10,5.305074390627957e-06,5.741342118074767e-12,0.013196718654262146,-0.036803281345737855,1
399.0,260.01734974171177,223.5067702653954,0.002835326599825731,0.141295173112854,500003000.0,4.136295475765093,1.0932816014202112e-05,3.376450725147642e-05,7.057363088830885e-09,1.0600594121511232e-07,0.002736889969796583,6.11576442554345e-10,5.300160423245775e-06,5.760256111701012e-12,0.01318449490813956,-0.03681550509186044,1
399.5,259.9989419891658,223.17325348820333,0.0028352950687392958,0.1415025419994977,500003000.0,4.142851919051079,1.0936339153431698e-05,3.381743362313613e-05,7.046278459171806e-09,1.0585274331941711e-07,0.002739536740414487,6.154308946345945e-10,5.295246915244517e-06,5.779124097343636e-12,0.013172272304625855,-0.03682772769537415,1
400.0,259.98052812531813,222.84007120093398,0.0028352657113195675,0.14171001969893932,500003000.0,4.149370984249573,1.0939856760618983e-05,3.3870283626338106e-05,7.0352143745698536e-09,1.0570000640395484e-07,0.0027421810569129524,6.192937696474743e-10,5.290333871293471e-06,5.79794572786793e-12,0.013160050855335195,-0.036839949144664805,1
400.5,259.9621081507458,222.50722333571815,0.0028352385232534374,0.14191760623624197,500003000.0,4.155852714877291,1.0943368846003323e-05,3.3923057489703895e-05,7.024170768681349e-09,1.0554772673158157e-07,0.002744822919519343,6.231650063394125e-10,5.28542129607623e-06,5.816720661257594e-12,0.01314783057191734,-0.036852169428082664,1
401.0,259.9436820660317,222.1747098243747,0.002835213500242767,0.14212530163639986,500003000.0,4.16229715693325,1.094687541979106e-05,3.397575544000666e-05,7.013147575476211e-09,1.053959006055267e-07,0.0027474623284633884,6.270445436006652e-10,5.280509194269156e-06,5.835448560601066e-12,0.013135611466004091,-0.036864388533995915,1
401.5,259.9252498717647,221.8425305984106,0.002835190638008809,0.1423331059243678,500003000.0,4.168704358867184,1.0950376492155684e-05,3.40283777021911e-05,7.002144729247293e-09,1.0524452436888018e-07,0.002750099283977182,6.309323204707893e-10,5.2755975705498525e-06,5.8541290940790106e-12,0.013123393549230332,-0.03687660645076967,1
402.0,259.90681156853935,221.51068558902045,0.002835169932295515,0.14254101912505118,500003000.0,4.1750743715478915,1.0953872073237993e-05,3.408092449939313e-05,6.991162164616869e-09,1.0509359440406196e-07,0.0027527337862951837,6.348282761440154e-10,5.270686429603504e-06,5.872761934949594e-12,0.013111176833249836,-0.03688882316675017,1
402.5,259.88836715695595,221.17917472708558,0.0028351513788755904,0.14274904126331142,500003000.0,4.181407248231484,1.0957362173146268e-05,3.413339605295928e-05,6.980199816549801e-09,1.0494310713230935e-07,0.0027553658356542316,6.387323499745125e-10,5.265775776134287e-06,5.8913467615334694e-12,0.01309896132976362,-0.036901038670236384,1
403.0,259.86991663762086,220.84799794317595,0.0028351349735221,0.1429571723639268,500003000.0,4.187703044529474,1.0960846801956408e-05,3.418579258246585e-05,6.969257620282051e-09,1.0479305901314344e-07,0.0027579954322935235,6.426444814815379e-10,5.260865614812881e-06,5.9098832571962105e-12,0.013086747050389407,-0.03691325294961059,1
403.5,259.85146001114606,220.5171551675476,0.0028351207120516186,0.14316541245165085,500003000.0,4.193961818376998,1.096432596971212e-05,3.423811430573781e-05,6.958335511425157e-09,1.046434465439089e-07,0.002760622576454643,6.465646103545128e-10,5.255955950356714e-06,5.928371110333941e-12,0.013074534006861207,-0.0369254659931388,1
404.0,259.8329972781495,220.1866463301442,0.002835108590284475,0.14337376155117962,500003000.0,4.200183630000758,1.0967799686425054e-05,3.429036143886744e-05,6.947433425866872e-09,1.0449426625925985e-07,0.002763247268381542,6.504926764579586e-10,5.251046787456417e-06,5.946810014354419e-12,0.01306232221084639,-0.03693767778915361,1
404.5,259.8145284392549,219.85647136059632,0.0028350986040681985,0.14358221968714655,500003000.0,4.206368541887091,1.0971267962074967e-05,3.434253419623278e-05,6.936551299827162e-09,1.0434551473067329e-07,0.002765869508320551,6.544286198363577e-10,5.246138130819487e-06,5.965199667658736e-12,0.013050111674054305,-0.0369498883259457,1
405.0,259.79605349509194,219.5266301882217,0.002835090749263891,0.14379078688413546,500003000.0,4.212516618749891,1.097473080660988e-05,3.439463279051577e-05,6.9256890698232084e-09,1.0419718856598101e-07,0.0027684892965203745,6.58372380718894e-10,5.241229985145259e-06,5.983539773622778e-12,0.013037902408173995,-0.036962097591826004,1
405.5,259.777572446296,219.19712274202408,0.0028350850217643627,0.14399946316668752,500003000.0,4.218627927498622,1.0978188229946235e-05,3.4446657432720224e-05,6.914846672712088e-09,1.0404928440890556e-07,0.0027711066332321045,6.623238995241076e-10,5.236322355158578e-06,6.001830040577946e-12,0.013025694424957992,-0.03697430557504201,1
406.0,259.75908529350846,218.86794895069443,0.0028350814174686366,0.1442082485592729,500003000.0,4.224702537206161,1.0981640241969049e-05,3.4498608332189514e-05,6.9040240456269835e-09,1.0390179893857987e-07,0.0027737215187092104,6.662831168644238e-10,5.23141524556292e-06,6.0200701817896196e-12,0.013013487736105665,-0.036986512263894336,1
406.5,259.74059203737653,218.53910874261038,0.002835079932299548,0.1444171430863143,500003000.0,4.2307405190767655,1.0985086852532057e-05,3.4550485696624066e-05,6.893221126018592e-09,1.0375472886910881e-07,0.0027763339532075387,6.702499735505987e-10,5.226508661073075e-06,6.038259915437135e-12,0.013001282353344563,-0.03699871764665544,1
407.0,259.7220926785532,218.2106020458354,0.0028350805622058307,0.14462614677218977,500003000.0,4.236741946414004,1.0988528071457886e-05,3.460228973209863e-05,6.882437851658525e-09,1.0360807094912359e-07,0.002778943936985331,6.742244105960612e-10,5.221602606419144e-06,6.056398964592251e-12,0.012989078288440325,-0.037010921711559674,1
407.5,259.7035872176974,217.88242878811872,0.0028350833031549265,0.14483525964121627,500003000.0,4.242706894588672,1.0991963908538196e-05,3.465402064307929e-05,6.871674160620219e-09,1.0346182196133048e-07,0.002781551470303215,6.782063692211444e-10,5.216697086333423e-06,6.074487057196204e-12,0.012976875553164059,-0.03702312444683595,1
408.0,259.685075655474,217.55458889689692,0.002835088151118108,0.1450444817176355,500003000.0,4.248635441006681,1.0995394373533817e-05,3.470567863244032e-05,6.8609299912415e-09,1.0331597872206847e-07,0.0027841565534241965,6.821957908572129e-10,5.211792105523306e-06,6.092523926036184e-12,0.012964674159224945,-0.037035325840775055,1
408.5,259.66655799255363,217.2270822992918,0.0028350951021045836,0.14525381302566864,500003000.0,4.254527665077125,1.099881947617492e-05,3.475726390148078e-05,6.850205282205594e-09,1.0317053808091805e-07,0.00278675918661368,6.861926171507108e-10,5.206887668734131e-06,6.1105093087240505e-12,0.012952474118426576,-0.03704752588157342,1
409.0,259.64803422961285,216.89990892211097,0.002835104152134907,0.14546325358945897,500003000.0,4.260383648180234,1.1002239226161157e-05,3.48087766499409e-05,6.839499972475196e-09,1.0302549692024356e-07,0.0027893593701394563,6.901967899670881e-10,5.201983780700462e-06,6.128442947669947e-12,0.012940275442545739,-0.037059724557454266,1
409.5,259.6295043673341,216.57306869184796,0.0028351152972481055,0.1456728034331055,500003000.0,4.266203473635414,1.1005653633161812e-05,3.48602170760183e-05,6.828814001308267e-09,1.0288085215480115e-07,0.002791957104271714,6.942082513946313e-10,5.197080446159391e-06,6.146324590058894e-12,0.012928078143365539,-0.037071921856634465,1
410.0,259.6109684064058,216.24656153468217,0.0028351285334999084,0.14588246258063697,500003000.0,4.271987226669356,1.1009062706815939e-05,3.491158537638396e-05,6.818147308252283e-09,1.0273660073131477e-07,0.0027945523892830277,6.982269437482011e-10,5.192177669847464e-06,6.164153987824578e-12,0.012915882232667724,-0.03708411776733228,1
410.5,259.5924263475221,215.92038737647837,0.002835143856969417,0.14609223105603564,500003000.0,4.2777349943842005,1.1012466456732519e-05,3.4962881746198e-05,6.8074998331587705e-09,1.0259273962809007e-07,0.002797145225448374,7.022528095728702e-10,5.187275456513064e-06,6.181930897624487e-12,0.012903687722263508,-0.03709631227773649,1
411.0,259.57387819138324,215.59454614278658,0.0028351612637537945,0.1463021088832287,500003000.0,4.283446865725739,1.1015864892490604e-05,3.501410637912531e-05,6.796871516169032e-09,1.0244926585461387e-07,0.0027997356130451258,7.062857916474563e-10,5.182373810906838e-06,6.199655080813254e-12,0.012891494623969744,-0.03710850537603026,1
411.5,259.5553239386952,215.26903775884233,0.002835180749965559,0.14651209608608137,500003000.0,4.289122931451712,1.1019258023639458e-05,3.506525946735089e-05,6.786262297706217e-09,1.0230617645116023e-07,0.002802323552353052,7.103258329879631e-10,5.177472737776933e-06,6.21732630341555e-12,0.01287930294959709,-0.03712069705040291,1
412.0,259.53676359017,214.9438621495663,0.002835202311737803,0.14672219268840822,500003000.0,4.294763284100177,1.10226458596987e-05,3.5116341201595095e-05,6.775672118486381e-09,1.0216346848841484e-07,0.0028049090436543236,7.14372876850924e-10,5.1725722418787025e-06,6.234944336099217e-12,0.012867112710974134,-0.03713288728902587,1
412.5,259.5181971465255,214.61901923956484,0.002835225945216581,0.14693239871395197,500003000.0,4.30036801795794,1.102602841015845e-05,3.5167351771128635e-05,6.765100919498873e-09,1.0202113906708395e-07,0.0028074920872335095,7.184268667366414e-10,5.167672327961005e-06,6.252508954146593e-12,0.012854923919913323,-0.03714507608008668,1
413.0,259.4996246084855,214.29450895312846,0.002835251646578112,0.14714271418641506,500003000.0,4.305937229029171,1.1029405684479473e-05,3.5218291363787407e-05,6.754548642045881e-09,1.0187918531754253e-07,0.002810072683377588,7.224877463923508e-10,5.162773000797667e-06,6.270019937427561e-12,0.012842736588289225,-0.03715726341171078,1
413.5,259.4810459767796,213.97033121423266,0.0028352794120092197,0.14735313912944392,500003000.0,4.311471015003989,1.103277769209332e-05,3.526916016598713e-05,6.744015227694343e-09,1.0173760439945773e-07,0.0028126508323759393,7.265554598152634e-10,5.157874265152028e-06,6.287477070370087e-12,0.012830550727950337,-0.03716944927204967,1
414.0,259.4624612521436,213.6464859465381,0.002835309237711747,0.1475636735666012,500003000.0,4.3169694752272285,1.1036144442402464e-05,3.531995836273784e-05,6.733500618285143e-09,1.015963935014112e-07,0.0028152265345203495,7.306299512555299e-10,5.152976125785167e-06,6.304880141930025e-12,0.012818366350739543,-0.03718163364926046,1
414.5,259.44387043531896,213.32297307338965,0.0028353411199128977,0.14777431752142006,500003000.0,4.322432710667334,1.1039505944780441e-05,3.5370686137658126e-05,6.723004755956238e-09,1.0145554984057768e-07,0.0028177997901050137,7.347111652191101e-10,5.148078587474849e-06,6.322228945563647e-12,0.012806183468541246,-0.03719381653145876,1
415.0,259.4252735270532,212.99979251781747,0.0028353750548476904,0.1479850710173513,500003000.0,4.3278608238853025,1.104286220857199e-05,3.5421343672989296e-05,6.712527583099638e-09,1.0131507066234155e-07,0.0028203705994265314,7.387990464705422e-10,5.1431816549838185e-06,6.339523279195522e-12,0.012794002093202507,-0.037205997906797496,1
415.5,259.4066705280998,212.67694420253628,0.00283541103877383,0.14819593407779827,500003000.0,4.33325391900383,1.1046213243093187e-05,3.547193114960928e-05,6.7020690423953216e-09,1.0117495323997429e-07,0.002822938962783913,7.428935400356279e-10,5.13828533308698e-06,6.3567629451895386e-12,0.012781822236600635,-0.03721817776339937,1
416.0,259.3880614392181,212.35442804994443,0.0028354490679746423,0.14840690672612022,500003000.0,4.33861210167657,1.1049559057631596e-05,3.552244874704643e-05,6.691629076816637e-09,1.0103519487429635e-07,0.0028255048804785863,7.469945912040264e-10,5.133389626576775e-06,6.373947750318266e-12,0.01276964391065658,-0.03723035608934342,1
416.5,259.36944626117344,212.03224398212504,0.0028354891387398318,0.14861798898558887,500003000.0,4.343935479057465,1.1052899661446388e-05,3.557289664349309e-05,6.6812076295835385e-09,1.0089579289331535e-07,0.002828068352814388,7.511021455317469e-10,5.1284945402285416e-06,6.3910775057300255e-12,0.012757467127248762,-0.03724253287275124,1
417.0,259.3508249947371,211.71039192084578,0.0028355312473770373,0.14882918087942493,500003000.0,4.34922415977029,1.1056235063768482e-05,3.5623275015819045e-05,6.670804644188576e-09,1.0075674465191926e-07,0.002830629380097565,7.552161488435595e-10,5.123600078821606e-06,6.408152026918868e-12,0.012745291898265532,-0.03725470810173447,1
417.5,259.3321976406862,211.38887178755778,0.0028355753902209496,0.1490404824308046,500003000.0,4.354478253878357,1.105956527380069e-05,3.5673584039584824e-05,6.660420064416905e-09,1.0061804753155532e-07,0.0028331879626367893,7.593365472353246e-10,5.118706247155857e-06,6.425171133693035e-12,0.012733118235646403,-0.037266881764353596,1
418.0,259.31356419980403,211.0676835033966,0.0028356215636137186,0.14925189366282476,500003000.0,4.359697872854287,1.106289030071784e-05,3.572382388905477e-05,6.6500538342988784e-09,1.004796989398881e-07,0.0028357441007431437,7.63463287076215e-10,5.113813050016524e-06,6.44213465014133e-12,0.012720946151294436,-0.03727905384870557,1
418.5,259.2949246728797,210.74682698918193,0.002835669763916574,0.14946341459853232,500003000.0,4.364883129550016,1.1066210153666908e-05,3.577399473721002e-05,6.639705898136088e-09,1.0034169631050237e-07,0.002838297794730132,7.675963150108655e-10,5.108920492195333e-06,6.4590424046018506e-12,0.012708775657128862,-0.03729122434287114,1
419.0,259.27627906070825,210.426302165417,0.0028357199875116684,0.14967504526090894,500003000.0,4.370034138166959,1.106952484176716e-05,3.582409675576131e-05,6.629376200504273e-09,1.0020403710258264e-07,0.002840849044913677,7.717355779614352e-10,5.104028578493929e-06,6.475894229628625e-12,0.012696606765093602,-0.037303393234906404,1
419.5,259.2576273640908,210.10610895228928,0.002835772230792119,0.14988678567287841,500003000.0,4.375151014226292,1.1072834374110275e-05,3.5874130115161615e-05,6.6190646862287435e-09,1.0006671880061127e-07,0.0028433978516121203,7.758810231295761e-10,5.099137313706115e-06,6.492689961958797e-12,0.012684439487113073,-0.03731556051288693,1
420.0,259.2389695838344,209.78624726966956,0.0028358264901745317,0.15009863585729522,500003000.0,4.380233874539476,1.107613875976048e-05,3.5924094984618644e-05,6.60877130041232e-09,9.992973891405963e-08,0.0028459442151462294,7.800325979983251e-10,5.094246702640513e-06,6.50942944247889e-12,0.01267227383514858,-0.03732772616485142,1
420.5,259.2203057207519,209.46671703711212,0.0028358827620906663,0.1503105958369763,500003000.0,4.38528283717891,1.1079438007754688e-05,3.59739915321072e-05,6.598495988414539e-09,9.979309497710946e-08,0.002848488135839198,7.841902503339108e-10,5.08935675010571e-06,6.526112516192438e-12,0.01266010982116134,-0.03733989017883867,1
421.0,259.2016357756625,209.1475181738556,0.002835941042979707,0.1505226656346408,500003000.0,4.390298021448754,1.1082732127102605e-05,3.6023819924381364e-05,6.588238695832468e-09,9.965678454832338e-08,0.002851029614016638,7.883539281874664e-10,5.084467460896564e-06,6.54273903218374e-12,0.012647947457078436,-0.037352052542921566,1
421.5,259.18295974939105,208.82865059882147,0.00283600132931078,0.1507348452729737,500003000.0,4.395279547856023,1.1086021126786881e-05,3.6073580326986564e-05,6.577999368551767e-09,9.952080521039444e-08,0.00285356865000659,7.925235798966847e-10,5.0795788398347286e-06,6.559308843586399e-12,0.012635786754893616,-0.03736421324510639,1
422.0,259.16427764276847,208.51011423061465,0.002836063617563696,0.15094713477458127,500003000.0,4.400227538081776,1.1089305015763232e-05,3.612327290427148e-05,6.567777952700595e-09,9.938515456983377e-08,0.002856105244139527,7.966991540873666e-10,5.0746908917342335e-06,6.57582180754717e-12,0.012623627726581679,-0.03737637227341832,1
422.5,259.14558945663174,208.19190898752373,0.002836127904231008,0.15115953416202438,500003000.0,4.40514211495254,1.1092583802960559e-05,3.617289781939984e-05,6.557574394653237e-09,9.924983025671006e-08,0.0028586393967483447,8.008805996749047e-10,5.069803621405351e-06,6.592277785192821e-12,0.01261147038410808,-0.037388529615891924,1
423.0,259.1268951918238,207.8740347875206,0.0028361941858253067,0.15137204345777966,500003000.0,4.410023402411944,1.1095857497281082e-05,3.6222455234362013e-05,6.547388641045722e-09,9.911482992434958e-08,0.0028611711081683706,8.050678658656823e-10,5.064917033667787e-06,6.6086766415938915e-12,0.012599314739461761,-0.03740068526053824,1
423.5,259.1081948491935,207.55649154826006,0.0028362624588775176,0.15158466268428483,500003000.0,4.414871525492558,1.1099126107600467e-05,3.627194530998656e-05,6.5372206387705865e-09,9.898015124909006e-08,0.002863700378737363,8.092609021584008e-10,5.060031133347743e-06,6.62501824573163e-12,0.012587160804647826,-0.037412839195352175,1
424.0,259.08948842959586,207.23927918708023,0.0028363327199303645,0.15179739186389432,500003000.0,4.419686610287897,1.1102389642767947e-05,3.632136820595155e-05,6.527070334960575e-09,9.884579192998539e-08,0.0028662272087955163,8.134596583453189e-10,5.055145925266393e-06,6.641302470461152e-12,0.012575008591658889,-0.037424991408341116,1
424.5,259.0707759338917,206.92239762100206,0.0028364049655467912,0.15201023101891395,500003000.0,4.424468783924692,1.110564811160645e-05,3.637072408079583e-05,6.516937677006804e-09,9.871174968856087e-08,0.0028687515986854564,8.176640845134272e-10,5.050261414255027e-06,6.657529192477624e-12,0.012562858112512735,-0.03743714188748727,1
425.0,259.05205736294795,206.60584676672968,0.002836479192302314,0.15222318017156983,500003000.0,4.429218174535323,1.1108901522912721e-05,3.6420013091930094e-05,6.506822612539952e-09,9.857802226853345e-08,0.0028712735487522447,8.21874131045538e-10,5.045377605141561e-06,6.673698292279637e-12,0.01255070937921877,-0.037449290620781235,1
425.5,259.03333271763756,206.28962654065026,0.0028365553967875275,0.15243623934403847,500003000.0,4.4339349112305,1.1112149885457439e-05,3.646923539564788e-05,6.4967250894348425e-09,9.844460743557163e-08,0.0028737930593433782,8.260897486213088e-10,5.040494502755152e-06,6.689809654134927e-12,0.012538562403789493,-0.03746143759621051,1
426.0,259.01460199883945,205.97373685883366,0.002836633575612997,0.15264940855842912,500003000.0,4.438619124072166,1.1115393207985348e-05,3.6518391147136394e-05,6.4866450558204115e-09,9.831150297703104e-08,0.0028763101308087913,8.303108882181888e-10,5.035612111934998e-06,6.705863166044056e-12,0.012526417198262398,-0.037473582801737605,1
426.5,258.9958652074386,205.658177637033,0.0028367137253980995,0.15286268783677737,500003000.0,4.44327094404659,1.1118631499215375e-05,3.656748050048724e-05,6.476582460053007e-09,9.817870670170001e-08,0.0028788247635008557,8.345375011122914e-10,5.030730437510669e-06,6.721858719704377e-12,0.01251427377465103,-0.03748572622534897,1
427.0,258.97712234432595,205.3429487906835,0.002836795842788521,0.15307607720106586,500003000.0,4.447890503037751,1.1121864767840753e-05,3.6616503608707026e-05,6.4665372507551305e-09,9.804621643956468e-08,0.002881336957774387,8.387695388792061e-10,5.025849484333253e-06,6.737796210475084e-12,0.01250213214502248,-0.037497867854977524,1
427.5,258.95837341039845,205.02805023490333,0.002836879924437186,0.15328957667320603,500003000.0,4.452477933800862,1.1125093022529139e-05,3.66654606237278e-05,6.4565093767707214e-09,9.791403004155435e-08,0.0028838467139866396,8.430069533947225e-10,5.020969257241662e-06,6.753675537340457e-12,0.01248999232141356,-0.03751000767858644,1
428.0,258.93961840655913,204.7134818844934,0.002836965967013011,0.15350318627504467,500003000.0,4.457033369936189,1.1128316271922732e-05,3.671435169641745e-05,6.446498787184013e-09,9.778214537930555e-08,0.00288635403249731,8.472496968355016e-10,5.016089761078312e-06,6.7694966028741495e-12,0.012477854315869804,-0.0375221456841302,1
428.5,258.9208573337171,204.3992436539378,0.0028370539671969,0.15371690602836377,500003000.0,4.461556945863074,1.1131534524638385e-05,3.676317697658992e-05,6.4365054313092845e-09,9.765056034492481e-08,0.0028888589136685304,8.514977216796677e-10,5.011211000682165e-06,6.785259313203064e-12,0.012465718140428166,-0.03753428185957183,1
429.0,258.9020901927873,204.0853354574019,0.0028371439217007755,0.15393073595489057,500003000.0,4.466048796794256,1.1134747789267752e-05,3.68119366130153e-05,6.426529258732772e-09,9.75192728507609e-08,0.0028913613578648916,8.557509807073498e-10,5.00633298092242e-06,6.8009635779716696e-12,0.012453583807200826,-0.03754641619279918,1
429.5,258.8833169846909,203.7717572087349,0.0028372358272286866,0.15414467607625326,500003000.0,4.470509058710293,1.1137956074377364e-05,3.686063075342987e-05,6.416570219223442e-09,9.738828082914877e-08,0.002893861365453417,8.600094270011285e-10,5.00145570663001e-06,6.816609310303882e-12,0.012441451328204787,-0.037558548671795214,1
430.0,258.864537710355,203.45850882146755,0.002837329680520262,0.15435872641405912,500003000.0,4.474937868334396,1.1141159388508779e-05,3.6909259544545986e-05,6.406628262830215e-09,9.725758223222743e-08,0.0028963589368035834,8.642730139464525e-10,4.996579182674376e-06,6.832196426770077e-12,0.012429320715552849,-0.037570679284447156,1
430.5,258.8457523707128,203.14559020881293,0.0028374254783224157,0.15457288698982005,500003000.0,4.4793353631073725,1.1144357740178688e-05,3.6957823132061825e-05,6.396703339816759e-09,9.712717503167286e-08,0.0028988540722873174,8.685416952319639e-10,4.991703413913662e-06,6.8477248473477296e-12,0.012417191981329723,-0.03758280801867028,1
431.0,258.82696096670344,202.83300128366736,0.0028375232173879082,0.15478715782498154,500003000.0,4.48370168116285,1.1147551137879016e-05,3.700632166067107e-05,6.386795400657296e-09,9.699705721849379e-08,0.002901346772278984,8.728154248497686e-10,4.986828405192399e-06,6.863194495386259e-12,0.012405065137586267,-0.037594934862413734,1
431.5,258.8081634992722,202.52074195860862,0.002837622894500383,0.15500153894093624,500003000.0,4.488036961302805,1.1150739590077061e-05,3.7054755274072486e-05,6.376904396091797e-09,9.686722680282171e-08,0.002903837037155408,8.770941570956587e-10,4.981954161385594e-06,6.8786052975713444e-12,0.012392940196449152,-0.03760705980355085,1
432.0,258.7893599693704,202.20881214589733,0.0028377245064458985,0.15521603035899975,500003000.0,4.492341342973242,1.1153923105215591e-05,3.710312411497933e-05,6.367030277060809e-09,9.673768181368139e-08,0.0029063248672958593,8.813778465692486e-10,4.977080687348831e-06,6.8939571838874925e-12,0.012380817169996753,-0.03761918283000325,1
432.5,258.77055037795543,201.89721175747619,0.002837828050030235,0.15543063210041758,500003000.0,4.496614966240201,1.1157101691712963e-05,3.715142832512872e-05,6.357172994743287e-09,9.66084202987834e-08,0.00290881026308206,8.856664481740747e-10,4.972207987948791e-06,6.909250087582079e-12,0.01236869607033505,-0.037631303929664954,1
433.0,258.7517347259906,201.58594070497006,0.0028379335220745866,0.15564534418638226,500003000.0,4.500857971765978,1.1160275357963236e-05,3.719966804529088e-05,6.347332500545768e-09,9.64794403243242e-08,0.002911293224898186,8.89959917117625e-10,4.967336068055777e-06,6.924483945129706e-12,0.012356576909579047,-0.03764342309042096,1
433.5,258.7329130144454,201.27499889968547,0.0028380409194177295,0.15586016663800298,500003000.0,4.505070500785608,1.1163444112336289e-05,3.724784341527826e-05,6.337508746106102e-09,9.635073997476265e-08,0.0029137737531308716,8.942582089113127e-10,4.962464932547608e-06,6.939658696194654e-12,0.012344459699862455,-0.03765554030013755,1
434.0,258.7140852442953,200.9643862526117,0.0028381502389028725,0.15607509947633258,500003000.0,4.509252695083577,1.116660796317792e-05,3.729595457395458e-05,6.327701683263049e-09,9.622231735263158e-08,0.0029162518481691984,8.985612793703901e-10,4.957594586286774e-06,6.954774283595707e-12,0.01233234445328085,-0.03766765554671915,1
434.5,258.69525141652196,200.65410267442044,0.0028382614773899703,0.15629014272234004,500003000.0,4.513404696970817,1.1169766918809962e-05,3.734400165924374e-05,6.3179112640827505e-09,9.609417057832185e-08,0.002918727510404704,9.028690846138114e-10,4.952725034142089e-06,6.969830653268821e-12,0.012320231181945565,-0.03767976881805444,1
435.0,258.6764115321129,200.3441480754645,0.0028383746317663184,0.15650529639695282,500003000.0,4.517526649261984,1.1172920987530403e-05,3.739198480813869e-05,6.308137440881106e-09,9.596629778990766e-08,0.0029212007402313897,9.071815810640475e-10,4.94785628100722e-06,6.98482775423271e-12,0.012308119898029758,-0.03769188010197025,1
435.5,258.6575655920619,200.03452236577917,0.002838489698918452,0.1567205605210001,500003000.0,4.521618695252898,1.1176070177613482e-05,3.743990415671015e-05,6.298380166160223e-09,9.583869714291924e-08,0.0029236715380457083,9.11498725446828e-10,4.942988331751803e-06,6.999765538550313e-12,0.012296010613646808,-0.03770398938635319,1
436.0,258.63871359736874,199.72522545508178,0.0028386066757528972,0.1569359351152593,500003000.0,4.525680978698333,1.1179214497309809e-05,3.748775984011524e-05,6.2886393926535394e-09,9.571136681017602e-08,0.0029261399042465747,9.15820474790848e-10,4.938121191257748e-06,7.0146439612946706e-12,0.012283903340940653,-0.03771609665905935,1
436.5,258.6198555490392,199.41625725277166,0.0028387255591891007,0.15715142020043965,500003000.0,4.529713643790022,1.1182353954846463e-05,3.7535551992606035e-05,6.278915073309041e-09,9.558430498158738e-08,0.002928605839235361,9.201467864274172e-10,4.933254864407017e-06,7.029462980512263e-12,0.012271798092055352,-0.03772820190794465,1
437.0,258.6009914480852,199.10761766793019,0.0028388463461604444,0.1573670157971617,500003000.0,4.533716835134918,1.1185488558427108e-05,3.758328074753801e-05,6.26920716129049e-09,9.545750986395338e-08,0.0029310693434158996,9.244776179900569e-10,4.928389356083499e-06,7.0442225571862215e-12,0.012259694879139775,-0.037740305120860226,1
437.5,258.58212129552476,198.7993066093202,0.002838969033618866,0.1575827219260076,500003000.0,4.537690697733743,1.1188618316232101e-05,3.7630946237378414e-05,6.259515609986531e-09,9.53309796808073e-08,0.002933530417194489,9.288129274140521e-10,4.923524671181111e-06,7.058922655202573e-12,0.012247593714367743,-0.037752406285632256,1
438.0,258.5632450923819,198.49132398538697,0.002839093618521843,0.15779853860747103,500003000.0,4.541635376959755,1.1191743236418592e-05,3.767854859371452e-05,6.2498403729810015e-09,9.520471267220507e-08,0.0029359890609798843,9.3315267293595e-10,4.9186608145813504e-06,7.073563241312393e-12,0.012235494609882191,-0.03776450539011781,1
438.5,258.54436283968687,198.18366970425762,0.0028392200978448684,0.15801446586196355,500003000.0,4.5455510185377985,1.1194863327120632e-05,3.772608794726179e-05,6.24018140407942e-09,9.50787070945489e-08,0.002938445275183304,9.374968130930105e-10,4.913797791175027e-06,7.088144285096462e-12,0.012223397577849225,-0.03777660242215078,1
439.0,258.5254745384758,197.87634367374082,0.0028393484685802113,0.15823050370985256,500003000.0,4.549437768523637,1.1197978596449285e-05,3.777356442787201e-05,6.23053865730517e-09,9.495296122042964e-08,0.002940899060218436,9.418453067226217e-10,4.908935605860193e-06,7.102665758931259e-12,0.01221130263045298,-0.03778869736954702,1
439.5,258.506580189791,197.5693458013269,0.002839478727733072,0.15844665217142406,500003000.0,4.5532957732835,1.120108905249273e-05,3.782097816454122e-05,6.22091208689002e-09,9.482747333843067e-08,0.0029433504165014323,9.461981129616538e-10,4.904074263535569e-06,7.117127637951959e-12,0.012199209779879252,-0.03780079022012075,1
440.0,258.48767979468096,197.26267599418875,0.002839610872312913,0.15866291126688745,500003000.0,4.557125179473888,1.1204194703316358e-05,3.78683292854177e-05,6.2113016472542215e-09,9.470224175295747e-08,0.0029457993444509034,9.505551912457728e-10,4.899213769085731e-06,7.131529900017317e-12,0.01218711903827867,-0.037812880961721335,1
440.5,258.4687733542001,196.9563341591805,0.0028397448993551285,0.15887928101638607,500003000.0,4.560926134021717,1.1207295556962884e-05,3.791561791780974e-05,6.201707293052908e-09,9.457726478407237e-08,0.0029482458444879357,9.549165013087234e-10,4.894354127418588e-06,7.145872525674946e-12,0.012175030417859908,-0.03782496958214009,1
441.0,258.449860869409,196.6503202028381,0.00283988080590333,0.15909576143999646,500003000.0,4.56469878410462,1.1210391621452451e-05,3.79628441881934e-05,6.192128979136309e-09,9.445254076732487e-08,0.0029506899170360793,9.592820031815515e-10,4.889495343434889e-06,7.160155498126159e-12,0.012162943930813835,-0.037837056069186165,1
441.5,258.4309423413744,196.3446340313797,0.0028400185890096056,0.1593123525577128,500003000.0,4.568443277131568,1.1213482904782726e-05,3.801000822222019e-05,6.1825666605494445e-09,9.432806805357693e-08,0.0029531315625213523,9.63651657191794e-10,4.884637422028845e-06,7.1743788031903965e-12,0.012150859589315067,-0.037849140410684934,1
442.0,258.4120177711691,196.03927555070496,0.002840158245748179,0.15952905438946707,500003000.0,4.572159760723748,1.1216569414929007e-05,3.805711014472462e-05,6.173020292560861e-09,9.420384500884938e-08,0.0029555707813722428,9.680254239626303e-10,4.8797803681116756e-06,7.188542429271299e-12,0.012138777405580529,-0.03786122259441947,1
442.5,258.39308715987187,195.73424466639528,0.0028402997732010706,0.15974586695512766,500003000.0,4.575848382695681,1.1219651159844322e-05,3.8104150079731696e-05,6.163489830630425e-09,9.407987001415843e-08,0.0029580075740197084,9.724032644119871e-10,4.874924186587068e-06,7.202646367321935e-12,0.012126697391808433,-0.03787330260819157,1
443.0,258.37415050856777,195.42954128371392,0.002840443168465515,0.15996279027445837,500003000.0,4.579509291036612,1.1222728147459534e-05,3.815112815046436e-05,6.1539752304245016e-09,9.395614146533414e-08,0.002960441940897178,9.767851397516096e-10,4.870068882363996e-06,7.2166906108086895e-12,0.01211461956021013,-0.037885380439789874,1
443.5,258.3552078183479,195.12516530760595,0.002840588428649166,0.16017982436718978,500003000.0,4.583142633892147,1.1225800385683435e-05,3.8198044479350815e-05,6.1444764478046155e-09,9.383265777289973e-08,0.0029628738824405516,9.811710114860901e-10,4.865214460348621e-06,7.230675155679762e-12,0.012102543922989992,-0.03789745607701001,1
444.0,258.3362590903094,194.8211166426983,0.002840735550874773,0.1603969692529525,500003000.0,4.586748559546169,1.1228867882402854e-05,3.8244899188031754e-05,6.13499343883661e-09,9.370941736188033e-08,0.0029653033990882025,9.855608414118659e-10,4.860360925452382e-06,7.244600000328322e-12,0.012090470492365531,-0.037909529507634473,1
444.5,258.3173043255556,194.5173951932993,0.0028408845322810974,0.16061422495132946,500003000.0,4.590327216402997,1.123193064548275e-05,3.8291692397367594e-05,6.125526159791636e-09,9.358641867167646e-08,0.002967730491280977,9.899545916161782e-10,4.855508282593632e-06,7.2584651455606e-12,0.012078399280571445,-0.03792160071942856,1
445.0,258.2983435251959,194.21400086339926,0.0028410353700139878,0.16083159148179907,500003000.0,4.593878752969799,1.1234988682766313e-05,3.8338424227445535e-05,6.116074567125971e-09,9.346366015588169e-08,0.002970155159462196,9.943522244759927e-10,4.850656536682486e-06,7.272270594559705e-12,0.01206633029982197,-0.03793366970017803,1
445.5,258.2793766903458,193.91093355667044,0.0028411880612329615,0.16104906886379494,500003000.0,4.597403317839259,1.1238042002075061e-05,3.8385094797586616e-05,6.1066386174943185e-09,9.334114028216422e-08,0.002972577404077652,9.987537026568878e-10,4.845805692632175e-06,7.286016352854402e-12,0.012054263562339084,-0.037945736437660915,1
446.0,258.260403822127,193.60819317646641,0.002841342603117121,0.16126665711665816,500003000.0,4.600901059672537,1.1241090611208942e-05,3.843170422635266e-05,6.097218267761523e-09,9.321885753209346e-08,0.002974997225575618,1.003158989111917e-09,4.840955755369193e-06,7.299702428283717e-12,0.012042199080377776,-0.037957800919622225,1
446.5,258.2414249216672,193.3057796258232,0.002841498992845736,0.16148435625966504,500003000.0,4.604372127182407,1.1244134517946421e-05,3.847825263155316e-05,6.087813474960002e-09,9.309681040100796e-08,0.002977414624406837,1.0075680470804225e-09,4.836106729800319e-06,7.313328830964669e-12,0.012030136866143987,-0.037969863133856016,1
447.0,258.22243999010027,193.00369280745787,0.0028416572276252013,0.16170216631202522,500003000.0,4.60781666911675,1.1247173730044594e-05,3.8524740130252095e-05,6.078424196346603e-09,9.297499739787022e-08,0.002979829601024535,1.0119808400868375e-09,4.831258620858584e-06,7.32689557325919e-12,0.01201807693190897,-0.037981923068091034,1
447.5,258.20344902856624,192.70193262377003,0.002841817304660445,0.1619200872928538,500003000.0,4.611234834242197,1.1250208255239265e-05,3.857116683877465e-05,6.069050389340484e-09,9.285341704510918e-08,0.0029822421558844095,1.0163973319394385e-09,4.826411433454735e-06,7.340402669739961e-12,0.01200601928988856,-0.03799398071011144,1
448.0,258.1844520382112,192.4004989768405,0.002841979221181062,0.16213811922121565,500003000.0,4.614626771328108,1.1253238101245054e-05,3.86175328727139e-05,6.059692011578078e-09,9.273206787850273e-08,0.00298465228944464,1.0208174867290824e-09,4.821565172521732e-06,7.353850137159575e-12,0.011993963952353847,-0.03800603604764616,1
448.5,258.1654490201874,192.09939176843247,0.002842142974419002,0.16235626211607876,500003000.0,4.617992629130746,1.1256263275755486e-05,3.86638383469374e-05,6.050349020864555e-09,9.261094844701391e-08,0.0029870600021658826,1.0252412688279053e-09,4.816719842976941e-06,7.367237994416035e-12,0.011981910931537144,-0.03801808906846286,1
449.0,258.14643997565315,191.7986108999902,0.0028423085616299066,0.16257451599636477,500003000.0,4.6213325563777445,1.1259283786443094e-05,3.871008337559374e-05,6.041021375218377e-09,9.249005731268023e-08,0.0029894652945112775,1.0296686428880024e-09,4.811875449758406e-06,7.380566262522573e-12,0.01196986023972219,-0.03803013976027781,1
449.5,258.127424905773,191.49815627264047,0.002842475980068483,0.16279288088088265,500003000.0,4.624646701752763,1.1262299640959504e-05,3.8756268072118966e-05,6.031709032818033e-09,9.23693930504433e-08,0.00299186816694644,1.034099573840065e-09,4.807031997783213e-06,7.39383496457272e-12,0.01195781188914062,-0.03804218811085938,1
450.0,258.1084038117176,191.19802778719205,0.00284264522700764,0.16301135678839365,500003000.0,4.627935213880463,1.1265310846935524e-05,3.880239254924299e-05,6.0224119520418795e-09,9.224895424804902e-08,0.0029942686199394644,1.038534026892008e-09,4.802189491980004e-06,7.407044125711163e-12,0.011945765892052798,-0.038054234107947206,1
450.5,258.08937669466366,190.89822534413506,0.002842816299737798,0.16322994373758112,500003000.0,4.63119824131169,1.1268317411981257e-05,3.884845691899594e-05,6.013130091465675e-09,9.212873950589927e-08,0.002996666653960932,1.0429719675275671e-09,4.797347937287821e-06,7.420193773100775e-12,0.011933722260744982,-0.03806627773925502,1
451.0,258.070343555794,190.5987488436414,0.00284298919555796,0.16344864174705367,500003000.0,4.634435932508904,1.1271319343686178e-05,3.88944612927144e-05,6.003863409842786e-09,9.200874743692287e-08,0.002999062269483907,1.0474133615048645e-09,4.792507338641108e-06,7.433283935891263e-12,0.011921681007491984,-0.03807831899250802,1
451.5,258.0513043962978,190.29959818556588,0.0028431639117686316,0.16366745083532253,500003000.0,4.637648435831826,1.1274316649619222e-05,3.8940405781047615e-05,5.994611866088497e-09,9.188897666643555e-08,0.0030014554669839273,1.05185817485495e-09,4.787667700957926e-06,7.446314645186963e-12,0.011909642144527879,-0.03809035785547212,1
452.0,258.03225921737004,190.0007732694442,0.002843340445701613,0.1638863710208599,500003000.0,4.640835899523416,1.1277309337328893e-05,3.898629049396364e-05,5.985375419341923e-09,9.176942583204195e-08,0.0030038462469390245,1.0563063738803365e-09,4.782829029190169e-06,7.459285934018295e-12,0.011897605684170906,-0.0381023943158291,1
452.5,258.0132080202121,189.70227399449462,0.00284351879468513,0.16410540232202783,500003000.0,4.643998471695981,1.128029741434334e-05,3.903211554075537e-05,5.976154028891656e-09,9.165009358347379e-08,0.0030062346098297067,1.0607579251534874e-09,4.777991328264952e-06,7.472197837307938e-12,0.011885571638677662,-0.03811442836132234,1
453.0,257.9941508060315,189.4041002596176,0.0028436989560622194,0.16432454475713024,500003000.0,4.647136300317592,1.1283280888170447e-05,3.907788103004662e-05,5.966947654213703e-09,9.153097858249196e-08,0.003008620556138966,1.0652127955153021e-09,4.773154603115649e-06,7.485050391842436e-12,0.011873540020320332,-0.03812645997967967,1
453.5,257.97508757604163,189.1062519633948,0.002843880927198907,0.1645437983443915,500003000.0,4.6502495331987435,1.1286259766297941e-05,3.9123587069798e-05,5.9577562549876745e-09,9.141207950275321e-08,0.0030110040863522863,1.0696709520735749e-09,4.768318858695643e-06,7.497843636241013e-12,0.011861510841420867,-0.038138489158579134,1
454.0,257.95601833146236,188.80872900409102,0.0028440647054540783,0.1647631631019495,500003000.0,4.6533383179791805,1.1289234056193458e-05,3.9169233767312843e-05,5.948579791032846e-09,9.129339502968505e-08,0.00301338520095763,1.074132362201423e-09,4.7634840999278935e-06,7.510577610925063e-12,0.011849484114225555,-0.03815051588577445,1
454.5,257.9369430735195,188.51153127965256,0.0028442502882133625,0.1649826390478823,500003000.0,4.6564028021150525,1.1292203765304647e-05,3.921482122924304e-05,5.939418222378295e-09,9.117492386038001e-08,0.0030157639004454446,1.0785969935357157e-09,4.758650331761813e-06,7.523252358089504e-12,0.011837459851046483,-0.03816254014895352,1
455.0,257.917861803445,188.2146586877076,0.002844437672872137,0.16520222620018937,500003000.0,4.659443132866242,1.129516890105926e-05,3.926034956159477e-05,5.9302715092264e-09,9.105666470346731e-08,0.003018140185308673,1.0830648139754684e-09,4.753817559144815e-06,7.535867921672279e-12,0.011825438064190771,-0.03817456193580923,1
455.5,257.89877452247714,187.91811112556724,0.002844626856827151,0.1654219245767731,500003000.0,4.662459457283916,1.1298129470865228e-05,3.9305818869734265e-05,5.921139611934682e-09,9.093861627898748e-08,0.0030205140560427353,1.0875357916802204e-09,4.748985787008463e-06,7.548424347324206e-12,0.011813418765926127,-0.038186581234073876,1
456.0,257.8796812318601,187.6218884902241,0.0028448178374998506,0.1656417341954806,500003000.0,4.665451922198369,1.130108548211076e-05,3.9351229258393414e-05,5.912022491063518e-09,9.082077731829747e-08,0.003022885513145545,1.0920098950684054e-09,4.744155020307471e-06,7.56092168238158e-12,0.011801401968577836,-0.03819859803142217,1
456.5,257.8605819328444,187.3259906783536,0.0028450106123119687,0.16586165507406472,500003000.0,4.668420674207022,1.1304036942164423e-05,3.939658083167538e-05,5.902920107324546e-09,9.07031465639375e-08,0.003025254557117499,1.096487092815693e-09,4.739325263979048e-06,7.57335997583561e-12,0.011789387684427652,-0.03821061231557235,1
457.0,257.84147662668664,187.03041758631315,0.00284520517870464,0.1660816872302062,500003000.0,4.671365859662708,1.1306983858375232e-05,3.9441873693060144e-05,5.893832421619582e-09,9.058572276952943e-08,0.003027621188461486,1.1009673538533249e-09,4.7344965229748375e-06,7.585739278304696e-12,0.011777375925793242,-0.03822262407420676,1
457.5,257.8223653146495,186.73516911014224,0.0028454015341299096,0.16630183068151866,500003000.0,4.674287624662147,1.1309926238072743e-05,3.948710794540998e-05,5.884759395022122e-09,9.046850469966796e-08,0.0030299854076828833,1.1054506473664275e-09,4.729668802246816e-06,7.5980596420062e-12,0.0117653667049931,-0.038234633295006905,1
458.0,257.803247998002,186.4402451455634,0.002845599676041231,0.16652208544552166,500003000.0,4.677186115034638,1.1312864088567121e-05,3.953228369097488e-05,5.8757009887569774e-09,9.035149112979739e-08,0.003032347215289556,1.1099369427923117e-09,4.724842106731616e-06,7.61032112072711e-12,0.011753360034307561,-0.03824663996569244,1
458.5,257.78412467801917,186.14564558798142,0.0028457996019132957,0.16674245153965875,500003000.0,4.680061476331016,1.1315797417149242e-05,3.9577401031397933e-05,5.866657164240462e-09,9.023468084611245e-08,0.003034706611791856,1.1144262098187655e-09,4.720016441383537e-06,7.622523769796952e-12,0.011741355926060902,-0.0382586440739391,1
459.0,257.7649953559822,185.8513703324832,0.0028460013092318284,0.16696292898130072,500003000.0,4.682913853812792,1.1318726231090771e-05,3.9622460067720656e-05,5.857627883058434e-09,9.011807264545219e-08,0.0030370635977026317,1.118918418382327e-09,4.715191811157615e-06,7.634667646060197e-12,0.01172935439257925,-0.03827064560742075,1
459.5,257.7458600331785,185.55741927383843,0.0028462047954889626,0.16718351778774035,500003000.0,4.685743392441508,1.132165053764425e-05,3.9667460900388254e-05,5.848613106956041e-09,9.000166533519155e-08,0.0030394181735372175,1.1234135386665435e-09,4.7103682210020715e-06,7.646752807848603e-12,0.011717355446171777,-0.038282644553828224,1
460.0,257.72671871090154,185.26379230649923,0.002846410058190733,0.1674042179761833,500003000.0,4.688550236868339,1.1324570344043177e-05,3.971240362925482e-05,5.839612797852359e-09,8.988545773313239e-08,0.00304177033981344,1.1279115411002231e-09,4.705545675870781e-06,7.658779314953696e-12,0.011705359099161724,-0.03829464090083828,1
460.5,257.7075713904511,184.9704893246007,0.0028466170948501456,0.16762502956375608,500003000.0,4.69133453142387,1.132748565750209e-05,3.975728835358852e-05,5.8306269178253985e-09,8.976944866740397e-08,0.003044120097051616,1.1324123963556713e-09,4.700724180711894e-06,7.670747228600175e-12,0.01169336536385809,-0.03830663463614191,1
461.0,257.68841807313305,184.67751022196052,0.002846825902995012,0.1678459525675155,500003000.0,4.6940964201081234,1.1330396485216654e-05,3.98021151720767e-05,5.821655429127389e-09,8.965363697636526e-08,0.003046467445774551,1.1369160753469235e-09,4.695903740480835e-06,7.68265661141964e-12,0.011681374252587985,-0.038318625747412016,1
461.5,257.66925876025937,184.38485489207892,0.002847036480165338,0.16806698700443445,500003000.0,4.696836046580773,1.1333302834363743e-05,3.9846884182830946e-05,5.812698294178621e-09,8.953802150849716e-08,0.0030488123865075475,1.1414225492279565e-09,4.691084360136042e-06,7.694507527423605e-12,0.011669385777686008,-0.03833061422231399,1
462.0,257.6500934531482,184.09252322813865,0.0028472488239128574,0.16828813289140523,500003000.0,4.699553554151579,1.1336204712101525e-05,3.98915954833921e-05,5.803755475565694e-09,8.942260112230424e-08,0.0030511549197784022,1.1459317893909026e-09,4.686266044638235e-06,7.706300041977479e-12,0.011657399951492444,-0.03834260004850756,1
462.5,257.63092215312395,183.80051512300588,0.002847462931790935,0.16850939024523015,500003000.0,4.702249085770997,1.1339102125569534e-05,3.9936249170735204e-05,5.794826936020264e-09,8.930737468621175e-08,0.003053495046117399,1.1504437674642409e-09,4.6814487989339275e-06,7.718034221774256e-12,0.011645416786312243,-0.03835458321368776,1
463.0,257.6117448615171,183.5088304692294,0.002847678801373434,0.16873075908265003,500003000.0,4.704922784021052,1.1341995081888762e-05,3.9980845341274445e-05,5.785912638456683e-09,8.91923410784819e-08,0.0030558327660573184,1.154958455310995e-09,4.676632627986487e-06,7.729710134810109e-12,0.011633436294492278,-0.03836656370550773,1
463.5,257.59256157966433,183.21746915904137,0.0028478964302365703,0.16895223942030813,500003000.0,4.707574791106353,1.1344883588161729e-05,4.0025384090867995e-05,5.777012545934351e-09,8.907749918710043e-08,0.003058168080133428,1.1594758250269102e-09,4.671817536746397e-06,7.741327850357479e-12,0.011621458488347385,-0.03837854151165262,1
464.0,257.5733723089085,182.92643108435666,0.0028481158159759773,0.16917383127477614,500003000.0,4.710205248845353,1.1347767651472575e-05,4.006986551482284e-05,5.76812662169161e-09,8.896284790969372e-08,0.003060500988883497,1.1639958489386343e-09,4.66700353017932e-06,7.75288743894106e-12,0.011609483380230151,-0.03839051661976985,1
464.5,257.55417705059864,182.63571613677325,0.00284833695619302,0.16939553466254464,500003000.0,4.712814298661787,1.1350647278887134e-05,4.011428970789956e-05,5.7592548291172115e-09,8.884838615343025e-08,0.0030628314928477815,1.1685184996018825e-09,4.662190613243688e-06,7.76438897231252e-12,0.011597510982475192,-0.03840248901752481,1
465.0,257.5349758060899,182.3453242075725,0.002848559848498174,0.16961734960001373,500003000.0,4.715402081576298,1.1353522477453012e-05,4.015865676431702e-05,5.750397131756496e-09,8.873411283492349e-08,0.003065159592569035,1.1730437497996e-09,4.657378790896353e-06,7.775832523425517e-12,0.011585541307413188,-0.03841445869258681,1
465.5,257.5157685767436,182.0552551877185,0.002848784490520086,0.16983927610352142,500003000.0,4.717968738198292,1.1356393254199676e-05,4.02029667777571e-05,5.741553493328889e-09,8.86200268801531e-08,0.003067485288592509,1.177571572540124e-09,4.652568068107417e-06,7.78721816641254e-12,0.011573574367407788,-0.038426425632592215,1
466.0,257.4965553639273,181.76550896785952,0.0028490108798831723,0.17006131418931003,500003000.0,4.720514408717928,1.1359259616138518e-05,4.024721984136928e-05,5.732723877682062e-09,8.850612722435867e-08,0.003069808581465942,1.182101941055325e-09,4.647758449823736e-06,7.798545976559392e-12,0.011561610174764814,-0.03843838982523519,1
466.5,257.4773361690147,181.4760854383264,0.0028492390142395405,0.17028346387353124,500003000.0,4.723039232898373,1.1362121570262946e-05,4.0291416047775256e-05,5.723908248855461e-09,8.839241281195258e-08,0.003072129471739574,1.1866348287987634e-09,4.642949941021051e-06,7.809816030281661e-12,0.011549648741861948,-0.03845035125813805,1
467.0,257.4581109933856,181.1869844891342,0.00284946889123527,0.17050572517227064,500003000.0,4.725543350068172,1.1364979123548452e-05,4.033555548907348e-05,5.715106571011795e-09,8.827888259644245e-08,0.003074447959966132,1.1911702094438276e-09,4.638142546649089e-06,7.821028405102065e-12,0.01153769008101216,-0.038462309918987844,1
467.5,257.43887983842615,180.8982060099812,0.002849700508537841,0.17072809810152825,500003000.0,4.728026899113863,1.1367832282952698e-05,4.0379638256843645e-05,5.706318808491402e-09,8.81655355403347e-08,0.003076764046700844,1.1957080568818737e-09,4.6333362716762916e-06,7.832183179626414e-12,0.011525734204574985,-0.03847426579542502,1
468.0,257.4196427055284,180.6097498902489,0.0028499338638264195,0.17095058267722796,500003000.0,4.730490018472744,1.1370681055415595e-05,4.042366444215117e-05,5.697544925791981e-09,8.80523706150522e-08,0.003079077732501437,1.2002483452203645e-09,4.628531121074025e-06,7.843280433520928e-12,0.011513781124917225,-0.03848621887508278,1
468.5,257.4003995960909,180.3216160190033,0.0028501689547764985,0.17117317891518824,500003000.0,4.732932846125813,1.1373525447859364e-05,4.046763413555159e-05,5.6887848875372475e-09,8.79393868008352e-08,0.0030813890179281246,1.2047910487809954e-09,4.623727099791736e-06,7.854320247488202e-12,0.011501830854351164,-0.03849816914564884,1
469.0,257.38115051151806,180.03380428499355,0.0028504057790897006,0.1713958868311729,500003000.0,4.735355519590937,1.1376365467188633e-05,4.051154742709493e-05,5.6800386585357505e-09,8.782658308668025e-08,0.0030836979035436226,1.2093361420978341e-09,4.618924212805354e-06,7.86530270324684e-12,0.011489883405254971,-0.03851011659474503,1
469.5,257.3618954532207,179.74631457665325,0.002850644334464373,0.17161870644084617,500003000.0,4.7377581759161345,1.1379201120290493e-05,4.055540440633005e-05,5.67130620372151e-09,8.771395847023562e-08,0.003086004389913137,1.2138835999154405e-09,4.614122465069692e-06,7.876227883507243e-12,0.01147793878995428,-0.03852206121004572,1
470.0,257.3426344226157,179.45914678209914,0.002850884618623584,0.17184163775979774,500003000.0,4.7401409516731015,1.1382032414034598e-05,4.059920516230892e-05,5.662587488209045e-09,8.760151195773054e-08,0.003088308477604379,1.2184333971870041e-09,4.6093218615637975e-06,7.887095871950713e-12,0.01146599702083502,-0.03853400297916498,1
470.5,257.3233674211261,179.17230078913272,0.0028511266292843354,0.17206468080351817,500003000.0,4.742503982950843,1.1384859355273214e-05,4.0642949783590855e-05,5.653882477231494e-09,8.74892425638817e-08,0.0030906101671875474,1.22298550907246e-09,4.604522407241236e-06,7.897906753206587e-12,0.01145405811021973,-0.03854594188978027,1
471.0,257.3040944501812,178.88577648523963,0.0028513703641811525,0.17228783558743593,500003000.0,4.744847405349528,1.1387681950841308e-05,4.068663835824677e-05,5.645191136186833e-09,8.737714931182995e-08,0.0030929094592353408,1.227539910936623e-09,4.599724107068294e-06,7.908660612832327e-12,0.011442122070462598,-0.0385578779295374,1
471.5,257.28481551121644,178.5995737575894,0.0028516158210614958,0.17251110212687668,500003000.0,4.7471713539745055,1.1390500207556622e-05,4.0730270973863293e-05,5.6365134306279965e-09,8.726523123304157e-08,0.0030952063543229517,1.2320965783473095e-09,4.594926966016575e-06,7.919357537290576e-12,0.011430188913931043,-0.03856981108606896,1
472.0,257.2655306056734,178.313692493036,0.0028518629976783992,0.17273448043710288,500003000.0,4.7494759634304655,1.1393314132219746e-05,4.077384771754692e-05,5.6278493262476435e-09,8.715348736724721e-08,0.003097500853028074,1.2366554870734661e-09,4.590130989051183e-06,7.92999761392977e-12,0.011418258652976312,-0.03858174134702369,1
472.5,257.2462397349999,178.0281325781178,0.002852111891794727,0.17295797053326908,500003000.0,4.751761367815782,1.1396123731614189e-05,4.081736867592809e-05,5.619198788885934e-09,8.704191676234385e-08,0.003099792955930894,1.2412166130832921e-09,4.585336181137662e-06,7.940580930961574e-12,0.011406331299950759,-0.038593668700049245,1
473.0,257.2269429006499,177.74289389905763,0.002852362501185717,0.17318157243047524,500003000.0,4.754027700717032,1.1398929012506456e-05,4.086083393516526e-05,5.610561784534842e-09,8.693051847434141e-08,0.003102082663614097,1.245779932542374e-09,4.580542547246111e-06,7.951107577442596e-12,0.011394406867218062,-0.03860559313278194,1
473.5,257.2076401040835,177.45797634176327,0.0028526148236296418,0.17340528614370349,500003000.0,4.756275095203638,1.1401729981646116e-05,4.090424358094889e-05,5.601938279319154e-09,8.681929156725843e-08,0.0031043699766628617,1.2503454218118064e-09,4.575750092336266e-06,7.961577643251538e-12,0.011382485367116127,-0.038617514632883876,1
474.0,257.1883313467671,177.17337979182673,0.0028528688569244716,0.17362911168787126,500003000.0,4.7585036838227275,1.140452664576588e-05,4.094759769850542e-05,5.593328239528509e-09,8.670823511307006e-08,0.003106654895664867,1.2549130574463309e-09,4.57095882138426e-06,7.971991219071418e-12,0.011370566812023647,-0.038629433187976354,1
474.5,257.1690166301731,176.8891041345247,0.0028531245988738987,0.17385304907781512,500003000.0,4.760713598594092,1.1407319011581673e-05,4.099089637260123e-05,5.584731631589266e-09,8.65973481916264e-08,0.003108937421210291,1.2594828161924651e-09,4.566168739360244e-06,7.982348396369147e-12,0.011358651214304443,-0.038641348785695556,1
475.0,257.1496959557802,176.60514925481925,0.0028533820472838745,0.17407709832827686,500003000.0,4.7629049710053275,1.1410107085792701e-05,4.103413968754652e-05,5.57614842205717e-09,8.648662989057238e-08,0.0031112175538918025,1.264054674986637e-09,4.561379851222949e-06,7.992649267375463e-12,0.011346738586293927,-0.03865326141370608,1
475.5,257.13036932507333,176.32151503735753,0.002853641199975619,0.1743012594538943,500003000.0,4.765077932007143,1.1412890875081523e-05,4.107732772719915e-05,5.567578577642148e-09,8.637607930527136e-08,0.0031134952943045707,1.2686286109533252e-09,4.556592161940549e-06,8.002893925065385e-12,0.011334828940351004,-0.038665171059649,1
476.0,257.1110367395435,176.0382013664718,0.0028539020547791527,0.17452553246926952,500003000.0,4.767232612008796,1.141567038611412e-05,4.112046057496853e-05,5.559022065195004e-09,8.626569553876254e-08,0.003115770643046256,1.273204601403202e-09,4.551805676480351e-06,8.013082463141952e-12,0.011322922288832415,-0.03867707771116759,1
476.5,257.0916982006879,175.75520812617887,0.002854164609541703,0.17474991738887982,500003000.0,4.769369140873698,1.1418445625539981e-05,4.1163538313819355e-05,5.5504788517230765e-09,8.615547770165081e-08,0.003118043600717024,1.277782623831278e-09,4.547020399822209e-06,8.023214976013906e-12,0.011311018644126135,-0.03868898135587387,1
477.0,257.07235371000996,175.47253520018154,0.002854428862105298,0.1749744142271273,500003000.0,4.7714876479151345,1.1421216599992155e-05,4.120656102627538e-05,5.541948904346061e-09,8.604542491205762e-08,0.0031203141679195336,1.2823626559150483e-09,4.542236336922907e-06,8.033291558779133e-12,0.01129911801856273,-0.03870088198143727,1
477.5,257.05300326901926,175.19018247186804,0.0028546948103282573,0.1751990229983228,500003000.0,4.773588261892171,1.1423983316087323e-05,4.124952879442316e-05,5.533432190337204e-09,8.59355362955448e-08,0.0031225823452589374,1.2869446755126472e-09,4.537453492750453e-06,8.043312307205845e-12,0.011287220424500706,-0.0387127795754993,1
478.0,257.0336468792315,174.90814982431195,0.00285496245208114,0.17542374371670819,500003000.0,4.775671111005687,1.1426745780425881e-05,4.129244169991569e-05,5.524928677114712e-09,8.582581098505493e-08,0.0031248481333428875,1.2915286606610081e-09,4.5326718722776306e-06,8.053277317715448e-12,0.011275325874310443,-0.03872467412568956,1
478.5,257.0142845421687,174.62643714027237,0.002855231785241672,0.17564857639640932,500003000.0,4.777736322894536,1.1429503999591997e-05,4.13352998239761e-05,5.516438332231297e-09,8.571624812082293e-08,0.003127111532781533,1.2961145895740224e-09,4.527891480473978e-06,8.063186687362861e-12,0.011263434380354247,-0.03873656561964575,1
479.0,256.9949162593589,174.34504430219442,0.0028555028076937064,0.17587352105150786,500003000.0,4.779784024631862,1.1432257980153682e-05,4.137810324740127e-05,5.507961123371576e-09,8.560684685033957e-08,0.0031293725441875198,1.3007024406407086e-09,4.523112322304211e-06,8.073040513821905e-12,0.011251545954982432,-0.038748454045017575,1
479.5,256.97554203233636,174.0639711922088,0.0028557755173356774,0.1760985776959598,500003000.0,4.781814342721556,1.1435007728662865e-05,4.14208520505654e-05,5.49949701836776e-09,8.54976063282496e-08,0.0031316311681759902,1.3052921924233852e-09,4.5183344027416625e-06,8.082838895364714e-12,0.011239660610566752,-0.038760339389433254,1
480.0,256.95616186264164,173.78321769213267,0.0028560499120669856,0.17632374634364908,500003000.0,4.783827403094826,1.1437753251655451e-05,4.146354631342355e-05,5.491045985172813e-09,8.53885257163092e-08,0.003133887405364582,1.3098838236558464e-09,4.513557726746774e-06,8.092581930846877e-12,0.011227778359446893,-0.038772221640553106,1
480.5,256.93677575182136,173.50278368346923,0.0028563259898016953,0.1765490270083794,500003000.0,4.785823331106929,1.1440494555651394e-05,4.150618611551521e-05,5.482607991886215e-09,8.5279604183317e-08,0.0031361412563734284,1.3144773132415496e-09,4.508782299288818e-06,8.10226971969028e-12,0.011215899213984507,-0.0387841007860155,1
481.0,256.9173837014284,173.2226690474081,0.0028566037484603103,0.17677441970385468,500003000.0,4.787802251534018,1.1443231647154763e-05,4.154877153596773e-05,5.47418300673753e-09,8.517084090504126e-08,0.0031383927218251563,1.3190726402518015e-09,4.504008125332937e-06,8.111902361865742e-12,0.01120402318653098,-0.038795976813469024,1
481.5,256.8979857130216,172.94287366482453,0.0028568831859819175,0.17699992444370122,500003000.0,4.789764288570126,1.1445964532653818e-05,4.159130265349982e-05,5.465770998109017e-09,8.506223506416566e-08,0.0031406418023448967,1.323669783923961e-09,4.4992352098592906e-06,8.121479957877596e-12,0.011192150289475051,-0.03880784971052495,1
482.0,256.87858178816634,172.66339741628104,0.0028571643002986194,0.17722554124145928,500003000.0,4.791709565824264,1.144869321862106e-05,4.163377954642493e-05,5.4573719344861324e-09,8.49537858502222e-08,0.0031428884985602694,1.3282687236596357e-09,4.4944635578228745e-06,8.131002608747177e-12,0.011180280535142865,-0.03881971946485714,1
482.5,256.8591719284339,172.38424018202667,0.002857447089359839,0.17745127011056094,500003000.0,4.793638206317658,1.1451417711513312e-05,4.1676202292654686e-05,5.448985784503456e-09,8.484549245951998e-08,0.00314513281110139,1.332869439022894e-09,4.489693174191819e-06,8.140470415996111e-12,0.01116841393589324,-0.03883158606410676,1
483.0,256.83975613540184,172.10540184199704,0.002857731551125558,0.17767711106437817,500003000.0,4.795550332481112,1.1454138017771778e-05,4.171857096970224e-05,5.440612516931098e-09,8.473735409510355e-08,0.0031473747406008746,1.3374719097384856e-09,4.484924063936769e-06,8.149883481632593e-12,0.011156550504091254,-0.03884344949590875,1
483.5,256.8203344106539,171.82688227581508,0.0028580176835569905,0.1779030641161728,500003000.0,4.79744606615248,1.1456854143822106e-05,4.1760885654685576e-05,5.432252100656387e-09,8.462936996667055e-08,0.003149614287693825,1.3420761156900588e-09,4.4801562320163074e-06,8.1592419081339e-12,0.011144690252071977,-0.03885530974792803,1
484.0,256.80090675578,171.5486813627903,0.002858305484634928,0.1781291292791421,500003000.0,4.7993255285742755,1.1459566096074465e-05,4.1803146424330844e-05,5.423904504718141e-09,8.452153929053093e-08,0.003151851453017848,1.3466820369184006e-09,4.475389683405733e-06,8.168545798433124e-12,0.011132833192212066,-0.038867166807787935,1
484.5,256.7814731723761,171.27079898191917,0.0028585949523441344,0.17835530656637902,500003000.0,4.801188840391384,1.1462273880923603e-05,4.184535335497561e-05,5.415569698276405e-09,8.441386128952996e-08,0.003154086237213043,1.3512896536196715e-09,4.470624423072651e-06,8.177795255902513e-12,0.011120979336869037,-0.03887902066313097,1
485.0,256.76203366204453,170.9932350118861,0.002858886084670756,0.1785815959908762,500003000.0,4.803036121648889,1.1464977504748907e-05,4.18875065225721e-05,5.40724765060704e-09,8.430633519299117e-08,0.0031563186409220008,1.3558989461436523e-09,4.4658604559729945e-06,8.186990384338901e-12,0.01110912869837138,-0.038890871301628625,1
485.5,256.7425882263937,170.71598933106245,0.0028591788796204173,0.17880799756556418,500003000.0,4.804867491790038,1.1467676973914474e-05,4.1929606002690436e-05,5.398938331135391e-09,8.419896023667397e-08,0.003158548664789809,1.360509894992004e-09,4.461097787079346e-06,8.196131287950774e-12,0.011097281289088991,-0.03890271871091101,1
486.0,256.72313686703825,170.43906181750745,0.002859473335199197,0.17903451130326195,500003000.0,4.806683069654285,1.1470372294769175e-05,4.1971651870521783e-05,5.390641709399711e-09,8.409173566269485e-08,0.003160776309464048,1.3651224808165255e-09,4.4563364213512475e-06,8.205218071341903e-12,0.011085437121359334,-0.03891456287864067,1
486.5,256.70367958559893,170.16245234896815,0.002859769449424566,0.17926113721671516,500003000.0,4.8084829734754795,1.147306347364671e-05,4.201364420088153e-05,5.382357755071284e-09,8.398466071948635e-08,0.00316300157559479,1.3697366844174335e-09,4.451576363752333e-06,8.214250839498845e-12,0.01107359620753006,-0.03892640379246994,1
487.0,256.6842163837027,169.88616080287898,0.002860067220327215,0.1794878753185782,500003000.0,4.810267320880143,1.1475750516865689e-05,4.2055583068212395e-05,5.374086437957227e-09,8.387773466173294e-08,0.003165224463834607,1.3743524867416388e-09,4.446817619253168e-06,8.223229697776343e-12,0.011061758559966052,-0.03893824144003395,1
487.5,256.66474726298264,169.61018705636295,0.0028603666459364103,0.17971472562140442,500003000.0,4.812036228885853,1.1478433430729674e-05,4.209746854658755e-05,5.365827727972428e-09,8.377095675031081e-08,0.003167444974838557,1.3789698688810377e-09,4.442060192808533e-06,8.232154751883232e-12,0.011049924190992936,-0.03895007580900707,1
488.0,256.64527222507814,169.33453098623104,0.002860667724296367,0.1799416881376632,500003000.0,4.813789813899738,1.148111222152726e-05,4.213930070971367e-05,5.3575815951697455e-09,8.366432625223989e-08,0.0031696631092641946,1.3835888120708103e-09,4.437304089382916e-06,8.241026107869733e-12,0.011038093112960478,-0.03896190688703952,1
488.5,256.6257912716346,169.0591924689824,0.0028609704534608574,0.18016876287973904,500003000.0,4.815528191717086,1.1483786895532124e-05,4.218107963093398e-05,5.349348009729282e-09,8.355784244062833e-08,0.0031718788677715668,1.3882092976877323e-09,4.432549313942136e-06,8.249843872114169e-12,0.011026265338221765,-0.03897373466177824,1
489.0,256.6063044043037,168.7841713808046,0.002861274831488604,0.18039594985993163,500003000.0,4.817251477520034,1.1486457459003098e-05,4.2222805383231294e-05,5.341126941949223e-09,8.34515045946184e-08,0.0031740922510232125,1.392831307248489e-09,4.4277958714462595e-06,8.258608151309931e-12,0.01101444087911557,-0.03898555912088443,1
489.5,256.5868116247433,168.5094675975741,0.0028615808564459075,0.1806232490904275,500003000.0,4.81895978587637,1.1489123918184224e-05,4.2264478039230956e-05,5.3329183622502216e-09,8.33453119993212e-08,0.003176303259684163,1.3974548224080031e-09,4.423043766853721e-06,8.267319052451524e-12,0.011002619747976613,-0.038997380252023386,1
490.0,256.5673129346173,168.23508099485593,0.0028618885264098054,0.1808506605833468,500003000.0,4.8206532307384355,1.1491786279304814e-05,4.2306097671203846e-05,5.324722241180729e-09,8.323926394578285e-08,0.003178511894421939,1.402079824957773e-09,4.418293005126225e-06,8.275976682823847e-12,0.010990801957147744,-0.03900919804285226,1
490.5,256.54780833559585,167.96101144790376,0.0028621978394683858,0.18107818435070733,500003000.0,4.822331925442126,1.1494444548579523e-05,4.23476643510693e-05,5.316538549416981e-09,8.313335973091724e-08,0.003180718155906558,1.4067062968242215e-09,4.413543591229248e-06,8.284581149988372e-12,0.010978987518981192,-0.03902101248101881,1
491.0,256.5282978293553,167.68725883166087,0.0028625087937078253,0.18130582040443996,500003000.0,4.823995982705963,1.1497098732208392e-05,4.238917815039803e-05,5.30836725773842e-09,8.302759865746002e-08,0.0031829220448105215,1.411334220067045e-09,4.408795530112111e-06,8.293132561771477e-12,0.010967176445789012,-0.03903282355421099,1
491.5,256.50878141757823,167.4138230207597,0.0028628213872291105,0.18153356875637908,500003000.0,4.8256455146303,1.1499748836376921e-05,4.243063914041498e-05,5.300208337058217e-09,8.292198003391392e-08,0.003185123561808823,1.415963576877588e-09,4.404048826733793e-06,8.301631026252156e-12,0.010955368749907273,-0.03904463125009273,1
492.0,256.48925910195317,167.14070388952152,0.0028631356181477072,0.18176142941828488,500003000.0,4.827280632696591,1.1502394867256132e-05,4.247204739200224e-05,5.292061758421998e-09,8.281650317450635e-08,0.0031873227075789505,1.420594349577219e-09,4.399303486062376e-06,8.310076651751068e-12,0.010943564443694697,-0.03905643555630531,1
492.5,256.469730884175,166.86790131195792,0.002863451484570819,0.18198940240179412,500003000.0,4.82890144776675,1.1505036831002614e-05,4.2513402975701796e-05,5.283927492965343e-09,8.271116739911935e-08,0.0031895194828008753,1.4252265206157103e-09,4.394559513040203e-06,8.318469546816922e-12,0.010931763539445971,-0.03906823646055403,1
493.0,256.4501967659447,166.59541516176947,0.002863768984632118,0.1822174877184939,500003000.0,4.830508070082621,1.1507674733758603e-05,4.255470596171843e-05,5.2758055119773565e-09,8.260597203326964e-08,0.003191713888157064,1.429860072569647e-09,4.3898169126371876e-06,8.326809820218119e-12,0.010919966049524377,-0.03908003395047563,1
493.5,256.4306567489695,166.32324531234747,0.002864088116453775,0.18244568537983827,500003000.0,4.832100609265497,1.1510308581652018e-05,4.259595641992244e-05,5.267695786830148e-09,8.250091640802548e-08,0.003193905924332464,1.4344949881408239e-09,4.385075689792643e-06,8.335097580928068e-12,0.010908171986217068,-0.039091828013782935,1
494.0,256.41111083496264,166.0513916367725,0.0028644088781850513,0.18267399539721835,500003000.0,4.833679174315778,1.1512938380796543e-05,4.263715441985243e-05,5.2595982890493444e-09,8.239599985998652e-08,0.0031960955920145176,1.4391312501546749e-09,4.380335849474424e-06,8.343332938117115e-12,0.010896381361882196,-0.03910361863811781,1
494.5,256.3915590256436,165.7798540078154,0.002864731267974198,0.18290241778193336,500003000.0,4.835243873612658,1.1515564137291674e-05,4.2678300030718044e-05,5.251512990261832e-09,8.229122173122317e-08,0.003198282891893156,1.4437688415586952e-09,4.375597396635907e-06,8.351516001140422e-12,0.010884594188841905,-0.0391154058111581,1
495.0,256.372001322738,165.508632297938,0.0028650552839698563,0.18313095254516484,500003000.0,4.836794814913919,1.1518185857222774e-05,4.271939332140265e-05,5.243439862197949e-09,8.218658136921908e-08,0.003200467824660791,1.4484077454208814e-09,4.370860336218252e-06,8.359646879526322e-12,0.010872810479387946,-0.03912718952061206,1
495.5,256.3524377279777,165.23772637929198,0.002865380924344244,0.1833595996980303,500003000.0,4.838332105355825,1.152080354666114e-05,4.2760434360466076e-05,5.235378876733364e-09,8.208207812684527e-08,0.003202650391012326,1.4530479449281913e-09,4.366124673185771e-06,8.367725682968093e-12,0.010861030245869664,-0.03913896975413034,1
496.0,256.3328682431006,164.96713612372014,0.002865708187264703,0.18358835925153638,500003000.0,4.83985585145305,1.1523417211664059e-05,4.2801423216147226e-05,5.227330005836509e-09,8.197771136229435e-08,0.00320483059164515,1.4576894233849941e-09,4.361390412482583e-06,8.37575252131167e-12,0.010849253500586173,-0.03915074649941383,1
496.5,256.3132928698509,164.69686140275624,0.0028660370709096285,0.18381723121660995,500003000.0,4.841366159098721,1.1526026858274857e-05,4.284235995636675e-05,5.2192932215972146e-09,8.187348043904679e-08,0.003207008427259136,1.4623321642115518e-09,4.356657559056922e-06,8.383727504546891e-12,0.01083748025584682,-0.03916251974415318,1
497.0,256.2937116099788,164.426902087625,0.0028663675734680915,0.18404621560407422,500003000.0,4.842863133564529,1.152863249252297e-05,4.2883244648729656e-05,5.2112684962254755e-09,8.17693847258156e-08,0.003209183898556643,1.4669761509425035e-09,4.3519261178605825e-06,8.391650742796613e-12,0.010825710523969813,-0.03917428947603019,1
497.5,256.2741244652408,164.15725804924259,0.0028666996931319827,0.18427531242467068,500003000.0,4.844346879500895,1.1531234120423987e-05,4.2924077360527914e-05,5.203255802036652e-09,8.166542359650964e-08,0.003211357006242513,1.4716213672253581e-09,4.347196093837012e-06,8.39952234630784e-12,0.010813944317252596,-0.039186055682747405,1
498.0,256.2545314373994,163.8879291582163,0.0028670334281077426,0.18450452168903284,500003000.0,4.84581750093724,1.1533831747979723e-05,4.2964858158743005e-05,5.195255111472259e-09,8.156159643017827e-08,0.0032135277510240757,1.4762677968190038e-09,4.342467491939124e-06,8.407342425441118e-12,0.010802181648016164,-0.03919781835198384,1
498.5,256.2349325282234,163.61891528484517,0.00286736877660398,0.1847338434077282,500003000.0,4.847275101282307,1.1536425381178262e-05,4.30055871100485e-05,5.187266397077e-09,8.145790261098334e-08,0.003215696133611144,1.4809154235922264e-09,4.337740317110564e-06,8.415111090662844e-12,0.010790422528558448,-0.039209577471441555,1
499.0,256.2153277394877,163.35021629912035,0.002867705736834149,0.1849632775911877,500003000.0,4.84871978332454,1.1539015025994013e-05,4.304626428081256e-05,5.179289631503184e-09,8.135434152812787e-08,0.0032178621547160067,1.4855642315222355e-09,4.333014574289824e-06,8.422828452533214e-12,0.010778666971164572,-0.03922133302883543,1
499.5,256.19571707297325,163.08183207072426,0.002868044307031509,0.1851928242497947,500003000.0,4.850151649232581,1.1541600688387782e-05,4.3086889737100484e-05,5.1713247875371855e-09,8.1250912575847e-08,0.0032200258150534467,1.490214204693214e-09,4.328290268432836e-06,8.4304946217008e-12,0.010766914988163035,-0.03923308501183697,1
500.0,256.17610053046735,162.81376246903244,0.002868384485417975,0.18542248339380896,500003000.0,4.851570800555765,1.1544182374306803e-05,4.312746354467715e-05,5.1633718380428006e-09,8.114761515333516e-08,0.003222187115340715,1.4948653272948612e-09,4.323567404466004e-06,8.438109708890547e-12,0.01075516659180888,-0.03924483340819113,1
500.5,256.1564781137632,162.54600736311178,0.0028687262702449525,0.18565225503341093,500003000.0,4.852977338224755,1.154676008968482e-05,4.316798576900951e-05,5.155430756034288e-09,8.104444866472114e-08,0.003224346056297558,1.4995175836209676e-09,4.31884598734779e-06,8.445673824896972e-12,0.010743421794436912,-0.039256578205563095,1
501.0,256.13684982466043,162.2785666217226,0.0028690696597500473,0.18588213917867405,500003000.0,4.854371362552169,1.154933384044212e-05,4.320845647526902e-05,5.1475015145980255e-09,8.094141251901446e-08,0.0032265026386461915,1.5041709580679817e-09,4.314126022003537e-06,8.453187080574394e-12,0.010731680608299531,-0.039268319391700474,1
501.5,256.1172156649646,162.01144011331775,0.0028694146521899043,0.1861121358395878,500003000.0,4.855752973233334,1.1551903632485595e-05,4.3248875728334057e-05,5.139584086951064e-09,8.083850613007311e-08,0.003228656863111313,1.5088254351336036e-09,4.3094075133749445e-06,8.460649586829599e-12,0.01071994304568984,-0.039280056954310166,1
502.0,256.0975756364874,161.74462770604262,0.002869761245831082,0.1863422450260495,500003000.0,4.8571222693470615,1.1554469471708807e-05,4.328924359279234e-05,5.131678446424158e-09,8.073572891655856e-08,0.003230808730420104,1.5134809994153855e-09,4.3046904664063e-06,8.468061454613244e-12,0.010708209118907375,-0.03929179088109263,1
502.5,256.0779297410469,161.4781292677364,0.0028701094389358655,0.18657246674784694,500003000.0,4.858479349356493,1.1557031363992026e-05,4.332956013294328e-05,5.123784566435989e-09,8.063308030188822e-08,0.003232958241302218,1.518137635609337e-09,4.299974886023276e-06,8.475422794911112e-12,0.010696478840205364,-0.03930352115979464,1
503.0,256.058277980467,161.21194466593093,0.002870459229788109,0.18680280101470037,500003000.0,4.85982431111002,1.1559589315202295e-05,4.336982541280039e-05,5.1159024205388256e-09,8.053055971421119e-08,0.003235105396489792,1.5227953285085572e-09,4.295260777171659e-06,8.482733718737965e-12,0.010684752221887072,-0.03931524777811293,1
503.5,256.03862035657795,160.94607376785225,0.0028708106166640433,0.1870332478362024,500003000.0,4.861157251842229,1.1562143331193477e-05,4.341003949609356e-05,5.108031982365985e-09,8.04281665863448e-08,0.0032372501967174333,1.5274540630018587e-09,4.290548144773691e-06,8.489994337127332e-12,0.010673029276197194,-0.03932697072380281,1
504.0,256.01895687121606,160.68051644041955,0.002871163597861726,0.18726380722187666,500003000.0,4.862478268174951,1.1564693417806318e-05,4.345020244627144e-05,5.100173225683809e-09,8.032590035575759e-08,0.0032393926427222333,1.5321138240724276e-09,4.2858369937721116e-06,8.497204761126352e-12,0.010661310015431413,-0.03933868998456859,1
504.5,255.99928752622378,160.4152725502462,0.0028715181716762015,0.18749447918113582,500003000.0,4.863787456118312,1.1567239580868492e-05,4.34903143265037e-05,5.0923261243469925e-09,8.02237604645137e-08,0.0032415327352437557,1.53677459679647e-09,4.281127329093074e-06,8.504365101786625e-12,0.010649594451844163,-0.03935040554815584,1
505.0,255.97961232344971,160.15034196363982,0.0028718743364107343,0.18772526372330706,500003000.0,4.865084911071885,1.1569781826194651e-05,4.3530375199683326e-05,5.084490652318135e-09,8.012174635924365e-08,0.0032436704750240367,1.5414363663418915e-09,4.276419155662971e-06,8.511475470157973e-12,0.010637882597690457,-0.03936211740230955,1
505.5,255.95993126474855,159.88572454660212,0.0028722320903817444,0.18795616085761668,500003000.0,4.866370727825863,1.157232015958649e-05,4.3570385128428875e-05,5.0766667836759565e-09,8.001985749110016e-08,0.0032458058628075906,1.5460991179669738e-09,4.271712478415765e-06,8.518535977280731e-12,0.010626174465244153,-0.03937382553475585,1
506.0,255.94024435198116,159.62142016482974,0.0028725914319041343,0.1881871705932004,500003000.0,4.867645000562301,1.1574854586832785e-05,4.361034417508674e-05,5.068854492588908e-09,7.991809331572355e-08,0.0032479388993414,1.5507628370190743e-09,4.2670073022712e-06,8.525546734179154e-12,0.010614470066743728,-0.03938552993325627,1
506.5,255.92055158701453,159.35742868371386,0.0028729523593063484,0.18841829293908655,500003000.0,4.868907822856398,1.1577385113709456e-05,4.3650252401733334e-05,5.061053753341317e-09,7.981645329319791e-08,0.0032500695853749234,1.5554275089333266e-09,4.262303632157211e-06,8.532507851853942e-12,0.01060276941444804,-0.03939723058555196,1
507.0,255.90085297172175,159.09374996834075,0.0028733148709212167,0.18864952790422282,500003000.0,4.870159287677842,1.1579911745979615e-05,4.3690109870177345e-05,5.053264540316761e-09,7.971493688802348e-08,0.0032521979216600895,1.5600931192313656e-09,4.257601472996337e-06,8.539419441276622e-12,0.010591072520602526,-0.039408927479397476,1
507.5,255.88114850798206,158.83038388349186,0.002873678965088367,0.18888087549745441,500003000.0,4.871399487392184,1.1582434489393617e-05,4.372991664196188e-05,5.045486828001878e-09,7.961354356907153e-08,0.0032543239089512974,1.564759653520053e-09,4.252900829709329e-06,8.546281613382129e-12,0.010579379397448175,-0.03942062060255183,1
508.0,255.8614381976808,158.5673302936439,0.002874044640157208,0.18911233572752342,500003000.0,4.872628513762278,1.1584953349689112e-05,4.3769672778366655e-05,5.037720590991136e-09,7.951227280954736e-08,0.003256447548005418,1.5694270974902217e-09,4.2482017072195795e-06,8.5530944790624e-12,0.01056769005723254,-0.03943230994276746,1
508.5,255.84172204270942,158.30458906296928,0.002874411894480931,0.1893439086030882,500003000.0,4.873846457949754,1.15874683325911e-05,4.3809378340410135e-05,5.029965803975859e-09,7.941112408696116e-08,0.0032585688395817907,1.5740954369154281e-09,4.243504110444268e-06,8.559858149160865e-12,0.010556004512187727,-0.03944399548781227,1
509.0,255.8220000449655,158.04216005533615,0.0028747807264219967,0.18957559413270678,500003000.0,4.875053410516542,1.1589979443811976e-05,4.384903338885168e-05,5.022222441753404e-09,7.931009688308594e-08,0.0032606877844422247,1.5787646576507222e-09,4.238808044302497e-06,8.566572734465684e-12,0.01054432277455062,-0.03945567722544938,1
509.5,255.80227220635277,157.7800431343089,0.0028751511343462974,0.18980739232482655,500003000.0,4.876249461426435,1.1592486689051585e-05,4.388863798419364e-05,5.014490479216509e-09,7.92091906839181e-08,0.003262804383350996,1.5834347456314202e-09,4.234113513706703e-06,8.573238345703349e-12,0.010532644856541522,-0.03946735514345848,1
510.0,255.78253852878103,157.5182381631482,0.002875523116627387,0.19003930318781598,500003000.0,4.877434700046698,1.1594990073997265e-05,4.392819218668347e-05,5.00676989136026e-09,7.910840497965385e-08,0.003264918637074844,1.588105686871897e-09,4.229420523568918e-06,8.57985509353408e-12,0.010520970770379732,-0.03947902922962027,1
510.5,255.76279901416623,157.2567450048113,0.0028758966716469618,0.1902713267299425,500003000.0,4.878609215149722,1.1597489604323907e-05,4.396769605631579e-05,4.999060653282472e-09,7.900773926464615e-08,0.0032670305463829755,1.5927774674643916e-09,4.224729078801492e-06,8.586423088545259e-12,0.010509300528285335,-0.03949069947171467,1
511.0,255.74305366443036,156.9955635219518,0.002876271797797695,0.19050346295937123,500003000.0,4.879773094914713,1.1599985285694001e-05,4.400714965283448e-05,4.9913627401881305e-09,7.89071930373696e-08,0.0032691401120470663,1.5974500735778175e-09,4.220039184321243e-06,8.59294244124577e-12,0.010497634142489538,-0.03950236585751046,1
511.5,255.7233024815016,156.7346935769206,0.0028766484934691808,0.1907357118841794,500003000.0,4.880926426929411,1.1602477123757683e-05,4.404655303573467e-05,4.983676127364596e-09,7.880676580039134e-08,0.0032712473348412495,1.6021234914565855e-09,4.2153508450288785e-06,8.599413262061074e-12,0.010485971625183462,-0.03951402837481654,1
512.0,255.7035454673142,156.4741350317657,0.002877026757064721,0.19096807351232567,500003000.0,4.882069298191873,1.1604965124152788e-05,4.4085906264264834e-05,4.976000790210292e-09,7.870645706032629e-08,0.0032733522155421243,1.6067977074194475e-09,4.210664065833631e-06,8.605835661326742e-12,0.010474312988579445,-0.039525687011420556,1
512.5,255.6837826238085,156.21388774823257,0.0028774065869927212,0.19120054785169796,500003000.0,4.883201795112273,1.1607449292504897e-05,4.412520939742875e-05,4.968336704219348e-09,7.860626632782064e-08,0.0032754547549287533,1.6114727078583433e-09,4.205978851640661e-06,8.612209749285086e-12,0.010462658244879682,-0.03953734175512032,1
513.0,255.66401395293093,155.953951587764,0.0028777879816700718,0.19143313491006936,500003000.0,4.884324003514739,1.1609929634427391e-05,4.41644624939875e-05,4.960683844986999e-09,7.85061931175027e-08,0.00327755495378266,1.6161484792372598e-09,4.201295207356006e-06,8.618535636078325e-12,0.010451007406288567,-0.03954899259371143,1
513.5,255.64423945663407,155.69432641150104,0.002878170939515303,0.19166583469512452,500003000.0,4.885436008639232,1.1612406155521489e-05,4.420366561246148e-05,4.953042188197386e-09,7.840623694795948e-08,0.003279652812887825,1.620825008091108e-09,4.196613137876626e-06,8.624813431744704e-12,0.010439360484987892,-0.03956063951501211,1
514.0,255.62445913687657,155.4350120802828,0.00287855545895561,0.191898647214433,500003000.0,4.88653789514346,1.1614878861376306e-05,4.424281881113233e-05,4.9454117096352474e-09,7.830639734169443e-08,0.0032817483330306895,1.6255022810246047e-09,4.1919326481006795e-06,8.63104324621257e-12,0.010427717493162446,-0.03957228250683756,1
514.5,255.60467299562316,155.17600845464665,0.002878941538427528,0.19213157247549342,500003000.0,4.887629747104821,1.1617347757568899e-05,4.4281922148044887e-05,4.9377923851866206e-09,7.820667382511116e-08,0.0032838415150001537,1.6301802847111717e-09,4.187253742928499e-06,8.637225189297415e-12,0.010416078443002422,-0.03958392155699758,1
515.0,255.58488103484467,154.9173153948284,0.002879329176373003,0.19236461048568476,500003000.0,4.88871164802238,1.1619812849664314e-05,4.432097568100912e-05,4.930184190831668e-09,7.810706592846373e-08,0.0032859323595875755,1.6348590058918414e-09,4.182576427256885e-06,8.643359370695336e-12,0.010404443346689224,-0.03959555665331078,1
515.5,255.56508325651802,154.6589327607629,0.0028797183712374534,0.19259776125228958,500003000.0,4.889783680818874,1.1622274143215634e-05,4.4359979467602036e-05,4.922587102640968e-09,7.80075731858333e-08,0.0032880208675867668,1.6395384313741796e-09,4.177900705976323e-06,8.649445899979452e-12,0.010392812216388546,-0.039607187783611456,1
516.0,255.54527966262623,154.400860412084,0.0028801091214751984,0.1928310247824982,500003000.0,4.890845927842757,1.1624731643764026e-05,4.4398933565169584e-05,4.915001096784381e-09,7.790819513509841e-08,0.0032901070397939967,1.6442185480312161e-09,4.173226583978878e-06,8.655484886595716e-12,0.010381185064270014,-0.03961881493572999,1
516.5,255.52547025515835,154.14309820812468,0.002880501425549024,0.19306440108341086,500003000.0,4.8918984708702675,1.162718535683879e-05,4.443783803082854e-05,4.907426149529881e-09,7.780893131790443e-08,0.0032921908770079883,1.6488993428003887e-09,4.168554066157575e-06,8.661476439858728e-12,0.010369561902505637,-0.039630438097494364,1
517.0,255.5056550361096,153.88564600791779,0.0028808952819217725,0.19329789016200896,500003000.0,4.892941391107521,1.1629635287957406e-05,4.447669292146835e-05,4.899862237228821e-09,7.770978127962257e-08,0.0032942723800299155,1.653580802682496e-09,4.163883157394234e-06,8.667420668946436e-12,0.010357942743239562,-0.03964205725676044,1
517.5,255.48583400748123,153.62850367019595,0.002881290689066593,0.1935314920251757,500003000.0,4.89397476919264,1.1632081442625572e-05,4.451549829375302e-05,4.892309336333002e-09,7.761074456932698e-08,0.0032963515496634037,1.6582629147406666e-09,4.159213862574347e-06,8.673317682896937e-12,0.010346327598625056,-0.03965367240137495,1
518.0,255.46600717128055,153.37167105339165,0.002881687645465218,0.19376520667971744,500003000.0,4.894998685197907,1.1634523826337267e-05,4.45542542041229e-05,4.8847674233912796e-09,7.751182073977178e-08,0.003298428386714531,1.662945666099335e-09,4.154546186584551e-06,8.679167590605361e-12,0.010334716480818238,-0.03966528351918176,1
518.5,255.44617452952096,153.11514801563766,0.002882086149603425,0.19399903413231998,500003000.0,4.896013218631943,1.1636962444574788e-05,4.4592960708796576e-05,4.877236475041471e-09,7.741300934734569e-08,0.003300502891991828,1.6676290439432354e-09,4.149880134306112e-06,8.684970500818317e-12,0.010323109401961869,-0.03967689059803813,1
519.0,255.42633608422193,152.85893441476733,0.002882486199972602,0.19423297438958084,500003000.0,4.897018448441907,1.1639397302808794e-05,4.46316178637726e-05,4.869716468012616e-09,7.731430995205378e-08,0.003302575066306268,1.6723130355163964e-09,4.1452157106172e-06,8.69072652213144e-12,0.010311506374191008,-0.03968849362580899,1
519.5,255.40649183740902,152.603030108315,0.002882887795069091,0.19446702745798536,500003000.0,4.898014453015733,1.1641828406498356e-05,4.467022572483134e-05,4.8622073791234915e-09,7.721572211747994e-08,0.0033046449104712763,1.6769976281211586e-09,4.140552920391973e-06,8.696435762984849e-12,0.010299907409630731,-0.039700092590369274,1
520.0,255.38664179111385,152.34743495351603,0.002883290933397456,0.1947011933439321,500003000.0,4.899001310184373,1.1644255761091e-05,4.470878434753672e-05,4.85470918528772e-09,7.711724541076638e-08,0.0033067124253027213,1.6816828091171942e-09,4.135891768505282e-06,8.702098331660602e-12,0.010288312520407836,-0.03971168747959217,1
520.5,255.36678594737404,152.09214880730673,0.002883695613472101,0.19493547205371622,500003000.0,4.899979097224082,1.1646679372022758e-05,4.474729378723801e-05,4.847221863516062e-09,7.701887940257927e-08,0.0033087776116189193,1.6863685659205471e-09,4.131232259834982e-06,8.707714336278664e-12,0.010276721718656602,-0.0397232782813434,1
521.0,255.34692430823335,151.83717152632533,0.0028841018338059366,0.19516986359352767,500003000.0,4.900947890858708,1.1649099244718207e-05,4.478575409907155e-05,4.8397453908969706e-09,7.692062366707913e-08,0.0033108404702406305,1.6910548860026746e-09,4.126574399245715e-06,8.713283884793429e-12,0.010265135016478426,-0.03973486498352158,1
521.5,255.3270568757416,151.58250296691193,0.002884509592921506,0.19540436796946634,500003000.0,4.901907767262016,1.1651515384590515e-05,4.48241653379625e-05,4.832279744614943e-09,7.682247778189829e-08,0.0033129010019910554,1.6957417568895056e-09,4.1219181916048805e-06,8.718807084991184e-12,0.010253552425981572,-0.039746447574018434,1
522.0,255.30718365195457,151.32814298510854,0.002884918889349608,0.1956389851875161,500003000.0,4.902858802060022,1.1653927797041489e-05,4.486252755862655e-05,4.824824901947756e-09,7.672444132810378e-08,0.0033149592076958377,1.7004291661605114e-09,4.117263641780638e-06,8.724284044485925e-12,0.010241973959276196,-0.03975802604072381,1
522.5,255.28730463893422,151.07409143665967,0.002885329721623558,0.19587371525357752,500003000.0,4.903801070333362,1.1656336487461617e-05,4.490084081557164e-05,4.8173808402564965e-09,7.662651389018051e-08,0.0033170150881830615,1.7051171014477844e-09,4.112610754633746e-06,8.729714870717587e-12,0.010230399628454038,-0.03976960037154596,1
523.0,255.26741983874845,150.82034817701233,0.002885742088285678,0.1961085581734366,500003000.0,4.904734646619659,1.1658741461230115e-05,4.4939105163099635e-05,4.80994753699602e-09,7.652869505599354e-08,0.0033190686442832506,1.7098055504351282e-09,4.1079595350268244e-06,8.735099670947915e-12,0.01021882944561147,-0.03978117055438853,1
523.5,255.24752925347127,150.56691306131648,0.0028861559878824963,0.19634351395278976,500003000.0,4.90565960491593,1.1661142723714968e-05,4.497732065530802e-05,4.8025249697065516e-09,7.643098441676893e-08,0.003321119876829365,1.7144945008571605e-09,4.103309987817528e-06,8.740438552258549e-12,0.010207263422832517,-0.03979273657716749,1
524.0,255.2276328851827,150.3137859444251,0.0028865714189688077,0.19657858259722602,500003000.0,4.906576018680998,1.1663540280272977e-05,4.501548734609155e-05,4.7951131160200555e-09,7.633338156706092e-08,0.0033231687866568066,1.7191839404984266e-09,4.098662117864327e-06,8.745731621547613e-12,0.010195701572203217,-0.039804298427796786,1
524.5,255.2077307359688,150.06096668089472,0.002886988380100945,0.19681376411223087,500003000.0,4.907483960837919,1.1665934136249802e-05,4.505360528914391e-05,4.787711953648705e-09,7.623588610472643e-08,0.0033252153746034085,1.7238738571925171e-09,4.094015930016981e-06,8.750978985527134e-12,0.01018414390578796,-0.039815856094212045,1
525.0,255.1878228079217,149.80845512498558,0.0028874068698450206,0.1970490585031885,500003000.0,4.908383503776436,1.166832429698e-05,4.509167453795936e-05,4.780321460398162e-09,7.613849763089947e-08,0.003327259641509437,1.7285642388212126e-09,4.089371429128231e-06,8.75618075072063e-12,0.010172590435658534,-0.03982740956434147,1
525.5,255.16790910313952,149.5562511306619,0.0028878268867713317,0.19728446577539654,500003000.0,4.909274719355443,1.167071076778708e-05,4.512969514583435e-05,4.7729416141579385e-09,7.604121574996956e-08,0.0033293015882175946,1.7332550733136194e-09,4.08472862004589e-06,8.761337023461091e-12,0.010161041173874476,-0.03983895882612552,1
526.0,255.14798962372646,149.30435455159204,0.002888248429457304,0.1975199859340304,500003000.0,4.9101576789054615,1.1673093553983533e-05,4.516766716586912e-05,4.765572392905881e-09,7.594404006954409e-08,0.0033313412155730154,1.7379463486453324e-09,4.08008750761701e-06,8.766447909887261e-12,0.010149496132493434,-0.03985050386750657,1
526.5,255.1280643717927,149.05276524114896,0.002888671496484727,0.19775561898417518,500003000.0,4.911032453231133,1.1675472660870884e-05,4.520559065096934e-05,4.758213774703242e-09,7.584697020043289e-08,0.00333337852442326,1.7426380528375952e-09,4.075448096683987e-06,8.771513515942479e-12,0.010137955323561463,-0.03986204467643854,1
527.0,255.10813334945448,148.80148305241042,0.002889096086442322,0.19799136493081237,500003000.0,4.911899112613728,1.1677848093739733e-05,4.524346565384765e-05,4.750865737698542e-09,7.575000575661858e-08,0.003335413515618323,1.7473301739564834e-09,4.0708103920882105e-06,8.776533947371952e-12,0.010126418759122121,-0.03987358124087788,1
527.5,255.08819655883403,148.55050783815923,0.0028895221979239253,0.19822722377882623,500003000.0,4.9127577268136715,1.1680219857869796e-05,4.528129222702527e-05,4.7435282601242146e-09,7.565314635523315e-08,0.0033374461900106235,1.7520227001120904e-09,4.066174398667496e-06,8.781509309720837e-12,0.010114886451210073,-0.03988511354878993,1
528.0,255.06825400205963,148.29983945088367,0.0028899498295289596,0.19846319553298225,500003000.0,4.913608365073062,1.1682587958529944e-05,4.531907042283353e-05,4.736201320297014e-09,7.555639161652584e-08,0.0033394765484550067,1.7567156194577215e-09,4.061540121256768e-06,8.786439708331282e-12,0.010103358411852791,-0.03989664158814721,1
528.5,255.04830568126556,148.04947774277753,0.0028903789798638705,0.1986992801979666,500003000.0,4.914451096118232,1.1684952400978255e-05,4.535680029341546e-05,4.728884896620001e-09,7.545974116385139e-08,0.003341504591808746,1.7614089201891104e-09,4.056907564690088e-06,8.791325248341969e-12,0.010091834653075595,-0.03990816534692441,1
529.0,255.0283515985921,147.79942256574066,0.0028908096475389515,0.19893547777834558,500003000.0,4.915285988162293,1.1687313190462043e-05,4.539448189072727e-05,4.721578967576998e-09,7.536319462363206e-08,0.0033435303209315343,1.7661025905436304e-09,4.052276733796212e-06,8.796166034684617e-12,0.010080315186890619,-0.03991968481310938,1
529.5,255.00839175618555,147.5496737713788,0.0028912418311753765,0.19917178827859813,500003000.0,4.916113108907708,1.1689670332217915e-05,4.5432115266539946e-05,4.714283511743674e-09,7.526675162534366e-08,0.003345553736685492,1.77079661879953e-09,4.047647633408429e-06,8.800962172083334e-12,0.010068800025321262,-0.03993119997467874,1
530.0,254.98842615619822,147.3002312110046,0.002891675529390425,0.19940821170307121,500003000.0,4.916932525548861,1.1692023831471797e-05,4.5469700472440686e-05,4.706998507763134e-09,7.517041180147713e-08,0.003347574839935156,1.775490993275166e-09,4.043020268343917e-06,8.805713765051148e-12,0.010057289180350848,-0.03994271081964915,1
530.5,254.96845480078838,147.05109473563718,0.002892110740816498,0.19964474805605983,500003000.0,4.917744304774657,1.1694373693438985e-05,4.550723755983446e-05,4.699723934376525e-09,7.507417478754059e-08,0.0033495936315474837,1.7801857023282596e-09,4.0383946434303405e-06,8.810420917891373e-12,0.010045782663988789,-0.03995421733601121,1
531.0,254.94847769212038,146.80226419600302,0.0028925474640847768,0.19988139734169383,500003000.0,4.9185485127711,1.1696719923324183e-05,4.554472657994546e-05,4.692459770396099e-09,7.497804022199861e-08,0.003351610112391852,1.784880734355151e-09,4.033770763483028e-06,8.815083734691587e-12,0.010034280488213804,-0.0399657195117862,1
531.5,254.9284948323645,146.55373944253589,0.002892985697835567,0.2001181595640555,500003000.0,4.919345215223911,1.1699062526321544e-05,4.55821675838186e-05,4.685205994721665e-09,7.488200774628711e-08,0.003353624283340052,1.7895760777900733e-09,4.029148633319419e-06,8.81970231932661e-12,0.010022782665009873,-0.03997721733499013,1
532.0,254.908506223697,146.30552032537707,0.0028934254407158868,0.20035503472709124,500003000.0,4.920134477321137,1.1701401507614713e-05,4.561956062232098e-05,4.677962586336302e-09,7.478607700476131e-08,0.003355636145266293,1.7942717211044295e-09,4.02452825775569e-06,8.824276775453596e-12,0.010011289206357818,-0.03998871079364218,1
532.5,254.88851186830018,146.05760669437598,0.0028938666913750745,0.20059202283465777,500003000.0,4.920916363755763,1.1703736872376862e-05,4.565690574614332e-05,4.670729524298914e-09,7.469024764468748e-08,0.003357645699047194,1.7989676528060821e-09,4.019909641600667e-06,8.828807206512354e-12,0.00999980012422019,-0.04000019987577981,1
533.0,254.86851176836228,145.8099983990901,0.002894309448470718,0.20082912389049898,500003000.0,4.921690938728348,1.1706068625770739e-05,4.5694203005801425e-05,4.663506787753467e-09,7.45945193162127e-08,0.003359652945561791,1.803663861438655e-09,4.01529278966407e-06,8.833293715723109e-12,0.009988315430561756,-0.040011684569438245,1
533.5,254.84850592607756,145.5626952887858,0.002894753710661517,0.20106633789825565,500003000.0,4.92245826594965,1.1708396772948697e-05,4.57314524516376e-05,4.656294355917145e-09,7.449889167234533e-08,0.003361657885691527,1.8083603355808389e-09,4.0106777067466255e-06,8.837736406085572e-12,0.009976835137324913,-0.04002316486267509,1
534.0,254.8284943436462,145.315697212438,0.002895199476617931,0.20130366486147985,500003000.0,4.923218408643269,1.1710721319052746e-05,4.5768654133822066e-05,4.649092208097125e-09,7.440336436893712e-08,0.0033636605203202575,1.813057063845713e-09,4.00606439765482e-06,8.842135380378258e-12,0.009965359256466385,-0.04003464074353362,1
534.5,254.80847702327443,145.06900401873102,0.002895646745010924,0.20154110478360673,500003000.0,4.92397142954829,1.1713042269214582e-05,4.5805808102354394e-05,4.641900323672153e-09,7.430793706465176e-08,0.0033656608503342417,1.8177540348800738e-09,4.001452867185328e-06,8.846490741156207e-12,0.00995388779991849,-0.040046112200081516,1
535.0,254.7884539671744,144.82261555605874,0.002896095514516337,0.2017786576679632,500003000.0,4.924717390921933,1.1715359628555631e-05,4.5842914407064864e-05,4.634718682099241e-09,7.421260942094576e-08,0.0033676588766221455,1.8224512373637702e-09,3.996843120131083e-06,8.850802590750224e-12,0.009942420779604227,-0.040057579220395774,1
535.5,254.7684251775642,144.5765316725244,0.0028965457838230637,0.20201632351778878,500003000.0,4.9254563545422085,1.1717673402187094e-05,4.587997309761589e-05,4.627547262926386e-09,7.41173811020532e-08,0.0033696546000750436,1.8271486600090563e-09,3.992235161292543e-06,8.855071031266637e-12,0.009930958207465332,-0.04006904179253467,1
536.0,254.74839065666794,144.33075221594154,0.0028969975516175955,0.20225410233620147,500003000.0,4.926188381710569,1.1719983595209977e-05,4.591698422350337e-05,4.620386045767501e-09,7.402225177495286e-08,0.003371648021586411,1.8318462915599405e-09,3.987628995456377e-06,8.859296164584947e-12,0.009919500095409227,-0.040080499904590776,1
536.5,254.72835040671563,144.08527703383422,0.0028974508165929428,0.2024919941262222,500003000.0,4.926913533254572,1.1722290212715136e-05,4.5953947834058045e-05,4.61323501031639e-09,7.392722110935484e-08,0.0033736391420521247,1.8365441207915594e-09,3.983024627407803e-06,8.86347809235787e-12,0.009908046455339723,-0.04009195354466028,1
537.0,254.7083044299433,143.8401059734371,0.0028979055774495293,0.20272999889076998,500003000.0,4.927631869530554,1.172459325978331e-05,4.599086397844688e-05,4.606094136347807e-09,7.383228877767771e-08,0.0033756279623704606,1.8412421365095497e-09,3.9784220619318025e-06,8.867616916010294e-12,0.009896597299160047,-0.04010340270083995,1
537.5,254.6882527285929,143.59523888169596,0.0028983618328907268,0.20296811663265701,500003000.0,4.928343450426283,1.1726892741485165e-05,4.60277327056744e-05,4.59896340371002e-09,7.373745445502556e-08,0.0033776144834420934,1.8459403275494321e-09,3.973821303806993e-06,8.871712736738215e-12,0.009885152638757591,-0.04011484736124241,1
538.0,254.66819530491227,143.35067560526778,0.002898819581629292,0.20320634735458903,500003000.0,4.929048335363641,1.1729188662881332e-05,4.606455406458398e-05,4.59184279233469e-09,7.364271781916738e-08,0.003379598706170094,1.8506386827760078e-09,3.9692223578144515e-06,8.875765655508034e-12,0.009873712486025867,-0.04012628751397414,1
538.5,254.64813216115527,143.10641599052107,0.0028992788223813097,0.20344469105917176,500003000.0,4.929746583301291,1.1731481029022445e-05,4.610132810385924e-05,4.5847322822269286e-09,7.354807855051825e-08,0.003381580631459931,1.8553371910827617e-09,3.964625228729425e-06,8.879775773056079e-12,0.009862276852843882,-0.04013772314715612,1
539.0,254.6280632995817,142.86245988353664,0.002899739553863265,0.20368314774889873,500003000.0,4.930438252737342,1.1733769844949175e-05,4.61380548720253e-05,4.57763185346038e-09,7.345353633211498e-08,0.003383560260219465,1.8600358413912692e-09,3.960029921317348e-06,8.883743189887465e-12,0.009850845751066241,-0.04014915424893376,1
539.5,254.60798872245724,142.61880713010743,0.0029002017748036867,0.2039217174261631,500003000.0,4.93112340171204,1.1736055115692272e-05,4.6174734417450095e-05,4.570541486195281e-09,7.335909084959943e-08,0.003385537593358948,1.8647346226506233e-09,3.955436440349757e-06,8.887668006275985e-12,0.009839419192562709,-0.04016058080743729,1
540.0,254.58790843205352,142.37545757573892,0.002900665483933479,0.20416040009324588,500003000.0,4.931802087810429,1.1738336846272604e-05,4.621136678834569e-05,4.563461160662861e-09,7.326474179119463e-08,0.0033875126317910215,1.86943352383686e-09,3.950844790591082e-06,8.891550322263068e-12,0.009827997189185391,-0.04017200281081461,1
540.5,254.5678224306481,142.13241106564953,0.002901130679989595,0.20439919575233906,500003000.0,4.932474368165035,1.1740615041701189e-05,4.624795203276953e-05,4.556390857170804e-09,7.317048884769184e-08,0.003389485376430717,1.8741325339524012e-09,3.946254976803657e-06,8.895390237658179e-12,0.009816579752781171,-0.04018342024721883,1
541.0,254.5477307205245,141.88966744477108,0.0029015973617113086,0.20463810440551372,500003000.0,4.933140299458535,1.1742889706979237e-05,4.628449019862574e-05,4.5493305560971055e-09,7.307633171242089e-08,0.003391455828195453,1.8788316420254957e-09,3.941667003742677e-06,8.89918785203715e-12,0.009805166895179171,-0.04019483310482083,1
541.5,254.5276333039721,141.64722655774887,0.0029020655278457095,0.20487712605473216,500003000.0,4.933799937926434,1.1745160847098185e-05,4.632098133366636e-05,4.542280237898357e-09,7.298227008123422e-08,0.003393423988005031,1.8835308371096804e-09,3.937080876163662e-06,8.90294326474223e-12,0.00979375862820932,-0.040206241371790685,1
542.0,254.5075301832862,141.40508824894212,0.002902535177145196,0.20511626070187358,500003000.0,4.934453339359747,1.1747428467039737e-05,4.6357425485492613e-05,4.535239883105483e-09,7.288830365249527e-08,0.0033953898567816382,1.8882301082832413e-09,3.932496598819037e-06,8.906656574882726e-12,0.009782354963693856,-0.04021764503630615,1
542.5,254.48742136076805,141.16325236242417,0.0029030063083673547,0.2053555083486825,500003000.0,4.935100559107662,1.17496925717759e-05,4.639382270155613e-05,4.528209472323241e-09,7.279443212704323e-08,0.003397353435449845,1.892929444648689e-09,3.92791417645799e-06,8.910327881332708e-12,0.009770955913446955,-0.04022904408655305,1
543.0,254.46730683872477,140.92171874198303,0.0029034789202724174,0.20559486899682447,500003000.0,4.935741652080216,1.1751953166269013e-05,4.643017302916023e-05,4.521188986225947e-09,7.270065520819097e-08,0.003399314724936598,1.8976288353322376e-09,3.9233336138230205e-06,8.91395728273287e-12,0.009759561489266159,-0.04024043851073385,1
543.5,254.4471866194694,140.6804872311217,0.0029039530116265655,0.20583434264783704,500003000.0,4.936376672750968,1.1754210255471795e-05,4.6466476515461074e-05,4.514178405562327e-09,7.2606972601691e-08,0.0034012737261712228,1.9023282694832958e-09,3.918754915654441e-06,8.91754487748846e-12,0.00974817170294357,-0.04025182829705643,1
544.0,254.42706070532086,140.4395576730583,0.0029044285812024288,0.20607392930315516,500003000.0,4.937005675159665,1.1756463844327374e-05,4.650273320746894e-05,4.50717771115597e-09,7.251338401572454e-08,0.0034032304400854227,1.9070277362739633e-09,3.914178086691032e-06,8.921090763770082e-12,0.009736786566267468,-0.040263213433732535,1
544.5,254.406929098604,140.19892991072663,0.002904905627774911,0.2063136289641288,500003000.0,4.937628712914907,1.1758713937769323e-05,4.653894315204938e-05,4.500186883898529e-09,7.241988916088789e-08,0.003405184867613273,1.9117272248985388e-09,3.90960313166442e-06,8.924595039514172e-12,0.009725406091008347,-0.04027459390899166,1
545.0,254.3867918016495,139.9586037867763,0.002905384150128178,0.20655344163196918,500003000.0,4.938245839196814,1.1760960540721702e-05,4.657510639592446e-05,4.493205904760252e-09,7.23264877501578e-08,0.0034071370096912254,1.9164267245730325e-09,3.905030055308488e-06,8.928057802420954e-12,0.009714030288942322,-0.04028596971105768,1
545.5,254.36664881679397,139.718579143573,0.002905864147050065,0.2067933673078105,500003000.0,4.9388571067596825,1.1763203658099092e-05,4.661122298567391e-05,4.486234754780983e-09,7.22331794988917e-08,0.0034090868672581034,1.92112622453469e-09,3.900458862351839e-06,8.931479149956661e-12,0.009702659171832348,-0.04029734082816765,1
546.0,254.3465001463799,139.47885582319935,0.00290634561732785,0.20703340599265246,500003000.0,4.939462567934646,1.1765443294806624e-05,4.664729296773631e-05,4.479273415063384e-09,7.213996412479197e-08,0.003411034441255097,1.9258257140415196e-09,3.895889557512163e-06,8.934859179351369e-12,0.009691292751414251,-0.04030870724858575,1
546.5,254.3263457927556,139.23943366745465,0.0029068285597611964,0.20727355768740557,500003000.0,4.940062274632327,1.1767679455740021e-05,4.668331638841026e-05,4.472321866792579e-09,7.204684134790198e-08,0.0034129797326257643,1.9305251823718333e-09,3.891322145513576e-06,8.938197987600778e-12,0.009679931039439838,-0.04032006896056017,1
547.0,254.30618575827532,139.0003125178555,0.0029073129731510146,0.2075138223928803,500003000.0,4.940656278345487,1.176991214578563e-05,4.6719293293855556e-05,4.4653800912186715e-09,7.195381089058444e-08,0.003414922742316029,1.935224618823792e-09,3.886756631071697e-06,8.94149567146582e-12,0.009668574047639775,-0.04033142595236023,1
547.5,254.28602004529913,138.76149221563614,0.002907798856303214,0.2077542001097597,500003000.0,4.941244630151674,1.1772141369820462e-05,4.67552237300943e-05,4.458448069662238e-09,7.186087247749563e-08,0.0034168634712741794,1.939924012714959e-09,3.882193018898679e-06,8.944752327471759e-12,0.009657221787736113,-0.04034277821226389,1
548.0,254.265848656193,138.52297260174885,0.0029082862080277543,0.20799469083862224,500003000.0,4.941827380715861,1.177436713271222e-05,4.679110774301209e-05,4.451525783512571e-09,7.176802583557465e-08,0.0034188019204508644,1.9446233533818606e-09,3.877631313701951e-06,8.947968051909201e-12,0.009645874271439139,-0.04035412572856086,1
548.5,254.2456715933287,138.2847535168641,0.002908775027142023,0.20823529457995696,500003000.0,4.942404580293087,1.1776589439319335e-05,4.682694537835911e-05,4.444613214232554e-09,7.16752706940305e-08,0.003420738090799093,1.9493226301795565e-09,3.873071520188712e-06,8.951142940834838e-12,0.009634531510458582,-0.04036546848954142,1
549.0,254.22548885908392,138.0468348013712,0.002909265312464327,0.20847601133412982,500003000.0,4.942976278731084,1.177880829449101e-05,4.6862736681751266e-05,4.4377103433484125e-09,7.15826067843147e-08,0.0034226719832742337,1.954021832481216e-09,3.868513643057276e-06,8.954277090070392e-12,0.009623193516482054,-0.04037680648351795,1
549.5,254.20530045584218,137.80921629537835,0.002909757062821805,0.20871684110140842,500003000.0,4.94354252547291,1.178102370306724e-05,4.689848169867132e-05,4.430817152461497e-09,7.149003384011143e-08,0.0034246035988340097,1.9587209496777006e-09,3.863957687007592e-06,8.957370595203801e-12,0.009611860301201241,-0.04038813969879876,1
550.0,254.18510638599278,137.57189783871297,0.002910250277046193,0.20895778388194003,500003000.0,4.944103369559566,1.1783235669878861e-05,4.693418047446998e-05,4.423933623241511e-09,7.139755159731415e-08,0.0034265329384385004,1.9634199711771594e-09,3.859403656735601e-06,8.960423551588692e-12,0.00960053187629786,-0.04039946812370214,1
550.5,254.16490665193092,137.33487927092227,0.002910744953971828,0.2091988396757797,500003000.0,4.944658859632616,1.1785444199747573e-05,4.696983305436699e-05,4.417059737423198e-09,7.130515979401674e-08,0.003428460003050138,1.968118886404624e-09,3.854851556930609e-06,8.96343605434571e-12,0.009589208253437115,-0.04041079174656289,1
551.0,254.14470125605763,137.09816043127364,0.002911241092436329,0.20944000848286565,500003000.0,4.945209043936789,1.1787649297485977e-05,4.7005439483452236e-05,4.410195476807105e-09,7.121285817048983e-08,0.0034303847936337016,1.9728176848016133e-09,3.850301392276188e-06,8.966408198361985e-12,0.009577889444269955,-0.04042211055573005,1
551.5,254.12449020077977,136.86174115875505,0.00291173869128296,0.20968129030301302,500003000.0,4.945753970322596,1.1789850967897609e-05,4.704099980668682e-05,4.403340823262892e-09,7.112064646916225e-08,0.0034323073111563207,1.977516355825754e-09,3.845753167453332e-06,8.969340078291284e-12,0.009566575460440907,-0.040433424539559094,1
552.0,254.10427348851,136.62562129207484,0.00291223774936552,0.20992268513596965,500003000.0,4.946293686248918,1.1792049215776977e-05,4.707651406890413e-05,4.39649575873639e-09,7.102852443462105e-08,0.0034342275565874725,1.9822148889503934e-09,3.84120688714687e-06,8.972231788556481e-12,0.009555266313604045,-0.04044473368639596,1
552.5,254.0840511216668,136.3898006696628,0.00291273826553405,0.2101641929813284,500003000.0,4.946828238785602,1.179424404590959e-05,4.711198231481092e-05,4.389660265227726e-09,7.093649181356915e-08,0.0034361455308989774,1.986913273664231e-09,3.836662556026618e-06,8.975083423346733e-12,0.009543962015376085,-0.04045603798462392,1
553.0,254.0638231026745,136.15427912967021,0.002913240238646982,0.2104058138386106,500003000.0,4.947357674616042,1.1796435463071996e-05,4.714740458898834e-05,4.382834324809416e-09,7.084454835483396e-08,0.003438061235064999,1.991611499470951e-09,3.832120178763419e-06,8.977895076621056e-12,0.009532662577376314,-0.04046733742262369,1
553.5,254.04358943396318,135.91905650997006,0.002913743667569369,0.21064754770720726,500003000.0,4.947882040039765,1.1798623472031807e-05,4.7182780935893e-05,4.37601791962336e-09,7.075269380933398e-08,0.00343997467006204,1.996309555888864e-09,3.82757976002678e-06,8.980666842106669e-12,0.009521368011220676,-0.04047863198877932,1
554.0,254.0233501179688,135.68413264815774,0.0029142485511668838,0.2108893945864055,500003000.0,4.948401380974994,1.1800808077547742e-05,4.7218111399858035e-05,4.369211031871559e-09,7.066092793007056e-08,0.0034418858368689444,2.00100743245056e-09,3.823041304476996e-06,8.983398813300463e-12,0.009510078328502217,-0.040489921671497786,1
554.5,254.00310515713304,135.4495073815512,0.0029147548883123905,0.21113135447538753,500003000.0,4.948915742961214,1.1802989284369655e-05,4.725339602509409e-05,4.362413643825705e-09,7.056925047211205e-08,0.003443794736466891,2.005705118702554e-09,3.818504816773788e-06,8.986091083469547e-12,0.009498793540812537,-0.040501206459187464,1
555.0,253.98285455390345,135.21518054719144,0.002915262677880985,0.21137342737322462,500003000.0,4.949425171161726,1.1805167097238566e-05,4.7288634855690376e-05,4.35562573781947e-09,7.047766119257596e-08,0.003445701369839393,2.010402604204955e-09,3.813970301569796e-06,8.98874374565157e-12,0.009487513659725638,-0.040512486340274365,1
555.5,253.9625983107333,134.98115198184266,0.0029157719187561815,0.2116156132788737,500003000.0,4.9499297103662085,1.1807341520886694e-05,4.732382793561568e-05,4.348847296257465e-09,7.038615985061306e-08,0.003447605737972295,2.0150998785311345e-09,3.80943776351866e-06,8.991356892655272e-12,0.009476238696817995,-0.040523761303182006,1
556.0,253.94233643008172,134.74742152199292,0.002916282609821773,0.21185791219120012,500003000.0,4.950429404993236,1.1809512560037496e-05,4.735897530871938e-05,4.342078301602816e-09,7.029474620739792e-08,0.0034495078418537747,2.0197969312673947e-09,3.8049072072643986e-06,8.99393061706186e-12,0.009464968663642154,-0.04053503133635785,1
556.5,253.92206891441356,134.51398900385433,0.0029167947499684392,0.21210032410893018,500003000.0,4.950924299092833,1.1811680219405688e-05,4.739407701873243e-05,4.335318736386756e-09,7.02034200261005e-08,0.0034514076824743354,2.0244937520126573e-09,3.8003786374500358e-06,8.996465011224008e-12,0.00945370357174819,-0.04054629642825181,1
557.0,253.90179576619943,134.28085426336332,0.0029173083380927924,0.21234284903071338,500003000.0,4.95141443634899,1.1813844503697292e-05,4.7429133109268375e-05,4.328568583206889e-09,7.011218107188854e-08,0.003453305260826809,2.0291903303781503e-09,3.7958520587163327e-06,8.998960167268772e-12,0.009442443432680544,-0.04055755656731946,1
557.5,253.88151698791577,134.04801713618144,0.002917823373090441,0.21258548695506518,500003000.0,4.951899860082174,1.181600541760965e-05,4.7464143623824325e-05,4.321827824716658e-09,7.002102911189626e-08,0.003455200577906349,2.0338866559870965e-09,3.79132747569278e-06,9.001416177096196e-12,0.009431188257955617,-0.04056881174204439,1
558.0,253.86123258204475,133.8154774576953,0.0029183398538673157,0.21282823788040528,500003000.0,4.952380613251851,1.1818162965831472e-05,4.7499108605781934e-05,4.315096443641861e-09,6.992996391522049e-08,0.0034570936347104323,2.0385827184744216e-09,3.7868048930123283e-06,9.003833132381469e-12,0.009419938059098425,-0.04058006194090158,1
558.5,253.8409425510743,133.5832350630171,0.0029188577793304075,0.21307110180503788,500003000.0,4.952856738458972,1.1820317153042856e-05,4.753402809840838e-05,4.30837442276665e-09,6.983898525290025e-08,0.0034589844322388545,2.043278507486455e-09,3.7822843152993378e-06,9.006211124574948e-12,0.009408692847612608,-0.040591307152387394,1
559.0,253.8206468974981,133.35128978698506,0.0029193771483931636,0.21331407872714855,500003000.0,4.95332827794847,1.1822467983915327e-05,4.7568902144857335e-05,4.301661744941235e-09,6.974809289790098e-08,0.0034608729714937308,2.0479740126806473e-09,3.7777657471765763e-06,9.00855024490277e-12,0.009397452634997845,-0.040602547365002156,1
559.5,253.80034562381562,133.11964146416386,0.002919897959970008,0.21355716864484092,500003000.0,4.953795273611745,1.1824615463111864e-05,4.760373078816989e-05,4.294958393073568e-09,6.965728662511069e-08,0.003462759253479488,2.052669223725287e-09,3.773249193258149e-06,9.010850584369044e-12,0.009386217432732267,-0.040613782567267734,1
560.0,253.78003873253198,132.8882899288447,0.002920420212985836,0.2138003715560799,500003000.0,4.9542577669891275,1.1826759595286935e-05,4.7638514071275545e-05,4.288264350143016e-09,6.956656621130942e-08,0.003464643279202872,2.0573641302992235e-09,3.7687346581617436e-06,9.013112233754549e-12,0.009374987252302914,-0.04062501274769709,1
560.5,253.75972622615814,132.65723501504618,0.0029209439063617383,0.21404368745873242,500003000.0,4.954715799272353,1.1828900385086524e-05,4.7673252036993126e-05,4.2815795991791365e-09,6.947593143516625e-08,0.003466525049672934,2.0620587220916042e-09,3.7642221464902067e-06,9.015335283619063e-12,0.00936376210515991,-0.040636237894840097,1
561.0,253.73940810721072,132.42647655651427,0.002921469039030514,0.21428711635055916,500003000.0,4.9551694113070095,1.1831037837148166e-05,4.7707944728031735e-05,4.274904123284176e-09,6.93853820772231e-08,0.0034684045659010383,2.0667529888016076e-09,3.7597116628515586e-06,9.017519824301933e-12,0.009352542002766247,-0.04064745799723375,1
561.5,253.7190843782121,132.19601438672285,0.002921995609925591,0.21453065822919345,500003000.0,4.955618643594983,1.1833171956100975e-05,4.7742592186991675e-05,4.268237905616559e-09,6.929491791987447e-08,0.003470281828900854,2.071446920138185e-09,3.755203211844695e-06,9.019665945922131e-12,0.009341326956562217,-0.04065867304343779,1
562.0,253.6987550416904,131.96584833887417,0.0029225236179847482,0.21477431309217399,500003000.0,4.956063536296897,1.1835302746565674e-05,4.777719445636536e-05,4.2615809293960914e-09,6.920453874736283e-08,0.0034721568396883563,2.07614050581981e-09,3.7506967980642e-06,9.021773738380377e-12,0.00933011697797739,-0.04066988302202261,1
562.5,253.67842010017938,131.73597824589913,0.0029230530621508375,0.2150180809369315,500003000.0,4.956504129234535,1.1837430213154626e-05,4.7811751578538236e-05,4.254933177904746e-09,6.911424434576084e-08,0.003474029599281819,2.0808337355742353e-09,3.7461924261012552e-06,9.023843291359517e-12,0.009318912078432863,-0.04068108792156714,1
563.0,253.6580795562186,131.5064039404578,0.002923583941370568,0.21526196176076723,500003000.0,4.956940461893258,1.1839554360471869e-05,4.784626359578971e-05,4.248294634484633e-09,6.902403450295197e-08,0.0034759001087018198,2.0855265991382508e-09,3.741690100542086e-06,9.025874694324714e-12,0.009307712269337413,-0.040692287730662594,1
563.5,253.63773341235327,131.2771252549395,0.002924116254597402,0.21550595556089702,500003000.0,4.957372573424412,1.184167519311314e-05,4.788073055029402e-05,4.241665282541937e-09,6.893390900862873e-08,0.003477768368971232,2.0902190862574496e-09,3.7371898259716516e-06,9.027868036525938e-12,0.009296517562096662,-0.04070348243790334,1
564.0,253.61738167113432,131.04814202146378,0.0029246500007827306,0.2157500623343972,500003000.0,4.957800502647721,1.1843792715665906e-05,4.791515248412115e-05,4.235045105533877e-09,6.884386765426442e-08,0.0034796343811152254,2.094911186685997e-09,3.7326916069623816e-06,9.029823406996975e-12,0.009285327968085063,-0.040714672031914936,1
564.5,253.59702433511836,130.81945407188013,0.002925185178889626,0.21599428207825794,500003000.0,4.958224288053676,1.18459069327094e-05,4.794952943923771e-05,4.2284340869883755e-09,6.875391023311444e-08,0.0034814981461612645,2.09960289018641e-09,3.7281954480917245e-06,9.03174089455834e-12,0.009274143498689557,-0.04072585650131044,1
565.0,253.57666140686771,130.59106123776903,0.002925721787878354,0.21623861478934597,500003000.0,4.95864396780591,1.1848017848814643e-05,4.7983861457507804e-05,4.221832210482835e-09,6.866403654019264e-08,0.0034833596651391006,2.1042941865293377e-09,3.7237013539236693e-06,9.033620587816896e-12,0.0092629641652636,-0.0407370358347364,1
565.5,253.55629288895034,130.36296335044173,0.002926259826720824,0.21648306046442212,500003000.0,4.95905957974357,1.1850125468544474e-05,4.801814858069394e-05,4.2152394596647595e-09,6.857424637226306e-08,0.003485218939080776,2.108985065493351e-09,3.71920932902714e-06,9.035462575167514e-12,0.009251789979172923,-0.04074821002082708,1
566.0,253.53591878393993,130.1351602409413,0.0029267992943847313,0.21672761910012459,500003000.0,4.959471161383659,1.1852229796453589e-05,4.805239085045785e-05,4.208655818228638e-09,6.848453952782207e-08,0.003487075969020619,2.1136755168647282e-09,3.714719377955835e-06,9.037266944793426e-12,0.009240620951745382,-0.04075937904825462,1
566.5,253.5155390944158,129.90765174004235,0.0029273401898509024,0.2169722906929875,500003000.0,4.959878749923395,1.1854330837088558e-05,4.808658830836139e-05,4.202081269940662e-09,6.839491580709081e-08,0.0034889307559952433,2.1183655304372635e-09,3.710231505270247e-06,9.039033784667999e-12,0.009229457094325736,-0.040770542905674265,1
567.0,253.49515382296298,129.6804376782521,0.002927882512094757,0.21721707523944409,500003000.0,4.9602823822425375,1.1856428594987864e-05,4.8120740995867394e-05,4.19551579861184e-09,6.83053750120027e-08,0.0034907833010435416,2.12305509601206e-09,3.705745715514149e-06,9.040763182555803e-12,0.009218298418217146,-0.040781701581782855,1
567.5,253.47476297217207,129.45351788581013,0.002928426260106123,0.21746197273580986,500003000.0,4.960682094905716,1.1858523074681927e-05,4.815484895434049e-05,4.1889593881261645e-09,6.821591694618645e-08,0.003492633605206689,2.127744203397345e-09,3.7012620132396843e-06,9.042455226013127e-12,0.009207144934743602,-0.0407928550652564,1
568.0,253.45436654463944,129.22689219268938,0.002928971432869322,0.217706983178268,500003000.0,4.96107792416474,1.1860614280693134e-05,4.818891222504796e-05,4.182412022411848e-09,6.812654141494933e-08,0.0034944816695281346,2.132432842408276e-09,3.6967804029821747e-06,9.044110002388479e-12,0.009195996655187248,-0.04080400334481275,1
568.5,253.43396454296703,129.0005604285963,0.002929518029377302,0.21795210656291555,500003000.0,4.961469905960905,1.1862702217535863e-05,4.82229308491606e-05,4.175873685461314e-09,6.803724822527708e-08,0.003496327495053601,2.1371210028667678e-09,3.692300889277987e-06,9.045727598825343e-12,0.009184853590832818,-0.04081514640916718,1
569.0,253.41355696976245,128.7745224229712,0.0029300660486273277,0.21819734288572892,500003000.0,4.961858075927282,1.1864786889716525e-05,4.825690486775351e-05,4.1693443613247665e-09,6.79480371858121e-08,0.003498171082831086,2.1418086746013044e-09,3.6878234766590773e-06,9.047308102262004e-12,0.009173715752954083,-0.040826284247045916,1
569.5,253.39314382763894,128.54877800498875,0.0029306154896201666,0.21844269214257406,500003000.0,4.962242469390997,1.1866868301733579e-05,4.829083432180693e-05,4.162824034108791e-09,6.785890810684385e-08,0.0035000124339108554,2.1464958474467767e-09,3.6833481696519525e-06,9.048851599433032e-12,0.009162583152811259,-0.040837416847188744,1
570.0,253.37272511921535,128.32332700355832,0.0029311663513608257,0.2186881543292008,500003000.0,4.962623121375508,1.1868946458077568e-05,4.8324719252207076e-05,4.156312687977157e-09,6.776986080029504e-08,0.0035018515493454444,2.151182511244311e-09,3.678874972778603e-06,9.050358176870185e-12,0.009151455801653316,-0.04084854419834669,1
570.5,253.35230084711617,128.09816924732445,0.0029317186328582925,0.21893372944123998,500003000.0,4.963000066602856,1.1871021363231143e-05,4.835855969974693e-05,4.1498103071502136e-09,6.768089507970857e-08,0.0035036884301896504,2.1558686558411056e-09,3.6744038905561676e-06,9.051827920903388e-12,0.009140333710717161,-0.040859666289282844,1
571.0,253.33187101397152,127.87330456466741,0.0029322723331231533,0.21917941747423425,500003000.0,4.963373339495918,1.1873093021669094e-05,4.8392355705127056e-05,4.143316875901294e-09,6.759201076024383e-08,0.0035055230775005346,2.1605542710902734e-09,3.6699349274939616e-06,9.053260917663016e-12,0.009129216891220242,-0.04087078310877976,1
571.5,253.31143562241712,127.64873278370331,0.0029328274511739006,0.21942521842358634,500003000.0,4.96374297418064,1.1875161437858377e-05,4.842610730895638e-05,4.13683237856538e-09,6.750320765865088e-08,0.003507355492337416,2.1652393468506865e-09,3.66546808810135e-06,9.054657253079138e-12,0.00911810535438013,-0.04088189464561987,1
572.0,253.2909946750943,127.4244537322849,0.002933383986028649,0.21967113228460905,500003000.0,4.964109004488269,1.1877226616258141e-05,4.845981455175301e-05,4.130356799527171e-09,6.741448559327173e-08,0.0035091856757618724,2.1699238729868346e-09,3.6610033768774013e-06,9.056017012884479e-12,0.009106999111388776,-0.040893000888611225,1
572.5,253.27054817465,127.2004672380016,0.002933941936714023,0.21991715905247308,500003000.0,4.96447146395756,1.1879288561319758e-05,4.849347747394502e-05,4.12389012323338e-09,6.732584438401495e-08,0.0035110136288377366,2.1746078393686715e-09,3.6565407983219704e-06,9.057340282613704e-12,0.009095898173440087,-0.040904101826559916,1
573.0,253.2500961237367,126.97677312818011,0.002934501302258202,0.22016329872228182,500003000.0,4.9648303858369855,1.188134727748685e-05,4.85270961158712e-05,4.117432334182684e-09,6.72372838523633e-08,0.0035128393526310956,2.179291235871482e-09,3.6520803569270094e-06,9.05862714760721e-12,0.009084802551708317,-0.04091519744829168,1
573.5,253.22963852501258,126.75337122988503,0.0029350620816908485,0.2204095512889748,500003000.0,4.965185803086924,1.1883402769195313e-05,4.856067051778187e-05,4.1109834169254405e-09,6.714880382133708e-08,0.003514662848210282,2.183974052375741e-09,3.647622057176508e-06,9.059877693008914e-12,0.009073712257347913,-0.04092628774265209,1
574.0,253.20917538114125,126.53026136991883,0.0029356242740516195,0.22065591674741258,500003000.0,4.965537748381842,1.188545504087335e-05,4.8594200719839623e-05,4.10454335607534e-09,6.706040411550471e-08,0.0035164841166458786,2.18865627876699e-09,3.643165903557038e-06,9.061092003770411e-12,0.009062627301519735,-0.040937372698480266,1
574.5,253.18870669479202,126.30744337482275,0.0029361878783775307,0.22090239509233503,500003000.0,4.965886254112462,1.1887504096941496e-05,4.86276867621201e-05,4.09811213629151e-09,6.697208456096027e-08,0.0035183031590107143,2.193337904935698e-09,3.6387119005420765e-06,9.062270164650664e-12,0.009051547695352076,-0.04094845230464793,1
575.0,253.1682324686397,126.08491707087683,0.0029367528937147345,0.22114898631836413,500003000.0,4.966231352387924,1.1889549941812643e-05,4.866112868461276e-05,4.091689742294737e-09,6.688384498531311e-08,0.0035201199763798575,2.198018920777156e-09,3.634260052606597e-06,9.063412260217354e-12,0.009040473449976955,-0.04095952655002305,1
575.5,253.1477527053647,125.8626822841006,0.002937319319109801,0.22139569042001397,500003000.0,4.966573075037925,1.189159257989207e-05,4.8694526527221594e-05,4.085276158855067e-09,6.679568521767883e-08,0.0035219345698306185,2.2026993161913396e-09,3.6298103642162685e-06,9.064518374848329e-12,0.00902940457650323,-0.04097059542349677,1
576.0,253.12726740765294,125.64073884025338,0.00293788715361532,0.2216425073916792,500003000.0,4.966911453614862,1.189363201557747e-05,4.872788032976593e-05,4.078871370799385e-09,6.670760508866544e-08,0.003523746940442544,2.207379081082813e-09,3.625362839834382e-06,9.065588592732503e-12,0.009018341086033858,-0.04098165891396614,1
576.5,253.10677657819596,125.419086564835,0.002938456396283167,0.2218894372276395,500003000.0,4.967246519395949,1.1895668253258971e-05,4.876119013198111e-05,4.072475363001843e-09,6.661960443036331e-08,0.0035255570892974166,2.2120582053606016e-09,3.6209174839135406e-06,9.066622997871157e-12,0.009007282989645203,-0.0409927170103548,1
577.0,253.0862802196908,125.19772528308583,0.0029390270461747874,0.22213647992206853,500003000.0,4.967578303385332,1.189770129731917e-05,4.879445597351928e-05,4.066088120397889e-09,6.65316830763364e-08,0.0035273650174792457,2.2167366789380982e-09,3.616474300908321e-06,9.067621674079474e-12,0.008996230298418534,-0.04100376970158147,1
577.5,253.06577833484,124.97665481998723,0.0029395991023552733,0.22238363546903583,500003000.0,4.967906836316189,1.1899731152133159e-05,4.8827677893950086e-05,4.059709627975806e-09,6.644384086161181e-08,0.0035291707260742787,2.2214144917329575e-09,3.6120332952679623e-06,9.068584704987842e-12,0.008985183023421852,-0.04101481697657815,1
578.0,253.0452709263517,124.75587500026249,0.0029401725638866874,0.2226309038624637,500003000.0,4.968232148652819,1.1901757822068543e-05,4.886085593276142e-05,4.053339870767299e-09,6.635607762265792e-08,0.0035309742161709822,2.226091633666995e-09,3.6075944714281704e-06,9.06951217404154e-12,0.00897414117568948,-0.04102585882431052,1
578.5,253.02475799693954,124.53538564837687,0.0029407474298397463,0.22287828509619587,500003000.0,4.968554270592719,1.1903781311485474e-05,4.8893990129360114e-05,4.046978833863409e-09,6.626839319739117e-08,0.003532775488860049,2.230768094666094e-09,3.6031578338254797e-06,9.070404164504371e-12,0.008963104766257812,-0.04103689523374219,1
579.0,253.00423954932268,124.31518658853794,0.002941323699291077,0.22312577916394177,500003000.0,4.968873232068647,1.190580162473668e-05,4.892708052307269e-05,4.040626502410467e-09,6.618078742515135e-08,0.0035345745452343954,2.2354438646601165e-09,3.5987233868938403e-06,9.071260759457978e-12,0.00895207380615681,-0.04104792619384319,1
579.5,252.98371558622574,124.09527764469614,0.002941901371319051,0.2233733860593099,500003000.0,4.969189062750679,1.1907818766167482e-05,4.8960127153146037e-05,4.034282861604131e-09,6.609326014669906e-08,0.003536371386389155,2.2401189335828157e-09,3.594291135059509e-06,9.07208204180418e-12,0.008941048306397293,-0.04105895169360271,1
580.0,252.96318611037893,123.87565864054548,0.0029424804450018777,0.2236211057757762,500003000.0,4.969501792048251,1.1909832740115825e-05,4.899313005874814e-05,4.027947896686602e-09,6.600581120419753e-08,0.0035381660134216797,2.2447932913717505e-09,3.5898610827387506e-06,9.07286809426515e-12,0.00893002827796523,-0.041069971722034776,1
580.5,252.9426511245179,123.65632939952378,0.0029430609194246726,0.22386893830671656,500003000.0,4.969811449112186,1.1911843550912303e-05,4.902608927896874e-05,4.02162159295608e-09,6.591844044121023e-08,0.00353995842743153,2.249466927968207e-09,3.585433234346457e-06,9.073618999385758e-12,0.008919013731843171,-0.04108098626815683,1
581.0,252.92211063138382,123.43728974481289,0.0029436427936795607,0.22411688364540364,500003000.0,4.970118062836716,1.1913851202880187e-05,4.905900485282008e-05,4.015303935766656e-09,6.583114770268987e-08,0.003541748629520482,2.254139833317125e-09,3.5810075942962327e-06,9.074334839534738e-12,0.008908004679010465,-0.04109199532098954,1
581.5,252.90156463372332,123.21853949933966,0.0029442260668540838,0.22436494178496585,500003000.0,4.970421661861491,1.1915855700335442e-05,4.909187681923756e-05,4.008994910512286e-09,6.574393283495758e-08,0.0035435366207925167,2.258811997367023e-09,3.57658416698631e-06,9.075015696904476e-12,0.008897001130408219,-0.04110299886959178,1
582.0,252.88101313428854,123.00007848577587,0.002944810738047658,0.22461311271843207,500003000.0,4.97072227457357,1.1917857047586767e-05,4.912470521708041e-05,4.0026945026490126e-09,6.56567956857041e-08,0.003545322402353823,2.2634834100699313e-09,3.5721629568195376e-06,9.075661653513817e-12,0.008886003096989026,-0.04111399690301098,1
582.5,252.86045613583704,122.78190652653893,0.0029453968063596426,0.22486139643872793,500003000.0,4.971019929109409,1.1919855248935607e-05,4.91574900851324e-05,3.996402697678485e-09,6.556973610397861e-08,0.003547105975312791,2.2681540613813235e-09,3.5677439681888778e-06,9.076272791209176e-12,0.008875010589680881,-0.04112498941031912,1
583.0,252.83989364113188,122.56402344379227,0.002945984270893793,0.22510979293865063,500003000.0,4.9713146533568295,1.1921850308676184e-05,4.9190231462102484e-05,3.990119481153806e-09,6.548275394017234e-08,0.0035488873407800124,2.2728239412600577e-09,3.5633272054828005e-06,9.076849191664917e-12,0.008864023619400608,-0.0411359763805994,1
583.5,252.8193256529416,122.34642905944597,0.0029465731307544915,0.22535830221087946,500003000.0,4.971606474956977,1.192384223109552e-05,4.922292938662549e-05,3.983844838674234e-09,6.53958490460114e-08,0.0035506664998682723,2.277493039668315e-09,3.55891267308074e-06,9.077390936384986e-12,0.008853042197042551,-0.04114695780295745,1
584.0,252.79875217404012,122.12912319515699,0.002947163385053675,0.22560692424799444,500003000.0,4.9718954213062805,1.1925831020473467e-05,4.925558389726276e-05,3.977578755894327e-09,6.530902127455136e-08,0.0035524434536925538,2.2821613465715472e-09,3.554500375361447e-06,9.077898106704776e-12,0.008842066333499354,-0.04115793366650065,1
584.5,252.77817320720686,121.91210567232962,0.0029477550329065003,0.2258556590424494,500003000.0,4.972181519558373,1.1927816681082727e-05,4.928819503250284e-05,3.9713212185178586e-09,6.522227048016078e-08,0.003554218203370032,2.2868288519384226e-09,3.5500903166977338e-06,9.078370783791482e-12,0.008831096039648892,-0.04116890396035111,1
585.0,252.7575887552267,121.69537631211624,0.002948348073427304,0.22610450658657125,500003000.0,4.972464796626033,1.1929799217188873e-05,4.93207628307621e-05,3.9650722122921844e-09,6.513559651851128e-08,0.0035559907500200666,2.2914955457407796e-09,3.5456825014516208e-06,9.0788090486453e-12,0.008820131326342184,-0.04117986867365782,1
585.5,252.73699882088985,121.4789349354173,0.0029489425057407826,0.22635346687260685,500003000.0,4.972745279183088,1.1931778633050385e-05,4.935328733038539e-05,3.958831723023074e-09,6.504899924657939e-08,0.003557761094764208,2.2961614179535756e-09,3.541276933987778e-06,9.07921298210231e-12,0.008809172204436852,-0.04119082779556315,1
586.0,252.71640340699207,121.26278136288236,0.0029495383289674247,0.22660253989264825,500003000.0,4.973022993666317,1.1933754932918663e-05,4.9385768569646696e-05,3.952599736554921e-09,6.496247852261856e-08,0.003559529238726187,2.3008264585548503e-09,3.5368736186560065e-06,9.07958266483315e-12,0.008798218684753521,-0.04120178131524648,1
586.5,252.69580251633445,121.04691541491007,0.0029501355422372876,0.2268517256387026,500003000.0,4.973297966277347,1.1935728121038057e-05,4.941820658674978e-05,3.946376238789041e-09,6.487603420616684e-08,0.0035612951830319138,2.305490657525686e-09,3.532472559807783e-06,9.079918177346695e-12,0.008787270778116987,-0.041212729221883015,1
587.0,252.6751961517235,120.8313369116487,0.002950734144683637,0.22710102410264338,500003000.0,4.973570222984522,1.1937698201645894e-05,4.94506014198288e-05,3.940161215674894e-09,6.478966615802533e-08,0.00356305892880948,2.310154004850166e-09,3.5280737617885916e-06,9.08021959998959e-12,0.00877632849533714,-0.041223671504662864,1
587.5,252.65458431597116,120.61604567299695,0.002951334135437921,0.22735043527623794,500003000.0,4.973839789524784,1.1939665178972495e-05,4.9482953106948926e-05,3.9339546532032076e-09,6.470337424025559e-08,0.0035648204771891474,2.314816490515348e-09,3.523677228931941e-06,9.080487012948487e-12,0.008765391847194078,-0.04123460815280593,1
588.0,252.63396701189475,120.40104151860402,0.0029519355136406874,0.22759995915112657,500003000.0,4.9741066914055105,1.1941629057241204e-05,4.951526168610701e-05,3.9277565374203305e-09,6.461715831616524e-08,0.003566579829303355,2.3194781045112257e-09,3.5192829655723874e-06,9.080720496250565e-12,0.008754460844470503,-0.041245539155529504,1
588.5,252.613344242317,120.18632426787039,0.0029525382784316156,0.22784959571885344,500003000.0,4.974370953906372,1.1943589840668411e-05,4.954752719523216e-05,3.9215668544147485e-09,6.453101825030612e-08,0.003568336986286704,2.3241388368307096e-09,3.5148909760336406e-06,9.080920129765823e-12,0.00874353549792214,-0.041256464502077865,1
589.0,252.59271601006597,119.97189373994797,0.0029531424289587003,0.2280993449708307,500003000.0,4.974632602081158,1.1945547533463576e-05,4.957974967218639e-05,3.915385590329087e-09,6.444495390845653e-08,0.0035700919492759674,2.3287986774695982e-09,3.5105012646394896e-06,9.081085993207144e-12,0.008732615818304904,-0.0412673841816951,1
589.5,252.57208231797512,119.75774975374064,0.0029537479643716937,0.22834920689835972,500003000.0,4.9748916607596,1.1947502139829252e-05,4.9611929154765196e-05,3.909212731351173e-09,6.435896515761701e-08,0.0035718447194100804,2.333457616426556e-09,3.5061138357059716e-06,9.081218166132217e-12,0.008721701816355435,-0.04127829818364457,1
590.0,252.55144316888328,119.543892127905,0.002954354883820128,0.22859918149262162,500003000.0,4.975148154549178,1.1949453663961107e-05,4.964406568069819e-05,3.903048263711263e-09,6.427305186599916e-08,0.0035735952978301357,2.338115643703095e-09,3.50172869353905e-06,9.081316727944481e-12,0.008710793502785304,-0.041289206497214695,1
590.5,252.53079856563468,119.33032068085082,0.002954963186457168,0.22884926874468509,500003000.0,4.975402107836917,1.1951402110047951e-05,4.9676159287649704e-05,3.89689217368696e-09,6.418721390301858e-08,0.0035753436856793856,2.3427727493035584e-09,3.4973458424391985e-06,9.081381757894657e-12,0.008699890888292436,-0.04130010911170757,1
591.0,252.51014851107882,119.11703523074098,0.0029555728714472282,0.22909946864551525,500003000.0,4.975653544791178,1.1953347482271757e-05,4.9708210013219345e-05,3.890744447613001e-09,6.4101451139288e-08,0.003577089884103235,2.3474289232351073e-09,3.492965286710357e-06,9.081413335082269e-12,0.008688993983583367,-0.041311006016416636,1
591.5,252.4894930080706,118.90403559549254,0.002956183937949201,0.22934978118593083,500003000.0,4.975902489363426,1.1955289784807686e-05,4.9740217894942644e-05,3.8846050718589785e-09,6.401576344659804e-08,0.0035788338942492424,2.3520841555077094e-09,3.4885870306401097e-06,9.081411538455412e-12,0.008678102799323954,-0.04132189720067605,1
592.0,252.46883205947026,118.69132159277699,0.0029567963851292924,0.22960020635666537,500003000.0,4.976148965289998,1.195722902182411e-05,4.9772182970291605e-05,3.878474032846049e-09,6.393015069792318e-08,0.003580575717267114,2.3567384361341312e-09,3.4842110785148505e-06,9.08137644681411e-12,0.008667217346177092,-0.04133278265382291,1
592.5,252.44816566814336,118.47889304002084,0.0029574102121541434,0.2298507441483165,500003000.0,4.976392996093848,1.1959165197482628e-05,4.98041052766753e-05,3.872351317037711e-09,6.384461276740094e-08,0.0035823153543086995,2.3613917551299305e-09,3.4798374346116715e-06,9.08130813880979e-12,0.008656337634782532,-0.04134366236521747,1
593.0,252.42749383696076,118.26674975440582,0.002958025418199192,0.23010139455137704,500003000.0,4.9766346050862955,1.1961098315938103e-05,4.983598485144047e-05,3.866236910950535e-09,6.375914953033058e-08,0.003584052806527994,2.366044102513457e-09,3.4754661032081672e-06,9.081206692947611e-12,0.00864546367578128,-0.04135453632421872,1
593.5,252.40681656879866,118.05489155286952,0.0029586420024400916,0.2303521575562118,500003000.0,4.976873815368746,1.1963028381338675e-05,4.986782173187205e-05,3.860130801142737e-09,6.367376086315886e-08,0.0035857880750811326,2.3706954683058472e-09,3.4710970885723454e-06,9.081072187586859e-12,0.008634595479790492,-0.04136540452020951,1
594.0,252.38613386653856,117.84331825210597,0.0029592599640546843,0.23060303315308267,500003000.0,4.97711064983441,1.1964955397825783e-05,4.989961595519379e-05,3.854032974216579e-09,6.358844664347754e-08,0.0035875211611263837,2.3753458425310277e-09,3.4667303949649426e-06,9.080904700943037e-12,0.008623733057409232,-0.04137626694259077,1
594.5,252.36544573306728,117.63202966856616,0.0029598793022232936,0.23085402133212102,500003000.0,4.977345131170012,1.1966879369534193e-05,4.993136755856879e-05,3.847943416818589e-09,6.350320675000845e-08,0.003589252065824152,2.3799952152157224e-09,3.462366026639783e-06,9.08070431108819e-12,0.008612876419219376,-0.04138712358078063,1
595.0,252.3447521712769,117.4210256184582,0.0029605000161342506,0.231105122083352,500003000.0,4.977577281857481,1.1968800300592016e-05,4.996307657910009e-05,3.84186211564651e-09,6.341804106260067e-08,0.003590980790336971,2.384643576389453e-09,3.458003987850204e-06,9.0804710959529e-12,0.008602025575801588,-0.04139797442419842,1
595.5,252.3240531840648,117.2103059177482,0.0029611221049740287,0.23135633539668202,500003000.0,4.977807124175635,1.1970718195120734e-05,4.99947430538312e-05,3.835789057436311e-09,6.333294946221921e-08,0.003592707335829502,2.3892909160845535e-09,3.453644282837529e-06,9.080205133327102e-12,0.008591180537706638,-0.04140881946229336,1
596.0,252.30334877433367,116.99987038216045,0.002961745567935787,0.23160766126188972,500003000.0,4.978034680201853,1.197263305723522e-05,5.002636701974667e-05,3.8297242289730796e-09,6.324793183093474e-08,0.003594431703468533,2.3939372243361798e-09,3.4492869158410324e-06,9.079906500860987e-12,0.008580341315480203,-0.0414196586845198,1
596.5,252.28263894499142,116.78971882717812,0.0029623704042140995,0.23185909966864746,500003000.0,4.978259971813733,1.1974544891043762e-05,5.005794851377263e-05,3.823667617084003e-09,6.316298805192019e-08,0.0035961538944229697,2.398582491182319e-09,3.4449318910917883e-06,9.079575276066931e-12,0.008569507919647565,-0.04143049208035244,1
597.0,252.26192369895125,116.57985106804365,0.0029629966130069554,0.2321106506065102,500003000.0,4.9784830206907476,1.1976453700648082e-05,5.008948757277735e-05,3.817619208640772e-09,6.30781180094401e-08,0.0035978739098638398,2.4032267066638137e-09,3.440579212814995e-06,9.079211536320337e-12,0.008558680360719384,-0.04144131963928062,1
597.5,252.24120303913162,116.3702669197593,0.0029636241935158286,0.2323623140649237,500003000.0,4.978703848315873,1.1978359490143362e-05,5.0120984233571774e-05,3.811578990559477e-09,6.29933215888443e-08,0.003599591750964282,2.40786986082437e-09,3.4362288852300388e-06,9.078815358861089e-12,0.008547858649191865,-0.04145214135080814,1
598.0,252.2204769684562,116.16096619708745,0.002964253144947462,0.23261409003318906,500003000.0,4.978922475977222,1.1980262263618263e-05,5.015243853291005e-05,3.805546949802707e-09,6.290859867655176e-08,0.003601307418899552,2.412511943710584e-09,3.431880912552553e-06,9.078386820793587e-12,0.008537042795551874,-0.04146295720444813,1
598.5,252.199745489854,115.9519487145515,0.0029648834665058337,0.23286597850051954,500003000.0,4.979138924769659,1.1982162025154947e-05,5.0183850507490076e-05,3.799523073369063e-09,6.282394916005549e-08,0.0036030209148470095,2.4171529453719648e-09,3.4275352989851164e-06,9.077925999089802e-12,0.008526232810253803,-0.0414737671897462,1
599.0,252.17900860625912,115.74321428643593,0.0029655151574054695,0.23311797945599105,500003000.0,4.979353215596405,1.1984058778829102e-05,5.0215220193954026e-05,3.793507348310033e-09,6.273937292790351e-08,0.0036047322399861245,2.4217928558609537e-09,3.423192048732638e-06,9.077432970588875e-12,0.008515428703757844,-0.04148457129624216,1
599.5,252.158266320611,115.53476272678712,0.002966148216857632,0.23337009288857052,500003000.0,4.979565369170627,1.1985952528709958e-05,5.024654762888888e-05,3.787499761712126e-09,6.265486986969706e-08,0.0036064413954984675,2.4264316652329524e-09,3.418851165986392e-06,9.076907811999154e-12,0.008504630486490267,-0.04149536951350974,1
600.0,252.13751863585426,115.32659384941363,0.0029667826440816967,0.23362231878711795,500003000.0,4.979775406017028,1.1987843278860314e-05,5.027783284882692e-05,3.7815003007112354e-09,6.25704398760836e-08,0.003608148382567707,2.4310693635463532e-09,3.4145126549371357e-06,9.076350599899516e-12,0.008493838168876059,-0.04150616183112395,1
