t_s,T_K,e_Pa,Sw,Si,Ncloud,Nice,r_cloud_m,r_ice_m,drcloud_dt,drice_dt,qcloud,qice,cond_rate_kgm3s,dep_rate_kgm3s,latent_heating_Ks,dT_dt_Ks,ice_active
0.0,273.15,580.4274281530295,-0.05000000000000009,-0.049927860781880086,0.0,0.0,1e-06,1e-07,0.0,0.0,0.0,0.0,0.0,0.0,0.0,-0.1,0
1.0,273.04999999999995,580.214856306059,-0.043428561742235604,-0.042419434998857655,0.0,0.0,1e-06,1e-07,0.0,0.0,0.0,0.0,0.0,0.0,0.0,-0.1,0
2.0,272.94999999999993,580.0022844590885,-0.03680604804737067,-0.034845915692426795,0.0,0.0,1e-06,1e-07,0.0,0.0,0.0,0.0,0.0,0.0,0.0,-0.1,0
3.0,272.8499999999999,579.789712612118,-0.03013202073387262,-0.027206691114391446,0.0,0.0,1e-06,1e-07,0.0,0.0,0.0,0.0,0.0,0.0,0.0,-0.1,0
4.0,272.7499999999999,579.5771407651475,-0.023406037522452485,-0.019501143338710374,0.0,0.0,1e-06,1e-07,0.0,0.0,0.0,0.0,0.0,0.0,0.0,-0.1,0
5.0,272.64999999999986,579.364568918177,-0.016627651994683156,-0.011728648194954618,0.0,0.0,1e-06,1e-07,0.0,0.0,0.0,0.0,0.0,0.0,0.0,-0.1,0
6.0,272.54999999999984,579.1519970712066,-0.009796413551171449,-0.003888575200942975,0.0,0.0,1e-06,1e-07,0.0,0.0,0.0,0.0,0.0,0.0,0.0,-0.1,0
7.0,272.4499999999998,578.9394252242361,-0.002911867369274869,0.004019712505341757,0.0,0.0,1e-06,1e-07,0.0,0.0,0.0,0.0,0.0,0.0,0.0,-0.1,0
8.0,272.3499999999998,578.4737835039554,0.004026445639637308,0.011996858234703955,500003000.0,0.0,1.223477383652823e-06,1e-07,2.2347738365282298e-07,0.0,3.8357390727028474e-06,0.0,2.1018801257689106e-06,0.0,0.005228557526788334,-0.09477144247321168,0
9.0,272.2552285575266,577.2748438852191,0.010190682676939374,0.019155615099380276,500003000.0,0.0,1.6836440381636158e-06,1e-07,4.601666545107929e-07,0.0,9.995673225024991e-06,0.0,8.195928717616256e-06,0.0,0.02038788238212999,-0.07961211761787002,0
10.0,272.17561643990877,575.4791295774164,0.013983021539133701,0.023779691588284656,500003000.0,0.0,2.140701561165681e-06,1e-07,4.570575230020653e-07,0.0,2.054610942450402e-05,0.0,1.31602938745646e-05,0.0,0.032737049439215425,-0.06726295056078457,0
11.0,272.10835348934796,573.2817786908295,0.01581612681833569,0.026306560763259854,500003000.0,0.0,2.5459628679695943e-06,1e-07,4.052613068039132e-07,0.0,3.456347623688284e-05,0.0,1.650523625894346e-05,0.0,0.04105780163916283,-0.058942198360837174,0
12.0,272.0494112909871,570.8485903326437,0.016313506882536116,0.02740220220270672,500003000.0,0.0,2.896417547662392e-06,1e-07,3.5045467969279793e-07,0.0,5.089143878148642e-05,0.0,1.8472967985916576e-05,0.0,0.04595265668138452,-0.054047343318615486,0
13.0,271.99536394766847,568.3071372713695,0.01601401338800377,0.027643488315230575,500003000.0,0.0,3.198012011147095e-06,1e-07,3.01594463484703e-07,0.0,6.850172232823345e-05,0.0,1.9380546528295768e-05,0.0,0.04821031474700439,-0.05178968525299561,0
14.0,271.9435742624155,565.7383803052055,0.015336471254336369,0.02747946859520294,500003000.0,0.0,3.458941925723966e-06,1e-07,2.609299145768706e-07,0.0,8.667443727467508e-05,0.0,1.961520661496425e-05,0.0,0.048794046305881224,-0.05120595369411878,0
15.0,271.89236830872136,563.1844182287881,0.014548344837566212,0.027197210957149255,500003000.0,0.0,3.6872145444814733e-06,1e-07,2.282726187575074e-07,0.0,0.00010499205690094668,0.0,1.949993266330539e-05,0.0,0.048507295182351716,-0.05149270481764829,0
16.0,271.8408756039037,560.6619405236868,0.013789494800540612,0.026946985329846743,500003000.0,0.0,3.889670545775216e-06,1e-07,2.024560012937425e-07,0.0,0.00012325361733253186,0.0,1.9245923954076375e-05,0.0,0.047875432721583025,-0.05212456727841698,0
17.0,271.7887510366253,558.1739859714027,0.01311587221662918,0.026789013374902,500003000.0,0.0,4.071744174357175e-06,1e-07,1.8207362858195904e-07,0.0,0.00014138478327054845,0.0,1.896664383666002e-05,0.0,0.047180706061343336,-0.05281929393865667,0
18.0,271.7359317426866,555.717698899156,0.012538135943703312,0.026734866085791377,500003000.0,0.0,4.237580827591339e-06,1e-07,1.6583665323416423e-07,0.0,0.00015937316758978196,0.0,1.8711085737642373e-05,0.0,0.04654498939712033,-0.053455010602879674,0
19.0,271.6824767320837,553.2885255603838,0.012047259204509497,0.026774942143667428,500003000.0,0.0,4.390284050416226e-06,1e-07,1.527032228248871e-07,0.0,0.00017723075155241653,0.0,1.8493363961153083e-05,0.0,0.046003392938191744,-0.05399660706180826,0
20.0,271.6284801250219,550.8820764286276,0.011628444475302372,0.026893413351231205,500003000.0,0.0,4.532171304963257e-06,1e-07,1.4188725454703164e-07,0.0,0.00019497555700372386,0.0,1.831211440975812e-05,0.0,0.04555252340735851,-0.05444747659264149,0
21.0,271.57403264842924,548.4947347005137,0.011267334362609106,0.027074903104110194,500003000.0,0.0,4.6649884430425515e-06,1e-07,1.3281713807929397e-07,0.0,0.00021262431912671286,0.0,1.8160915443158085e-05,0.0,0.04517640657502012,-0.05482359342497989,0
22.0,271.51920905500424,546.1237071337836,0.010952065843267342,0.02730670040050763,500003000.0,0.0,4.790071820236765e-06,1e-07,1.250833771942137e-07,0.0,0.0002301904461445504,0.0,1.8032922771613027e-05,0.0,0.04485801684480853,-0.055141983155191476,0
23.0,271.46406707184906,543.7668848685028,0.010673465217518214,0.027578974641588056,500003000.0,0.0,4.908464165382921e-06,1e-07,1.1839234514615543e-07,0.0,0.0002476840803447127,0.0,1.7922448737134675e-05,0.0,0.04458320581376785,-0.05541679418623215,0
24.0,271.40865027766284,541.4226757326867,0.010424602794834611,0.02788430059695398,500003000.0,0.0,5.020995199244939e-06,1e-07,1.1253103386201829e-07,0.0,0.00026511276412439095,0.0,1.7825199339817022e-05,0.0,0.044341291890092095,-0.05565870810990791,0
25.0,271.35299156955296,539.0898633202091,0.010200245961948538,0.02821707277117664,500003000.0,0.0,5.128337344961609e-06,1e-07,1.0734214571666979e-07,0.0,0.00028248212797611015,0.0,1.773805175279099e-05,0.0,0.044124506847738776,-0.05587549315226123,0
26.0,271.2971160764007,536.7675025323465,0.009996396931246874,0.028573009893290223,500003000.0,0.0,5.231044497024738e-06,1e-07,1.0270715206312887e-07,0.0,0.00029979643370180343,0.0,1.765875128095813e-05,0.0,0.043927241992433155,-0.05607275800756685,0
27.0,271.2410433183931,534.4548459397917,0.009809949255107296,0.028948786540551337,500003000.0,0.0,5.329579424783221e-06,1e-07,9.85349277584835e-08,0.0,0.0003170589635297094,0.0,1.7585655213976088e-05,0.0,0.04374541098004002,-0.056254589019959986,0
28.0,271.18478872937317,532.1512925724389,0.009638445459568266,0.029341773158791586,500003000.0,0.0,5.424333529442345e-06,1e-07,9.475410465912338e-08,0.0,0.00033427228927951884,0.0,1.7517546429132955e-05,0.0,0.04357598614212178,-0.05642401385787823,0
29.0,271.12836471551526,529.8563520822065,0.009479908488492415,0.029749855252110748,500003000.0,0.0,5.515641387037707e-06,1e-07,9.130785759536225e-08,0.0,0.0003514384578236354,0.0,1.7453505626330265e-05,0.0,0.04341668066251309,-0.05658331933748691,0
30.0,271.07178139617776,527.5696192537356,0.009332723805814881,0.030171306922466185,500003000.0,0.0,5.6037916676368985e-06,1e-07,8.815028059919156e-08,0.0,0.0003685591204273707,0.0,1.739282532790747e-05,0.0,0.04326573464653599,-0.056734265353464014,0
31.0,271.0150471308243,525.2907555103966,0.009195555605721826,0.030604701005176562,500003000.0,0.0,5.689035482641798e-06,1e-07,8.524381500489954e-08,0.0,0.00038563562469150464,0.0,1.733495174224314e-05,0.0,0.043121770503092384,-0.05687822949690762,0
32.0,270.9581689013274,523.0194752245502,0.009067286072267441,0.031048843934109567,500003000.0,0.0,5.771592868873538e-06,1e-07,8.255738623174011e-08,0.0,0.0004026690812861677,0.0,1.727944483745801e-05,0.0,0.04298369362551743,-0.05701630637448257,0
33.0,270.9011525949529,520.7555353952217,0.008946970458280057,0.031502727577527125,500003000.0,0.0,5.851657897033018e-06,1e-07,8.006502815947902e-08,0.0,0.00041966041335819146,0.0,1.7225950356724667e-05,0.0,0.04285062277792206,-0.05714937722207795,0
34.0,270.84400321773086,518.4987277359155,0.008833803243504981,0.03196549295803414,500003000.0,0.0,5.929402747114332e-06,1e-07,7.774485008131405e-08,0.0,0.00043661039376881246,0.0,1.717417978936554e-05,0.0,0.04272184027205358,-0.05727815972794643,0
35.0,270.7867250580029,516.2488725214065,0.0087270922157826,0.032436402469991986,500003000.0,0.0,6.004980996207912e-06,1e-07,7.557824909358054e-08,0.0,0.000453519673603413,0.0,1.71238957535835e-05,0.0,0.042596755605929106,-0.0574032443940709,0
36.0,270.7293218136088,514.00581374087,0.008626238330067777,0.032914818292861255,500003000.0,0.0,6.07853029766884e-06,1e-07,7.354930146092776e-08,0.0,0.00047038880430251,0.0,1.7074901140868922e-05,0.0,0.04247487845987294,-0.05752512154012707,0
37.0,270.67179669206865,511.7694152363024,0.008530719855246094,0.03340018540208378,500003000.0,0.0,6.150174584238783e-06,1e-07,7.164428656994315e-08,0.0,0.0004872182550523758,0.0,1.702703092845639e-05,0.0,0.042355798329493516,-0.05764420167050649,0
38.0,270.61415249039817,509.53955759433467,0.008440079752677857,0.03389201804472147,500003000.0,0.0,6.220025894744594e-06,1e-07,6.985131050581149e-08,0.0,0.0005040084266005599,0.0,1.6980145918894193e-05,0.0,0.042239168952473115,-0.05776083104752689,0
39.0,270.55639165935065,507.3161356212093,0.008353915524227852,0.0343898888624109,500003000.0,0.0,6.288185900186274e-06,1e-07,6.816000544167914e-08,0.0,0.0005207596623396767,0.0,1.69341278942602e-05,0.0,0.042124696254378605,-0.0578753037456214,0
40.0,270.49851635560503,505.09905627416146,0.008271870970549601,0.03489342006186752,500003000.0,0.0,6.354747187575915e-06,1e-07,6.656128738964109e-08,0.0,0.0005374722572791926,0.0,1.6888875823728633e-05,0.0,0.04201212891474784,-0.05798787108525216,0
41.0,270.4405284845198,502.8882369535753,0.008193629443539331,0.03540227618686702,500003000.0,0.0,6.419794346930723e-06,1e-07,6.504715935480746e-08,0.0,0.0005541464653670935,0.0,1.6844302865809048e-05,0.0,0.04190125090997275,-0.058098749090027255,0
42.0,270.38242973542975,500.68360408294546,0.008118908279187953,0.035916158155201564,500003000.0,0.0,6.483404897083254e-06,1e-07,6.36105501525308e-08,0.0,0.000570782505509764,0.0,1.680033397694326e-05,0.0,0.04179187556453547,-0.05820812443546453,0
43.0,270.3242216109943,498.4850919203713,0.008047454171532254,0.036434798304121954,500003000.0,0.0,6.545650078571451e-06,1e-07,6.22451814881967e-08,0.0,0.0005873805665557457,0.0,1.675690398770058e-05,0.0,0.04168384076542433,-0.05831615923457568,0
44.0,270.26590545175975,496.29264155774615,0.007979039303335815,0.036957956246658485,500003000.0,0.0,6.606595536191518e-06,1e-07,6.094545762006693e-08,0.0,0.000603940811448237,0.0,1.671395604325082e-05,0.0,0.04157700508271348,-0.05842299491728652,0
45.0,270.20748245684246,494.10620007321495,0.007913458089850594,0.037485415384746264,500003000.0,0.0,6.666301909395553e-06,1e-07,5.970637320403499e-08,0.0,0.0006204633807055236,0.0,1.6671440329890592e-05,0.0,0.04147124460171789,-0.05852875539828212,0
46.0,270.14895370144416,491.9257198096193,0.007850524422963764,0.03801697995845355,500003000.0,0.0,6.7248253452775756e-06,1e-07,5.852343588202294e-08,0.0,0.0006369483953543116,0.0,1.6629313028264306e-05,0.0,0.04136645031906544,-0.058633549680934566,0
47.0,270.0903201517632,489.7511577571436,0.007790069326475555,0.03855247253561774,500003000.0,0.0,6.78221794618297e-06,1e-07,5.739260090539437e-08,0.0,0.0006533959594148514,0.0,1.658753544760333e-05,0.0,0.041262525989063006,-0.058737474010937,0
48.0,270.0315826777523,487.5824750226596,0.007731938951216417,0.03909173186550382,500003000.0,0.0,6.838528161826041e-06,1e-07,5.6310215643070846e-08,0.0,0.0006698061620165293,0.0,1.654607330540135e-05,0.0,0.041159386331844156,-0.05884061366815585,0
49.0,269.9727420640841,485.4196363715854,0.0076759928528224485,0.03963461103523581,500003000.0,0.0,6.893801134082549e-06,1e-07,5.527297225650902e-08,0.0,0.0006861790792071944,0.0,1.6504896124943256e-05,0.0,0.04105695553468471,-0.05894304446531529,0
50.0,269.9137990196188,483.2626098307297,0.007622102505749401,0.040180975879168024,500003000.0,0.0,6.94807900124081e-06,1e-07,5.4277867158260376e-08,0.0,0.0007025147755071074,0.0,1.6463976728623987e-05,0.0,0.04095516599160196,-0.059044834008398044,0
51.0,269.85475418561043,481.11136634264363,0.007570150015952249,0.04073070360110174,500003000.0,0.0,7.00140116737665e-06,1e-07,5.332216613584066e-08,0.0,0.0007188133052491267,0.0,1.642329081001997e-05,0.0,0.04085395723885565,-0.05914604276114436,0
52.0,269.7956081428493,478.96587946370084,0.007520027001221356,0.04128368157593004,500003000.0,0.0,7.053804541605181e-06,1e-07,5.240337422853055e-08,0.0,0.0007350747137389019,0.0,1.6382816570598025e-05,0.0,0.040753275051238866,-0.05924672494876114,0
53.0,269.7363614179005,476.8261250994488,0.007471633613802842,0.04183980630373818,500003000.0,0.0,7.10532375121639e-06,1e-07,5.1519209611208437e-08,0.0,0.0007512990382629277,0.0,1.6342534410064338e-05,0.0,0.040653070671801836,-0.05934692932819817,0
54.0,269.67701448857235,474.6920812718573,0.007424877684255947,0.04239898249360486,500003000.0,0.0,7.155991332087302e-06,1e-07,5.0667580870912605e-08,0.0,0.0007674863089674716,0.0,1.6302426661374204e-05,0.0,0.04055330015267215,-0.05944669984732785,0
55.0,269.617567788725,472.5637279139729,0.007379673969013992,0.042961122258555154,500003000.0,0.0,7.205837899255105e-06,1e-07,4.984656716780355e-08,0.0,0.0007836365496274478,0.0,1.626247736305101e-05,0.0,0.0404539237886841,-0.059546076211315906,0
56.0,269.5580217125137,470.44104668821666,0.007335943486975945,0.04352614440564298,500003000.0,0.0,7.254892300113038e-06,1e-07,4.905440085793266e-08,0.0,0.0007997497783210546,0.0,1.622267206276482e-05,0.0,0.04035490562876821,-0.0596450943712318,0
57.0,269.4983766181425,468.32402082512573,0.0072936129329445884,0.04409397380850972,500003000.0,0.0,7.303181752338959e-06,1e-07,4.828945222592217e-08,0.0,0.0008158260080236384,0.0,1.6182997647500075e-05,0.0,0.04025621305348278,-0.059743786946517226,0
58.0,269.438632831196,466.21263497986337,0.007252614157405055,0.04466454085075865,500003000.0,0.0,7.350731968369904e-06,1e-07,4.755021603094478e-08,0.0,0.000831865247131819,0.0,1.6143442195944352e-05,0.0,0.04015781640782177,-0.05984218359217824,0
59.0,269.3787906476038,464.1068751041957,0.007212883703989728,0.045237780931192385,500003000.0,0.0,7.397567267987835e-06,1e-07,4.683529961793107e-08,0.0,0.0008478674999274131,0.0,1.6103994850002025e-05,0.0,0.04005968868159707,-0.05994031131840293,0
60.0,269.3188503362854,462.0067283319849,0.007174362397118611,0.045813634022703074,500003000.0,0.0,7.443710680371138e-06,1e-07,4.6143412383302424e-08,0.0,0.0008638327669891322,0.0,1.6064645702511906e-05,0.0,0.03996180523012912,-0.060038194769870885,0
61.0,269.25881214151553,459.91218287652606,0.007136994973471481,0.046392044278064884,500003000.0,0.0,7.489184036788068e-06,1e-07,4.547335641693031e-08,0.0,0.0008797610455588545,0.0,1.6025385698861745e-05,0.0,0.03986414352950683,-0.060135856470493174,0
62.0,269.19867628504505,457.82322793828615,0.0071007297518685085,0.046972959676856586,500003000.0,0.0,7.534008054956651e-06,1e-07,4.4824018168583244e-08,0.0,0.0008956523298683142,0.0,1.598620655057777e-05,0.0,0.03976668296163625,-0.06023331703836376,0
63.0,269.1384429680067,455.7398536218191,0.007065518336828333,0.047556331708388105,500003000.0,0.0,7.5782024159654444e-06,1e-07,4.4194361008793517e-08,0.0,0.0009115066114310776,0.0,1.5947100659103382e-05,0.0,0.03966940462463528,-0.060330595375364726,0
64.0,269.0781123726313,453.66205086077235,0.007031315351873326,0.04814211508645608,500003000.0,0.0,7.62178583453906e-06,1e-07,4.358341857361549e-08,0.0,0.0009273238793041815,0.0,1.5908061048582555e-05,0.0,0.03957229116562825,-0.060427708834371756,0
65.0,269.01768466379696,451.5898113500669,0.006998078199021256,0.04873026749215546,500003000.0,0.0,7.664776123336284e-06,1e-07,4.299028879722405e-08,0.0,0.0009431041203230373,0.0,1.586908130627489e-05,0.0,0.0394753266325246,-0.060524673367475405,0
66.0,268.9571599904295,449.52312748443796,0.006965766841506612,0.04932074934148398,500003000.0,0.0,7.707190251886649e-06,1e-07,4.241412855036514e-08,0.0,0.0009588473193128167,0.0,1.5830155529721686e-05,0.0,0.03937849634259126,-0.060621503657408746,0
67.0,268.8965384867721,447.46199230263943,0.006934343607069103,0.0499135235750004,500003000.0,0.0,7.749044400699839e-06,1e-07,4.185414881319107e-08,0.0,0.0009745534592790224,0.0,1.5791278279702682e-05,0.0,0.03928178676542955,-0.06071821323457045,0
68.0,268.83582027353754,445.4063994366914,0.006903773009570527,0.05050855546704341,500003000.0,0.0,7.790354011020863e-06,1e-07,4.130961032102338e-08,0.0,0.0009902225215796725,0.0,1.575244453834406e-05,0.0,0.03918518541876632,-0.06081481458123369,0
69.0,268.7750054589563,443.35634306563895,0.006874021586906044,0.051105812452407855,500003000.0,0.0,7.831133830650004e-06,1e-07,4.0779819629142004e-08,0.0,0.0010058544860811311,0.0,1.5713649671651908e-05,0.0,0.0390886807752535,-0.060911319224746505,0
70.0,268.7140941397315,441.31181787334395,0.006845057753502207,0.05170526396861928,500003000.0,0.0,7.871397956200079e-06,1e-07,4.0264125550074935e-08,0.0,0.001021449331299441,0.0,1.5674889396013423e-05,0.0,0.03899226217913787,-0.061007737820862135,0
71.0,268.6530864019106,439.2728190098966,0.006816851665842233,0.052306881312122716,500003000.0,0.0,7.911159872122455e-06,1e-07,3.9761915922376275e-08,0.0,0.0010370070345287164,0.0,1.5636159748133583e-05,0.0,0.03889591977147657,-0.061104080228523434,0
72.0,268.5919823216821,437.23934205627876,0.00678937509968178,0.05291063750697867,500003000.0,0.0,7.950432486797648e-06,1e-07,3.9272614675193e-08,0.0,0.001052527571957999,0.0,1.5597457058026975e-05,0.0,0.038799644422952674,-0.06120035557704733,0
73.0,268.53078196610505,435.2113829919535,0.006762601337768393,0.053516507184822176,500003000.0,0.0,7.989228165954884e-06,1e-07,3.879567915723678e-08,0.0,0.0010680109187778044,0.0,1.5558777924717247e-05,0.0,0.03870342767342599,-0.06129657232657402,0
74.0,268.4694853937785,433.1889381650988,0.006736505066986466,0.05412446647484019,500003000.0,0.0,8.027558763657271e-06,1e-07,3.83305977023866e-08,0.0,0.0010834570492773887,0.0,1.5520119194273958e-05,0.0,0.0386072616772984,-0.061392738322701604,0
75.0,268.4080926554558,431.17200426522066,0.006711062284056364,0.054734492902959855,500003000.0,0.0,8.065435651065188e-06,1e-07,3.7876887407918126e-08,0.0,0.0010988659369337652,0.0,1.5481477940056394e-05,0.0,0.038511139154369135,-0.06148886084563087,0
76.0,268.34660379461013,429.1605782979271,0.006686250208890421,0.055346565299162355,500003000.0,0.0,8.10286974316863e-06,1e-07,3.7434092103441827e-08,0.0,0.0011142375544932416,0.0,1.5442851444765874e-05,0.0,0.038415053345188736,-0.06158494665481127,0
77.0,268.2850188479553,427.1546575616588,0.006662047204913782,0.055960663712279875,500003000.0,0.0,8.13987152366039e-06,1e-07,3.7001780491759614e-08,0.0,0.0011295718740462271,0.0,1.5404237184199022e-05,0.0,0.03831899797064433,-0.061681002029355676,0
78.0,268.223337845926,425.1542396261895,0.006638432705707966,0.05657676933156087,500003000.0,0.0,8.176451068105211e-06,1e-07,3.657954444482148e-08,0.0,0.0011448688670960402,0.0,1.536563281255112e-05,0.0,0.03822296719540079,-0.061777032804599216,0
79.0,268.1615608131214,423.1593223127429,0.006615387147342981,0.057194864414261574,500003000.0,0.0,8.212618065544711e-06,1e-07,3.6166997439499745e-08,0.0,0.0011601285046222137,0.0,1.5327036148994226e-05,0.0,0.038126955594513005,-0.061873044405487,0
80.0,268.0996877687159,421.16990367557787,0.006592891905916989,0.05781493221886825,500003000.0,0.0,8.248381838664772e-06,1e-07,3.57637731200609e-08,0.0,0.0011753507571388641,0.0,1.5288445165486176e-05,0.0,0.03803095812309994,-0.06196904187690007,0
81.0,268.037718726839,419.1859819849139,0.006570929239815228,0.0584369569433074,500003000.0,0.0,8.283751362640085e-06,1e-07,3.53695239753124e-08,0.0,0.0011905355947485696,0.0,1.5249857975638964e-05,0.0,0.03793497008865414,-0.06206502991134587,0
82.0,267.9756536969276,417.2075557110743,0.006549482236302259,0.05906092366782334,500003000.0,0.0,8.318735282760055e-06,1e-07,3.498392011997009e-08,0.0,0.0012056829871922225,0.0,1.5211272824615591e-05,0.0,0.03783898712590943,-0.06216101287409057,0
83.0,267.91349268405355,415.23462350974944,0.006528534762012803,0.05968681830203048,500003000.0,0.0,8.353341930930472e-06,1e-07,3.4606648170416935e-08,0.0,0.0012207929038951701,0.0,1.5172688079824304e-05,0.0,0.03774300517369229,-0.06225699482630771,0
84.0,267.8512356892272,413.2671842082783,0.006508071417064842,0.06031462753577717,500003000.0,0.0,8.387579341137137e-06,1e-07,3.423741020666498e-08,0.0,0.0012358653140100318,0.0,1.513410222247046e-05,0.0,0.03764702045390662,-0.06235297954609339,0
85.0,267.7888827096811,411.30523679287404,0.006488077492415378,0.06094433879352187,500003000.0,0.0,8.421455263949611e-06,1e-07,3.387592281247293e-08,0.0,0.001250900186456405,0.0,1.5095513839717786e-05,0.0,0.0375510294520343,-0.06244897054796571,0
86.0,267.72643373913314,409.3487803967017,0.0064685389302792965,0.061575940192007024,500003000.0,0.0,8.45497718013686e-06,1e-07,3.352191618724916e-08,0.0,0.0012658974899578468,0.0,1.5056921617615463e-05,0.0,0.03745502889954096,-0.06254497110045905,0
87.0,267.6638887680327,407.3978142887461,0.006449442287280467,0.06220942050075768,500003000.0,0.0,8.488152313459973e-06,1e-07,3.3175133323112924e-08,0.0,0.001280857193076308,0.0,1.5018324334540732e-05,0.0,0.03735901575756401,-0.062640984242436,0
88.0,267.60124778379026,405.4523378634101,0.0064307747001234195,0.06284476910538554,500003000.0,0.0,8.520987642701583e-06,1e-07,3.283532924160969e-08,0.0,0.0012957792642442078,0.0,1.4979720855135405e-05,0.0,0.03726298720182937,-0.06273701279817064,0
89.0,267.5385107709921,403.5123506307757,0.006412523853633245,0.06348197597333013,500003000.0,0.0,8.55348991298689e-06,1e-07,3.2502270285307235e-08,0.0,0.0013106636717944346,0.0,1.49411101248099e-05,0.0,0.037166940608979855,-0.06283305939102016,0
90.0,267.47567771160107,401.57785220748366,0.006394677950906866,0.06412103162192198,500003000.0,0.0,8.585665646446237e-06,1e-07,3.2175733459347e-08,0.0,0.0013255103839883752,0.0,1.4902491164605262e-05,0.0,0.03707087354379419,-0.06292912645620583,0
91.0,267.41274858514487,399.6488423081836,0.006377225685445122,0.06476192708848466,500003000.0,0.0,8.617521152265262e-06,1e-07,3.185550581902476e-08,0.0,0.0013403193690421419,0.0,1.4863863066463156e-05,0.0,0.03697478374742079,-0.06302521625257922,0
92.0,267.3497233688923,397.72532073750136,0.0063601562151404355,0.06540465390253597,500003000.0,0.0,8.649062536165062e-06,1e-07,3.1541383899799305e-08,0.0,0.0013550905951512314,0.0,1.48252249889352e-05,0.0,0.03687866912670448,-0.06312133087329552,0
93.0,267.286602038019,395.80728738250053,0.006343459137886822,0.06604920405958366,500003000.0,0.0,8.68029570935093e-06,1e-07,3.12331731858682e-08,0.0,0.0013698240305136005,0.0,1.4786576153081706e-05,0.0,0.03678252774398434,-0.06321747225601566,0
94.0,267.22338456576296,393.8947422055849,0.006327124468806667,0.06669556999675734,500003000.0,0.0,8.711226396965767e-06,1e-07,3.093068761483744e-08,0.0,0.0013845196433514278,0.0,1.4747915838816456e-05,0.0,0.036686357808001134,-0.06331364219199886,0
95.0,267.16007092357097,391.9876852378253,0.006311142618855483,0.0673437445698195,500003000.0,0.0,8.741860146080838e-06,1e-07,3.063374911507137e-08,0.0,0.0013991774019315327,0.0,1.4709243381386255e-05,0.0,0.03659015766513994,-0.06340984233486006,0
96.0,267.0966610812361,390.0861165726609,0.006295504374828458,0.06799372103180142,500003000.0,0.0,8.772202333254646e-06,1e-07,3.0342187173809385e-08,0.0,0.001413797274584714,0.0,1.4670558168266219e-05,0.0,0.036493925791707016,-0.06350607420829299,0
97.0,267.0331550070278,388.1900363599696,0.006280200880521338,0.06864549301269805,500003000.0,0.0,8.802258171687633e-06,1e-07,3.005583843298591e-08,0.0,0.0014283792297239127,0.0,1.4631859636099626e-05,0.0,0.036397660786317475,-0.06360233921368252,0
98.0,266.9695526678141,386.29944480046447,0.006265223619099047,0.069299054500619,500003000.0,0.0,8.832032717998955e-06,1e-07,2.9774546311323123e-08,0.0,0.0014429232358614298,0.0,1.4593147267996379e-05,0.0,0.03630136136317508,-0.06369863863682493,0
99.0,266.9058540291773,384.4143421403986,0.006250564396505267,0.06995439982392658,500003000.0,0.0,8.861530878649292e-06,1e-07,2.9498160650337595e-08,0.0,0.0014574292616252292,0.0,1.4554420590974744e-05,0.0,0.03620502634570832,-0.06379497365429168,0
100.0,266.842059055523,382.53472866656176,0.006236215325844559,0.07061152363448543,500003000.0,0.0,8.890757416031813e-06,1e-07,2.922653738251976e-08,0.0,0.0014718972757743495,0.0,1.451567917354616e-05,0.0,0.03610865466056259,-0.06389134533943741,0
101.0,266.7781677101836,380.6606047015422,0.00622216881270497,0.07127042089188292,500003000.0,0.0,8.919716954252047e-06,1e-07,2.895953822023406e-08,0.0,0.0014863272472135463,0.0,1.4476922623515688e-05,0.0,0.03601224533212858,-0.06398775466787143,0
102.0,266.7141799555157,378.791970599235,0.006208417541339091,0.0719310868485719,500003000.0,0.0,8.948413984615804e-06,1e-07,2.869703036375599e-08,0.0,0.0015007191450072338,0.0,1.4438150585941477e-05,0.0,0.035915797477466364,-0.06408420252253363,0
103.0,266.6500957529932,376.9288267405936,0.00619495446159397,0.07259351703583244,500003000.0,0.0,8.976852870842646e-06,1e-07,2.8438886226842852e-08,0.0,0.0015150729383926601,0.0,1.4399362741122713e-05,0.0,0.035819310301300276,-0.06418068969869972,0
104.0,266.5859150632945,375.07117352958323,0.006181772776672397,0.07325770725056861,500003000.0,0.0,9.005037854021857e-06,1e-07,2.8184983179211107e-08,0.0,0.0015293885967925802,0.0,1.4360558802923005e-05,0.0,0.035722783091848266,-0.06427721690815175,0
105.0,266.5216378463864,373.2190113893518,0.006168865931485742,0.07392365354277944,500003000.0,0.0,9.032973057325742e-06,1e-07,2.7935203303885567e-08,0.0,0.0015436660898272257,0.0,1.4321738516976482e-05,0.0,0.035626215216359405,-0.0643737847836406,0
106.0,266.45726406160276,371.3723407585819,0.006156227601731798,0.07459135220381741,500003000.0,0.0,9.060662490494927e-06,1e-07,2.7689433169184147e-08,0.0,0.0015579053873258088,0.0,1.4282901659185498e-05,0.0,0.035529606117376863,-0.06447039388262314,0
107.0,266.3927936677201,369.5311620880254,0.006143851683530145,0.07526079975518193,500003000.0,0.0,9.08811005410871e-06,1e-07,2.7447563613783326e-08,0.0,0.001572106459337472,0.0,1.4244048034210384e-05,0.0,0.03543295530898106,-0.06456704469101895,0
108.0,266.3282266230291,367.6954758372004,0.0061317322836547585,0.0759319929379982,500003000.0,0.0,9.115319543653031e-06,1e-07,2.720948954432096e-08,0.0,0.0015862692761418092,0.0,1.4205177474127525e-05,0.0,0.035336262373451555,-0.06466373762654845,0
109.0,266.2635628854025,365.86528247124784,0.006119863710267937,0.07660492870301974,500003000.0,0.0,9.142294653397466e-06,1e-07,2.697510974443412e-08,0.0,0.0016003938082589137,0.0,1.4166289837110173e-05,0.0,0.035239526957985504,-0.0647604730420145,0
110.0,266.19880241236046,364.04058245793135,0.00610824046417321,0.0772796042011704,500003000.0,0.0,9.169038980092157e-06,1e-07,2.6744326694692383e-08,0.0,0.001614480026459044,0.0,1.4127385006244885e-05,0.0,0.03514274877175344,-0.06485725122824657,0
111.0,266.1339451611322,362.22137626477644,0.006096857230512697,0.07795601677457818,500003000.0,0.0,9.195556026494679e-06,1e-07,2.651704640252239e-08,0.0,0.0016285279017718905,0.0,1.408846288837713e-05,0.0,0.03504592758302769,-0.06495407241697232,0
112.0,266.0689910887152,360.407664356337,0.00608570887091598,0.07863416394806585,500003000.0,0.0,9.221849204736304e-06,1e-07,2.6293178241625346e-08,0.0,0.0016425374054955004,0.0,1.4049523413064193e-05,0.0,0.0349490632165776,-0.06505093678342241,0
113.0,266.0039401519318,358.59944719158415,0.006074790416045076,0.07931404342111223,500003000.0,0.0,9.247921839536457e-06,1e-07,2.6072634800152738e-08,0.0,0.001656508509204859,0.0,1.4010566531564213e-05,0.0,0.03485215555115476,-0.06514784444884525,0
114.0,265.9387923074829,356.79672522140993,0.006064097058522624,0.07999565306014421,500003000.0,0.0,9.273777171273589e-06,1e-07,2.5855331737130795e-08,0.0,0.0016704411847601511,0.0,1.3971592215885046e-05,0.0,0.03475520451712698,-0.06524479548287303,0
115.0,265.873547512,354.999459893531,0.006053624146240934,0.08067899089131214,500003000.0,1.0197608584499462,9.299418358920286e-06,3.0364460514792897e-05,2.5641187646698294e-08,3.02644605147929e-05,0.0016843354043147654,1.0966119940880804e-10,1.3932600457936622e-05,3.2790014871785756e-10,0.03465913474016221,-0.06534086525983779,1
116.0,265.8082066467402,353.2077796854565,0.006043184906969401,0.08136384932481258,500003000.0,1.046538623610289,9.324847717244457e-06,3.046457228831096e-05,2.5429358324169935e-08,1.0011177351806285e-07,0.001698190722039308,1.1365759484728827e-10,1.3893170703578902e-05,1.1204946473177932e-12,0.03456012928798914,-0.06543987071201086,1
117.0,265.7427667760282,351.42153467331866,0.0060333625154973805,0.08205088905994201,500003000.0,1.0738715801685907,9.350069954073886e-06,3.056479081232012e-05,2.5222236829429205e-08,1.0021852400916532e-07,0.0017120080395653435,1.177808210199262e-10,1.3854657485954896e-05,1.1585703411174763e-12,0.0344643253714185,-0.06553567462858151,1
118.0,265.6772311013996,349.640800283906,0.006023474352587821,0.08273934469480358,500003000.0,1.101760616199941,9.37508685329703e-06,3.0665110200164185e-05,2.5016899223143838e-08,1.0031938784406502e-07,0.0017257867047378395,1.2203341873733002e-10,1.3815498271747099e-05,1.1976788393392294e-12,0.03436691450108415,-0.06563308549891586,1
119.0,265.6115980159007,347.86556001981097,0.006013850961528556,0.08342959131571424,500003000.0,1.1302080562411352,9.399901531785616e-06,3.0765525074331326e-05,2.4814678488585916e-08,1.004148741671406e-07,0.001739526831591995,1.2641812315994638e-10,1.3776463158340365e-05,1.2378394224264353e-12,0.03426981234217696,-0.06573018765782304,1
120.0,265.5458678282429,346.0958180761201,0.006004412857415901,0.08412154264267327,500003000.0,1.1592148279365433,9.424516723143955e-06,3.086603001177383e-05,2.4615191358338936e-08,1.0050493744249828e-07,0.0017532283618506962,1.3093754535069068e-10,1.3737378654921235e-05,1.2790634039420324e-12,0.03417258732554107,-0.06582741267445893,1
121.0,265.4800404155684,344.3315739018032,0.005995173440474101,0.0848152169461719,500003000.0,1.1887814216622312,9.448935166099203e-06,3.0966619668096974e-05,2.4418442955248043e-08,1.0058965632314876e-07,0.0017668912769466796,1.3559427542047662e-10,1.3698284440253796e-05,1.3213629750473487e-12,0.03407533815460414,-0.06592466184539586,1
122.0,265.414115753723,342.5728280105385,0.005986125000860933,0.08551060870659605,500003000.0,1.2189076349695545,9.473159518888012e-06,3.106728874894366e-05,2.4224352788807984e-08,1.0066908084668366e-07,0.0017805155495720074,1.4039085018767612e-10,1.3659171493774313e-05,1.3647490737174515e-12,0.03397804239018373,-0.06602195760981627,1
123.0,265.34809379611323,340.8195806355265,0.005977264854067343,0.08620771805356622,500003000.0,1.2495925979698639,9.497192381514964e-06,3.116803201615758e-05,2.4032862626952565e-08,1.007432672139175e-07,0.0017941011548860534,1.4532975214535098e-10,1.3620042069956105e-05,1.4092318097198024e-12,0.03388070564045095,-0.06611929435954905,1
124.0,265.28197450175367,339.0718320418142,0.005968589273641255,0.0869065439284054,500003000.0,1.2808347340455526,9.521036293049906e-06,3.126884428592283e-05,2.3843911534941557e-08,1.008122697652511e-07,0.0018076480679030781,1.504134008165295e-10,1.358089580506647e-05,1.4548202870022342e-12,0.03378332700062375,-0.06621667299937625,1
125.0,265.2157578287543,337.3295824505134,0.00596009490911593,0.087607085682982,500003000.0,1.312631736872269,9.54469373464131e-06,3.136972042875935e-05,2.365744159140398e-08,1.0087614283651846e-07,0.0018211562641168612,1.556441457119108e-10,1.3541732970686005e-05,1.5015225695261538e-12,0.03368590714629848,-0.06631409285370152,1
126.0,265.1494437359006,335.5928320549657,0.0059517784449802874,0.08830934269516338,500003000.0,1.344980544820575,9.568167131087955e-06,3.147065536906993e-05,2.347339644664385e-08,1.0093494031057608e-07,0.0018346257193587146,1.6102425871878407e-10,1.3502553702828e-05,1.549345612768111e-12,0.03358844641583629,-0.06641155358416372,1
127.0,265.08303218231646,333.861581014986,0.005943636677718094,0.08901331445582068,500003000.0,1.3778773174715586,9.591458852662755e-06,3.157164408478331e-05,2.329172157480031e-08,1.0098871571338089e-07,0.0018480564098387014,1.6655592647619635e-10,1.3463358185769068e-05,1.5982952041503236e-12,0.03349094526765301,-0.066509054732347,1
128.0,265.0165231275841,332.1358294564625,0.0059356664927350195,0.08971900054290902,500003000.0,1.4113174133223754,9.614571216789297e-06,3.167268160696472e-05,2.311236412654272e-08,1.0103752218141257e-07,0.0018614483121424518,1.722412426354018e-10,1.342414660713544e-05,1.6483759022319398e-12,0.03339340416849344,-0.06660659583150656,1
129.0,264.9499165317526,330.4155774697179,0.005927864865720109,0.09042640062303094,500003000.0,1.4452953691287278,9.63750648967126e-06,3.177376301942561e-05,2.2935272881963038e-08,1.010814124608937e-07,0.0018748014032386046,1.7808220006765016e-10,1.3384919168308028e-05,1.6995909775599768e-12,0.03329582361931433,-0.06670417638068568,1
130.0,264.8832123553719,328.7008251082261,0.0059202288582668496,0.0911355144466236,500003000.0,1.4798048809992652,9.660266887854462e-06,3.1874883458325966e-05,2.2760398183202137e-08,1.0112043890035351e-07,0.001888115660483554,1.8408068304408222e-10,1.3345676081447252e-05,1.7519423548793171e-12,0.033198204147883346,-0.06680179585211665,1
131.0,264.81641055951974,326.99157238730595,0.005912755615030289,0.09184634184475526,500003000.0,1.514838787438222,9.682854579729965e-06,3.197603811177148e-05,2.2587691875503985e-08,1.0115465344551334e-07,0.0019013910616266423,1.9023845942437462e-10,1.3306417569701147e-05,1.8054305572018418e-12,0.03310054630929659,-0.06689945369070341,1
132.0,264.749511105829,325.28781928286634,0.005905442360732214,0.09255888272584148,500003000.0,1.5503890545118602,9.705271686979879e-06,3.2077222219406035e-05,2.2417107249914182e-08,1.0118410763456083e-07,0.0019146275848151717,1.965571728904569e-10,1.3267143866778857e-05,1.860054652057205e-12,0.03300285068491744,-0.06699714931508256,1
133.0,264.68251395651396,323.58956573019447,0.005898286397323815,0.09327313707244604,500003000.0,1.5864467633154269,9.727520285968597e-06,3.217843107200002e-05,2.2248598988717165e-08,1.0120885259398091e-07,0.0019278252085992913,2.0303833526396484e-10,1.3227855216606673e-05,1.9158122002914056e-12,0.032905117881520854,-0.06709488211847915,1
134.0,264.6154190743955,321.8968116227765,0.00589128510129787,0.09398910493829954,500003000.0,1.6230020999122574,9.749602409082058e-06,3.227966001103508e-05,2.208212311346055e-08,1.0122893903505534e-07,0.0019409839119368338,2.096833189476896e-10,1.318855187306173e-05,1.9726992077829293e-12,0.03280734853063073,-0.06719265146936929,1
135.0,264.5482264229261,320.209556811162,0.005884435921070416,0.0947067864453751,500003000.0,1.66004434790999,9.771520046017212e-06,3.238090442828591e-05,2.191763693515541e-08,1.0124441725083477e-07,0.0019541036741980026,2.164933495326596e-10,1.3149234099616439e-05,2.030710080441908e-12,0.03270954328763529,-0.06729045671236472,1
136.0,264.48093596621374,318.5278011018597,0.0058777363745109714,0.09542618178109885,500003000.0,1.6975618838313853,9.793275145024062e-06,3.248215976539956e-05,2.1755099006850075e-08,1.0125533711364437e-07,0.001967184475169998,2.2346949861373225e-10,1.3109902169083772e-05,2.0898375828617444e-12,0.032611702831153375,-0.06738829716884663,1
137.0,264.4135476690449,316.85154425626536,0.0058711840465726604,0.09614729119569008,500003000.0,1.7355421754271216,9.814869614102356e-06,3.258342151347265e-05,2.159446907829545e-08,1.0126174807309019e-07,0.001980226295061572,2.306126768574203e-10,1.307055636336507e-05,2.1500728009863543e-12,0.03251382786240696,-0.06748617213759305,1
138.0,264.3460614969073,315.18078598962313,0.00586477658700318,0.09687011499960664,500003000.0,1.7739717830662447,9.836305322154898e-06,3.2684685212627165e-05,2.143570805254279e-08,1.0126369915452026e-07,0.0019932291145074855,2.379236273662411e-10,1.3031196973169156e-05,2.211405109148118e-12,0.03241591910452236,-0.06758408089547766,1
139.0,264.2784774160118,313.51552597001654,0.005858511708167555,0.09759465356104813,500003000.0,1.8128363643268244,9.857584100099402e-06,3.278594645158504e-05,2.1278777944503566e-08,1.0126123895787273e-07,0.0020061929145729017,2.454029193841416e-10,1.2991824297781862e-05,2.2738221418203806e-12,0.03231797730195682,-0.06768202269804319,1
140.0,264.2107953933138,311.85576381739014,0.0058523871829464676,0.09832090730359562,500003000.0,1.8521206818939815,9.87870774194066e-06,3.288720086724201e-05,2.1123641841257704e-08,1.0125441565696902e-07,0.0020191176767576802,2.530509423873986e-10,1.2952438644814943e-05,2.3373097704161784e-12,0.03222000321987388,-0.06777999678012613,1
141.0,264.14301539653366,310.20149910259636,0.005846400842737836,0.09904887670393689,500003000.0,1.891808614855846,9.899678005804796e-06,3.298844414424119e-05,2.0970263864135753e-08,1.0124327699918202e-07,0.00203200338300064,2.6086790060491584e-10,1.2913040330004898e-05,2.401852085444519e-12,0.03212199764364284,-0.06787800235635716,1
142.0,264.0751373941773,308.55273134647365,0.005840550575512398,0.09977856228965161,500003000.0,1.931883173469155,9.92049661493712e-06,3.3089672014546625e-05,2.0818609132325446e-08,1.0122787030543521e-07,0.0020448500156837013,2.688538080108772e-10,1.2873629676960997e-05,2.4674313843138e-12,0.03202396137821197,-0.06797603862178803,1
143.0,264.0071613555555,306.90946001894287,0.005834834323991707,0.10050996463712472,500003000.0,1.9723265174468736,9.941165258665302e-06,3.3190880257017206e-05,2.066864372818139e-08,1.0120824247058294e-07,0.0020576575576360325,2.7700848383149466e-10,1.2834207017021953e-05,2.5340281650498735e-12,0.03192589524775194,-0.06807410475224807,1
144.0,263.93908725080325,305.2716845381368,0.005829250083838437,0.10124308436947824,500003000.0,2.0131199777979027,9.961685593329082e-06,3.329206469698125e-05,2.052033466378031e-08,1.0118443996404673e-07,0.0020704259921380573,2.8533154860571006e-10,1.2794772688985473e-05,2.6016211261623106e-12,0.03182780009498304,-0.06817219990501697,1
145.0,263.87091505089825,303.63940426954787,0.005823795901972864,0.10197792215461735,500003000.0,2.0542440822274335,9.982059243178152e-06,3.339322120581204e-05,2.0373649849069256e-08,1.0115650883078745e-07,0.002083155302925451,2.938224208377104e-10,1.2755327038969411e-05,2.670187172866701e-12,0.03172967678082982,-0.06827032321917018,1
146.0,263.8026447276791,302.0126185251969,0.005818469874938247,0.10271447870338857,500003000.0,2.0956785840821603,1.0002287801239424e-05,3.349434570050463e-05,2.022855806127265e-08,1.0112449469259046e-07,0.002095845474193087,3.0248031427643423e-10,1.271587042024033e-05,2.7397014298326353e-12,0.03163152618399471,-0.0683684738160053,1
147.0,263.7342762538631,300.39132656283056,0.005813270147300753,0.10345275476765531,500003000.0,2.137402494800205,1.0022372830154883e-05,3.35954341432541e-05,2.0085028915458502e-08,1.0108844274946999e-07,0.0021084964905988724,3.113042358542674e-10,1.267640319298519e-05,2.810137260584315e-12,0.031533349200390026,-0.06846665079960998,1
148.0,263.66580960306345,298.77552758513315,0.005808194910160142,0.10419275113865466,500003000.0,2.179394119801069,1.0042315862991361e-05,3.369648254103562e-05,1.994303283647845e-08,1.0104839778151825e-07,0.002121108337267583,3.2029298431382736e-10,1.2636925724198963e-05,2.8814662936547425e-12,0.03143514674285859,-0.06856485325714141,1
149.0,263.5972447498063,297.16522073896226,0.0058032423996804226,0.10493446864519757,500003000.0,2.2216310977249334,1.0062118404023278e-05,3.37974869451864e-05,1.980254103191697e-08,1.0100440415077777e-07,0.0021336809997946145,3.2944514954787894e-10,1.2597438387495067e-05,2.9536584555308156e-12,0.03133691974070222,-0.06866308025929779,1
150.0,263.528581669547,295.56040511460293,0.005798410895692869,0.1056779081520968,500003000.0,2.264090442905573,1.0081781929489465e-05,3.389844345098988e-05,1.9663525466187592e-08,1.0095650580348111e-07,0.0021462144642496895,3.3875911267339014e-10,1.255794156295871e-05,3.026682010403154e-12,0.031238669139317006,-0.068761330860683,1
151.0,263.4598203386863,293.9610797450378,0.005793698720359248,0.10642307055856993,500003000.0,2.3067485909358267,1.0101307888325155e-05,3.399934819726229e-05,1.9525958835689696e-08,1.0090474627241156e-07,0.002158708717180539,3.482330468563027e-10,1.2518435637021417e-05,3.1005036066720946e-12,0.031140395899881358,-0.06885960410011865,1
152.0,263.3909607345862,292.3672436052427,0.005789104236848217,0.10716995679667467,500003000.0,2.349581447159367,1.0120697702869982e-05,3.4100197365941714e-05,1.938981454482717e-08,1.0084916867942849e-07,0.0021711637456164738,3.5786491889883363e-10,1.2478921002259846e-05,3.1750883301213238e-12,0.031042100998855664,-0.06895789900114434,1
153.0,263.32200283558507,290.7788956114902,0.005784625848121913,0.10791856782989018,500003000.0,2.392564437899376,1.0139952769553161e-05,3.420098718167996e-05,1.9255066683178097e-08,1.0078981573824747e-07,0.0021835795370719817,3.676524915963254e-10,1.2439398057333449e-05,3.2503997636258605e-12,0.030943785427827414,-0.06905621457217259,1
154.0,263.2529466210129,289.19603462067727,0.005780261995708431,0.10866890465164084,500003000.0,2.4356725642106385,1.015907445955652e-05,3.430171391143724e-05,1.9121690003359522e-08,1.0072672975728127e-07,0.00219595607955023,3.7759332686536296e-10,1.2399867206796288e-05,3.3264000532030478e-12,0.030845450193043255,-0.06915454980695675,1
155.0,263.1837920712059,287.61865942966756,0.005776011158549487,0.10942096828391935,500003000.0,2.4788804579207984,1.0178064119456375e-05,3.440237386407991e-05,1.8989659899854862e-08,1.0065995264267417e-07,0.002208293361546528,3.876847896397534e-10,1.2360328860980565e-05,3.4030499801790106e-12,0.03074709631511946,-0.06925290368488055,1
156.0,263.11453916752106,286.0467687746474,0.005771871851894017,0.11017475977596784,500003000.0,2.522162439706173,1.0196923071845047e-05,3.450296338998139e-05,1.8858952388670837e-08,1.005895259014815e-07,0.002220591372051763,3.9792405252556434e-10,1.2320783435891897e-05,3.4803090391909955e-12,0.030648724828781653,-0.06935127517121835,1
157.0,263.0451878923498,284.48036133049675,0.0057678426262248545,0.11093028020298927,500003000.0,2.565492578929312,1.0215652615932798e-05,3.460347888062635e-05,1.872954408775087e-08,1.0051549064496028e-07,0.002232850100555802,4.083081012010447e-10,1.2281231353092626e-05,3.5581355217015303e-12,0.030550336782574763,-0.06944966321742524,1
158.0,262.9757382291324,282.91943571018277,0.005763922066192688,0.11168753066483796,500003000.0,2.6088447549492164,1.0234254028130832e-05,3.470391676821827e-05,1.860141219803366e-08,1.0043788759192124e-07,0.0022450695370507803,4.1883374054187553e-10,1.2241673039522186e-05,3.6364866046566884e-12,0.030451933238416422,-0.06954806676158358,1
159.0,262.9061901623708,281.3639904641552,0.005760108789666162,0.11244651228486409,500003000.0,2.6521927196023407,1.0252728562616313e-05,3.480427352529055e-05,1.8474534485481356e-08,1.0035675707228305e-07,0.002257249672034455,4.2949760144710877e-10,1.2202108927489396e-05,3.715318443888931e-12,0.030353515271578074,-0.06964648472842193,1
160.0,262.8365436776424,279.8140240797655,0.005756401446730769,0.11320722620872622,500003000.0,2.6955101605398264,1.027107745187982e-05,3.490454566432121e-05,1.834888926350739e-08,1.0027213903065907e-07,0.0022693904965134354,4.402961483358286e-10,1.2162539454483411e-05,3.7945862718152466e-12,0.03025508397021495,-0.06974491602978505,1
161.0,262.7667987616126,278.2695349806975,0.005752798718767847,0.11396967360320844,500003000.0,2.738770765099096,1.0289301907256027e-05,3.500472973735122e-05,1.822445537620626e-08,1.0018407303000608e-07,0.0022814920020063968,4.512256872798839e-10,1.212296506308622e-05,3.87424449895638e-12,0.030156640435148714,-0.0698433595648513,1
162.0,262.69695540204776,276.7305215264073,0.00574929931757341,0.11473385565516593,500003000.0,2.7819482843817065,1.0307403119438255e-05,3.510482233560665e-05,1.8101212182227795e-08,1.0009259825542811e-07,0.0022935541805472748,4.6228237473336403e-10,1.208338620090307e-05,3.954246818775612e-12,0.030058185779694685,-0.06994181422030532,1
163.0,262.62701358782743,275.1969820115821,0.005745901984470186,0.11549977357041034,500003000.0,2.82501659720622,1.0325382258977381e-05,3.520482008912462e-05,1.7979139539126912e-08,9.999775351797175e-08,0.0023055770246883816,4.734622268151457e-10,1.204380332041563e-05,4.034546315300448e-12,0.02995972112929685,-0.07004027887070316,1
164.0,262.55697330895674,273.66891466560764,0.005742605489486066,0.11626742857267815,500003000.0,2.8679497736054254,1.034324047676578e-05,3.530471966638315e-05,1.7858217788399262e-08,9.989957725852735e-08,0.002317560527503511,4.847611290970194e-10,1.2004216878914706e-05,4.11509557298121e-12,0.029861247621360817,-0.07013875237863919,1
165.0,262.4868345565781,272.1463176520466,0.0057394086305538015,0.117036821902641,500003000.0,2.91072213753993,1.0360978904506817e-05,3.540451777393494e-05,1.7738427741037822e-08,9.979810755179308e-08,0.0023295046825910154,4.961748468463406e-10,1.1964627338419496e-05,4.1958467882186975e-12,0.029762766405053268,-0.07023723359494674,1
166.0,262.4165973229832,270.6291890681342,0.0057363102327113395,0.11780795481688033,500003000.0,2.9533083285057993,1.0378598655170346e-05,3.5504211156045175e-05,1.7619750663528842e-08,9.969338211023578e-08,0.0023414094840768012,5.076990356690745e-10,1.1925035165543114e-05,4.276751881980966e-12,0.029664278640967774,-0.07033572135903224,1
167.0,262.3462616016242,269.11752694428026,0.005733309147369903,0.1185808285869703,500003000.0,2.995683361723252,1.0396100823434821e-05,3.5603796594333334e-05,1.7502168264476225e-08,9.958543828815847e-08,0.002353274926617331,5.193292524966358e-10,1.1885440831446652e-05,4.3577626129318906e-12,0.02956578550101082,-0.07043421449898918,1
168.0,262.27582738712516,267.6113292435854,0.005730404251575302,0.11935544449852382,500003000.0,3.0378226866042253,1.0413486486116426e-05,3.5703270907419084e-05,1.73856626816055e-08,9.947431308575258e-08,0.002365101005402562,5.310609668577715e-10,1.1845844811728288e-05,4.438830690483466e-12,0.029467288168126268,-0.07053271183187373,1
169.0,262.20529467529326,266.1105938613696,0.005727594447301197,0.1201318038502846,500003000.0,3.079702243210986,1.0430756702585678e-05,3.580263095057228e-05,1.727021646925125e-08,9.936004315319763e-08,0.0023768877161588443,5.428895723752831e-10,1.1806247586330459e-05,4.519907887196785e-12,0.029368787836064773,-0.07063121216393523,1
170.0,262.1346634631293,264.6153186247069,0.0057248786607889315,0.12090990795328456,500003000.0,3.121298516434508,1.0447912515172032e-05,3.5901873615367094e-05,1.715581258635429e-08,9.924266479481698e-08,0.0023886350551518103,5.548103984264195e-10,1.1766649639496649e-05,4.600946149964521e-12,0.029270285709276627,-0.07072971429072338,1
171.0,262.06393374883856,263.1255012919758,0.005722255841870549,0.12168975812994325,500003000.0,3.1625885876394677,1.0464954949556793e-05,3.600099582934028e-05,1.70424343847619e-08,9.912221397318958e-08,0.002400343019189196,5.668187219052832e-10,1.1727051459648852e-05,4.6818977094169104e-12,0.029171783002607202,-0.0708282169973928,1
172.0,261.9931055318412,261.64113955241703,0.005719724963345654,0.12247135571326366,500003000.0,3.2035501835438414,1.0481885015154823e-05,3.6099994555653614e-05,1.69300655980303e-08,9.899872631333466e-08,0.0024120116056236445,5.789097790257907e-10,1.1687453539333316e-05,4.762715187023077e-12,0.029073280941162318,-0.07092671905883768,1
173.0,261.92217881278236,260.16223102570183,0.005717285020367468,0.12325470204603396,500003000.0,3.2441617221230548,1.0498703705485403e-05,3.619886679276051e-05,1.6818690330579837e-08,9.887223710689332e-08,0.002423640812355478,5.910787771043522e-10,1.1647856375143918e-05,4.843351699374347e-12,0.028974780760117922,-0.07102521923988209,1
174.0,261.8511535935425,258.6887732615141,0.005714935029832022,0.12403979847997332,500003000.0,3.2844023553522854,1.0515411998532577e-05,3.6297609574076764e-05,1.6708293047173654e-08,9.874278131625942e-08,0.0024352306378353896,6.033209062625826e-10,1.1608260467612886e-05,4.923760959164671e-12,0.028876283704448533,-0.07112371629555148,1
175.0,261.78002987724693,257.22076373913507,0.005712674029833469,0.12482664637506721,500003000.0,3.3242520086258938,1.0532010857095469e-05,3.63962199676556e-05,1.6598858562891543e-08,9.861039357883946e-08,0.002446781081067177,6.156313509921343e-10,1.1568666321198648e-05,5.003897372426837e-12,0.028777791028897288,-0.07122220897110272,1
176.0,261.7088076682758,255.758199867048,0.005710501079065408,0.12561524709869215,500003000.0,3.363691416717706,1.0548501229128704e-05,3.649469507586674e-05,1.6490372033234787e-08,9.847510821113856e-08,0.002458292141610336,6.280053015256959e-10,1.1529074444127552e-05,5.083716131592545e-12,0.028679303997582485,-0.07132069600241753,1
177.0,261.6374869722734,254.3010789825403,0.005708415256332358,0.1264056020250071,500003000.0,3.4027021561734205,1.0564884048073533e-05,3.659303203507977e-05,1.6382818944829644e-08,9.833695921302638e-08,0.002469763819582732,6.40437964961016e-10,1.1489485348424487e-05,5.163173304016246e-12,0.02858082388407399,-0.07141917611592602,1
178.0,261.5660677961575,252.84939835132644,0.005706415659980116,0.1271977125341553,500003000.0,3.4412666740514486,1.0581160233179695e-05,3.669122801535161e-05,1.6276185106162235e-08,9.819598027183928e-08,0.0024811961156631377,6.529245760874875e-10,1.1449899549745751e-05,5.242225915605257e-12,0.028482351970977735,-0.07151764802902227,1
179.0,261.49455014812844,251.40315516717018,0.005704501407433322,0.1279915800116078,500003000.0,3.479368312956364,1.0597330689818575e-05,3.678928022011817e-05,1.6170456638879238e-08,9.805220476656409e-08,0.0024925890310938115,6.654604078684006e-10,1.1410317567396363e-05,5.3208320292718204e-12,0.028383889549978985,-0.07161611045002102,1
180.0,261.42293403767843,249.9623465515271,0.005702671634658229,0.1287872058474671,500003000.0,3.5169913323339723,1.0613396309787697e-05,3.688718588589013e-05,1.6065619969121372e-08,9.790566577196359e-08,0.0025039425676829535,6.780407815353307e-10,1.1370739924166174e-05,5.398950817943954e-12,0.02828543792143488,-0.07171456207856512,1
181.0,261.35121947559986,248.52696955318288,0.005700925495745074,0.1295845914358165,500003000.0,3.5541209260239333,1.0629357971607132e-05,3.698494228195284e-05,1.596166181943417e-08,9.775639606270855e-08,0.002515256727807232,6.906610762552434e-10,1.1331167146376215e-05,5.476542631928032e-12,0.02818699839448991,-0.0718130016055101,1
182.0,261.27940647399436,247.0970211479136,0.005699262162392804,0.13038373817406168,500003000.0,3.5907432360890668,1.0645216540807763e-05,3.708254671007031e-05,1.5858569200630637e-08,9.76044281174692e-08,0.002526531514414164,7.033167383346658e-10,1.1291599763701237e-05,5.553569060451562e-12,0.028088572286634635,-0.07191142771336537,1
183.0,261.207495046281,245.6724982381447,0.00569768082350735,0.1311846474623114,500003000.0,3.6268453629656134,1.0660972870211957e-05,3.7179996504193315e-05,1.575632940419371e-08,9.744979412300449e-08,0.002537766931024547,7.160032899297728e-10,1.1252038309191624e-05,5.629992987265139e-12,0.027990160923760384,-0.07200983907623962,1
184.0,261.13548520720474,244.25339765262436,0.0056961806847449555,0.13198732070275276,500003000.0,3.6624153719999413,1.0676627800206692e-05,3.727728903017152e-05,1.565492999473549e-08,9.729252597820952e-08,0.002548962981734803,7.287163372353145e-10,1.1212483319159463e-05,5.7057786402194e-12,0.027891765639875946,-0.07210823436012406,1
185.0,261.0633769728446,242.83971614610454,0.005694760968098415,0.13279175929904785,500003000.0,3.697442296458815,1.0692182159009472e-05,3.737442168546966e-05,1.5554358802780445e-08,9.713265529814236e-08,0.002560119671219292,7.414515781298143e-10,1.1172935333124799e-05,5.78089163477917e-12,0.027793387776974023,-0.07220661222302599,1
186.0,260.9911703606216,241.4314503990292,0.005693420911496384,0.13359796465572313,500003000.0,3.731916137119497,1.0707636762927252e-05,3.747139189888767e-05,1.5454603917780144e-08,9.697021341800747e-08,0.0025712370047326063,7.542048092587848e-10,1.1133394893763209e-05,5.855299011474644e-12,0.027695028684900914,-0.0723049713150991,1
187.0,260.9188653893065,240.02859701722932,0.005692159768416836,0.1344059381776442,500003000.0,3.7658278585635814,1.0722992416608607e-05,3.756819713028483e-05,1.535565368135495e-08,9.680523139715611e-08,0.002582314988111831,7.669719325420483e-10,1.1093862546857622e-05,5.9289692673331185e-12,0.027596689721236776,-0.07240331027876323,1
188.0,260.84646207902773,238.63115253163156,0.00569097680748289,0.13521568126939573,500003000.0,3.7991693823141217,1.0738249913289278e-05,3.766483487030781e-05,1.5257496680670374e-08,9.663774002298108e-08,0.002593353627778733,7.797489610954474e-10,1.1054338841193417e-05,6.001872381360235e-12,0.027498372251034697,-0.0725016277489653,1
189.0,260.77396045127875,237.2391133979725,0.005689871312103283,0.13602719533473917,500003000.0,3.831933576969922,1.0753410035031389e-05,3.776130264012263e-05,1.5160121742110457e-08,9.646776981482265e-08,0.002604352930741928,7.925320245614335e-10,1.101482432851949e-05,6.07397983418875e-12,0.027400077646723954,-0.07259992235327606,1
190.0,260.7013605289255,235.85247599651785,0.005688842580127129,0.13684048177611705,500003000.0,3.864114245502706,1.0768473552956545e-05,3.7857597991150494e-05,1.506351792515698e-08,9.629535102785986e-08,0.0026153129045990357,8.05317373846956e-10,1.0975319563515743e-05,6.145264622036062e-12,0.02730180728802915,-0.07269819271197085,1
191.0,260.6286623362135,234.47123663179437,0.005687889923475569,0.13765554199406205,500003000.0,3.8957061098927244,1.0783441227472915e-05,3.795371850480739e-05,1.496767451637013e-08,9.612051365689332e-08,0.002626233557538773,8.181013852707881e-10,1.0935825103695887e-05,6.215701265135619e-12,0.02720356256172846,-0.07279643743827155,1
192.0,260.5558658987752,233.09539153232845,0.005687012667808455,0.13847237738670726,500003000.0,3.926704793286921,1.0798313808496535e-05,3.8049661792247536e-05,1.487258102362e-08,9.59432874401498e-08,0.002637114898342996,8.308805641260944e-10,1.0896341509358967e-05,6.285265810848215e-12,0.027105344861533057,-0.07289465513846695,1
193.0,260.48297124363677,231.7249368503923,0.005686210152197714,0.13929098934927073,500003000.0,3.9571067998698233,1.0813092035667022e-05,3.814542549411056e-05,1.4778227170486945e-08,9.576370186302262e-08,0.0026479569363887317,8.436515476673054e-10,1.0856869343535206e-05,6.353935831668453e-12,0.0270071555879524,-0.0729928444120476,1
194.0,260.4099783992247,230.3598686617557,0.00568548172881876,0.1401113792735844,500003000.0,3.9869094926418547,1.0827776638557877e-05,3.8241007280272355e-05,1.468460289085451e-08,9.558178616179125e-08,0.0026587596816501713,8.564111075334648e-10,1.0817409171948214e-05,6.421690418369922e-12,0.02690899614820018,-0.07309100385179983,1
195.0,260.3368873953729,229.00018296545312,0.005684826762606852,0.14093354854754495,500003000.0,4.0161110693021165,1.0842368336881431e-05,3.83364048495996e-05,1.459169832355319e-08,9.539756932724377e-08,0.0026695231447005797,8.691561516229556e-10,1.0777961562893508e-05,6.488510168541586e-12,0.026810867955892125,-0.07318913204410787,1
196.0,260.2636982633288,227.64587568354926,0.005684244630997993,0.1417574985546995,500003000.0,4.044710536434329,1.085686784068879e-05,3.843161592970793e-05,1.4499503807358924e-08,9.521108010833605e-08,0.002680247336714227,8.818837254371672e-10,1.0738527087261483e-05,6.554377170796791e-12,0.026712772431103093,-0.07328722756889691,1
197.0,260.19041103575995,226.29694266091903,0.005683734723607205,0.14258323067373954,500003000.0,4.072707682193216,1.087127585056475e-05,3.8526638276723674e-05,1.4408009875960736e-08,9.502234701574075e-08,0.0026909322694682438,8.945910129127354e-10,1.0699106318425113e-05,6.619274984927593e-12,0.02661471100008765,-0.07338528899991235,1
198.0,260.11702574676,224.95337966503143,0.0056832964419606955,0.14341074627804418,500003000.0,4.100103047687153,1.0885593057817944e-05,3.862146967504905e-05,1.431720725319378e-08,9.483139832537882e-08,0.002701577955344455,9.072753367640634e-10,1.0659699832214583e-05,6.683188618302301e-12,0.02651668509521692,-0.07348331490478309,1
199.0,260.04354243185526,223.61518238574732,0.005682929199192726,0.14424004673522411,500003000.0,4.126897897249082,1.089982014466625e-05,3.8716107937130953e-05,1.4227086848305478e-08,9.463826208189948e-08,0.0027121844073311275,9.199341583594147e-10,1.0620308206810703e-05,6.746104498800626e-12,0.02641869615471334,-0.07358130384528666,1
200.0,259.96996112800997,222.28234643511334,0.005682632419827952,0.14507113340670924,500003000.0,4.153094187783535,1.0913957784417803e-05,3.881055090323309e-05,1.4137639751554697e-08,9.444296610213599e-08,0.002722751639024773,9.325650771553513e-10,1.0580932022784271e-05,6.808010444588796e-12,0.02632074562274854,-0.07367925437725147,1
201.0,259.89628187363274,220.9548673471782,0.005682405539455176,0.1459040076472538,500003000.0,4.178694537371076,1.0928006641647457e-05,3.8904796441211544e-05,1.4048857229652762e-08,9.424553797845773e-08,0.002733279664631795,9.451658297152168e-10,1.0541571862918364e-05,6.868895631028674e-12,0.026222834949001125,-0.07377716505099888,1
202.0,259.82250470858173,219.632740577802,0.0056822480045388875,0.14673867080459355,500003000.0,4.20370219330581,1.0941967372369115e-05,3.899884244629371e-05,1.3960730721659051e-08,9.404600508216423e-08,0.002743768498970202,9.577342883384535e-10,1.0502228312274702e-05,6.9287505550309834e-12,0.02612496558882172,-0.07387503441117829,1
203.0,259.74862967417056,218.31596150448712,0.005682159272108816,0.14757512421891397,500003000.0,4.228120999733023,1.0955840624203795e-05,3.909268684086042e-05,1.3873251834680009e-08,9.38443945667116e-08,0.0027542181574711816,9.702684593278607e-10,1.0462901958020117e-05,6.987566997131607e-12,0.02602713900280116,-0.07397286099719885,1
204.0,259.6746568131734,217.0045254262041,0.00568213880957795,0.1484133692225428,500003000.0,4.251955365046805,1.0969627036543784e-05,3.9186327574231446e-05,1.3786412339988496e-08,9.36407333710217e-08,0.002764628656180722,9.827664809225197e-10,1.0423593389478933e-05,7.045337981599406e-12,0.02592935665690067,-0.07407064334309933,1
205.0,259.6005861698303,215.6984275632333,0.005682186094470905,0.14925340713948979,500003000.0,4.27521022919787,1.0983327240712805e-05,3.927976262245409e-05,1.3700204169021653e-08,9.343504822264525e-08,0.0027750000117611334,9.952266209240093e-10,1.0384303198007336e-05,7.102057734840154e-12,0.025831620022139266,-0.07416837997786074,1
206.0,259.5264177898525,214.39766305701167,0.005682300614207928,0.15009523928505397,500003000.0,4.297891031053137,1.0996941860122417e-05,3.937298998809501e-05,1.3614619409612023e-08,9.322736564091441e-08,0.002785332241492549,1.0076472740436017e-09,1.0345031976959224e-05,7.157721642380048e-12,0.02573393057450865,-0.07426606942549135,1
207.0,259.45215172042697,213.1022269699855,0.005682481865890997,0.15093886696543615,500003000.0,4.3200036759388825,1.1010471510424732e-05,3.946600770003505e-05,1.3529650302315752e-08,9.301771194004416e-08,0.002795625363274385,1.0200269589978183e-09,1.030578032164432e-05,7.212326204688851e-12,0.02563628979486892,-0.07436371020513108,1
208.0,259.3777880102218,211.8121142854749,0.005682729356069402,0.15178429147735953,500003000.0,4.341554503489379,1.1023916799661513e-05,3.955881381326724e-05,1.3445289236782037e-08,9.280611323218469e-08,0.002805879395626741,1.032364315379245e-09,1.026654882923837e-05,7.265868992094526e-12,0.02553869916872502,-0.07446130083127499,1
209.0,259.30332670939055,210.5273199075403,0.00568304260055516,0.15263151410768153,500003000.0,4.36255025591341,1.1037278328409842e-05,3.9651406408697654e-05,1.3361528748328445e-08,9.259259543041709e-08,0.0028160943576917862,1.0446581003289964e-09,1.0227338098773493e-05,7.318348599028763e-12,0.025441160186202648,-0.07455883981379735,1
210.0,259.22876786957676,209.24783866085988,0.00568342112420377,0.1534805361330204,500003000.0,4.382998046780702,1.105055668992436e-05,3.974378359294936e-05,1.327836151451758e-08,9.237718425170299e-08,0.0028262702692350835,1.0569071850363951e-09,1.0188148731055446e-05,7.369764597830818e-12,0.025343674341842277,-0.07465632565815773,1
211.0,259.1541115439186,207.97366529061352,0.0056838644607201064,0.154331358819409,500003000.0,4.402905330420827,1.1063752470276236e-05,3.9835943498169153e-05,1.3195780351875162e-08,9.215990521979658e-08,0.0028364071506468795,1.0691105510906432e-09,1.0148981328616927e-05,7.420117492323976e-12,0.025246243134482874,-0.07475375686551713,1
212.0,259.0793577870531,206.70479446237613,0.0056843721524555395,0.15518398342190304,500003000.0,4.42227987201725,1.1076866248488902e-05,3.9927884281837234e-05,1.3113778212666534e-08,9.19407836680789e-08,0.0028465050229433252,1.0812672867082915e-09,1.0109836495645784e-05,7.469408671360985e-12,0.025148868067083222,-0.07485113193291679,1
213.0,259.00450665512017,205.44122076201313,0.0056849437502453914,0.15603841118424022,500003000.0,4.441129718469836,1.1089898596670745e-05,4.0019604126579604e-05,1.3032348181842839e-08,9.1719844742368e-08,0.002856563907767711,1.0933765828592952e-09,1.0070714837976174e-05,7.517640362528484e-12,0.025051550646699727,-0.07494844935330028,1
214.0,258.92955820576685,204.18293869559054,0.005685578813192002,0.15689464333850697,500003000.0,4.4594631700897445,1.110285008014468e-05,4.0111101239983284e-05,1.2951483473935327e-08,9.14971134036783e-08,0.0028665838273915843,1.1054377293133e-09,1.0031616962974049e-05,7.564815586179538e-12,0.024954292384201486,-0.07504570761579851,1
215.0,258.85451249815105,202.929942689287,0.005686276908510993,0.157752681104766,500003000.0,4.47728875318197,1.1115721257574847e-05,4.0202373854414195e-05,1.287117743016723e-08,9.12726144309091e-08,0.0028765648047158776,1.1174501106266983e-09,9.992543479526823e-06,7.610938109950091e-12,0.02485709479424444,-0.07514290520575556,1
216.0,258.7793695929453,201.68222708931444,0.005687037611353296,0.15861252569073425,500003000.0,4.49461519356211,1.1128512681090426e-05,4.0293420226837704e-05,1.279142351557835e-08,9.104637242350608e-08,0.0028865068632719783,1.129413202089773e-09,9.95349499798143e-06,7.65601240390609e-12,0.02475995939511714,-0.07524004060488287,1
217.0,258.70412955234036,200.4397861618486,0.00568786050462245,0.159474178291461,500003000.0,4.511451391045823,1.1141224896406633e-05,4.038423863864178e-05,1.2712215316206873e-08,9.081841180407073e-08,0.002896410027222732,1.1413265656520037e-09,9.914472130066622e-06,7.700043596448662e-12,0.02466288770854737,-0.07533711229145264,1
218.0,258.6287924400489,199.20261409296432,0.005688745178823027,0.1603376400889465,500003000.0,4.527806394941872,1.1153858442943039e-05,4.047482739546267e-05,1.263354653640646e-08,9.058875682088891e-08,0.002906274321363425,1.1531898458424279e-09,9.875475488862301e-06,7.743037431090985e-12,0.024565881259625704,-0.0754341187403743,1
219.0,258.55335832130856,197.970704988577,0.005689691231906289,0.16120291225191047,500003000.0,4.543689380572304,1.1166413853939258e-05,4.056518482701315e-05,1.2555410996219109e-08,9.035743155048313e-08,0.0029160997711227326,1.1650027657006774e-09,9.836505688756166e-06,7.785000224218626e-12,0.024468941576697566,-0.07553105842330243,1
220.0,258.4778272628853,196.74405287439671,0.005690698269086283,0.1620699959353805,500003000.0,4.559109626836479,1.1178891656568002e-05,4.0655309286913175e-05,1.2477802628744049e-08,9.012445990002189e-08,0.0029258864025635727,1.1767651227330466e-09,9.797563345342222e-06,7.825938823909355e-12,0.024372070191110626,-0.07562792980888938,1
221.0,258.4021993330764,195.52265169588378,0.005691765902716882,0.16293889228043124,500003000.0,4.5740764948295904,1.1191292372045702e-05,4.0745199152522934e-05,1.240071547770078e-08,8.988986560975678e-08,0.002935634242383967,1.18847678490683e-09,9.758649075418136e-06,7.86586056990538e-12,0.024275268637208153,-0.07572473136279186,1
222.0,258.3264746017136,194.306495318216,0.0056928937521218675,0.1638096024138571,500003000.0,4.588599407520197,1.1203616515740648e-05,4.083485282477831e-05,1.232414369494546e-08,8.965367225537276e-08,0.0029453433179178205,1.2001376866948526e-09,9.71976349689447e-06,7.904773254794682e-12,0.024178538452103063,-0.07582146154789694,1
223.0,258.2506531401657,193.0955775262619,0.00569408144345596,0.16468212744787666,500003000.0,4.602687830486192,1.121586459727876e-05,4.0924268728028616e-05,1.2248081538111375e-08,8.941590325030645e-08,0.0029550136571356612,1.2117478251810649e-09,9.680907228751219e-06,7.942685086462048e-12,0.024081881175569732,-0.07591811882443028,1
224.0,258.1747350213413,191.88989202455892,0.0056953286095754825,0.16555646847982833,500003000.0,4.616351253703619,1.1228037120647083e-05,4.101344530987662e-05,1.2172523368323273e-08,8.91765818480089e-08,0.00296464528864536,1.2233072562368789e-09,9.642080891004055e-06,7.979604651853087e-12,0.02398529834995992,-0.07601470165004008,1
225.0,258.09872031969127,190.68943243730232,0.005696634889883102,0.16643262659187574,500003000.0,4.629599174378294,1.1240134584294991e-05,4.1102381041020785e-05,1.2097463647908167e-08,8.893573114416363e-08,0.0029742382416927675,1.2348160907768531e-09,9.603285104620487e-06,8.015540882087786e-12,0.023888791519994106,-0.0761112084800059,1
226.0,258.02260911121124,189.4941923083405,0.005697999930198758,0.1673106028506933,500003000.0,4.642441080806352,1.1252157481233205e-05,4.119107441509963e-05,1.2022896938213542e-08,8.869337407884714e-08,0.0029837925461623214,1.246274491101308e-09,9.564520491474946e-06,8.05050301894917e-12,0.02379236223264967,-0.07620763776735033,1
227.0,257.94640147344387,188.30416510117828,0.005699423382623889,0.1681903983072073,500003000.0,4.654886437246175,1.1264106299130665e-05,4.12795239485383e-05,1.1948817897460403e-08,8.844953343866723e-08,0.002993308232577592,1.257682667332456e-09,9.52578767428688e-06,8.084500582768469e-12,0.023696012037006817,-0.07630398796299319,1
228.0,257.87009748548087,187.1193441989847,0.005700904905428601,0.16907201399632438,500003000.0,4.666944669781134,1.1275981520409357e-05,4.1367728180397144e-05,1.1875221278692022e-08,8.820423185884667e-08,0.0030027853321018066,1.2690408739496858e-09,9.487087276591723e-06,8.117543341714412e-12,0.023599742484176258,-0.07640025751582374,1
229.0,257.793697227965,185.93972290461073,0.005702444162912895,0.16995545093660705,500003000.0,4.678625153149741,1.128778362233707e-05,4.145568567222238e-05,1.1802101927714286e-08,8.795749182523383e-08,0.0030122238765383095,1.280349406428745e-09,9.448419922663057e-06,8.1496412824882e-12,0.02350355512710551,-0.0764964448728945,1
230.0,257.71720078309215,184.7652944406155,0.005704040825279515,0.17084071013000562,500003000.0,4.689937198517556,1.1299513077118177e-05,4.154339500789867e-05,1.1729454781106096e-08,8.770933567629349e-08,0.003021623898330955,1.2916085979887385e-09,9.409786237449511e-06,8.180804582425815e-12,0.023407451520421854,-0.07659254847957815,1
231.0,257.64060823461256,183.59605194929406,0.00570569456854302,0.17172779256164547,500003000.0,4.700890042163186,1.1311170351982524e-05,4.163085479350375e-05,1.1657274864347597e-08,8.745978560507614e-08,0.0030309854305645067,1.3028188164500944e-09,9.371186846566377e-06,8.211043582998777e-12,0.0233114332204114,-0.0766885667795886,1
232.0,257.563919667833,182.43198849272238,0.005707405074364557,0.17261669919946585,500003000.0,4.711492835048936,1.1322755909272362e-05,4.1718063657164815e-05,1.1585557289838157e-08,8.720886366107117e-08,0.0030403085069649035,1.313980461205858e-09,9.332622376159957e-06,8.240368764689742e-12,0.023215501784681566,-0.07678449821531844,1
233.0,257.48713516961766,181.2730970527981,0.005709172029996579,0.1735074309940338,500003000.0,4.721754633245565,1.1334270206527543e-05,4.180502024891691e-05,1.1514297255180656e-08,8.695659175209742e-08,0.0030495931618995755,1.3250939603081065e-09,9.294093452948242e-06,8.268790723238598e-12,0.023119658772262203,-0.0768803412277378,1
234.0,257.4102548283899,180.11937053129802,0.005710995128124361,0.17439998887823568,500003000.0,4.731684389179247,1.1345713696568838e-05,4.1891723240563e-05,1.1443490041294647e-08,8.670299164608861e-08,0.0030588394303776266,1.3361597676705248e-09,9.255600704087462e-06,8.296320147222017e-12,0.023023905743273582,-0.07697609425672643,1
235.0,257.33327873413316,178.9708017499389,0.0057128740667779475,0.1752943737670196,500003000.0,4.741290943668266,1.135708682757955e-05,4.197817132553586e-05,1.1373131010712289e-08,8.644808497286059e-08,0.003068047348050006,1.3471783603877238e-09,9.217144757150108e-06,8.32296779694776e-12,0.022928244258871647,-0.07707175574112836,1
236.0,257.256206978392,177.82738345044388,0.005714808549235848,0.17619058655720432,500003000.0,4.750583018716366,1.1368390043185443e-05,4.2064363218761724e-05,1.130321560589383e-08,8.619189322586139e-08,0.0030772169512096443,1.3581502361712994e-09,9.178726240084508e-06,8.34874448463369e-12,0.022832675881147405,-0.0771673241188526,1
237.0,257.17903965427314,176.68910829462095,0.0057167982838975985,0.17708862812712436,500003000.0,4.7595692110292465,1.1379623782532962e-05,4.215029765652553e-05,1.1233739347518096e-08,8.59344377638052e-08,0.0030863482767915,1.3690759109021558e-09,9.140345781120358e-06,8.373661055828776e-12,0.02273720217289187,-0.07726279782710814,1
238.0,257.101776856446,175.55596886444445,0.005718842984204838,0.1779884993364727,500003000.0,4.768257986220748,1.1390788480365867e-05,4.2235973396337876e-05,1.1164697832904928e-08,8.567573981235075e-08,0.0030954413623725877,1.3799559162982312e-09,9.102004008748515e-06,8.397728372056354e-12,0.022641824697545766,-0.07735817530245424,1
239.0,257.0244186811436,174.42795766214692,0.005720942368526662,0.17889020102599637,500003000.0,4.776657673675179,1.1401884567100269e-05,4.2321389216803545e-05,1.1096086734401368e-08,8.541582046567165e-08,0.003104496246171934,1.3907907976963253e-09,9.06370155163955e-06,8.420957294627532e-12,0.022546545018996864,-0.07745345498100314,1
240.0,256.94696522616255,173.30506711031387,0.005723096160088219,0.17979373401730303,500003000.0,4.784776462032568,1.1412912468898154e-05,4.240654391749158e-05,1.1027901797885753e-08,8.515470068803281e-08,0.0031135129670505236,1.4015811119464439e-09,9.025439038627435e-06,8.443358669597013e-12,0.02245136470153936,-0.07754863529846065,1
241.0,256.8694165908641,172.1872895519944,0.005725304086829532,0.18069909911256496,500003000.0,4.792622395263849,1.1423872607739324e-05,4.249143631880686e-05,1.0960138841169408e-08,8.489240131527999e-08,0.003122491564511114,1.4123274254166976e-09,8.987217098579276e-06,8.464943313811974e-12,0.022356285309549792,-0.07764371469045021,1
242.0,256.79177287617364,171.07461725080753,0.00572756588137748,0.18160629709436082,500003000.0,4.80020336930373,1.1434765401491972e-05,4.257606526186321e-05,1.0892793752648358e-08,8.462894305634901e-08,0.003131432078698105,1.4230303121066418e-09,8.949036360440278e-06,8.485722002023819e-12,0.022261308407598858,-0.07773869159240115,1
243.0,256.71403418458124,169.9670423910665,0.005729881280896908,0.18251532872536688,500003000.0,4.807527129209269,1.1445591263981726e-05,4.2660429608357875e-05,1.082586248975313e-08,8.436434649466703e-08,0.0031403345503972623,1.4336903518665754e-09,8.910897453084805e-06,8.5057054550081e-12,0.022166435560080865,-0.07783356443991914,1
244.0,256.6362006201413,168.86455707790364,0.005732250027041568,0.1834261947481636,500003000.0,4.814601266813207,1.1456350605059345e-05,4.274452824044744e-05,1.0759341077620101e-08,8.40986320895655e-08,0.003149199021035449,1.4443081287202454e-09,8.872801005321239e-06,8.524904328662765e-12,0.022071668331225834,-0.07792833166877416,1
245.0,256.55827228847255,167.76715333740486,0.005734671865853389,0.1843388958850186,500003000.0,4.8214332188416575,1.1467043830667039e-05,4.282836006062508e-05,1.0693225607692875e-08,8.383182017764089e-08,0.0031580255326802875,1.4548842292881632e-09,8.834747645812499e-06,8.54332920403613e-12,0.021977008284901702,-0.0780229917150983,1
246.0,256.48024929675745,166.67482311675198,0.00573714654767782,0.1852534328376605,500003000.0,4.828030265466731,1.1477671342903422e-05,4.291192399159915e-05,1.0627512236382933e-08,8.356393097407327e-08,0.0031668141280397585,1.4654192413086233e-09,8.796738003018824e-06,8.560990578243415e-12,0.021882456984472,-0.07811754301552801,1
247.0,256.4021317537419,165.58755828437108,0.0057396738270873455,0.1861698062870262,500003000.0,4.834399529265548,1.1488233540087196e-05,4.299521897617305e-05,1.0562197183772935e-08,8.329498457389594e-08,0.0031755648504617653,1.475913752253418e-09,8.758772705150197e-06,8.577898856229415e-12,0.021788015992677465,-0.07821198400732254,1
248.0,256.3239197697346,164.5053506300886,0.005742253462799934,0.18708801689307836,500003000.0,4.840547974558023,1.1498730816819534e-05,4.30782439771263e-05,1.0497276732337175e-08,8.302500095325465e-08,0.0031842777439336427,1.4863683480351323e-09,8.720852380107948e-06,8.594064343339789e-12,0.021693686871490765,-0.07830631312850925,1
249.0,256.24561345660607,163.42819186529547,0.005744885217595501,0.18800806529459052,500003000.0,4.84648240709684,1.1509163564045218e-05,4.316099797709692e-05,1.0432747225684759e-08,8.275399997061627e-08,0.003192952853081601,1.496783611802852e-09,8.682977655420808e-06,8.609497238656078e-12,0.021599471181957406,-0.0784005288180426,1
250.0,256.167212927788,162.35607362311578,0.005747568858255665,0.18892995210890964,500003000.0,4.85220947408404,1.1519532169112589e-05,4.324347997846485e-05,1.0368605067370383e-08,8.248200136793179e-08,0.003201590223170148,1.507160122823083e-09,8.645149158213447e-06,8.624207629054852e-12,0.021505370484117454,-0.07849462951588256,1
251.0,256.0887182982721,161.28898745858774,0.005750304155459193,0.18985367793176608,500003000.0,4.857735664489626,1.1529837015832239e-05,4.332568900323663e-05,1.0304846719649536e-08,8.220902477178077e-08,0.003210189900101411,1.5174984554426182e-09,8.607367515105582e-06,8.63820548395445e-12,0.021411386336754525,-0.07858861366324549,1
252.0,256.01012968460884,160.2269248488451,0.005753090883748448,0.19077924333707263,500003000.0,4.863067309648747,1.1540078484534624e-05,4.340762409293111e-05,1.0241468702385982e-08,8.193508969447704e-08,0.0032187519304144635,1.5277991781301387e-09,8.569633352215514e-06,8.651500650708966e-12,0.021317520297404607,-0.0786824797025954,1
253.0,255.93144720490625,159.16987719331334,0.005755928821414213,0.19170664887668387,500003000.0,4.8682105841149275,1.1550256952126461e-05,4.348928430846623e-05,1.0178467591835789e-08,8.16602155351215e-08,0.003227276361284543,1.5380628525932706e-09,8.531947295038703e-06,8.664102850610458e-12,0.02122377392205397,-0.07877622607794604,1
254.0,255.85267097882831,158.11783581390515,0.005758817750470668,0.19263589508026924,500003000.0,4.873171506748004,1.1560372792146077e-05,4.3570668730046894e-05,1.0115840019615336e-08,8.138442158066582e-08,0.00323576324052227,1.5482900329679108e-09,8.494309968458787e-06,8.676021675470012e-12,0.02113014876516656,-0.07886985123483345,1
255.0,255.7738011275935,157.07079195522996,0.005761757456547929,0.193566982455028,500003000.0,4.877955942016327,1.1570426374817622e-05,4.3651776457053776e-05,1.0053582671544723e-08,8.110772700687962e-08,0.0032442126165727696,1.5584812650765977e-09,8.456721996633474e-06,8.687266584730923e-12,0.021036646379400184,-0.07896335362059982,1
256.0,255.6948377739729,156.0287367848065,0.005764747728849133,0.19449991148555526,500003000.0,4.882569601493926,1.1580418067104248e-05,4.3732606607933116e-05,9.99169228662728e-09,8.083015087934261e-08,0.003252624538514766,1.5686370857527995e-09,8.419184002974228e-06,8.69784690309295e-12,0.020943268315555912,-0.07905673168444409,1
257.0,255.61578104228846,154.99166139328446,0.005767788360073675,0.1954346826336138,500003000.0,4.887018045534263,1.1590348232760239e-05,4.3813158320087484e-05,9.93016565599022e-09,8.055171215436749e-08,0.0032609990560596163,1.5787580222280094e-09,8.381696610073612e-06,8.70777181860478e-12,0.020850016122397376,-0.07914998387760264,1
258.0,255.53663105841085,153.95955679467104,0.00577087914636492,0.19637129633797254,500003000.0,4.891306685103244,1.1600217232382126e-05,4.38934307497674e-05,9.86899962188836e-09,8.027242967991467e-08,0.003269336219550298,1.5888445915786064e-09,8.34426043966647e-06,8.717050381199626e-12,0.02075689134655418,-0.07924310865344583,1
259.0,255.4573879497574,152.9324139265686,0.00577401988722641,0.19730975301418524,500003000.0,4.895440783755072,1.16100254234588e-05,4.3973423071963856e-05,9.808191076673633e-09,7.999232219645322e-08,0.0032776360799603244,1.5988973002295084e-09,8.306876112543376e-06,8.72569150163861e-12,0.020663895532306624,-0.07933610446769337,1
260.0,255.3780518452897,151.91022365041462,0.005777210385486491,0.1982500530544451,500003000.0,4.899425459735537,1.1619773160420667e-05,4.405313448030167e-05,9.747736961866996e-09,7.9711408337818e-08,0.0032858986888926363,1.6089166435117115e-09,8.269544248532341e-06,8.73370395083828e-12,0.020571030221540148,-0.07942896977845985,1
261.0,255.29862287551123,150.89297675173225,0.005780450447219573,0.1991921968273505,500003000.0,4.903265688198142,1.1629460794687843e-05,4.413256418693367e-05,9.687634267174967e-09,7.942970663200325e-08,0.0032941240985784174,1.618903105270883e-09,8.232265466415816e-06,8.74109635954781e-12,0.02047829695353893,-0.07952170304646108,1
262.0,255.21910117246478,149.88066394038654,0.005783739881693729,0.20013618467779037,500003000.0,4.906966303519475,1.1639088674717412e-05,4.421171142243564e-05,9.627880029569723e-09,7.91472355019684e-08,0.003302312361875864,1.6288571575242566e-09,8.195040383884127e-06,8.747877218357427e-12,0.020385697264870006,-0.07961430273513,1
263.0,255.13948686972964,148.87327585084702,0.005787078501318478,0.201082016926688,500003000.0,4.910532001700983,1.1648657146049798e-05,4.4290575435702e-05,9.568471332387029e-09,7.886401326636474e-08,0.003310463532268914,1.6387792601631668e-09,8.157869617487082e-06,8.75405487800271e-12,0.020293232689262915,-0.07970676731073709,1
264.0,255.0597801024189,147.87080304245995,0.005790466121572124,0.2020296938709013,500003000.0,4.913967342845195,1.1658166551354206e-05,4.436915549384229e-05,9.509405304407851e-09,7.858005814028576e-08,0.0033185776638658938,1.648669860698633e-09,8.12075378255512e-06,8.759637549951689e-12,0.020200904757413547,-0.07979909524258647,1
265.0,254.97998100717632,146.87323599972396,0.005793902560968632,0.20297921578299022,500003000.0,4.917276753695183,1.166761723047323e-05,4.444745088207824e-05,9.450679119022578e-09,7.829538823594473e-08,0.003326654811398145,1.6585293940475017e-09,8.083693493174689e-06,8.764633307241102e-12,0.0201087149969229,-0.0798912850030771,1
266.0,254.90008972217325,145.88056513257516,0.005797387640988115,0.20393058291108793,500003000.0,4.920464530226848,1.167700952046658e-05,4.45254609036416e-05,9.392289993351531e-09,7.801002156335737e-08,0.003334695030218574,1.6683582823567379e-09,8.04668936211063e-06,8.769050085548504e-12,0.020016664932104,-0.07998333506789601,1
267.0,254.82010638710534,144.8927807766783,0.0058009211860298796,0.20488379547869653,500003000.0,4.923534840284326,1.1686343755653999e-05,4.460318487967257e-05,9.334235187419064e-09,7.772397603097263e-08,0.003342698376300168,1.6781569348635427e-09,8.00974200075894e-06,8.77289568447306e-12,0.019924756083864396,-0.0800752439161356,1
268.0,254.7400311431892,143.90987319372604,0.005804503023353379,0.20583885368455163,500003000.0,4.926491726249471,1.1695620267657322e-05,4.468062214911887e-05,9.276512003323833e-09,7.743726944629845e-08,0.003350664906234432,1.687925747789071e-09,7.972852019081218e-06,8.776177769010636e-12,0.01983298996954313,-0.08016701003045687,1
269.0,254.65986413315875,142.93183257174164,0.005808132983048406,0.2067957577024478,500003000.0,4.929339107737111,1.1704839385441794e-05,4.475777206863536e-05,9.219117784471271e-09,7.714991951648854e-08,0.003358594677229811,1.6976651042636025e-09,7.93602002557796e-06,8.77890387120076e-12,0.01974136810284425,-0.08025863189715576,1
270.0,254.5796055012616,141.95864902539407,0.00581181089795206,0.20775450768105433,500003000.0,4.932080784308303,1.171400143535653e-05,4.483463401248426e-05,9.162049914736114e-09,7.686194384889844e-08,0.0033664877471100106,1.7073753742811128e-09,7.89924662718739e-06,8.78108139192873e-12,0.019649891993585217,-0.08035010800641479,1
271.0,254.49925539325517,140.99031259631352,0.005815536603639428,0.2087151037438044,500003000.0,4.934720438194494,1.1723106741174287e-05,4.4911207372435905e-05,9.105305817756948e-09,7.657335995164178e-08,0.003374344174312322,1.7170569146812785e-09,7.862532429284005e-06,8.78271760286994e-12,0.019558563147693234,-0.08044143685230677,1
272.0,254.41881395640286,140.02681325342016,0.005819309938336284,0.2096775459886791,500003000.0,4.937261637026008,1.173215562413041e-05,4.498749155766999e-05,9.048882956121559e-09,7.628418523408504e-08,0.0033821640178858326,1.7267100691570308e-09,7.825878035569401e-06,8.783819648553675e-12,0.019467383066933717,-0.08053261693306629,1
273.0,254.3382813394698,139.0681408932541,0.0058231307429071864,0.21064183448810495,500003000.0,4.939707836558861,1.1741148402961095e-05,4.506348599467735e-05,8.9927788306851e-09,7.599443700735653e-08,0.003389947337489641,1.736335168285869e-09,7.789284048064473e-06,8.784394548540496e-12,0.019376353248890876,-0.08062364675110913,1
274.0,254.25765769271868,138.11428534031515,0.005826998860790907,0.21160796928877942,500003000.0,4.942062383394345,1.1750085393940914e-05,4.513919012716215e-05,8.936990979818953e-09,7.570413248480595e-08,0.003397694193390985,1.7459325295831985e-09,7.752751067028838e-06,8.784449199692045e-12,0.01928547518676729,-0.08071452481323271,1
275.0,254.17694316790545,137.1652363474097,0.0058309141379522785,0.2125759504114998,500003000.0,4.944328517686385,1.1758966910919614e-05,4.5214603415944596e-05,8.881516978699267e-09,7.541328878244302e-08,0.0034054046464633133,1.7555024575760897e-09,7.716279690901851e-06,8.783990378523702e-12,0.019194750369237176,-0.08080524963076283,1
276.0,254.09613791827468,136.22098359600125,0.005834876422859194,0.21354577785106676,500003000.0,4.946509375832066,1.176779326535826e-05,4.528972533886397e-05,8.826354438646589e-09,7.512192291937602e-08,0.003413078758184342,1.7650452438958653e-09,7.679870516275669e-06,8.783024743630451e-12,0.0191041802803794,-0.0808958197196206,1
277.0,254.01524209855506,135.2815166965714,0.005838885566413769,0.21451745157607105,500003000.0,4.948607993141161,1.1776564766364668e-05,4.536455539068216e-05,8.771501006408172e-09,7.483005181819095e-08,0.0034207165906340107,1.7745611673880744e-09,7.643524137806516e-06,8.781558838167788e-12,0.019013766399456754,-0.08098623360054324,1
278.0,253.9342558649545,134.3468251889837,0.005842941421935679,0.2154909715288227,500003000.0,4.950627306480916,1.17852817207282e-05,4.5439093082987515e-05,8.716954363532042e-09,7.453769230535306e-08,0.00342831820649243,1.7840504942384168e-09,7.607241148193953e-06,8.779599092386624e-12,0.018923510200864385,-0.08107648979913562,1
279.0,253.85317937515538,133.4168985428578,0.00584704384509573,0.21646633762514544,500003000.0,4.952570156892692,1.1793944432953879e-05,4.551333794409906e-05,8.662712225677998e-09,7.4244861111545e-08,0.003435883669037738,1.793513478113305e-09,7.571022138093785e-06,8.777151826202466e-12,0.018833413153913174,-0.08116658684608682,1
280.0,253.7720127883093,132.49172615794635,0.005851192693901232,0.21744354975428526,500003000.0,4.954439292177434,1.1802553205295896e-05,4.5587289518971076e-05,8.608772342018065e-09,7.395157487201955e-08,0.0034434130421439413,1.8029503603137935e-09,7.534867696097763e-06,8.774223251798813e-12,0.018743476722779207,-0.0812565232772208,1
281.0,253.69075626503206,131.5712973645212,0.00585538782863691,0.21842260777873967,500003000.0,4.95623736944725,1.1811108337790478e-05,4.5660947369097985e-05,8.555132494582045e-09,7.365785012690638e-08,0.0034509063902786797,1.8123613699416762e-09,7.49877840865446e-06,8.770819476249241e-12,0.01865370236630701,-0.081346297633693,1
282.0,253.60940996739836,130.65560142376543,0.0058596291118316645,0.21940351153414123,500003000.0,4.957966957640734,1.181961012828813e-05,4.5734311072419505e-05,8.501790497653069e-09,7.336370332151615e-08,0.003458363778500942,1.8217467240766355e-09,7.4627548600231105e-06,8.766946504155462e-12,0.0185640915378947,-0.0814359084621053,1
283.0,253.52797405893625,129.74462752817027,0.00586391640822911,0.2203862608291167,500003000.0,4.959630539999854,1.182805887248531e-05,4.5807380223226124e-05,8.448744197179188e-09,7.306915080661773e-08,0.0034657852724587447,1.8311066279633508e-09,7.426797632231164e-06,8.762610240291204e-12,0.01847464568538839,-0.08152535431461161,1
284.0,253.44644870462164,128.83836480194068,0.005868249584736431,0.22137085544516932,500003000.0,4.961230516506643,1.1836454863955473e-05,4.588015443206483e-05,8.395991470164274e-09,7.277420883870184e-08,0.00347317093838674,1.8404412752075881e-09,7.390907305003487e-06,8.757816492246883e-12,0.018385366250906126,-0.08161463374909388,1
285.0,253.36483407087255,127.93680230140471,0.0058726285104047935,0.22235729513652736,500003000.0,4.962769206278014,1.1844798394179587e-05,4.5952633325645043e-05,8.343530224115049e-09,7.247889358021804e-08,0.0034805208431037985,1.8497508479802981e-09,7.355084455730918e-06,8.752570973067311e-12,0.018296254670759633,-0.08170374532924038,1
286.0,253.2831303255433,127.03992901543212,0.005877053056372223,0.22334557963003243,500003000.0,4.96424884991738,1.1853089752576033e-05,4.602481654674484e-05,8.291358396444506e-09,7.218322109980323e-08,0.0034878350540105056,1.8590355172288307e-09,7.3193296593907605e-06,8.746879303878938e-12,0.018207312375256565,-0.08179268762474344,1
287.0,253.20133763791856,126.1477338658558,0.005881523095853884,0.22433570862503444,500003000.0,4.965671611821917,1.1861329226529985e-05,4.609670375411734e-05,8.239473953952972e-09,7.1887207372496e-08,0.0034951136390866423,1.8682954428944433e-09,7.283643488526192e-06,8.740747016500883e-12,0.018118540788649277,-0.08188145921135073,1
288.0,253.1194561787072,125.26020570790297,0.005886038504081705,0.22532768179320706,500003000.0,4.9670395824444915,1.1869517101422233e-05,4.616829462239725e-05,8.187874892247106e-09,7.159086827990995e-08,0.0035023566668885915,1.8775307741352762e-09,7.248026513161661e-06,8.734179556031647e-12,0.018029941328924392,-0.08197005867107561,1
289.0,253.0374861200361,124.37733333062894,0.005890599158295873,0.22632149877850186,500003000.0,4.968354780509508,1.1877653660657475e-05,4.623958884200768e-05,8.136559235241617e-09,7.129421961043046e-08,0.0035095642065467105,1.8867416495541027e-09,7.2124793007823025e-06,8.7271822834151e-12,0.01794151540775159,-0.08205848459224842,1
290.0,252.95542763544387,123.49910545736036,0.00589520493768864,0.22731715919699,500003000.0,4.969619155182038,1.1885739185692079e-05,4.631058611906704e-05,8.085525034603527e-09,7.099727705936234e-08,0.003516736327762634,1.8959281974300974e-09,7.177002416253703e-06,8.719760477973008e-12,0.01785326443028403,-0.08214673556971597,1
291.0,252.87328089987415,122.62551074614053,0.005899855723399026,0.22831466263674843,500003000.0,4.970834588189819,1.1893773956061355e-05,4.6381286175296116e-05,8.034770369276191e-09,7.070005622907554e-08,0.0035238731008065613,1.905090535954037e-09,7.14159642180371e-06,8.711919339906284e-12,0.01776518979511312,-0.08223481020488689,1
292.0,252.79104608966927,121.7565377901858,0.005904551398446212,0.2293140086577409,500003000.0,4.972002895897765,1.1901758249406283e-05,4.645168874792525e-05,7.984293344927999e-09,7.040257262913283e-08,0.003530974596514446,1.9142287734662565e-09,7.106261876928937e-06,8.703663992759785e-12,0.01767729289403592,-0.0823227071059641,1
293.0,252.7087233825633,120.89217511834245,0.005909291847736176,0.23031519679173745,500003000.0,4.973125831334869,1.1909692341499793e-05,4.6521793589601664e-05,7.934092093509985e-09,7.010484167641414e-08,0.003538040886285184,1.9233430086968527e-09,7.070999338389793e-06,8.694999485849707e-12,0.017589575112042812,-0.08241042488795719,1
294.0,252.62631295767534,120.03241119555346,0.005914076958003322,0.23131822654217354,500003000.0,4.974205086173376,1.1917576506272526e-05,4.659160046829687e-05,7.884164772733357e-09,6.98068786952089e-08,0.00354507204207772,1.932433331007557e-09,7.035809360126273e-06,8.685930796647353e-12,0.01750203782710802,-0.08249796217289199,1
295.0,252.54381499550246,119.17723442332996,0.005918906617788793,0.23232309738403162,500003000.0,4.975242292660344,1.1925411015838132e-05,4.6661109167214174e-05,7.83450956560552e-09,6.950869891730201e-08,0.003552068136408117,1.9414998206348144e-09,7.000692493217887e-06,8.67646283312032e-12,0.017414682410089935,-0.08258531758991007,1
296.0,252.46122967791254,118.32663314022635,0.005923780717426233,0.23332980876378437,500003000.0,4.976239025501663,1.1933196140518114e-05,4.6730319484696234e-05,7.785124679983586e-09,6.921031748206128e-08,0.0035590292423465873,1.9505425489335774e-09,6.965649285851602e-06,8.666600436029921e-12,0.017327510224651385,-0.08267248977534862,1
297.0,252.3785571881372,117.48059562232515,0.0059286991489836864,0.23433836009924497,500003000.0,4.977196803698862,1.1940932148866192e-05,4.679923123413272e-05,7.736008348077939e-09,6.891174943648741e-08,0.0035659554335144505,1.9595615786214264e-09,6.930680283237611e-06,8.656348381178484e-12,0.01724052262705009,-0.08275947737294992,1
298.0,252.29579771076425,116.6391100837235,0.005933661806265852,0.23534875077947506,500003000.0,4.978117092338948,1.1948619307692234e-05,4.686784424386799e-05,7.687158826043418e-09,6.861300973526761e-08,0.003572846784081073,1.9685569640225716e-09,6.895786027596091e-06,8.645711381609883e-12,0.01715372096610575,-0.08284627903389426,1
299.0,252.21295143173035,115.80216467702786,0.005938668584765786,0.23636098016471108,500003000.0,4.9790013043377055,1.1956257882085746e-05,4.693615835710881e-05,7.638574393511529e-09,6.83141132408198e-08,0.003579703368760736,1.977528751311416e-09,6.860967058084058e-06,8.634694089760603e-12,0.017067106583018105,-0.0829328934169819,1
300.0,252.13001853831335,114.96974749385326,0.005943719381646863,0.23737504758622724,500003000.0,4.979850802136922,1.1963848135438915e-05,4.700417343183212e-05,7.590253353169962e-09,6.80150747233105e-08,0.00358652526280947,1.9864769787552976e-09,6.826223910757536e-06,8.623301099558004e-12,0.01698068081127279,-0.08301931918872721,1
301.0,252.04699921912461,114.14184656532807,0.005948814095714843,0.2383909523462697,500003000.0,4.980666899356043,1.1971390329469251e-05,4.70718893406928e-05,7.54219403033645e-09,6.771590886067835e-08,0.0035933125420218376,1.99540167695613e-09,6.791557118521856e-06,8.611536948468957e-12,0.016894444976517764,-0.08310555502348224,1
302.0,251.96389366410114,113.31844986260421,0.005953952627391863,0.23940869371794887,500003000.0,4.98145086239883,1.1978884724241794e-05,4.7139305970931436e-05,7.49439477254233e-09,6.741663023863657e-08,0.0036000652827276715,2.0043028690906237e-09,6.7569672110839465e-06,8.599406119494745e-12,0.016808400396444587,-0.08319159960355542,1
303.0,251.88070206449757,112.4995452973723,0.005959134878695253,0.24042827094514688,500003000.0,4.982203912015651,1.1986331578190923e-05,4.7206423224282106e-05,7.4468539491292015e-09,6.711725335066858e-08,0.00360678356178877,2.013180571148854e-09,6.7224547149099e-06,8.586913043113498e-12,0.0167225483806829,-0.0832774516193171,1
304.0,251.79742461287825,111.68512072238354,0.005964360753199508,0.24144968324242208,500003000.0,4.9829272248220455,1.1993731148141754e-05,4.727324101688012e-05,7.3995699508314235e-09,6.681779259801246e-08,0.003613467456595535,2.022034792170894e-09,6.688020153163321e-06,8.574062099169145e-12,0.01663689023064706,-0.08336310976935295,1
305.0,251.7140615031089,110.87516393197485,0.00596963015602937,0.24247292979495408,500003000.0,4.983621934774273,1.2001083689331158e-05,4.7339759279169765e-05,7.352541189404344e-09,6.651826228964614e-08,0.003620117045063577,2.030865534481322e-09,6.653664045678723e-06,8.560857618708206e-12,0.01655142723946995,-0.08344857276053005,1
306.0,251.63061293034838,110.06966266260059,0.005974942993822834,0.24349800975841188,500003000.0,4.984289134602566,1.200838945542838e-05,4.740597795581201e-05,7.305766097221492e-09,6.621867664224408e-08,0.0036267324056302713,2.0396727939213863e-09,6.61938690890076e-06,8.547303885760496e-12,0.016466160691851854,-0.08353383930814814,1
307.0,251.54707909104022,109.26860459336791,0.00598029917472007,0.2445249222589009,500003000.0,4.984929877202825,1.201564869855529e-05,4.747189700559216e-05,7.259243126910376e-09,6.59190497801442e-08,0.003633313617251271,2.0484565600786344e-09,6.585189255852428e-06,8.533405139068682e-12,0.016381091863981328,-0.08361890813601867,1
308.0,251.46346018290419,108.47197734658002,0.005985698608317687,0.24555366639285411,500003000.0,4.985545176987556,1.2022861669306243e-05,4.753751640132745e-05,7.212970750952338e-09,6.561939573529293e-08,0.0036398607593969646,2.057216816513855e-09,6.551071596064807e-06,8.519165573762658e-12,0.01629622202336045,-0.08370377797663955,1
309.0,251.37975640492755,107.67976848828052,0.005991141205676216,0.24658424122698544,500003000.0,4.98613601119682,1.2030028616767596e-05,4.7602836129774646e-05,7.166947461353364e-09,6.531972844719726e-08,0.003646373912048909,2.065953540985175e-09,6.517034435565448e-06,8.504589342982668e-12,0.016211552428775935,-0.08378844757122407,1
310.0,251.2959679573563,106.89196552880522,0.005996626879278307,0.24761664579819104,500003000.0,4.986703321170011,1.2037149788536856e-05,4.76678561915375e-05,7.121171769260973e-09,6.502006176285557e-08,0.0036528531556962057,2.074666705669164e-09,6.483078276812299e-06,8.48968055944776e-12,0.016127084330134777,-0.08387291566986523,1
311.0,251.21209504168644,106.10855592333853,0.00600215554300795,0.24865087911345893,500003000.0,4.987248013579292,1.2044225430741469e-05,4.7732576600974184e-05,7.075642204612952e-09,6.472040943668453e-08,0.003659298571331836,2.0833562773788484e-09,6.449203618650998e-06,8.474443296972204e-12,0.01604281896835801,-0.083957181031642,1
312.0,251.1281378606548,105.32952707247355,0.006007727112138558,0.24968694014982928,500003000.0,4.987770961625484,1.2051255788057272e-05,4.7796997386104636e-05,7.030357315802188e-09,6.442078513044955e-08,0.003665710240448959,2.092022217778496e-09,6.415410956281545e-06,8.458881591931218e-12,0.015958757575297803,-0.0840412424247022,1
313.0,251.0440966182301,104.55486632277787,0.006013341503303155,0.2507248278542938,500003000.0,4.988273006197296,1.2058241103726597e-05,4.786111858851781e-05,6.985315669326054e-09,6.412120241317523e-08,0.0036720882450371572,2.1006644835951054e-09,6.381700781205658e-06,8.442999444673532e-12,0.01587490137360654,-0.08412509862639347,1
314.0,250.9599715196037,103.78456096736267,0.006018998634484399,0.2517645411437383,500003000.0,4.988754956994678,1.2065181619576062e-05,4.792494026327887e-05,6.9405158494647185e-09,6.3821674761059e-08,0.0036784326675786605,2.109283026826498e-09,6.348073581195426e-06,8.426800820884283e-12,0.015791251576658796,-0.08420874842334121,1
315.0,250.87576277118035,103.01859824645861,0.006024698424976596,0.25280607890484663,500003000.0,4.989217593617184,1.2072077576033995e-05,4.798846247883624e-05,6.895956457932473e-09,6.352221555737057e-08,0.0036847435910444992,2.117877794945944e-09,6.314529840232297e-06,8.410289652896635e-12,0.01570780938839962,-0.08429219061160038,1
316.0,250.79147058056876,102.25696534799388,0.006030440795384354,0.253849439994077,500003000.0,4.989661666618145,1.2078929212147572e-05,4.8051685316928604e-05,6.851636113576946e-09,6.322283809236164e-08,0.0036910210988906414,2.126448731103255e-09,6.281070038484951e-06,8.393469840955967e-12,0.015624576003289457,-0.08437542399671055,1
317.0,250.70709515657205,101.49964940817705,0.006036225667600604,0.2548946232375769,500003000.0,4.990087898525534,1.2085736765599632e-05,4.811460887249176e-05,6.8075534520594295e-09,6.292355556315675e-08,0.0036972652750540866,2.1349957743223055e-09,6.247694652265199e-06,8.376345254433565e-12,0.015541552606194477,-0.08445844739380554,1
318.0,250.62263670917824,100.74663751208571,0.0060420529647742275,0.25594162743109483,500003000.0,4.9904969848303065,1.2092500472725161e-05,4.81772332535654e-05,6.763707125529017e-09,6.262438107363874e-08,0.003703476203948904,2.1435188596949184e-09,6.2144041539734444e-06,8.358919732992255e-12,0.01545874037225088,-0.08454125962774912,1
319.0,250.5380954495505,99.99791669425805,0.006047922611303379,0.2569904513399502,500003000.0,4.990889594943091,1.2099220568527492e-05,4.8239558581199744e-05,6.720095802331007e-09,6.23253276343426e-08,0.0037096539704622477,2.1520179185710947e-09,6.181199012071039e-06,8.341197087706668e-12,0.015376140466796164,-0.08462385953320384,1
320.0,250.4534715900173,99.25347393928806,0.006053834532821132,0.2580410936989749,500003000.0,4.991266373120021,1.2105897286694204e-05,4.8301584989362084e-05,6.676718166711272e-09,6.202640816233858e-08,0.003715798659950331,2.1604928787455523e-09,6.148079691044499e-06,8.323181102136374e-12,0.01529375404528009,-0.08470624595471991,1
321.0,250.36876534406258,98.51329618242643,0.006059788656164127,0.2590935532124229,500003000.0,4.9916279393585326,1.2112530859612711e-05,4.8363312624843186e-05,6.633572918506791e-09,6.172763548110468e-08,0.0037219103582343534,2.168943664640552e-09,6.115046651352619e-06,8.304875533352743e-12,0.015211582253133142,-0.08478841774686686,1
322.0,250.28397692631572,97.77737031018444,0.006065784909363838,0.2601478285539425,500003000.0,4.99197489026393,1.2119121518385578e-05,4.842474164716359e-05,6.5906587728662406e-09,6.142902232040942e-08,0.003727989151596394,2.1773701974850016e-09,6.082100349396936e-06,8.286284112923183e-12,0.015129626225693051,-0.08487037377430695,1
323.0,250.19910655254142,97.0456831609417,0.006071823221629736,0.2612039183665123,500003000.0,4.9923077998875245,1.2125669492845544e-05,4.848587222847978e-05,6.547974459966161e-09,6.11305813161832e-08,0.0037340351267752766,2.185772395489828e-09,6.0492412374840065e-06,8.267410547850769e-12,0.015047887088110954,-0.08495211291188905,1
324.0,250.11415443962954,96.31822152555783,0.006077903523332061,0.2622618212623905,500003000.0,4.9926272205371145,1.2132175011570276e-05,4.854670455349017e-05,6.505518724731333e-09,6.08323250103898e-08,0.0037400483709623855,2.1941501740196114e-09,6.016469763787446e-06,8.248258521471675e-12,0.01496636595525698,-0.08503363404474303,1
325.0,250.0291208055848,95.59497214798814,0.006084025745982374,0.263321535823054,500003000.0,4.9929336835605795,1.2138638301896833e-05,4.8607238819341063e-05,6.463290326557395e-09,6.053426585089331e-08,0.003746028971797455,2.2025034457604914e-09,5.9837863723080425e-06,8.228831694310687e-12,0.014885063931621024,-0.08511493606837899,1
326.0,249.94400586951642,94.87592172590342,0.00609018982221494,0.26438306059915445,500003000.0,4.99322770010337,1.2145059589935872e-05,4.866747523553239e-05,6.42128803903901e-09,6.023641619132624e-08,0.0037519770173643076,2.2108321208843452e-09,5.951191502835079e-06,8.20913370489652e-12,0.014803982111216534,-0.08519601788878348,1
327.0,249.85880985162763,94.16105691131158,0.006096395685785085,0.2654463941104899,500003000.0,4.9935097618406115,1.2151439100585593e-05,4.872741402382335e-05,6.379510649720204e-09,5.993878829095883e-08,0.003757892596186582,2.2191361072092627e-09,5.918685590924378e-06,8.189168170537886e-12,0.014723121577525911,-0.0852768784224741,1
328.0,249.77353297320516,93.4503643111852,0.006102643271533012,0.2665115348459137,500003000.0,4.993780341684576,1.2157777057545405e-05,4.8787055418137905e-05,6.337956959812622e-09,5.964139431455405e-08,0.003763775797223401,2.227415310356321e-09,5.886269067842856e-06,8.168938688059064e-12,0.014642483403362569,-0.08535751659663744,1
329.0,249.68817545660852,92.74383048808977,0.006108932515393189,0.2675784812633354,500003000.0,4.994039894468239,1.2164073683329372e-05,4.8846399664470145e-05,6.296625783965827e-09,5.9344246332239916e-08,0.003769626709865029,2.2356696339026867e-09,5.853942360557724e-06,8.14844883450033e-12,0.014562068650844086,-0.08543793134915592,1
330.0,249.60273752525936,92.0414419608186,0.006115263354349121,0.2686472317896535,500003000.0,4.99428885760561,1.2170329199279356e-05,4.890544702078951e-05,6.25551594998491e-09,5.904735631936651e-08,0.0037754454239284675,2.243898979531072e-09,5.821705891673136e-06,8.127702167779622e-12,0.014481878371234611,-0.08551812162876539,1
331.0,249.5172194036306,91.34318520502778,0.006121635726448323,0.2697177848207147,500003000.0,4.994527651729563,1.217654382557797e-05,4.8964197756945884e-05,6.214626298614579e-09,5.8750736156368836e-08,0.00378123202965305,2.2521032471755665e-09,5.7895600794251395e-06,8.106702227319378e-12,0.0144019136049323,-0.0855980863950677,1
332.0,249.43162131723554,90.64904665387579,0.006128049570774119,0.2707901387212995,500003000.0,4.994756681307811,1.2182717781261253e-05,4.902265215457452e-05,6.173955683282454e-09,5.8454397628632516e-08,0.0037869866176959838,2.2602823351638754e-09,5.757505337635301e-06,8.085452534638981e-12,0.014322175381353964,-0.08567782461864604,1
333.0,249.3459434926169,89.95901269866698,0.006134504827424787,0.2718642918250337,500003000.0,4.994976335237704,1.2188851284231108e-05,4.908081050700086e-05,6.1335029698543605e-09,5.81583524263467e-08,0.003792709279127858,2.2684361403560047e-09,5.72554207567207e-06,8.063956593911665e-12,0.014242664718838966,-0.08575733528116104,1
334.0,249.26018615733574,89.27306968949625,0.006141001437516825,0.27294024243440396,500003000.0,4.995186987420496,1.2194944551267525e-05,4.913867311914524e-05,6.093267036417642e-09,5.786261214437592e-08,0.003798400105428137,2.276564558279417e-09,5.693670698435019e-06,8.042217892491142e-12,0.014163382624610005,-0.08583661737539,1
335.0,249.17434953996036,88.59120393589818,0.006147539343156641,0.2740179888206932,500003000.0,4.995388997315723,1.2200997798040562e-05,4.919624030742735e-05,6.053246773036499e-09,5.756718828211737e-08,0.0038040591884806086,2.2846674832607097e-09,5.661891606309804e-06,8.020239901404262e-12,0.014084330094661085,-0.08591566990533892,1
336.0,249.088433870055,87.91340170749771,0.006154118487439286,0.2750975292239652,500003000.0,4.9955827104762776,1.22070112391221e-05,4.925351239967072e-05,6.013441081538125e-09,5.7272092243367966e-08,0.0038096866205688104,2.2927448085538288e-09,5.630205195148706e-06,7.998026075813985e-12,0.014005508113709118,-0.08599449188629088,1
337.0,249.00243937816873,87.23964923466542,0.006160738814419154,0.2761788618530166,500003000.0,4.995768459064844,1.2212985087997376e-05,4.93104897350069e-05,5.973848875274871e-09,5.6977335336186204e-08,0.0038152824943714185,2.300796426464905e-09,5.598611856225702e-06,7.975579855451507e-12,0.013926917655082154,-0.08607308234491785,1
338.0,248.91636629582382,86.5699327091728,0.006167400269121649,0.2772619848853538,500003000.0,4.995946562352208,1.2218919557076306e-05,4.936717266377966e-05,5.934469078930078e-09,5.6682928772760416e-08,0.00382084690295762,2.3088222284736997e-09,5.5671119762294086e-06,7.952904665020022e-12,0.013848559680701833,-0.08615144031929817,1
339.0,248.83021485550452,85.90423828485261,0.006174102797506991,0.2783468964671726,500003000.0,4.996117327198083,1.2224814857704587e-05,4.942356154744894e-05,5.895300628280777e-09,5.6388883669277116e-08,0.0038263799397824446,2.3168221053517524e-09,5.5357059372126926e-06,7.930003914570154e-12,0.013770435140958036,-0.08622956485904197,1
340.0,248.74398529064547,85.24255207826042,0.006180846346470768,0.2794335947133224,500003000.0,4.99628104851497,1.2230671200174587e-05,4.947965675849473e-05,5.8563424699997304e-09,5.609521104579013e-08,0.0038318816986820784,2.3247959472772432e-09,5.50439411657626e-06,7.90688099984802e-12,0.01369254497466806,-0.08630745502533195,1
341.0,248.65767783562015,84.5848601693391,0.006187630863826517,0.2805220777072794,500003000.0,4.996438009715606,1.2236488793736031e-05,4.953545868032082e-05,5.817593561443455e-09,5.5801921826092146e-08,0.0038373522738691383,2.3327436439466355e-09,5.473176887036279e-06,7.883539302617017e-12,0.013614890108996101,-0.0863851098910039,1
342.0,248.57129272572914,83.93114860208419,0.00619445629830798,0.2816123435011425,500003000.0,4.996588483144551,1.2242267846606493e-05,4.9590967707158415e-05,5.779052870462158e-09,5.550902683759238e-08,0.0038427917599279425,2.340665084683139e-09,5.442054616609895e-06,7.859982190954714e-12,0.01353747145941718,-0.08646252854058283,1
343.0,248.48483019718856,83.28140338521449,0.006201322599528697,0.2827043901155644,500003000.0,4.996732730494393,1.2248008565981666e-05,4.96461842439696e-05,5.7407193751730456e-09,5.5216536811185396e-08,0.0038482002518097267,2.3485601585420374e-09,5.41102766856351e-06,7.836213019523548e-12,0.01346028992958853,-0.08653971007041147,1
344.0,248.39829048711815,82.63561049284118,0.006208229718005277,0.2837982155397966,500003000.0,4.9968710032071115,1.2253711158045463e-05,4.970110870635074e-05,5.702592063796491e-09,5.492446238114234e-08,0.0038535778448278582,2.356428754412939e-09,5.380096401417673e-06,7.812235129820618e-12,0.013383346411361734,-0.08661665358863826,1
345.0,248.3116738335295,81.99375586514182,0.006215177605119526,0.2848938177316168,500003000.0,4.9970035428610595,1.2259375827979901e-05,4.9755741520435726e-05,5.664669934438301e-09,5.46328140849841e-08,0.0038589246346530134,2.364270761118991e-09,5.349261168898574e-06,7.7880518504016e-12,0.013306641784662069,-0.08669335821533794,1
346.0,248.22498047531417,81.35582540903462,0.0062221662131238566,0.2859911946173343,500003000.0,4.997130581544058,1.2265002779974817e-05,4.9810083122799096e-05,5.626951994915403e-09,5.4341602363371586e-08,0.003864240717308339,2.3720860675131165e-09,5.318522319927954e-06,7.763666497084608e-12,0.013230176917463421,-0.08676982308253658,1
347.0,248.13821065223163,80.72180499885559,0.006229195495120216,0.2870903440917671,500003000.0,4.997252342213052,1.2270592217237377e-05,4.986413396035909e-05,5.589437262560219e-09,5.405083755999365e-08,0.003869526189164584,2.3798745625713096e-09,5.287880198590442e-06,7.739082373132013e-12,0.013153952665707016,-0.08684604733429299,1
348.0,248.05136460489734,80.09168047703668,0.006236265405058286,0.2881912640182488,500003000.0,4.997369039040784,1.2276144342001422e-05,4.9917894490280555e-05,5.552124764045671e-09,5.3760529921463446e-08,0.0038747811469352087,2.387636135483058e-09,5.2573351441179485e-06,7.714302769412511e-12,0.013077969873262606,-0.0869220301267374,1
349.0,247.9644425747706,79.46543765478589,0.006243375897722199,0.28929395222857185,500003000.0,4.997480877749916,1.2281659355536626e-05,4.9971365179877765e-05,5.515013535202714e-09,5.34706895972085e-08,0.0038800056876714824,2.3953706757389254e-09,5.226887490864653e-06,7.6893309645421e-12,0.013002229371866255,-0.08699777062813376,1
350.0,247.87744480414247,78.8430623127697,0.006250526928713403,0.2903984065230124,500003000.0,4.997588055935024,1.2287137458157462e-05,5.002454650651714e-05,5.478102620837614e-09,5.318132663937687e-08,0.00388519990875754,2.4030780732153613e-09,5.196537568279391e-06,7.6641702250079e-12,0.012926731981051638,-0.08707326801894837,1
351.0,247.79037153612353,78.2245402017953,0.006257718454458251,0.2915046246703153,500003000.0,4.99769076337288,1.2292578849232036e-05,5.007743895751988e-05,5.441391074573887e-09,5.289245100274169e-08,0.003890363907905446,2.4107582182567743e-09,5.1662857008991875e-06,7.63882380527303e-12,0.012851478508133963,-0.08714852149186604,1
352.0,247.70322301463167,77.60985704349604,0.006264950432179756,0.29261260440765796,500003000.0,4.997789182321408,1.22979837271907e-05,5.0130043030064486e-05,5.404877958665531e-09,5.260407254460587e-08,0.0038954977831502135,2.418411001754928e-09,5.136132208313306e-06,7.613294947863456e-12,0.012776469748120545,-0.08722353025187946,1
353.0,247.61599948437978,76.99899853101688,0.006272222819902227,0.2937223434406869,500003000.0,4.997883487807716,1.2303352289534542e-05,5.0182359231089206e-05,5.368562343841963e-09,5.23162010247227e-08,0.0039006016328448118,2.426036315225703e-09,5.106077405155246e-06,7.587586883439793e-12,0.01270170648369089,-0.08729829351630912,1
354.0,247.52870119086347,76.39195032970231,0.006279535576429416,0.29483383944346153,500003000.0,4.997973847905563,1.2308684732843674e-05,5.023438807719441e-05,5.3324433091327225e-09,5.202884610520687e-08,0.003905675555655162,2.433634050883294e-09,5.076121601073372e-06,7.561702830851111e-12,0.012627189485123634,-0.08737281051487637,1
355.0,247.4413283803486,75.7886980777841,0.006286888661348956,0.2959470900585025,500003000.0,4.998060424002627,1.2313981252785391e-05,5.028613009454488e-05,5.296519941717519e-09,5.174201735046571e-08,0.003910719650555108,2.4412041017118543e-09,5.04626510072356e-06,7.535645997175601e-12,0.012552919510278263,-0.08744708048972175,1
356.0,247.3538812998589,75.18922738707046,0.006294282035020321,0.29706209289673946,500003000.0,4.998143371057952,1.2319242044122157e-05,5.0337585818772e-05,5.260791336764675e-09,5.1455724227120264e-08,0.003915734016821377,2.44874636153469e-09,5.016508203748799e-06,7.509419577744479e-12,0.012478897304544358,-0.08752110269545565,1
357.0,247.26636019716344,74.59352384363709,0.006301715658555621,0.2981788455375449,500003000.0,4.998222837849856,1.2324467300719424e-05,5.038875579487594e-05,5.22525659726646e-09,5.116997610394372e-08,0.003920718754028509,2.4562607250809903e-09,4.986851204753793e-06,7.483026756153655e-12,0.012405123600778419,-0.08759487639922159,1
358.0,247.17876532076423,74.0015730085184,0.006309189493819398,0.29929734552868814,500003000.0,4.998298967214705,1.2329657215553318e-05,5.0439640577127735e-05,5.189914833893071e-09,5.088478225179447e-08,0.003925673962043783,2.4637470880502174e-09,4.957294393295385e-06,7.456470704260538e-12,0.01233159911928004,-0.08766840088071996,1
359.0,247.0910969198835,73.41336041839834,0.006316703503433883,0.30041759038641647,500003000.0,4.9983718962768044,1.2334811980718171e-05,5.049024072897131e-05,5.154765164853252e-09,5.060015184357135e-08,0.0039305997410221385,2.4712053471741297e-09,4.927838053877443e-06,7.429754582170557e-12,0.012258324567779198,-0.0877416754322208,1
360.0,247.00335524445128,72.82887158630463,0.0063242576507389035,0.3015395775953413,500003000.0,4.998441756669768,1.2339931787433891e-05,5.0540556822925456e-05,5.119806715720331e-09,5.031609395414721e-08,0.003935496191401048,2.478635400276532e-09,4.898482465910831e-06,7.402881538207616e-12,0.012185300641336673,-0.08781469935866333,1
361.0,246.91554054509263,72.24809200230115,0.006331851899813402,0.3026633046085593,500003000.0,4.998508674749638,1.2345016826053203e-05,5.0590589440485796e-05,5.08503861931139e-09,5.003261756034146e-08,0.0039403634138954115,2.4860371463308056e-09,4.869227903722296e-06,7.375854708877895e-12,0.012112528022366155,-0.08788747197763386,1
362.0,246.827653073115,71.67100713418166,0.006339486215457793,0.3037887688475833,500003000.0,4.998572771800044,1.2350067286068739e-05,5.064033917202667e-05,5.050460015536558e-09,4.9749731540871e-08,0.003945201509492419,2.4934104855152243e-09,4.840074636533047e-06,7.34867721881872e-12,0.01204000738058095,-0.08795999261941906,1
363.0,246.73969308049556,71.09760242816425,0.006347160563182595,0.30491596770234364,500003000.0,4.998634164229711,1.2355083356119995e-05,5.0689806616702985e-05,5.016070051256117e-09,4.9467444676317505e-08,0.00395001057944641,2.5007553192661467e-09,4.811022928443006e-06,7.321352180738565e-12,0.011967739372954821,-0.08803226062704518,1
364.0,246.6516608198685,70.52786330958614,0.0063548749092007485,0.3060448985312472,500003000.0,4.998692963762546,1.2360065224000138e-05,5.073899238235209e-05,4.9818678801430145e-09,4.9185765649107866e-08,0.0039547907252736976,2.508071550329105e-09,4.782073038418534e-06,7.293882695348277e-12,0.011895724643691439,-0.08810427535630856,1
365.0,246.5635565445122,69.96177518359754,0.0063626292204350884,0.30717555866114404,500003000.0,4.998749277620609,1.2365013076662697e-05,5.078789708539558e-05,4.947852662559473e-09,4.890470304348893e-08,0.003959542048747426,2.5153590828078442e-09,4.7532252202919935e-06,7.266271851281288e-12,0.011823963824223294,-0.08817603617577671,1
366.0,246.47538050833643,69.39932343585731,0.006370423464490935,0.30830794538734557,500003000.0,4.998803208700183,1.2369927100228106e-05,5.0836521350741094e-05,4.914023565408505e-09,4.862426534551431e-08,0.003964264651892374,2.522617822211361e-09,4.724479722735596e-06,7.238522725005879e-12,0.01175245753314666,-0.08824754246685335,1
367.0,246.38713296586957,68.8404934332276,0.0063782576096624855,0.30944205597363156,500003000.0,4.998854855741223,1.237480747999012e-05,5.088486581168413e-05,4.880379762014336e-09,4.8344460943037243e-08,0.003968958636979769,2.5298476754989756e-09,4.695836789261356e-06,7.210638380729136e-12,0.011681206376221453,-0.08831879362377855,1
368.0,246.29881417224578,68.28527052446894,0.006386131624920433,0.310577887652263,500003000.0,4.998904313490401,1.237965440042211e-05,5.093293110980984e-05,4.8469204319903e-09,4.8065298125709744e-08,0.003973624106522093,2.53704855112349e-09,4.66729665820746e-06,7.182621870293091e-12,0.011610210946337345,-0.08838978905366265,1
369.0,246.21042438319213,67.73364004093476,0.006394045479910172,0.31171543762400533,500003000.0,4.998951672857983,1.2384468045183228e-05,5.0980717894894826e-05,4.813644761117144e-09,4.778678508499002e-08,0.0039782611632678735,2.5442203590724746e-09,4.63885956273309e-06,7.15447623306384e-12,0.011539471823500866,-0.08846052817649915,1
370.0,246.12196385501562,67.18558729726574,0.006401999144945984,0.3128547030581263,500003000.0,4.99899702106876,1.238924859712445e-05,5.1028226824808976e-05,4.7805519412203085e-09,4.750892991415297e-08,0.003982869910196472,2.551363010907722e-09,4.6105257308107385e-06,7.126204495813247e-12,0.011468989574816306,-0.0885310104251837,1
371.0,246.03343284459044,66.64109759208506,0.006409992590989387,0.3139956810924055,500003000.0,4.9990404418072565,1.2393996238294487e-05,5.107545856541728e-05,4.747641170037681e-09,4.7231740608309e-08,0.003987450450512857,2.5584764198029112e-09,4.5822953852078626e-06,7.0978096725945045e-12,0.011398764754440068,-0.08860123524555993,1
372.0,245.94483160934487,66.10015620869105,0.006418025789670655,0.3151383688331797,500003000.0,4.9990820153574,1.239871114994561e-05,5.112241379048171e-05,4.7149116511216366e-09,4.695522506443458e-08,0.003992002887642387,2.5655605005795283e-09,4.554168743500138e-06,7.069294764612487e-12,0.01132879790361364,-0.08867120209638636,1
373.0,245.8561604072485,65.5627484157515,0.006426098713255558,0.3162827633553119,500003000.0,4.999121818736885,1.2403393512539313e-05,5.116909318156311e-05,4.682362593702328e-09,4.667939108139928e-08,0.003996527325225565,2.5726151697410734e-09,4.526146018045904e-06,7.040662760086977e-12,0.011259089550600022,-0.08874091044939998,1
374.0,245.7674194967991,65.02885946799586,0.006434211334660836,0.31742886170226536,500003000.0,4.999159925826397,1.2408043505751902e-05,5.121549742792312e-05,4.64999321258919e-09,4.640424636001349e-08,0.004001023867112811,2.57964034550561e-09,4.498227415996116e-06,7.011916634112849e-12,0.01118964021070849,-0.08881035978929151,1
375.0,245.67860913700983,64.49847460690783,0.006442363627433112,0.318576660886067,500003000.0,4.999196407493901,1.2412661308479949e-05,5.126162722642619e-05,4.617802728047514e-09,4.612979850306919e-08,0.004005492617359215,2.5866359478366833e-09,4.470413139278828e-06,6.983059348513406e-12,0.011120450386255984,-0.08887954961374402,1
376.0,245.58972958739608,63.97157906141648,0.006450555565754437,0.31972615788735953,500003000.0,4.999231331714166,1.2417247098845645e-05,5.130748328144159e-05,4.585790365696503e-09,4.585605501539897e-08,0.004009933680219296,2.593601898472644e-09,4.442703384603111e-06,6.954093851691051e-12,0.011051520566576867,-0.08894847943342314,1
377.0,245.50078110796267,63.448158048587516,0.006458787124423156,0.32087734965541326,500003000.0,4.999264763683707,1.2421801054202038e-05,5.135306630474552e-05,4.553955356391522e-09,4.5583023303937e-08,0.004014347160141741,2.6005381209544338e-09,4.415098343446364e-06,6.9250230784732054e-12,0.010982851227991359,-0.08901714877200864,1
378.0,245.41176395919067,62.928196774311914,0.006467058278872202,0.3220302331081489,500003000.0,4.999296765931303,1.2426323351138172e-05,5.1398377015423314e-05,4.522296936134861e-09,4.531071067778905e-08,0.004018733161764166,2.6074445406518508e-09,4.387598202067961e-06,6.895849949954896e-12,0.010914442833839463,-0.08908555716616054,1
379.0,245.3226784020245,62.41168043399567,0.006475369005135478,0.32318480513215253,500003000.0,4.9993273984242705,1.2430814165484123e-05,5.1443416139771624e-05,4.4908143459516936e-09,4.503912434830803e-08,0.004023091789907863,2.6143210847883364e-09,4.360203141487897e-06,6.866577373337797e-12,0.01084629583442788,-0.08915370416557213,1
380.0,245.23352469785894,61.898594213246795,0.006483719279865333,0.3243410625827006,500003000.0,4.999356718670631,1.2435273672315928e-05,5.14881844112008e-05,4.4595068318039645e-09,4.476827142917922e-08,0.004027423149572535,2.6211676824643315e-09,4.332913337500982e-06,6.837208241766731e-12,0.010778410667065285,-0.08922158933293473,1
381.0,245.144303108526,61.38892328856202,0.006492109080316048,0.3254990022838015,500003000.0,4.999384781817334,1.243970204596041e-05,5.1532682570137314e-05,4.428373644482209e-09,4.449815893651361e-08,0.004031727345931057,2.627984264679221e-09,4.3057289606684176e-06,6.80774543416368e-12,0.010710787756041396,-0.08928921224395861,1
382.0,245.05501389628205,60.88265282801208,0.006500538384341031,0.32665862102817667,500003000.0,4.999411640744679,1.244409945999992e-05,5.1576911363926257e-05,4.397414039508874e-09,4.4228793788942933e-08,0.004036004484324208,2.634770764351912e-09,4.2786501763193466e-06,6.778191815058618e-12,0.010643427512630815,-0.0893565724873692,1
383.0,244.9656573237947,60.379767991925355,0.006509007170392813,0.32781991557735013,500003000.0,4.999437346157088,1.2448466087276965e-05,5.162087154673399e-05,4.366627277045243e-09,4.396018280773344e-08,0.004040254670255429,2.641527116340075e-09,4.251677144554751e-06,6.7485502344201486e-12,0.010576330335102729,-0.08942366966489727,1
384.0,244.87623365412978,59.88025393357029,0.006517515417516285,0.3289828826615982,500003000.0,4.999461946670342,1.245280209989876e-05,5.166456387945088e-05,4.336012621795467e-09,4.369233271689236e-08,0.004044478009385571,2.648253257458088e-09,4.224810020247399e-06,6.718823527482139e-12,0.01050949660872077,-0.08949050339127923,1
385.0,244.7867431507385,59.38409579983704,0.006526063105333031,0.3301475189800402,500003000.0,4.999485488895438,1.2457107669241667e-05,5.170798912959418e-05,4.3055693429066275e-09,4.3425250143296846e-08,0.004048674607527639,2.6549491264937086e-09,4.198048953036793e-06,6.689014514571295e-12,0.010442926705730464,-0.08955707329426954,1
386.0,244.69718607744423,58.891278731916174,0.006534650214057636,0.33131382120064,500003000.0,4.999508017519173,1.246138296595556e-05,5.1751148071211e-05,4.275296713891725e-09,4.315894161682167e-08,0.004052844570641556,2.6616146642235076e-09,4.1713940873453665e-06,6.659126000932258e-12,0.010376620985399506,-0.0896233790146005,1
387.0,244.60756269842963,58.401787865976345,0.006543276724483235,0.3324817859602428,500003000.0,4.999529575381594,1.2465628159968094e-05,5.179404148478148e-05,4.245194012533758e-09,4.28934135704772e-08,0.004056988004828915,2.6682498134271106e-09,4.14484556237519e-06,6.6291607765522424e-12,0.01031057979400957,-0.08968942020599044,1
388.0,244.51787327822365,57.915608333840865,0.006551942617969592,0.33365140986457187,500003000.0,4.999550203550416,1.2469843420488888e-05,5.1836670157122026e-05,4.215260520793507e-09,4.262867234055169e-08,0.0040611050163277445,2.674854518900245e-09,4.118403512107212e-06,6.5991216159846e-12,0.010244803464854419,-0.08975519653514559,1
389.0,244.4281180816885,57.43272526366142,0.006560647876453044,0.334822689488319,500003000.0,4.999569941392538,1.2474028916013621e-05,5.18790348812888e-05,4.185495524733102e-09,4.2364724166770756e-08,0.0040651957115072765,2.681428727466671e-09,4.092068065314878e-06,6.569011278173488e-12,0.01017929231827379,-0.08982070768172622,1
390.0,244.33829737400677,56.95312378059072,0.006569392482431175,0.33599562137511385,500003000.0,4.999588826642755,1.2478184814328046e-05,5.192113645648125e-05,4.155898314424838e-09,4.2101575192451956e-08,0.004069260196862715,2.687972387988978e-09,4.065839345562345e-06,6.538832506276508e-12,0.010114046661648942,-0.08988595333835106,1
391.0,244.24841142066842,56.47678900745232,0.006578176418971575,0.3371702020375941,500003000.0,4.999606895469768,1.2482311282511923e-05,5.196297568794593e-05,4.12646818387703e-09,4.183923146467762e-08,0.004073298579010025,2.6944854513783067e-09,4.039717471218336e-06,6.50858802748906e-12,0.010049066789437124,-0.08995093321056288,1
392.0,244.15846048745786,56.00370606540935,0.006586999669693423,0.3383464279574253,500003000.0,4.999624182539614,1.2486408486942866e-05,5.20045533868804e-05,4.0972044309441964e-09,4.157769893446974e-08,0.0040773109646807075,2.7009678706030207e-09,4.013702555453708e-06,6.478280552868225e-12,0.009984352983165528,-0.09001564701683448,1
393.0,244.06844484044103,55.53386007463032,0.006595862218776367,0.3395242955853214,500003000.0,4.99964072107659,1.2490476593300123e-05,5.2045870370337374e-05,4.068106357256088e-09,4.131698345697353e-08,0.004081297460716601,2.707419600696345e-09,3.9877947062565055e-06,6.447912777157289e-12,0.009919905511468732,-0.09008009448853127,1
394.0,243.9783647459525,55.06723615495304,0.006604764050952049,0.340703801341107,500003000.0,4.999656542921787,1.249451576656826e-05,5.2086927461129024e-05,4.0391732681372316e-09,4.105709079165191e-08,0.004085258174064685,2.7138405987630118e-09,3.961994026436778e-06,6.417487378611569e-12,0.009855724630100674,-0.09014427536989933,1
395.0,243.88822047058258,54.60381942654662,0.006613705151494967,0.3418849416137216,500003000.0,4.999671678589301,1.2498526171040787e-05,5.2127725487731506e-05,4.010404472527811e-09,4.079802660248255e-08,0.004089193211771879,2.720230823984926e-09,3.936300613631799e-06,6.387007018824348e-12,0.00979181058194765,-0.09020818941805235,1
396.0,243.79801228116452,54.143595010570166,0.006622685506234183,0.34306771276127396,500003000.0,4.999686157320243,1.2502507970323706e-05,5.2168265284189675e-05,3.9817992829186875e-09,4.0539796458167704e-08,0.0040931026809798805,2.7265902376259007e-09,3.910714560324237e-06,6.356474342554788e-12,0.009728163597073512,-0.09027183640292649,1
397.0,243.70774044476158,53.686548029830206,0.006631705101531695,0.34425211111105786,500003000.0,4.9997000071345905,1.2506461327338974e-05,5.220854769002202e-05,3.953357015267619e-09,4.028240583234722e-08,0.00409698668891998,2.732918803035461e-09,3.885235953841013e-06,6.3258919775564e-12,0.009664783892716813,-0.09033521610728319,1
398.0,243.6174052286543,53.232663609434425,0.006640763924298303,0.34543813295960174,500003000.0,4.999713254881002,1.2510386404327913e-05,5.224857355012585e-05,3.925076988939616e-09,4.00258601038235e-08,0.004100845342907907,2.739216485651758e-09,3.859864876374953e-06,6.295262534407712e-12,0.009601671673344681,-0.09039832832665533,1
399.0,243.52700690032765,52.781926877444086,0.006649861961970552,0.3466257745727101,500003000.0,4.999725926284653,1.2514283362854539e-05,5.228834371468264e-05,3.896958526625405e-09,3.9770164556792334e-08,0.004104678750338687,2.74548325300362e-09,3.834601404984116e-06,6.264588606344282e-12,0.009538827130651144,-0.09046117286934886,1
400.0,243.4365457274583,52.33432296552224,0.0066589992025323265,0.3478150321854794,500003000.0,4.999738045993157,1.2518152363808827e-05,5.232785903906372e-05,3.869000954287768e-09,3.951532438107993e-08,0.004108487018681501,2.7517190747117513e-09,3.809445611617671e-06,6.233872769092304e-12,0.009476250443621497,-0.09052374955637851,1
401.0,243.34602197790193,51.889837009581115,0.006668175634482742,0.34900590200235293,500003000.0,4.999749637620677,1.2521993567409904e-05,5.236712038373611e-05,3.841203601077719e-09,3.9261344672390245e-08,0.004112270255474558,2.7579239224891184e-09,3.7843975631112665e-06,6.2031175807045915e-12,0.009413941778520785,-0.09058605822147922,1
402.0,243.25543591968045,51.4484541504251,0.006677391246858103,0.3501983801971526,500003000.0,4.999760723790278,1.2525807133209187e-05,5.240612861416867e-05,3.813565799283732e-09,3.900823043255896e-08,0.0041160285683199925,2.7640977701405365e-09,3.7594573212141526e-06,6.172325581398502e-12,0.009351901288961273,-0.09064809871103874,1
403.0,243.16478782096942,51.0101595343916,0.00668664602921803,0.35139246291310194,500003000.0,4.99977132617458,1.2529593220093448e-05,5.2444884600738487e-05,3.786086884261306e-09,3.875598656981326e-08,0.004119762064878764,2.7702405935614845e-09,3.7346249425961247e-06,6.141499293395828e-12,0.00929012911591971,-0.0907098708840803,1
404.0,243.07407795008535,50.57493831398878,0.006695939971645793,0.3525881462628964,500003000.0,4.999781465534794,1.253335198628782e-05,5.248338921863753e-05,3.75876619437221e-09,3.85046178990438e-08,0.004123470852865573,2.7763523707361637e-09,3.709900478863245e-06,6.110641220765787e-12,0.009228625387776449,-0.09077137461222355,1
405.0,242.98330657547314,50.14277564853056,0.006705273064742639,0.3537854263287054,500003000.0,4.999791161758202,1.2537083589358742e-05,5.2521643347779605e-05,3.731603070921592e-09,3.8254129142078075e-08,0.004127155040043793,2.782433081734838e-09,3.6852839765706677e-06,6.079753849269528e-12,0.00916739022034734,-0.09083260977965267,1
406.0,242.89247396569348,49.71365670476827,0.0067146452996283326,0.3549842991622315,500003000.0,4.999800433894122,1.2540788186216842e-05,5.255964787270757e-05,3.7045968580999246e-09,3.800452492796653e-08,0.004130814734220421,2.7884827087104566e-09,3.6607754772395088e-06,6.048839646208095e-12,0.009106423716925702,-0.0908935762830743,1
407.0,242.80158038941042,49.28756665751934,0.006724056667937373,0.35618476078476513,500003000.0,4.999809300188448,1.2544465933119766e-05,5.259740368250085e-05,3.6777469029237678e-09,3.775580979327528e-08,0.004134450043241035,2.794501235894596e-09,3.636375017371795e-06,6.017901060272968e-12,0.009045725968319495,-0.09095427403168051,1
408.0,242.71062611537874,48.86449069029242,0.006733507161822979,0.35738680718717714,500003000.0,4.99981777811679,1.2548116985674947e-05,5.263491167068323e-05,3.6510525551820385e-09,3.750798818238142e-08,0.0041380610749847824,2.800488649592732e-09,3.612082628470139e-06,5.986940521398655e-12,0.008985297052900285,-0.09101470294709972,1
409.0,242.61961141243165,48.44441399591007,0.006742996773940532,0.35859043432999993,500003000.0,4.999825884416288,1.255174149884232e-05,5.2672172735131015e-05,3.6245131673723414e-09,3.72610644477826e-08,0.004141647937359367,2.806444938178875e-09,3.5878983370468725e-06,5.955960440619342e-12,0.008925137036625942,-0.09107486296337407,1
410.0,242.52853654946827,48.027321777127085,0.006752525497463449,0.3597956381434588,500003000.0,4.9998336351161425,1.2555339626936975e-05,5.270918777798142e-05,3.5981280946561693e-09,3.7015042850410416e-08,0.004145210738296072,2.81237009208957e-09,3.5638221646511274e-06,5.9249632099279595e-12,0.008865245973108015,-0.09113475402689199,1
411.0,242.4374017954414,47.61319924724658,0.0067620933260619555,0.3610024145275013,500003000.0,4.999841045566923,1.2558911523631771e-05,5.2745957705541374e-05,3.5718966947952615e-09,3.6769927559950285e-08,0.004148749585744784,2.818264103817299e-09,3.5398541278766083e-06,5.893951202138288e-12,0.008805623903631071,-0.09119437609636893,1
412.0,242.346207419345,47.20203163073111,0.006771700253926702,0.36221075935185537,500003000.0,4.999848130468676,1.2562457341959884e-05,5.2782483428196546e-05,3.5458183281130843e-09,3.6525722655171425e-08,0.004152264587669053,2.824126967903285e-09,3.5159942383935382e-06,5.862926770750664e-12,0.008746270857232152,-0.09125372914276786,1
413.0,242.25495369020223,46.79380416381232,0.006781346275732975,0.3634206684560186,500003000.0,4.999854903897918,1.256597723431731e-05,5.28187658603208e-05,3.5198923574260663e-09,3.628243212425793e-08,0.004155755852041156,2.8299586809297406e-09,3.492242502949997e-06,5.831892249820027e-12,0.008687186850704107,-0.0913128131492959,1
414.0,242.16364087705293,46.38850209509509,0.006791031386670318,0.3646321376493921,500003000.0,4.999861379333526,1.256947135246532e-05,5.285480592018596e-05,3.494118148010463e-09,3.604005986515909e-08,0.0041592234868371904,2.8357592415115593e-09,3.468598923407892e-06,5.80084995382924e-12,0.008628371888685073,-0.09137162811131494,1
415.0,242.0722692489416,45.98611068615913,0.006800755582425116,0.3658451627112421,500003000.0,4.9998675696815695,1.2572939847532866e-05,5.289060452987189e-05,3.468495067545569e-09,3.579860968593242e-08,0.004162667600032179,2.8415286502874695e-09,3.445063496754861e-06,5.7698021775635324e-12,0.008569825963688082,-0.09143017403631193,1
416.0,241.9808390749053,45.586615212156694,0.006810518859179863,0.36705973939075615,500003000.0,4.999873487299165,1.2576382870018932e-05,5.2926162615176995e-05,3.443022486066905e-09,3.555808530510172e-08,0.004166088299595209,2.847266909910686e-09,3.4216362151254114e-06,5.738751195989705e-12,0.00851154905615365,-0.09148845094384636,1
417.0,241.88935062396146,45.190000962406316,0.006820321213617656,0.36827586340712865,500003000.0,4.999879144017325,1.2579800569794855e-05,5.296148110552902e-05,3.41769977592309e-09,3.5318490352023885e-08,0.004169485693484582,2.852974025039047e-09,3.3983170658251144e-06,5.7076992641391795e-12,0.008453541134509952,-0.09154645886549005,1
418.0,241.79780416509598,44.79625324098341,0.0068301626429080895,0.3694935304495286,500003000.0,4.999884551162909,1.258319309610658e-05,5.2996560933896275e-05,3.3925263117244404e-09,3.507982836725377e-08,0.00417285988964298,2.858650002324686e-09,3.3751060313459524e-06,5.676648616993212e-12,0.008395802155211006,-0.091604197844789,1
419.0,241.7061999672512,44.405357367305974,0.006840043144724838,0.3707127361772287,500003000.0,4.999889719579662,1.2586560597576889e-05,5.3031403036699203e-05,3.3675014703085193e-09,3.4842102802928135e-08,0.004176210995992672,2.8642948504032226e-09,3.3520030893979144e-06,5.645601469373745e-12,0.008338332062815276,-0.09166166793718473,1
420.0,241.614538299314,44.017298676717374,0.006849962717226798,0.37193347621955564,500003000.0,4.999894659648405,1.2589903222207577e-05,5.3066008353722346e-05,3.342624630688501e-09,3.460531702314256e-08,0.004179539120430727,2.869908579882519e-09,3.329008212922916e-06,5.614560015835729e-12,0.008281130790020273,-0.09171886920997974,1
421.0,241.52281943010402,43.63206252106493,0.006859921359060919,0.37315574617599895,500003000.0,4.999899381306397,1.2593221117381591e-05,5.3100377828026695e-05,3.3178951740135313e-09,3.436947430434716e-08,0.004182844370824257,2.8754912033309884e-09,3.3061213701200536e-06,5.583526430565138e-12,0.00822419825772541,-0.0917758017422746,1
422.0,241.43104362836175,43.24963426927388,0.006869919069372916,0.3743795416162396,500003000.0,4.999903894065908,1.2596514429865125e-05,5.313451240586244e-05,3.2933124835337337e-09,3.413457783574283e-08,0.004186126855005685,2.881042735265494e-09,3.283342524474919e-06,5.5525028672797804e-12,0.008167534375104899,-0.09183246562489511,1
423.0,241.33921116273686,42.86999930791823,0.006879955847787982,0.37560485808015937,500003000.0,4.9999082070320355,1.2599783305809676e-05,5.3168413036582126e-05,3.268875944551708e-09,3.390063071968236e-08,0.004189386680768032,2.8865631921388413e-09,3.2606716347748926e-06,5.5214914591336635e-12,0.008111139039645797,-0.0918888609603542,1
424.0,241.2473223017765,42.49314304178673,0.006890031694424041,0.3768316910779239,500003000.0,4.999912328919784,1.2603027890754067e-05,5.320208067255421e-05,3.2445849443907943e-09,3.366763597208367e-08,0.004192623955860232,2.8920525923268813e-09,3.238108655140578e-06,5.490494318626114e-12,0.008055012137226212,-0.09194498786277379,1
425.0,241.15537731391373,42.11905089444538,0.006900146609879026,0.3780600360899879,500003000.0,4.999916268070452,1.260624832962642e-05,5.323551626907706e-05,3.2204388723518327e-09,3.343559652284354e-08,0.004195838787982473,2.897510956115238e-09,3.2156535350452177e-06,5.459513537513816e-12,0.00799915354216359,-0.09200084645783642,1
426.0,241.0633764674559,41.747708308795005,0.006910300595241997,0.37928988856718476,500003000.0,4.999920032467345,1.2609444766746101e-05,5.326872078429332e-05,3.1964371196821966e-09,3.3204515216263704e-08,0.004199031284781559,2.9029383056856795e-09,3.19330621934581e-06,5.428551186727751e-12,0.007943563117292128,-0.09205643688270787,1
427.0,240.9713200305732,41.37910074762531,0.006920493652079757,0.3805212439307031,500003000.0,4.999923629750834,1.2612617345825636e-05,5.3301695179104796e-05,3.172579079534251e-09,3.2974394811475094e-08,0.004202201553846308,2.908334665102131e-09,3.1710666483031414e-06,5.3976093162927165e-12,0.007888240714012593,-0.09211175928598742,1
428.0,240.8792082712872,41.01321369416402,0.006930725782447031,0.3817540975721991,500003000.0,4.99992706723281,1.2615766209972572e-05,5.3334440417087675e-05,3.1488641469357494e-09,3.2745237982877715e-08,0.004205349702702961,2.9137000602963675e-09,3.1489347576132017e-06,5.3666899552523445e-12,0.007833186172370485,-0.09216681382762952,1
429.0,240.7870414574596,40.65003265262225,0.006940996988875695,0.3829884448537645,500003000.0,4.99993035191053,1.2618891501691324e-05,5.336695746440825e-05,3.125291718751457e-09,3.251704732057656e-08,0.004208475838810627,2.919034519053374e-09,3.126910478429323e-06,5.335795111596446e-12,0.007778399321111099,-0.0922216006788889,1
430.0,240.6948198567807,40.289543148734886,0.006951307274384462,0.38422428110804446,500003000.0,4.9999334904799015,1.2621993362884979e-05,5.339924728973908e-05,3.1018611936550287e-09,3.228982533083356e-08,0.004211580069556761,2.924338070996407e-09,3.1049937373940554e-06,5.304926772193952e-12,0.007723879977758817,-0.09227612002224118,1
431.0,240.60254373675846,39.93173073029739,0.006961656642462939,0.3854616016382077,500003000.0,4.99993648934821,1.262507193485707e-05,5.34313108641756e-05,3.0785719720902258e-09,3.20635744365155e-08,0.004214662502252657,2.929610747571752e-09,3.08318445665987e-06,5.274086902728212e-12,0.007669627948668614,-0.09233037205133139,1
432.0,240.51021336470714,39.57658096769708,0.0069720450970910085,0.3867004017180414,500003000.0,4.999939354646327,1.2628127358313318e-05,5.3463149161153155e-05,3.0554234562488103e-09,3.183829697755613e-08,0.004217723244128972,2.934852582033202e-09,3.0614825539260496e-06,5.24327744763764e-12,0.007615643029117822,-0.09238435697088218,1
433.0,240.41782900773626,39.22407945444087,0.006982472642720177,0.3879406765919715,500003000.0,4.999942092240413,1.263115977336335e-05,5.349476315636457e-05,3.0324150500323393e-09,3.1613995211418473e-08,0.004220762402331295,2.940063609426265e-09,3.0398879424589855e-06,5.2125003300594595e-12,0.007561925003356616,-0.09243807499664339,1
434.0,240.32539093273962,38.874211807677945,0.006992939284281385,0.38918242147508375,500003000.0,4.999944707743132,1.2634169319522378e-05,5.352615382767814e-05,3.0095461590266153e-09,3.1390671313563534e-08,0.004223780083915713,2.9452438665721066e-09,3.018400531124638e-06,5.181757451777537e-12,0.007508473644688769,-0.09249152635531124,1
435.0,240.23289940638432,38.52696366871812,0.007003445027182093,0.39042563155320475,500003000.0,4.9999472065244035,1.263715613571285e-05,5.3557322155056066e-05,2.9868161904722e-09,3.116832737792765e-08,0.004226776395844433,2.950393392051255e-09,2.9970202244165945e-06,5.1510506931747296e-12,0.007455288715541443,-0.09254471128445857,1
436.0,240.14035469509986,38.182320703545074,0.007013989877313581,0.3916703019829001,500003000.0,4.999949593721706,1.264012036026609e-05,5.358826912047347e-05,2.964224553240104e-09,3.094696541740043e-08,0.004229751444981433,2.9555122261870515e-09,2.9757469224888374e-06,5.120381913188396e-12,0.007402369967546702,-0.0925976300324533,1
437.0,240.0477570650674,37.84026860332602,0.007024573841029581,0.3929164278915485,500003000.0,4.99995187424996,1.2643062130923886e-05,5.361899570783778e-05,2.9417706577961364e-09,3.072658736431208e-08,0.004232705338088115,2.960600411028894e-09,2.9545805211766674e-06,5.089752949270557e-12,0.007349717141593559,-0.09265028285840644,1
438.0,239.955106782209,37.500793084915266,0.007035196925174703,0.39416400437737464,500003000.0,4.999954052810987,1.2645981584840074e-05,5.364950290290871e-05,2.919453916187156e-09,3.050719507092433e-08,0.004235638181819028,2.9656579903352487e-09,2.9335209120391393e-06,5.059165617351748e-12,0.007297329967933541,-0.09270267003206646,1
439.0,239.86240411217693,37.163879891354505,0.007045859137054487,0.3954130265094536,500003000.0,4.999956133902587,1.2648878858582077e-05,5.367979169321863e-05,2.8972737420034715e-09,3.028879030992369e-08,0.0042385500827175834,2.970685009556464e-09,2.912567982377111e-06,5.0286217118083395e-12,0.0072452081662255806,-0.09275479183377443,1
440.0,239.76964932034315,36.829514792366794,0.0070565604844672995,0.3966634893278161,500003000.0,4.99995812182723,1.2651754088132446e-05,5.3709863067993555e-05,2.8752295503678427e-09,3.007137477492658e-08,0.004241441147211838,2.9756815158173918e-09,2.8917216152775485e-06,4.998123005434943e-12,0.0071933514456462375,-0.09280664855435376,1
441.0,239.6768426717888,36.49768358484756,0.007067300975665633,0.39791538784341024,500003000.0,4.9999600207003905,1.2654607408890342e-05,5.373971801807454e-05,2.853320757896064e-09,2.9854950080979965e-08,0.004244311481610271,2.9806475578998185e-09,2.870981689628834e-06,4.967671249419163e-12,0.007141759504927767,-0.09285824049507224,1
442.0,239.58398443129371,36.16837209334915,0.007078080619391537,0.39916871703821716,500003000.0,4.999961834458524,1.2657438955673031e-05,5.376935753583961e-05,2.831546782688757e-09,2.9639517765076826e-08,0.004247161192097626,2.9855831862247178e-09,2.85034808016701e-06,4.937268173321895e-12,0.007090432032473161,-0.09290956796752685,1
443.0,239.4910748633262,35.84156617056161,0.007088899424852735,0.40042347186521193,500003000.0,4.999963566866725,1.266024886271733e-05,5.379878261512628e-05,2.8099070442996194e-09,2.9425079286666422e-08,0.004249990384730761,2.9904884528343497e-09,2.829820657497904e-06,4.9069154850598795e-12,0.007039368706411189,-0.09296063129358882,1
444.0,239.3981142320326,35.51725169778796,0.007099757401736624,0.4016796472484771,500003000.0,4.999965221526052,1.266303726368105e-05,5.3827994251154455e-05,2.7884009637197714e-09,2.9211636028178414e-08,0.004252799165434545,2.9953634113741848e-09,2.809399288135036e-06,4.87661487089363e-12,0.00698856919469068,-0.09301143080530933,1
445.0,239.3051028012273,35.195414585414966,0.007110654560201047,0.40293723808318216,500003000.0,4.999966801880546,1.2665804291644404e-05,5.385699344045e-05,2.7670279633534714e-09,2.899918929554347e-08,0.00425558763999778,3.000208117074702e-09,2.7890838345283962e-06,4.846367995417852e-12,0.0069380331551521296,-0.09306196684484788,1
446.0,239.21204083438244,34.876040773379,0.007121590910873906,0.4041962392356393,500003000.0,4.999968311223968,1.2668550079111401e-05,5.388578118076872e-05,2.74578746699815e-09,2.878774031872298e-08,0.004258355914069155,3.0050226267330315e-09,2.768874155097158e-06,4.816176501556466e-12,0.0068877602356090546,-0.09311223976439095,1
447.0,239.11892859461804,34.55911623162664,0.007132566464861068,0.40545664554335253,500003000.0,4.9999697527062335,1.2671274758011229e-05,5.3914358471020966e-05,2.7246788998282597e-09,2.8577290252242377e-08,0.00426110409315324,3.0098069986944698e-09,2.7487701042658216e-06,4.786042010561285e-12,0.006837750073937922,-0.09316224992606209,1
448.0,239.025766344692,34.2446269605705,0.007143581233739594,0.4067184518150437,500003000.0,4.999971129339594,1.2673978459699603e-05,5.394272631119669e-05,2.7037016883740962e-09,2.8367840175727287e-08,0.004263832282606509,3.0145612928338816e-09,2.7287715324948804e-06,4.755966122014213e-12,0.006788002298154418,-0.09321199770184559,1
449.0,238.93255434699014,33.93255899153996,0.007154635229562816,0.40798165283067367,500003000.0,4.999972444004548,1.2676661314960108e-05,5.397088570229114e-05,2.6828552605058503e-09,2.8159391094443697e-08,0.004266540587633392,3.0192855705369864e-09,2.7088782863163505e-06,4.725950413833155e-12,0.0067385165265018395,-0.09326148347349816,1
450.0,238.83929286351665,33.62289838722721,0.007165728464850714,0.4092462433415165,500003000.0,4.999973699455509,1.267932345400552e-05,5.399883764623098e-05,2.6621390454127535e-09,2.7951943939844597e-08,0.004269229113282372,3.023979894681525e-09,2.6890902083639487e-06,4.695996442282027e-12,0.006689292367526159,-0.09331070763247384,1
451.0,238.74598215588418,33.31563124212782,0.007176860952599704,0.41051221807013516,500003000.0,4.999974898326229,1.268196500647911e-05,5.40265831458011e-05,2.6415524735901966e-09,2.7745499570115793e-08,0.004271897964442106,3.028644329618353e-09,2.6694071374109247e-06,4.666105741983637e-12,0.006640329420170133,-0.09335967057982987,1
452.0,238.65262248530433,33.01074368297634,0.007188032706283212,0.41177957171048546,500003000.0,4.999976043135,1.2684586101455933e-05,5.405412320457183e-05,2.6210949768238894e-09,2.7540058770731563e-08,0.004274547245837585,3.0332789411524246e-09,2.649828908404499e-06,4.636279825937205e-12,0.006591627273858979,-0.09340837272614103,1
453.0,238.5592141125782,32.70822186917734,0.007199243739836225,0.41304829892788003,500003000.0,4.999977136289623,1.2687186867444103e-05,5.408145882682684e-05,2.6007659881688835e-09,2.7335622255006977e-08,0.004277177062026327,3.0378837965237046e-09,2.630355352494738e-06,4.606520185538284e-12,0.0065431855085721895,-0.09345681449142781,1
454.0,238.46575729808677,32.40805199323046,0.007210494067679736,0.4143183943590889,500003000.0,4.999978180092189,1.2689767432386047e-05,5.41085910174915e-05,2.5805649419437294e-09,2.713219066466101e-08,0.004279787517394607,3.0424589643880076e-09,2.6109862970783224e-06,4.576828290603462e-12,0.006495003694952419,-0.09350499630504759,1
455.0,238.3722523017817,32.110220281150994,0.007221783704702661,0.41558985261231723,500003000.0,4.999979176743635,1.2692327923659757e-05,5.413552078206188e-05,2.5604912737096922e-09,2.692976457037619e-08,0.004282378716153724,3.0470045147977567e-09,2.5917215658268387e-06,4.547205589397398e-12,0.006447081394375857,-0.09355291860562415,1
456.0,238.2786993831761,31.814712992885493,0.0072331126662606715,0.41686266826724744,500003000.0,4.999980128348117,1.2694868468080014e-05,5.416224912653424e-05,2.5405444202568667e-09,2.6728344472365423e-08,0.004284950762336292,3.0515205191826976e-09,2.572560978721657e-06,4.517653508663973e-12,0.006399418159038991,-0.09360058184096101,1
457.0,238.18509880133513,31.521516422721184,0.007244480968200844,0.4181368358751197,500003000.0,4.999981036917203,1.2697389191899613e-05,5.418877705733519e-05,2.5207238195998018e-09,2.6527930800943696e-08,0.004287503759792585,3.0560070503305525e-09,2.5535043520980685e-06,4.488173453661164e-12,0.006352013532068397,-0.09364798646793161,1
458.0,238.0914508148672,31.230616899691906,0.0072558886268199365,0.41941234995869,500003000.0,4.999981904373872,1.2699890220810564e-05,5.4215105581252286e-05,2.501028910950419e-09,2.6328523917096466e-08,0.004290037812186902,3.0604641823676205e-09,2.5345514986660536e-06,4.458766808198205e-12,0.0063048670475724065,-0.0936951329524276,1
459.0,237.99775568191475,30.942000787977154,0.0072673356589089905,0.420689205012297,500003000.0,4.999982732556362,1.2702371679945286e-05,5.4241235705365346e-05,2.4814591347216895e-09,2.6130124113057438e-08,0.004292553022993971,3.06489199073935e-09,2.5157022275618387e-06,4.429434934677186e-12,0.006257978230769355,-0.09374202176923065,1
460.0,237.90401366014552,30.65565448729714,0.0072788220817220865,0.4219673955019208,500003000.0,4.999983523221844,1.2704833693877792e-05,5.426716843697823e-05,2.462013932505378e-09,2.5932731612887317e-08,0.004295049495495394,3.0692905521908706e-09,2.496956344372808e-06,4.400179174137614e-12,0.006211346598049552,-0.09378865340195046,1
461.0,237.81022500674356,30.371564433301963,0.007290347912995583,0.4232469158651446,500003000.0,4.999984278049933,1.270727638662486e-05,5.4292904783551285e-05,2.4426927470678094e-09,2.5736346573052058e-08,0.004297527332776132,3.0736599447474923e-09,2.4783136511803246e-06,4.371000846303693e-12,0.006164971657081801,-0.09383502834291821,1
462.0,237.71638997840066,30.089717097956267,0.007301913170929089,0.42452776051122804,500003000.0,4.999984998646065,1.2709699881647193e-05,5.431844575263429e-05,2.423495022333124e-09,2.554096908300818e-08,0.0042999866377210075,3.0780002476951956e-09,2.459773946589501e-06,4.341901249635548e-12,0.006118852906887457,-0.09388114709311254,1
463.0,237.62250883130756,29.8100989899177,0.007313517874213589,0.4258099238211397,500003000.0,4.999985686544722,1.2712104301850576e-05,5.434379235180008e-05,2.4044202033828506e-09,2.5346599165789365e-08,0.0043024275130112725,3.082311541561096e-09,2.4413370257751687e-06,4.312881661383403e-12,0.006072989837954776,-0.09392701016204523,1
464.0,237.5285818211455,29.532696654911252,0.007325162042001102,0.4270934001475564,500003000.0,4.999986343212516,1.2714489769587012e-05,5.4368945588578675e-05,2.3854677364364645e-09,2.515323677859326e-08,0.00430485006112118,3.086593908093898e-09,2.423002680508195e-06,4.283943337644502e-12,0.006027381932304385,-0.09397261806769562,1
465.0,237.43460920307783,29.25749667609765,0.0073368456939244785,0.42837818381491116,500003000.0,4.999986970051146,1.271685640665586e-05,5.439390647039205e-05,2.3666370688491556e-09,2.4960881813373624e-08,0.0043072543843146235,3.090847430244353e-09,2.4047706991989222e-06,4.255087513423606e-12,0.005982028663597333,-0.09401797133640268,1
466.0,237.34059123174143,28.984485674436506,0.007348568850099087,0.42966426911940314,500003000.0,4.9999875684002255,1.2719204334304964e-05,5.441867600448948e-05,2.3479276491039076e-09,2.47695340974326e-08,0.004309640584641793,3.0950721921457096e-09,2.3866408669344797e-06,4.2263154026961616e-12,0.00593692949722791,-0.0940630705027721,1
467.0,237.24652816123864,28.71365030904479,0.0073603315311070025,0.4309516503290329,500003000.0,4.999988139539997,1.2721533673231763e-05,5.4443255197883496e-05,2.3293389267985154e-09,2.4579193394016037e-08,0.004312008763935879,3.099268279094177e-09,2.3686129655106114e-06,4.19762819847461e-12,0.005892083890402829,-0.09410791610959718,1
468.0,237.15242024512904,28.444977277549548,0.0073721337580115965,0.4322403216836168,500003000.0,4.999988684693916,1.2723844543584406e-05,5.446764505728641e-05,2.310870352642862e-09,2.4389859402910538e-08,0.0043143590238098025,3.1034357775293923e-09,2.3506867734735782e-06,4.169027072877561e-12,0.005847491292245443,-0.09415250870775456,1
469.0,237.05826773642127,28.17845331643544,0.007383975552356453,0.43353027739482936,500003000.0,4.999989205031136,1.2726137064962858e-05,5.449184658904745e-05,2.2925213784515165e-09,2.4201531761043175e-08,0.004316691465652997,3.107574775014918e-09,2.3328620661569755e-06,4.140513177201992e-12,0.005803151143887346,-0.09419684885611265,1
470.0,236.96407088756516,27.91406520138726,0.007395856936159312,0.4348215116462112,500003000.0,4.999989701668885,1.2728411356419994e-05,5.451586079909053e-05,2.2742914571352782e-09,2.4014210043081515e-08,0.00431900619062822,3.1116853602187426e-09,2.315138615717134e-06,4.1120876419980114e-12,0.00575906287855643,-0.09424093712144357,1
471.0,236.86982995044372,27.65179974762699,0.007407777931918752,0.4361140185931666,500003000.0,4.999990175674728,1.273066753646269e-05,5.4539688692852564e-05,2.2561800426971346e-09,2.382789376203544e-08,0.004321303299668397,3.115767622893823e-09,2.297516191172672e-06,4.083751577146416e-12,0.0057152259216752726,-0.09428477407832474,1
472.0,236.7755451763654,27.391643810245583,0.007419738562614799,0.4374077923630539,500003000.0,4.999990628068757,1.2732905723052918e-05,5.456333127522243e-05,2.2381865902266955e-09,2.3642582369863757e-08,0.004323582893473519,3.119821653858658e-09,2.2799945584421768e-06,4.05550607193955e-12,0.005671639690954875,-0.09432836030904514,1
473.0,236.68121681605635,27.13358428452977,0.007431738851702456,0.43870282705513647,500003000.0,4.999991059825658,1.2735126033608811e-05,5.4586789550480506e-05,2.220310555892929e-09,2.345827525807704e-08,0.004325845072507561,3.123847544977879e-09,2.2625734803798135e-06,4.027352195163907e-12,0.005628303596483238,-0.09437169640351677,1
474.0,236.58684511965282,26.877608106283393,0.007443778823117975,0.4399991167406244,500003000.0,4.999991471876709,1.2737328585005752e-05,5.461006452223885e-05,2.202551396941182e-09,2.3274971758345612e-08,0.004328089936995445,3.127845389142909e-09,2.245252716814972e-06,3.999290995186036e-12,0.00558521704082399,-0.09441478295917602,1
475.0,236.49243033669364,26.62370225214343,0.007455858501281007,0.4412966554627054,500003000.0,4.999991865111684,1.2739513493577441e-05,5.463315719338196e-05,2.1849085716892774e-09,2.30926711431081e-08,0.004330317586920047,3.131815280252642e-09,2.2280320245906554e-06,3.9713235000408866e-12,0.005542379419111878,-0.09445762058088812,1
476.0,236.39797271611275,26.371853739890888,0.007467977911093153,0.44259543723654915,500003000.0,4.999992240380679,1.2741680875116964e-05,5.4656068566008136e-05,2.1673815395229243e-09,2.2911372626180295e-08,0.004332528122019232,3.1357573131941862e-09,2.2109111576008314e-06,3.943450717522538e-12,0.005499790119145683,-0.09450020988085432,1
477.0,236.30347250623188,26.122049628756628,0.007480137077931663,0.4438954560493386,500003000.0,4.999992598495849,1.2743830844877853e-05,5.4678799641371504e-05,2.1499697608901567e-09,2.2731075363366127e-08,0.004334721641782932,3.139671583823653e-09,2.1938898668264845e-06,3.915673635277581e-12,0.0054574485214779036,-0.0945425514785221,1
478.0,236.20892995475336,25.874277019721525,0.007492336027664324,0.44519670586025906,500003000.0,4.999992940233088,1.2745963517575156e-05,5.470135141982457e-05,2.1326726973022554e-09,2.2551778453068237e-08,0.004336898245450269,3.143558188947005e-09,2.176967900377949e-06,3.887993220900682e-12,0.005415353999520061,-0.09458464600047994,1
479.0,236.1143453087529,25.628523055811765,0.007504574786638381,0.44649918060054566,500003000.0,4.999993266333612,1.2748079007386483e-05,5.472372490076147e-05,2.1154898113274817e-09,2.2373480936901203e-08,0.004339058032006697,3.1474172263009647e-09,2.160145003529602e-06,3.860410422032833e-12,0.005373505919628996,-0.09462649408037101,1
480.0,236.01971881467253,25.384774922388733,0.007516853381686533,0.44780287417347586,500003000.0,4.999993577505502,1.2750177427953074e-05,5.4745921082561776e-05,2.0984205665901205e-09,2.2196181800303966e-08,0.004341201100181206,3.151248794533991e-09,2.1434209187596483e-06,3.83292616646165e-12,0.005331903641205848,-0.09466809635879415,1
481.0,235.92505071831374,25.14301984743373,0.007529171840126749,0.44910778045438926,500003000.0,4.999993874425154,1.2752258892380842e-05,5.476794096253493e-05,2.0814644277680567e-09,2.201987997315369e-08,0.004343327548443545,3.1550529931873156e-09,2.1267953857881e-06,3.805541362224057e-12,0.005290546516790518,-0.09470945348320949,1
482.0,235.83034126483054,24.9032451018276,0.007541530189758615,0.45041389329069964,500003000.0,4.999994157738679,1.275432351324143e-05,5.478978553686531e-05,2.0646208605897537e-09,2.184457433038005e-08,0.004345437475001495,3.158829922676058e-09,2.110268141613838e-06,3.778256897711177e-12,0.005249433892153874,-0.09475056610784613,1
483.0,235.7355906987227,24.66543799962491,0.007553928458872003,0.45172120650191194,500003000.0,4.9999944280632445,1.2756371402573265e-05,5.4811455800557895e-05,2.047889331834961e-09,2.1670263692580294e-08,0.00434753097779818,3.16257968427042e-09,2.0938389205551605e-06,3.7510736417754354e-12,0.00520856510639861,-0.0947914348936014,1
484.0,235.64079926382908,24.429585898323065,0.007566366676243756,0.45302971387962243,500003000.0,4.999994685988351,1.2758402671882597e-05,5.4832952747384526e-05,2.0312693093323744e-09,2.1496946826633846e-08,0.004349608154509403,3.1663023800769443e-09,2.0775074542869275e-06,3.723992443839618e-12,0.005167939492051646,-0.09483206050794836,1
485.0,235.54596720332114,24.195676199126435,0.007578844871131797,0.45433940918751853,500003000.0,4.999994932077053,1.2760417432144553e-05,5.4854277369830846e-05,2.01476026195702e-09,2.132462244631755e-08,0.00435166910254104,3.1699981130198715e-09,2.061273471877092e-06,3.6970141340080665e-12,0.0051275563751550105,-0.094872443624845,1
486.0,235.4510947596963,23.963696347204806,0.007591363073292851,0.4556502861614402,500003000.0,4.999995166867135,1.2762415793804188e-05,5.487543065904377e-05,1.9983616596341985e-09,2.1153289212923017e-08,0.0043537139190264595,3.1736669868225688e-09,2.0451366998296636e-06,3.670139523180204e-12,0.005087415075372704,-0.0949125849246273,1
487.0,235.35618217477167,23.733633831947156,0.007603921312966943,0.4569623385093206,500003000.0,4.999995390872226,1.2764397866777524e-05,5.489641360477964e-05,1.982072973334841e-09,2.0982945735870003e-08,0.0043557427008239806,3.1773091059890562e-09,2.029096862118563e-06,3.64336940316531e-12,0.005047514906074922,-0.09495248509392508,1
488.0,235.26122968967775,23.505476187210157,0.007616519620881851,0.4582755599112328,500003000.0,4.999995604582873,1.27663637604526e-05,5.491722719535297e-05,1.9658936750765345e-09,2.0813590573323484e-08,0.004357755544514377,3.1809245757856214e-09,2.0131536802269834e-06,3.6167045467998575e-12,0.005007855174435964,-0.09499214482556403,1
489.0,235.16623754485218,23.279210991561335,0.007629158028261928,0.45958994401938263,500003000.0,4.99999580846756,1.2768313583690526e-05,5.493787241758578e-05,1.9498232379258655e-09,2.0645222232808913e-08,0.004359752546398413,3.184513502222522e-09,1.9973068731878035e-06,3.590145708066376e-12,0.004968435181534772,-0.09503156481846524,1
490.0,235.0712059800337,23.054825868517423,0.007641836566816969,0.4609054844581235,500003000.0,4.9999960029736945,1.2770247444826522e-05,5.49583502567576e-05,1.9338611359958837e-09,2.0477839171827844e-08,0.004361733802494423,3.188075992035795e-09,1.9815561576187054e-06,3.5636936222142433e-12,0.004929254222442277,-0.09507074577755772,1
491.0,234.97613523425616,22.832308486777347,0.007654555268752953,0.4622221748239442,500003000.0,4.999996188528537,1.2772165451670972e-05,5.4978661696556076e-05,1.9180068444494658e-09,2.0311439798472754e-08,0.004363699408535917,3.1916121526691627e-09,1.965901247763038e-06,3.5373490058821047e-12,0.004890311586323061,-0.09510968841367695,1
492.0,234.88102554584248,22.611646560450097,0.007667314166773175,0.463540008685493,500003000.0,4.999996365540101,1.2774067711510473e-05,5.499880771902812e-05,1.9022598395003896e-09,2.0146022472042314e-08,0.004365649459969248,3.1951220922560318e-09,1.950341855528043e-06,3.511112557222159e-12,0.004851606556530442,-0.09514839344346956,1
493.0,234.785877152399,22.392827849277968,0.0076801132940637834,0.4648589795835525,500003000.0,4.999996534398005,1.2775954331108884e-05,5.5018789304531776e-05,1.8866195984108563e-09,1.998158550365491e-08,0.004367584051951289,3.1986059196016116e-09,1.934877690519143e-06,3.484984956025847e-12,0.004813138410691765,-0.09518686158930824,1
494.0,234.6906902908097,22.175840158854204,0.007692952684312756,0.466179081031065,500003000.0,4.999996695474294,1.2777825416708382e-05,5.503860743168864e-05,1.871085599497573e-09,1.98181271568634e-08,0.004369503279347167,3.2020637441651238e-09,1.919508460082717e-06,3.458966863851459e-12,0.004774906420814811,-0.0952250935791852,1
495.0,234.5954651972305,21.96067134083569,0.007705832371709016,0.4675003065131402,500003000.0,4.999996849124223,1.2779681074030516e-05,5.5058263077336906e-05,1.855657322133007e-09,1.965564564826837e-08,0.00437140723672804,3.2054956760421438e-09,1.9042338693436398e-06,3.4330589241531348e-12,0.004736909853381185,-0.09526309014661882,1
496.0,234.50020210708388,21.747309293151,0.007718752390928661,0.46882264948700125,500003000.0,4.999996995686999,1.278152140827726e-05,5.507775721648504e-05,1.840334246743863e-09,1.949413914812891e-08,0.004373296018368887,3.2089018259470214e-09,1.8890536212396697e-06,3.4072617624110466e-12,0.004699147969431849,-0.09530085203056815,1
497.0,234.40490125505332,21.53574196020318,0.007731712777144782,0.47014610338205504,500003000.0,4.999997135486508,1.2783346524132076e-05,5.509709082226601e-05,1.8251158548155197e-09,1.9333605780976655e-08,0.004375169718246361,3.2122823051954506e-09,1.8739674165616825e-06,3.3815759862637458e-12,0.004661620024667215,-0.09533837997533279,1
498.0,234.30956287507797,21.325957333067162,0.007744713566043521,0.471470661599827,500003000.0,4.999997268831986,1.2785156525760974e-05,5.511626486589224e-05,1.8100016288979936e-09,1.9174043626224783e-08,0.00437702843003667,3.2156372256871292e-09,1.858974953995174e-06,3.3560021856411764e-12,0.004624325269550377,-0.09537567473044962,1
499.0,234.2141872003475,21.11794344968312,0.007757754793791014,0.47279631751399065,500003000.0,4.999997396018682,1.2786951516813574e-05,5.5135280316611015e-05,1.7949910526005725e-09,1.901545071877847e-08,0.004378872247113495,3.218966699888549e-09,1.8440759301498526e-06,3.330540932899462e-12,0.004587262949380732,-0.09541273705061927,1
500.0,234.1187744632969,20.911688395044035,0.007770836497065202,0.47412306447036795,500003000.0,4.999997517328482,1.2788731600424177e-05,5.515413814166066e-05,1.7800836106019419e-09,1.885782504964432e-08,0.004380701262545948,3.222270840815904e-09,1.8292700396048582e-06,3.305192782956994e-12,0.00455043230440646,-0.09544956769559354,1
501.0,234.0233248956013,20.70718030137865,0.007783958713045255,0.4754508957868984,500003000.0,4.9999976330305005,1.2790496879212826e-05,5.51728393062272e-05,1.7652787886504624e-09,1.8701164566537e-08,0.004382515569096564,3.225549762018119e-09,1.8145569749435796e-06,3.279958273431477e-12,0.004513832569911141,-0.09548616743008886,1
502.0,233.9278387281712,20.504407348329682,0.007797121479406909,0.4767798047536443,500003000.0,4.99999774338166,1.2792247455286392e-05,5.5191384773401685e-05,1.7505760735661349e-09,1.8545467174486158e-08,0.0043843152592193384,3.228803577559999e-09,1.799936426789936e-06,3.2548379247784435e-12,0.004477462976303998,-0.09552253702369601,1
503.0,233.8323161911475,20.303357763126883,0.007810324834333053,0.4781097846327789,500003000.0,4.999997848627231,1.2793983430239638e-05,5.5209775504138126e-05,1.7359749532461912e-09,1.839073073644157e-08,0.004386100425057794,3.232032402005518e-09,1.7854080838480937e-06,3.229832240430835e-12,0.00444132274921871,-0.0955586772507813,1
504.0,233.73675751389672,20.104019820755397,0.0078235688165088,0.4794408286585787,500003000.0,4.999997949001358,1.2795704905156305e-05,5.5228012457212e-05,1.721474916667315e-09,1.8236953073876964e-08,0.00438787115844309,3.2352363504012125e-09,1.770971632938451e-06,3.204941706939693e-12,0.00440541110960291,-0.0955945888903971,1
505.0,233.6411629250063,19.90638184411917,0.007836853465127077,0.48077293003743365,500003000.0,4.999998044727555,1.2797411980610196e-05,5.5246096589179396e-05,1.707075453890391e-09,1.808413196739299e-08,0.004389627550892166,3.238415538259728e-09,1.7566267590359428e-06,3.1801667941160227e-12,0.0043697272738134835,-0.09563027272618652,1
506.0,233.54553265228012,19.71043220419974,0.00785017881988185,0.4821060819477871,500003000.0,4.999998136019185,1.2799104756666258e-05,5.526402885433671e-05,1.6927760560627008e-09,1.7932265157316776e-08,0.004391369693605924,3.2415700815434722e-09,1.7423731453054487e-06,3.1555079551733222e-12,0.004334270453704644,-0.09566572954629536,1
507.0,233.44986692273383,19.516159320210118,0.007863544920973456,0.48344027754016555,500003000.0,4.999998223079915,1.2800783332881681e-05,5.5281810204681016e-05,1.678576215422943e-09,1.778135034430246e-08,0.004393097677467448,3.244700096648425e-09,1.7282104731398295e-06,3.1309656268715485e-12,0.004299039856722547,-0.09570096014327746,1
508.0,233.35416596259054,19.3235516597436,0.007876951809123154,0.48477550993716745,500003000.0,4.99999830610415,1.2802447808306989e-05,5.5299441589870946e-05,1.664475425308272e-09,1.763138518992888e-08,0.004394811593040261,3.247805700388055e-09,1.7141384221997696e-06,3.1065402296617754e-12,0.004264034686004414,-0.09573596531399559,1
509.0,233.25842999727655,19.132597738918687,0.007890399525538406,0.4861117722333975,500003000.0,4.9999983852774506,1.280409828148714e-05,5.531692395718824e-05,1.6504731801510499e-09,1.748236731729397e-08,0.004396511530566618,3.250887009977397e-09,1.700156670442768e-06,3.082232167831474e-12,0.004229254140450631,-0.09577074585954938,1
510.0,233.162659251417,18.943286122518238,0.007903888111958137,0.4874490574955103,500003000.0,4.999998460776931,1.2805734850462633e-05,5.533425825149985e-05,1.6365689754926877e-09,1.733429431161089e-08,0.004398197579965833,3.2539441430172433e-09,1.6862648941694421e-06,3.0580418296512265e-12,0.004194697414839951,-0.09580530258516005,1
511.0,233.06685394883186,18.755605424124777,0.007917417610618503,0.4887873587621629,500003000.0,4.999998532771642,1.2807357612770613e-05,5.535144541522065e-05,1.6227623079808038e-09,1.7187163720799024e-08,0.004399869830832649,3.2569772174784893e-09,1.6724627680523984e-06,3.033969587521679e-12,0.0041603636999013,-0.0958396363000987,1
512.0,232.97101431253176,18.56954430625063,0.007930988064275503,0.4901266690440106,500003000.0,4.999998601422922,1.2808966665445991e-05,5.5368486388276724e-05,1.6090526753784566e-09,1.7040973056074962e-08,0.004401528372435639,3.2599863516865995e-09,1.6587499651772615e-06,3.010015798121541e-12,0.004126252182415846,-0.09587374781758416,1
513.0,232.87514056471417,18.385091480463807,0.00794459951619014,0.491466981323656,500003000.0,4.999998666884764,1.2810562105022556e-05,5.5385382108069265e-05,1.5954395765657304e-09,1.6895719792539944e-08,0.0044031732937156445,3.262971664306237e-09,1.6451261570755685e-06,2.986180802556048e-12,0.0040923620452988215,-0.09590763795470118,1
514.0,232.77923292675948,18.20223570750897,0.007958252010142405,0.49280828855567615,500003000.0,4.999998729304131,1.2812144027534105e-05,5.5402133509439035e-05,1.5819225115473264e-09,1.6751401369767377e-08,0.004404804683284255,3.2659332743260057e-09,1.6315910137635798e-06,2.962464926506444e-12,0.00405869246769607,-0.09594130753230394,1
515.0,232.68329161922716,18.020965797423912,0.007971945590429045,0.49415058366657144,500003000.0,4.999998788821276,1.2813712528515562e-05,5.541874152463142e-05,1.5685009814569349e-09,1.6608015192386197e-08,0.004406422629422312,3.268871301043353e-09,1.618144203777519e-06,2.938868480379714e-12,0.004025242625071713,-0.09597475737492829,1
516.0,232.58731686185223,17.841270609651716,0.00798568030185461,0.4954938595547347,500003000.0,4.999998845570052,1.2815267703004123e-05,5.5435207083262085e-05,1.5551744885604353e-09,1.6465558630662548e-08,0.004408027220078461,3.2717858640496125e-09,1.6047853942073344e-06,2.9153917594589997e-12,0.003992011689292123,-0.09600798831070788,1
517.0,232.49130887354153,17.663139053148026,0.007999456189748632,0.4968381090904568,500003000.0,4.999998899678195,1.2816809645540388e-05,5.545153111228316e-05,1.5419425362643443e-09,1.6324029021080364e-08,0.004409618542867736,3.2746770832151815e-09,1.5915142507356201e-06,2.8920350440547337e-12,0.003958998828722752,-0.09604100117127726,1
518.0,232.39526787237025,17.486560086484104,0.008013273299954696,0.4981833251158859,500003000.0,4.9999989512676,1.2818338450169507e-05,5.546771453595008e-05,1.5288046291188031e-09,1.618342366691819e-08,0.004411196685070171,3.2775450786748526e-09,1.578330437670637e-06,2.8687985996560214e-12,0.003926203208310272,-0.09607379679168973,1
519.0,232.29919407557855,17.311522717945277,0.008027131678838614,0.4995295004450055,500003000.0,4.999999000454588,1.281985421044233e-05,5.5483758275788904e-05,1.5157602728243982e-09,1.6043739838824335e-08,0.004412761733629464,3.2803899708132783e-09,1.565233617983042e-06,2.845682677082592e-12,0.0038936239896739423,-0.09610637601032607,1
520.0,232.20308769956821,17.138016005625133,0.008041031373280412,0.5008766278635709,500003000.0,4.999999047350158,1.2821357019416566e-05,5.549966325056429e-05,1.5028089742359688e-09,1.5904974775388592e-08,0.004414313775151654,3.283211880250597e-09,1.552223453339241e-06,2.822687512636986e-12,0.00386126033118857,-0.09613873966881144,1
521.0,232.1069489598994,16.966029057515204,0.008054972430682287,0.5022247001291456,500003000.0,4.999999092060226,1.2822846969657935e-05,5.5515430376248006e-05,1.4899502413695334e-09,1.5767125683713846e-08,0.004415852895903858,3.286010927828186e-09,1.5392996041377115e-06,2.799813328257536e-12,0.0038291113880748765,-0.09617088861192513,1
522.0,232.01077807128746,16.79555103159008,0.008068954898977694,0.5035737099710633,500003000.0,4.999999134685858,1.2824324153241344e-05,5.553106056598799e-05,1.4771835834094159e-09,1.5630189739983338e-08,0.004417379181813016,3.288787234594581e-09,1.5264617295452816e-06,2.7770603316713636e-12,0.0037971763124897352,-0.09620282368751026,1
523.0,231.91457524759994,16.626571135888724,0.008082978826608106,0.5049236500903153,500003000.0,4.999999175323484,1.2825788661752053e-05,5.5546554730078014e-05,1.4645085107095097e-09,1.549416409002367e-08,0.004418892718464694,3.2915409217915243e-09,1.5137094875270917e-06,2.754428716547368e-12,0.0037654542536007083,-0.0962345457463993,1
524.0,231.81834070185354,16.4590786285909,0.008097044262551704,0.5062745131596184,500003000.0,4.999999214065117,1.2827240586286857e-05,5.556191377592788e-05,1.451924534804174e-09,1.5359045849869508e-08,0.004420393591101914,3.294272110840176e-09,1.5010425348862644e-06,2.731918662650261e-12,0.0037339443576847268,-0.09626605564231527,1
525.0,231.72207464621124,16.293062818089712,0.008111151256305578,0.5076262918233264,500003000.0,4.999999250998548,1.2828680017455269e-05,5.55771386080342e-05,1.4394311684106313e-09,1.5224832106321665e-08,0.004421881884624003,3.296980923327466e-09,1.4884605272945403e-06,2.7095303359941103e-12,0.0037026457682043015,-0.09629735423179571,1
526.0,231.62577729197943,16.128513063059646,0.008125299857900736,0.5089789786974315,500003000.0,4.999999286207537,1.2830107045380707e-05,5.559223012795171e-05,1.427027925437392e-09,1.5091519917504764e-08,0.004423357683585506,3.299667480992593e-09,1.475963119328893e-06,2.6872638889964923e-12,0.003671557625898601,-0.0963284423741014,1
527.0,231.52944884960533,15.965418772520877,0.008139490117877993,0.5103325663694819,500003000.0,4.999999319771999,1.2831521759701692e-05,5.560718923426513e-05,1.414714320985798e-09,1.4959106313420116e-08,0.004424821072195099,3.302331905713677e-09,1.4635499645007816e-06,2.6651194606324353e-12,0.003640679068856224,-0.09635932093114379,1
528.0,231.43308952867417,15.80376940589861,0.008153722087330615,0.5116870473985795,500003000.0,4.999999351768177,1.2832924249573055e-05,5.562201682256163e-05,1.4024898713633252e-09,1.4827588296497816e-08,0.00442627213431457,3.304974319494561e-09,1.4512207152973209e-06,2.64309717658885e-12,0.0036100092326176126,-0.09638999076738239,1
529.0,231.33669953790678,15.643554473079163,0.00816799581785934,0.5130424143153597,500003000.0,4.99999938226881,1.2834314603667136e-05,5.5636713785403776e-05,1.3903540940816058e-09,1.4696962842144888e-08,0.004427710953457807,3.3075948444517572e-09,1.4389750232063955e-06,2.6211971494188428e-12,0.0035795472502375227,-0.09642045274976248,1
530.0,231.24027908515703,15.484763534461255,0.008182311361609775,0.5143986596218965,500003000.0,4.999999411343293,1.2835692910175004e-05,5.565128101230307e-05,1.3783065078688346e-09,1.4567226899289768e-08,0.004429137612789827,3.310193602801552e-09,1.4268125387564186e-06,2.5994194786959564e-12,0.0035492922523839296,-0.09645070774761608,1
531.0,231.14382837740942,15.327386201003588,0.008196668771254113,0.515755775791718,500003000.0,4.999999439057825,1.2837059256807676e-05,5.566571938969399e-05,1.366346632672545e-09,1.4438377390925401e-08,0.004430552195125844,3.3127707168472493e-09,1.414732911545875e-06,2.5777642511686945e-12,0.003519243367411518,-0.09648075663258848,1
532.0,231.04734762077683,15.171412134268225,0.008211068100000874,0.5171137552697307,500003000.0,4.999999465475561,1.2838413730797343e-05,5.568002980090864e-05,1.3544739896672434e-09,1.431041121464784e-08,0.004431954782930368,3.3153263089665796e-09,1.4027357902776584e-06,2.5562315409147724e-12,0.0034893997214470976,-0.0965106002785529,1
533.0,230.95083702049828,15.0168310464602,0.008225509401583718,0.5184725904722008,500003000.0,4.999999490656746,1.28397564188986e-05,5.569421312615183e-05,1.342688101258577e-09,1.418332524319274e-08,0.004433345458316327,3.31786050159924e-09,1.3908208227895734e-06,2.5348214094954808e-12,0.0034597604384654806,-0.09654023956153453,1
534.0,230.85429678093675,14.863632700462805,0.008239992730281384,0.5198322737866978,500003000.0,4.999999514658851,1.2841087407389694e-05,5.5708270242476796e-05,1.330988491092652e-09,1.4057116324968207e-08,0.004434724303044235,3.320373417234604e-09,1.3789876560899339e-06,2.5135339061098726e-12,0.0034303246403780342,-0.09656967535962196,1
535.0,230.75772710557712,14.711806909869232,0.008254518140902797,0.5211927975720386,500003000.0,4.999999537536696,1.2842406782073754e-05,5.572220202376138e-05,1.31937468405963e-09,1.3931781284584235e-08,0.004436091398521381,3.3228651783995674e-09,1.3672359363870002e-06,2.4923690677487785e-12,0.003401091447105909,-0.0965989085528941,1
536.0,230.66112819702423,14.561343539010245,0.008269085688792643,0.5225541541582753,500003000.0,4.999999559342575,1.2843714628280055e-05,5.5736009340684764e-05,1.3078462063007404e-09,1.3807316923379975e-08,0.004437446825801061,3.325335907646555e-09,1.3555653091217146e-06,2.4713269193488672e-12,0.003372059976661469,-0.09662794002333853,1
537.0,230.5645002570009,14.41223250297784,0.008283695429840301,0.5239163358466185,500003000.0,4.999999580126366,1.284501103086527e-05,5.574969306070471e-05,1.2964025852157624e-09,1.3683720019946521e-08,0.004438790665581829,3.3277857275416667e-09,1.3439754190006897e-06,2.4504074739462927e-12,0.003343229345230354,-0.09665677065476966,1
538.0,230.46784348634614,14.26446376764526,0.008298347420470824,0.5252793349094117,500003000.0,4.999999599935649,1.2846296074214738e-05,5.5763254048035356e-05,1.2850433494676822e-09,1.3560987330647269e-08,0.004440122998206794,3.3302147606529866e-09,1.3324659100260358e-06,2.4296107328302934e-12,0.003314598667245678,-0.09668540133275433,1
539.0,230.37115808501338,14.118027349683144,0.008313041717650078,0.5266431435900568,500003000.0,4.999999618815803,1.2847569842243727e-05,5.577669316362549e-05,1.273768028989612e-09,1.3439115590134198e-08,0.0044414439036629325,3.332623129539033e-09,1.3210364255272999e-06,2.408936685696409e-12,0.0032861670554674796,-0.09671383294453252,1
540.0,230.27444425206883,13.972913316571994,0.008327778378881273,0.5280077541029824,500003000.0,4.999999636810113,1.2848832418398718e-05,5.5790011265137355e-05,1.262576154990377e-09,1.3318101511861553e-08,0.004442753461580449,3.335010956737364e-09,1.3096866081917872e-06,2.3883853107995624e-12,0.003257933621058148,-0.09674206637894185,1
541.0,230.1777021856899,13.829111786610746,0.008342557462216502,0.5293731586335951,500003000.0,4.999999653959862,1.285008388565868e-05,5.5803209206925954e-05,1.251467259962377e-09,1.3197941788595879e-08,0.004444051751232151,3.3373783647533264e-09,1.2984161000970205e-06,2.367956575106809e-12,0.0032298974736631693,-0.09677010252633683,1
542.0,230.08093208316356,13.686612928921798,0.008357379026249423,0.5307393493382302,500003000.0,4.999999670304426,1.2851324326536367e-05,5.581628784001888e-05,1.24044087768656e-09,1.3078633092922474e-08,0.004445338851532865,3.339725476048964e-09,1.2872245427399663e-06,2.347650434449716e-12,0.003202057721483828,-0.09679794227851618,1
543.0,229.98413414088503,13.545406963452306,0.008372243130121653,0.5321063183440653,500003000.0,4.999999685881358,1.2852553823079607e-05,5.582924801209663e-05,1.229496543239472e-09,1.296017207774793e-08,0.004446614841038884,3.3420524130320655e-09,1.2761115770681914e-06,2.3274668336763255e-12,0.0031744134713547114,-0.0968255865286453,1
544.0,229.8873085543564,13.40548416097212,0.008387149833507416,0.533474057749098,500003000.0,4.9999997007264705,1.2853772456872605e-05,5.584209056747343e-05,1.2186337929971091e-09,1.2842555376800183e-08,0.004447879797947433,3.3443592980453693e-09,1.2650768435074728e-06,2.3074057068029027e-12,0.003146963828812393,-0.09685303617118761,1
545.0,229.7904555181852,13.266834843067588,0.008402099196650172,0.5348425596221094,500003000.0,4.999999714873924,1.285498030903725e-05,5.585481634707855e-05,1.207852164646338e-09,1.2725779605125034e-08,0.00444913380009618,3.346646253355916e-09,1.2541199819970386e-06,2.287466977165295e-12,0.0031197078981830945,-0.09688029210181691,1
546.0,229.6935752260834,13.129449382132453,0.008417091280323462,0.536211816002542,500003000.0,4.999999728356293,1.2856177460234435e-05,5.586742618843813e-05,1.1971511971852383e-09,1.2609841359577223e-08,0.00445037692496277,3.3489134011445463e-09,1.243240632013084e-06,2.2676505575695026e-12,0.003092644782641184,-0.09690735521735883,1
547.0,229.59666787086604,12.993318201354878,0.008432126145855616,0.5375818189004961,500003000.0,4.999999741204641,1.2857363990665368e-05,5.587992092565744e-05,1.1865304309327556e-09,1.249473721931048e-08,0.004451609249664384,3.3511608634955395e-09,1.2324384326017313e-06,2.2479563504422617e-12,0.0030657735842911696,-0.09693422641570884,1
548.0,229.49973364445034,12.85843177470103,0.00844720385512886,0.5389525602966545,500003000.0,4.999999753448591,1.2858539980072903e-05,5.58923013894037e-05,1.1759894075345574e-09,1.2380463746262454e-08,0.0044528308509573285,3.353388762386427e-09,1.2217130224078253e-06,2.2283842479808827e-12,0.0030390934042393253,-0.09696090659576068,1
549.0,229.40277273785458,12.724780626895324,0.008462324470575353,0.5403240321422165,500003000.0,4.999999765116401,1.2859705507742872e-05,5.590456840688934e-05,1.1655276699684614e-09,1.22670174856362e-08,0.004454041805236664,3.3555972196779247e-09,1.2110640397030647e-06,2.208934132302609e-12,0.0030126033426636743,-0.09698739665733633,1
550.0,229.30578534119724,12.59235533339735,0.008477488055172844,0.5416962263588516,500003000.0,4.999999776235004,1.2860860652505422e-05,5.591672280185572e-05,1.155144762549839e-09,1.2154394966378443e-08,0.00445524218853585,3.35778635710402e-09,1.2004911224138855e-06,2.189605875593529e-12,0.0029863024988833484,-0.09701369750111666,1
551.0,229.2087716436961,12.461146520375134,0.008492694672466118,0.543069134838632,500003000.0,4.999999786830093,1.2862005492736362e-05,5.5928765394557376e-05,1.1448402309404896e-09,1.2042592701653847e-08,0.004456432076526424,3.359956296262219e-09,1.18999390815274e-06,2.1703993402568926e-12,0.002960189971436398,-0.09703981002856361,1
552.0,229.11173183366753,12.331144864675457,0.00850794438654374,0.544442749443934,500003000.0,4.999999796926166,1.2863140106358514e-05,5.5940697001746693e-05,1.1346136221513668e-09,1.1931607189314947e-08,0.004457611544517709,3.362107158603919e-09,1.1795720342427612e-06,2.1513143790607336e-12,0.0029342648581411478,-0.09706573514185886,1
553.0,229.01466609852568,12.202341093790674,0.008523237262052893,0.5458170620074361,500003000.0,4.99999980654658,1.2864264570843064e-05,5.595251843665906e-05,1.124464484550499e-09,1.182143491237005e-08,0.004458780667456544,3.364239065424945e-09,1.1692251377476163e-06,2.132350835285207e-12,0.0029085262561704553,-0.09709147374382955,1
554.0,228.91757462478185,12.074725985822223,0.008538573364206136,0.547192064332013,500003000.0,4.9999998157136085,1.2865378963210933e-05,5.596423050899851e-05,1.1143923678696846e-09,1.1712072339445725e-08,0.004459939519927055,3.3663521378562168e-09,1.1589528554998712e-06,2.1135085428690192e-12,0.0028829732621222766,-0.09711702673787773,1
555.0,228.82045759804396,11.948290369441207,0.008553952758762924,0.5485677481906804,500003000.0,4.999999824448488,1.286648336003414e-05,5.5975834024923755e-05,1.104396823207869e-09,1.16035159252462e-08,0.004461088176150433,3.3684464968545725e-09,1.148754824125693e-06,2.0947873265553393e-12,0.0028576049720811106,-0.0971423950279189,1
556.0,228.72331520301603,11.823025123845545,0.008569375512048004,0.5499441053264902,500003000.0,4.99999983277147,1.286757783743718e-05,5.598732978703476e-05,1.0944774030393357e-09,1.1495762111008541e-08,0.004462226709984757,3.3705222631937268e-09,1.138630680074342e-06,2.0761870020369837e-12,0.002832420481691362,-0.09716757951830865,1
557.0,228.62614762349773,11.698921178714123,0.008584841690944462,0.5513211274525339,500003000.0,4.999999840701862,1.2868662471098397e-05,5.599871859435972e-05,1.0846336612185117e-09,1.1388807324955333e-08,0.004463355194924839,3.3725795574553774e-09,1.1285800596439414e-06,2.0577073761011614e-12,0.00280741888622145,-0.09719258111377856,1
558.0,228.52895504238396,11.575969514157714,0.008600351362904048,0.5526988062518297,500003000.0,4.999999848258071,1.2869737336251385e-05,5.601000124234246e-05,1.074865152986943e-09,1.1282647982741991e-08,0.004464473704102091,3.3746185000204496e-09,1.1186025990092854e-06,2.039348246773249e-12,0.0027825992806329797,-0.09721740071936702,1
559.0,228.4317376416646,11.45416116066709,0.00861590459593064,0.5540771333772261,500003000.0,4.99999985545765,1.2870802507686362e-05,5.602117852283036e-05,1.0651714349768483e-09,1.1177280487900457e-08,0.004465582310284422,3.3766392110604944e-09,1.108697934245888e-06,2.0211094034598987e-12,0.002757960759640566,-0.09724203924035944,1
560.0,228.33449560242423,11.33348719905779,0.008631501458604357,0.5554561004513864,500003000.0,4.999999862317333,1.2871858059751582e-05,5.603225122406264e-05,1.0555520652197088e-09,1.1072701232280255e-08,0.00446668108587616,3.378641810529207e-09,1.0988657013590593e-06,2.0029906270916313e-12,0.002733502417784165,-0.09726649758221584,1
561.0,228.23722910484202,11.213938760412313,0.008647142020053443,0.5568356990666632,500003000.0,4.999999868853074,1.287290406635473e-05,5.604322013065912e-05,1.0460066031483362e-09,1.0968906596484066e-08,0.004467770102918003,3.3806264181541125e-09,1.0891055363059924e-06,1.984991690264399e-12,0.002709223349484011,-0.097290776650516,1
562.0,228.1399383281915,11.09550702601884,0.008662826349993583,0.558215920785066,500003000.0,4.999999875080081,1.2873940600964338e-05,5.605408602360942e-05,1.0365346096071467e-09,1.0865892950300856e-08,0.0044688494330869955,3.3825931534283627e-09,1.0794170750261907e-06,1.9671123573806412e-12,0.002685122649116316,-0.09731487735088369,1
563.0,228.0426234508406,10.978183227307529,0.008678554518694169,0.5595967571381559,500003000.0,4.999999881012856,1.2874967736611192e-05,5.6064849680262554e-05,1.0271356468534634e-09,1.0763656653133881e-08,0.00446991914769652,3.3845421356027017e-09,1.0697999534623447e-06,1.9493523847893446e-12,0.0026611994110651944,-0.0973388005889348,1
564.0,227.94528465025166,10.861958645783753,0.00869432659699246,0.5609781996269805,500003000.0,4.999999886665225,1.2875985545889757e-05,5.607551187431698e-05,1.0178092785646387e-09,1.06621940544256e-08,0.00447097931769633,3.3864734836775437e-09,1.0602538075870759e-06,1.9317115209254494e-12,0.002637452729789194,-0.0973625472702108,1
565.0,227.84792210298144,10.74682461295838,0.008710142656304926,0.562360239721985,500003000.0,4.999999892050364,1.2876994100959601e-05,5.608607337581106e-05,1.0085550698446683e-09,1.0561501494078322e-08,0.004472030013672595,3.3883873163952046e-09,1.0507782734289462e-06,1.9141895064483903e-12,0.002613881699885997,-0.09738611830011401,1
566.0,227.75053598468133,10.632772510275487,0.008726002768609934,0.5637428688629592,500003000.0,4.999999897180841,1.2877993473546829e-05,5.609653495111393e-05,9.993725872274066e-10,1.046157530287119e-08,0.004473071305847979,3.3902837522322668e-09,1.0413729870947305e-06,1.8967860743798542e-12,0.002590485416147822,-0.09740951458385218,1
567.0,227.65312647009748,10.51979376903711,0.008741907006465767,0.5651260784589376,500003000.0,4.999999902068627,1.2878983734945513e-05,5.6106897362916804e-05,9.902613986838447e-10,1.0362411802872917e-08,0.004474103264081732,3.392162909392075e-09,1.032037584795725e-06,1.879500950240646e-12,0.002567262973626871,-0.09743273702637313,1
568.0,227.5556937330711,10.407879870325448,0.008757855442997318,0.5665098598881048,500003000.0,4.999999906725142,1.2879964956019139e-05,5.6117161370224656e-05,9.812210736257023e-10,1.0264007307850461e-08,0.00447512595786982,3.394024905797376e-09,1.022771702870016e-06,1.8623338521866835e-12,0.0025442134676907234,-0.09745578653230928,1
569.0,227.4582379465388,10.297022344922226,0.008773848151910176,0.5678942044977593,500003000.0,4.99999991116127,1.288093720720205e-05,5.612732772834833e-05,9.72251182912083e-10,1.0166358123674612e-08,0.004476139456345066,3.395869859083085e-09,1.0135749778077485e-06,1.8452844911442752e-12,0.0025213359940851935,-0.09747866400591482,1
570.0,227.36075928253288,10.1872127732256,0.008789885207475569,0.5692791036041656,500003000.0,4.999999915387384,1.2881900558500902e-05,5.613739718889705e-05,9.633512988527902e-10,1.0069460548720177e-08,0.0044771438282773255,3.3976978865891893e-09,1.0044470462727214e-06,1.828352570944266e-12,0.002498629648988049,-0.09750137035101196,1
571.0,227.26325791218187,10.078442785164155,0.008805966684556514,0.5706645484925394,500003000.0,4.999999919413375,1.288285507949612e-05,5.6147370499771314e-05,9.545209952161317e-10,9.973310874263932e-09,0.004478139142073675,3.399509105353788e-09,9.953875451284666e-07,1.8115377884555938e-12,0.0024760935290738897,-0.09752390647092611,1
572.0,227.16573400571093,9.97070406010866,0.008822092658581774,0.5720505304169079,500003000.0,4.999999923248668,1.288380083934335e-05,5.615724840515619e-05,9.45759847230905e-10,9.877905384876889e-09,0.004479125465778626,3.401303632106254e-09,9.86396111458074e-07,1.7948398337176457e-12,0.0024537267315634563,-0.09754627326843655,1
573.0,227.06818773244248,9.863988326781111,0.008838263205561104,0.5734370406000477,500003000.0,4.999999926902249,1.2884737906774943e-05,5.6167031645515004e-05,9.37067431592874e-10,9.783240358813838e-09,0.004480102867074373,3.403081583260537e-09,9.774723825885076e-07,1.7782583900719136e-12,0.0024315283542841255,-0.09756847164571587,1
574.0,226.97061926079675,9.758287363161235,0.008854478402089389,0.5748240702333848,500003000.0,4.999999930382682,1.2885666350101414e-05,5.61767209575834e-05,9.284433264699016e-10,9.68931206839828e-09,0.004481071413281045,3.404843074908588e-09,9.686159961133308e-07,1.7617931342926113e-12,0.0024094974957264374,-0.09759050250427356,1
575.0,226.8730287582925,9.653592996390676,0.00887073832533626,0.5762116104769409,500003000.0,4.999999933698129,1.288658623721292e-05,5.61863170743638e-05,9.1988711150549e-10,9.596116780403899e-09,0.004482031171356996,3.4065882228139244e-09,9.59826589913589e-07,1.7454437367164536e-12,0.002387633255096042,-0.09761236674490396,1
576.0,226.7754163915476,9.549897102674525,0.008887043053066552,0.5775996524591863,500003000.0,4.999999936856373,1.2887497635580745e-05,5.619582072512023e-05,9.113983678254779e-10,9.503650756431181e-09,0.004482982207899106,3.408317142405314e-09,9.511038021817926e-07,1.729209861371323e-12,0.0023659347323733617,-0.09763406526762665,1
577.0,226.67778232627998,9.447191607180809,0.008903392663610453,0.5789881872770001,500003000.0,4.999999939864827,1.2888400612258784e-05,5.620523263537351e-05,9.029766780394466e-10,9.411910253280966e-09,0.00448392458914311,3.4100299487705818e-09,9.424472714402014e-07,1.7130911661041497e-12,0.0023444010283590728,-0.09765559897164093,1
578.0,226.58012672730834,9.345468483937209,0.00891978723590275,0.5803772059955645,500003000.0,4.999999942730563,1.2889295233885033e-05,5.621455352689683e-05,8.946216262491653e-10,9.320891523323707e-09,0.004484858380963951,3.4117267566505606e-09,9.338566365662683e-07,1.6970873027077665e-12,0.0023230312447373993,-0.0976769687552626,1
579.0,226.4824497585531,9.244719755725855,0.008936226849446772,0.5817666996482461,500003000.0,4.999999945460314,1.2890181566683082e-05,5.622378411771169e-05,8.863327980492541e-10,9.2305908148642e-09,0.004485783648876142,3.4134076804331503e-09,9.253315368097799e-07,1.681197917046686e-12,0.002301824484118753,-0.09769817551588125,1
580.0,226.3847515830372,9.144937493975526,0.008952711584345751,0.58315665923653,500003000.0,4.999999948060502,1.2891059676463618e-05,5.62329251220842e-05,8.78109780534613e-10,9.14100437250326e-09,0.004486700458034161,3.41507283414751e-09,9.168716118168793e-07,1.6654226491820707e-12,0.0022807798500994888,-0.09771922014990052,1
581.0,226.2870323628873,9.0461138186518,0.008969241521284272,0.5845470757299364,500003000.0,4.999999950537247,1.289192962862592e-05,5.6241977250521695e-05,8.699521623027398e-10,9.052128437494964e-09,0.00448760887323286,3.416722331458373e-09,9.084765016485731e-07,1.6497611334956155e-12,0.0022598964473079454,-0.09774010355269205,1
582.0,226.1892922593346,8.948240898144892,0.00898581674154047,0.5859379400658846,500003000.0,4.999999952896379,1.289279148815938e-05,5.6250941209769796e-05,8.618595334590374e-10,8.963959248099583e-09,0.0044885089589079,3.4183562856604765e-09,9.001458468021842e-07,1.6342129988123785e-12,0.00223917338145781,-0.0977608266185422,1
583.0,226.09153143271604,8.85131094915533,0.009002437326984468,0.5873292431496384,500003000.0,4.9999999551434575,1.2893645319645e-05,5.625981770280973e-05,8.538314856206654e-10,8.876493039933234e-09,0.004489400779136199,3.4199748096731307e-09,8.91879288231105e-07,1.6187778685227284e-12,0.002218609759397256,-0.09778139024060276,1
584.0,225.99375004247543,8.755316236577587,0.009019103360071423,0.5887209758541666,500003000.0,4.999999957283777,1.289449118725692e-05,5.6268607428856045e-05,8.45867611919827e-10,8.789726046312808e-09,0.004490284397636408,3.4215780160348857e-09,8.836764673637887e-07,1.6034553607031344e-12,0.002198204689156183,-0.09780179531084382,1
585.0,225.89594824716457,8.660249073381426,0.009035814923860106,0.5901131290200998,500003000.0,4.9999999593223885,1.2895329154763929e-05,5.627731108335464e-05,8.379675070093779e-10,8.703654498597901e-09,0.004491159877769399,3.4231660168983415e-09,8.755370261249904e-07,1.5882450882361193e-12,0.0021779572799990607,-0.09782204272000095,1
586.0,225.79812620444457,8.566101820491397,0.009052572101992262,0.5915056934555615,500003000.0,4.999999961264099,1.2896159285530993e-05,5.628592935798117e-05,8.301307670646617e-10,8.61827462652746e-09,0.004492027282538774,3.4247389240250477e-09,8.674606069528928e-07,1.5731466589289338e-12,0.002157866642467526,-0.09784213335753247,1
587.0,225.70028407108703,8.472866886664036,0.009069374978720452,0.5928986599361405,500003000.0,4.999999963113494,1.2896981642520783e-05,5.629446294063973e-05,8.223569897897711e-10,8.533582658554014e-09,0.0044928866745914,3.4262968487805574e-09,8.594468528206881e-07,1.5581596756314895e-12,0.0021379318884340707,-0.09786206811156593,1
588.0,225.60242200297546,8.380536728363396,0.009086223638875164,0.594292019204719,500003000.0,4.9999999648749425,1.28977962882952e-05,5.63029125154619e-05,8.146457744181401e-10,8.449574822172353e-09,0.00449373811621795,3.4278399021295616e-09,8.514954072520624e-07,1.5432837363529457e-12,0.002118152131140562,-0.09788184786885945,1
589.0,225.5045401551066,8.289103849634255,0.009103118167902817,0.5956857619714387,500003000.0,4.999999966552608,1.2898603285016919e-05,5.631127876280614e-05,8.069967217195166e-10,8.366247344245897e-09,0.004494581669353477,3.429368194631166e-09,8.436059143431817e-07,1.5285184343775642e-12,0.0020985264852529323,-0.09790147351474707,1
590.0,225.40663868159186,8.19856080197368,0.009120058651838714,0.5970798789135411,500003000.0,4.999999968150455,1.289940269445092e-05,5.631956235925747e-05,7.994094340009394e-10,8.283596451327616e-09,0.004495417395577994,3.4308818364342634e-09,8.357780187782451e-07,1.5138633583792252e-12,0.002079054066899871,-0.09792094593310013,1
591.0,225.30871773565875,8.10890018420053,0.009137045177323408,0.5984743606753027,500003000.0,4.999999969672265,1.290019457796603e-05,5.632776397762745e-05,7.918835151115556e-10,8.201618369978172e-09,0.004496245356117079,3.4323809372730326e-09,8.280113658488825e-07,1.4993180925351088e-12,0.0020597339937210757,-0.09794026600627893,1
592.0,225.21077746965247,8.020114642323234,0.009154077831590569,0.5998691978678887,500003000.0,4.999999971121642,1.2900978996536475e-05,5.633588428695453e-05,7.844185704448199e-10,8.120309327079265e-09,0.0044970656118424965,3.4338656064625455e-09,8.203056014706558e-07,1.4848822166381527e-12,0.0020405653849083,-0.09795943461509171,1
593.0,225.11281803503738,7.93219686940552,0.009171156702491981,0.601264381069315,500003000.0,4.999999972502014,1.2901756010743419e-05,5.6343923952504674e-05,7.770142069438179e-10,8.039665550144176e-09,0.004497878223272836,3.4353359528944785e-09,8.126603722026586e-07,1.4705553062086495e-12,0.0020215473612541133,-0.0979784526387459,1
594.0,225.01483958239862,7.8451396054306075,0.009188281878471339,0.6026599008242526,500003000.0,4.999999973816655,1.2902525680776521e-05,5.63518836357723e-05,7.69670033102088e-10,7.959683267622812e-09,0.0044986832505741646,3.436792085032948e-09,8.050753252622492e-07,1.456336932604491e-12,0.0020026790451885476,-0.09799732095481145,1
595.0,224.9168422614438,7.75893563716348,0.00920545344858153,0.6040557476439878,500003000.0,4.99999997506868,1.2903288066435489e-05,5.63597639944815e-05,7.623856589681061e-10,7.880358709204484e-09,0.0044994807535607044,3.438234110910442e-09,7.97550108543453e-07,1.4422266631306342e-12,0.0019839595608248713,-0.09801604043917514,1
596.0,224.81882622100463,7.673577798011491,0.009222671502480765,0.6054519120062939,500003000.0,4.999999976261057,1.2904043227131637e-05,5.6367565682587616e-05,7.551606961478582e-10,7.801688106115868e-09,0.004500270791695517,3.439662138123867e-09,7.900843706332056e-07,1.4282240611473297e-12,0.0019653880340000035,-0.098034611966,1
597.0,224.72079160903863,7.589058967883224,0.00923993613043865,0.6068483843553107,500003000.0,4.999999977396618,1.2904791221889445e-05,5.637528935027903e-05,7.479947578081523e-10,7.723667691415286e-09,0.004501053424091213,3.4410762738307036e-09,7.826777608282114e-07,1.414328686177308e-12,0.001946963592316443,-0.09805303640768356,1
598.0,224.62273857263094,7.505372073045732,0.009257247423333682,0.6082451551014437,500003000.0,4.999999978478057,1.2905532109348124e-05,5.638293564397931e-05,7.408874586791308e-10,7.646293700283192e-09,0.004501828709510675,3.4424766247452594e-09,7.753299291508069e-07,1.4005400940118958e-12,0.0019286853651817348,-0.09807131463481827,1
599.0,224.52466725799613,7.422510085980226,0.009274605472645107,0.6096422146212463,500003000.0,4.999999979507942,1.290626594776318e-05,5.639050520634962e-05,7.33838415056271e-10,7.56956237030878e-09,0.004502596706367789,3.443863297135036e-09,7.680405263641372e-07,1.386857836816058e-12,0.0019105524838462216,-0.09808944751615378,1
600.0,224.42657781047998,7.340466025235941,0.009292010370481343,0.6110395532573301,500003000.0,4.999999980488722,1.2906992795007985e-05,5.639799867629139e-05,7.268472448051911e-10,7.493469941773027e-09,0.004503357472728205,3.4452363968171927e-09,7.608092039901087e-07,1.3732814632323955e-12,0.0018925640814477,-0.09810743591855231,1
